timestep,imu0_w,imu0_x,imu0_y,imu0_z,imu1_w,imu1_x,imu1_y,imu1_z,imu2_w,imu2_x,imu2_y,imu2_z,imu3_w,imu3_x,imu3_y,imu3_z,imu4_w,imu4_x,imu4_y,imu4_z,imu5_w,imu5_x,imu5_y,imu5_z
0,0.987342,-0.021094,0.07491,-0.138171,0.834509,0.217905,0.45174,0.228092,0.933692,0.139461,-0.224081,0.241952,0.978372,0.122794,0.109564,-0.125251,0.975521,0.028941,0.132253,0.173241,0.982008,-0.002982,0.137041,-0.129826
1,0.9874435384615384,-0.02111246153846154,0.07469538461538462,-0.1375563846153846,0.8347751538461539,0.218165,0.4514653846153846,0.22741046153846153,0.9340004615384615,0.139361,-0.22351946153846153,0.2413366153846154,0.9783050769230769,0.12288784615384615,0.109304,-0.12590946153846153,0.9756463846153846,0.029296384615384613,0.13205607692307691,0.17262638461538463,0.9819395384615385,-0.0026312307692307694,0.13691792307692308,-0.13047676923076923
2,0.9875407692307692,-0.021132,0.07447323076923078,-0.13697407692307692,0.8350375384615385,0.21839592307692307,0.45120961538461535,0.2267326923076923,0.9343062307692308,0.13924107692307694,-0.2229493076923077,0.24074976923076924,0.9782456923076923,0.1229396923076923,0.10905961538461538,-0.12653346153846154,0.9757636923076923,0.02962,0.13186884615384614,0.17204946153846154,0.9818753846153846,-0.0023063076923076926,0.13679376923076925,-0.13109200000000001
3,0.9876346153846154,-0.021142153846153845,0.07424507692307693,-0.1364173076923077,0.8353004615384615,0.21859346153846154,0.45096253846153844,0.22606546153846155,0.9346117692307693,0.13908953846153846,-0.22237176923076923,0.24018592307692307,0.9781923076923077,0.1229563076923077,0.1088253076923077,-0.1271313076923077,0.9758760000000001,0.02991030769230769,0.13168823076923075,0.17149976923076923,0.9818146153846153,-0.002010923076923077,0.1366703846153846,-0.13168000000000002
4,0.9877277692307692,-0.021140307692307694,0.07401107692307693,-0.13586707692307692,0.8355670769230769,0.21876915384615384,0.45071384615384613,0.22540546153846155,0.934921,0.1389063846153846,-0.22178846153846152,0.23962699999999998,0.9781409230769231,0.12295184615384616,0.1085966923076923,-0.1277230769230769,0.9759873846153847,0.030178153846153848,0.13151184615384617,0.17095646153846156,0.9817540769230769,-0.0017363846153846155,0.13655292307692307,-0.13226023076923077
5,0.9878354615384615,-0.021163384615384615,0.07376184615384615,-0.13521784615384616,0.8358378461538462,0.21903069230769232,0.4504423076923077,0.2246900769230769,0.9352509999999999,0.13875023076923076,-0.22120307692307692,0.23896699999999998,0.9780701538461539,0.12299030769230769,0.10837361538461537,-0.12841384615384616,0.9761112307692308,0.030509692307692307,0.1313403076923077,0.17032107692307694,0.9816748461538461,-0.0014002307692307693,0.13647215384615383,-0.13293253846153846
6,0.9879474615384616,-0.021161846153846153,0.07348123076923077,-0.13455138461538463,0.8360913846153846,0.21930761538461538,0.4502052307692308,0.22394946153846154,0.935581,0.13864576923076924,-0.22059492307692308,0.23829776923076923,0.9779876923076923,0.12306630769230768,0.1081763846153846,-0.12913107692307693,0.9762363076923077,0.030851076923076922,0.1311816923076923,0.16966169230769232,0.9815876153846154,-0.0010523846153846152,0.13641723076923076,-0.1336306923076923
7,0.988054,-0.021139923076923077,0.07318161538461539,-0.13393407692307693,0.8363213846153845,0.21957607692307693,0.44999946153846154,0.22323946153846155,0.935899076923077,0.13856115384615386,-0.21996646153846156,0.23767853846153847,0.9779119230769231,0.12311823076923077,0.10799446153846154,-0.12980569230769232,0.9763505384615385,0.03118069230769231,0.13104476923076924,0.16904707692307694,0.981504923076923,-0.0007262307692307694,0.13637684615384615,-0.1342806923076923
8,0.9881543076923076,-0.021104076923076923,0.072873,-0.13336576923076923,0.8365267692307692,0.21982838461538462,0.4498226923076923,0.22257746153846156,0.9362072307692307,0.13847176923076923,-0.21932923076923078,0.23710484615384614,0.977847,0.12312361538461539,0.10782,-0.1304349230769231,0.9764548461538461,0.03148223076923077,0.1309232307692308,0.16848092307692308,0.9814292307692307,-0.00043546153846153865,0.13633915384615386,-0.13487653846153844
9,0.9882558461538461,-0.02106946153846154,0.072573,-0.13277961538461538,0.8367106153846153,0.2200653076923077,0.44967115384615386,0.22195976923076924,0.9365233846153846,0.1383356153846154,-0.21871538461538462,0.2365040769230769,0.977787,0.1230766923076923,0.10764,-0.13107953846153847,0.9765640769230769,0.03172838461538462,0.1307893846153846,0.16790553846153847,0.9813553846153846,-0.00018776923076923083,0.13627992307692308,-0.13547423076923076
10,0.9883442307692307,-0.021057,0.07228961538461538,-0.13227792307692307,0.8368778461538462,0.22026069230769232,0.4495126923076923,0.22145353846153848,0.9368215384615385,0.13817938461538462,-0.21810707692307693,0.23597323076923077,0.9777387692307693,0.1230263076923077,0.10744823076923077,-0.131639,0.9766643076923077,0.031868615384615384,0.13063615384615385,0.167416,0.9812960769230769,-2.7307692307692417e-05,0.13620684615384615,-0.13597223076923076
11,0.9884306923076923,-0.02104746153846154,0.07199192307692308,-0.13179576923076924,0.8370330769230769,0.22045607692307692,0.44936453846153845,0.22097261538461538,0.9371172307692308,0.13803384615384615,-0.21748646153846155,0.23545661538461538,0.9776895384615385,0.12298661538461539,0.10727038461538461,-0.13218392307692306,0.9767593846153846,0.032025692307692304,0.13049784615384616,0.16693969230769232,0.9812365384615385,0.00013823076923076896,0.1361497692307692,-0.13645776923076924
12,0.9885154615384615,-0.02102923076923077,0.0716756153846154,-0.1313353846153846,0.8371753076923077,0.2206462307692308,0.44923576923076924,0.2205063076923077,0.9374073076923077,0.13791076923076923,-0.21684984615384614,0.23496161538461538,0.9776403846153846,0.12294876923076924,0.10710869230769231,-0.13271346153846153,0.9768484615384615,0.03220969230769231,0.13037830769230768,0.16647646153846155,0.9811764615384616,0.0003186923076923076,0.13610484615384613,-0.13693546153846153
13,0.988597,-0.02099,0.071341,-0.13091,0.837303,0.220817,0.449135,0.220054,0.937685,0.13782,-0.216196,0.234507,0.977595,0.122898,0.106961,-0.133215,0.97693,0.032412,0.130276,0.166038,0.981118,0.000511,0.136061,-0.137397
14,0.9886723846153846,-0.020961538461538462,0.07103176923076923,-0.13050923076923077,0.8374306923076923,0.2209616153846154,0.4490257692307692,0.2196463076923077,0.9379603846153846,0.1376923076923077,-0.21555215384615384,0.23407546153846154,0.9775596153846153,0.12281492307692307,0.10679561538461538,-0.1336826923076923,0.9770084615384615,0.032609692307692305,0.13015292307692308,0.16563261538461538,0.9810687692307692,0.0007017692307692305,0.13597484615384614,-0.13783161538461539
15,0.9887472307692308,-0.02094923076923077,0.07072630769230769,-0.13010953846153847,0.8375551538461539,0.221089,0.4489213846153846,0.2192563846153846,0.9382406153846153,0.1375253076923077,-0.21491153846153846,0.23364015384615383,0.9775253076923077,0.12272484615384616,0.10663561538461538,-0.13414176923076923,0.977088,0.032769692307692305,0.1300223076923077,0.16523530769230768,0.9810216923076923,0.0008602307692307692,0.13588061538461538,-0.1382576153846154
16,0.9888203076923077,-0.020943846153846153,0.07041230769230769,-0.12972753846153848,0.8376717692307691,0.221197,0.44883323076923076,0.21888176923076924,0.9385204615384615,0.13734207692307693,-0.21425938461538463,0.2332223076923077,0.9774945384615384,0.1226166923076923,0.10649207692307693,-0.13457715384615385,0.9771643076923077,0.03290123076923077,0.12989615384615386,0.16485776923076922,0.9809776923076923,0.0009949999999999998,0.13578476923076924,-0.13866299999999998
17,0.9888908461538461,-0.020937076923076923,0.07008061538461538,-0.12937384615384614,0.837777923076923,0.22128276923076923,0.44876946153846153,0.21851938461538462,0.9387963846153846,0.13715976923076922,-0.21358507692307693,0.23283630769230768,0.977468923076923,0.1224816923076923,0.10637276923076923,-0.13497992307692308,0.9772343846153846,0.03301653846153846,0.12978307692307692,0.16450715384615383,0.9809370769230769,0.001114076923076923,0.13569261538461538,-0.13904053846153847
18,0.9889593076923077,-0.02091784615384615,0.06972676923076923,-0.1290423076923077,0.8378771538461538,0.22133046153846156,0.44873407692307693,0.21816323076923078,0.9390702307692308,0.13697746153846155,-0.21288584615384615,0.23247938461538462,0.9774481538461538,0.12230861538461538,0.10628046153846153,-0.13535915384615385,0.9772982307692308,0.03315192307692308,0.12968384615384615,0.1641786923076923,0.9808978461538462,0.0012248461538461538,0.13560876923076923,-0.13939592307692308
19,0.9890296153846153,-0.020902307692307692,0.06933661538461539,-0.12871323076923077,0.8379628461538461,0.22138184615384615,0.4487239230769231,0.21780215384615387,0.9393508461538461,0.13678838461538462,-0.2121576923076923,0.23212,0.9774243076923077,0.12212999999999999,0.10622076923076923,-0.135739,0.9773583846153846,0.03327746153846154,0.12960615384615384,0.16385576923076925,0.9808561538461539,0.0013146923076923077,0.13555507692307692,-0.13974023076923078
20,0.9890988461538461,-0.020886153846153846,0.06892930769230769,-0.12840284615384615,0.8380393846153846,0.22142607692307692,0.4487293076923077,0.21745176923076925,0.9396304615384615,0.13659607692307693,-0.21141807692307693,0.23177576923076923,0.9774031538461538,0.12193538461538461,0.10617615384615385,-0.13610323076923075,0.9774145384615385,0.033388615384615385,0.12953961538461536,0.16354961538461538,0.9808157692307693,0.0013839230769230769,0.13551507692307693,-0.14006176923076924
21,0.9891659230769231,-0.020869846153846155,0.06851884615384615,-0.1281113076923077,0.8381092307692307,0.2214633076923077,0.4487431538461539,0.21711669230769232,0.9399052307692308,0.1364066923076923,-0.21067807692307694,0.231449,0.9773860769230769,0.12172553846153847,0.10613215384615385,-0.13645092307692308,0.9774679230769231,0.033492,0.12947623076923076,0.163259,0.9807779230769231,0.0014425384615384615,0.13547676923076923,-0.14036238461538464
22,0.9892305384615385,-0.020859076923076925,0.06812807692307692,-0.12782284615384615,0.8381753846153845,0.22150484615384616,0.4487539230769231,0.21679515384615386,0.9401713846153846,0.13623515384615384,-0.20995346153846156,0.231129,0.9773714615384616,0.12151323076923078,0.10606292307692307,-0.13679553846153847,0.9775225384615385,0.033612,0.1294023846153846,0.162969,0.9807425384615385,0.001520230769230769,0.1354206153846154,-0.1406593076923077
23,0.9892972307692308,-0.020855230769230772,0.06776776923076923,-0.1274949230769231,0.8382463846153846,0.22159346153846154,0.4487466923076923,0.2164459230769231,0.9404375384615384,0.13607053846153846,-0.20925446153846153,0.23077507692307692,0.9773485384615385,0.12136253846153847,0.10595146153846154,-0.1371796153846154,0.9775854615384615,0.033768,0.12930776923076923,0.1626333076923077,0.9807036923076923,0.0016304615384615385,0.13534784615384615,-0.14099846153846154
24,0.9893683076923077,-0.02085353846153846,0.06744084615384616,-0.12711415384615385,0.8383243846153846,0.22174684615384616,0.44871715384615385,0.21604792307692308,0.940706923076923,0.13590992307692307,-0.208586,0.23037723076923078,0.9773154615384615,0.12127453846153846,0.10579284615384615,-0.13761376923076923,0.9776594615384615,0.03396261538461538,0.12918776923076924,0.16224038461538462,0.980658923076923,0.0017876923076923078,0.13525846153846155,-0.14139492307692308
25,0.9894421538461539,-0.020852076923076925,0.06714292307692307,-0.12669553846153844,0.8384071538461538,0.2219503076923077,0.4486706153846154,0.21561323076923075,0.9409766153846154,0.13575446153846155,-0.20794269230769233,0.2299496153846154,0.9772762307692308,0.12122607692307692,0.10559646153846154,-0.13808323076923076,0.9777416153846155,0.03420546153846154,0.12905076923076925,0.1618006923076923,0.9806102307692307,0.0019849230769230773,0.13515253846153846,-0.14183315384615383
26,0.989516,-0.020849,0.066866,-0.126264,0.838491,0.222178,0.448616,0.215164,0.941242,0.135606,-0.207315,0.229515,0.977237,0.121183,0.105378,-0.138564,0.977827,0.034507,0.12891,0.161333,0.980561,0.002208,0.135031,-0.142287
27,0.9895906153846153,-0.020842076923076925,0.06662061538461538,-0.1258132307692308,0.8385886923076923,0.22241030769230768,0.44854061538461537,0.21470169230769232,0.9415058461538461,0.1354606153846154,-0.20670884615384613,0.22906576923076924,0.977197,0.12116223076923077,0.10511261538461539,-0.13906553846153846,0.9779177692307692,0.03481315384615385,0.12875,0.16084684615384617,0.9805117692307692,0.0024426153846153842,0.1348840769230769,-0.14275623076923077
28,0.9896652307692307,-0.020827076923076924,0.06633807692307692,-0.12537807692307693,0.8386713076923077,0.22262484615384617,0.44849753846153845,0.2142453076923077,0.941774,0.1353033846153846,-0.20607576923076923,0.22862676923076924,0.977157,0.121121,0.104879,-0.13955792307692308,0.9780031538461538,0.035084846153846154,0.128611,0.16037792307692308,0.980462,0.0026422307692307687,0.13476246153846153,-0.14320876923076922
29,0.9897398461538461,-0.020807384615384616,0.06602176923076923,-0.12495792307692308,0.8387428461538462,0.2228206923076923,0.4484803076923077,0.21379607692307692,0.9420452307692307,0.1351426153846154,-0.20541700000000002,0.22819707692307692,0.9771179230769231,0.12105438461538462,0.10467776923076924,-0.14004023076923078,0.9780834615384615,0.03533130769230769,0.12849607692307694,0.15992499999999998,0.9804113846153846,0.0028126923076923077,0.134664,-0.14364492307692306
30,0.9898143076923077,-0.020785076923076923,0.06567738461538461,-0.12455192307692307,0.838807,0.22299784615384616,0.44848238461538464,0.21335500000000002,0.9423181538461538,0.1349836923076923,-0.20473553846153844,0.22777646153846154,0.9770807692307691,0.12095815384615384,0.10450692307692308,-0.14051146153846156,0.9781589230769231,0.03556,0.12840546153846155,0.15948746153846155,0.98036,0.0029606923076923074,0.13458453846153845,-0.14406561538461538
31,0.9898873846153846,-0.020755846153846156,0.06532123076923077,-0.12416115384615385,0.838867,0.22315630769230768,0.44849623076923073,0.212925,0.9425896923076923,0.13482061538461537,-0.20404092307692306,0.22737107692307693,0.9770484615384615,0.12081969230769231,0.10435615384615385,-0.14096607692307692,0.9782281538461538,0.035769999999999996,0.12833007692307694,0.15907207692307693,0.98031,0.0030976153846153844,0.13450992307692308,-0.1444717692307692
32,0.9899623076923076,-0.020735846153846153,0.06497984615384615,-0.12374392307692308,0.838927,0.22334615384615386,0.44850146153846154,0.21247776923076922,0.9428630769230769,0.13465753846153847,-0.20336415384615383,0.2269410769230769,0.9770130769230769,0.12069353846153846,0.10419061538461538,-0.14144099999999998,0.9783023076923076,0.035987384615384616,0.12823992307692308,0.15863761538461538,0.9802581538461538,0.003245,0.13442607692307693,-0.14489761538461537
33,0.9900365384615384,-0.020713923076923078,0.0646433076923077,-0.12333123076923076,0.8389862307692307,0.22353846153846155,0.4485053076923077,0.21203315384615384,0.9431346153846154,0.13449023076923078,-0.20268953846153845,0.22651607692307693,0.9769780769230769,0.12057392307692308,0.10401869230769231,-0.141911,0.9783765384615385,0.03620084615384615,0.12814492307692307,0.15820876923076924,0.980207,0.0033907692307692306,0.13434223076923077,-0.14531761538461538
34,0.9901094615384615,-0.020687923076923076,0.06431253846153846,-0.12292707692307692,0.8390485384615385,0.2237253846153846,0.44850315384615386,0.21159453846153847,0.9434032307692308,0.13431915384615384,-0.202016,0.22610023076923078,0.9769439230769231,0.12046038461538462,0.10384053846153846,-0.14237269230769228,0.9784474615384616,0.036407923076923074,0.12805846153846154,0.15779461538461537,0.9801566923076923,0.0035370769230769227,0.13425900000000002,-0.14572976923076922
35,0.9901817692307692,-0.02066253846153846,0.06400023076923077,-0.12251246153846154,0.8391262307692308,0.2239123076923077,0.4484739230769231,0.21115223076923076,0.9436693846153846,0.13414992307692308,-0.201356,0.2256763846153846,0.9769085384615385,0.1203573076923077,0.10364823076923077,-0.14284115384615384,0.9785097692307693,0.03661253846153846,0.12801076923076923,0.1573976923076923,0.9801051538461538,0.003702461538461538,0.134169,-0.14615361538461538
36,0.9902533846153846,-0.020636461538461538,0.06372738461538462,-0.1220756923076923,0.839224,0.22411376923076923,0.4484024615384615,0.21069884615384615,0.9439313846153846,0.1339910769230769,-0.2007243846153846,0.22523800000000002,0.9768731538461539,0.12027015384615385,0.1034136923076923,-0.14332623076923076,0.9785762307692308,0.03683307692307693,0.12794715384615385,0.15698623076923077,0.9800536153846154,0.0038906923076923077,0.13405615384615385,-0.14659961538461538
37,0.9903244615384615,-0.020605692307692308,0.06347184615384614,-0.12163692307692307,0.8393276923076923,0.22431915384615383,0.44831892307692306,0.21024423076923077,0.9441901538461539,0.13383015384615385,-0.20010469230769232,0.22480123076923078,0.9768382307692308,0.12019261538461538,0.10315876923076922,-0.14381223076923078,0.9786431538461539,0.037059076923076924,0.1278753076923077,0.1565736153846154,0.980002076923077,0.004087461538461539,0.133932,-0.14705130769230768
38,0.9903936153846153,-0.020571846153846152,0.06321776923076923,-0.12121323076923077,0.8394266923076923,0.22452123076923078,0.4482410769230769,0.20979976923076923,0.9444452307692308,0.13366823076923076,-0.19948161538461537,0.22437976923076924,0.9768045384615385,0.12012146153846154,0.10290123076923077,-0.14428353846153846,0.9787066153846153,0.03728407692307693,0.12780769230769232,0.15617676923076923,0.9799516923076923,0.004286153846153847,0.13380961538461536,-0.14749153846153845
39,0.990459,-0.020538,0.062947,-0.120824,0.839509,0.224712,0.448188,0.209379,0.944696,0.133509,-0.198837,0.223989,0.976773,0.120053,0.102662,-0.144722,0.978762,0.037501,0.12776,0.155816,0.979904,0.00448,0.133705,-0.1479
40,0.9905305384615385,-0.020504923076923077,0.06270469230769231,-0.12036938461538463,0.8396220769230769,0.22492507692307692,0.4480833846153846,0.20892130769230768,0.9449544615384615,0.13334515384615384,-0.19822776923076924,0.22353592307692308,0.976733,0.1200106923076923,0.10238353846153847,-0.14522507692307693,0.9788335384615385,0.037727923076923076,0.12767076923076923,0.15538523076923078,0.9798486153846154,0.004694615384615385,0.133575,-0.14837615384615385
41,0.9906010000000001,-0.02047023076923077,0.062452153846153845,-0.11992446153846155,0.839733,0.22512307692307693,0.44798469230769233,0.2084733076923077,0.9452102307692307,0.1331953076923077,-0.1976093846153846,0.22308984615384614,0.9766935384615385,0.11996192307692308,0.10211153846153846,-0.14572276923076924,0.978904,0.03795915384615385,0.1275799230769231,0.15495876923076923,0.9797932307692307,0.0049027692307692305,0.13345307692307692,-0.14884207692307694
42,0.9906703846153846,-0.02043207692307692,0.06219123076923077,-0.11949076923076923,0.8398448461538461,0.22530353846153847,0.4478876153846154,0.208035,0.9454636153846153,0.13305515384615385,-0.19698584615384615,0.22265046153846155,0.9766549230769231,0.11990607692307692,0.10184323076923077,-0.14621476923076923,0.9789730769230769,0.03818423076923077,0.12748992307692308,0.15454092307692308,0.9797384615384614,0.005100461538461538,0.13333676923076923,-0.1492983846153846
43,0.9907386153846154,-0.020389153846153845,0.06192261538461539,-0.11907053846153846,0.8399591538461538,0.22546476923076925,0.44779023076923075,0.20760676923076923,0.9457146923076923,0.13292076923076923,-0.19636007692307691,0.22221838461538462,0.9766176153846153,0.11984207692307693,0.10157715384615384,-0.1466996923076923,0.9790403076923077,0.03839446153846154,0.12740330769230768,0.1541356923076923,0.9796846923076923,0.005283692307692307,0.13322515384615383,-0.14974492307692308
44,0.9908047692307692,-0.020340692307692306,0.06163876923076923,-0.11867592307692307,0.8400706923076923,0.22560246153846153,0.44770253846153846,0.20719446153846152,0.9459616153846154,0.13278846153846152,-0.19573084615384614,0.22180223076923078,0.9765837692307693,0.11976284615384616,0.1013186923076923,-0.1471666153846154,0.9791033846153846,0.03857907692307692,0.12732638461538462,0.1537526153846154,0.9796316153846153,0.005440615384615384,0.1331266923076923,-0.15017415384615385
45,0.9908715384615385,-0.020289153846153846,0.06136476923076923,-0.11827146153846153,0.8401902307692307,0.2257376923076923,0.4476056153846154,0.20677353846153845,0.9462054615384615,0.1326616923076923,-0.19511946153846152,0.2213743846153846,0.9765505384615385,0.11967807692307693,0.10104423076923076,-0.14764584615384616,0.9791701538461538,0.03875876923076923,0.12723346153846155,0.15335661538461537,0.9795773076923077,0.0055993846153846154,0.1330159230769231,-0.15061876923076922
46,0.9909376923076924,-0.020234923076923077,0.06109553846153846,-0.11786415384615385,0.8403106153846154,0.225875,0.44750753846153846,0.20634584615384616,0.9464481538461539,0.13253746153846155,-0.19451523076923077,0.22094284615384616,0.9765174615384615,0.11958884615384616,0.10076076923076922,-0.14813007692307692,0.979239,0.038936846153846155,0.12713038461538462,0.15295507692307692,0.9795234615384616,0.005758230769230769,0.1328966923076923,-0.15106761538461538
47,0.9910026153846154,-0.02017923076923077,0.060824,-0.117464,0.8404252307692308,0.22601192307692308,0.4474190769230769,0.20591846153846152,0.9466892307692307,0.13241761538461538,-0.19390815384615387,0.22051730769230768,0.9764853076923077,0.11949315384615385,0.10047692307692307,-0.1486096153846154,0.9793076153846154,0.03911207692307692,0.1270240769230769,0.152558,0.9794713076923077,0.005910846153846154,0.13277515384615385,-0.1515079230769231
48,0.9910656923076923,-0.020125384615384614,0.060534000000000004,-0.11709399999999999,0.8405213846153846,0.22613653846153844,0.44736446153846154,0.20551076923076925,0.9469253846153847,0.1323106923076923,-0.19327892307692307,0.22011884615384616,0.9764568461538462,0.11938392307692308,0.10021153846153846,-0.14906269230769228,0.9793706923076924,0.03927746153846154,0.12692946153846155,0.15218800000000002,0.9794228461538461,0.006040076923076923,0.13266592307692307,-0.15191253846153846
49,0.9911287692307692,-0.020079153846153844,0.06023984615384616,-0.11671638461538461,0.8406126923076923,0.22627223076923075,0.44731053846153845,0.20510307692307694,0.9471615384615385,0.13221761538461538,-0.1926503846153846,0.21970861538461536,0.9764263076923078,0.11928092307692308,0.09994061538461539,-0.14952684615384615,0.9794372307692308,0.03944215384615385,0.1268293076923077,0.15180276923076924,0.9793723076923077,0.006175538461538462,0.13256084615384614,-0.15232546153846152
50,0.9911904615384616,-0.02003146153846154,0.059935076923076924,-0.11635638461538461,0.8406946923076923,0.2264026923076923,0.4472700769230769,0.20471015384615385,0.947394,0.13213669230769232,-0.19201130769230768,0.2193136923076923,0.976396923076923,0.11917538461538461,0.09967646153846153,-0.149977,0.9795,0.03961415384615385,0.12673592307692308,0.15143153846153848,0.9793224615384616,0.006314,0.13246315384615384,-0.152725
51,0.9912526153846154,-0.019982,0.05962953846153846,-0.11599207692307692,0.8407763846153846,0.22653715384615383,0.4472288461538461,0.20431576923076925,0.9476263076923077,0.1320596153846154,-0.19137300000000002,0.21891438461538462,0.9763666153846154,0.11907253846153847,0.09940846153846154,-0.15043223076923076,0.979563,0.039797307692307694,0.12663984615384616,0.15105507692307693,0.9792711538461538,0.006464153846153846,0.13236384615384614,-0.15313253846153846
52,0.991318,-0.019932,0.059338,-0.115589,0.840871,0.226691,0.447165,0.203895,0.947864,0.131975,-0.190753,0.218479,0.976332,0.118981,0.09912,-0.150923,0.979633,0.039995,0.126526,0.150642,0.979215,0.006638,0.13225,-0.153581
53,0.9913818461538462,-0.01988892307692308,0.059043384615384616,-0.1152013076923077,0.8409594615384616,0.22684253846153846,0.4471057692307692,0.20349192307692307,0.9480993846153846,0.131885,-0.19012223076923077,0.21805976923076922,0.976298923076923,0.11888176923076924,0.09884230769230769,-0.15139453846153847,0.9796991538461538,0.040189615384615386,0.126416,0.15025123076923075,0.9791611538461539,0.0068095384615384615,0.13213769230769232,-0.15401253846153845
54,0.9914456923076923,-0.019853923076923078,0.058766000000000006,-0.11480230769230769,0.8410554615384616,0.22699946153846154,0.4470276923076923,0.20309153846153846,0.9483353076923077,0.13178369230769232,-0.18950653846153845,0.21763084615384615,0.9762663846153846,0.11878576923076924,0.09855061538461539,-0.15186876923076922,0.9797685384615384,0.04037776923076923,0.1262903846153846,0.14985615384615383,0.9791078461538462,0.006984307692307692,0.13201192307692308,-0.15445
55,0.9915086153846154,-0.019824230769230768,0.05850369230769231,-0.11439723076923076,0.8411574615384615,0.22715992307692306,0.44693476923076925,0.20269323076923076,0.9485708461538461,0.13167076923076923,-0.18890284615384617,0.21719807692307694,0.9762343846153846,0.11869607692307693,0.09824615384615384,-0.152342,0.9798393076923076,0.04055853846153846,0.12615315384615383,0.14946046153846154,0.9790553846153845,0.00716076923076923,0.13187484615384615,-0.1548896923076923
56,0.9915701538461539,-0.019797615384615386,0.058253769230769234,-0.11399023076923076,0.841264,0.22732223076923078,0.44683092307692307,0.20229661538461538,0.9488053846153847,0.1315456153846154,-0.1883083076923077,0.21676600000000001,0.9762028461538461,0.11861461538461539,0.0979306923076923,-0.15281146153846153,0.9799100769230769,0.04073346153846154,0.12600823076923076,0.14906723076923076,0.979004,0.0073386153846153835,0.13172876923076923,-0.15532853846153846
57,0.9916316923076923,-0.01977376923076923,0.05801146153846154,-0.11358253846153847,0.8413740000000001,0.22748453846153846,0.4467201538461538,0.20190276923076925,0.9490392307692308,0.1314017692307692,-0.18772138461538462,0.216336,0.9761713076923076,0.11854076923076924,0.09760761538461539,-0.15327607692307693,0.9799808461538461,0.04091807692307692,0.12586053846153847,0.14867953846153847,0.978954,0.00752476923076923,0.13157646153846153,-0.15576392307692308
58,0.991692,-0.019745615384615382,0.05776607692307692,-0.11318715384615384,0.8414815384615385,0.22763576923076922,0.44661615384615383,0.20151446153846153,0.9492743076923077,0.13123207692307692,-0.18712953846153846,0.21592015384615384,0.9761428461538462,0.118454,0.09728946153846153,-0.15372346153846153,0.9800491538461539,0.04108792307692308,0.1257116153846154,0.1483066153846154,0.9789064615384615,0.007698,0.13142476923076923,-0.1561826923076923
59,0.9917523846153846,-0.019717923076923077,0.05750646153846154,-0.11279523076923076,0.8415830769230769,0.22778346153846155,0.4465246153846154,0.20112638461538462,0.9495112307692308,0.13105553846153847,-0.18652530769230768,0.21550784615384616,0.9761155384615385,0.11835169230769231,0.09698676923076922,-0.15416576923076922,0.9801160769230769,0.04124907692307692,0.12556776923076923,0.1479396923076923,0.9788587692307692,0.007858,0.13128399999999998,-0.15659269230769232
60,0.9918125384615385,-0.019692692307692307,0.057233384615384617,-0.11240815384615385,0.8416779999999999,0.2279277692307692,0.44644476923076926,0.2007426923076923,0.9497483076923078,0.13088184615384615,-0.18590823076923077,0.21510076923076923,0.9760898461538462,0.11823307692307693,0.09669846153846154,-0.15460207692307693,0.9801814615384615,0.041403076923076924,0.12542946153846155,0.14758015384615386,0.9788110769230769,0.008006307692307693,0.13115415384615384,-0.15699223076923077
61,0.9918702307692308,-0.019671153846153845,0.05696030769230769,-0.11203892307692308,0.841768,0.2280616153846154,0.4463686153846154,0.20038115384615385,0.9499798461538462,0.1307210769230769,-0.18528438461538463,0.2147146153846154,0.976069076923077,0.11809846153846154,0.09641076923076923,-0.15501746153846155,0.9802437692307692,0.04154846153846154,0.12529176923076923,0.14724092307692307,0.9787664615384616,0.008147846153846155,0.13102492307692307,-0.1573683846153846
62,0.99193,-0.019655153846153847,0.05671907692307692,-0.11163646153846155,0.8418732307692308,0.22821484615384616,0.44626061538461537,0.2000043846153846,0.9502106923076923,0.1305623846153846,-0.18469307692307693,0.21430007692307693,0.9760462307692308,0.11797007692307691,0.09608153846153847,-0.1554633076923077,0.9803136923076923,0.04170561538461538,0.12512915384615386,0.14687192307692307,0.9787211538461539,0.008300461538461538,0.13087076923076923,-0.15777153846153846
63,0.9919886153846154,-0.019637461538461538,0.05647953846153846,-0.11124138461538462,0.8419736923076924,0.2283693076923077,0.4461583076923077,0.19963376923076923,0.9504396153846154,0.13040069230769233,-0.18410307692307692,0.21389161538461537,0.9760240769230769,0.11785207692307692,0.09573523076923078,-0.15590423076923077,0.980383076923077,0.04185761538461538,0.12496330769230769,0.14650792307692306,0.9786776153846154,0.00844876923076923,0.13071107692307693,-0.1581656923076923
64,0.9920453846153846,-0.019619153846153845,0.056230923076923074,-0.11086384615384615,0.8420654615384615,0.2285166923076923,0.44607,0.19927553846153845,0.9506652307692307,0.13024538461538462,-0.1835050769230769,0.21349738461538462,0.9760039230769231,0.1177343076923077,0.09538846153846155,-0.15633084615384615,0.9804494615384616,0.04200392307692308,0.12480223076923076,0.14615892307692308,0.9786362307692308,0.008588307692307692,0.13055623076923076,-0.158541
65,0.9921,-0.019603,0.055964,-0.11051,0.842147,0.228649,0.446,0.198934,0.950886,0.13011,-0.182892,0.213122,0.975987,0.117602,0.09506,-0.156737,0.980511,0.042147,0.124653,0.145832,0.978597,0.008716,0.130417,-0.158891
66,0.9921546153846154,-0.01958376923076923,0.055677846153846154,-0.11016461538461539,0.842220076923077,0.228769,0.44594923076923076,0.19860015384615384,0.9510998461538461,0.13002461538461538,-0.18227046153846155,0.2127496923076923,0.9759708461538462,0.117442,0.09475384615384615,-0.15713853846153847,0.9805717692307692,0.04227007692307692,0.12450761538461538,0.14550969230769228,0.9785577692307693,0.008820615384615385,0.13029007692307693,-0.15922946153846154
67,0.9922103076923077,-0.01956346153846154,0.055390076923076924,-0.10981384615384616,0.8422942307692307,0.2288906153846154,0.4458973846153846,0.19826307692307693,0.9513093846153846,0.12996884615384616,-0.18166184615384615,0.21236823076923075,0.9759536153846153,0.117275,0.09444715384615385,-0.1575546153846154,0.9806346923076923,0.04238884615384615,0.12435846153846154,0.14517715384615384,0.9785174615384615,0.008923615384615384,0.1301599230769231,-0.15957707692307693
68,0.9922670769230769,-0.01954176923076923,0.0551133076923077,-0.10944661538461539,0.8423756153846154,0.2290196923076923,0.44583184615384613,0.1979163076923077,0.9515167692307692,0.1299226923076923,-0.18107692307692308,0.21196776923076924,0.9759328461538461,0.11711946153846153,0.09411530769230769,-0.1579969230769231,0.9807025384615384,0.042508846153846154,0.12419476923076923,0.14482361538461538,0.9784754615384615,0.009034846153846154,0.13001638461538462,-0.15994523076923078
69,0.9923241538461538,-0.019518538461538462,0.05485015384615385,-0.1090653076923077,0.8424643076923077,0.22915576923076922,0.4457512307692308,0.19756184615384614,0.9517231538461538,0.1298713846153846,-0.180515,0.211551,0.9759079230769231,0.1169863076923077,0.09375223076923077,-0.15846238461538462,0.980774923076923,0.042632461538461536,0.12401530769230769,0.14445184615384615,0.9784323076923077,0.009157615384615384,0.1298573076923077,-0.16033184615384616
70,0.9923756923076923,-0.019493923076923075,0.05455169230769231,-0.10874838461538462,0.8425273846153846,0.22926346153846153,0.44571353846153844,0.1972503076923077,0.9519246923076923,0.12981523076923077,-0.17991500000000002,0.211191,0.9758871538461538,0.11685938461538461,0.09344453846153845,-0.15886623076923076,0.9808341538461538,0.04274707692307692,0.12386838461538462,0.1441403076923077,0.9783953846153847,0.00926376923076923,0.12972038461538463,-0.16066030769230769
71,0.9924266153846154,-0.019472384615384614,0.054252615384615385,-0.10843638461538462,0.8425953846153846,0.22935453846153844,0.4456709230769231,0.19695046153846155,0.9521243846153846,0.12975415384615385,-0.17931869230769232,0.21083284615384615,0.9758688461538461,0.1167096923076923,0.09315592307692308,-0.1592596153846154,0.9808927692307692,0.04285369230769231,0.12372084615384615,0.14383738461538462,0.9783609230769231,0.009355153846153846,0.12957976923076925,-0.16098076923076923
72,0.9924773846153846,-0.019451615384615387,0.053961461538461535,-0.1081186923076923,0.8426726923076923,0.22943492307692306,0.44561476923076926,0.1966539230769231,0.9523232307692308,0.12969261538461538,-0.17873446153846154,0.21046746153846155,0.9758511538461538,0.11654546153846154,0.09286938461538462,-0.15965500000000002,0.9809539230769231,0.04293638461538462,0.123562,0.1435316153846154,0.9783270769230769,0.009432846153846155,0.12943015384615386,-0.1613026923076923
73,0.992528,-0.019429769230769233,0.05367576923076923,-0.10779823076923077,0.8427585384615385,0.22950246153846154,0.44554692307692306,0.1963613076923077,0.952521076923077,0.12963230769230769,-0.17816015384615383,0.210097,0.9758343846153846,0.11636715384615384,0.09258415384615384,-0.1600513076923077,0.9810173076923077,0.042992538461538464,0.12339338461538461,0.14322423076923077,0.9782936923076923,0.009496076923076923,0.12927384615384616,-0.16162453846153846
74,0.992578,-0.019403615384615387,0.053379615384615386,-0.10749438461538462,0.8428462307692308,0.22954476923076925,0.4454815384615385,0.19608284615384616,0.9527164615384616,0.12957384615384615,-0.17758092307692305,0.209737,0.9758213076923077,0.11616792307692309,0.09231492307692307,-0.16043284615384615,0.9810788461538461,0.04303023076923077,0.1232303076923077,0.14293038461538463,0.9782621538461538,0.009541461538461539,0.12912307692307692,-0.16193223076923077
75,0.9926266153846154,-0.01937123076923077,0.05305784615384616,-0.10720853846153847,0.842933923076923,0.22955592307692307,0.4454286153846154,0.1958126923076923,0.9529083846153846,0.12954861538461537,-0.17698023076923078,0.20939015384615384,0.9758096153846154,0.11595138461538461,0.09207061538461539,-0.16080053846153847,0.9811362307692307,0.04307,0.12308661538461539,0.1426496923076923,0.978229923076923,0.009577846153846154,0.12899307692307693,-0.16222676923076923
76,0.992676,-0.01933953846153846,0.05273184615384616,-0.10691453846153845,0.843029,0.2295603846153846,0.4453673846153846,0.19553607692307692,0.9531008461538462,0.12953399999999998,-0.17637346153846153,0.20903461538461537,0.9757957692307693,0.11573061538461538,0.09183276923076923,-0.16117776923076924,0.9811940769230769,0.04311784615384615,0.12294507692307692,0.14235984615384614,0.9781957692307692,0.009622,0.12886769230769232,-0.16253092307692307
77,0.992726,-0.019309692307692305,0.05240423076923077,-0.10661561538461538,0.8431294615384616,0.22956223076923077,0.4452996923076923,0.19525407692307695,0.9532934615384615,0.12952907692307694,-0.17575961538461538,0.20867484615384616,0.9757801538461538,0.1155126923076923,0.09159969230769231,-0.16156007692307692,0.9812520769230769,0.04317184615384615,0.12280376923076923,0.14206453846153846,0.9781601538461538,0.009673615384615385,0.12874453846153847,-0.16284153846153845
78,0.992776,-0.019282,0.052075,-0.106321,0.843231,0.229563,0.445232,0.194971,0.953485,0.129536,-0.175135,0.208321,0.975764,0.115305,0.091372,-0.161937,0.981309,0.043228,0.122663,0.141773,0.978124,0.009729,0.128623,-0.16315
79,0.9928267692307692,-0.019256615384615382,0.05177115384615385,-0.10599638461538462,0.8433371538461538,0.22959684615384615,0.44515200000000005,0.1946556153846154,0.9536773076923077,0.12953830769230767,-0.17453346153846155,0.20794330769230768,0.9757416923076924,0.11513038461538462,0.09111353846153847,-0.16234007692307692,0.9813736153846153,0.04329184615384615,0.12249992307692308,0.14145223076923077,0.9780855384615385,0.00980053846153846,0.1284806923076923,-0.16348692307692309
80,0.992877,-0.019236615384615383,0.05146569230769231,-0.1056776923076923,0.8434314615384616,0.22964792307692308,0.44508438461538463,0.19433915384615386,0.953868,0.12954761538461537,-0.1739276153846154,0.20757153846153847,0.9757193846153847,0.11496330769230768,0.09086046153846154,-0.162734,0.9814355384615384,0.043361076923076926,0.12234276923076923,0.14113846153846155,0.9780476153846154,0.009875846153846153,0.12834376923076923,-0.16381684615384615
81,0.9929282307692308,-0.019221076923076924,0.05117184615384616,-0.10534153846153846,0.8435243846153846,0.2297236153846154,0.4450128461538462,0.1940086923076923,0.9540604615384616,0.12954976923076922,-0.17333192307692308,0.20718446153846154,0.9756946153846153,0.11480592307692307,0.090598,-0.1631403076923077,0.9814993846153847,0.043439384615384616,0.12217984615384615,0.14080984615384615,0.9780074615384615,0.00996323076923077,0.12820115384615385,-0.16416253846153844
82,0.9929813846153845,-0.019209076923076926,0.050900153846153845,-0.10497292307692307,0.8436236153846154,0.22982884615384613,0.44492446153846155,0.19365676923076924,0.9542564615384616,0.12953715384615383,-0.17275723076923077,0.20676823076923076,0.9756658461538462,0.11466007692307692,0.09031415384615385,-0.16357315384615384,0.9815684615384616,0.043529307692307694,0.12200192307692308,0.14045223076923077,0.9779635384615384,0.010068692307692306,0.12804384615384617,-0.16453876923076924
83,0.9930352307692307,-0.019199846153846154,0.05066169230769231,-0.10458215384615385,0.8437297692307693,0.2299673076923077,0.4448090769230769,0.19329446153846155,0.9544510769230768,0.12952869230769232,-0.17220953846153847,0.20633053846153848,0.9756343076923077,0.11453084615384615,0.0899956923076923,-0.16402469230769232,0.981643076923077,0.043632384615384615,0.12180115384615384,0.14007453846153847,0.9779189230769231,0.010195615384615383,0.1278623076923077,-0.16493646153846153
84,0.9930878461538462,-0.01919,0.050417076923076926,-0.10420307692307693,0.8438248461538462,0.23011253846153845,0.444706,0.19294323076923076,0.9546401538461539,0.12955592307692307,-0.17164584615384615,0.205907,0.975604,0.11440284615384615,0.08967538461538462,-0.16446761538461538,0.981714,0.043739153846153844,0.12161084615384615,0.1397066923076923,0.9778743076923077,0.010324384615384615,0.1276936923076923,-0.1653236923076923
85,0.9931428461538462,-0.019174615384615387,0.05016669230769231,-0.1038,0.8439190769230769,0.2302763846153846,0.44460484615384616,0.19256746153846155,0.9548324615384616,0.1295943846153846,-0.17107892307692307,0.20546161538461538,0.9755674615384615,0.11428784615384616,0.08936076923076923,-0.16493338461538462,0.981789,0.043848384615384615,0.12141661538461539,0.1393136153846154,0.9778243076923078,0.010458615384615384,0.1275283076923077,-0.1657386923076923
86,0.9931996153846153,-0.019156153846153847,0.04991192307692308,-0.10337923076923078,0.8440141538461539,0.23045053846153846,0.44450330769230767,0.1921753076923077,0.9550281538461538,0.12963423076923075,-0.1705086153846154,0.20500053846153846,0.9755266923076923,0.11417923076923077,0.08905492307692307,-0.165414,0.9818666923076923,0.043962538461538456,0.12122015384615385,0.1389026923076923,0.9777703076923077,0.010598615384615383,0.12736307692307694,-0.166175
87,0.9932526923076923,-0.019146923076923075,0.04965653846153847,-0.10299538461538463,0.8441049230769231,0.23059823076923078,0.4444048461538461,0.19182684615384615,0.9552189230769231,0.12967038461538463,-0.1699216923076923,0.20457823076923076,0.9754951538461538,0.1140453846153846,0.08875953846153846,-0.165854,0.9819351538461538,0.04409023076923077,0.12104092307692309,0.13853115384615386,0.977721846153846,0.010741692307692306,0.12719846153846154,-0.166575
88,0.9933009230769231,-0.019132846153846157,0.049422615384615384,-0.10264753846153847,0.844197076923077,0.2307223846153846,0.44430223076923075,0.19151023076923077,0.9554055384615384,0.1296483846153846,-0.16934446153846153,0.20419607692307692,0.9754712307692308,0.1139066923076923,0.08844407692307693,-0.1662566153846154,0.9820001538461538,0.04419230769230769,0.12085684615384616,0.13819907692307692,0.9776823846153846,0.010870923076923075,0.12701376923076924,-0.16693969230769232
89,0.9933532307692308,-0.019133,0.04920123076923077,-0.10224507692307692,0.8442990769230769,0.23088776923076923,0.44417746153846155,0.19115192307692308,0.955605076923077,0.12959592307692308,-0.16877892307692308,0.20376346153846156,0.975437076923077,0.1137993076923077,0.088119,-0.1667026153846154,0.9820726153846153,0.044316,0.12065930769230769,0.137816,0.9776346923076923,0.011021692307692305,0.12682223076923077,-0.16735584615384616
90,0.9934104615384616,-0.019134461538461538,0.048976,-0.10179430769230768,0.8444068461538461,0.23108053846153848,0.4440460769230769,0.1907493846153846,0.9558172307692308,0.12951776923076924,-0.16821446153846153,0.20328638461538462,0.9753925384615385,0.1137143076923077,0.0878016923076923,-0.16718953846153847,0.9821514615384616,0.04445623076923077,0.12045476923076923,0.1373863076923077,0.9775778461538462,0.011185538461538464,0.12663546153846153,-0.16781953846153846
91,0.993472,-0.019116,0.048726,-0.101322,0.844513,0.231269,0.443933,0.190314,0.956038,0.129417,-0.167636,0.202791,0.975341,0.113632,0.087514,-0.167698,0.982233,0.044597,0.120254,0.136934,0.977514,0.011344,0.126467,-0.168308
92,0.9935266153846154,-0.019102153846153845,0.04850215384615384,-0.10089430769230769,0.8446153076923076,0.23147284615384614,0.4438068461538462,0.1899063076923077,0.9562441538461538,0.1293239230769231,-0.1670690769230769,0.20234330769230768,0.9753063846153847,0.11348046153846153,0.0872063076923077,-0.168158,0.9823083846153846,0.04475161538461538,0.12004169230769231,0.1365293846153846,0.9774609230769231,0.011519384615384617,0.12626700000000002,-0.1687503076923077
93,0.9935747692307692,-0.01909046153846154,0.048269153846153844,-0.10053015384615384,0.844702,0.23162015384615384,0.4437108461538462,0.1895643076923077,0.9564422307692307,0.12922384615384616,-0.1664816923076923,0.20195430769230768,0.9752830769230769,0.11331276923076923,0.08691476923076923,-0.1685566153846154,0.9823740769230769,0.04486530769230769,0.11984930769230769,0.13618776923076922,0.9774202307692308,0.011635538461538463,0.12607453846153846,-0.16912153846153846
94,0.9936207692307693,-0.019078461538461537,0.04802976923076923,-0.10018984615384616,0.8447866153846154,0.23174046153846153,0.4436228461538462,0.18924523076923078,0.956638076923077,0.12911615384615385,-0.16588276923076922,0.201588,0.9752627692307693,0.11314953846153847,0.08662984615384615,-0.1689316923076923,0.9824365384615384,0.04495376923076923,0.11966576923076923,0.13586946153846155,0.9773839230769231,0.011725692307692308,0.12588623076923075,-0.16946569230769232
95,0.9936676923076923,-0.01906376923076923,0.04778630769230769,-0.09984446153846153,0.8448781538461538,0.2318553076923077,0.44352823076923076,0.18891769230769231,0.9568355384615385,0.1290033846153846,-0.16527876923076923,0.20121853846153845,0.9752396923076924,0.11300184615384615,0.08634492307692308,-0.1693113076923077,0.982500076923077,0.045033846153846153,0.1194833076923077,0.13554584615384616,0.9773461538461539,0.011817538461538463,0.12569892307692307,-0.1698153846153846
96,0.9937146153846155,-0.01904146153846154,0.047539384615384615,-0.09949907692307693,0.8449696923076923,0.2319583846153846,0.44344053846153847,0.18858461538461538,0.9570309230769231,0.12890723076923077,-0.16466646153846154,0.20085392307692307,0.9752166153846153,0.1128403076923077,0.08606415384615385,-0.1696943846153846,0.9825608461538462,0.0451423076923077,0.11930638461538462,0.1352243076923077,0.9773076923076923,0.011932923076923075,0.12550815384615385,-0.17016923076923077
97,0.9937603076923077,-0.01901546153846154,0.04728015384615385,-0.0991703076923077,0.8450606153846154,0.232043,0.44336146153846157,0.18825769230769232,0.9572250769230769,0.1288036923076923,-0.16404123076923077,0.20050653846153846,0.9751984615384616,0.11264061538461538,0.08579876923076923,-0.17006453846153846,0.9826185384615385,0.04522923076923077,0.1191386923076923,0.13492307692307692,0.9772723076923077,0.012030461538461537,0.12532292307692308,-0.17050153846153848
98,0.9938053076923077,-0.018988153846153846,0.04699746153846154,-0.09885953846153846,0.8451471538461539,0.23210838461538463,0.4432999230769231,0.18793384615384617,0.9574231538461538,0.1286733076923077,-0.16339161538461539,0.20017538461538462,0.9751834615384615,0.11241215384615384,0.08556146153846153,-0.17041876923076923,0.9826727692307693,0.04528923076923077,0.11898753846153846,0.13464153846153845,0.9772384615384615,0.012099307692307692,0.12515753846153846,-0.1708123076923077
99,0.9938494615384615,-0.018960461538461537,0.04669684615384615,-0.09856476923076923,0.8452323846153846,0.23215453846153847,0.44324976923076925,0.18761338461538463,0.9576243846153847,0.12851684615384615,-0.16272346153846154,0.19985876923076923,0.9751711538461538,0.11216353846153845,0.08534715384615384,-0.1707576923076923,0.9827241538461539,0.045328153846153844,0.11884876923076923,0.13437630769230768,0.977206,0.012144076923076924,0.12500815384615385,-0.17110492307692307
100,0.9938917692307693,-0.01893276923076923,0.046406076923076925,-0.0982786153846154,0.8453293076923076,0.23218223076923078,0.44318361538461537,0.18730030769230768,0.9578213076923078,0.12835607692307693,-0.16206576923076924,0.19955261538461538,0.9751619230769231,0.11191123076923076,0.08512792307692307,-0.17108615384615383,0.982774923076923,0.04536892307692307,0.11870261538461539,0.13411784615384614,0.9771759999999999,0.012189461538461538,0.12484892307692308,-0.17138953846153845
101,0.9939347692307692,-0.018909923076923078,0.04614369230769231,-0.09796823076923077,0.8454421538461538,0.23221546153846154,0.4430856153846154,0.18697892307692307,0.9580175384615385,0.1281876923076923,-0.16143646153846153,0.19922846153846155,0.9751492307692308,0.1116783076923077,0.08488238461538461,-0.17143469230769232,0.9828298461538462,0.04543530769230769,0.11853707692307693,0.13383792307692308,0.9771446153846154,0.012264615384615384,0.12465923076923077,-0.17170253846153846
102,0.9939783076923077,-0.018890846153846154,0.04588861538461538,-0.09765192307692308,0.8455567692307693,0.23225530769230768,0.44298638461538464,0.18664692307692307,0.9582141538461538,0.1280106153846154,-0.16081076923076923,0.19890138461538462,0.9751343076923077,0.11145907692307692,0.08463023076923076,-0.17178776923076924,0.9828866153846153,0.045501307692307695,0.11836476923076923,0.13355192307692307,0.9771126153846154,0.012340307692307692,0.12446107692307692,-0.1720219230769231
103,0.9940223846153846,-0.018873923076923076,0.04563676923076924,-0.09732676923076923,0.8456711538461539,0.2323053846153846,0.4428884615384615,0.18630107692307693,0.9584124615384615,0.12782323076923077,-0.16018815384615384,0.19856723076923077,0.9751167692307692,0.1112486923076923,0.0843746923076923,-0.17214930769230768,0.9829454615384615,0.04556538461538462,0.11818592307692308,0.13325607692307692,0.9770789230769231,0.01241553846153846,0.12425838461538462,-0.172352
104,0.994067,-0.018857,0.045386,-0.096986,0.845785,0.23237,0.44279,0.185938,0.958614,0.127624,-0.159572,0.198218,0.975096,0.111041,0.084117,-0.172527,0.983007,0.04563,0.117999,0.132943,0.977042,0.012494,0.124053,-0.172702
105,0.994110076923077,-0.018825461538461537,0.045120615384615384,-0.09667753846153847,0.8458911538461539,0.23240999999999998,0.4427123076923077,0.1855903076923077,0.9588124615384614,0.12741553846153847,-0.15894276923076925,0.19789800000000002,0.9750798461538461,0.11081253846153846,0.08387161538461538,-0.1728793076923077,0.9830646923076923,0.04569076923076923,0.11782669230769231,0.13265146153846152,0.977008923076923,0.012564,0.1238583846153846,-0.1730243076923077
106,0.9941526153846154,-0.018789615384615384,0.04485361538461538,-0.09636800000000001,0.8459956923076923,0.23245053846153846,0.44263461538461535,0.18524476923076924,0.9590076923076922,0.1272296923076923,-0.1583216153846154,0.19757046153846153,0.9750631538461538,0.11058784615384615,0.08362138461538461,-0.1732380769230769,0.9831223846153846,0.04575530769230769,0.11765276923076923,0.13235346153846153,0.9769747692307692,0.012634538461538463,0.12366592307692308,-0.17335092307692307
107,0.9941973846153846,-0.018753153846153846,0.04459515384615385,-0.09603246153846154,0.8461044615384615,0.23250853846153846,0.4425461538461538,0.18488384615384618,0.9592043076923077,0.1270510769230769,-0.1577156153846154,0.19721538461538463,0.9750406923076923,0.11038107692307692,0.08335615384615384,-0.17362515384615385,0.983185,0.04582576923076923,0.11746738461538461,0.13202623076923078,0.9769361538461538,0.012713307692307692,0.12346884615384615,-0.1737036923076923
108,0.9942456923076923,-0.018717307692307693,0.044346923076923075,-0.0956603076923077,0.8462184615384615,0.23259223076923077,0.4424456923076923,0.1844983076923077,0.959405076923077,0.126872,-0.1571243076923077,0.19682407692307693,0.9750097692307692,0.11019876923076923,0.0830743846153846,-0.17404992307692307,0.9832546153846154,0.04590153846153846,0.11726823076923078,0.13166,0.9768912307692308,0.01280253846153846,0.12326753846153847,-0.17409192307692306
109,0.9942926153846154,-0.018670384615384616,0.044066153846153845,-0.09530338461538462,0.8463130769230769,0.23267453846153846,0.4423826153846154,0.18411138461538462,0.9596058461538461,0.126722,-0.1565073846153846,0.19643484615384615,0.9749774615384615,0.11001646153846154,0.08281823076923077,-0.17446915384615386,0.9833207692307693,0.04596692307692308,0.11709053846153847,0.1313,0.9768435384615385,0.012877923076923077,0.12310292307692308,-0.17447115384615386
110,0.9943420000000001,-0.018614846153846155,0.043755230769230775,-0.09494215384615384,0.8463935384615384,0.23278084615384614,0.4423423076923077,0.18370292307692307,0.9598096923076923,0.12658984615384616,-0.15586338461538463,0.19603576923076924,0.9749402307692308,0.10983661538461538,0.08258546153846154,-0.17489946153846153,0.9833863076923077,0.04604953846153846,0.116927,0.13092523076923077,0.9767903076923077,0.012955153846153845,0.12296353846153847,-0.17485776923076923
111,0.9943912307692307,-0.01855369230769231,0.04345292307692308,-0.09457638461538462,0.8464758461538462,0.23289392307692305,0.44229615384615384,0.1832902307692308,0.9600085384615384,0.12647984615384616,-0.15523069230769232,0.19563384615384616,0.9749033076923077,0.109652,0.082342,-0.17533407692307693,0.983454,0.04613261538461538,0.11675046153846155,0.1305436923076923,0.9767372307692308,0.013041692307692306,0.12281584615384616,-0.17525123076923077
112,0.9944389230769232,-0.018491846153846154,0.04317230769230769,-0.09421238461538463,0.846564,0.2329996153846154,0.44223753846153846,0.1828893076923077,0.9602003846153846,0.1263836923076923,-0.15461869230769232,0.19523769230769233,0.9748694615384615,0.10946215384615385,0.08207861538461539,-0.175763,0.9835232307692308,0.04620984615384616,0.11655815384615385,0.13016553846153844,0.9766873846153846,0.013134923076923075,0.12264707692307693,-0.17564307692307693
113,0.9944835384615385,-0.018441076923076925,0.04291384615384616,-0.0938693076923077,0.846654,0.23307269230769231,0.44217523076923076,0.18253084615384615,0.9603873076923076,0.12627215384615387,-0.15401715384615386,0.19486615384615386,0.9748417692307693,0.10927292307692309,0.08180169230769231,-0.176163,0.9835893846153846,0.04627907692307692,0.11636892307692308,0.12981323076923076,0.9766443076923077,0.013219538461538461,0.12245246153846154,-0.17600846153846153
114,0.9945316153846153,-0.018405538461538463,0.04265330769230769,-0.09348884615384616,0.8467516153846154,0.23317207692307693,0.44209284615384614,0.18215092307692307,0.9605908461538462,0.1260913846153846,-0.1534149230769231,0.19445376923076924,0.9748057692307692,0.10910861538461539,0.08153376923076923,-0.17659,0.9836603846153846,0.04633307692307692,0.11616723076923077,0.12943600000000002,0.9765963846153847,0.013286153846153845,0.12226269230769231,-0.17640153846153844
115,0.9945768461538461,-0.018367076923076923,0.042370384615384615,-0.09314438461538462,0.8468334615384615,0.23325915384615384,0.4420354615384615,0.1817986153846154,0.9607893076923077,0.1259190769230769,-0.15278953846153848,0.19407653846153847,0.9747762307692308,0.10891707692307692,0.08129407692307693,-0.17698123076923078,0.9837245384615385,0.046373846153846154,0.11598584615384615,0.12909523076923077,0.976552076923077,0.013341076923076923,0.1220896153846154,-0.1767630769230769
116,0.9946203846153846,-0.018328076923076923,0.04208515384615384,-0.092814,0.8469104615384616,0.23334184615384615,0.44198215384615386,0.1814626153846154,0.9609826923076923,0.125761,-0.15216076923076924,0.19371561538461537,0.9747509230769231,0.10870253846153846,0.0810616923076923,-0.17735815384615386,0.9837858461538461,0.046420076923076925,0.115809,0.12876930769230768,0.9765089230769232,0.013405,0.12191507692307692,-0.17711746153846153
117,0.994665,-0.018295,0.041829,-0.092454,0.847002,0.233438,0.441896,0.181118,0.961175,0.125611,-0.15156,0.193331,0.974724,0.108481,0.080804,-0.177762,0.983852,0.046497,0.115609,0.128417,0.976462,0.013505,0.121712,-0.177509
118,0.9947088461538461,-0.018273461538461537,0.04157976923076923,-0.0921016923076923,0.8470927692307693,0.23353184615384615,0.4418090769230769,0.18078799999999998,0.9613711538461539,0.12542023076923078,-0.15095153846153844,0.1929533076923077,0.9746932307692308,0.10830715384615384,0.0805463076923077,-0.17815123076923078,0.9839166153846154,0.046583153846153844,0.11540207692307693,0.1280746923076923,0.9764158461538461,0.013614230769230769,0.12151046153846154,-0.17789053846153846
119,0.9947537692307692,-0.018248153846153848,0.041346153846153845,-0.09172892307692307,0.8471856923076924,0.23364615384615384,0.44171353846153844,0.180437,0.9615726923076923,0.125202,-0.15035546153846152,0.19255623076923079,0.9746581538461538,0.10815592307692308,0.08027138461538462,-0.1785576923076923,0.9839839230769231,0.046670384615384614,0.11519138461538461,0.12771623076923078,0.9763691538461539,0.013715384615384615,0.12130084615384616,-0.17828015384615384
120,0.9947979230769232,-0.01821723076923077,0.04110661538461538,-0.09136369230769231,0.847269076923077,0.23376984615384616,0.44163184615384615,0.18008346153846153,0.9617728461538462,0.12498676923076923,-0.1497526923076923,0.19216623076923078,0.9746239999999999,0.10800238461538461,0.07999738461538462,-0.17895892307692307,0.9840493076923077,0.04674823076923077,0.11499015384615384,0.12736561538461538,0.9763240769230769,0.013802923076923077,0.12110223076923077,-0.17865476923076923
121,0.9948403076923077,-0.01817953846153846,0.040849,-0.0910216923076923,0.8473382307692308,0.23389353846153846,0.4415744615384615,0.17973876923076923,0.961967,0.12479684615384615,-0.1491333846153846,0.19179823076923078,0.9745939230769232,0.10783015384615384,0.07973453846153845,-0.17934276923076922,0.9841103076923077,0.046812230769230766,0.11480530769230769,0.12703515384615383,0.9762814615384615,0.01387623076923077,0.12092499999999999,-0.1790030769230769
122,0.9948833846153846,-0.018134923076923076,0.040599,-0.09066861538461539,0.8474205384615384,0.23400892307692306,0.4414990769230769,0.17938646153846155,0.962157,0.1246353076923077,-0.14852723076923077,0.19142053846153845,0.9745631538461539,0.10765169230769231,0.07945992307692308,-0.17974046153846154,0.9841733846153846,0.046884538461538464,0.11461838461538462,0.1266866923076923,0.9762360769230769,0.013958538461538461,0.12074499999999999,-0.17936384615384615
123,0.9949276923076923,-0.018082923076923076,0.04036376923076923,-0.09029523076923077,0.8475139230769231,0.23412492307692306,0.4414076923076923,0.17901815384615385,0.9623519230769231,0.124443,-0.14793646153846154,0.19102253846153844,0.974528076923077,0.10748615384615384,0.07916746153846155,-0.18015723076923076,0.9842401538461538,0.046974076923076924,0.11441976923076923,0.1263166923076923,0.9761882307692308,0.014058076923076921,0.12055023076923077,-0.179748
124,0.9949730769230769,-0.018030615384615385,0.04012992307692308,-0.08990946153846154,0.8476170000000001,0.234233,0.4413053846153846,0.1786396923076923,0.9625492307692308,0.1242453076923077,-0.14734838461538463,0.190611,0.9744896153846154,0.10733538461538461,0.07887361538461539,-0.18058376923076924,0.9843078461538461,0.047076,0.11421592307692308,0.12593515384615384,0.9761386153846154,0.01416153846153846,0.12034984615384615,-0.18014453846153844
125,0.9950184615384615,-0.01797876923076923,0.039888230769230766,-0.08952715384615384,0.8477225384615384,0.23432807692307692,0.44120446153846155,0.1782623076923077,0.9627456923076924,0.12405500000000001,-0.14675438461538462,0.19020084615384616,0.9744511538461539,0.10718507692307692,0.07858838461538462,-0.18100607692307694,0.9843743076923077,0.04717523076923077,0.11401376923076924,0.1255583846153846,0.9760893846153846,0.014255846153846154,0.12015184615384616,-0.1805363846153846
126,0.9950607692307692,-0.017922615384615384,0.03962438461538462,-0.08918792307692308,0.8478102307692308,0.23440346153846153,0.4411367692307693,0.17791384615384617,0.9629341538461538,0.12388500000000001,-0.14614130769230768,0.1898300769230769,0.9744219230769231,0.10699046153846153,0.0783253076923077,-0.18139146153846156,0.9844358461538462,0.04723138461538462,0.11382761538461537,0.1252253076923077,0.9760463076923077,0.014315076923076923,0.11997107692307693,-0.18088330769230768
127,0.9951030769230769,-0.01786992307692308,0.039365384615384615,-0.08883692307692308,0.8479117692307692,0.23446707692307692,0.4410496923076923,0.1775633076923077,0.9631212307692308,0.12372607692307692,-0.14553653846153847,0.18944823076923076,0.9743926923076923,0.10677715384615384,0.07806015384615383,-0.1817893076923077,0.9845001538461539,0.047277153846153844,0.11363315384615384,0.12487838461538461,0.9760018461538461,0.014375,0.11978407692307692,-0.18124130769230767
128,0.9951453846153846,-0.017818076923076923,0.03910276923076923,-0.08848784615384615,0.8480176153846154,0.234516,0.44095953846153846,0.1772166923076923,0.9633095384615386,0.12355730769230769,-0.14492853846153847,0.18906746153846155,0.974362076923077,0.10656869230769231,0.07780215384615384,-0.1821853076923077,0.9845643076923076,0.04733192307692308,0.11343684615384615,0.12453084615384616,0.9759567692307692,0.014439615384615384,0.11959453846153846,-0.1816023846153846
129,0.9951872307692308,-0.017763538461538463,0.03882838461538462,-0.08815084615384616,0.8481225384615384,0.23454815384615385,0.44087684615384615,0.17687723076923076,0.963499,0.1233733076923077,-0.14430738461538462,0.18869815384615385,0.9743323846153846,0.1063593076923077,0.07756015384615385,-0.18256853846153848,0.9846260769230769,0.047393,0.11324776923076924,0.12419246153846154,0.9759120769230769,0.014505461538461538,0.11940930769230769,-0.18195776923076923
130,0.995228,-0.017702,0.038533,-0.087837,0.848221,0.234562,0.440813,0.176548,0.963689,0.123171,-0.143662,0.188352,0.974307,0.106137,0.077344,-0.182927,0.984683,0.047453,0.113077,0.123874,0.975869,0.014567,0.119237,-0.182297
131,0.9952703076923077,-0.017647384615384617,0.03824992307692308,-0.08749007692307693,0.8483271538461539,0.23459815384615385,0.4407299230769231,0.17619723076923077,0.9638797692307692,0.12298330769230768,-0.1430343076923077,0.18797584615384616,0.9742762307692308,0.10591161538461538,0.07712092307692307,-0.18331315384615385,0.9847460769230769,0.04752146153846154,0.11288392307692308,0.1235216923076923,0.9758213076923077,0.01463853846153846,0.11904776923076923,-0.18267315384615385
132,0.9953104615384616,-0.017590615384615385,0.03795823076923077,-0.08716576923076924,0.8484263076923076,0.2346203076923077,0.44066084615384615,0.17586261538461537,0.9640662307692308,0.12279884615384616,-0.14239638461538462,0.18762284615384617,0.9742513846153846,0.105662,0.07690915384615385,-0.18367776923076923,0.9848064615384615,0.047577,0.1126956923076923,0.12318769230769232,0.9757752307692308,0.014704153846153846,0.11885584615384616,-0.183038
133,0.995349076923077,-0.017532923076923078,0.03765453846153847,-0.08686684615384616,0.8485163076923077,0.23463092307692307,0.44060853846153847,0.17554415384615385,0.9642502307692308,0.12261023076923078,-0.14174453846153845,0.1872933076923077,0.9742306153846154,0.10540200000000001,0.07671146153846155,-0.18402053846153846,0.9848635384615385,0.04763223076923077,0.11251569230769232,0.12287353846153846,0.9757313846153846,0.014769384615384615,0.11866738461538462,-0.18338692307692306
134,0.9953868461538462,-0.017475076923076923,0.03733846153846154,-0.08658892307692308,0.8485968461538462,0.23463576923076923,0.4405722307692308,0.1752376153846154,0.9644336923076924,0.12241315384615385,-0.1410793076923077,0.18698099999999998,0.9742114615384616,0.10514376923076924,0.07652669230769231,-0.18434723076923076,0.9849176923076923,0.047696538461538464,0.1123443076923077,0.12257415384615385,0.9756893076923077,0.014839076923076922,0.11848561538461538,-0.18372192307692306
135,0.9954253076923077,-0.017415846153846153,0.03702307692307692,-0.08628815384615385,0.8486753076923077,0.23466346153846154,0.44053453846153845,0.17491376923076923,0.9646206153846154,0.12221469230769232,-0.14042238461538462,0.186641,0.9741860769230769,0.10490146153846154,0.07633361538461539,-0.18469953846153844,0.9849746153846154,0.04777192307692308,0.11216738461538461,0.1222456923076923,0.9756423846153846,0.014919846153846153,0.11830176923076922,-0.18408115384615384
136,0.9954649999999999,-0.01735415384615385,0.036699076923076925,-0.08598123076923077,0.8487451538461538,0.234709,0.4405060769230769,0.17458684615384615,0.9648050769230769,0.12204576923076924,-0.13976669230769231,0.18628807692307692,0.9741582307692308,0.10465484615384615,0.07614053846153847,-0.1850653846153846,0.9850327692307692,0.047844846153846154,0.1119923076923077,0.12190553846153847,0.9755936153846154,0.014998769230769229,0.11812223076923077,-0.18445084615384616
137,0.995506923076923,-0.017289538461538464,0.03637292307692308,-0.08564969230769232,0.8488159230769231,0.2347713076923077,0.440473,0.17424184615384616,0.9649900769230769,0.12190576923076923,-0.13911707692307693,0.1859076923076923,0.9741251538461538,0.10440676923076923,0.07594284615384615,-0.18545999999999999,0.985095076923077,0.04791869230769231,0.11181423076923078,0.12153707692307693,0.975539,0.015082230769230768,0.11794261538461538,-0.1848477692307692
138,0.9955509230769232,-0.017221076923076926,0.036046153846153846,-0.08529246153846154,0.8488908461538462,0.23484623076923078,0.44043223076923077,0.17387661538461538,0.9651766923076923,0.12178546153846154,-0.13847369230769233,0.18550015384615384,0.9740866923076924,0.10415815384615384,0.07574069230769231,-0.18588353846153846,0.9851613846153846,0.04799469230769231,0.11163223076923078,0.12114061538461539,0.9754782307692308,0.015170999999999999,0.1177623076923077,-0.18527330769230768
139,0.9955955384615385,-0.01714646153846154,0.03571692307692308,-0.08492476923076923,0.8489700769230769,0.23492238461538462,0.4403883846153846,0.17349969230769233,0.9653651538461538,0.12165776923076924,-0.13783215384615385,0.1850809230769231,0.9740451538461539,0.10390892307692308,0.07553915384615385,-0.18632123076923077,0.9852283076923076,0.04807315384615384,0.11144838461538462,0.1207336923076923,0.9754143846153847,0.015261,0.11758384615384616,-0.18571484615384615
140,0.9956394615384616,-0.017066307692307693,0.03538215384615385,-0.08456330769230769,0.8490472307692307,0.23499507692307692,0.4403500769230769,0.17312207692307693,0.9655536153846154,0.121519,-0.137183,0.18466723076923078,0.9740036153846154,0.10366453846153847,0.07534315384615385,-0.18675338461538463,0.9852938461538461,0.04813846153846154,0.11126869230769232,0.12033507692307693,0.9753519230769231,0.01534130769230769,0.11740746153846154,-0.18614669230769232
141,0.9956837692307693,-0.01698876923076923,0.03505092307692308,-0.08419284615384615,0.8491241538461538,0.2350793846153846,0.4403100769230769,0.172731,0.9657429999999999,0.12137623076923076,-0.1365380769230769,0.18424815384615384,0.9739606923076923,0.10342346153846155,0.07514223076923077,-0.1871923076923077,0.9853606153846154,0.04818846153846154,0.11108761538461538,0.11993415384615384,0.9752891538461539,0.015414538461538462,0.11723084615384616,-0.18658023076923078
142,0.9957274615384616,-0.01691523076923077,0.03472038461538461,-0.08382676923076923,0.8491980769230769,0.235168,0.44027338461538457,0.17233907692307693,0.9659316153846154,0.12122838461538461,-0.13589192307692305,0.18383615384615384,0.9739186923076922,0.10318169230769231,0.07494130769230768,-0.1876246153846154,0.9854259999999999,0.04822484615384616,0.11091292307692308,0.119544,0.9752286153846154,0.015478,0.117059,-0.18699946153846153
143,0.995769,-0.016846,0.034385,-0.083486,0.849265,0.235248,0.440248,0.171966,0.966117,0.121073,-0.135235,0.18345,0.973881,0.102934,0.074749,-0.18803,0.985486,0.048251,0.110756,0.119184,0.975174,0.015528,0.116899,-0.187381
144,0.995802076923077,-0.01678523076923077,0.034030384615384615,-0.08324753846153846,0.8493073076923077,0.23528184615384615,0.4402633846153846,0.17166984615384617,0.9662885384615384,0.12090992307692307,-0.13453884615384615,0.18316461538461537,0.9738625384615385,0.10267784615384615,0.07458899999999999,-0.18833,0.9855290769230769,0.04826484615384615,0.11064061538461538,0.11893323076923078,0.9751378461538461,0.015548000000000001,0.11677361538461539,-0.18764638461538463
145,0.9958394615384616,-0.016727692307692308,0.03371023076923077,-0.0829406923076923,0.8493759999999999,0.2353426153846154,0.440233,0.17132469230769232,0.9664686923076923,0.12072853846153846,-0.133875,0.18282,0.9738333076923077,0.10243676923076923,0.0743966923076923,-0.1886876153846154,0.9855818461538461,0.04828623076923077,0.110494,0.11862161538461538,0.9750930769230769,0.015583076923076923,0.11661969230769231,-0.187971
146,0.9958796153846154,-0.016675846153846156,0.03340607692307692,-0.082591,0.8494566153846154,0.23542353846153846,0.4401805384615385,0.17094807692307692,0.9666543846153846,0.12054023076923077,-0.1332256153846154,0.18243707692307692,0.9737973076923078,0.10220461538461538,0.07419176923076924,-0.18907976923076925,0.9856406153846154,0.04831484615384615,0.11033,0.11827192307692308,0.9750424615384615,0.015624923076923078,0.11645046153846153,-0.18833423076923075
147,0.9959210000000001,-0.016631076923076922,0.03310338461538461,-0.08222207692307693,0.8495375384615385,0.23551746153846154,0.44012523076923077,0.17055684615384614,0.9668427692307693,0.1203533076923077,-0.13257553846153847,0.18203592307692307,0.9737583846153847,0.10197407692307693,0.07399069230769231,-0.18948500000000001,0.9857018461538462,0.04835053846153846,0.11016038461538462,0.11790546153846154,0.9749886923076924,0.015667692307692306,0.11627692307692307,-0.1887166153846154
148,0.995961,-0.016591846153846155,0.03279723076923077,-0.08186284615384616,0.8496129230769232,0.23561207692307692,0.44007753846153846,0.17017530769230768,0.9670304615384616,0.12016638461538462,-0.1319109230769231,0.18164515384615385,0.9737222307692308,0.10172484615384615,0.07380761538461539,-0.18987500000000002,0.9857603076923077,0.04839592307692307,0.10999423076923077,0.11755007692307692,0.9749356153846154,0.015714615384615382,0.11610615384615385,-0.18909276923076923
149,0.9959966923076923,-0.01655076923076923,0.03248492307692308,-0.08156269230769231,0.8496710769230769,0.23568269230769232,0.4400575384615385,0.16983684615384614,0.9672095384615385,0.11997823076923077,-0.13122353846153847,0.18131284615384616,0.9736965384615385,0.10147315384615385,0.07363807692307692,-0.19020653846153848,0.9858101538461538,0.04844992307692308,0.10984407692307692,0.1172513076923077,0.9748911538461539,0.015760923076923075,0.11594215384615385,-0.18941723076923075
150,0.9960336153846153,-0.016508076923076924,0.03219146153846154,-0.08123807692307693,0.8497383846153845,0.23576653846153847,0.44001946153846155,0.16948030769230768,0.9673906923076924,0.11978630769230769,-0.1305500769230769,0.18095938461538463,0.9736657692307693,0.10124353846153847,0.07344807692307692,-0.1905603846153846,0.985864,0.048514923076923074,0.10967715384615384,0.11692823076923077,0.9748430769230769,0.015824,0.11575984615384616,-0.18977030769230768
151,0.996071923076923,-0.016462846153846154,0.03191284615384615,-0.08088684615384616,0.8498148461538462,0.23586392307692308,0.4399643846153846,0.16910399999999998,0.967574076923077,0.119594,-0.1298900769230769,0.180582,0.9736290000000001,0.10103630769230769,0.07323946153846153,-0.19093946153846153,0.9859223076923077,0.048586923076923076,0.10949361538461538,0.11657807692307692,0.9747907692307692,0.015901230769230768,0.11556184615384615,-0.19015400000000002
152,0.9961065384615385,-0.016412076923076925,0.03161207692307693,-0.08058607692307693,0.8498740769230769,0.23593853846153845,0.4399413076923077,0.168764,0.9677494615384615,0.119414,-0.12920546153846155,0.180252,0.973599,0.10082784615384616,0.07305176923076924,-0.19127176923076922,0.9859738461538462,0.04865153846153846,0.10932669230769232,0.11627346153846155,0.9747446153846154,0.015967384615384612,0.11538107692307692,-0.190494
153,0.9961425384615384,-0.01635092307692308,0.031311307692307694,-0.08027284615384615,0.8499388461538461,0.23600623076923077,0.4399147692307693,0.16841292307692307,0.9679276153846155,0.11921946153846154,-0.1285256923076923,0.17990815384615386,0.9735676153846153,0.10060623076923077,0.07286061538461538,-0.1916193076923077,0.9860267692307693,0.04870646153846154,0.10915976923076923,0.11595638461538463,0.9746970769230769,0.016023153846153847,0.11520169230769231,-0.19084092307692307
154,0.9961805384615384,-0.01628723076923077,0.031021153846153848,-0.07992546153846154,0.8500153076923077,0.23608423076923077,0.43986846153846154,0.16803892307692309,0.9681097692307692,0.1190246923076923,-0.12786584615384616,0.17952676923076924,0.9735305384615385,0.10038223076923077,0.07265200000000001,-0.19200361538461538,0.9860858461538462,0.048757076923076924,0.10897807692307693,0.115601,0.9746438461538461,0.016079153846153847,0.11501692307692307,-0.19121815384615384
155,0.9962195384615384,-0.01621846153846154,0.030734846153846154,-0.07956038461538462,0.8500986923076923,0.23616476923076923,0.4398115384615385,0.167653,0.9682927692307692,0.11883592307692308,-0.12721915384615384,0.17912438461538463,0.9734895384615384,0.10016015384615384,0.07242900000000001,-0.19241153846153844,0.9861486923076923,0.04880276923076923,0.10878884615384615,0.11522215384615385,0.9745871538461539,0.016135153846153848,0.11483007692307692,-0.191613
156,0.996258,-0.01614,0.030441,-0.079205,0.850181,0.236234,0.43976,0.167273,0.968472,0.118659,-0.126573,0.178729,0.973448,0.099944,0.072199,-0.19282,0.986211,0.048842,0.108605,0.114846,0.974531,0.016189,0.114647,-0.192003
157,0.9962956923076923,-0.016045384615384614,0.030126384615384614,-0.07887115384615384,0.8502594615384615,0.23628476923076924,0.43972076923076925,0.16690376923076922,0.9686481538461539,0.11849361538461538,-0.12591146153846153,0.1783513076923077,0.9734087692307692,0.09972092307692308,0.07197746153846155,-0.1932176923076923,0.986271,0.04888661538461538,0.10843499999999999,0.114476,0.9744763846153847,0.016239,0.11448392307692307,-0.19237684615384615
158,0.9963323076923077,-0.01594376923076923,0.029797230769230774,-0.07855453846153845,0.8503368461538462,0.23631615384615387,0.43968907692307696,0.166548,0.9688216153846154,0.11833146153846154,-0.12524292307692309,0.17798653846153847,0.9733716923076923,0.09948869230769232,0.07176346153846154,-0.193603,0.9863277692307693,0.04892476923076923,0.10827630769230769,0.11412053846153847,0.9744228461538461,0.01627769230769231,0.11433161538461538,-0.192734
159,0.9963693846153846,-0.015841,0.029470153846153854,-0.0782286923076923,0.850423,0.23634076923076924,0.4396446153846154,0.1661906153846154,0.9689951538461539,0.11817100000000001,-0.12458276923076925,0.1776113076923077,0.9733327692307693,0.09925346153846155,0.07154253846153848,-0.19399961538461538,0.9863859230769231,0.04895707692307692,0.108116,0.11375500000000001,0.9743679230769231,0.016314615384615382,0.11417930769230769,-0.19309723076923077
160,0.9964076153846153,-0.01574115384615385,0.02915692307692308,-0.07788023076923077,0.850524,0.23636492307692306,0.4395744615384615,0.16582507692307694,0.9691699230769231,0.11801046153846155,-0.1239406153846154,0.17721446153846154,0.9732903846153846,0.09901892307692309,0.07130500000000001,-0.1944186923076923,0.9864479230769231,0.04898361538461538,0.10794569230769231,0.11336769230769232,0.9743108461538461,0.016354923076923076,0.11401976923076923,-0.193477
161,0.9964437692307692,-0.01564269230769231,0.028856153846153847,-0.07755253846153846,0.850634,0.23636415384615383,0.4394890769230769,0.16548584615384618,0.9693391538461539,0.11784507692307693,-0.12330676923076923,0.17683907692307693,0.9732542307692308,0.09877815384615385,0.07105500000000001,-0.1948156153846154,0.9865071538461538,0.04899976923076923,0.10777261538461538,0.1130046153846154,0.9742593076923077,0.016384153846153843,0.11385746153846153,-0.193827
162,0.996479923076923,-0.01555223076923077,0.028567692307692308,-0.07720823076923078,0.8507489230769231,0.2363793846153846,0.4393883076923077,0.16513861538461538,0.9695083846153847,0.11768953846153846,-0.1226876923076923,0.17644584615384615,0.9732137692307692,0.09855276923076924,0.07079084615384615,-0.19522792307692308,0.9865694615384615,0.049019615384615384,0.10758846153846154,0.11262553846153847,0.9742059230769231,0.01642630769230769,0.11368715384615384,-0.19419176923076922
163,0.9965168461538462,-0.015466846153846154,0.02829269230769231,-0.07684553846153847,0.8508700769230769,0.23640784615384616,0.43927253846153846,0.1647813076923077,0.9696772307692308,0.11754415384615384,-0.12208076923076924,0.1760350769230769,0.9731687692307692,0.09834507692307692,0.07051161538461538,-0.19565676923076922,0.9866352307692308,0.049045,0.10738961538461538,0.11222938461538462,0.9741493846153846,0.016484,0.11350792307692308,-0.19457523076923078
164,0.9965543846153846,-0.015384076923076926,0.02803038461538462,-0.07647000000000001,0.8509965384615384,0.23644723076923077,0.4391443846153846,0.16441515384615385,0.969845076923077,0.11740753846153847,-0.12148323076923079,0.17561307692307693,0.9731206153846155,0.09815276923076924,0.07021823076923077,-0.1960967692307692,0.9867029230769231,0.04908023076923077,0.10718053846153847,0.11182153846153847,0.9740903076923078,0.016556461538461534,0.11332053846153847,-0.19497353846153845
165,0.9965913076923077,-0.015299461538461541,0.027777307692307695,-0.07610000000000001,0.8511242307692308,0.23649338461538463,0.4390113076923077,0.16404592307692306,0.9700104615384615,0.11727523076923077,-0.12088938461538463,0.17519846153846155,0.9730736923076923,0.09796661538461539,0.06991438461538463,-0.1965306153846154,0.9867675384615385,0.04913638461538461,0.10697823076923077,0.11141923076923078,0.9740318461538461,0.016638769230769228,0.11312823076923077,-0.19537123076923077
166,0.9966282307692307,-0.015214153846153848,0.027536,-0.07572515384615386,0.8512526153846154,0.2365492307692308,0.4388699230769231,0.16367323076923077,0.9701751538461538,0.11713876923076923,-0.12029900000000002,0.17478176923076924,0.9730267692307693,0.09778323076923078,0.06959876923076924,-0.19696723076923078,0.9868321538461539,0.049204307692307686,0.10677038461538461,0.11101484615384616,0.9739720000000001,0.016737,0.11292692307692308,-0.19577792307692307
167,0.9966656153846154,-0.015132923076923079,0.02731446153846154,-0.07532853846153846,0.851388923076923,0.23662,0.438711,0.1632863076923077,0.9703416153846154,0.11699492307692307,-0.11972469230769232,0.17434776923076922,0.9729761538461539,0.09762092307692308,0.0692643076923077,-0.19741661538461538,0.9868995384615384,0.049283692307692306,0.10654715384615385,0.11059361538461539,0.9739087692307693,0.01685223076923077,0.11270846153846154,-0.19620730769230768
168,0.9967030769230769,-0.015055384615384615,0.027104307692307695,-0.07491984615384616,0.8515288461538462,0.23670023076923077,0.4385433076923077,0.16289107692307692,0.9705093076923077,0.11684184615384616,-0.11915784615384616,0.1739060769230769,0.9729237692307692,0.09746946153846155,0.06892092307692307,-0.19786923076923077,0.9869683076923077,0.049368923076923074,0.10631453846153846,0.11016523076923077,0.973844076923077,0.016975769230769232,0.11247946153846154,-0.1966476923076923
169,0.99674,-0.01498,0.026892,-0.074516,0.851665,0.236781,0.438381,0.162498,0.970677,0.116678,-0.118584,0.173473,0.972873,0.097311,0.068584,-0.19831,0.987036,0.049452,0.106083,0.109746,0.973781,0.017095,0.112251,-0.19708
170,0.9967776923076923,-0.01490769230769231,0.02668507692307693,-0.074106,0.8518034615384615,0.23686100000000002,0.43821715384615384,0.1621003076923077,0.9708454615384615,0.11650953846153846,-0.11801169230769232,0.1730353076923077,0.9728245384615384,0.09713561538461539,0.06825015384615385,-0.19875153846153845,0.9871036923076923,0.04952815384615385,0.10584684615384615,0.10932753846153846,0.9737179230769231,0.017204230769230767,0.11201715384615385,-0.19751692307692306
171,0.9968116153846154,-0.014831076923076924,0.026461461538461545,-0.07374176923076924,0.8519268461538462,0.23691946153846155,0.4380829230769231,0.1617306153846154,0.971008,0.11633946153846153,-0.11741407692307694,0.17264392307692308,0.9727852307692307,0.09693923076923078,0.06794323076923078,-0.1991456923076923,0.987164923076923,0.049591384615384614,0.10562846153846155,0.1089543076923077,0.9736618461538461,0.017297307692307688,0.11179515384615385,-0.1979113076923077
172,0.996843923076923,-0.01475323076923077,0.026230692307692312,-0.07339807692307693,0.8520385384615384,0.23697515384615384,0.4379693846153846,0.1613673846153846,0.9711683076923077,0.11616407692307693,-0.11680100000000002,0.17227515384615386,0.9727495384615384,0.09673630769230769,0.06765215384615386,-0.19951646153846153,0.9872227692307692,0.04965276923076923,0.10542015384615384,0.10860415384615385,0.973609076923077,0.01738530769230769,0.1115773076923077,-0.198285
173,0.9968766153846154,-0.014677461538461539,0.026002538461538466,-0.0730493076923077,0.8521434615384615,0.23704546153846154,0.43786492307692304,0.16099100000000002,0.971329923076923,0.11598069230769231,-0.11618323076923077,0.17190461538461538,0.9727123076923078,0.09653861538461539,0.06736576923076923,-0.19988792307692307,0.9872804615384615,0.049721,0.10521269230769231,0.108254,0.9735558461538462,0.01747730769230769,0.11135592307692309,-0.19866061538461538
174,0.9969127692307692,-0.014612076923076924,0.025797923076923076,-0.07264238461538462,0.8522580769230769,0.23716007692307692,0.43773415384615383,0.160571,0.9714991538461538,0.11578761538461539,-0.11558553846153846,0.17148076923076921,0.9726653846153845,0.09635476923076923,0.06706346153846153,-0.20030715384615386,0.9873450769230769,0.049801,0.10497961538461538,0.107854,0.9734943076923077,0.017580384615384612,0.11111515384615385,-0.1990867692307692
175,0.9969458461538462,-0.014543000000000002,0.02558161538461539,-0.07227915384615385,0.852361,0.23724946153846155,0.437628,0.16018053846153846,0.9716640769230769,0.11558038461538461,-0.11496630769230771,0.17110246153846154,0.9726276923076923,0.09615553846153847,0.06678392307692307,-0.20067776923076924,0.9874035384615384,0.049857,0.10476376923076923,0.10750138461538462,0.9734419999999999,0.017659461538461537,0.11088423076923078,-0.19946492307692307
176,0.9969781538461538,-0.014475307692307694,0.02536738461538462,-0.07192261538461539,0.8524629230769231,0.2373283076923077,0.43752646153846153,0.1597986153846154,0.9718286923076923,0.1153596153846154,-0.11434400000000003,0.1707336153846154,0.9725934615384615,0.09593976923076923,0.06651084615384616,-0.20103815384615384,0.9874616153846154,0.04990276923076923,0.10454376923076923,0.10715946153846155,0.9733927692307692,0.01772561538461538,0.1106473076923077,-0.19983030769230767
177,0.9970101538461539,-0.014411307692307694,0.025160153846153853,-0.07156492307692308,0.852567076923077,0.23740076923076922,0.437422,0.15942261538461538,0.9719931538461538,0.11512992307692309,-0.11372538461538463,0.1703656153846154,0.9725611538461538,0.09570853846153847,0.06623623076923078,-0.20139738461538462,0.9875205384615384,0.04994523076923077,0.10431346153846154,0.10681961538461539,0.9733453846153847,0.01778223076923077,0.11039992307692308,-0.20019107692307692
178,0.9970409230769232,-0.014352846153846155,0.024960923076923082,-0.07121953846153847,0.8526724615384615,0.23746461538461536,0.437312,0.15906569230769232,0.972153923076923,0.11490453846153846,-0.1131123076923077,0.17000869230769233,0.972531923076923,0.09546623076923078,0.06595238461538462,-0.20174430769230767,0.9875782307692308,0.04999138461538461,0.10407576923076924,0.10649269230769232,0.9733023076923077,0.017828384615384617,0.11014453846153846,-0.20053646153846152
179,0.997071,-0.014301307692307693,0.02476584615384616,-0.07087623076923077,0.8527792307692308,0.2375263846153846,0.43719576923076925,0.15871846153846153,0.9723112307692308,0.11468676923076923,-0.11250476923076924,0.1696566153846154,0.9725026923076923,0.09523707692307692,0.06566784615384616,-0.2020870769230769,0.987635923076923,0.05002507692307692,0.10384015384615386,0.106172,0.9732606153846154,0.017878,0.10988361538461539,-0.2008776923076923
180,0.997100076923077,-0.014250999999999998,0.02457030769230769,-0.07053915384615383,0.852887076923077,0.23757776923076923,0.43707976923076924,0.15838061538461537,0.9724676923076923,0.11446753846153845,-0.11189369230769229,0.169312,0.972473923076923,0.09501215384615383,0.06538369230769231,-0.20242246153846155,0.9876931538461539,0.050050923076923076,0.10360384615384616,0.10585892307692307,0.9732204615384615,0.01792292307692308,0.10961930769230768,-0.20121338461538463
181,0.9971276153846154,-0.014197999999999999,0.024363999999999993,-0.07022684615384614,0.85299,0.23760923076923077,0.4369775384615385,0.15806215384615385,0.972622,0.11424215384615384,-0.11126830769230768,0.16899069230769231,0.9724496153846154,0.09477984615384615,0.06511253846153846,-0.20273453846153847,0.9877475384615384,0.050065307692307694,0.1033743076923077,0.10556892307692307,0.9731842307692308,0.017954307692307693,0.10936030769230769,-0.20152723076923076
182,0.997153,-0.014138,0.024134,-0.069963,0.85308,0.23761,0.436906,0.157776,0.972772,0.114006,-0.110616,0.168713,0.972435,0.094526,0.064871,-0.203003,0.987796,0.050063,0.103162,0.105322,0.973155,0.017962,0.109118,-0.201798
183,0.9971806923076922,-0.014071076923076922,0.02389630769230769,-0.06966299999999999,0.8531746153846154,0.23762076923076922,0.4368306153846154,0.1574536923076923,0.972928923076923,0.113766,-0.10996061538461538,0.16839684615384615,0.972411923076923,0.09426523076923077,0.06463253846153845,-0.2033076153846154,0.9878490769230769,0.05006607692307692,0.10294892307692308,0.10503507692307693,0.9731173076923078,0.017969692307692305,0.10888030769230769,-0.20210723076923076
184,0.9972083846153846,-0.01399876923076923,0.023649461538461536,-0.06936623076923076,0.8532681538461538,0.23762992307692307,0.436759,0.15713192307692306,0.9730863846153845,0.11352276923076923,-0.10929553846153846,0.16808446153846154,0.9723883076923077,0.09399746153846154,0.06440215384615385,-0.20361761538461537,0.9879010769230769,0.05007346153846154,0.10274069230769231,0.10474707692307691,0.9730790769230769,0.01797630769230769,0.10864961538461539,-0.20241592307692308
185,0.9972348461538462,-0.01392076923076923,0.023391923076923074,-0.0690886923076923,0.8533566153846154,0.23762853846153847,0.4366976153846154,0.15682361538461537,0.9732400769230769,0.11329323076923077,-0.10862323076923076,0.16778538461538461,0.9723663076923077,0.09373438461538461,0.06417769230769231,-0.20391546153846155,0.9879504615384616,0.05008238461538461,0.10254038461538462,0.1044733846153846,0.9730424615384615,0.01798307692307692,0.10842776923076923,-0.20271023076923078
186,0.9972596923076923,-0.013838,0.02312507692307692,-0.06883376923076923,0.8534391538461539,0.23761415384615384,0.43664723076923073,0.15653269230769232,0.9733881538461538,0.11308738461538462,-0.10794807692307691,0.16749961538461536,0.9723462307692308,0.09348438461538461,0.06395538461538461,-0.20419546153846155,0.9879970769230769,0.050092461538461544,0.10234723076923076,0.10421776923076922,0.973008,0.017991846153846153,0.10821376923076922,-0.202987
187,0.9972866153846154,-0.013758000000000001,0.022865846153846157,-0.06854146153846154,0.8535306923076923,0.2376156923076923,0.43657953846153846,0.15621961538461537,0.9735396923076923,0.11289123076923076,-0.10728884615384615,0.16717576923076924,0.9723185384615385,0.09324823076923078,0.06371923076923078,-0.20451007692307693,0.9880478461538461,0.050117076923076924,0.10213953846153846,0.10392546153846154,0.972968,0.01801030769230769,0.10799146153846154,-0.203297
188,0.9973129230769231,-0.013679846153846155,0.022610923076923077,-0.06825653846153847,0.8536240769230768,0.2376086153846154,0.4365081538461539,0.1559206923076923,0.9736887692307693,0.11268892307692308,-0.10663515384615385,0.16685992307692307,0.9722933076923077,0.09300284615384616,0.06348000000000001,-0.2048166923076923,0.9880986153846154,0.05012630769230769,0.10192876923076923,0.10364546153846155,0.972931076923077,0.01801830769230769,0.10776730769230769,-0.2035916153846154
189,0.9973394615384615,-0.013604076923076924,0.022363615384615385,-0.06796730769230769,0.8537233076923076,0.23759476923076925,0.436427,0.1556256923076923,0.973838,0.1124793076923077,-0.105989,0.16654107692307693,0.972267923076923,0.09275130769230769,0.06323423076923076,-0.20512707692307694,0.9881505384615384,0.05012246153846154,0.10171107692307692,0.1033643076923077,0.972894923076923,0.01801753846153846,0.10753846153846154,-0.20388507692307692
190,0.9973662307692308,-0.013530076923076922,0.02211853846153846,-0.06767392307692308,0.8538265384615384,0.23757553846153848,0.4363402307692308,0.15533138461538462,0.973988,0.11226284615384616,-0.10534515384615384,0.16621907692307694,0.9722417692307692,0.09249592307692307,0.06298623076923077,-0.2054413846153846,0.9882033076923077,0.050107692307692304,0.10149046153846153,0.1030803076923077,0.9728587692307692,0.01800830769230769,0.10730876923076924,-0.20417953846153847
191,0.9973923846153846,-0.013455461538461538,0.021856230769230763,-0.06738853846153846,0.8539242307692307,0.2375532307692308,0.43626638461538464,0.1550383076923077,0.9741380000000001,0.11204207692307691,-0.10468592307692308,0.16590446153846153,0.9722156153846154,0.09224053846153846,0.06275238461538461,-0.20574830769230767,0.9882548461538462,0.05008615384615384,0.10128276923076923,0.10280184615384616,0.9728226153846153,0.017989846153846155,0.10709261538461538,-0.2044672307692308
192,0.9974178461538461,-0.013377384615384616,0.02160223076923077,-0.06711215384615385,0.8540253846153846,0.23752676923076924,0.4361849230769231,0.1547486923076923,0.9742852307692308,0.11182407692307693,-0.10403223076923078,0.16560023076923075,0.9721922307692308,0.09198930769230769,0.06251161538461539,-0.20604692307692307,0.988305,0.050077076923076926,0.10107161538461538,0.1025303076923077,0.9727871538461539,0.017983846153846156,0.10686953846153846,-0.20475284615384615
193,0.9974455384615384,-0.013307692307692309,0.021370384615384617,-0.06678507692307693,0.8541403076923076,0.2375303076923077,0.43607353846153846,0.154423,0.9744358461538462,0.11161607692307693,-0.10340407692307693,0.16524776923076923,0.9721585384615385,0.091751,0.062249769230769234,-0.2063907692307692,0.9883614615384615,0.05009246153846154,0.10083838461538462,0.10220923076923077,0.9727420769230769,0.018009692307692306,0.106624,-0.2050926923076923
194,0.9974736153846153,-0.013241538461538463,0.021144846153846156,-0.06644407692307693,0.8542569999999999,0.237544,0.4359570769230769,0.1540859230769231,0.9745866153846154,0.1114143076923077,-0.10278284615384616,0.16488176923076925,0.9721219230769231,0.09151615384615386,0.06198269230769231,-0.20674599999999999,0.9884194615384615,0.050117461538461534,0.10059923076923077,0.10187376923076923,0.9726937692307692,0.01804776923076923,0.10637023076923077,-0.2054496923076923
195,0.997499,-0.01317,0.020901,-0.066151,0.854357,0.237534,0.435874,0.153779,0.974732,0.111212,-0.102139,0.164561,0.972095,0.09127,0.061735,-0.207056,0.988471,0.050129,0.10038,0.101583,0.972653,0.018067,0.106131,-0.205762
196,0.9975243846153846,-0.0131,0.02065407692307692,-0.06586253846153846,0.8544508461538461,0.23753092307692306,0.43579938461538464,0.15347361538461538,0.9748766153846155,0.11100661538461538,-0.10148976923076922,0.1642440769230769,0.9720696153846153,0.09101307692307692,0.06149115384615385,-0.20736215384615383,0.9885217692307692,0.05013361538461538,0.10016692307692307,0.10129838461538461,0.9726137692307693,0.01808007692307692,0.10589946153846154,-0.20606738461538462
197,0.9975519230769231,-0.013034846153846154,0.02042653846153846,-0.06552884615384615,0.854554923076923,0.23756176923076922,0.43569784615384616,0.15313430769230768,0.975025,0.11080069230769231,-0.10086692307692308,0.1638840769230769,0.9720340000000001,0.09077123076923077,0.06122523076923077,-0.207713,0.988577923076923,0.050150615384615384,0.09993392307692307,0.10096907692307693,0.9725659230769231,0.018110384615384615,0.10565015384615384,-0.20641746153846155
198,0.9975791538461539,-0.012964076923076922,0.020198999999999998,-0.0652006923076923,0.8546575384615385,0.23759115384615384,0.4355989230769231,0.15279676923076924,0.9751725384615384,0.11058992307692307,-0.10024338461538462,0.16353023076923076,0.9719992307692308,0.09052507692307692,0.060957538461538466,-0.20806084615384615,0.9886336153846154,0.050164615384615384,0.099701,0.10064338461538462,0.972519,0.018139153846153847,0.1053996923076923,-0.206763
199,0.9976038461538461,-0.012881769230769231,0.01995515384615385,-0.06492015384615385,0.8547486923076923,0.23759176923076925,0.4355263076923077,0.15249184615384617,0.975315,0.11037292307692309,-0.09959746153846155,0.163223,0.9719741538461539,0.09026176923076923,0.06070576923076924,-0.20836576923076924,0.9886839230769231,0.050164769230769235,0.0994846923076923,0.1003616923076923,0.9724807692307692,0.018152230769230768,0.1051626923076923,-0.207063
200,0.9976223076923078,-0.012799461538461539,0.019676692307692308,-0.06473169230769231,0.8548156153846154,0.23754946153846154,0.4354993846153846,0.1522603076923077,0.975445,0.11016215384615384,-0.09891207692307694,0.163003,0.9719656923076924,0.08998946153846155,0.06049346153846154,-0.20858346153846155,0.9887231538461538,0.05015246153846154,0.09930161538461539,0.10016861538461538,0.9724584615384616,0.018144538461538462,0.10495961538461539,-0.20727299999999999
201,0.9976463076923077,-0.012715923076923076,0.019435769230769232,-0.06444784615384616,0.8549163846153847,0.23753792307692306,0.4354133846153846,0.1519586153846154,0.9755866923076923,0.10993846153846154,-0.09827346153846155,0.16269253846153847,0.9719393846153846,0.08973007692307693,0.06023992307692308,-0.20889284615384615,0.988774076923077,0.05014876923076923,0.09908223076923077,0.099882,0.9724195384615385,0.018154076923076922,0.10472576923076923,-0.20757161538461538
202,0.9976697692307692,-0.012628615384615384,0.019198846153846153,-0.06417207692307693,0.8550198461538462,0.23751792307692307,0.43532453846153846,0.15166284615384615,0.9757263076923077,0.10971423076923077,-0.09763692307692308,0.162391,0.9719143846153846,0.08947007692307693,0.059980692307692304,-0.20919515384615384,0.9888244615384616,0.05014107692307692,0.09886184615384616,0.09960238461538462,0.9723826153846153,0.018161384615384617,0.10448846153846154,-0.207862
203,0.9976916153846154,-0.012538461538461538,0.018959,-0.06392146153846154,0.8551193846153846,0.23748484615384616,0.43524376923076924,0.15138561538461537,0.9758613846153846,0.10949315384615384,-0.09699446153846153,0.1621139230769231,0.9718937692307692,0.08920976923076923,0.05972330769230769,-0.2094737692307692,0.9888721538461539,0.05012953846153846,0.09864738461538462,0.09934623076923077,0.9723506153846153,0.018164615384615387,0.10425276923076923,-0.20812923076923076
204,0.9977146923076923,-0.012450769230769232,0.018729000000000006,-0.06364376923076924,0.8552263076923077,0.23746407692307692,0.4351476153846154,0.1510886923076923,0.9759983076923077,0.10927392307692309,-0.09636676923076924,0.16180853846153848,0.9718676153846154,0.08896361538461539,0.05945484615384616,-0.20977761538461537,0.9889229230769231,0.050127230769230764,0.0984243076923077,0.09906238461538462,0.9723136923076923,0.018177692307692308,0.10400661538461539,-0.20842538461538462
205,0.9977384615384615,-0.012363076923076925,0.018508000000000004,-0.06335569230769232,0.8553401538461538,0.23744469230769233,0.43503830769230767,0.15078969230769232,0.9761359230769231,0.10905815384615385,-0.09574738461538462,0.16149207692307693,0.9718393846153847,0.08872023076923077,0.05917392307692308,-0.21009253846153844,0.9889757692307692,0.05013046153846154,0.09819153846153847,0.09876746153846154,0.972274,0.018199076923076922,0.10374938461538462,-0.20873746153846154
206,0.9977613846153847,-0.012275384615384617,0.018281538461538464,-0.0630803076923077,0.855451076923077,0.237419,0.434934,0.15050107692307693,0.9762717692307692,0.10884369230769231,-0.09512107692307693,0.1611873076923077,0.9718127692307692,0.08847346153846154,0.058899,-0.2103966923076923,0.9890265384615384,0.050136615384615384,0.0979623076923077,0.0984833076923077,0.972234923076923,0.01822276923076923,0.10349692307692308,-0.20904161538461538
207,0.9977846153846154,-0.01219023076923077,0.01805538461538462,-0.06279315384615385,0.8555639230769231,0.237401,0.4348238461538461,0.15020546153846154,0.9764082307692308,0.10863215384615385,-0.09449946153846155,0.16086992307692308,0.9717827692307692,0.08823184615384616,0.05862253846153846,-0.21071246153846154,0.9890783076923076,0.05014961538461538,0.09772923076923078,0.09818753846153846,0.9721927692307691,0.018255461538461536,0.10324407692307692,-0.20935846153846152
208,0.99781,-0.012111,0.01784,-0.062457,0.855687,0.237411,0.43469,0.149877,0.976549,0.108426,-0.093901,0.160503,0.971742,0.088008,0.058331,-0.211074,0.989136,0.050175,0.09748,0.097846,0.972142,0.018307,0.102981,-0.20972
209,0.9978353846153847,-0.012029461538461537,0.017616923076923075,-0.06213392307692308,0.8558093076923077,0.23740715384615385,0.43456153846153844,0.14955853846153846,0.9766882307692307,0.10822446153846153,-0.09329176923076922,0.1601483846153846,0.9717035384615385,0.08778184615384615,0.05804407692307692,-0.211424,0.9891906153846154,0.05019423076923077,0.0972376923076923,0.097516,0.9720935384615385,0.018351615384615383,0.10272638461538462,-0.21006615384615385
210,0.9978618461538462,-0.011951153846153847,0.01740569230769231,-0.06178446153846154,0.8559418461538462,0.23741407692307692,0.43441207692307693,0.14922284615384618,0.9768290769230769,0.10802346153846154,-0.09269815384615385,0.15976792307692309,0.9716596923076923,0.08756430769230769,0.05774369230769231,-0.21179823076923077,0.9892495384615384,0.050218307692307694,0.09698246153846155,0.09716123076923078,0.9720407692307692,0.01840376923076923,0.10246315384615386,-0.21043384615384614
211,0.9978863076923077,-0.011869615384615386,0.017187538461538466,-0.061464000000000005,0.8560686153846154,0.237405,0.43427453846153846,0.148909,0.9769653846153846,0.10782330769230769,-0.09209676923076925,0.15941515384615387,0.9716218461538462,0.08734092307692308,0.05744923076923077,-0.21214376923076922,0.9893050769230769,0.05023615384615385,0.09673646153846154,0.09683492307692308,0.9719941538461538,0.018446230769230767,0.10220638461538462,-0.21076984615384614
212,0.9979072307692308,-0.011781153846153847,0.01695246153846154,-0.061201461538461545,0.8561804615384615,0.23736592307692309,0.434168,0.148637,0.9770941538461538,0.10762346153846154,-0.09147446153846155,0.1591183076923077,0.9715961538461538,0.08710230769230769,0.057171307692307695,-0.212433,0.9893531538461539,0.05024,0.09651115384615384,0.09656523076923078,0.9719591538461538,0.018468461538461538,0.10196376923076923,-0.2110466153846154
213,0.9979295384615384,-0.011692692307692308,0.016727076923076924,-0.06091607692307693,0.8562950769230769,0.23733515384615386,0.434058,0.148347,0.9772256923076923,0.10741807692307692,-0.09085907692307693,0.15880138461538462,0.9715676923076924,0.08685538461538461,0.05688438461538462,-0.212743,0.9894046923076923,0.050230000000000004,0.09627269230769231,0.09627753846153847,0.9719206923076923,0.01848307692307692,0.10171146153846154,-0.21134276923076922
214,0.9979487692307693,-0.011606692307692307,0.016473384615384615,-0.060693461538461536,0.8563875384615385,0.23728284615384615,0.43398861538461536,0.1481013076923077,0.9773504615384615,0.10721207692307692,-0.09021107692307692,0.15854415384615383,0.9715515384615385,0.08659307692307693,0.05663253846153846,-0.21299084615384614,0.9894482307692308,0.05020276923076923,0.09606192307692309,0.09605261538461539,0.9718939230769231,0.018476153846153847,0.10148253846153847,-0.211578
215,0.9979687692307693,-0.011517076923076923,0.01622646153846154,-0.06045269230769231,0.8564867692307693,0.2372320769230769,0.4339105384615385,0.14783784615384615,0.9774773846153846,0.10699746153846154,-0.08956838461538463,0.15827223076923078,0.9715330769230769,0.08631846153846154,0.056375615384615385,-0.21325392307692306,0.9894943846153846,0.050172769230769236,0.095845,0.09581146153846154,0.971863923076923,0.018467307692307693,0.1012433076923077,-0.21183146153846152
216,0.9979903076923077,-0.011422307692307695,0.01599138461538462,-0.06017746153846155,0.8565972307692308,0.23718776923076923,0.4338166923076923,0.14754307692307694,0.9776084615384615,0.10677284615384616,-0.0889376153846154,0.15796930769230771,0.9715092307692308,0.08603184615384617,0.05610838461538462,-0.21354823076923077,0.9895448461538462,0.050143692307692306,0.09561700000000001,0.09553761538461539,0.9718274615384616,0.018459153846153847,0.10098900000000001,-0.21211961538461538
217,0.9980118461538461,-0.011323846153846155,0.015748307692307697,-0.059899769230769236,0.8567033846153846,0.23714161538461537,0.4337351538461538,0.14723846153846154,0.9777407692307692,0.10654207692307693,-0.08830069230769232,0.15766084615384615,0.9714853846153846,0.08573107692307692,0.0558553076923077,-0.21384438461538463,0.9895940769230769,0.05011215384615385,0.09539700000000001,0.09526069230769231,0.9717897692307693,0.018439923076923076,0.10073900000000001,-0.2124126923076923
218,0.9980306153846153,-0.011215692307692308,0.015474769230769235,-0.05968023076923078,0.8567887692307692,0.2370733076923077,0.4336951538461538,0.14696915384615386,0.9778668461538462,0.10630853846153847,-0.0876333076923077,0.15740776923076924,0.9714733076923077,0.08540815384615386,0.05563061538461539,-0.21408653846153847,0.9896370769230769,0.05005292307692308,0.09520469230769231,0.09504053846153847,0.9717624615384615,0.018395769230769233,0.10051323076923077,-0.212649
219,0.9980509230769231,-0.011110153846153846,0.015206153846153848,-0.05942884615384616,0.8568778461538461,0.23702653846153846,0.43364453846153844,0.14667423076923078,0.9779968461538462,0.106077,-0.08697407692307693,0.157123,0.9714542307692308,0.08508600000000001,0.055402615384615383,-0.21436007692307693,0.9896830769230769,0.04999846153846154,0.09500623076923077,0.09478884615384615,0.9717279999999999,0.01835946153846154,0.10028415384615384,-0.21291684615384615
220,0.9980722307692308,-0.011005923076923078,0.014944000000000004,-0.05915238461538462,0.856972076923077,0.23699599999999998,0.433581,0.146361,0.9781294615384616,0.1058446923076923,-0.08632415384615386,0.15681392307692307,0.9714296153846154,0.08476576923076924,0.055168,-0.21465853846153846,0.9897315384615384,0.049951538461538464,0.09480069230769231,0.09451123076923076,0.9716884615384616,0.018332538461538463,0.10005038461538462,-0.21320876923076923
221,0.998093,-0.010899000000000004,0.014684000000000008,-0.058877000000000006,0.857069,0.236966,0.433511,0.146051,0.978261,0.10560700000000002,-0.08567800000000003,0.156507,0.971405,0.08444500000000002,0.054928000000000005,-0.214957,0.98978,0.04991,0.094593,0.09423200000000001,0.97165,0.018311,0.09981500000000001,-0.213498
222,0.9981160769230769,-0.010796692307692311,0.014443230769230776,-0.058567769230769236,0.8571766923076923,0.23695292307692306,0.43341792307692306,0.14571946153846155,0.9783948461538462,0.10537853846153847,-0.0850549230769231,0.15616546153846156,0.971371923076923,0.08415269230769232,0.05466261538461539,-0.21529007692307692,0.9898323076923077,0.049883076923076926,0.09436761538461538,0.09391969230769232,0.9716046153846154,0.018307153846153845,0.09956653846153847,-0.21381799999999998
223,0.9981375384615384,-0.010689538461538464,0.014201384615384621,-0.05827846153846154,0.8572886923076923,0.2369177692307692,0.43331946153846157,0.14541,0.9785238461538462,0.10516353846153847,-0.08443076923076925,0.15583953846153847,0.9713415384615384,0.08386415384615385,0.05439292307692308,-0.2156080769230769,0.9898835384615384,0.049848076923076926,0.09414492307692308,0.09362138461538462,0.9715635384615384,0.018299,0.09932346153846154,-0.21411861538461538
224,0.9981583076923076,-0.010578769230769232,0.013961230769230774,-0.057998307692307696,0.8574043846153846,0.23687253846153847,0.4332153076923077,0.14511000000000002,0.9786501538461538,0.10495769230769231,-0.08381015384615385,0.15551876923076924,0.9713110769230769,0.0835846153846154,0.054116461538461544,-0.2159223846153846,0.9899343076923076,0.049812076923076924,0.09392184615384616,0.09332723076923077,0.9715239999999999,0.01829176923076923,0.09908053846153847,-0.21441184615384615
225,0.9981793076923077,-0.010466538461538463,0.01372592307692308,-0.05771492307692308,0.8575237692307692,0.23682915384615386,0.4331037692307692,0.14480707692307693,0.9787758461538462,0.10475838461538461,-0.08319738461538462,0.15519138461538462,0.9712777692307693,0.08331838461538461,0.05383069230769231,-0.21624492307692308,0.9899856153846154,0.04978192307692308,0.09369476923076923,0.09302569230769231,0.971483,0.018291692307692307,0.09883315384615385,-0.21471123076923077
226,0.9982023846153846,-0.010361923076923078,0.013505153846153849,-0.057394153846153845,0.8576514615384616,0.2368106923076923,0.43297146153846156,0.14447784615384618,0.9789043076923076,0.10457223076923078,-0.08260123076923077,0.15482523076923077,0.9712354615384615,0.08307223076923077,0.05352761538461539,-0.21660415384615386,0.9900417692307691,0.04977115384615385,0.09345246153846154,0.09268261538461539,0.971433,0.018318615384615385,0.09857469230769231,-0.21505353846153846
227,0.9982254615384616,-0.010262230769230772,0.013295461538461544,-0.05705553846153847,0.8577834615384615,0.2368063846153846,0.432825,0.1441363076923077,0.9790333846153846,0.10439038461538462,-0.08202046153846156,0.15444,0.9711888461538462,0.08284023076923078,0.05321161538461539,-0.21698061538461538,0.9900985384615384,0.04978192307692308,0.09320153846153847,0.09232046153846155,0.9713786923076922,0.018362153846153844,0.09830823076923077,-0.21541615384615384
228,0.9982473846153846,-0.010161461538461541,0.01308853846153847,-0.0567313076923077,0.857913076923077,0.23680099999999998,0.43268076923076926,0.14380515384615386,0.9791595384615385,0.1042123076923077,-0.08143776923076924,0.15406807692307692,0.9711449999999999,0.08261023076923077,0.052893153846153854,-0.21734253846153845,0.9901535384615384,0.049795,0.09295153846153847,0.09197353846153847,0.9713271538461538,0.018407923076923075,0.09804207692307693,-0.21576499999999998
229,0.9982683076923077,-0.010060076923076925,0.01288238461538462,-0.05642423076923078,0.8580389230769231,0.236793,0.4325416923076923,0.14348715384615388,0.9792826153846154,0.10403784615384616,-0.08085053846153847,0.15371253846153848,0.9711046923076924,0.08237976923076923,0.052575000000000004,-0.2176866923076923,0.9902066153846153,0.049805153846153846,0.09270446153846154,0.091646,0.9712794615384615,0.018451923076923078,0.09777853846153847,-0.21609515384615383
230,0.9982898461538461,-0.00996546153846154,0.012679307692307696,-0.05611038461538462,0.8581635384615385,0.236793,0.4324001538461538,0.1431679230769231,0.9794056923076924,0.10386707692307692,-0.08026823076923079,0.1533502307692308,0.9710631538461538,0.08215361538461538,0.052255,-0.21803515384615385,0.9902596923076923,0.04981592307692308,0.09245676923076923,0.09131600000000001,0.9712317692307691,0.01849653846153846,0.09751623076923077,-0.21642592307692307
231,0.9983072307692308,-0.009872923076923074,0.01246584615384615,-0.05586092307692307,0.8582763846153846,0.23676184615384616,0.43228076923076925,0.1429013076923077,0.9795197692307692,0.1036886923076923,-0.07966653846153846,0.15305576923076922,0.9710361538461538,0.08191361538461538,0.05195023076923076,-0.2183192307692308,0.9903058461538461,0.049805923076923074,0.09222430769230769,0.09105453846153846,0.9711986153846154,0.018517615384615386,0.09726430769230769,-0.21668746153846155
232,0.9983246153846154,-0.009781076923076922,0.012255384615384614,-0.055617692307692305,0.8583930000000001,0.2367203076923077,0.4321592307692308,0.14264007692307692,0.9796333076923077,0.10349838461538462,-0.07906130769230768,0.15277161538461537,0.9710103076923077,0.08167346153846153,0.05164253846153846,-0.2185966153846154,0.9903512307692308,0.049789,0.09199353846153846,0.09080346153846154,0.9711675384615385,0.018535615384615383,0.09701076923076923,-0.21693900000000002
233,0.9983413846153847,-0.00968723076923077,0.012048615384615385,-0.05538353846153846,0.858512076923077,0.23666700000000002,0.4320373846153846,0.14238407692307692,0.9797457692307692,0.10329607692307692,-0.07845423076923078,0.15249992307692306,0.9709876153846153,0.08142476923076923,0.05133661538461538,-0.21886115384615384,0.9903956923076923,0.04976530769230769,0.09176323076923076,0.0905653076923077,0.9711390769230769,0.01854730769230769,0.0967533076923077,-0.2171793076923077
234,0.998356,-0.009588,0.011844,-0.055172,0.858629,0.236597,0.431922,0.142141,0.979855,0.103083,-0.077845,0.152253,0.970973,0.081154,0.051042,-0.219095,0.990438,0.049733,0.091534,0.090353,0.971116,0.018545,0.096491,-0.217397
235,0.998376,-0.009487999999999998,0.01164553846153846,-0.05486892307692307,0.8587589999999999,0.236567,0.4317881538461539,0.141811,0.9799773076923077,0.10285992307692307,-0.07724961538461537,0.15191915384615384,0.970939923076923,0.08088707692307692,0.05073738461538461,-0.2194119230769231,0.9904903076923077,0.049699153846153844,0.09128246153846153,0.0900553076923077,0.9710752307692307,0.01854730769230769,0.09621330769230768,-0.21770392307692307
236,0.9983970769230769,-0.009389076923076922,0.01143953846153846,-0.05454430769230769,0.8588863076923077,0.23655423076923077,0.43165969230769236,0.141453,0.9801033846153847,0.10263038461538461,-0.07665046153846153,0.15156376923076922,0.970902,0.08061423076923077,0.0504456923076923,-0.2197476923076923,0.9905431538461539,0.049671230769230766,0.09103415384615383,0.08973715384615384,0.971028,0.018546384615384614,0.095941,-0.218034
237,0.9984170769230769,-0.009281384615384613,0.011223538461538458,-0.054242769230769226,0.8590063076923077,0.23652576923076923,0.43155046153846155,0.14110453846153845,0.9802276923076924,0.10238946153846154,-0.07603769230769229,0.1512320769230769,0.97087,0.08031761538461538,0.05016907692307692,-0.22006015384615385,0.9905931538461539,0.04963446153846154,0.09079676923076922,0.08944192307692307,0.9709844615384615,0.018531153846153843,0.09567253846153846,-0.21834599999999998
238,0.9984345384615385,-0.009159384615384613,0.010994692307692304,-0.053993692307692305,0.8591153846153846,0.2364603076923077,0.4314706153846154,0.1407910769230769,0.9803465384615384,0.10213392307692307,-0.07540384615384614,0.15095392307692307,0.9708509230769231,0.0799866923076923,0.04991023076923076,-0.2203216923076923,0.9906380769230769,0.049579230769230764,0.09057592307692307,0.08919807692307692,0.9709512307692307,0.018494538461538458,0.09540746153846154,-0.218613
239,0.9984499230769232,-0.009033230769230769,0.010741615384615386,-0.053780615384615385,0.8592092307692307,0.23637338461538462,0.4314267692307692,0.14050184615384617,0.9804619230769231,0.10186315384615384,-0.07474230769230769,0.15071315384615383,0.9708401538461539,0.07963361538461539,0.049682538461538465,-0.2205486153846154,0.9906788461538462,0.04951153846153846,0.09037515384615384,0.08898884615384615,0.9709235384615384,0.01843992307692308,0.09515207692307692,-0.21885300000000002
240,0.9984671538461539,-0.008912615384615385,0.010492846153846155,-0.05352569230769231,0.8593073846153846,0.2363086153846154,0.43137061538461535,0.14018123076923078,0.9805834615384615,0.10158869230769231,-0.07409,0.15043053846153845,0.9708201538461538,0.07927807692307692,0.04945546153846154,-0.22081492307692308,0.9907233076923077,0.04945246153846154,0.09016576923076923,0.08873715384615385,0.970886,0.018390846153846153,0.09489115384615385,-0.21913484615384615
241,0.998486,-0.008798384615384614,0.010249384615384615,-0.05324030769230769,0.8594093076923077,0.23626284615384616,0.43130407692307693,0.1398393076923077,0.9807073076923076,0.10132369230769231,-0.07344576923076923,0.15011784615384616,0.9707936153846154,0.07892192307692308,0.049226230769230765,-0.2211106923076923,0.9907706153846154,0.04940246153846154,0.08994730769230769,0.088456,0.9708425384615385,0.018350461538461538,0.09462576923076922,-0.21944561538461538
242,0.9985053846153846,-0.008687923076923076,0.01000707692307692,-0.052946153846153844,0.8595108461538461,0.23622576923076924,0.43123561538461536,0.13949253846153847,0.9808302307692307,0.10107153846153846,-0.07280284615384615,0.1497966153846154,0.9707653076923077,0.078563,0.04899807692307692,-0.22141515384615384,0.9908187692307692,0.04935584615384615,0.08972530769230769,0.08816707692307692,0.9707977692307692,0.01831369230769231,0.09436007692307692,-0.21976346153846152
243,0.9985223076923077,-0.00857253846153846,0.009752461538461535,-0.05269692307692307,0.8596000769230768,0.2361696153846154,0.4311886923076923,0.13918023076923075,0.9809463846153846,0.10082923076923077,-0.07214207692307692,0.14951969230769233,0.9707468461538461,0.078193,0.04878346153846153,-0.2216759230769231,0.9908626153846154,0.04929507692307692,0.08951684615384616,0.08792246153846153,0.9707616153846154,0.018262153846153845,0.09410546153846153,-0.22003576923076923
244,0.9985399230769231,-0.008465461538461538,0.009515153846153847,-0.05241515384615385,0.8596996923076923,0.23613007692307691,0.43111684615384616,0.13885338461538463,0.9810653076923077,0.10058692307692307,-0.07149723076923077,0.149213,0.9707207692307692,0.0778403076923077,0.04855015384615385,-0.22196438461538462,0.990909923076923,0.04924053846153846,0.08929246153846154,0.08764807692307693,0.9707206153846154,0.018220999999999998,0.09383838461538462,-0.2203336923076923
245,0.9985566923076923,-0.008360692307692309,0.009279769230769234,-0.05214869230769231,0.8597981538461539,0.23608453846153846,0.431045,0.1385429230769231,0.9811813076923077,0.10034138461538461,-0.07085092307692309,0.148921,0.9706975384615384,0.07749369230769232,0.04831292307692308,-0.22223746153846155,0.9909557692307692,0.049188076923076925,0.08906676923076924,0.08738884615384616,0.9706827692307692,0.018179153846153845,0.09357176923076924,-0.220616
246,0.9985723846153847,-0.008256153846153847,0.009044615384615385,-0.05190407692307693,0.8598941538461539,0.2360296153846154,0.4309763846153846,0.13825323076923077,0.9812937692307693,0.10009438461538461,-0.07020176923076923,0.14865046153846154,0.9706788461538461,0.07715007692307693,0.04807446153846154,-0.22248923076923077,0.9909996923076922,0.049136307692307694,0.08884115384615385,0.08715023076923077,0.9706492307692308,0.01813884615384615,0.09330569230769231,-0.22087838461538462
247,0.998587,-0.00815,0.00881,-0.051681,0.859988,0.235965,0.430911,0.137984,0.981403,0.099849,-0.069551,0.148402,0.970665,0.076807,0.047836,-0.22272,0.991042,0.049084,0.088615,0.086931,0.97062,0.018105,0.093038,-0.221123
248,0.9986023846153846,-0.008038461538461538,0.00858076923076923,-0.051444076923076926,0.8600887692307692,0.23590038461538462,0.43083484615384615,0.13770323076923077,0.9815137692307692,0.099599,-0.06890715384615384,0.1481396923076923,0.9706465384615385,0.0764746923076923,0.04758523076923076,-0.22296923076923075,0.9910858461538461,0.049035538461538464,0.08838346153846154,0.08669484615384615,0.9705876923076924,0.018073461538461538,0.09276723076923077,-0.22138146153846153
249,0.9986172307692308,-0.007925307692307693,0.008345076923076926,-0.05121307692307693,0.8601884615384615,0.23583307692307692,0.4307613846153846,0.13742623076923077,0.9816239999999999,0.09934684615384616,-0.06825846153846155,0.14788007692307692,0.970627,0.07615423076923078,0.047336076923076925,-0.22321576923076922,0.9911291538461539,0.048983307692307694,0.08815515384615386,0.08646084615384615,0.9705553846153846,0.018038692307692308,0.09250507692307693,-0.22163507692307693
250,0.9986330769230769,-0.007812692307692309,0.008114615384615389,-0.05095661538461539,0.8602963076923077,0.2357756923076923,0.4306718461538461,0.13713146153846154,0.9817361538461539,0.09910084615384616,-0.06761969230769231,0.147593,0.9706005384615385,0.07584776923076923,0.047075307692307694,-0.22348915384615384,0.991175,0.04894269230769231,0.087919,0.08619792307692307,0.970516923076923,0.01801423076923077,0.09223892307692308,-0.22191584615384616
251,0.998651076923077,-0.007703307692307694,0.007900000000000003,-0.05065146153846154,0.8604193846153846,0.23573776923076922,0.4305513076923077,0.13680407692307692,0.9818519230769231,0.09886792307692309,-0.06700315384615385,0.1472566153846154,0.9705627692307692,0.07555884615384616,0.04679146153846154,-0.22381092307692307,0.9912256923076923,0.04892523076923077,0.08766523076923077,0.08588346153846153,0.9704677692307692,0.01801176923076923,0.09195776923076923,-0.22224784615384613
252,0.9986718461538462,-0.007606384615384616,0.007720000000000001,-0.050286076923076926,0.8605632307692308,0.23572546153846152,0.4303843846153846,0.13644484615384614,0.9819711538461539,0.09865715384615384,-0.06642469230769232,0.14686276923076924,0.9705104615384615,0.0753073076923077,0.04646607692307692,-0.22419015384615384,0.9912826153846154,0.04893753846153846,0.08737753846153846,0.08550807692307692,0.9704054615384615,0.01804946153846154,0.09164546153846154,-0.2226463076923077
253,0.998688923076923,-0.007503307692307693,0.0075320000000000005,-0.04999146153846154,0.8606953846153846,0.23567746153846153,0.43024146153846154,0.13614284615384617,0.9820817692307692,0.09844453846153846,-0.06582776923076923,0.1465366153846154,0.9704729230769231,0.07505946153846155,0.046146846153846156,-0.2245016923076923,0.9913333846153846,0.04894492307692307,0.08710092307692308,0.085201,0.9703560769230769,0.018081,0.09133684615384616,-0.22298507692307692
254,0.9987062307692307,-0.007404076923076923,0.0073504615384615375,-0.049681461538461535,0.8608311538461538,0.2356393846153846,0.43008915384615387,0.1358313076923077,0.9821940769230769,0.09822876923076923,-0.06523469230769231,0.14619623076923077,0.9704313846153846,0.07482292307692308,0.04581953846153846,-0.2248266923076923,0.9913853076923077,0.04896030769230769,0.0868166923076923,0.08487907692307693,0.970303,0.018124846153846155,0.09102146153846154,-0.22334123076923076
255,0.998725,-0.007310846153846153,0.007181384615384615,-0.04933530769230769,0.8609753076923077,0.23562138461538462,0.4299171538461538,0.13549392307692307,0.9823100769230769,0.09801138461538461,-0.064653,0.14582192307692307,0.9703818461538462,0.07459815384615384,0.04547876923076923,-0.2251839230769231,0.9914400769230769,0.048987538461538464,0.08651992307692308,0.08452323076923077,0.9702428461538462,0.01818376923076923,0.09069653846153845,-0.22373092307692308
256,0.998745,-0.007220076923076925,0.007028307692307695,-0.048976846153846156,0.8611268461538462,0.2356083076923077,0.4297279230769231,0.1351485384615385,0.9824254615384616,0.0977983076923077,-0.06408300000000001,0.14543653846153848,0.970331076923077,0.07437892307692309,0.04512261538461539,-0.22554853846153847,0.9914954615384615,0.04902523076923077,0.08621453846153847,0.08415938461538462,0.970182076923077,0.018247615384615383,0.09036423076923077,-0.22412553846153846
257,0.998765,-0.0071327692307692325,0.006892538461538463,-0.04859207692307693,0.8612887692307691,0.23561323076923077,0.42951723076923076,0.134781,0.982542923076923,0.09758384615384616,-0.06353238461538462,0.1450276153846154,0.9702747692307693,0.07415969230769232,0.044749153846153855,-0.225936,0.9915543076923077,0.049056,0.08589876923076924,0.08377269230769231,0.9701164615384615,0.01831353846153846,0.09002292307692307,-0.22453746153846155
258,0.9987831538461539,-0.0070370769230769245,0.006746230769230771,-0.04825053846153846,0.8614421538461539,0.23559476923076922,0.42932676923076923,0.13443961538461538,0.9826555384615384,0.09736092307692308,-0.06296638461538462,0.1446613076923077,0.9702284615384615,0.07393446153846155,0.04438346153846154,-0.22628123076923076,0.9916084615384615,0.04906892307692308,0.08559800000000001,0.08343053846153846,0.970060923076923,0.01836076923076923,0.08969215384615385,-0.22490515384615387
259,0.9988005384615385,-0.006935076923076924,0.006593461538461539,-0.047931,0.8615920769230769,0.23556330769230768,0.42914630769230766,0.1341083076923077,0.9827656923076924,0.09713038461538462,-0.06239284615384616,0.14431661538461538,0.9701873846153846,0.07370269230769232,0.04402123076923077,-0.22660446153846153,0.9916603846153846,0.04907161538461539,0.08530292307692308,0.0831116923076923,0.9700108461538461,0.018397923076923076,0.08936653846153847,-0.22524853846153847
260,0.998819,-0.006832,0.006445,-0.047591,0.861749,0.235541,0.428954,0.133756,0.982878,0.096895,-0.061829,0.143952,0.970142,0.073465,0.043652,-0.226946,0.991715,0.049077,0.084996,0.082774,0.969957,0.018441,0.089035,-0.225607
261,0.9988343846153847,-0.006722769230769233,0.006285000000000003,-0.047297923076923085,0.8618982307692308,0.23549023076923076,0.42878015384615387,0.1334383076923077,0.9829833846153846,0.09666115384615384,-0.061250538461538474,0.1436343076923077,0.9701081538461539,0.07320423076923077,0.04329892307692309,-0.22724446153846153,0.991765,0.04906238461538461,0.08469753846153848,0.082484,0.9699146923076923,0.018467153846153845,0.08871269230769231,-0.22591469230769232
262,0.9988503076923076,-0.00661946153846154,0.0061287692307692345,-0.046992461538461545,0.8620506923076923,0.235447,0.4285976923076923,0.13311576923076923,0.9830898461538461,0.09642838461538462,-0.060675846153846164,0.14330584615384617,0.9700716153846154,0.07294292307692309,0.04293938461538463,-0.22755261538461538,0.9918160769230769,0.04904723076923077,0.0844023076923077,0.08218323076923077,0.9698702307692308,0.018495461538461537,0.08839361538461539,-0.22622669230769232
263,0.9988658461538461,-0.0065174615384615405,0.0059778461538461565,-0.04669461538461539,0.8622042307692308,0.23539930769230769,0.4284124615384615,0.13280223076923078,0.983194923076923,0.09619238461538462,-0.060104000000000005,0.1429856923076923,0.9700366923076923,0.0726823076923077,0.042575230769230775,-0.2278523076923077,0.9918663846153847,0.049026615384615384,0.08410938461538461,0.08189076923076924,0.9698285384615385,0.018521,0.08807500000000001,-0.22652638461538463
264,0.9988804615384616,-0.006413230769230771,0.0058328461538461555,-0.04641469230769231,0.8623579230769232,0.23534076923076924,0.42822753846153844,0.13250346153846154,0.9832973846153846,0.09595053846153848,-0.05953438461538462,0.14268338461538463,0.9700054615384616,0.07242615384615385,0.042207153846153846,-0.2281343846153846,0.991915,0.04899769230769231,0.08381753846153847,0.08161615384615384,0.9697920769230769,0.018540538461538462,0.08775492307692309,-0.22680615384615385
265,0.9988950769230769,-0.006305538461538462,0.005691307692307693,-0.046121615384615386,0.8625171538461539,0.23528846153846153,0.4280329230769231,0.1321880769230769,0.9834012307692308,0.09570592307692309,-0.05896823076923077,0.14236723076923077,0.9699700769230769,0.07219769230769231,0.04182869230769231,-0.22842823076923077,0.991965,0.048964615384615384,0.08352292307692308,0.08132769230769231,0.9697528461538462,0.018555923076923077,0.08743415384615386,-0.2270976923076923
266,0.9989127692307692,-0.0061990769230769235,0.005552846153846154,-0.045767615384615386,0.8626868461538462,0.23526323076923075,0.427818,0.13182284615384615,0.9835118461538461,0.09546438461538462,-0.05841807692307693,0.14199015384615385,0.9699199230769231,0.07196676923076922,0.041448384615384616,-0.22878176923076923,0.9920199230769231,0.04893830769230769,0.08322153846153846,0.08098015384615384,0.9696988461538462,0.018586076923076924,0.0871066153846154,-0.22745015384615386
267,0.9989296923076922,-0.006088307692307693,0.005400923076923078,-0.04542992307692308,0.8628545384615385,0.23522015384615383,0.4276118461538461,0.1314713076923077,0.9836206923076923,0.09522515384615385,-0.057856153846153856,0.14162669230769231,0.969873,0.07172292307692307,0.04108184615384616,-0.2291217692307692,0.992073,0.048915230769230766,0.0829273076923077,0.08064476923076923,0.9696465384615385,0.01861223076923077,0.086787,-0.22779207692307693
268,0.9989441538461539,-0.00597292307692308,0.0052349230769230815,-0.04514438461538462,0.8630146923076923,0.23514246153846152,0.4274252307692308,0.13116469230769232,0.9837228461538462,0.09498992307692308,-0.05727630769230771,0.14131207692307693,0.9698380769230769,0.07145938461538462,0.04073230769230771,-0.22941407692307692,0.9921213076923077,0.04889292307692308,0.08264315384615385,0.08035676923076923,0.9696040769230769,0.01862992307692308,0.08647653846153848,-0.22808930769230767
269,0.998954923076923,-0.0058575384615384635,0.005069538461538465,-0.0449413076923077,0.8631631538461538,0.23502476923076923,0.4272613846153846,0.13093315384615384,0.9838120769230769,0.09476453846153847,-0.056687846153846165,0.14107746153846157,0.9698234615384616,0.07116630769230771,0.04039384615384616,-0.22962946153846153,0.9921628461538462,0.04886753846153846,0.08236392307692308,0.08015061538461539,0.9695794615384615,0.018644538461538462,0.08616423076923077,-0.22831084615384617
270,0.9989705384615385,-0.005744923076923079,0.004926307692307694,-0.044627461538461546,0.8633289230769231,0.23496246153846154,0.4270573846153846,0.1306143846153846,0.9839144615384615,0.09453984615384617,-0.05613538461538462,0.14073346153846156,0.9697797692307693,0.07092307692307694,0.04001938461538462,-0.22995215384615386,0.9922147692307692,0.04884769230769231,0.08205769230769232,0.07983438461538463,0.9695306153846154,0.018680615384615386,0.08582907692307694,-0.22864107692307692
271,0.9989871538461539,-0.005635384615384617,0.004784615384615386,-0.04428700000000001,0.8634956923076924,0.23492107692307693,0.42684661538461544,0.13027392307692306,0.9840196923076924,0.09431753846153847,-0.05558692307692308,0.14036253846153846,0.9697286923076923,0.07070338461538461,0.03963769230769231,-0.23030061538461538,0.9922687692307692,0.04883123076923077,0.08174661538461539,0.0794906923076923,0.9694753846153846,0.01872230769230769,0.08549369230769231,-0.22899815384615385
272,0.9990029230769231,-0.005524000000000001,0.004638153846153848,-0.043963076923076924,0.8636576923076923,0.23487615384615385,0.42664353846153846,0.12994715384615385,0.9841226153846154,0.09409792307692308,-0.055035230769230774,0.14000553846153846,0.9696810769230769,0.07048092307692308,0.03925915384615385,-0.230635,0.9923213076923078,0.048812,0.08143961538461539,0.07916084615384615,0.9694227692307693,0.018761999999999997,0.08516215384615385,-0.229342
273,0.999016,-0.005404000000000004,0.004482000000000005,-0.04370000000000001,0.86381,0.2348,0.426462,0.129671,0.984218,0.09388100000000002,-0.05447600000000002,0.139704,0.969648,0.07022400000000001,0.03889300000000001,-0.230915,0.992369,0.048782,0.08114500000000001,0.07888700000000001,0.969382,0.018792,0.08483600000000001,-0.229632
274,0.9990283076923078,-0.005282461538461541,0.004328923076923082,-0.04344769230769232,0.8639615384615384,0.23471384615384616,0.4262812307692308,0.12941023076923078,0.9843095384615385,0.09367176923076924,-0.05391984615384617,0.13941169230769232,0.9696164615384615,0.06996169230769231,0.0385253076923077,-0.2311880769230769,0.9924151538461539,0.04876353846153846,0.08084884615384616,0.07862007692307693,0.969342,0.018822,0.08450369230769232,-0.2299196923076923
275,0.9990395384615385,-0.0051609230769230794,0.004172076923076927,-0.043217461538461545,0.864110923076923,0.23460615384615385,0.4261085384615385,0.12917584615384614,0.9843989230769231,0.09345715384615384,-0.0533626153846154,0.13913876923076923,0.9695892307692308,0.06969992307692308,0.038161384615384625,-0.2314406923076923,0.9924596923076923,0.048734846153846156,0.08055538461538461,0.07837361538461539,0.9693068461538462,0.018842846153846154,0.08416869230769232,-0.2301890769230769
276,0.9990493846153846,-0.005039692307692309,0.00400869230769231,-0.043016384615384616,0.864256,0.23447630769230768,0.4259479230769231,0.12897061538461538,0.984484923076923,0.09323992307692308,-0.05279969230769232,0.1388916923076923,0.9695681538461539,0.06943284615384615,0.0378043076923077,-0.23166792307692308,0.9925023076923076,0.04869592307692308,0.08026646153846154,0.07815253846153847,0.9692771538461539,0.018850538461538464,0.08383223076923078,-0.2304370769230769
277,0.9990582307692307,-0.004919692307692309,0.0038385384615384635,-0.04283561538461539,0.8643971538461538,0.23433107692307692,0.42579776923076923,0.12878469230769232,0.9845683076923076,0.09302284615384616,-0.05223084615384616,0.1386616153846154,0.9695513076923077,0.06915669230769231,0.03745500000000001,-0.23187946153846153,0.9925437692307691,0.048650384615384616,0.07998123076923078,0.07794715384615385,0.9692503846153846,0.018846538461538463,0.08349446153846155,-0.23067346153846155
278,0.9990705384615385,-0.004806615384615386,0.003673923076923078,-0.04257176923076923,0.8645486923076923,0.23422184615384614,0.42562546153846154,0.1285316153846154,0.9846613846153847,0.09281130769230769,-0.05167930769230769,0.13834776923076922,0.9695143846153846,0.0688736153846154,0.037105,-0.23217407692307693,0.9925914615384615,0.048624230769230774,0.07968353846153846,0.07765869230769232,0.9692042307692308,0.018861923076923078,0.08314907692307692,-0.23098807692307693
279,0.9990785384615385,-0.004684307692307695,0.003477307692307697,-0.04241253846153847,0.8646737692307692,0.23406707692307693,0.4255103846153846,0.12835484615384615,0.9847421538461538,0.09259484615384617,-0.05108776923076924,0.13813546153846154,0.9695008461538462,0.06858500000000001,0.03678700000000001,-0.23236715384615383,0.9926293076923076,0.04858146153846154,0.07941969230769232,0.07747361538461539,0.9691826923076923,0.01884469230769231,0.08283384615384616,-0.23119376923076923
280,0.9990877692307693,-0.0045608461538461575,0.003281153846153852,-0.042228692307692314,0.8647999230769231,0.23392630769230768,0.42539269230769233,0.12815446153846155,0.9848263846153846,0.09237253846153846,-0.05049584615384617,0.1378996923076923,0.9694816153846154,0.06830423076923077,0.03646584615384616,-0.23258023076923076,0.992668923076923,0.04853146153846154,0.07915507692307694,0.07726784615384616,0.9691576923076923,0.018819692307692308,0.08252153846153847,-0.23141299999999998
281,0.9990985384615385,-0.004437153846153849,0.003091923076923082,-0.04201007692307693,0.8649316153846154,0.23380153846153845,0.42526330769230775,0.12792415384615385,0.9849151538461538,0.09214392307692308,-0.04990953846153848,0.137632,0.9694551538461539,0.06802638461538461,0.03613753846153847,-0.23282176923076922,0.9927115384615385,0.04846869230769231,0.07888446153846156,0.0770336923076923,0.9691273846153846,0.01878692307692308,0.08220661538461539,-0.23165484615384616
282,0.9991062307692308,-0.0043079230769230755,0.002896538461538459,-0.041855461538461536,0.8650546923076924,0.23363923076923077,0.4251548461538462,0.1277449230769231,0.9849959230769231,0.09190853846153846,-0.04930723076923076,0.137432,0.9694459230769231,0.0677233076923077,0.03582523076923076,-0.23299561538461538,0.9927492307692307,0.048367153846153844,0.07862676923076924,0.07687215384615384,0.9691143076923077,0.01872153846153846,0.0818996923076923,-0.2318240769230769
283,0.9991173846153846,-0.004191846153846152,0.002723307692307689,-0.04161361538461538,0.8652006153846155,0.23350876923076921,0.42500207692307695,0.12750546153846154,0.9850856923076924,0.09167246153846154,-0.04873607692307691,0.13714961538461537,0.9694186923076923,0.06741330769230769,0.035494230769230764,-0.23324907692307692,0.9927952307692307,0.04826907692307692,0.07834207692307692,0.07663099999999999,0.9690846153846154,0.01866653846153846,0.0815733846153846,-0.23206738461538462
284,0.9991275384615385,-0.004079999999999999,0.002547461538461537,-0.04138146153846154,0.8653467692307693,0.23336892307692308,0.4248503846153846,0.12727684615384613,0.9851736923076924,0.09143215384615384,-0.048161461538461535,0.13687884615384613,0.969395,0.06707115384615385,0.03517961538461538,-0.2334943076923077,0.9928398461538461,0.048171384615384616,0.07806084615384616,0.07640176923076923,0.9690581538461539,0.018608999999999997,0.08125092307692308,-0.23229630769230772
285,0.9991372307692308,-0.003970692307692308,0.0023710000000000007,-0.04116084615384616,0.8654932307692308,0.23322092307692308,0.424699,0.1270580769230769,0.9852603076923078,0.09118630769230769,-0.047584769230769236,0.13662030769230768,0.9693743076923077,0.06670992307692308,0.03487476923076923,-0.23372976923076924,0.9928831538461539,0.048076,0.07778115384615385,0.07618453846153846,0.9690343846153846,0.018551307692307693,0.08093015384615385,-0.23251223076923078
286,0.999148,-0.003863,0.002201,-0.040937,0.865644,0.233074,0.424539,0.126835,0.985348,0.090934,-0.047014,0.136358,0.969352,0.066353,0.034564,-0.233969,0.992927,0.047986,0.077495,0.075963,0.969009,0.018499,0.080604,-0.232733
287,0.9991564615384616,-0.0037491538461538456,0.002020999999999999,-0.04073776923076923,0.8657886153846154,0.23291323076923076,0.42439515384615384,0.12662346153846155,0.985431076923077,0.09068553846153846,-0.046432461538461534,0.13611723076923077,0.9693343076923077,0.06599684615384616,0.034257076923076925,-0.23418746153846154,0.9929685384615384,0.04788984615384615,0.07721653846153845,0.07576376923076923,0.9689882307692308,0.018442846153846153,0.08028553846153845,-0.23293376923076922
288,0.9991670769230769,-0.003635307692307691,0.0018393846153846136,-0.04049653846153846,0.8659310769230769,0.23278638461538462,0.42424915384615386,0.12636884615384616,0.985519,0.09045053846153846,-0.045854692307692305,0.13583123076923076,0.9693042307692308,0.06567676923076923,0.03393884615384615,-0.23444792307692308,0.9930133076923077,0.04780446153846154,0.0769326923076923,0.07551607692307692,0.9689566923076923,0.018396923076923078,0.079966,-0.23317976923076922
289,0.9991776923076923,-0.003514999999999999,0.0016496923076923067,-0.04025515384615384,0.8660643076923077,0.2326716153846154,0.42411915384615384,0.12610284615384618,0.9856068461538462,0.09022069230769231,-0.04526807692307692,0.1355436923076923,0.9692731538461539,0.065382,0.03361853846153846,-0.23470576923076922,0.9930579230769231,0.04772276923076923,0.07665330769230769,0.07526546153846154,0.9689236153846154,0.01835076923076923,0.07965153846153845,-0.23342946153846153
290,0.9991869230769231,-0.003384615384615386,0.0014485384615384642,-0.040041,0.866183923076923,0.2325546153846154,0.4240160769230769,0.12584715384615386,0.9856913076923076,0.08998976923076923,-0.04466461538461539,0.13528392307692308,0.9692487692307692,0.06509884615384615,0.03330400000000001,-0.234932,0.9931,0.047640076923076924,0.07638500000000001,0.07504269230769231,0.9688953846153846,0.01829723076923077,0.079346,-0.23365453846153847
291,0.9991961538461539,-0.0032507692307692316,0.0012439230769230787,-0.039831,0.8662931538461538,0.23245076923076924,0.4239268461538461,0.12558869230769232,0.9857743846153846,0.08975746153846154,-0.04405076923076924,0.13503315384615383,0.9692264615384616,0.0647873076923077,0.033004000000000006,-0.235152,0.99314,0.047560846153846155,0.076125,0.0748296153846154,0.9688692307692307,0.018239538461538463,0.079046,-0.2338699230769231
292,0.999206,-0.003117538461538462,0.001048538461538462,-0.039597615384615384,0.8664097692307693,0.23235307692307694,0.42382223076923076,0.12531607692307695,0.9858611538461538,0.08951161538461538,-0.04344492307692308,0.13476207692307693,0.969201076923077,0.06443330769230769,0.032708307692307696,-0.23539415384615384,0.9931824615384616,0.0474686923076923,0.07585638461538462,0.07459684615384615,0.9688393846153847,0.018172,0.07873984615384616,-0.23410069230769232
293,0.9992136923076923,-0.002981384615384615,0.0008416153846153841,-0.03941453846153846,0.866519,0.23222692307692308,0.42373530769230766,0.12508684615384616,0.9859411538461539,0.08926161538461538,-0.04282492307692307,0.13454130769230768,0.969188,0.06406023076923077,0.03242869230769231,-0.2355876153846154,0.9932205384615385,0.047362153846153845,0.07559907692307692,0.07441415384615385,0.9688209230769231,0.01808853846153846,0.07844369230769231,-0.23428223076923077
294,0.9992203076923077,-0.0028435384615384607,0.0006234615384615369,-0.03925853846153846,0.8666245384615384,0.23208153846153848,0.4236593076923077,0.12488207692307692,0.9860171538461538,0.08901023076923077,-0.04219476923076922,0.13434761538461537,0.9691812307692308,0.06368146153846153,0.03215976923076923,-0.23575438461538462,0.9932560769230769,0.047248769230769226,0.07534953846153845,0.07425784615384616,0.968808,0.01799776923076923,0.07815538461538461,-0.2344393076923077
295,0.9992318461538462,-0.0027112307692307674,0.00041576923076922813,-0.038986230769230766,0.8667522307692308,0.23197923076923077,0.42354084615384613,0.12458746153846154,0.9861079230769231,0.08875638461538461,-0.04158861538461538,0.1340406923076923,0.9691473846153846,0.06331376923076923,0.03187361538461538,-0.23603130769230768,0.9933014615384615,0.04715261538461538,0.07507723076923077,0.07398707692307692,0.968768,0.017931615384615383,0.07785230769230769,-0.23471084615384616
296,0.9992399230769231,-0.0025720000000000005,0.0001963076923076934,-0.03877761538461539,0.8668736923076923,0.23183469230769232,0.42344315384615383,0.12434476923076923,0.986191076923077,0.08849146153846155,-0.040963769230769234,0.13379676923076922,0.9691287692307693,0.06292738461538461,0.03159923076923077,-0.2362493846153846,0.993342,0.04704746153846154,0.07481876923076923,0.07377792307692307,0.9687404615384615,0.017857846153846155,0.07755823076923077,-0.234927
297,0.9992480769230769,-0.0024352307692307707,-1.9384615384613225e-05,-0.03857515384615385,0.8669958461538462,0.2316873076923077,0.4233426923076923,0.12410876923076923,0.9862724615384615,0.08822300000000001,-0.04033915384615385,0.1335616923076923,0.9691127692307693,0.062496,0.03134830769230769,-0.23646415384615382,0.9933810769230769,0.04694915384615385,0.07456138461538463,0.07357561538461539,0.9687138461538461,0.01778923076923077,0.07726053846153846,-0.2351406923076923
298,0.9992572307692308,-0.002302923076923078,-0.00022176923076922984,-0.038352461538461544,0.8671233076923077,0.23155615384615386,0.42322707692307693,0.1238563076923077,0.9863555384615385,0.08795069230769231,-0.039726461538461544,0.1333096153846154,0.9690925384615384,0.06204569230769231,0.031099461538461538,-0.23669861538461537,0.9934216153846154,0.046859538461538466,0.07429284615384615,0.07335461538461538,0.9686825384615384,0.017732461538461537,0.07695123076923077,-0.235376
299,0.999268,-0.002176,-0.000401,-0.038084,0.867261,0.23146,0.423084,0.123564,0.986444,0.087673,-0.039138,0.133015,0.969061,0.061618,0.030821,-0.236974,0.993467,0.046778,0.073999,0.07309,0.968641,0.017694,0.076622,-0.235656
