timestep,imu0_w,imu0_x,imu0_y,imu0_z,imu1_w,imu1_x,imu1_y,imu1_z,imu2_w,imu2_x,imu2_y,imu2_z,imu3_w,imu3_x,imu3_y,imu3_z,imu4_w,imu4_x,imu4_y,imu4_z,imu5_w,imu5_x,imu5_y,imu5_z
0,0.959424,0.085809,0.102172,-0.248385,0.941846,0.118872,0.197159,0.244757,0.975986,0.026361,0.024424,0.214809,0.878723,-0.127504,0.121896,0.443523,0.670251,-0.168863,0.18021,0.699826,-0.788232,-0.064486,0.610155,0.047175
1,0.9595978461538461,0.0859013076923077,0.10191276923076922,-0.2477873076923077,0.9420821538461539,0.11895276923076924,0.1969859230769231,0.243947,0.9761290769230769,0.026191,0.024321692307692308,0.21418823076923077,0.8790183846153846,-0.127174,0.12183753846153846,0.4430476153846154,0.6706371538461539,-0.16818453846153847,0.18043615384615386,0.6995606153846153,-0.7877858461538462,-0.06367523076923078,0.6108657692307693,0.04651423076923077
2,0.9597776153846154,0.08597907692307692,0.10156307692307692,-0.2472063076923077,0.9423053846153846,0.11899530769230769,0.19688553846153845,0.24314346153846153,0.9762716153846154,0.026037153846153845,0.024275923076923077,0.21356315384615385,0.8792938461538461,-0.12685423076923077,0.12185015384615384,0.44258946153846157,0.6710157692307692,-0.1674113076923077,0.1806709230769231,0.6993221538461538,-0.7873827692307692,-0.06286015384615384,0.6115200000000001,0.04585292307692308
3,0.9599614615384616,0.08604753846153847,0.10119184615384616,-0.24661984615384616,0.9425283076923078,0.1190193076923077,0.19679784615384616,0.24233746153846153,0.9764154615384616,0.02590776923076923,0.024240846153846154,0.2129263846153846,0.8795678461538461,-0.1265376153846154,0.12188215384615385,0.442127,0.6714034615384615,-0.16660453846153844,0.18089184615384615,0.6990856923076924,-0.7869836923076923,-0.06204292307692308,0.6121653846153846,0.045207384615384615
4,0.960146076923077,0.08611092307692307,0.10084646153846154,-0.24602023076923077,0.942756076923077,0.11904853846153847,0.19668861538461538,0.24152561538461537,0.9765602307692308,0.025804307692307692,0.024186076923076925,0.21228053846153846,0.8798503076923078,-0.12621346153846155,0.12190246153846154,0.4416515384615385,0.6718055384615385,-0.16580792307692307,0.18108723076923078,0.6988385384615385,-0.7865633846153847,-0.06123,0.612832923076923,0.044579692307692306
5,0.9603168461538462,0.08617015384615384,0.10050107692307692,-0.24547253846153846,0.9429568461538461,0.11915392307692307,0.19663476923076922,0.24073176923076925,0.9766925384615385,0.025697384615384615,0.024136846153846155,0.21168592307692308,0.8801133846153846,-0.12583807692307694,0.12196707692307693,0.4412169230769231,0.672170923076923,-0.16500715384615383,0.18128953846153845,0.6986239230769231,-0.7861472307692308,-0.06046,0.6134921538461537,0.04389661538461539
6,0.9604753076923077,0.08622015384615385,0.10010338461538461,-0.24499684615384615,0.9431323846153846,0.11926607692307692,0.19664123076923076,0.23998346153846153,0.9768088461538461,0.02555353846153846,0.024112846153846155,0.21116946153846153,0.8803346153846154,-0.12544053846153846,0.12211046153846154,0.44084938461538464,0.6724778461538461,-0.1641663846153846,0.18152507692307693,0.6984653076923077,-0.7857661538461538,-0.05971953846153846,0.6141064615384615,0.04314153846153846
7,0.9606191538461538,0.08626746153846154,0.09965646153846154,-0.244598,0.9432854615384615,0.11933876923076923,0.19670661538461537,0.23929115384615385,0.9769096153846154,0.02535546153846154,0.02411976923076923,0.210726,0.8805042307692308,-0.12510746153846153,0.12227776923076923,0.4405582307692308,0.6727236153846153,-0.1633040769230769,0.181782,0.6983641538461539,-0.7854157692307692,-0.05898569230769231,0.6146822307692308,0.04232269230769231
8,0.9607476153846154,0.08632176923076924,0.09916615384615385,-0.24427338461538461,0.9434219230769231,0.11934015384615385,0.19681784615384615,0.23865884615384617,0.9769963846153846,0.025099153846153847,0.024151615384615386,0.21034923076923076,0.8806217692307693,-0.12487176923076923,0.12244930769230769,0.4403413076923077,0.672907923076923,-0.16244176923076922,0.1820516923076923,0.6983178461538462,-0.7850900769230769,-0.058236461538461536,0.6152286923076923,0.04144669230769231
9,0.9608606923076922,0.08640561538461539,0.09864692307692308,-0.2440103076923077,0.9435565384615385,0.11922092307692307,0.19693707692307694,0.23808807692307693,0.9770733076923077,0.024789923076923077,0.02418469230769231,0.2100253846153846,0.8806956153846154,-0.12474561538461539,0.12262084615384615,0.4401828461538461,0.6730325384615384,-0.16162561538461537,0.18232015384615385,0.6983170769230769,-0.7847754615384616,-0.057428769230769235,0.6157671538461538,0.04052515384615384
10,0.9609709999999999,0.08643753846153845,0.09815884615384615,-0.2437596923076923,0.9436946153846154,0.11906223076923077,0.19699815384615385,0.23756992307692307,0.977144,0.024556846153846155,0.024216384615384615,0.20971953846153846,0.8807687692307692,-0.12458138461538461,0.12274323076923077,0.44004861538461537,0.673137076923077,-0.16085653846153847,0.18250484615384616,0.6983453846153846,-0.7844566923076923,-0.056645307692307696,0.6163035384615384,0.039636846153846154
11,0.9610722307692308,0.086484,0.09770469230769231,-0.24352707692307693,0.9438326153846154,0.11887146153846154,0.19703384615384614,0.2370866923076923,0.9772107692307692,0.02432576923076923,0.024220230769230768,0.209436,0.8808386153846154,-0.12440276923076923,0.12287538461538461,0.43992261538461536,0.6732246153846154,-0.16013376923076925,0.18266961538461537,0.6983838461538462,-0.7841194615384616,-0.05585992307692308,0.6168618461538462,0.038725461538461535
12,0.9611664615384615,0.08655046153846155,0.09725838461538462,-0.24331153846153847,0.9439640769230769,0.118662,0.19707423076923078,0.236633,0.9772744615384615,0.024078615384615382,0.02421023076923077,0.20916992307692306,0.8809016923076922,-0.12421346153846154,0.1230403076923077,0.43980423076923075,0.6732935384615384,-0.15944184615384616,0.18283353846153846,0.6984326923076923,-0.7837743846153846,-0.05506453846153846,0.6174296153846154,0.03778723076923077
13,0.961258,0.086632,0.096783,-0.24311,0.944081,0.118452,0.197155,0.236203,0.977336,0.023804,0.024211,0.208913,0.880954,-0.124015,0.123258,0.439695,0.673342,-0.158758,0.183012,0.698495,-0.783439,-0.054253,0.617985,0.036828
14,0.9613510769230769,0.08668738461538462,0.09629992307692307,-0.2429123076923077,0.9441940769230769,0.11825738461538461,0.19721961538461538,0.2357953076923077,0.9773967692307692,0.02353938461538462,0.02422407692307692,0.20865607692307692,0.8809978461538461,-0.12382884615384615,0.12346338461538461,0.43960115384615384,0.6733812307692307,-0.158088,0.18314661538461538,0.6985742307692308,-0.7831166923076923,-0.05344453846153846,0.6185196153846154,0.03588723076923077
15,0.9614759230769231,0.0867573076923077,0.09577646153846153,-0.24259992307692307,0.9443292307692308,0.11810746153846154,0.1972906923076923,0.23526915384615385,0.9774817692307692,0.023324307692307693,0.024264615384615384,0.20827584615384614,0.8810901538461539,-0.12365130769230769,0.12369838461538461,0.43939961538461536,0.6735066153846154,-0.15737276923076923,0.18332915384615384,0.6985667692307693,-0.7828175384615385,-0.052559076923076924,0.6190224615384615,0.035033153846153846
16,0.9616113076923077,0.08684330769230769,0.09523261538461539,-0.24224730769230768,0.9444689230769231,0.11798192307692307,0.19737346153846155,0.23470084615384615,0.977575,0.023145846153846152,0.02430923076923077,0.207852,0.8812004615384615,-0.12347223076923076,0.123955,0.43915653846153846,0.6736646153846154,-0.1566273846153846,0.18355807692307693,0.6985215384615385,-0.7825298461538461,-0.051660923076923077,0.6195089230769231,0.03418084615384615
17,0.9617403846153846,0.08694384615384615,0.0946873076923077,-0.24191323076923077,0.9445998461538462,0.11786176923076923,0.19746984615384616,0.2341520769230769,0.9776637692307693,0.022983307692307692,0.024340615384615384,0.2074486923076923,0.8813046153846154,-0.12328715384615384,0.12421815384615385,0.4389256923076923,0.6738117692307692,-0.15587115384615385,0.18382346153846152,0.698479,-0.7822421538461538,-0.05079546153846154,0.6199936923076923,0.033272
18,0.9618542307692307,0.0870423076923077,0.09417038461538461,-0.24162553846153847,0.9447183076923077,0.11771946153846154,0.1975683076923077,0.23366284615384614,0.9777414615384615,0.022756384615384612,0.02435676923076923,0.2071056153846154,0.8813907692307692,-0.1231186923076923,0.12441969230769231,0.4387426153846154,0.6739194615384615,-0.1551626923076923,0.18406807692307692,0.698469,-0.7819336923076923,-0.04995007692307692,0.6205006153846154,0.032332
19,0.9619582307692308,0.08712661538461539,0.09368853846153846,-0.241368,0.9448324615384616,0.11755869230769231,0.19764584615384614,0.23321853846153845,0.9778117692307692,0.02248392307692308,0.02435753846153846,0.2068043846153846,0.8814670769230769,-0.12294838461538461,0.12457015384615384,0.438594,0.674000076923077,-0.15451453846153845,0.18424315384615386,0.6984885384615385,-0.7816006153846153,-0.04910469230769231,0.6210358461538462,0.03140307692307692
20,0.9620578461538462,0.08720661538461538,0.09322161538461539,-0.24112415384615385,0.9449482307692307,0.11736946153846153,0.19771123076923075,0.23278930769230768,0.9778783076923077,0.022186615384615384,0.024349846153846152,0.2065236153846154,0.8815386153846153,-0.12278338461538461,0.12468976923076923,0.4384620769230769,0.6740696923076923,-0.15389723076923076,0.18438315384615386,0.6985204615384615,-0.7812521538461539,-0.048253923076923076,0.621587,0.030478846153846155
21,0.962157076923077,0.08728430769230769,0.09275946153846154,-0.2408803076923077,0.9450685384615384,0.11716115384615385,0.1977673846153846,0.23235623076923076,0.9779439999999999,0.021876615384615383,0.024338153846153846,0.20624699999999999,0.8816107692307692,-0.12262138461538462,0.12479023076923078,0.4383336153846154,0.6741413846153846,-0.1532873846153846,0.1845093076923077,0.6985520000000001,-0.7808944615384615,-0.047398076923076925,0.6221460769230769,0.029558846153846154
22,0.9622624615384616,0.08735584615384615,0.09229176923076923,-0.24061184615384615,0.9451962307692308,0.11697192307692308,0.19781430769230768,0.2318923846153846,0.978014,0.021569692307692307,0.024328923076923074,0.205947,0.8816946153846154,-0.12244830769230769,0.12488638461538461,0.4381866923076923,0.6742383076923076,-0.1526443076923077,0.18465084615384614,0.698562,-0.7805367692307692,-0.04654346153846154,0.6227014615384615,0.028648076923076925
23,0.9623768461538462,0.08747515384615386,0.09187946153846153,-0.24026861538461539,0.9453606153846154,0.11678546153846153,0.197783,0.23134130769230768,0.978102,0.021221923076923076,0.024260846153846154,0.20557361538461538,0.8818213846153846,-0.12230223076923077,0.12491815384615385,0.4379629230769231,0.6744030769230769,-0.15201923076923077,0.18481246153846154,0.6984965384615385,-0.7801444615384615,-0.04567084615384615,0.623299076923077,0.02772623076923077
24,0.9624954615384615,0.08759792307692307,0.0915093076923077,-0.23988846153846155,0.9455383076923077,0.11663438461538461,0.1977056153846154,0.23075653846153846,0.9781970769230769,0.020888538461538462,0.024165,0.20516576923076923,0.8819736923076924,-0.12213607692307693,0.12491276923076923,0.4377033846153846,0.6746021538461539,-0.15138923076923075,0.18498692307692308,0.698395,-0.779734,-0.04480407692307692,0.6239161538461538,0.026805923076923074
25,0.9626143846153846,0.08772984615384616,0.091195,-0.23948161538461538,0.9457286153846154,0.11651015384615385,0.19757653846153847,0.23015046153846155,0.9782971538461538,0.020572384615384614,0.02403353846153846,0.2047350769230769,0.8821488461538461,-0.12195246153846154,0.12486315384615385,0.4374153076923077,0.6748241538461538,-0.1507873846153846,0.18516684615384615,0.6982632307692308,-0.7792971538461538,-0.043933538461538454,0.6245629230769231,0.025887461538461536
26,0.962729,0.087886,0.090955,-0.239057,0.945934,0.116394,0.197385,0.229532,0.978401,0.020267,0.023852,0.204292,0.882345,-0.121764,0.124757,0.437103,0.675058,-0.150262,0.185343,0.698104,-0.778821,-0.043042,0.625256,0.024969
27,0.9628397692307692,0.08802984615384615,0.09078115384615384,-0.23862084615384616,0.9461401538461538,0.11630246153846154,0.1971526923076923,0.22892353846153846,0.9785063846153846,0.019961615384615383,0.023615846153846154,0.20384430769230769,0.8825596153846154,-0.12153015384615384,0.12460238461538461,0.4367799230769231,0.675304923076923,-0.149802,0.1854253076923077,0.6979416923076923,-0.7783079230769231,-0.042118923076923075,0.6259898461538462,0.024099000000000002
28,0.962957,0.08813923076923076,0.09059115384615385,-0.23817823076923078,0.9463333846153846,0.11623192307692308,0.19695430769230768,0.22832961538461538,0.9786117692307692,0.019669153846153847,0.02339853846153846,0.20338907692307692,0.8827769230769231,-0.12125430769230769,0.12445530769230768,0.4364584615384615,0.6755566923076923,-0.14932099999999998,0.185464,0.6977906923076923,-0.7778045384615385,-0.041183461538461544,0.6267086153846154,0.02328069230769231
29,0.9630776153846154,0.08823446153846154,0.09040192307692307,-0.2377276153846154,0.9465226153846154,0.11616023076923078,0.19676307692307693,0.22774623076923078,0.978719,0.019378846153846156,0.023182846153846155,0.20292384615384615,0.8829972307692308,-0.12097676923076923,0.12429546153846154,0.43613461538461534,0.675817,-0.14883253846153846,0.18547076923076924,0.6976411538461538,-0.7772957692307693,-0.040239923076923076,0.6274301538461539,0.02249469230769231
30,0.9631990769230769,0.08832892307692307,0.09022192307692307,-0.23727046153846154,0.9467131538461538,0.11607323076923078,0.19656215384615386,0.227172,0.9788286923076923,0.01908723076923077,0.02296,0.20244900000000002,0.8832194615384615,-0.12072323076923076,0.12411369230769231,0.4358071538461538,0.6760861538461539,-0.14834238461538463,0.18545976923076923,0.6974876153846153,-0.7767736923076923,-0.03929669230769231,0.6281635384615385,0.021723307692307695
31,0.9633198461538461,0.08840815384615384,0.09002115384615385,-0.23682507692307692,0.9468946923076923,0.11598553846153846,0.1963736923076923,0.226622,0.9789356153846154,0.018829538461538464,0.022760000000000002,0.20197900000000002,0.8834340769230768,-0.12046553846153846,0.12395061538461538,0.4354886923076923,0.6763476923076923,-0.14781623076923078,0.18546746153846153,0.6973437692307692,-0.7762606153846154,-0.03839361538461539,0.6288789230769231,0.020946384615384617
32,0.9634430769230768,0.08847507692307692,0.08980869230769231,-0.2363803076923077,0.9470713076923076,0.11589353846153846,0.1961963076923077,0.22608492307692307,0.9790413076923077,0.01860876923076923,0.022567384615384614,0.20150715384615386,0.8836511538461538,-0.12017092307692308,0.12381153846153846,0.4351702307692308,0.6766110769230769,-0.14725992307692307,0.18547576923076922,0.6972036153846154,-0.7757444615384615,-0.03750776923076923,0.6295936923076924,0.020181769230769232
33,0.9635661538461539,0.0885243076923077,0.08958061538461538,-0.23594646153846155,0.9472386153846154,0.11580084615384616,0.1960416923076923,0.22556607692307692,0.979144,0.01841069230769231,0.022386615384615383,0.201046,0.883861923076923,-0.11985092307692308,0.12369192307692307,0.43486446153846153,0.6768653076923077,-0.14668607692307692,0.1854673076923077,0.6970801538461538,-0.775231,-0.03664046153846154,0.6303006153846153,0.019426
34,0.9636870769230769,0.08855846153846154,0.08934092307692307,-0.2355286153846154,0.9473963076923078,0.11570515384615385,0.19590784615384615,0.225069,0.9792429230769231,0.018221,0.022214461538461537,0.20060138461538463,0.8840625384615384,-0.11952323076923077,0.12358053846153846,0.43457723076923077,0.6771062307692308,-0.14610530769230767,0.18543638461538461,0.6969766153846154,-0.7747185384615385,-0.03578876923076923,0.631002,0.01867569230769231
35,0.9638024615384615,0.08859076923076924,0.08910553846153846,-0.23513169230769232,0.9475478461538462,0.11559592307692307,0.19577707692307691,0.224599,0.9793375384615385,0.018011,0.02203676923076923,0.2001783076923077,0.8842502307692307,-0.11922938461538461,0.12344823076923077,0.4343133846153846,0.6773323846153847,-0.14553684615384616,0.18538330769230768,0.6968896923076923,-0.7741962307692308,-0.034942615384615384,0.6317119999999999,0.01792415384615385
36,0.9639136923076923,0.08863069230769231,0.08884523076923077,-0.2347610769230769,0.9476883076923077,0.11546938461538461,0.1956850769230769,0.22415184615384615,0.9794266153846154,0.017787153846153845,0.021877769230769232,0.1997766923076923,0.8844178461538462,-0.11897776923076923,0.12332976923076923,0.43407515384615386,0.677532923076923,-0.144967,0.1853433846153846,0.6968242307692307,-0.7736815384615385,-0.034097153846153846,0.6324095384615385,0.017150461538461538
37,0.96403,0.08863776923076923,0.08856646153846154,-0.23438692307692308,0.9478178461538461,0.11537969230769231,0.19561676923076923,0.2237086153846154,0.9795164615384616,0.01759269230769231,0.021736538461538463,0.1993686923076923,0.8845864615384615,-0.11870269230769231,0.12321053846153847,0.4338406923076923,0.6777352307692308,-0.1443596153846154,0.18529753846153846,0.6967662307692307,-0.7731796923076923,-0.03327069230769231,0.6330867692307692,0.016400153846153846
38,0.9641502307692308,0.08863784615384615,0.08829223076923078,-0.23399553846153845,0.9479478461538461,0.11531076923076923,0.19554476923076924,0.22325476923076923,0.9796104615384615,0.017412846153846154,0.02159169230769231,0.19894007692307691,0.8847669230769231,-0.11840723076923078,0.12308284615384615,0.4335893076923077,0.6779521538461538,-0.14374484615384614,0.1852479230769231,0.6966959230769231,-0.7726786923076924,-0.03244761538461539,0.6337596923076924,0.015666384615384613
39,0.964271,0.088674,0.088053,-0.233574,0.948094,0.11523,0.195434,0.222774,0.979712,0.017219,0.021414,0.198477,0.88497,-0.118108,0.122939,0.433297,0.678196,-0.143171,0.185201,0.696589,-0.772161,-0.031603,0.634452,0.014931
40,0.9643917692307692,0.08871707692307693,0.08784146153846153,-0.23313707692307692,0.9482409230769231,0.11517769230769231,0.1953093846153846,0.22228476923076923,0.9798158461538462,0.017072076923076926,0.021207846153846154,0.19799776923076923,0.8851907692307692,-0.117758,0.12279284615384616,0.43298392307692307,0.6784613846153846,-0.1425940769230769,0.18517023076923075,0.6964566923076922,-0.7716286923076923,-0.030768384615384618,0.6351558461538461,0.014193307692307693
41,0.9645152307692307,0.08878007692307692,0.08763423076923077,-0.2326796923076923,0.9483916153846154,0.11512861538461538,0.19518423076923078,0.22177561538461538,0.9799229230769231,0.016906307692307693,0.020993615384615385,0.1975023846153846,0.8854206923076923,-0.11740476923076923,0.12265476923076923,0.4326487692307692,0.6787413076923077,-0.142022,0.1851496923076923,0.6963060769230769,-0.7710931538461538,-0.02991546153846154,0.6358623846153847,0.013454000000000002
42,0.9646395384615384,0.08885069230769231,0.08742946153846154,-0.23221384615384616,0.9485442307692308,0.11508769230769231,0.19505392307692307,0.22125792307692307,0.9800313846153846,0.01672569230769231,0.020775923076923077,0.19700099999999998,0.8856545384615385,-0.11705138461538463,0.12251830769230769,0.43230415384615384,0.679029,-0.14144646153846155,0.18513661538461537,0.6961463846153846,-0.7705583846153846,-0.029060538461538468,0.6365654615384616,0.012710615384615388
43,0.9647651538461539,0.08892023076923078,0.08722484615384615,-0.23174115384615385,0.948699076923077,0.11505807692307692,0.19491415384615385,0.22073330769230767,0.9801411538461539,0.016535615384615385,0.020558846153846157,0.19649384615384616,0.8858915384615385,-0.11669915384615386,0.12237961538461539,0.431953,0.6793245384615384,-0.1408583076923077,0.1851316923076923,0.6959791538461538,-0.7700272307692307,-0.028212923076923083,0.6372607692307692,0.01196592307692308
44,0.9649066923076923,0.08899253846153847,0.0870133076923077,-0.2312026923076923,0.9488698461538462,0.11503884615384616,0.19475569230769232,0.22014638461538463,0.9802626923076924,0.016351769230769232,0.020347307692307692,0.1959223076923077,0.8861569230769232,-0.11634069230769231,0.12224576923076923,0.431543,0.6796699230769231,-0.14023138461538462,0.18515861538461537,0.6957606923076923,-0.7694995384615385,-0.027352153846153852,0.6379484615384615,0.01125515384615385
45,0.965047,0.08906484615384616,0.08683069230769232,-0.23065746153846153,0.949048,0.11501346153846154,0.19456523076923077,0.21955946153846154,0.9803848461538461,0.016178384615384615,0.02011546153846154,0.1953489230769231,0.8864284615384616,-0.11597546153846154,0.12209223076923076,0.43112684615384617,0.6800245384615384,-0.1396063076923077,0.18518615384615383,0.6955323846153846,-0.768954,-0.026508,0.6386533846153847,0.01053946153846154
46,0.9651854615384615,0.08912023076923077,0.08665723076923076,-0.23012130769230768,0.9492206923076923,0.11499807692307693,0.19437753846153846,0.21898676923076923,0.9805036923076923,0.01602453846153846,0.01987969230769231,0.19479007692307693,0.8866957692307693,-0.11559392307692308,0.12193223076923076,0.43072453846153846,0.680371076923077,-0.138979,0.1851973076923077,0.6953162307692308,-0.7683993846153846,-0.025674153846153847,0.6393656923076924,0.009828692307692309
47,0.9653214615384615,0.08915330769230768,0.08648892307692307,-0.22960053846153844,0.9493836153846154,0.11499730769230769,0.19420384615384614,0.21843446153846155,0.9806176923076924,0.01588823076923077,0.019644923076923077,0.19425207692307692,0.886955,-0.11520023076923078,0.12176346153846153,0.4303437692307692,0.6807023076923077,-0.13835607692307691,0.18517792307692307,0.6951216153846154,-0.7678375384615385,-0.02484092307692308,0.6400836923076924,0.009130538461538463
48,0.9654537692307692,0.08916484615384615,0.08633353846153846,-0.22909823076923078,0.9495366923076922,0.11500884615384616,0.19404307692307693,0.21790676923076924,0.9807261538461538,0.015754384615384618,0.019409538461538464,0.19373746153846153,0.887205,-0.11481638461538463,0.12156576923076923,0.4299876153846154,0.6810138461538462,-0.13776146153846153,0.18510253846153846,0.6949546923076922,-0.7672652307692308,-0.023985538461538464,0.6408121538461539,0.00845823076923077
49,0.9655833076923077,0.08916807692307692,0.08621553846153845,-0.22859661538461537,0.9496925384615384,0.11502523076923077,0.19384492307692308,0.2173943076923077,0.9808339230769231,0.015615692307692308,0.01914230769230769,0.1932276923076923,0.8874570769230768,-0.11445884615384616,0.12130784615384615,0.4296356153846154,0.6813246923076923,-0.13723123076923077,0.18494961538461538,0.6947953846153846,-0.7666700769230769,-0.023121846153846153,0.6415634615384616,0.007805999999999999
50,0.9657097692307692,0.08919023076923077,0.08610446153846153,-0.22809507692307693,0.9498528461538461,0.11502092307692308,0.1936370769230769,0.21688123076923077,0.9809420769230769,0.01546953846153846,0.01886553846153846,0.1927156923076923,0.8877093846153846,-0.11411715384615384,0.12104923076923077,0.4292780769230769,0.6816386923076923,-0.13670815384615384,0.18481392307692307,0.6946267692307693,-0.7660696153846154,-0.02225353846153846,0.6423186923076923,0.007136615384615383
51,0.9658366923076923,0.08922376923076923,0.08598853846153846,-0.2275873076923077,0.9500161538461539,0.11500638461538462,0.1934273846153846,0.21636061538461537,0.9810516923076923,0.015322923076923076,0.01858869230769231,0.1921953846153846,0.8879646923076923,-0.11377069230769231,0.12080592307692309,0.4289103076923077,0.6819608461538462,-0.13616846153846152,0.18470515384615385,0.6944458461538462,-0.7654703076923077,-0.021389692307692307,0.6430695384615385,0.006453384615384614
52,0.965969,0.089253,0.085857,-0.227065,0.95018,0.115001,0.193222,0.215826,0.981164,0.015186,0.018321,0.19166,0.888227,-0.113393,0.120589,0.428528,0.682297,-0.13559,0.184619,0.694252,-0.764878,-0.020542,0.643808,0.005768
53,0.9661013076923077,0.08929761538461539,0.08571776923076924,-0.22653346153846152,0.9503507692307692,0.11496946153846155,0.19299815384615385,0.21528753846153847,0.9812778461538462,0.01502523076923077,0.01806330769230769,0.19111461538461538,0.8884908461538461,-0.11301992307692307,0.12038515384615385,0.4281364615384615,0.6826385384615385,-0.13501461538461537,0.184549,0.6940458461538462,-0.764288,-0.019687384615384617,0.6445403076923077,0.0050726153846153855
54,0.9662363076923077,0.08931638461538462,0.08557907692307692,-0.2260013846153846,0.9505183076923076,0.1149643076923077,0.1927656923076923,0.21475984615384616,0.9813900769230769,0.014894076923076923,0.01780723076923077,0.19057138461538461,0.8887546923076922,-0.11263607692307692,0.12016515384615385,0.42775192307692306,0.6829816923076923,-0.13441984615384617,0.184465,0.6938461538461539,-0.7637023076923077,-0.018848384615384618,0.6452640000000001,0.004393384615384617
55,0.9663721538461538,0.08933607692307692,0.08545846153846154,-0.225458,0.9506915384615384,0.11496061538461538,0.19250615384615383,0.2142290769230769,0.9815037692307692,0.014770076923076924,0.017531846153846155,0.19001923076923077,0.8890246923076922,-0.11225869230769231,0.11992253846153846,0.42735776923076924,0.6833344615384616,-0.13383461538461539,0.18436976923076923,0.6936375384615384,-0.763107076923077,-0.01800715384615385,0.6459963076923078,0.0037210769230769255
56,0.9665078461538461,0.08937423076923078,0.08536653846153847,-0.2248956923076923,0.9508764615384615,0.11494246153846155,0.19220807692307693,0.21368484615384614,0.9816210769230769,0.014636076923076925,0.017225615384615388,0.18945046153846154,0.8893053846153846,-0.11189646153846154,0.11965538461538461,0.4269423076923077,0.6837023076923078,-0.1332769230769231,0.18426853846153846,0.693409076923077,-0.7624940769230769,-0.01715215384615385,0.6467474615384615,0.0030494615384615417
57,0.9666463076923077,0.08941653846153846,0.08529192307692308,-0.2243126153846154,0.9510710769230769,0.11492707692307692,0.19187884615384618,0.2131233076923077,0.9817418461538462,0.014486846153846154,0.016911769230769234,0.18886507692307694,0.8895992307692308,-0.11152107692307693,0.11937923076923077,0.4265053846153846,0.6840853846153847,-0.13272615384615385,0.18418392307692308,0.6931598461538462,-0.7618748461538462,-0.016293692307692315,0.6475020769230769,0.002384076923076927
58,0.9667816923076923,0.08949884615384615,0.08524561538461538,-0.22371353846153846,0.9512773846153846,0.11488707692307693,0.19151946153846156,0.212547,0.9818650769230769,0.014304384615384615,0.016565923076923075,0.18826615384615383,0.8899023076923077,-0.11116661538461538,0.11909138461538461,0.4260463076923077,0.6844770769230769,-0.132224,0.18410853846153846,0.6928884615384615,-0.7612353076923076,-0.015410615384615384,0.6482763846153846,0.001701461538461538
59,0.9669401538461538,0.08955153846153846,0.08512792307692307,-0.22305123076923078,0.9514819999999999,0.11490092307692308,0.1912136923076923,0.21189661538461538,0.9819996923076924,0.014157076923076923,0.016286307692307694,0.18759846153846155,0.8902288461538462,-0.11075161538461538,0.11886215384615384,0.4255359230769231,0.6849128461538462,-0.13162746153846155,0.184052,0.6925861538461539,-0.7606445384615385,-0.014504076923076923,0.6489917692307692,0.0010830000000000004
60,0.9671221538461539,0.0895703076923077,0.08489176923076924,-0.22234323076923077,0.951674,0.11498184615384616,0.19100492307692307,0.21117538461538463,0.9821429230769231,0.014047076923076923,0.01610676923076923,0.18687353846153848,0.8905665384615385,-0.11025884615384617,0.11874953846153846,0.42498823076923076,0.6853786923076923,-0.13089207692307692,0.1840456923076923,0.6922667692307692,-0.7601308461538462,-0.013583615384615387,0.649615,0.0005099230769230782
61,0.9673029230769231,0.08961184615384615,0.08449561538461539,-0.2216893846153846,0.951834,0.11509107692307692,0.19093953846153847,0.21045230769230772,0.9822775384615385,0.013912461538461538,0.016030615384615383,0.18618123076923077,0.8908642307692307,-0.10971807692307692,0.11885723076923077,0.4244743846153846,0.6857971538461538,-0.13002746153846154,0.18417415384615385,0.6919806153846154,-0.7597100769230769,-0.01267669230769231,0.650125,-0.00015546153846153629
62,0.9674913076923076,0.08954953846153846,0.08391530769230769,-0.2211130769230769,0.9519413846153846,0.115219,0.19105623076923076,0.20978946153846154,0.9823948461538462,0.013863692307692308,0.01608323076923077,0.18556023076923078,0.8910968461538461,-0.10920915384615386,0.11903484615384616,0.42406715384615384,0.6861526153846154,-0.1289426923076923,0.1843483076923077,0.6917851538461538,-0.7593703076923076,-0.011876384615384619,0.650536,-0.0008506153846153814
63,0.9676782307692308,0.08949876923076923,0.08333392307692307,-0.22053476923076923,0.95206,0.11526776923076923,0.19115715384615384,0.20913284615384614,0.9825125384615385,0.01375523076923077,0.016117846153846153,0.18494023076923077,0.8913226923076922,-0.10876100000000001,0.11919853846153847,0.4236611538461538,0.6865066153846153,-0.12788376923076925,0.18448461538461539,0.6915942307692308,-0.7590127692307692,-0.011028846153846156,0.6509664615384616,-0.0015250769230769217
64,0.9678580769230769,0.08945853846153846,0.08277076923076923,-0.21997315384615385,0.9521876923076923,0.11524346153846154,0.1912253076923077,0.20850338461538462,0.9826271538461538,0.013588846153846153,0.01613807692307692,0.18433938461538463,0.8915389230769231,-0.10836184615384616,0.11933023076923077,0.4232713846153846,0.6868421538461538,-0.1268893076923077,0.18457938461538462,0.691419,-0.7586376153846154,-0.010147692307692307,0.6514160769230769,-0.0021927692307692316
65,0.968025,0.089407,0.08222,-0.219467,0.95231,0.115175,0.191273,0.207938,0.982731,0.013395,0.016175,0.183794,0.891732,-0.107988,0.119421,0.422936,0.687126,-0.125967,0.184644,0.691289,-0.758263,-0.00928,0.651863,-0.002882
66,0.9681788461538462,0.08937007692307691,0.08183153846153846,-0.218947,0.9524546153846154,0.11510038461538462,0.19118223076923077,0.207398,0.9828356153846154,0.013241153846153847,0.016101923076923076,0.18325246153846153,0.891952,-0.10759415384615385,0.1193933076923077,0.42257907692307695,0.6874244615384615,-0.12517699999999998,0.184664,0.6911297692307692,-0.7578106923076923,-0.00842846153846154,0.6523968461538462,-0.003566615384615384
67,0.9683170769230769,0.08935684615384615,0.08158684615384615,-0.21842969230769232,0.9526137692307692,0.11504623076923076,0.1909773076923077,0.206886,0.9829380769230769,0.013084615384615386,0.015907153846153845,0.1827303076923077,0.8921881538461538,-0.10720623076923078,0.11925092307692309,0.42221838461538463,0.6877326153846154,-0.12449576923076923,0.18461615384615385,0.6909586923076924,-0.7572749230769231,-0.007596307692307694,0.6530243846153847,-0.004267923076923075
68,0.9684467692307692,0.08934669230769231,0.0814006923076923,-0.21792769230769232,0.9527702307692308,0.11501623076923077,0.1907453076923077,0.20639676923076922,0.9830368461538461,0.012926307692307692,0.015663923076923075,0.18223061538461538,0.8924266153846153,-0.1068026923076923,0.11906676923076924,0.4218683846153846,0.6880350769230769,-0.12386269230769231,0.18452753846153847,0.6907948461538461,-0.7567052307692308,-0.006778000000000003,0.6536883846153846,-0.004979769230769228
69,0.9685730769230769,0.089325,0.08120646153846153,-0.21745046153846154,0.9529127692307693,0.1150043076923077,0.19054776923076924,0.2059270769230769,0.9831308461538462,0.012763,0.01542946153846154,0.18175523076923075,0.8926556153846154,-0.10637692307692308,0.11889307692307692,0.421541,0.6883200769230768,-0.12323100000000001,0.18441946153846156,0.6906526923076922,-0.7561394615384615,-0.0059659230769230805,0.6543451538461539,-0.005696999999999996
70,0.9686938461538461,0.089295,0.08098107692307692,-0.2170050769230769,0.9530504615384615,0.11494738461538462,0.19036546153846154,0.20548784615384616,0.9832193076923077,0.012563000000000001,0.015224076923076925,0.18130753846153846,0.8928617692307692,-0.10599615384615385,0.11871384615384616,0.421251,0.6885808461538462,-0.122591,0.18429407692307692,0.6905396153846154,-0.7555840769230768,-0.005135153846153852,0.6549866923076924,-0.006416999999999996
71,0.9688084615384616,0.08926930769230769,0.08075876923076923,-0.21658615384615384,0.9531924615384615,0.11483261538461538,0.1901659230769231,0.20507876923076923,0.9833028461538461,0.012359307692307692,0.015008846153846154,0.18088507692307693,0.8930537692307693,-0.10565723076923077,0.1185143076923077,0.4209856153846154,0.6888256153846154,-0.12195961538461539,0.18416253846153846,0.6904431538461538,-0.755025,-0.0043136153846153845,0.6556288461538462,-0.007162846153846154
72,0.968916923076923,0.0892196923076923,0.08053261538461538,-0.21620576923076923,0.9533236153846154,0.11471376923076923,0.18997323076923078,0.20471492307692307,0.983379,0.012182384615384616,0.014798076923076924,0.18050084615384615,0.8932295384615385,-0.10530415384615385,0.11831046153846154,0.4207590769230769,0.6890409999999999,-0.12132,0.18402446153846155,0.6903781538461539,-0.7544738461538462,-0.0035297692307692313,0.6562592307692308,-0.007926692307692306
73,0.9690161538461538,0.08915492307692308,0.08028892307692308,-0.21587869230769233,0.9534382307692307,0.11459007692307693,0.18980815384615385,0.20440323076923075,0.9834453076923076,0.012018692307692308,0.014596692307692309,0.1801686923076923,0.893381076923077,-0.10493323076923076,0.11812784615384615,0.42058199999999996,0.6892142307692307,-0.12067584615384616,0.18388292307692308,0.6903556923076922,-0.7539350769230769,-0.002778384615384617,0.6568724615384615,-0.008722846153846152
74,0.9690969230769231,0.08912953846153845,0.07999353846153846,-0.21563715384615384,0.9535343846153845,0.11440546153846154,0.18970892307692308,0.20414938461538462,0.9834968461538461,0.011797153846153848,0.014405153846153847,0.17991715384615384,0.8934864615384616,-0.10458938461538461,0.11802707692307692,0.42047199999999996,0.6893203846153846,-0.12005507692307693,0.18374753846153846,0.6903941538461538,-0.7534104615384615,-0.0020153076923076947,0.6574647692307692,-0.009602076923076922
75,0.9691797692307692,0.08906953846153846,0.07959430769230769,-0.21543715384615383,0.9535945384615385,0.11425615384615384,0.18972807692307692,0.20393361538461538,0.9835407692307693,0.01153823076923077,0.014322307692307691,0.17969884615384615,0.8935586153846153,-0.10424692307692307,0.11798584615384615,0.4204139230769231,0.6893836153846153,-0.1193803076923077,0.18363223076923077,0.6904783076923077,-0.7529343076923077,-0.0012716153846153836,0.6579975384615385,-0.010492384615384617
76,0.9692591538461538,0.08902276923076922,0.07917661538461539,-0.21525376923076922,0.9536566923076923,0.11406646153846153,0.189747,0.20373038461538462,0.9835829230769231,0.011260384615384617,0.014253846153846153,0.1794916153846154,0.8936164615384615,-0.10396507692307692,0.1179443076923077,0.4203722307692308,0.6894328461538461,-0.11870738461538462,0.18354453846153845,0.6905684615384615,-0.7524686153846154,-0.0005273076923076932,0.6585153846153846,-0.011404692307692307
77,0.9693353846153846,0.08899130769230769,0.07875338461538463,-0.21507930769230768,0.9537233076923077,0.11384284615384616,0.1897583846153846,0.203532,0.9836237692307692,0.010979153846153847,0.01418853846153846,0.1792909230769231,0.893667,-0.103727,0.11789884615384616,0.42033669230769233,0.6894754615384616,-0.11803715384615385,0.18348323076923076,0.6906573846153846,-0.7520067692307693,0.00021146153846153477,0.6590260769230769,-0.012340999999999994
78,0.96941,0.088969,0.078328,-0.214907,0.953791,0.113609,0.189773,0.203332,0.983663,0.010713,0.014127,0.179094,0.893717,-0.103497,0.117855,0.420299,0.689517,-0.117361,0.183444,0.690742,-0.751546,0.000933,0.659533,-0.013301
79,0.96949,0.08894746153846154,0.07793953846153846,-0.21469623076923075,0.9538686923076923,0.11339746153846154,0.18975915384615386,0.20309969230769231,0.9837091538461539,0.010459923076923078,0.014028538461538462,0.17886553846153846,0.8937908461538461,-0.10322161538461538,0.11781192307692308,0.4202213076923077,0.6895900769230769,-0.11668946153846153,0.1833909230769231,0.6907966153846153,-0.7510590769230769,0.0016729999999999944,0.660066076923077,-0.014224076923076916
80,0.9695786153846154,0.08889738461538461,0.07756346153846154,-0.21445153846153844,0.9539474615384615,0.11324300000000001,0.1897323846153846,0.20284207692307693,0.9837606923076924,0.010220307692307693,0.013941923076923077,0.1786026153846154,0.8938840769230769,-0.10290961538461538,0.11775053846153846,0.42011669230769233,0.6896857692307692,-0.11602007692307692,0.18330876923076925,0.6908356153846154,-0.7505743076923077,0.002419999999999995,0.6605953846153846,-0.015099230769230764
81,0.9696715384615384,0.08886061538461539,0.07721884615384615,-0.21416984615384616,0.9540383846153846,0.11310038461538462,0.18967084615384613,0.20255176923076923,0.9838188461538462,0.009985538461538464,0.013836692307692309,0.17830276923076924,0.893997923076923,-0.10260130769230769,0.11766592307692307,0.41997376923076923,0.6898080769230769,-0.11537961538461539,0.1832230769230769,0.6908436153846154,-0.7500744615384615,0.0031976923076923024,0.6611396923076923,-0.01595107692307692
82,0.969765923076923,0.08886315384615384,0.07691892307692308,-0.21384976923076923,0.9541488461538461,0.11293869230769231,0.189559,0.2022253076923077,0.9838842307692308,0.009752769230769233,0.013690000000000003,0.17796576923076923,0.8941331538461539,-0.10232107692307692,0.1175536153846154,0.4197859230769231,0.6899594615384615,-0.11478392307692309,0.18314907692307691,0.6908113846153846,-0.7495476153846155,0.004017384615384605,0.661712,-0.016796923076923067
83,0.9698651538461538,0.08887469230769231,0.07666815384615386,-0.21348746153846154,0.9542773076923077,0.11277561538461538,0.189389,0.20186838461538462,0.9839565384615385,0.009550461538461539,0.013490000000000002,0.17759346153846156,0.8942946923076923,-0.10203184615384615,0.11739976923076924,0.4195551538461539,0.690144076923077,-0.11421315384615385,0.18305984615384616,0.6907452307692308,-0.7489937692307692,0.004841230769230763,0.662312,-0.01762615384615384
84,0.9699693076923077,0.08888376923076922,0.07644753846153847,-0.21308761538461538,0.9544193076923077,0.11261992307692308,0.1891783846153846,0.20148130769230768,0.9840343846153846,0.009338307692307693,0.013263538461538462,0.1771903846153846,0.8944783846153845,-0.10171492307692308,0.11722623076923078,0.41928869230769233,0.6903563846153846,-0.11365715384615385,0.18294723076923078,0.6906538461538462,-0.7484233076923077,0.005682923076923075,0.662928,-0.018419692307692304
85,0.9700762307692308,0.08890146153846154,0.07624523076923077,-0.21266530769230768,0.9545693076923077,0.11246569230769231,0.18894915384615385,0.2010716923076923,0.9841159230769231,0.009104846153846154,0.01302546153846154,0.1767673076923077,0.8946737692307692,-0.10140415384615385,0.11704084615384616,0.4189990769230769,0.6905856153846154,-0.11311984615384615,0.18282415384615383,0.6905453846153846,-0.7478421538461538,0.00653907692307692,0.6635533846153846,-0.019200461538461534
86,0.9701857692307693,0.08892115384615384,0.07604507692307692,-0.21223023076923078,0.9547203846153847,0.11232384615384615,0.1887226923076923,0.2006456923076923,0.9841993076923077,0.00886269230769231,0.01279146153846154,0.1763323846153846,0.8948743846153846,-0.1010986153846154,0.11685576923076924,0.41869676923076926,0.6908240769230769,-0.11258292307692308,0.18270215384615385,0.6904275384615385,-0.7472606153846154,0.007398307692307685,0.6641764615384615,-0.019975846153846146
87,0.9702996153846154,0.08891192307692308,0.07581046153846153,-0.2117963846153846,0.9548573076923077,0.11223307692307692,0.18854115384615383,0.20021415384615385,0.9842808461538461,0.008661153846153846,0.012593769230769231,0.17589930769230772,0.8950713076923077,-0.1007616923076923,0.11669961538461539,0.41840061538461537,0.6910594615384615,-0.11198753846153846,0.18260292307692308,0.6903152307692308,-0.7467036923076923,0.00822984615384615,0.6647687692307692,-0.02074507692307692
88,0.9704155384615385,0.08893315384615384,0.07558207692307692,-0.2113369230769231,0.9550018461538462,0.11213953846153846,0.188361,0.19974661538461538,0.9843679230769231,0.008429153846153848,0.012382230769230772,0.17543784615384617,0.8952800000000001,-0.10044415384615385,0.11654346153846154,0.4180726153846154,0.6913142307692307,-0.1114046153846154,0.1825203076923077,0.6901759230769231,-0.7461377692307692,0.009086307692307683,0.6653686923076922,-0.02151915384615384
89,0.970534,0.0889563846153846,0.07535438461538461,-0.21086446153846156,0.9551490769230769,0.11205353846153845,0.18817869230769232,0.19926215384615387,0.9844574615384616,0.008197000000000003,0.01217192307692308,0.1749603076923077,0.8954955384615385,-0.10011492307692307,0.11639376923076923,0.41773092307692306,0.6915757692307691,-0.11083000000000001,0.18243215384615385,0.6900299230769231,-0.7455708461538462,0.009950153846153838,0.6659666923076923,-0.0222826923076923
90,0.9706544615384615,0.08897984615384615,0.07513061538461538,-0.2103796923076923,0.9552993846153847,0.111973,0.18799092307692306,0.19876307692307693,0.9845491538461538,0.007976230769230767,0.011959076923076921,0.17446792307692308,0.8957186923076923,-0.09977138461538461,0.11624561538461539,0.41737599999999997,0.6918424615384615,-0.11026599999999999,0.182337,0.6898782307692308,-0.7450027692307692,0.010819384615384623,0.6665628461538461,-0.02303469230769231
91,0.970776,0.089006,0.074916,-0.209882,0.955454,0.111893,0.187794,0.19825,0.984643,0.007777,0.011736,0.173961,0.895951,-0.099416,0.116091,0.417006,0.692114,-0.109716,0.182237,0.689719,-0.744432,0.011694,0.667159,-0.023777
92,0.9709021538461539,0.0890283076923077,0.07473446153846153,-0.2093543076923077,0.955617076923077,0.11183530769230769,0.18757553846153846,0.19770384615384615,0.9847414615384615,0.007620846153846153,0.011483692307692306,0.17342561538461537,0.8962033076923077,-0.09902753846153846,0.11591407692307693,0.41660600000000003,0.6924109230769231,-0.10918061538461539,0.18211776923076922,0.6895374615384615,-0.7438489230769231,0.01258015384615385,0.6677666923076923,-0.024490846153846158
93,0.9710288461538462,0.08907323076923078,0.07456476923076923,-0.2088066923076923,0.9557866153846154,0.11177653846153845,0.18735276923076924,0.19712753846153847,0.9848436923076923,0.007448,0.011226538461538461,0.1728676153846154,0.8964642307692308,-0.09864984615384616,0.1157376923076923,0.41618284615384615,0.6927245384615385,-0.10867161538461538,0.18200392307692306,0.6893333076923076,-0.7432566923076923,0.013498076923076923,0.6683813846153847,-0.025200384615384618
94,0.9711569999999999,0.08912107692307693,0.0744063076923077,-0.2082456153846154,0.955958,0.1117326923076923,0.18713123076923077,0.19653092307692308,0.9849481538461539,0.0072864615384615385,0.010963,0.1722953076923077,0.8967322307692307,-0.09826753846153846,0.11555446153846154,0.4157460769230769,0.6930545384615384,-0.10816869230769231,0.18188376923076924,0.6891126923076922,-0.7426577692307692,0.014426230769230768,0.669000923076923,-0.02590007692307692
95,0.9712867692307692,0.08915907692307692,0.07425853846153846,-0.2076773076923077,0.9561279230769231,0.11171153846153846,0.18691453846153847,0.19592323076923077,0.9850534615384615,0.007154307692307692,0.010691384615384615,0.17171615384615385,0.8970054615384616,-0.09787207692307692,0.11535861538461538,0.4153037692307692,0.6933992307692307,-0.10765853846153846,0.18175015384615387,0.688881,-0.7420533076923077,0.015348153846153848,0.6696243076923076,-0.026588615384615388
96,0.9714144615384616,0.08919984615384614,0.07412392307692307,-0.2071103846153846,0.9562971538461539,0.11168692307692307,0.18669992307692307,0.19531553846153846,0.985158076923077,0.007037384615384616,0.01040523076923077,0.17113769230769232,0.8972800769230769,-0.09748284615384616,0.11514476923076923,0.41486146153846154,0.6937515384615385,-0.10715392307692308,0.1816116923076923,0.6886410000000001,-0.7414363846153846,0.0162596923076923,0.6702573846153846,-0.027284769230769227
97,0.9715409230769231,0.08919815384615384,0.0739813076923077,-0.20656684615384616,0.956451,0.11170046153846154,0.18650623076923076,0.19473861538461537,0.9852571538461539,0.006966000000000001,0.010131384615384615,0.17058507692307692,0.8975448461538462,-0.09705607692307693,0.11492661538461539,0.4144493076923077,0.6940909230769231,-0.10660869230769231,0.18146030769230767,0.6884237692307692,-0.7408274615384615,0.01712507692307692,0.6708806153846154,-0.027974153846153843
98,0.9716624615384616,0.08918623076923077,0.073849,-0.20604646153846154,0.9565990769230769,0.11171776923076923,0.18630969230769232,0.19418861538461538,0.9853513846153846,0.006899076923076923,0.009846384615384614,0.17006007692307692,0.8977994615384616,-0.09662723076923077,0.11469238461538461,0.41406276923076923,0.6944166923076923,-0.10606676923076923,0.18128992307692307,0.6882237692307692,-0.7402074615384615,0.017967769230769235,0.6715133076923077,-0.028674153846153846
99,0.9717775384615385,0.0891756153846154,0.0737326923076923,-0.20554984615384614,0.956744,0.11172223076923078,0.18610507692307693,0.1936673846153846,0.9854406153846154,0.006815846153846153,0.009545153846153844,0.16956438461538462,0.8980423846153847,-0.09621676923076923,0.11443853846153845,0.41370138461538464,0.6947276153846154,-0.10554338461538461,0.1811003846153846,0.6880399230769231,-0.739569,0.01879792307692308,0.6721628461538461,-0.029390769230769234
100,0.9718852307692307,0.08916869230769231,0.07363115384615385,-0.20507907692307692,0.9568840000000001,0.11169838461538462,0.18590046153846154,0.19318430769230768,0.9855236923076923,0.006695076923076923,0.009235923076923077,0.16910130769230772,0.8982693076923077,-0.09585061538461538,0.11416623076923077,0.4133683076923077,0.6950206923076923,-0.1050403076923077,0.1808973076923077,0.6878745384615385,-0.738909,0.01962253846153846,0.6728320769230769,-0.03012461538461538
101,0.9719853076923077,0.08916661538461539,0.07352892307692308,-0.20464292307692308,0.9570191538461538,0.11164130769230769,0.1857,0.1927386153846154,0.9856012307692307,0.006532769230769231,0.008935,0.16867423076923077,0.8984775384615384,-0.09551976923076923,0.11388976923076924,0.41306915384615384,0.6952888461538461,-0.10454623076923077,0.18069076923076924,0.6877333846153846,-0.7382393076923077,0.020432615384615386,0.6735075384615384,-0.030891000000000002
102,0.9720817692307693,0.0891276923076923,0.07340307692307692,-0.2042466153846154,0.957139,0.11159069230769231,0.18552676923076925,0.19233861538461539,0.9856707692307692,0.006394,0.00865576923076923,0.16828623076923077,0.8986661538461539,-0.09517161538461538,0.11362207692307692,0.4128125384615385,0.6955256153846154,-0.10400976923076923,0.18047969230769229,0.6876309230769231,-0.7375823846153846,0.021200923076923076,0.6741675384615384,-0.03166515384615385
103,0.9721736153846154,0.08906707692307692,0.073256,-0.20388815384615386,0.9572457692307692,0.11153461538461538,0.18538015384615383,0.19198084615384614,0.985733076923077,0.00626823076923077,0.008392923076923077,0.16793615384615385,0.8988361538461538,-0.09481969230769231,0.11336561538461538,0.4125933076923077,0.6957301538461539,-0.10345430769230769,0.18025915384615385,0.6875656153846154,-0.7369335384615385,0.021941999999999996,0.674816076923077,-0.032452461538461534
104,0.972259,0.089014,0.073096,-0.203562,0.957345,0.11145,0.185254,0.191657,0.98579,0.006129,0.008136,0.16762,0.89899,-0.094492,0.113121,0.412401,0.695904,-0.102922,0.180023,0.687531,-0.736282,0.022682,0.675463,-0.033264
105,0.9723359230769231,0.08896630769230769,0.07292369230769231,-0.20327584615384617,0.9574373076923077,0.11133153846153847,0.18513938461538462,0.1913746923076923,0.98584,0.005962076923076924,0.007886000000000002,0.16734461538461537,0.8991230769230769,-0.09418892307692309,0.11288869230769231,0.4122433076923077,0.6960432307692307,-0.10242123076923078,0.17977376923076924,0.6875302307692307,-0.7356273846153846,0.023425846153846148,0.6761083846153846,-0.03409707692307692
106,0.9724133846153846,0.08891215384615385,0.07275084615384617,-0.20299023076923078,0.9575312307692307,0.11120607692307694,0.1850156153846154,0.19109938461538462,0.9858894615384616,0.005780615384615386,0.007637615384615386,0.16707246153846153,0.8992545384615385,-0.09388961538461539,0.11265638461538462,0.4120883076923077,0.6961797692307692,-0.10192315384615384,0.17951269230769232,0.6875343076923077,-0.7349711538461539,0.02417561538461538,0.6767537692307692,-0.034922615384615385
107,0.9724870769230769,0.088854,0.07255346153846154,-0.20273346153846153,0.9576175384615384,0.11106253846153846,0.184911,0.19085261538461537,0.9859334615384615,0.0055849230769230785,0.007413307692307694,0.16683,0.899369,-0.09359838461538462,0.11244746153846154,0.4119624615384615,0.6962923846153846,-0.101413,0.17926346153846154,0.6875607692307693,-0.7343265384615385,0.024914692307692304,0.6773828461538461,-0.03576892307692307
108,0.9725544615384615,0.08879507692307692,0.07231538461538463,-0.202522,0.957691,0.11089238461538461,0.18484446153846154,0.19064546153846154,0.9859693076923077,0.005373076923076927,0.007227846153846156,0.166632,0.8994570769230769,-0.09331961538461539,0.11227661538461539,0.4118810769230769,0.6963686153846154,-0.10088176923076923,0.179043,0.6876191538461538,-0.7337023076923077,0.025633230769230762,0.6779848461538461,-0.03665453846153845
109,0.9726190769230769,0.08874584615384615,0.07203923076923077,-0.202332,0.9577610000000001,0.11068623076923076,0.1848090769230769,0.19045007692307692,0.9860023846153846,0.005123846153846156,0.007076307692307693,0.16645200000000002,0.8995278461538461,-0.09306576923076923,0.11213276923076923,0.41182184615384615,0.6964247692307692,-0.10033946153846154,0.178853,0.6876906923076923,-0.7330953846153846,0.02634553846153846,0.6785633076923077,-0.03756992307692307
110,0.9726855384615385,0.08866707692307692,0.0717366153846154,-0.20215246153846153,0.957823,0.11048869230769232,0.18479646153846155,0.19026576923076924,0.9860336153846153,0.0048807692307692345,0.006947538461538463,0.1662806153846154,0.8995912307692308,-0.09280146153846154,0.11199630769230769,0.41178046153846154,0.6964716923076923,-0.0997633076923077,0.17865315384615385,0.6877788461538462,-0.7325038461538462,0.02704738461538461,0.6791233076923077,-0.03847176923076922
111,0.9727524615384615,0.0885916923076923,0.07142776923076924,-0.2019716923076923,0.9578860769230769,0.1102833076923077,0.18478376923076922,0.19007846153846156,0.9860647692307692,0.004628461538461542,0.00681946153846154,0.16610753846153847,0.8996527692307692,-0.09255261538461539,0.11185938461538462,0.4117389230769231,0.696519,-0.09920215384615386,0.17843776923076923,0.6878680769230769,-0.7319126923076923,0.027768923076923066,0.6796794615384616,-0.03936907692307691
112,0.9728196923076923,0.08852861538461539,0.07111607692307692,-0.2017863076923077,0.9579522307692308,0.11006669230769231,0.18476823076923077,0.18988353846153846,0.9860964615384615,0.004362461538461541,0.006690538461538463,0.16592953846153846,0.8997143076923076,-0.09232292307692308,0.11172353846153846,0.4116918461538462,0.6965697692307693,-0.0986623076923077,0.17821499999999998,0.6879522307692307,-0.7313208461538462,0.028514769230769225,0.6802328461538462,-0.04026646153846153
113,0.9728881538461538,0.0884716923076923,0.07079146153846154,-0.20159784615384616,0.9580183846153846,0.10984515384615386,0.18476438461538464,0.18968123076923077,0.9861287692307692,0.004084769230769232,0.006578230769230769,0.16574723076923076,0.8997758461538461,-0.09209753846153847,0.11160123076923076,0.41164107692307694,0.6966236153846155,-0.09811384615384615,0.17801499999999998,0.6880283846153846,-0.730740076923077,0.02926861538461538,0.680772076923077,-0.041168769230769224
114,0.9729628461538461,0.08841615384615385,0.07048276923076924,-0.20136992307692309,0.9580956153846154,0.10964992307692309,0.18473492307692307,0.1894353076923077,0.9861679999999999,0.003804307692307695,0.006461076923076924,0.16552615384615385,0.8998560769230769,-0.09186523076923078,0.11146715384615384,0.411555,0.6967065384615385,-0.09753907692307694,0.1778406153846154,0.6880713076923077,-0.730153076923077,0.030029384615384607,0.6813140769230769,-0.04205515384615384
115,0.9730391538461538,0.08838338461538461,0.07020676923076924,-0.20111084615384617,0.9581865384615385,0.10944146153846154,0.18466615384615384,0.18916238461538462,0.9862126153846154,0.0035124615384615416,0.006319846153846156,0.165274,0.8999531538461539,-0.09164507692307693,0.11130961538461538,0.41143546153846156,0.6968134615384616,-0.09699276923076924,0.17766815384615386,0.6880846923076923,-0.729546,0.03080799999999999,0.6818739230769231,-0.04293746153846153
116,0.9731183846153846,0.08835276923076923,0.06995323076923077,-0.20082815384615385,0.9582834615384616,0.10924761538461539,0.18457815384615384,0.18886707692307692,0.9862609999999999,0.0032372307692307674,0.006164076923076922,0.164998,0.9000637692307693,-0.09141415384615384,0.11113430769230769,0.41129253846153846,0.6969404615384616,-0.09646807692307692,0.17748007692307693,0.6880780769230769,-0.7289266923076922,0.03159292307692308,0.6824450000000001,-0.0438023076923077
117,0.973203,0.088292,0.069704,-0.200532,0.958375,0.109113,0.184502,0.188554,0.986311,0.003018,0.006011,0.164708,0.900183,-0.091138,0.110952,0.411141,0.697082,-0.095945,0.177257,0.688065,-0.728309,0.032366,0.683015,-0.04463
118,0.9732906923076923,0.08826123076923077,0.06949938461538462,-0.2001896923076923,0.9584842307692307,0.10897992307692307,0.18437584615384617,0.18820169230769232,0.9863686923076923,0.0027933846153846142,0.005810999999999999,0.16437415384615384,0.9003260769230769,-0.090878,0.11073584615384616,0.41094253846153844,0.6972704615384615,-0.09549346153846154,0.17698392307692307,0.6880073076923077,-0.7276551538461539,0.03318523076923077,0.6836188461538462,-0.04542846153846154
119,0.9733848461538461,0.08820138461538461,0.06929315384615384,-0.19982907692307691,0.9585907692307692,0.10888561538461539,0.18424646153846153,0.1878402307692308,0.9864285384615384,0.0025935384615384614,0.005618,0.16402307692307694,0.9004793846153846,-0.09058084615384615,0.11051376923076923,0.41073276923076923,0.6974772307692307,-0.09499346153846154,0.1767173076923077,0.687935076923077,-0.727011,0.03397807692307692,0.684213,-0.04620538461538461
120,0.9734820769230769,0.08814661538461539,0.06910192307692307,-0.19944646153846154,0.9587038461538462,0.10879592307692308,0.18409569230769232,0.18746100000000002,0.9864917692307692,0.0023898461538461543,0.005411384615384616,0.16365200000000002,0.9006435384615384,-0.09028407692307693,0.11027838461538461,0.41050215384615385,0.6977032307692308,-0.09447607692307693,0.1764676153846154,0.6878409230769231,-0.7263608461538462,0.03476823076923077,0.6848110000000001,-0.04698076923076923
121,0.9735799230769231,0.08811469230769231,0.06893523076923076,-0.19904246153846156,0.9588281538461538,0.10869184615384615,0.18391353846153846,0.18706215384615385,0.9865584615384615,0.0021676923076923075,0.005179384615384615,0.16326246153846155,0.9008176923076924,-0.09000776923076922,0.11002576923076923,0.410248,0.6979461538461539,-0.09395953846153846,0.17623869230769232,0.6877240769230769,-0.725696,0.03556746153846154,0.6854203846153846,-0.04776669230769231
122,0.9736791538461539,0.0880516153846154,0.06877753846153846,-0.19863707692307694,0.9589496923076923,0.10862030769230768,0.18371892307692309,0.18667369230769232,0.9866230769230769,0.0019746153846153854,0.004943230769230771,0.16287707692307693,0.9009946153846153,-0.08969546153846154,0.10976346153846155,0.409998,0.6981876923076923,-0.09340492307692308,0.1760056153846154,0.6876148461538462,-0.725036,0.03633207692307692,0.6860242307692308,-0.04854361538461538
123,0.9737746923076923,0.08803284615384616,0.06864569230769231,-0.19822123076923076,0.9590841538461539,0.10850507692307691,0.18349169230769233,0.18627476923076922,0.9866901538461539,0.0017280000000000006,0.004680000000000001,0.16248246153846155,0.9011758461538462,-0.089425,0.109487,0.40973261538461536,0.6984341538461538,-0.0929056923076923,0.17577500000000001,0.6874908461538461,-0.7243544615384615,0.03713853846153846,0.6866434615384616,-0.04933838461538461
124,0.9738681538461538,0.08802553846153846,0.06852107692307692,-0.19780776923076923,0.9592199230769232,0.10837623076923077,0.18325976923076923,0.18587823076923077,0.9867563076923077,0.0014672307692307702,0.004410000000000002,0.16209207692307695,0.9013550769230769,-0.08916961538461539,0.10920584615384615,0.40946876923076925,0.6986776153846154,-0.09242146153846154,0.1755473076923077,0.6873666153846154,-0.7236663846153846,0.03795276923076923,0.6872653846153846,-0.05014376923076923
125,0.9739601538461539,0.088016,0.06839815384615384,-0.19740146153846153,0.9593531538461539,0.10824576923076924,0.1830320769230769,0.18548853846153848,0.9868203076923077,0.0012020000000000025,0.004141538461538464,0.1617116153846154,0.9015298461538461,-0.08892115384615386,0.10892107692307693,0.40921338461538465,0.698915,-0.09193484615384616,0.1753223846153846,0.6872480000000001,-0.722975923076923,0.03875999999999999,0.6878870769230769,-0.050955923076923065
126,0.9740509230769231,0.087996,0.06827892307692307,-0.19700376923076923,0.9594839230769231,0.10811961538461538,0.18280746153846153,0.18510623076923077,0.9868818461538461,0.0009220000000000012,0.0038792307692307702,0.16134469230769233,0.9016990769230769,-0.08868192307692307,0.10862646153846153,0.4089703076923077,0.699145,-0.09143407692307694,0.1750993076923077,0.687138,-0.7222805384615385,0.039549999999999995,0.6885124615384616,-0.05177053846153846
127,0.9741416923076923,0.08796076923076923,0.06815553846153846,-0.19661576923076923,0.9596105384615384,0.10800176923076922,0.1825953076923077,0.18472946153846154,0.9869413076923077,0.000634384615384615,0.0036314615384615383,0.16098607692307693,0.9018627692307691,-0.0884426923076923,0.10833046153846154,0.4087403846153846,0.6993646153846154,-0.09092223076923077,0.17486446153846155,0.6870425384615385,-0.7215830769230769,0.04031992307692308,0.6891371538461538,-0.052581
128,0.9742324615384615,0.08790676923076923,0.06800953846153845,-0.19624038461538462,0.9597274615384616,0.10789823076923076,0.18241453846153846,0.18436023076923075,0.9869986923076923,0.00036530769230769266,0.0034088461538461542,0.16063807692307694,0.902018,-0.08819192307692307,0.10805184615384615,0.4085257692307692,0.699572,-0.09038838461538462,0.17462507692307694,0.686963,-0.7208955384615384,0.041072846153846154,0.6897493076923077,-0.05338915384615384
129,0.9743220769230769,0.08784969230769231,0.06785430769230769,-0.1958726923076923,0.9598396153846154,0.10779392307692308,0.18225215384615384,0.18399607692307693,0.9870550769230769,0.00010638461538461675,0.003196615384615386,0.16029492307692308,0.902168,-0.08794661538461539,0.10777984615384616,0.40831900000000004,0.6997720000000001,-0.08985407692307693,0.17437915384615385,0.686892076923077,-0.720208076923077,0.041826999999999996,0.6903584615384616,-0.05419861538461538
130,0.974409,0.087812,0.067712,-0.195505,0.959955,0.107667,0.182086,0.183633,0.987112,-0.000159,0.002972,0.159948,0.902318,-0.087732,0.107496,0.408109,0.699972,-0.089351,0.174123,0.686819,-0.719505,0.042607,0.69098,-0.055014
131,0.9744959230769231,0.08777276923076924,0.0675843076923077,-0.19513346153846153,0.9600742307692308,0.107537,0.18189446153846153,0.18327530769230768,0.9871696923076924,-0.00039823076923076737,0.002732000000000002,0.15959492307692308,0.9024726153846153,-0.08751353846153846,0.10720138461538462,0.4078913076923077,0.7001743076923077,-0.088871,0.17384761538461538,0.6867443846153847,-0.7187973076923078,0.043406999999999994,0.6916015384615384,-0.055813999999999996
132,0.9745844615384616,0.08771846153846154,0.06746253846153846,-0.19475869230769233,0.960194,0.10742046153846153,0.18169,0.18291976923076925,0.9872279230769231,-0.0006089230769230757,0.0024871538461538477,0.15923753846153846,0.9026315384615384,-0.08726707692307692,0.106903,0.4076709230769231,0.7003820000000001,-0.08839261538461539,0.17355984615384618,0.6866670769230769,-0.7180928461538462,0.04419138461538461,0.6922193076923077,-0.056606461538461536
133,0.9746736923076923,0.08766476923076923,0.0673433076923077,-0.19437853846153846,0.9603155384615384,0.10730538461538462,0.18147846153846153,0.1825596153846154,0.987287,-0.0008110769230769217,0.002240538461538463,0.158874,0.9027938461538462,-0.08700830769230769,0.10660884615384615,0.40744384615384616,0.7005956923076924,-0.08791615384615385,0.17327723076923077,0.6865815384615385,-0.7173888461538461,0.044970923076923075,0.692833923076923,-0.057400615384615376
134,0.9747632307692308,0.08761976923076922,0.06722392307692308,-0.19399123076923078,0.9604391538461539,0.10718623076923077,0.18126515384615385,0.18219038461538462,0.9873471538461539,-0.0010169230769230746,0.0019944615384615417,0.15850292307692307,0.9029590000000001,-0.08674715384615385,0.106323,0.40720776923076923,0.7008159230769231,-0.08743884615384616,0.17300984615384615,0.6864847692307692,-0.7166834615384615,0.045751384615384603,0.693446,-0.0582006923076923
135,0.9748555384615385,0.08755746153846154,0.06710315384615385,-0.19359353846153846,0.9605606923076924,0.10708853846153846,0.1810566923076923,0.18181423076923078,0.9874086923076923,-0.0012061538461538449,0.0017490769230769248,0.15812215384615383,0.9031290000000001,-0.08646869230769232,0.106033,0.4069654615384615,0.7010451538461538,-0.08693730769230769,0.1727383076923077,0.6863824615384616,-0.7159780769230769,0.04651523076923077,0.694056,-0.05898761538461538
136,0.9749472307692307,0.08752469230769232,0.06701130769230769,-0.19317923076923077,0.9606926923076923,0.10696992307692307,0.18082053846153848,0.18142023076923078,0.9874720769230769,-0.0014193846153846127,0.0014716923076923114,0.15772476923076922,0.903307,-0.08623084615384616,0.10571715384615385,0.40670346153846154,0.7012903846153846,-0.0864696153846154,0.17246123076923078,0.6862610769230769,-0.7152480769230769,0.04730246153846153,0.6946875384615384,-0.05977699999999999
137,0.9750414615384615,0.08748007692307692,0.06691476923076924,-0.19275692307692308,0.9608226923076922,0.106868,0.1805913076923077,0.18101946153846155,0.9875366923076924,-0.001614384615384613,0.0011978461538461576,0.15731900000000001,0.9034889230769231,-0.08597738461538462,0.10540369230769231,0.40643384615384615,0.7015415384615384,-0.08598115384615386,0.17218546153846154,0.6861353076923077,-0.7145219230769231,0.04808284615384614,0.6953140769230769,-0.060554307692307685
138,0.9751391538461538,0.08741807692307693,0.06681123076923078,-0.19232476923076924,0.9609499230769231,0.10678953846153846,0.18037023076923078,0.180611,0.9876028461538462,-0.001788692307692306,0.0009312307692307718,0.15690346153846155,0.9036764615384615,-0.08569538461538462,0.10509738461538462,0.40615476923076926,0.7017995384615385,-0.08546807692307692,0.1719079230769231,0.6860053076923076,-0.7138023846153846,0.04885423076923076,0.6959328461538461,-0.061315846153846144
139,0.975239923076923,0.08736346153846154,0.06672738461538462,-0.1918686153846154,0.9610845384615385,0.10671723076923077,0.18012638461538463,0.180181,0.9876720769230769,-0.0019771538461538455,0.0006473846153846165,0.15646576923076924,0.9038787692307693,-0.0854023076923077,0.10478430769230769,0.4058486153846154,0.7020772307692308,-0.08497346153846154,0.17161253846153848,0.6858568461538461,-0.7130693076923077,0.049640384615384614,0.6965620769230769,-0.062065076923076924
140,0.9753448461538461,0.08725553846153847,0.0666283076923077,-0.1914173076923077,0.9612046153846154,0.10671207692307692,0.17990538461538463,0.17976415384615385,0.9877406153846153,-0.002112307692307691,0.00038292307692307963,0.156035,0.9040803846153846,-0.08504276923076924,0.10448092307692308,0.40555215384615384,0.7023493846153847,-0.08441792307692308,0.17130607692307692,0.6857229230769231,-0.7123563076923077,0.05038361538461538,0.6971726153846154,-0.06278799999999998
141,0.9754493076923076,0.087144,0.06652615384615385,-0.19097069230769229,0.9613221538461538,0.1067166923076923,0.17968692307692308,0.17935107692307692,0.9878076923076923,-0.0022544615384615394,0.0001252307692307676,0.15560776923076924,0.904281,-0.08467584615384614,0.10418,0.4052586153846154,0.7026176923076923,-0.08385423076923076,0.171003,0.6855924615384615,-0.711646,0.05111792307692308,0.6977778461538462,-0.06351630769230769
142,0.9755517692307693,0.08705546153846154,0.06642953846153846,-0.19052130769230768,0.961445076923077,0.1067006923076923,0.179456,0.1789323846153846,0.9878747692307692,-0.002426000000000002,-0.00013815384615384834,0.1551773076923077,0.9044826153846154,-0.08433084615384615,0.10387769230769231,0.4049586923076923,0.7028875384615384,-0.08330807692307693,0.17071176923076922,0.6854551538461539,-0.7109288461538462,0.05186792307692308,0.6983850769230769,-0.06425938461538462
143,0.975651,0.087017,0.066348,-0.190059,0.961582,0.106633,0.179196,0.178497,0.987944,-0.002646,-0.000422,0.154735,0.904688,-0.084037,0.10357,0.404641,0.703166,-0.082805,0.170441,0.685299,-0.710195,0.052661,0.699002,-0.065024
144,0.9757517692307692,0.08695315384615385,0.066248,-0.18960515384615384,0.961715076923077,0.10657223076923077,0.17894292307692308,0.17807084615384614,0.9880109230769231,-0.002832923076923078,-0.0006950769230769246,0.1543019230769231,0.9048887692307692,-0.0837093076923077,0.10327538461538462,0.40433407692307693,0.7034344615384616,-0.08226961538461539,0.17017253846153846,0.6851536153846154,-0.7094773076923077,0.0534333076923077,0.6996012307692308,-0.06578476923076923
145,0.9758536153846153,0.08686938461538461,0.06613023076923077,-0.189161,0.9618427692307693,0.106519,0.17870492307692307,0.17765223076923076,0.9880762307692308,-0.003018769230769231,-0.0009385384615384619,0.15387746153846155,0.9050836153846153,-0.08336653846153846,0.10299261538461539,0.4040406153846154,0.7036916153846153,-0.0817126923076923,0.1699056923076923,0.6850222307692307,-0.7087741538461538,0.05419161538461538,0.7001837692307692,-0.06654176923076924
146,0.9759546923076923,0.08679615384615384,0.06602023076923078,-0.18871146153846155,0.9619746153846154,0.1064526923076923,0.1784583076923077,0.17722546153846155,0.9881426923076922,-0.003223230769230769,-0.001180384615384615,0.15344438461538462,0.9052796153846153,-0.083045,0.10270076923076923,0.4037418461538462,0.7039506923076922,-0.08117115384615385,0.16963676923076923,0.684887,-0.7080636923076923,0.054964230769230765,0.7007696153846154,-0.06730084615384616
147,0.9760538461538462,0.08675092307692307,0.06593438461538462,-0.18824776923076922,0.9621157692307692,0.10636415384615384,0.17818892307692308,0.17678215384615387,0.9882118461538462,-0.0034522307692307695,-0.001440307692307693,0.15299276923076924,0.9054815384615384,-0.08276330769230769,0.1023863076923077,0.4034263076923077,0.704219923076923,-0.08066807692307693,0.16936215384615386,0.6847372307692308,-0.7073323076923077,0.055767076923076926,0.7013713076923077,-0.06806476923076922
148,0.9761523076923078,0.08670015384615384,0.06585823076923077,-0.18778546153846154,0.9622534615384616,0.10629569230769231,0.17791815384615384,0.1763436923076923,0.9882803076923077,-0.0036445384615384608,-0.001713384615384614,0.15254046153846154,0.905686923076923,-0.08246638461538461,0.10205938461538462,0.40310938461538465,0.7044891538461538,-0.08017884615384616,0.1690736923076923,0.6845895384615385,-0.7065953846153846,0.05656784615384615,0.7019743846153846,-0.06882246153846153
149,0.976252,0.0866303076923077,0.06577223076923076,-0.18732930769230768,0.9623837692307692,0.10625923076923077,0.1776603076923077,0.17591446153846155,0.9883475384615384,-0.003778384615384615,-0.0019981538461538452,0.15209923076923076,0.9058916923076923,-0.08212330769230769,0.101746,0.40279861538461537,0.7047546923076924,-0.07967361538461538,0.16877846153846154,0.6844480000000001,-0.7058683076923077,0.05734953846153846,0.7025682307692308,-0.06957461538461537
150,0.976352,0.08655915384615384,0.06568646153846154,-0.18687046153846154,0.9625133846153846,0.10622769230769231,0.17740261538461538,0.17548484615384616,0.9884144615384615,-0.003911461538461539,-0.002290461538461539,0.15165692307692305,0.9060982307692308,-0.08176407692307693,0.10143407692307692,0.40248553846153845,0.7050250769230769,-0.07916015384615385,0.16848384615384615,0.6843018461538461,-0.7051402307692307,0.05812761538461538,0.7031605384615385,-0.07032769230769231
151,0.9764523076923076,0.08648392307692307,0.06560015384615385,-0.18641092307692309,0.9626426153846154,0.10619646153846155,0.17714276923076921,0.17505730769230768,0.9884807692307692,-0.004058384615384616,-0.002580461538461539,0.151214,0.906305,-0.08139669230769231,0.10111915384615384,0.4021733846153846,0.7052981538461539,-0.07863446153846153,0.16819107692307694,0.6841535384615385,-0.7044119230769231,0.05889946153846154,0.7037503846153846,-0.0710823076923077
152,0.9765538461538461,0.08637853846153846,0.06550092307692307,-0.18596553846153846,0.9627656923076924,0.10617876923076923,0.1768866153846154,0.17464884615384618,0.9885446153846154,-0.00420530769230769,-0.002842769230769226,0.15078400000000003,0.906505,-0.08101515384615385,0.10079992307692308,0.4018803076923077,0.7055589230769231,-0.07807676923076923,0.16789646153846152,0.6840212307692307,-0.7036965384615385,0.059641769230769213,0.7043273076923077,-0.07183384615384614
153,0.9766498461538462,0.08631123076923077,0.06542869230769231,-0.1855173846153846,0.9629012307692308,0.10610846153846154,0.17659723076923076,0.1742376153846154,0.9886091538461539,-0.00439307692307692,-0.0031327692307692263,0.1503526153846154,0.9067043076923077,-0.08069592307692308,0.100453,0.401581,0.7058238461538461,-0.0775786153846154,0.16759007692307692,0.683879923076923,-0.7029555384615385,0.06042007692307691,0.7049215384615385,-0.07259853846153845
154,0.9767447692307692,0.086244,0.06534007692307692,-0.1850776923076923,0.9630353846153846,0.10603092307692308,0.1763156923076923,0.17382884615384617,0.9886723846153846,-0.004583999999999998,-0.0034083076923076897,0.14992661538461538,0.9068998461538462,-0.08037392307692308,0.10012053846153847,0.40128746153846157,0.7060827692307692,-0.07707323076923078,0.16729253846153846,0.6837422307692308,-0.7022236923076923,0.061191307692307684,0.7055038461538462,-0.0733743846153846
155,0.9768393846153846,0.08617492307692308,0.06523646153846153,-0.184645,0.9631667692307693,0.10595153846153846,0.17604576923076923,0.17342192307692308,0.9887342307692308,-0.004771461538461538,-0.003673307692307691,0.1495056923076923,0.9070924615384616,-0.08004176923076924,0.099803,0.4009984615384616,0.7063373846153846,-0.0765533076923077,0.1670056923076923,0.6836071538461539,-0.7015000769230769,0.061949384615384614,0.7060753076923078,-0.07416223076923077
156,0.976934,0.086108,0.065128,-0.184215,0.963296,0.10587,0.175785,0.173015,0.988795,-0.004953,-0.003941,0.149088,0.907284,-0.079701,0.099493,0.40071,0.706592,-0.076021,0.166728,0.683471,-0.700777,0.062694,0.706643,-0.074963
157,0.9770293846153846,0.08600184615384615,0.064998,-0.18380576923076924,0.9634136923076924,0.10582692307692308,0.1755496153846154,0.1726273076923077,0.988851923076923,-0.0050891538461538465,-0.004188692307692309,0.14869723076923075,0.9074655384615384,-0.07931792307692306,0.09919684615384615,0.4004469230769231,0.7068281538461539,-0.07543407692307692,0.16646184615384615,0.6833571538461539,-0.7000785384615384,0.06339476923076923,0.7071876153846154,-0.0757606923076923
158,0.9771226153846154,0.08593823076923077,0.06489761538461539,-0.18337392307692307,0.9635453846153846,0.105744,0.17528246153846153,0.17221484615384616,0.9889120769230769,-0.005283461538461536,-0.004458999999999998,0.14828276923076922,0.9076562307692307,-0.07898384615384615,0.09888292307692308,0.400158,0.7070804615384616,-0.07490261538461539,0.16618815384615385,0.6832217692307693,-0.6993488461538462,0.06414507692307692,0.7077548461538461,-0.07656215384615384
159,0.977214923076923,0.08589561538461539,0.06480992307692307,-0.18293084615384617,0.9636833846153846,0.1056403076923077,0.17500415384615384,0.1717886923076923,0.9889736153846154,-0.005513769230769226,-0.004734384615384611,0.1478556923076923,0.9078505384615385,-0.0786766153846154,0.0985623076923077,0.39985676923076924,0.70734,-0.07440538461538462,0.16590384615384615,0.6830768461538462,-0.6986036153846155,0.06492461538461537,0.7083320769230769,-0.0773633846153846
160,0.9773072307692308,0.08585453846153847,0.06472230769230769,-0.18248661538461539,0.963821076923077,0.1055336923076923,0.17473030769230768,0.17135946153846154,0.989035,-0.005758153846153843,-0.005001692307692305,0.14742576923076922,0.908043923076923,-0.07837684615384616,0.09824238461538462,0.39955515384615387,0.7075993076923077,-0.07392123076923077,0.16560723076923078,0.6829326923076924,-0.6978552307692308,0.06571361538461537,0.7089096923076923,-0.07816092307692307
161,0.9773995384615385,0.08578992307692308,0.06463538461538461,-0.1820527692307692,0.9639518461538461,0.10545061538461538,0.17446338461538463,0.17094407692307695,0.989095,-0.005979692307692306,-0.005258615384615382,0.14700346153846153,0.9082331538461539,-0.0780653076923077,0.09791623076923077,0.3992666923076923,0.7078523846153846,-0.07341353846153846,0.16529953846153847,0.6827996153846153,-0.6971075384615385,0.06647976923076922,0.7094866153846153,-0.07895015384615384
162,0.9774900000000001,0.08572346153846154,0.06454784615384615,-0.1816306153846154,0.9640789230769231,0.10536753846153846,0.1742026153846154,0.17054346153846153,0.9891531538461539,-0.006183999999999999,-0.005525384615384614,0.1465940769230769,0.9084168461538462,-0.07775623076923077,0.09758330769230769,0.3989899230769231,0.708095,-0.07290953846153847,0.16499246153846153,0.6826757692307692,-0.6963598461538462,0.06723730769230768,0.7100592307692307,-0.07974984615384616
163,0.9775796153846155,0.08565192307692308,0.06445476923076923,-0.181216,0.9642035384615385,0.1052886923076923,0.17394607692307693,0.17014961538461537,0.9892093076923077,-0.006362846153846152,-0.005804615384615382,0.1461967692307692,0.9085972307692307,-0.07744084615384617,0.09725446153846154,0.3987206923076923,0.7083307692307693,-0.07240453846153846,0.1646866923076923,0.6825584615384616,-0.695616,0.06798807692307691,0.7106257692307693,-0.08055138461538461
164,0.9776683846153846,0.08557961538461538,0.06435661538461539,-0.18080584615384615,0.9643275384615384,0.10520823076923078,0.17369146153846154,0.16975776923076924,0.9892637692307693,-0.006532076923076917,-0.006092307692307685,0.14580876923076924,0.9087750769230769,-0.07712469230769231,0.09693184615384616,0.3984556153846154,0.7085624615384616,-0.07190115384615385,0.16438346153846156,0.6824443076923077,-0.6948746153846154,0.06873623076923074,0.7111874615384616,-0.0813553846153846
165,0.9777553076923077,0.0855226923076923,0.06425969230769231,-0.1803950769230769,0.9644552307692308,0.10510438461538463,0.17343376923076925,0.1693616153846154,0.9893176153846154,-0.006747461538461534,-0.0063738461538461475,0.1454226153846154,0.9089504615384615,-0.07683315384615386,0.09661107692307692,0.3981886923076923,0.7087947692307692,-0.07141192307692308,0.16408576923076926,0.6823258461538462,-0.6941276923076923,0.06949238461538461,0.7117497692307693,-0.08217230769230767
166,0.9778401538461539,0.08548238461538461,0.06418146153846153,-0.17998015384615385,0.9645891538461538,0.104977,0.17315323076923078,0.16896407692307694,0.9893714615384614,-0.0070099230769230724,-0.00665884615384615,0.14502953846153846,0.9091265384615385,-0.07658107692307692,0.09626884615384615,0.397919,0.7090263846153846,-0.07095523076923077,0.16378669230769233,0.6822046153846154,-0.6933634615384616,0.07026446153846153,0.7123231538461539,-0.08299546153846152
167,0.9779261538461539,0.08540746153846154,0.06410438461538462,-0.17957676923076923,0.9647159230769231,0.10487746153846154,0.17287384615384616,0.1685862307692308,0.9894234615384615,-0.0072314615384615364,-0.006950230769230767,0.14465046153846153,0.909299,-0.07630061538461538,0.09591453846153845,0.39766376923076924,0.7092505384615385,-0.0704809230769231,0.16346346153846156,0.6820983076923077,-0.6926028461538462,0.07101015384615383,0.7128945384615384,-0.08379899999999998
168,0.9780121538461539,0.08531307692307692,0.0640193076923077,-0.17918530769230767,0.9648363076923077,0.10479430769230769,0.17260338461538463,0.16822392307692308,0.9894735384615384,-0.007433307692307691,-0.007237999999999999,0.14428423076923078,0.909466923076923,-0.07599807692307693,0.09556415384615384,0.3974213846153846,0.7094670000000001,-0.06999107692307693,0.1631306923076923,0.6820035384615385,-0.6918489230769231,0.07174007692307692,0.713458923076923,-0.08459615384615383
169,0.978096,0.08523,0.063917,-0.178803,0.964954,0.104702,0.172348,0.167867,0.989522,-0.007661,-0.007508,0.143925,0.90963,-0.075695,0.095238,0.397186,0.709677,-0.069498,0.162813,0.681912,-0.691102,0.072477,0.714012,-0.08541
170,0.9781798461538461,0.08514307692307692,0.0637846923076923,-0.178433,0.9650678461538461,0.10459353846153846,0.17211184615384617,0.16752238461538463,0.9895696923076923,-0.007904076923076918,-0.007748769230769226,0.14357115384615385,0.9097846153846153,-0.07539576923076924,0.09493338461538461,0.39696061538461536,0.7098793076923077,-0.06898338461538463,0.16250915384615386,0.6818250769230769,-0.690372,0.07320469230769229,0.7145435384615384,-0.08623692307692306
171,0.9782609999999999,0.08508415384615385,0.06366369230769231,-0.1780576153846154,0.9651881538461539,0.10445115384615385,0.1718643846153846,0.16717292307692308,0.9896173846153846,-0.008176230769230762,-0.007999769230769225,0.14321138461538463,0.9099403076923077,-0.07514284615384616,0.09461692307692308,0.39672715384615387,0.7100891538461538,-0.06850915384615386,0.16219453846153847,0.681729,-0.6896231538461539,0.07395661538461537,0.7150874615384615,-0.08707353846153845
172,0.978341,0.08502676923076924,0.06355153846153846,-0.17768361538461538,0.9653084615384615,0.10430407692307693,0.17161607692307693,0.1668263076923077,0.9896644615384615,-0.008451923076923072,-0.008255153846153843,0.142854,0.9100955384615385,-0.07490207692307693,0.094288,0.39649546153846155,0.7103003846153846,-0.06804638461538463,0.16186576923076926,0.6816336153846153,-0.6888625384615386,0.07470692307692306,0.7156403846153846,-0.08790846153846152
173,0.9784211538461538,0.08495284615384616,0.06344553846153846,-0.17731476923076925,0.9654241538461538,0.10417469230769232,0.17137461538461538,0.1664866153846154,0.9897109230769231,-0.008720923076923072,-0.00850330769230769,0.14250146153846155,0.9102496153846154,-0.07464723076923077,0.09394807692307693,0.39627115384615386,0.7105093076923077,-0.0675736153846154,0.16152246153846156,0.6815447692307692,-0.6880963846153847,0.07543730769230768,0.7161987692307692,-0.08873453846153845
174,0.9785026923076924,0.08487130769230769,0.06334092307692307,-0.17694246153846155,0.9655356923076923,0.10407161538461539,0.17114076923076924,0.16614276923076923,0.9897601538461539,-0.009050153846153845,-0.008686384615384613,0.14212607692307694,0.9104057692307693,-0.07436953846153847,0.09360884615384615,0.3960426923076923,0.7107223846153846,-0.06708976923076923,0.16117707692307692,0.6814524615384615,-0.6873302307692308,0.0761503846153846,0.7167564615384615,-0.08955992307692306
175,0.9785866923076924,0.08478484615384616,0.06322646153846154,-0.17655784615384615,0.9656453846153846,0.10398638461538462,0.17092230769230768,0.16578353846153848,0.9898124615384616,-0.00934615384615384,-0.008862076923076919,0.14173223076923078,0.9105686923076923,-0.0740703076923077,0.093285,0.3958013076923077,0.7109416153846154,-0.06657638461538462,0.16084707692307693,0.6813521538461539,-0.6865733076923077,0.07685976923076922,0.7173024615384616,-0.09038346153846152
176,0.9786724615384615,0.08469792307692307,0.06311261538461539,-0.17616323076923077,0.9657561538461539,0.10390561538461539,0.17070307692307693,0.16541353846153847,0.9898655384615385,-0.009589230769230763,-0.009065538461538455,0.14133146153846154,0.9107363846153846,-0.0737653076923077,0.09296115384615386,0.39554938461538464,0.7111677692307692,-0.06605946153846155,0.16051592307692308,0.6812448461538462,-0.6858175384615385,0.07757284615384613,0.7178447692307692,-0.09120153846153845
177,0.9787592307692308,0.084615,0.06300384615384616,-0.17576046153846156,0.9658701538461538,0.10381853846153846,0.17047646153846155,0.16503400000000001,0.9899181538461539,-0.009775384615384611,-0.009312769230769223,0.14093161538461538,0.9109074615384616,-0.0734633076923077,0.09263238461538463,0.3952886153846154,0.7113997692307692,-0.06555315384615386,0.16017915384615386,0.6811311538461539,-0.6850586153846154,0.07829392307692305,0.7183869230769231,-0.09201584615384613
178,0.9788453846153846,0.08454500000000001,0.06290307692307692,-0.17535276923076923,0.965990923076923,0.10370623076923077,0.17023876923076925,0.164644,0.9899689230769231,-0.00991230769230769,-0.009616615384615378,0.14054469230769231,0.9110797692307693,-0.07317484615384616,0.0922993076923077,0.3950216923076923,0.7116336153846153,-0.06507392307692308,0.15983992307692307,0.6810119230769232,-0.6842916923076924,0.07902853846153846,0.7189315384615385,-0.09283507692307691
179,0.9789336153846153,0.08438015384615384,0.06277392307692307,-0.17498523076923078,0.9660888461538462,0.10366938461538461,0.1700356923076923,0.16430038461538463,0.9900162307692307,-0.010032615384615383,-0.009844307692307689,0.14018892307692307,0.9112375384615384,-0.07279015384615385,0.09197523076923077,0.3948046153846154,0.7118321538461538,-0.06448946153846155,0.15949446153846153,0.6809404615384616,-0.6835628461538462,0.07966830769230769,0.7194505384615385,-0.09363284615384615
180,0.9790193076923077,0.08426753846153846,0.06267715384615384,-0.1745953846153846,0.9662031538461539,0.10358184615384615,0.16979769230769232,0.16392915384615384,0.9900663846153845,-0.010233692307692313,-0.010078307692307697,0.13980384615384614,0.9114043076923076,-0.07246538461538461,0.09162584615384614,0.3945603076923077,0.7120447692307693,-0.06395423076923076,0.15916123076923075,0.6808466153846154,-0.682799923076923,0.08036953846153848,0.7199911538461539,-0.09444069230769234
181,0.9791024615384616,0.08420138461538461,0.06260615384615384,-0.1741874615384615,0.966331,0.10345030769230769,0.16953176923076924,0.16353446153846152,0.9901182307692308,-0.01048015384615385,-0.010335538461538467,0.13939923076923078,0.9115781538461538,-0.07219761538461539,0.09125453846153846,0.3942936923076923,0.7122693846153846,-0.06348499999999999,0.1588227692307692,0.6807350000000001,-0.682008,0.08112892307692308,0.7205492307692308,-0.09525569230769232
182,0.979184,0.084146,0.06254,-0.173779,0.966461,0.103308,0.169261,0.163136,0.990169,-0.010704,-0.010624,0.139,0.911752,-0.071953,0.090873,0.394026,0.712494,-0.063075,0.158452,0.680625,-0.681208,0.081912,0.72111,-0.096068
183,0.9792663076923077,0.08402138461538462,0.062461538461538464,-0.17340053846153847,0.9665748461538461,0.10323107692307691,0.16900253846153845,0.16278061538461538,0.9902128461538462,-0.010781692307692308,-0.010964000000000002,0.13865230769230769,0.9119143076923076,-0.07164915384615385,0.090483,0.39379446153846154,0.7127016923076923,-0.06260807692307692,0.15805353846153847,0.6805426923076923,-0.680428,0.0826296923076923,0.7216576923076923,-0.096858
184,0.9793453846153847,0.08391615384615385,0.062369615384615384,-0.17303607692307693,0.9666881538461538,0.10312561538461537,0.1687526923076923,0.1624349230769231,0.9902556153846154,-0.010950384615384617,-0.01126092307692308,0.13830784615384614,0.9120685384615385,-0.07135984615384615,0.09011615384615385,0.3935731538461538,0.7129002307692307,-0.06214169230769231,0.157682,0.680463076923077,-0.6796544615384615,0.08334307692307694,0.722193,-0.09768407692307693
185,0.9794218461538462,0.08383461538461538,0.06226638461538461,-0.1726800769230769,0.9668030769230769,0.10298823076923076,0.16850315384615386,0.16209676923076924,0.9903003846153846,-0.011227923076923083,-0.011468615384615386,0.13794815384615383,0.9122177692307692,-0.07109215384615385,0.08976907692307691,0.3933553076923077,0.7130936153846154,-0.06167707692307692,0.15733646153846154,0.6803827692307692,-0.6788827692307692,0.08406600000000002,0.7227193076923077,-0.09853792307692309
186,0.9794963846153847,0.08377607692307691,0.062154999999999995,-0.1723276923076923,0.9669206153846154,0.102821,0.16824892307692307,0.16176453846153846,0.9903485384615385,-0.011602538461538468,-0.011578769230769234,0.13756523076923077,0.9123646153846153,-0.07084792307692307,0.08943653846153846,0.393136,0.7132853846153846,-0.06121630769230769,0.15700961538461536,0.6802997692307693,-0.6781086153846153,0.0848059230769231,0.7232406923076924,-0.09940984615384617
187,0.9795702307692308,0.08371684615384616,0.062045,-0.1719746153846154,0.9670367692307693,0.102651,0.16799815384615382,0.16143992307692306,0.9903939230769231,-0.011907923076923076,-0.011766461538461538,0.13719753846153845,0.9125107692307692,-0.07060715384615385,0.08910192307692308,0.392916,0.7134792307692307,-0.060769384615384614,0.15665576923076924,0.6802174615384615,-0.6773247692307692,0.08554515384615385,0.7237676153846154,-0.1002783076923077
188,0.9796434615384616,0.08363361538461539,0.06191284615384616,-0.17164615384615384,0.9671406153846154,0.102505,0.16777815384615383,0.1611380769230769,0.9904288461538462,-0.011791769230769232,-0.012076,0.1369246153846154,0.9126464615384615,-0.07034423076923077,0.08878146153846153,0.3927206153846154,0.7136570769230769,-0.06032676923076923,0.15628592307692307,0.6801548461538461,-0.6765550769230769,0.0862493076923077,0.7242822307692308,-0.10115107692307691
189,0.9797157692307692,0.08355438461538461,0.06176746153846154,-0.17132461538461538,0.9672406153846154,0.10236076923076923,0.1675773846153846,0.16083653846153848,0.9904646153846154,-0.011839076923076924,-0.012331,0.13663653846153848,0.9127776153846154,-0.07008230769230768,0.08847492307692308,0.3925313846153846,0.7138297692307692,-0.059869846153846155,0.15593092307692308,0.680096,-0.6757900769230769,0.08694661538461539,0.7247883846153846,-0.102038
190,0.9797874615384615,0.08348576923076924,0.0616166923076923,-0.1710016923076923,0.9673403076923076,0.10221276923076923,0.1673876923076923,0.1605273076923077,0.9905056923076924,-0.012175538461538465,-0.012457153846153847,0.1362980769230769,0.9129076153846154,-0.06982907692307691,0.08817692307692307,0.3923404615384615,0.7140016153846154,-0.05939184615384615,0.1555976923076923,0.680034923076923,-0.6750246923076922,0.08764846153846155,0.7252897692307693,-0.10293738461538463
191,0.9798597692307692,0.08341961538461538,0.061475153846153846,-0.17067015384615386,0.9674418461538461,0.10206661538461538,0.16719615384615383,0.16020884615384617,0.9905541538461539,-0.012593230769230775,-0.012407923076923077,0.13591346153846154,0.9130406923076924,-0.06958446153846153,0.08787153846153846,0.39214276923076924,0.7141746923076924,-0.058891076923076914,0.15527615384615384,0.6799695384615384,-0.6742531538461538,0.08836076923076924,0.7257936153846154,-0.10383430769230771
192,0.979936923076923,0.083287,0.06130453846153846,-0.17035315384615385,0.9675267692307692,0.10199176923076923,0.16703784615384615,0.15990907692307693,0.9906060769230769,-0.012913307692307691,-0.01219669230769231,0.13552607692307692,0.9131696153846154,-0.06927823076923077,0.08757169230769231,0.3919637692307692,0.7143373846153847,-0.058373692307692314,0.15490892307692308,0.6799270000000001,-0.6735120769230769,0.08903153846153845,0.7262766923076923,-0.1046896923076923
193,0.9800118461538462,0.08319961538461539,0.06115976923076923,-0.17001746153846153,0.9676241538461539,0.10187500000000001,0.16684953846153847,0.15958923076923076,0.9906533076923077,-0.01273838461538462,-0.012136384615384615,0.13520207692307692,0.9133063846153846,-0.06901269230769232,0.08725907692307693,0.39176146153846153,0.7145173846153846,-0.05791907692307693,0.15453753846153848,0.6798611538461539,-0.6727420769230769,0.08974707692307692,0.7267763846153846,-0.10555523076923076
194,0.9800844615384615,0.08315192307692308,0.061042,-0.16966407692307695,0.9677338461538462,0.10171992307692308,0.16662976923076922,0.15925092307692307,0.9906950769230769,-0.012319846153846155,-0.012273846153846153,0.1349216923076923,0.9134507692307693,-0.06878161538461539,0.08693246153846154,0.39153807692307696,0.7147126923076923,-0.05750776923076924,0.15416953846153847,0.6797741538461539,-0.6719456923076923,0.09049807692307692,0.7272916923076923,-0.10643246153846153
195,0.980156,0.083115,0.060942,-0.169301,0.96785,0.101553,0.166389,0.158904,0.990732,-0.012086,-0.01261,0.134644,0.9136,-0.068557,0.086594,0.391305,0.714915,-0.057097,0.153808,0.679678,-0.671138,0.091255,0.727814,-0.107314
196,0.9802344615384615,0.08300807692307692,0.06083353846153846,-0.16894176923076923,0.9679538461538462,0.10146146153846154,0.166159,0.1585693846153846,0.9907896923076923,-0.012420615384615386,-0.012339230769230767,0.13421015384615384,0.9137492307692308,-0.06825315384615385,0.08625246153846154,0.39108423076923077,0.7151111538461539,-0.056623153846153844,0.15342723076923076,0.6795972307692307,-0.6703549230769231,0.09195346153846154,0.7283216923076923,-0.10815861538461538
197,0.9803113076923077,0.08293615384615384,0.060728846153846154,-0.16856907692307693,0.9680652307692308,0.10134892307692307,0.1659203846153846,0.15821215384615384,0.9908430769230769,-0.012801000000000003,-0.012268230769230769,0.13378653846153846,0.9139043846153846,-0.06797838461538462,0.08591307692307693,0.39084407692307693,0.7153223846153846,-0.05622846153846153,0.15304215384615386,0.679494923076923,-0.6695632307692307,0.09267992307692308,0.7288293846153846,-0.10901776923076924
198,0.9803883846153846,0.08287030769230769,0.06062084615384615,-0.16818999999999998,0.9681776923076924,0.1012403076923077,0.16568207692307693,0.15784399999999998,0.9908961538461538,-0.013197307692307694,-0.012223461538461537,0.1333580769230769,0.9140626923076923,-0.06770438461538462,0.08557707692307692,0.3905956153846154,0.715540076923077,-0.05586153846153846,0.15265307692307692,0.6793836923076924,-0.6687746153846154,0.09340823076923077,0.7293306153846153,-0.1098813076923077
199,0.980467,0.08279107692307693,0.06050523076923077,-0.16780953846153845,0.9682868461538462,0.10115123076923077,0.16545,0.15747384615384616,0.9909509230769231,-0.013582769230769226,-0.012113999999999998,0.132919,0.914222,-0.06741276923076923,0.08524453846153847,0.3903467692307692,0.7157573076923077,-0.05546792307692309,0.1522693846153846,0.6792728461538462,-0.6679960769230768,0.09411999999999998,0.729822,-0.11074284615384615
200,0.980547,0.08271184615384616,0.060387538461538465,-0.16742492307692308,0.9683953076923076,0.10106353846153845,0.16522,0.1571023076923077,0.9910001538461538,-0.013920461538461536,-0.012223999999999999,0.132509,0.9143819999999999,-0.06712046153846153,0.08490992307692308,0.39009446153846156,0.7159703846153846,-0.05491715384615385,0.15196323076923077,0.6791613076923078,-0.6672168461538461,0.09482,0.730312,-0.11161130769230768
201,0.9806269999999999,0.08261292307692307,0.06026184615384616,-0.16704953846153847,0.9685013076923077,0.10097092307692307,0.16499553846153847,0.15674615384615384,0.9910543076923077,-0.013528923076923079,-0.012102615384615385,0.13215438461538462,0.9145383076923077,-0.06681707692307692,0.08457223076923077,0.3898532307692308,0.7161766923076923,-0.054386076923076926,0.15162446153846154,0.6790626923076923,-0.6664413076923077,0.09550523076923077,0.7307989230769231,-0.11246746153846153
202,0.9807046923076923,0.08254061538461538,0.06014376923076923,-0.1666703076923077,0.968614,0.1008416923076923,0.16475823076923077,0.1563830769230769,0.9911081538461538,-0.012977384615384615,-0.011987230769230769,0.13181553846153846,0.9146952307692308,-0.06654399999999999,0.08423223076923077,0.38960515384615385,0.7163909230769231,-0.053971846153846155,0.15125484615384616,0.6789523076923077,-0.6656520769230769,0.09621869230769231,0.7312912307692307,-0.11333092307692308
203,0.9807806923076923,0.08249784615384616,0.06003176923076923,-0.16628415384615386,0.9687330769230769,0.10068153846153846,0.16451115384615386,0.15600769230769232,0.9911610769230769,-0.012633692307692308,-0.011929230769230768,0.13145584615384615,0.9148540000000001,-0.06629953846153845,0.08389500000000001,0.38934653846153844,0.7166180000000001,-0.05369830769230769,0.1508640769230769,0.6788209230769231,-0.664851,0.09696192307692307,0.7317864615384615,-0.11420523076923078
204,0.9808591538461539,0.08244707692307693,0.05990561538461539,-0.16589492307692308,0.9688484615384616,0.10053923076923077,0.16428192307692308,0.15562615384615386,0.9912164615384615,-0.01303215384615384,-0.011845384615384617,0.13100507692307692,0.915014,-0.06603723076923078,0.08357500000000001,0.38908423076923077,0.716858,-0.05353984615384616,0.15047946153846153,0.6786655384615384,-0.664061,0.09769653846153845,0.7322687692307692,-0.1150813846153846
205,0.9809417692307693,0.08234784615384616,0.05975315384615385,-0.16550846153846155,0.9689486153846154,0.1004613076923077,0.16409146153846155,0.15525292307692307,0.9912642307692308,-0.012610230769230776,-0.01195330769230769,0.13067476923076923,0.9151719230769231,-0.06572092307692308,0.08326884615384617,0.3888316153846154,0.7170578461538462,-0.052836538461538476,0.1505933076923077,0.6784838461538462,-0.6632986923076923,0.0984006923076923,0.7327303076923076,-0.11593676923076922
206,0.9810243846153847,0.08225015384615385,0.05960192307692308,-0.16512,0.9690470769230769,0.100385,0.1639066923076923,0.1548806153846154,0.9913254615384616,-0.012343153846153847,-0.011668076923076929,0.13026184615384614,0.9153305384615384,-0.06541153846153847,0.08295915384615385,0.38857684615384613,0.7172527692307693,-0.0521073076923077,0.15077407692307693,0.6782936923076923,-0.6625306923076923,0.09912453846153846,0.7331927692307691,-0.11678153846153845
207,0.9811050769230769,0.08216584615384614,0.05945669230769231,-0.16473415384615384,0.9691471538461538,0.10029207692307693,0.163718,0.15451292307692308,0.9913897692307693,-0.01209792307692308,-0.011271769230769231,0.1298303846153846,0.9154876923076923,-0.06512069230769231,0.0826453846153846,0.3883226923076923,0.7174623846153847,-0.05166353846153846,0.15084646153846154,0.6780899230769231,-0.6617506153846154,0.09987092307692307,0.7336603846153846,-0.11762584615384615
208,0.981182,0.082102,0.059319,-0.164358,0.969251,0.100169,0.163518,0.154156,0.991439,-0.011521,-0.011261,0.129505,0.91564,-0.064853,0.08233,0.388075,0.717707,-0.051832,0.150648,0.677863,-0.660956,0.100634,0.734135,-0.118482
209,0.9812635384615385,0.08194046153846155,0.05913823076923076,-0.16401876923076925,0.9693363846153845,0.10009592307692307,0.16334492307692308,0.15384907692307692,0.9914828461538462,-0.01088561538461538,-0.01124176923076923,0.12922346153846154,0.9157776923076923,-0.06448453846153845,0.08203307692307693,0.387875,0.7179193076923077,-0.05188353846153846,0.1504056923076923,0.6776883846153846,-0.6602121538461538,0.10129476923076923,0.7345788461538462,-0.11931276923076924
210,0.9813423846153846,0.08182469230769232,0.058975230769230766,-0.1636639230769231,0.9694341538461538,0.09997438461538462,0.1631433076923077,0.15352276923076924,0.9915223846153847,-0.010451615384615387,-0.01142930769230769,0.12894084615384616,0.9159202307692308,-0.06417046153846154,0.08172861538461539,0.38765507692307694,0.7181418461538461,-0.05194476923076923,0.15014776923076922,0.6775046153846154,-0.6594478461538462,0.10199323076923077,0.7350291538461539,-0.12016507692307692
211,0.9814197692307692,0.08171407692307693,0.05881923076923077,-0.16331007692307695,0.9695344615384616,0.09984253846153847,0.1629306923076923,0.1531989230769231,0.9915674615384615,-0.010348230769230766,-0.01144484615384616,0.1286026923076923,0.9160611538461538,-0.06387323076923078,0.08141538461538463,0.3874367692307692,0.7183444615384615,-0.05177876923076924,0.15014684615384616,0.6773024615384615,-0.6586778461538462,0.10269307692307691,0.7354809999999999,-0.12102353846153845
212,0.9814964615384615,0.08158138461538463,0.05866253846153847,-0.16296923076923078,0.9696305384615385,0.0997256923076923,0.16271953846153847,0.15289238461538462,0.991622,-0.010617307692307688,-0.011113538461538461,0.1281896153846154,0.9161959230769231,-0.06356738461538462,0.08109300000000001,0.3872351538461538,0.7185139230769231,-0.05132776923076923,0.15048069230769232,0.6770837692307692,-0.6579122307692308,0.10337084615384615,0.7359308461538462,-0.1218773846153846
213,0.9815710769230769,0.08144523076923077,0.05850792307692308,-0.16264153846153848,0.9697259230769231,0.09960261538461539,0.16250492307692307,0.1525962307692308,0.991662,-0.010940384615384612,-0.011178923076923078,0.12784576923076924,0.9163251538461539,-0.06327123076923077,0.080763,0.3870466923076923,0.7187131538461539,-0.05143546153846154,0.1502676153846154,0.6769114615384615,-0.6571445384615384,0.10404930769230769,0.7363793076923077,-0.12273123076923076
214,0.9816444615384615,0.08133861538461538,0.05836192307692308,-0.162304,0.9698268461538462,0.09945984615384615,0.1622823076923077,0.15228284615384616,0.9917087692307692,-0.010622846153846155,-0.010964307692307693,0.1275253076923077,0.9164574615384615,-0.063012,0.08042684615384615,0.3868446923076923,0.718921,-0.051603461538461536,0.15034869230769232,0.6766597692307692,-0.6563614615384615,0.10475915384615385,0.7368314615384616,-0.12359615384615384
215,0.9817171538461539,0.081239,0.05822115384615385,-0.16196553846153847,0.969928,0.09932138461538462,0.16205846153846154,0.1519663076923077,0.9917576153846154,-0.010579769230769226,-0.010726615384615387,0.12716953846153847,0.9165909230769231,-0.06276007692307692,0.08008492307692308,0.3866400769230769,0.7191033076923077,-0.051372307692307696,0.15032600000000002,0.6764882307692308,-0.6555741538461538,0.10547146153846154,0.7372837692307692,-0.12446807692307692
216,0.9817889999999999,0.08114315384615385,0.058083153846153854,-0.16162846153846155,0.9700281538461538,0.09919215384615385,0.16183538461538463,0.15164984615384616,0.9918057692307692,-0.010974230769230759,-0.010566307692307693,0.12677646153846153,0.9167249230769231,-0.06250746153846154,0.07974123076923079,0.38643515384615384,0.719267923076923,-0.05087,0.15023584615384614,0.6763708461538461,-0.6547855384615384,0.1061800769230769,0.7377342307692307,-0.12534838461538458
217,0.981859,0.08106392307692308,0.05794392307692308,-0.16129076923076924,0.970128923076923,0.09906292307692308,0.1616123076923077,0.15132907692307693,0.9918496153846154,-0.011380384615384608,-0.010527846153846155,0.12639876923076923,0.9168595384615386,-0.06225976923076924,0.07940738461538462,0.3862259230769231,0.7194725384615385,-0.05094,0.15058507692307693,0.6760700769230769,-0.6539932307692308,0.10689546153846154,0.7381803846153846,-0.12624530769230768
218,0.9819262307692308,0.08102830769230769,0.057811615384615385,-0.16094753846153848,0.9702359230769231,0.09889076923076924,0.1613809230769231,0.15100276923076925,0.9918955384615384,-0.011023615384615392,-0.010342615384615388,0.1260840769230769,0.9169948461538462,-0.062043230769230774,0.07908253846153847,0.3860049230769231,0.7196944615384615,-0.05116853846153846,0.1506643076923077,0.6757990769230768,-0.653185,0.10763853846153845,0.7386286153846154,-0.12717130769230767
219,0.9819940769230769,0.08097169230769231,0.05766623076923077,-0.1606143076923077,0.9703376153846154,0.09872584615384615,0.1611633846153846,0.15068923076923077,0.9919338461538462,-0.010944846153846152,-0.010435999999999997,0.1257823846153846,0.9171265384615385,-0.06180523076923077,0.07876653846153846,0.3857946153846154,0.7198730769230769,-0.05085300000000001,0.1506406153846154,0.675638,-0.6523860769230769,0.1083606923076923,0.7390701538461538,-0.12809130769230767
220,0.9820623076923076,0.08089853846153847,0.05751138461538462,-0.16028907692307692,0.9704357692307692,0.09856315384615384,0.16095523076923077,0.1503853076923077,0.9919717692307692,-0.011171846153846149,-0.010552692307692312,0.125454,0.9172550769230768,-0.06155615384615385,0.07845392307692307,0.3855932307692308,0.7200388461538462,-0.05043392307692307,0.15059276923076922,0.6755034615384615,-0.6515929230769231,0.1090663846153846,0.7395073076923077,-0.12900469230769232
221,0.98213,0.080827,0.057356000000000004,-0.159966,0.970535,0.098387,0.160746,0.150083,0.992021,-0.011547999999999987,-0.01026500000000001,0.125054,0.917382,-0.061320000000000006,0.07813700000000001,0.385394,0.720245,-0.05064699999999999,0.150602,0.675265,-0.650796,0.10977099999999997,0.739945,-0.12991699999999998
222,0.9821976923076923,0.0807393076923077,0.05721907692307693,-0.159646,0.9706342307692307,0.09822315384615385,0.16052138461538462,0.14978684615384616,0.9920763846153846,-0.011642615384615383,-0.00974038461538463,0.1246486153846154,0.9175081538461538,-0.06107846153846155,0.07779546153846155,0.3851993846153846,0.720391923076923,-0.05005853846153848,0.15091046153846152,0.6750834615384615,-0.6499883076923078,0.11045946153846152,0.7403934615384615,-0.1308200769230769
223,0.9822664615384615,0.08064192307692307,0.057066000000000006,-0.15932653846153846,0.9707302307692307,0.09807007692307693,0.16031507692307695,0.14948853846153848,0.9921150769230769,-0.01140876923076924,-0.009747230769230763,0.12435846153846154,0.9176343076923077,-0.060813769230769234,0.0774733076923077,0.38500584615384614,0.720535076923077,-0.04944638461538463,0.15121192307692308,0.6749083846153846,-0.6491924615384616,0.11113984615384614,0.7408300769230769,-0.13171884615384616
224,0.982336,0.08055330769230769,0.05690753846153846,-0.1589986923076923,0.9708273076923076,0.09791484615384616,0.16011446153846154,0.14917638461538463,0.9921543076923076,-0.011003384615384623,-0.00974584615384616,0.12407923076923077,0.9177632307692308,-0.060550846153846156,0.07715976923076924,0.3848032307692308,0.7207052307692308,-0.049127461538461537,0.15130546153846153,0.6747293076923077,-0.6483976923076923,0.11183430769230768,0.7412613076923077,-0.1326166923076923
225,0.9824065384615385,0.08047607692307691,0.05674946153846154,-0.158659,0.9709266153846153,0.09775738461538462,0.15991315384615384,0.14884646153846154,0.9922040769230769,-0.010625999999999997,-0.009430076923076923,0.12374069230769232,0.917896,-0.060298076923076926,0.0768463076923077,0.38458830769230773,0.7209171538461538,-0.04925323076923077,0.15108584615384615,0.6745433076923077,-0.6476001538461538,0.11254861538461537,0.7416904615384615,-0.13351184615384612
226,0.9824819230769231,0.08032684615384615,0.05657407692307692,-0.158329,0.9710127692307692,0.09767123076923077,0.15973469230769233,0.1485310769230769,0.9922448461538462,-0.010915999999999997,-0.009470846153846153,0.12338761538461539,0.918026,-0.05997884615384616,0.07652938461538462,0.38439138461538463,0.7211186923076923,-0.049285538461538464,0.1508143076923077,0.6743863846153847,-0.6468316923076923,0.11320476923076923,0.7421050769230769,-0.13437030769230768
227,0.9825554615384615,0.0802453076923077,0.056439923076923075,-0.15796084615384615,0.9711186153846153,0.09753400000000001,0.15950884615384617,0.14817446153846156,0.9922930000000001,-0.011282307692307684,-0.009407615384615386,0.12296992307692309,0.918172,-0.05972546153846155,0.07618907692307693,0.38415015384615386,0.7213553076923076,-0.04944092307692308,0.15064123076923078,0.6741599230769231,-0.6460256923076924,0.11392861538461536,0.7425369230769231,-0.13524599999999998
228,0.9826296923076923,0.08016338461538462,0.05631569230769231,-0.1575843076923077,0.9712251538461538,0.09740438461538461,0.1592773076923077,0.14781215384615387,0.9923364615384616,-0.011356923076923086,-0.009539153846153834,0.12260146153846155,0.9183223846153846,-0.05946161538461539,0.07584292307692309,0.38390015384615384,0.7215706923076922,-0.049213615384615404,0.15070623076923076,0.6739314615384616,-0.6452137692307692,0.11465361538461537,0.7429719230769231,-0.13611946153846152
229,0.9827053846153846,0.08005507692307692,0.05618846153846154,-0.15721246153846155,0.971325,0.097305,0.1590560769230769,0.1474593846153846,0.9923756923076923,-0.011043538461538478,-0.009782692307692313,0.12229407692307692,0.9184717692307692,-0.05916023076923078,0.07549800000000001,0.38365692307692306,0.721752076923077,-0.048549923076923095,0.15092176923076925,0.6737379230769232,-0.6444085384615384,0.11535684615384614,0.743403923076923,-0.13698192307692306
230,0.9827823076923078,0.07991046153846154,0.05605076923076923,-0.15685476923076921,0.9714149999999999,0.09724500000000001,0.15885146153846155,0.1471263076923077,0.9924241538461539,-0.010421230769230782,-0.00959115384615385,0.12196946153846155,0.9186156153846153,-0.058816384615384625,0.075158,0.3834315384615385,0.7219174615384615,-0.04779453846153847,0.15088561538461537,0.6736225384615384,-0.6436162307692308,0.11603607692307691,0.7438285384615384,-0.13782653846153844
231,0.9828571538461538,0.07980946153846154,0.05593176923076922,-0.15647699999999998,0.9715146923076923,0.09715384615384615,0.1586246923076923,0.14677176923076923,0.9924823076923077,-0.01010561538461538,-0.009112999999999991,0.12155553846153845,0.9187656923076923,-0.05853553846153846,0.07480276923076923,0.3831846923076923,0.7221562307692307,-0.047899000000000004,0.15080515384615384,0.673377,-0.6428017692307693,0.11676584615384616,0.7442593846153845,-0.13868015384615387
232,0.9829285384615384,0.0797553076923077,0.05583515384615385,-0.15608915384615385,0.9716251538461538,0.09701723076923077,0.15837099999999998,0.14640423076923076,0.9925346153846154,-0.010240846153846158,-0.008942692307692308,0.12112938461538461,0.9189192307692308,-0.058306,0.07443523076923077,0.3829234615384615,0.7224105384615385,-0.048137307692307695,0.15071192307692308,0.6731082307692308,-0.6419622307692308,0.11753215384615384,0.7446987692307692,-0.1395583076923077
233,0.982998923076923,0.07970746153846155,0.055744,-0.1557032307692308,0.9717376923076924,0.09686853846153846,0.15810653846153847,0.14604023076923076,0.9925853076923077,-0.010460769230769232,-0.008826692307692311,0.12070469230769232,0.9190718461538461,-0.05808661538461539,0.07406223076923077,0.38266323076923076,0.7226536153846154,-0.048244923076923074,0.15077638461538462,0.6728253076923076,-0.641117076923077,0.11829876923076922,0.7451387692307692,-0.140445
234,0.983072,0.079609,0.055634,-0.155334,0.97184,0.096757,0.157855,0.145701,0.992643,-0.01023,-0.008309,0.120287,0.919218,-0.057822,0.073693,0.382424,0.722859,-0.047988,0.151221,0.672523,-0.640294,0.119018,0.745568,-0.141315
235,0.9831396923076923,0.07957361538461538,0.055534,-0.1549593846153846,0.9719553846153847,0.096567,0.15758653846153847,0.14534946153846154,0.9926837692307693,-0.010579230769230771,-0.008495153846153847,0.11990392307692307,0.9193641538461539,-0.0576196923076923,0.07332838461538461,0.3821709230769231,0.7230774615384615,-0.04788646153846154,0.15167253846153847,0.6721937692307692,-0.6394409230769231,0.11978492307692308,0.7460041538461538,-0.1422196153846154
236,0.9832079230769231,0.07951130769230769,0.05542915384615384,-0.15459338461538463,0.9720659230769231,0.09639315384615385,0.15732453846153846,0.14501084615384616,0.992725076923077,-0.010322153846153842,-0.00858276923076923,0.11957953846153846,0.9195086923076924,-0.057393692307692305,0.07296,0.3819280769230769,0.723302923076923,-0.04785869230769231,0.1515446923076923,0.6719819230769231,-0.6385932307692308,0.12052546153846154,0.7464408461538462,-0.14311023076923077
237,0.9832776153846154,0.07942792307692308,0.05531792307692307,-0.154232,0.9721722307692308,0.096233,0.15707084615384614,0.1446786923076923,0.9927724615384615,-0.009950153846153845,-0.008394923076923069,0.11923261538461538,0.9196513076923077,-0.05714861538461538,0.07259215384615383,0.38169207692307694,0.723532,-0.04791361538461539,0.15141223076923077,0.6717613076923077,-0.6377524615384615,0.12124607692307694,0.7468737692307692,-0.14399146153846154
238,0.9833490769230769,0.07933599999999999,0.055199230769230764,-0.15386915384615382,0.9722763076923078,0.09607923076923076,0.15682592307692306,0.14434361538461538,0.9928268461538462,-0.009774692307692302,-0.00793315384615385,0.11882492307692308,0.9197931538461538,-0.05689453846153846,0.07222992307692307,0.38145615384615383,0.7237586153846154,-0.04796946153846152,0.15160623076923077,0.6714697692307693,-0.6369185384615385,0.1219596153846154,0.7472989999999999,-0.14486984615384615
239,0.9834198461538461,0.07929599999999999,0.055071538461538456,-0.15348069230769232,0.9723893846153847,0.09589153846153846,0.15658515384615385,0.14396976923076923,0.9928653076923077,-0.009411615384615386,-0.008154692307692307,0.11851415384615385,0.9199446923076923,-0.05667992307692308,0.07188915384615384,0.3811876923076923,0.7239547692307693,-0.04734407692307692,0.15144853846153847,0.6713374615384615,-0.6360839230769231,0.12272576923076924,0.747709,-0.1457683076923077
240,0.9834943076923077,0.079232,0.05493953846153846,-0.15308423076923078,0.9724987692307693,0.09573830769230769,0.1563493076923077,0.14358915384615384,0.9929123846153846,-0.009657153846153845,-0.008170692307692308,0.11809753846153846,0.9201005384615384,-0.05643453846153846,0.07154838461538461,0.38091246153846153,0.7242044615384615,-0.047370999999999996,0.1513566923076923,0.671087,-0.635261,0.12347961538461538,0.7481128461538462,-0.14664646153846153
241,0.983568923076923,0.07916776923076924,0.05480607692307692,-0.1526846153846154,0.972608,0.09558984615384615,0.15611507692307694,0.143203,0.992958923076923,-0.010021384615384616,-0.008235692307692308,0.11767215384615384,0.9202578461538461,-0.05617761538461538,0.07121069230769231,0.3806332307692308,0.7244363846153846,-0.04711792307692308,0.15138592307692308,0.6708481538461538,-0.634441,0.12423076923076924,0.7485116923076923,-0.14752492307692308
242,0.9836433846153846,0.07910884615384615,0.05467715384615384,-0.15227923076923078,0.9727192307692307,0.09543815384615384,0.15587584615384617,0.14280992307692306,0.9930021538461539,-0.010239999999999997,-0.008436615384615388,0.11727553846153846,0.9204176923076923,-0.05591361538461538,0.070873,0.38034769230769233,0.7246534615384616,-0.046597153846153844,0.1514700769230769,0.6706315384615384,-0.6336183846153847,0.12498338461538462,0.748909076923077,-0.14840584615384617
243,0.9837203076923078,0.07904807692307693,0.054567923076923076,-0.15185538461538461,0.9728353846153847,0.09528892307692308,0.1556150769230769,0.14240453846153844,0.9930429230769231,-0.010009999999999996,-0.008779692307692313,0.11692323076923077,0.9205861538461538,-0.055636692307692304,0.07052299999999999,0.38004615384615387,0.7249357692307693,-0.04677792307692308,0.15135546153846155,0.6703392307692307,-0.6327853076923077,0.1257403076923077,0.7493144615384616,-0.14927507692307693
244,0.983797923076923,0.07897207692307692,0.05446076923076923,-0.151426,0.9729508461538462,0.09514592307692309,0.15535084615384614,0.1419963846153846,0.9931051538461538,-0.009883153846153847,-0.008329384615384619,0.11643869230769231,0.920756,-0.055348,0.07016538461538462,0.3797432307692308,0.7251682307692308,-0.046194384615384616,0.15118753846153846,0.6701659999999999,-0.6319529230769231,0.12648546153846155,0.7497198461538462,-0.15013046153846152
245,0.9838765384615384,0.07888607692307692,0.054361692307692305,-0.150996,0.9730666923076923,0.09500776923076923,0.15508115384615384,0.14158884615384615,0.9931554615384615,-0.009810692307692308,-0.008339692307692303,0.1160133076923077,0.9209250769230769,-0.05506353846153846,0.06979307692307693,0.3794429230769231,0.7254066923076923,-0.04574792307692308,0.15138430769230768,0.6698943076923077,-0.6311183076923077,0.1272223846153846,0.7501275384615385,-0.15097876923076922
246,0.9839555384615385,0.07879246153846155,0.05427476923076923,-0.150563,0.9731837692307692,0.094877,0.15479884615384615,0.14118053846153847,0.9932017692307692,-0.009872999999999998,-0.008525230769230771,0.11559515384615385,0.921094923076923,-0.05478553846153846,0.06940369230769232,0.37914215384615385,0.7256650769230769,-0.04557292307692308,0.1516160769230769,0.669574,-0.6302784615384616,0.1279537692307692,0.7505395384615385,-0.1518206153846154
247,0.984034,0.078694,0.054204,-0.150123,0.973303,0.094757,0.154495,0.140769,0.993261,-0.010183,-0.008266,0.115079,0.921268,-0.054514,0.068996,0.378836,0.725952,-0.045686,0.151353,0.669314,-0.62943,0.128683,0.750958,-0.152656
248,0.9841124615384615,0.07860323076923076,0.054130923076923076,-0.14968530769230767,0.9734229999999999,0.09463084615384615,0.15419038461538462,0.140359,0.9933240769230769,-0.009962230769230768,-0.0077698461538461515,0.11458976923076923,0.9214395384615384,-0.05423938461538461,0.0685983076923077,0.37852907692307697,0.7261750769230769,-0.04498215384615384,0.15138223076923077,0.6691132307692308,-0.6285823076923077,0.12941838461538463,0.7513687692307692,-0.15349984615384615
249,0.9841893076923077,0.07851946153846154,0.05405138461538461,-0.14925192307692306,0.9735424615384615,0.09449607692307692,0.15388738461538462,0.13995276923076924,0.9933747692307692,-0.010094153846153845,-0.007772846153846153,0.11413876923076924,0.9216094615384615,-0.05396692307692308,0.06820923076923077,0.3782243076923077,0.7264406923076924,-0.044916384615384615,0.15142061538461538,0.6688209230769231,-0.6277356923076923,0.13015646153846153,0.7517736153846154,-0.15435446153846152
250,0.9842654615384615,0.07842576923076923,0.05395892307692308,-0.14882992307692308,0.9736570769230769,0.0943686923076923,0.15359707692307692,0.13955892307692308,0.9934210769230769,-0.010032615384615395,-0.007871307692307693,0.11373246153846155,0.9217746923076923,-0.05368153846153847,0.06783,0.3779303076923077,0.7266946923076923,-0.044819461538461544,0.1515930769230769,0.6685121538461539,-0.6268981538461539,0.13088123076923075,0.7521697692307692,-0.155214
251,0.9843415384615385,0.07831253846153846,0.053851,-0.14842338461538462,0.9737646153846153,0.09425715384615385,0.15332515384615383,0.13918253846153847,0.9934683076923077,-0.009455384615384622,-0.007804153846153845,0.11337115384615386,0.9219334615384616,-0.053376307692307695,0.06745969230769232,0.377652,0.7269086923076923,-0.04433407692307692,0.15190292307692307,0.668241,-0.6260726153846154,0.13158453846153845,0.7525570769230769,-0.1560737692307692
252,0.9844169230769231,0.07819792307692307,0.053741000000000004,-0.14802723076923077,0.9738707692307692,0.09413869230769231,0.1530566923076923,0.1388179230769231,0.9935113846153846,-0.008889230769230774,-0.007845692307692307,0.1130326923076923,0.9220880769230769,-0.05307938461538462,0.06708661538461538,0.377382,0.7271656153846153,-0.04446484615384615,0.15169215384615387,0.6680010000000001,-0.6252387692307693,0.13228992307692305,0.7529478461538461,-0.15693146153846152
253,0.9844892307692308,0.07809684615384616,0.05362976923076923,-0.14763784615384615,0.9739769230769231,0.0940036153846154,0.15279192307692308,0.13845638461538462,0.9935612307692308,-0.008412923076923078,-0.007562923076923078,0.11264992307692308,0.9222396153846154,-0.052802153846153846,0.06671661538461539,0.37711753846153845,0.7274182307692307,-0.04460915384615385,0.15146723076923077,0.6677671538461538,-0.6243938461538462,0.1330137692307692,0.7533416923076923,-0.1577903846153846
254,0.9845607692307692,0.07798761538461539,0.053509,-0.14726092307692307,0.9740788461538461,0.09387476923076923,0.15253884615384616,0.13810523076923079,0.9936085384615385,-0.008361,-0.0073702307692307695,0.1122506923076923,0.922385,-0.05252292307692308,0.06635392307692307,0.3768652307692308,0.7276420769230769,-0.04452376923076923,0.1515683846153846,0.667506,-0.6235542307692308,0.13372376923076923,0.7537297692307692,-0.15865538461538461
255,0.9846312307692308,0.07788376923076923,0.053383615384615384,-0.14689061538461537,0.9741797692307693,0.09373984615384616,0.1522913076923077,0.13775707692307693,0.9936523846153846,-0.008728692307692309,-0.007328384615384615,0.11183838461538462,0.9225265384615384,-0.05225353846153846,0.06599776923076923,0.37661784615384614,0.7278463846153845,-0.044259,0.1518360769230769,0.6672404615384616,-0.6227159230769231,0.13442792307692308,0.7541117692307693,-0.15953584615384614
256,0.9846973846153846,0.07784761538461538,0.05327669230769231,-0.14650369230769233,0.9742936153846153,0.09353907692307693,0.15202284615384615,0.13738246153846154,0.9936993076923077,-0.009167153846153839,-0.007205307692307694,0.11139530769230771,0.9226742307692307,-0.05205123076923077,0.0656416153846154,0.3763470769230769,0.7280833076923077,-0.044209,0.15145146153846153,0.6670727692307692,-0.6218505384615385,0.13518253846153844,0.7544956153846154,-0.1604550769230769
257,0.9847642307692308,0.07780730769230769,0.05316561538461539,-0.14611746153846156,0.9744053846153846,0.093348,0.15176476923076923,0.137003,0.9937379230769231,-0.008830923076923083,-0.007312769230769229,0.1110713076923077,0.9228212307692308,-0.05183992307692308,0.06529169230769231,0.376077,0.7283264615384615,-0.04435561538461538,0.1516573846153846,0.6667506923076922,-0.6209872307692308,0.13592815384615384,0.754876,-0.161375
258,0.9848306923076923,0.07776746153846154,0.053061000000000004,-0.1457276153846154,0.9745173846153846,0.09316353846153846,0.15150461538461538,0.1366183846153846,0.9937811538461538,-0.008927846153846149,-0.0072755384615384635,0.11067838461538462,0.92297,-0.051623,0.06493923076923078,0.3758023846153846,0.7285518461538462,-0.044151615384615386,0.1515643076923077,0.6665388461538462,-0.62012,0.1366713846153846,0.7552578461538462,-0.16229315384615384
259,0.9848982307692308,0.07769984615384616,0.05295661538461539,-0.14534315384615384,0.9746243846153846,0.09300907692307692,0.15125038461538462,0.13624223076923078,0.9938271538461538,-0.00933953846153846,-0.007123846153846155,0.11023923076923077,0.9231174615384615,-0.05137623076923077,0.06458253846153847,0.3755350769230769,0.7287584615384616,-0.043711307692307695,0.15145592307692307,0.6663664615384616,-0.619259,0.137386,0.7556397692307693,-0.16319899999999998
260,0.984969,0.077566,0.052842,-0.144977,0.974719,0.092916,0.151015,0.135893,0.993871,-0.009678,-0.00697,0.10982,0.923259,-0.051067,0.064221,0.375292,0.72895,-0.043299,0.151879,0.666088,-0.618419,0.138036,0.756019,-0.164079
261,0.9850336153846153,0.07751984615384616,0.05275430769230769,-0.14459623076923078,0.9748282307692308,0.092736,0.1507526923076923,0.13551915384615384,0.9939225384615384,-0.009394153846153852,-0.006516923076923087,0.10940923076923077,0.9234036153846155,-0.05085392307692308,0.06384792307692308,0.37502738461538465,0.7291669230769231,-0.04303207692307692,0.1514643846153846,0.6659618461538461,-0.6175336153846155,0.13875446153846152,0.7564105384615384,-0.16500130769230767
262,0.9850976923076923,0.07746238461538461,0.05266015384615385,-0.14422246153846155,0.974936923076923,0.09255546153846154,0.15049415384615386,0.1351506923076923,0.9939600769230769,-0.009141000000000005,-0.006625999999999992,0.10908246153846154,0.9235450000000001,-0.05064461538461539,0.06347107692307694,0.37477084615384615,0.7293989230769231,-0.043071,0.1511763076923077,0.6657705384615384,-0.6166525384615386,0.1394643076923077,0.7567972307692308,-0.16591984615384614
263,0.9851621538461539,0.07739484615384615,0.05255984615384616,-0.14385292307692307,0.9750432307692308,0.09238207692307693,0.1502403076923077,0.1347863846153846,0.9939937692307692,-0.009134846153846148,-0.0068950769230769204,0.10875815384615385,0.9236846923076923,-0.05043323076923077,0.06309323076923078,0.374519,0.7296167692307692,-0.04300684615384616,0.15120215384615385,0.665530076923077,-0.6157782307692308,0.14016307692307692,0.7571772307692308,-0.16683984615384614
264,0.9852273846153846,0.07732192307692308,0.052454615384615384,-0.1434846923076923,0.9751464615384615,0.09221923076923078,0.14999092307692308,0.1344246153846154,0.9940316923076923,-0.00948138461538461,-0.006998307692307697,0.10837615384615386,0.9238240769230769,-0.05021823076923077,0.06271676923076924,0.37426807692307695,0.7298074615384615,-0.042637153846153845,0.15161499999999997,0.6652511538461539,-0.6149106923076924,0.14085215384615382,0.7575495384615385,-0.1677674615384615
265,0.9852912307692308,0.07727115384615385,0.052350769230769235,-0.1431116153846154,0.975251076923077,0.09205153846153846,0.14974015384615383,0.13406076923076923,0.9940786153846154,-0.009845230769230766,-0.006701384615384618,0.10792769230769231,0.9239648461538461,-0.050020538461538464,0.06234446153846154,0.37400884615384616,0.7300320769230769,-0.042678692307692306,0.152005,0.6649126923076923,-0.6140376153846154,0.1415536923076923,0.7579149230769231,-0.16872207692307692
266,0.9853538461538461,0.07722346153846155,0.05225061538461538,-0.14274099999999998,0.9753569230769231,0.0918696923076923,0.14948323076923076,0.13370307692307692,0.9941218461538461,-0.009513076923076924,-0.006544153846153846,0.10756969230769231,0.924105,-0.04982346153846154,0.06196969230769231,0.3737514615384615,0.730221,-0.04216638461538462,0.15199315384615383,0.6647403846153846,-0.613154076923077,0.1422613846153846,0.7582852307692308,-0.16967423076923077
267,0.9854180769230769,0.0771446153846154,0.05214253846153846,-0.1423790769230769,0.9754576923076923,0.09170623076923076,0.14923284615384616,0.13335884615384616,0.9941606923076923,-0.00899115384615385,-0.006516076923076922,0.10725738461538462,0.9242419230769231,-0.04959615384615385,0.06159430769230769,0.37350492307692307,0.7304252307692308,-0.041928307692307695,0.15189353846153844,0.6645538461538462,-0.6122783076923077,0.14294638461538461,0.7586544615384615,-0.17060884615384614
268,0.9854837692307692,0.07703769230769231,0.052024692307692307,-0.14202615384615386,0.9755533846153847,0.09155915384615385,0.14899207692307692,0.13302653846153847,0.9941956153846154,-0.00861592307692307,-0.006612076923076918,0.10695723076923078,0.9243751538461539,-0.04934369230769232,0.061220153846153855,0.3732693846153846,0.7306436923076923,-0.041996615384615396,0.1519127692307692,0.664304923076923,-0.6114115384615385,0.14361130769230768,0.7590203076923077,-0.1715297692307692
269,0.9855476153846154,0.07694615384615386,0.05190315384615385,-0.14167692307692306,0.9756503076923077,0.09138992307692308,0.14875746153846156,0.1326942307692308,0.9942286923076923,-0.008890538461538457,-0.006827461538461534,0.10661338461538461,0.924505923076923,-0.049112153846153854,0.06085092307692309,0.37303630769230767,0.7308221538461539,-0.041639692307692315,0.1523566153846154,0.6640295384615384,-0.6105392307692308,0.14429284615384613,0.7593818461538462,-0.17246361538461535
270,0.9856121538461539,0.0768283076923077,0.05176984615384615,-0.14134015384615384,0.9757389230769231,0.09125876923076923,0.1485429230769231,0.13237438461538462,0.9942742307692307,-0.008796153846153848,-0.006347076923076932,0.10622246153846154,0.9246325384615385,-0.04885707692307693,0.06048584615384616,0.3728163846153846,0.7310310769230769,-0.041739,0.1522833076923077,0.6638102307692307,-0.6096752307692308,0.14495569230769229,0.7597392307692308,-0.17338361538461536
271,0.9856763076923076,0.07672138461538462,0.051638923076923075,-0.14100015384615386,0.975828,0.09112907692307692,0.14833015384615386,0.13204715384615384,0.9943133076923077,-0.00844061538461539,-0.006154461538461538,0.10589692307692308,0.9247600769230769,-0.04861276923076923,0.060120769230769235,0.3725914615384615,0.731212,-0.04147684615384616,0.15243315384615386,0.6635925384615384,-0.6088038461538462,0.1456353846153846,0.7600979999999999,-0.17430023076923076
272,0.9857406153846153,0.07661076923076923,0.05150584615384615,-0.14065961538461538,0.975915,0.09101184615384617,0.14812423076923079,0.1317173076923077,0.994349,-0.00819284615384615,-0.006129538461538464,0.10558384615384617,0.9248876153846154,-0.048364000000000004,0.059756538461538465,0.37236592307692307,0.731387,-0.04113146153846153,0.1525983846153846,0.6633828461538461,-0.6079326923076923,0.1463173076923077,0.7604561538461538,-0.175208
273,0.985806,0.07647,0.051362000000000005,-0.140325,0.975995,0.090928,0.147935,0.131395,0.994389,-0.008538999999999988,-0.005928000000000007,0.10519000000000002,0.925013,-0.04808400000000001,0.05939500000000002,0.372149,0.731597,-0.041233,0.152363,0.663199,-0.607075,0.14697499999999997,0.76081,-0.17609799999999998
274,0.9858690769230769,0.07640615384615385,0.05124661538461539,-0.13996038461538463,0.976091923076923,0.09076569230769231,0.14771038461538463,0.13103423076923076,0.9944305384615384,-0.00894976923076922,-0.005815692307692311,0.10477000000000002,0.9251483846153846,-0.04788246153846155,0.05902192307692308,0.3718959230769231,0.7317839230769231,-0.040723000000000016,0.1520353076923077,0.6630997692307693,-0.6061796153846154,0.14770192307692306,0.7611684615384615,-0.17701723076923076
275,0.9859337692307693,0.076324,0.05112853846153846,-0.1395946923076923,0.9761877692307692,0.09061953846153847,0.14748415384615385,0.1306756153846154,0.9944715384615385,-0.008696615384615396,-0.00567592307692308,0.10441084615384616,0.9252848461538462,-0.047666923076923086,0.058646692307692316,0.3716433846153846,0.7319999230769231,-0.04068630769230769,0.15206946153846154,0.6628556923076924,-0.6052966153846154,0.14841484615384615,0.7615199230769231,-0.17792730769230766
276,0.9859994615384615,0.07622876923076924,0.05101853846153846,-0.13922269230769233,0.9762843846153847,0.09048800000000001,0.14724523076923077,0.13031576923076924,0.9945116923076923,-0.008510615384615379,-0.005608384615384614,0.10404700000000001,0.9254245384615385,-0.04743861538461539,0.05826100000000001,0.3713858461538462,0.7322102307692308,-0.040511538461538474,0.15213069230769233,0.66262,-0.6044158461538462,0.1491220769230769,0.7618708461538461,-0.1788266923076923
277,0.9860657692307693,0.07612707692307692,0.050922153846153846,-0.13884046153846155,0.976383,0.09036846153846154,0.14698853846153848,0.12995076923076923,0.9945507692307692,-0.00884661538461538,-0.005680461538461536,0.10363800000000001,0.925569,-0.047199923076923084,0.057862000000000004,0.37111876923076925,0.7323962307692308,-0.03986561538461539,0.1520559230769231,0.6624713846153846,-0.6035307692307692,0.14983215384615384,0.7622243846153847,-0.1797156923076923
278,0.9861334615384615,0.07603784615384616,0.05082369230769231,-0.13844507692307692,0.976483,0.09025307692307692,0.1467339230769231,0.12956846153846155,0.9945884615384616,-0.009132769230769229,-0.005875076923076921,0.10323800000000001,0.9257190000000001,-0.04695915384615385,0.057472,0.37083646153846156,0.7326085384615385,-0.03958176923076923,0.15248515384615385,0.6621552307692308,-0.6026484615384615,0.15056369230769232,0.7625682307692307,-0.1806026153846154
279,0.9862029999999999,0.07592276923076924,0.050729538461538465,-0.13804661538461538,0.9765786923076923,0.0901703076923077,0.14647807692307693,0.12919046153846156,0.9946323076923077,-0.009445999999999993,-0.005789692307692312,0.10278938461538463,0.9258702307692308,-0.04668761538461539,0.05707523076923078,0.3705535384615385,0.7328473076923077,-0.039478230769230765,0.15222946153846156,0.661956,-0.6017698461538461,0.15128353846153844,0.7629145384615384,-0.1814636923076923
280,0.9862710769230769,0.07584007692307693,0.05064684615384615,-0.1376343076923077,0.9766813846153847,0.09005915384615384,0.14620615384615385,0.12879776923076924,0.994676923076923,-0.009343307692307708,-0.005720461538461538,0.10237015384615386,0.9260263846153847,-0.046444923076923085,0.05667523076923078,0.37025507692307696,0.7331053846153847,-0.039491692307692304,0.15183523076923078,0.6617598461538462,-0.6008771538461538,0.1520327692307692,0.7632610769230769,-0.18233561538461535
281,0.9863379999999999,0.07578715384615385,0.05057038461538462,-0.13721076923076925,0.9767904615384616,0.08991715384615384,0.14592323076923078,0.1283919230769231,0.9947204615384616,-0.008810692307692323,-0.005740153846153845,0.1019949230769231,0.9261863846153846,-0.046226615384615394,0.05627707692307694,0.3699435384615385,0.7333753846153847,-0.039571999999999996,0.15147861538461538,0.6615375384615385,-0.5999740769230769,0.15280492307692306,0.7636055384615384,-0.18322192307692303
282,0.9864080000000001,0.07569792307692308,0.05047730769230769,-0.1367946153846154,0.9768927692307692,0.08979792307692308,0.14565938461538463,0.12799653846153844,0.9947627692307692,-0.00824915384615384,-0.005770923076923077,0.10162953846153847,0.9263433076923078,-0.045959692307692306,0.05589246153846154,0.3696412307692308,0.7336423076923078,-0.039632,0.15114169230769228,0.6613152307692308,-0.5990894615384615,0.15353953846153848,0.7639432307692308,-0.18409653846153845
283,0.9864786923076924,0.07557338461538463,0.05037730769230769,-0.13638884615384614,0.9769895384615385,0.089705,0.14540315384615385,0.12761430769230767,0.9948140769230769,-0.008216538461538463,-0.0053246923076922985,0.10115546153846153,0.9264967692307693,-0.04565884615384615,0.05550438461538461,0.36935276923076926,0.7338635384615385,-0.03930015384615384,0.1514666153846154,0.6610146923076923,-0.5982138461538461,0.15423953846153846,0.7642809230769231,-0.18495384615384616
284,0.9865476153846154,0.07548646153846154,0.05028484615384615,-0.13597084615384614,0.9770926153846154,0.08957807692307691,0.14513853846153846,0.12721461538461537,0.9948566923076924,-0.008022999999999997,-0.005316538461538464,0.10074961538461538,0.926654,-0.04539946153846154,0.05511730769230769,0.3690483076923077,0.7341184615384616,-0.03927784615384615,0.1515369230769231,0.6607165384615384,-0.5973235384615384,0.15497030769230768,0.7646167692307692,-0.1858286153846154
285,0.9866157692307692,0.07542284615384615,0.050194923076923074,-0.1355443846153846,0.9771991538461539,0.08943276923076923,0.14487192307692306,0.12680230769230771,0.9948967692307693,-0.007879153846153845,-0.0054622307692307704,0.10035346153846153,0.926814,-0.04516630769230769,0.05473323076923077,0.3687321538461539,0.7343800769230769,-0.039248846153846155,0.15151584615384617,0.6604322307692307,-0.5964250769230769,0.15571861538461537,0.7649495384615385,-0.18671676923076924
286,0.986685,0.075349,0.050098,-0.135119,0.977303,0.089302,0.144615,0.12639,0.994946,-0.008193,-0.005203,0.099855,0.926974,-0.044924,0.054354,0.368416,0.734597,-0.038655,0.151792,0.660163,-0.595532,0.156454,0.765278,-0.187606
287,0.9867526923076924,0.07528284615384614,0.05000184615384615,-0.13469284615384614,0.9774053076923077,0.08917046153846155,0.144365,0.1259753846153846,0.9949906153846154,-0.007656846153846151,-0.005045307692307692,0.09945884615384615,0.9271339999999999,-0.04468784615384615,0.05397476923076923,0.3680967692307692,0.7348539230769231,-0.038645000000000006,0.152172,0.6597899230769231,-0.5946373846153846,0.15719553846153847,0.7656018461538462,-0.18850061538461538
288,0.9868214615384616,0.07520646153846154,0.04990353846153846,-0.13426884615384616,0.977504923076923,0.0890513076923077,0.14412146153846153,0.1255623846153846,0.9950395384615385,-0.007313999999999998,-0.004651230769230764,0.09901207692307691,0.9272934615384615,-0.04443607692307692,0.05359553846153846,0.3677802307692308,0.7351226923076923,-0.03877338461538462,0.15237753846153848,0.6594351538461538,-0.5937427692307693,0.15793384615384615,0.7659262307692308,-0.1893839230769231
289,0.9868894615384616,0.07513461538461538,0.049815384615384616,-0.13384392307692308,0.9776058461538462,0.08892884615384615,0.143869,0.12514976923076923,0.995086,-0.007287846153846156,-0.004426923076923078,0.09855530769230769,0.9274539230769231,-0.04418653846153846,0.05320861538461538,0.36746146153846154,0.7353774615384616,-0.03863984615384615,0.15236984615384616,0.6591602307692308,-0.5928370769230769,0.15867784615384614,0.7662554615384616,-0.19026484615384615
290,0.9869559999999999,0.07507053846153845,0.049741,-0.13341715384615385,0.9777094615384615,0.08879884615384616,0.14360169230769232,0.124738,0.9951262307692307,-0.007520769230769238,-0.004580692307692309,0.09812207692307692,0.9276158461538462,-0.04394338461538462,0.05281223076923078,0.3671390769230769,0.7356025384615384,-0.038023692307692314,0.1522033076923077,0.6589832307692307,-0.5919182307692308,0.15942676923076923,0.7665902307692307,-0.19114776923076923
291,0.9870260000000001,0.07495592307692307,0.049641,-0.13299869230769232,0.9778040769230769,0.08871730769230769,0.1433586153846154,0.124338,0.9951685384615384,-0.006928461538461543,-0.0044776153846153854,0.09774284615384617,0.9277743076923077,-0.04363723076923077,0.05243453846153847,0.3668298461538461,0.7358179230769231,-0.037400615384615386,0.15247638461538462,0.6587155384615384,-0.5910305384615384,0.16012446153846152,0.7669125384615385,-0.19201546153846152
292,0.9870941538461538,0.0748726923076923,0.049549615384615386,-0.13257038461538462,0.9779042307692308,0.0886013076923077,0.14310199999999998,0.12392692307692307,0.9952077692307693,-0.007005692307692307,-0.004655153846153845,0.0973273076923077,0.9279346153846154,-0.04337415384615385,0.052047,0.36651076923076925,0.7360720769230769,-0.03711907692307692,0.15218392307692308,0.6585155384615384,-0.5901311538461538,0.16084615384615383,0.7672317692307693,-0.19289915384615383
293,0.9871633846153847,0.07475538461538461,0.04945769230769231,-0.13215423076923077,0.9779992307692308,0.08851361538461539,0.14284546153846153,0.12353461538461538,0.9952466153846153,-0.0072568461538461545,-0.004820538461538462,0.09690269230769231,0.9280903846153846,-0.04308876923076923,0.05164623076923077,0.36620653846153844,0.7363324615384615,-0.03708215384615385,0.152022,0.6582643846153846,-0.58924,0.16154,0.7675529230769231,-0.19376453846153846
294,0.9872336923076923,0.07460584615384615,0.04936753846153846,-0.13174853846153847,0.9780898461538462,0.08845330769230769,0.142587,0.12315892307692307,0.9952867692307692,-0.007351769230769227,-0.004846538461538459,0.09648253846153845,0.9282426923076923,-0.042778461538461536,0.05123330769230769,0.3659148461538461,0.7365875384615385,-0.037120153846153844,0.15201599999999998,0.6579783846153846,-0.5883544615384615,0.16221046153846153,0.7678773846153847,-0.1946099230769231
295,0.9873021538461538,0.07449507692307691,0.049295230769230765,-0.13132623076923078,0.978189076923077,0.08835484615384616,0.142307,0.12276353846153845,0.9953306153846153,-0.006795615384615377,-0.004644230769230766,0.09608023076923076,0.9284011538461538,-0.042500769230769224,0.05081484615384615,0.3656040769230769,0.7368352307692307,-0.03682092307692307,0.151546,0.6578253076923077,-0.5874467692307692,0.16292276923076923,0.7682043076923076,-0.19546453846153847
296,0.9873685384615385,0.07443069230769231,0.04922084615384615,-0.13089007692307691,0.9782945384615385,0.08821415384615384,0.1420263076923077,0.12234669230769231,0.995371,-0.007005846153846152,-0.004819923076923076,0.09564123076923077,0.9285623846153847,-0.04226184615384615,0.05041161538461538,0.3652766923076923,0.7371140769230768,-0.03697584615384615,0.15163953846153846,0.6574825384615385,-0.5865300769230769,0.1636703846153846,0.7685201538461539,-0.19634753846153846
297,0.987436076923077,0.07433638461538462,0.04913515384615385,-0.13046484615384615,0.9783942307692308,0.08809969230769231,0.14175846153846156,0.1219413076923077,0.9954086923076924,-0.006796307692307698,-0.0049951538461538445,0.09525353846153846,0.9287202307692307,-0.04199446153846154,0.05001146153846154,0.36496084615384616,0.7373631538461538,-0.03674276923076924,0.15146984615384615,0.6572557692307692,-0.585628076923077,0.1643873076923077,0.7688315384615385,-0.19722123076923076
298,0.9875038461538461,0.07422353846153847,0.049046000000000006,-0.13004815384615387,0.9784905384615384,0.0880003076923077,0.14149646153846154,0.12154515384615384,0.9954483076923077,-0.00648276923076923,-0.004995307692307694,0.09485915384615384,0.9288753846153847,-0.041712384615384616,0.049609230769230774,0.36465346153846157,0.7375916923076923,-0.036294,0.1513226923076923,0.6570587692307692,-0.5847314615384616,0.16508484615384614,0.7691419230769231,-0.19808892307692308
299,0.98757,0.074122,0.048966,-0.129632,0.978589,0.087888,0.141228,0.121149,0.995496,-0.006712,-0.004653,0.094363,0.92903,-0.041447,0.0492,0.364345,0.737824,-0.036024,0.151735,0.656718,-0.583823,0.165791,0.769455,-0.198962
