timestep,imu0_w,imu0_x,imu0_y,imu0_z,imu1_w,imu1_x,imu1_y,imu1_z,imu2_w,imu2_x,imu2_y,imu2_z,imu3_w,imu3_x,imu3_y,imu3_z,imu4_w,imu4_x,imu4_y,imu4_z,imu5_w,imu5_x,imu5_y,imu5_z
0,0.72831,0.382167,0.29635,-0.485471,0.978092,0.154114,-0.088916,-0.107988,0.681974,-0.148302,-0.487598,0.524547,0.391481,-0.115808,-0.05969,0.910907,-0.189246,-0.230271,0.546591,0.782549,-0.29234,-0.086727,0.417156,-0.856142
1,0.7281492307692308,0.3814523846153846,0.29562692307692306,-0.48671253846153845,0.9783958461538461,0.1532393846153846,-0.08891138461538461,-0.10647184615384615,0.6808855384615384,-0.14634661538461538,-0.4884910769230769,0.5256754615384616,0.39061715384615386,-0.11273646153846154,-0.059736923076923076,0.9116577692307692,-0.18910753846153847,-0.22850715384615383,0.5465686923076923,0.7831136153846153,-0.29095923076923075,-0.0910646923076923,0.4164436923076923,-0.8565050769230769
2,0.727983076923077,0.380328,0.2944073846153846,-0.48857330769230767,0.9788262307692308,0.15207184615384617,-0.08865853846153846,-0.10437146153846154,0.6796360769230769,-0.14378653846153847,-0.4893254615384615,0.5272169230769231,0.3894356153846154,-0.10896438461538462,-0.05939507692307692,0.9126411538461539,-0.1892996923076923,-0.22598084615384614,0.5462793076923077,0.7839996923076923,-0.2895429230769231,-0.09682284615384615,0.4154099230769231,-0.8568487692307692
3,0.7278564615384615,0.37889723076923076,0.2928067692307692,-0.49082899999999996,0.9793286923076924,0.15071692307692308,-0.08839376923076922,-0.10181238461538461,0.6782603846153846,-0.14074576923076923,-0.490203,0.5289901538461539,0.38806776923076924,-0.10398838461538462,-0.05923984615384615,0.9138097692307692,-0.18957876923076925,-0.2227856153846154,0.5458040769230769,0.7851758461538462,-0.2882027692307692,-0.10371315384615384,0.414139,-0.8571072307692308
4,0.7278095384615384,0.3772545384615385,0.29093184615384615,-0.49327561538461534,0.9798640000000001,0.14924746153846152,-0.08823761538461539,-0.098929,0.6768164615384615,-0.137327,-0.49118192307692304,0.5308311538461539,0.3866671538461538,-0.097607,-0.05960646153846154,0.915088,-0.18974315384615387,-0.21904915384615387,0.545223923076923,0.7865917692307692,-0.28706253846153845,-0.11143261538461538,0.41270992307692306,-0.8572180769230769
5,0.7279149230769231,0.37546992307692306,0.2888603076923077,-0.4956917692307692,0.980454,0.14758207692307693,-0.08778376923076922,-0.095939,0.675531076923077,-0.133497,-0.4921511538461538,0.5325426923076924,0.3856486923076923,-0.09077700000000001,-0.059901076923076925,0.9161980000000001,-0.18961469230769232,-0.2150606923076923,0.5446631538461538,0.7881094615384616,-0.28648792307692306,-0.11954876923076924,0.41119915384615385,-0.8570388461538461
6,0.7280843076923077,0.37370684615384614,0.28662692307692306,-0.4980636153846154,0.9810723076923077,0.14589884615384616,-0.086981,-0.09286038461538461,0.6745010769230769,-0.12938884615384616,-0.4930643846153846,0.5340117692307692,0.38499946153846154,-0.08384484615384616,-0.06010461538461538,0.917112923076923,-0.18917053846153847,-0.2111959230769231,0.5441288461538462,0.7896271538461539,-0.2863059230769231,-0.12772092307692307,0.4096773076923077,-0.8566423846153846
7,0.7283035384615384,0.3719787692307692,0.2841665384615385,-0.5004401538461538,0.9816976923076923,0.1443076923076923,-0.08597523076923078,-0.08961346153846154,0.6736491538461539,-0.12509653846153845,-0.49393476923076923,0.5353036923076923,0.3846829230769231,-0.07673215384615385,-0.06021692307692308,0.9178598461538462,-0.1884743846153846,-0.20727823076923077,0.5436311538461539,0.7911725384615385,-0.28651207692307695,-0.13608515384615383,0.4080988461538461,-0.8560369999999999
8,0.728584,0.37026215384615385,0.2814179230769231,-0.5028541538461538,0.982335076923077,0.14280646153846152,-0.08481523076923077,-0.08607684615384616,0.6729574615384615,-0.12058746153846155,-0.4947615384615385,0.5364466153846155,0.38470676923076924,-0.06931384615384616,-0.06023430769230769,0.9184424615384615,-0.18752530769230769,-0.20318869230769232,0.5431753076923077,0.7927719230769231,-0.28714900000000004,-0.14477407692307692,0.40641838461538465,-0.8552028461538461
9,0.728974,0.3684729230769231,0.2782625384615385,-0.5053549230769231,0.9830204615384616,0.14127876923076924,-0.08350138461538462,-0.08196607692307692,0.6724497692307692,-0.11566976923076923,-0.4955292307692308,0.5374596923076923,0.38513061538461535,-0.06129307692307693,-0.060145846153846154,0.9188447692307692,-0.18625684615384613,-0.19874715384615385,0.5427668461538462,0.7944765384615384,-0.28834899999999997,-0.15404946153846155,0.4045453076923077,-0.854072076923077
10,0.7296104615384615,0.3662233076923077,0.27441553846153843,-0.5081596153846154,0.983788923076923,0.139578,-0.08160876923076923,-0.07739492307692308,0.67221,-0.10987353846153847,-0.49611415384615387,0.5384263846153846,0.3860127692307692,-0.05159138461538462,-0.05999784615384616,0.919065,-0.18483053846153846,-0.19343192307692308,0.5422261538461539,0.7964823076923077,-0.29024546153846154,-0.16465823076923075,0.4023170769230769,-0.8524809230769231
11,0.7304030769230769,0.36366407692307695,0.27026784615384614,-0.5110696153846154,0.9845804615384616,0.13786353846153848,-0.07946815384615384,-0.07244353846153848,0.6720710769230769,-0.10341523076923077,-0.496676,0.5393533076923077,0.38715492307692306,-0.0409686153846154,-0.059756923076923076,0.9191260769230769,-0.183161,-0.18762315384615386,0.5416804615384615,0.7986216923076923,-0.2925783846153846,-0.1760423846153846,0.3998370769230769,-0.8505612307692307
12,0.7313523846153845,0.36081946153846156,0.26595407692307693,-0.5139866923076923,0.9853789230769231,0.1361883076923077,-0.07704838461538462,-0.06719915384615384,0.672022,-0.09635769230769231,-0.49723923076923077,0.5402038461538461,0.3885068461538462,-0.029639615384615386,-0.05945638461538461,0.9190158461538462,-0.18124846153846152,-0.18141553846153846,0.5411917692307692,0.8008223076923078,-0.2952573076923077,-0.18796861538461537,0.3971253076923077,-0.8483594615384615
13,0.732467,0.357711,0.261601,-0.516809,0.986172,0.134596,-0.074263,-0.061783,0.672072,-0.08878,-0.49781,0.54093,0.390023,-0.017805,-0.059151,0.918722,-0.17912,-0.174894,0.540821,0.80301,-0.298185,-0.200184,0.394203,-0.845931
14,0.7335162307692308,0.3545563846153846,0.2576848461538462,-0.519445923076923,0.9868466153846154,0.13334753846153846,-0.07156376923076924,-0.056593000000000004,0.6720827692307692,-0.08165692307692309,-0.49828,0.5415923076923077,0.39116915384615386,-0.006524230769230784,-0.059036384615384616,0.9183704615384616,-0.17739846153846156,-0.1686863076923077,0.5402740769230769,0.805076923076923,-0.3004457692307692,-0.2116763076923077,0.39158453846153846,-0.8435194615384616
15,0.7342973076923077,0.35170384615384614,0.2542096923076923,-0.521987,0.9874582307692308,0.13212384615384618,-0.06941430769230769,-0.05117415384615385,0.671925,-0.07532376923076924,-0.49876238461538464,0.5422610769230769,0.39188776923076923,0.003597769230769226,-0.05896861538461538,0.9180840769230769,-0.17612007692307693,-0.16313876923076923,0.5397212307692307,0.8068697692307693,-0.30201084615384616,-0.22216653846153844,0.38922776923076924,-0.8413496923076923
16,0.7348397692307692,0.3492210769230769,0.2511352307692308,-0.5243771538461539,0.9879576153846154,0.13107876923076925,-0.06770107692307692,-0.046383692307692306,0.6716186923076923,-0.06978084615384617,-0.4992959230769231,0.5428966153846154,0.39231115384615384,0.012547461538461528,-0.05892830769230769,0.9178357692307693,-0.17511715384615387,-0.15822738461538463,0.53922,0.8084033076923077,-0.30303253846153844,-0.23166453846153845,0.387117,-0.8394026153846154
17,0.735182923076923,0.34714115384615385,0.2484053846153846,-0.5265773076923077,0.9883218461538461,0.13029384615384615,-0.06633230769230769,-0.042714538461538464,0.6711887692307692,-0.06498653846153847,-0.4999063846153846,0.5434681538461539,0.39255615384615383,0.02037192307692307,-0.05888969230769231,0.9176023846153847,-0.17423876923076925,-0.15388938461538462,0.5388193846153847,0.8097004615384615,-0.30366261538461536,-0.24022992307692306,0.38522276923076926,-0.8376493846153846
18,0.7354021538461539,0.3454426923076923,0.24591923076923078,-0.5285503846153846,0.9886203076923077,0.1295823076923077,-0.0653553846153846,-0.039329923076923075,0.6706764615384615,-0.060831923076923075,-0.5005902307692308,0.5439496923076923,0.39270769230769226,0.027191153846153844,-0.05876661538461539,0.9173662307692307,-0.17332646153846154,-0.14994323076923077,0.5385932307692308,0.8107850769230769,-0.3040787692307692,-0.24799915384615384,0.38347046153846154,-0.8360332307692308
19,0.7356293846153846,0.3437663846153846,0.24360723076923077,-0.530393,0.9888830769230769,0.1289723076923077,-0.06442276923076923,-0.036120692307692305,0.6701432307692308,-0.05681453846153846,-0.5013079230769231,0.5443770769230769,0.3927976923076923,0.03375376923076923,-0.05867615384615385,0.9171116153846154,-0.17243261538461538,-0.14612692307692307,0.5383609230769231,0.8118241538461538,-0.3043416923076923,-0.2554606923076923,0.38183938461538464,-0.83443
20,0.735835923076923,0.3420802307692308,0.24144607692307693,-0.5321826153846154,0.9891323076923076,0.1283626923076923,-0.06346853846153847,-0.03302646153846154,0.6695620769230769,-0.05286069230769231,-0.5020321538461539,0.5448228461538461,0.3927830769230769,0.04014223076923076,-0.05861692307692308,0.9168646923076923,-0.1716676153846154,-0.14242153846153846,0.5381355384615385,0.8127937692307692,-0.30439746153846153,-0.26267607692307693,0.38025976923076926,-0.8328903846153846
21,0.7360174615384616,0.34038423076923074,0.23942976923076922,-0.5339295384615385,0.98937,0.127747,-0.06250053846153847,-0.03002892307692308,0.6689393076923077,-0.048971923076923086,-0.502742,0.5452999230769231,0.3926646153846154,0.04636807692307691,-0.05859169230769231,0.9166276153846153,-0.17103653846153846,-0.13883184615384617,0.5379147692307693,0.8136951538461539,-0.30425161538461537,-0.2696546923076923,0.37872346153846154,-0.8314188461538461
22,0.7361897692307692,0.3387103846153846,0.2375636153846154,-0.5355872307692308,0.9895799999999999,0.127207,-0.06160823076923077,-0.02713353846153847,0.6683208461538462,-0.04522653846153848,-0.503402,0.5457745384615384,0.3924876923076923,0.05238346153846152,-0.05861015384615385,0.9163806923076923,-0.1704442307692308,-0.13539107692307695,0.5376786153846154,0.814555923076923,-0.3039746923076923,-0.27636315384615384,0.3772757692307692,-0.8299780769230769
23,0.7363316153846153,0.3371313846153846,0.23589546153846155,-0.5371216923076924,0.9897533076923076,0.12679923076923078,-0.060772692307692305,-0.024445153846153846,0.6677723076923078,-0.04181276923076923,-0.5039941538461539,0.5461688461538462,0.3922456923076923,0.057902461538461535,-0.05867223076923077,0.9161441538461539,-0.17001876923076925,-0.13226392307692308,0.5373974615384615,0.8153426153846154,-0.30350046153846155,-0.2825281538461538,0.3760475384615385,-0.8286266153846154
24,0.7364086923076923,0.3357576923076923,0.23440853846153847,-0.5385261538461539,0.9898902307692308,0.12657230769230768,-0.059899153846153845,-0.02213976923076923,0.6672943076923077,-0.038854,-0.5045003076923077,0.5465048461538462,0.3919715384615385,0.06275338461538461,-0.05874146153846154,0.9159387692307692,-0.16974015384615385,-0.12952515384615385,0.5371348461538461,0.8160135384615385,-0.30286769230769234,-0.28804753846153847,0.3750352307692308,-0.8274175384615384
25,0.7364109230769231,0.334698,0.23315376923076925,-0.5397277692307693,0.9899903846153847,0.12648453846153845,-0.05911261538461538,-0.020225076923076922,0.6668609230769231,-0.03646592307692307,-0.5049742307692308,0.5467626923076924,0.3917225384615385,0.06669469230769232,-0.05881615384615385,0.9157653846153846,-0.16950484615384614,-0.127263,0.5369511538461539,0.8165400769230768,-0.30210092307692304,-0.2927743076923077,0.37427407692307696,-0.8263874615384615
26,0.736334,0.334068,0.232193,-0.540637,0.990055,0.126463,-0.058598,-0.018662,0.666434,-0.034759,-0.505495,0.546915,0.391571,0.069467,-0.0589,0.91562,-0.169171,-0.125563,0.536915,0.816897,-0.301234,-0.296562,0.373801,-0.825569
27,0.7362363076923076,0.33367030769230765,0.23141223076923076,-0.541350076923077,0.9900903846153847,0.12658684615384613,-0.058102615384615384,-0.017408153846153848,0.6661032307692308,-0.033504384615384616,-0.5059273076923076,0.5469957692307692,0.39149792307692305,0.07157853846153846,-0.058958461538461536,0.9154846153846155,-0.16888792307692307,-0.1242576153846154,0.5369503846153847,0.8171316153846153,-0.3003016923076923,-0.299642,0.3735640769230769,-0.8249020769230769
28,0.7361520769230769,0.3333517692307692,0.23080107692307691,-0.5419220769230769,0.9901117692307693,0.12675915384615383,-0.05767023076923077,-0.016344384615384618,0.6657918461538462,-0.03241561538461538,-0.5063714615384616,0.5470291538461538,0.3914587692307692,0.07336646153846153,-0.059061615384615386,0.915353,-0.16864792307692308,-0.12322361538461539,0.5370126923076923,0.8172967692307692,-0.29929076923076925,-0.30226484615384613,0.37349676923076924,-0.8243428461538461
29,0.7360585384615385,0.3330880769230769,0.23029861538461538,-0.5424249999999999,0.9901311538461539,0.12691776923076922,-0.057243923076923074,-0.015420846153846155,0.6655075384615385,-0.03145607692307692,-0.5067539230769231,0.547077,0.3914150769230769,0.0749116923076923,-0.05915776923076923,0.9152402307692308,-0.168467,-0.12237638461538462,0.5370994615384616,0.8174044615384616,-0.2982073846153846,-0.304589,0.37352338461538465,-0.823867923076923
30,0.7359405384615385,0.33286276923076924,0.22985884615384614,-0.5429093846153846,0.9901557692307692,0.1270260769230769,-0.05679192307692308,-0.014596615384615385,0.6652512307692308,-0.030597000000000003,-0.5070348461538462,0.5471775384615384,0.3913414615384615,0.076278,-0.059213923076923074,0.9151556153846154,-0.1683493076923077,-0.1216486923076923,0.5372075384615385,0.8174666923076923,-0.29705884615384615,-0.3067360769230769,0.3735895384615385,-0.823457
31,0.735805923076923,0.33270046153846156,0.2294973076923077,-0.5433432307692307,0.9901734615384615,0.12714684615384617,-0.05639115384615385,-0.013872769230769234,0.6649935384615385,-0.029857,-0.5073033076923077,0.5472829230769231,0.3912560769230769,0.07743799999999999,-0.05926315384615385,0.9150917692307692,-0.1682523846153846,-0.12104561538461539,0.537332923076923,0.8174936153846154,-0.2958473076923077,-0.3086768461538461,0.37372492307692307,-0.823107
32,0.7356811538461538,0.3326015384615385,0.22921207692307694,-0.5436933846153845,0.9901813076923076,0.12728176923076923,-0.056111,-0.013193846153846155,0.6647838461538461,-0.029253,-0.5075446923076923,0.5473464615384616,0.3912014615384616,0.07838876923076923,-0.059337,0.9150291538461538,-0.16815607692307694,-0.12057053846153847,0.5374675384615385,0.8174946923076923,-0.2946173076923077,-0.3103739230769231,0.37395138461538463,-0.8228062307692308
33,0.7355534615384616,0.33261538461538465,0.22905553846153848,-0.5439241538461538,0.9901751538461538,0.1275086923076923,-0.05581715384615385,-0.012703461538461538,0.6645315384615385,-0.028796461538461538,-0.5078943076923077,0.547353,0.3911806923076923,0.07894184615384615,-0.059430461538461536,0.9149845384615385,-0.16803915384615384,-0.1203016923076923,0.537626,0.8174543076923076,-0.29335115384615384,-0.31172546153846153,0.3743006153846154,-0.8225889230769231
34,0.7354143846153846,0.33276123076923075,0.22904030769230768,-0.5440295384615385,0.9901556153846154,0.1278339230769231,-0.055479307692307696,-0.012435153846153848,0.6642692307692308,-0.02853907692307692,-0.5083026153846154,0.5473063846153846,0.39119623076923077,0.07904753846153846,-0.05953646153846154,0.9149620769230769,-0.1679103846153846,-0.12027461538461538,0.5378175384615385,0.8173593846153846,-0.292045,-0.31268807692307693,0.3747793846153846,-0.8224710769230769
35,0.7352513076923076,0.3330473846153846,0.22915184615384615,-0.5440272307692308,0.9901286923076923,0.12819853846153845,-0.05514084615384616,-0.012345923076923077,0.6641853846153847,-0.028624461538461536,-0.5084856923076922,0.5472333076923077,0.3912523846153846,0.07874523076923076,-0.05963876923076923,0.9149574615384616,-0.1678173076923077,-0.1205176923076923,0.5380552307692308,0.8171863076923077,-0.29070500000000005,-0.31323346153846154,0.3753763076923077,-0.8224664615384616
36,0.735055,0.33341661538461537,0.22930423076923076,-0.5440020769230769,0.9900976153846154,0.1285776923076923,-0.05482038461538462,-0.012346,0.6641091538461539,-0.028847615384615385,-0.5086362307692308,0.5471733846153847,0.39129192307692306,0.07827953846153846,-0.059711307692307695,0.9149756923076924,-0.1677733846153846,-0.12086392307692308,0.5383393076923076,0.8169571538461539,-0.28932623076923075,-0.31359815384615386,0.3759877692307692,-0.8225338461538462
37,0.7348476153846154,0.3337641538461538,0.22944776923076923,-0.5440085384615384,0.9900646923076922,0.12895061538461539,-0.05454161538461538,-0.012324615384615385,0.6639640769230769,-0.02902976923076923,-0.508833,0.5471569230769231,0.3912765384615385,0.07790738461538461,-0.05977823076923077,0.9150098461538462,-0.1677266153846154,-0.12114038461538462,0.5386317692307693,0.8167328461538461,-0.2879159230769231,-0.31406276923076926,0.3765403846153846,-0.8225986153846153
38,0.7346445384615384,0.3340564615384615,0.22958053846153845,-0.5440476923076923,0.9900324615384615,0.12929915384615384,-0.05431330769230769,-0.012262923076923078,0.6637566153846154,-0.029124076923076923,-0.5090747692307692,0.5471793076923077,0.3912073076923077,0.07768607692307693,-0.05985169230769231,0.9150536153846154,-0.1676726923076923,-0.12132253846153847,0.5389171538461539,0.8165283846153846,-0.28647753846153845,-0.314666,0.3770360769230769,-0.8226433846153847
39,0.734463,0.334268,0.229709,-0.54411,0.990004,0.129603,-0.054141,-0.012156,0.663512,-0.029101,-0.509344,0.547227,0.391095,0.077643,-0.059944,0.915099,-0.167615,-0.121411,0.539181,0.816353,-0.285016,-0.315406,0.377493,-0.822658
40,0.7342868461538462,0.3343987692307692,0.2298543846153846,-0.5442053846153846,0.9899932307692308,0.1297760769230769,-0.05394792307692308,-0.012019846153846154,0.6632473846153846,-0.02896023076923077,-0.5095963076923077,0.5473193076923077,0.3909342307692308,0.07770684615384615,-0.0599916923076923,0.9151590000000001,-0.16760961538461538,-0.12147715384615385,0.5394317692307692,0.8161783846153846,-0.283516,-0.3162152307692308,0.37791838461538463,-0.8226703076923078
41,0.7341246923076923,0.33454353846153845,0.230017,-0.5442657692307692,0.9899803076923077,0.12997876923076923,-0.053722,-0.011911692307692307,0.6630134615384615,-0.028833461538461537,-0.5098233076923077,0.5473981538461539,0.3908197692307693,0.07769961538461538,-0.06002,0.9152066153846155,-0.16759184615384615,-0.12159123076923077,0.5397046153846153,0.8159843846153846,-0.28203915384615386,-0.3169393846153846,0.37836692307692305,-0.8226928461538462
42,0.7339771538461538,0.3347173846153846,0.23023438461538462,-0.5442656153846154,0.9899596923076923,0.13023753846153846,-0.053488153846153845,-0.011852769230769231,0.6628034615384616,-0.028748692307692305,-0.5100533076923077,0.5474429230769231,0.39075469230769233,0.07757146153846153,-0.06006307692307692,0.9152424615384616,-0.16753953846153846,-0.12179876923076922,0.5399921538461538,0.8157737692307693,-0.28057253846153846,-0.3175267692307692,0.3788758461538461,-0.8227336153846154
43,0.7338408461538461,0.33493076923076925,0.23052323076923076,-0.5441961538461538,0.9899292307692308,0.13056015384615385,-0.05326,-0.011854615384615384,0.6626124615384615,-0.028725076923076923,-0.5102983846153847,0.5474466923076923,0.3907359230769231,0.07729592307692308,-0.060136999999999996,0.915269,-0.16744799999999999,-0.12212592307692308,0.5402905384615385,0.8155462307692307,-0.27910630769230765,-0.3179481538461538,0.3794639230769231,-0.8227991538461539
44,0.7336893076923077,0.33518846153846155,0.23081553846153846,-0.5441176923076922,0.9899015384615385,0.1308716923076923,-0.053000000000000005,-0.01190076923076923,0.6624470769230769,-0.028765846153846156,-0.5104922307692308,0.5474636153846154,0.39073515384615387,0.07691515384615386,-0.060177,0.9152990000000001,-0.16739800000000002,-0.12254515384615385,0.5406159230769231,0.8152785384615384,-0.2776393846153846,-0.3182296923076923,0.3800831538461539,-0.8229006923076924
45,0.7335457692307692,0.3354658461538461,0.2311226153846154,-0.5440103076923077,0.9898695384615385,0.1311893846153846,-0.052797846153846154,-0.011974615384615384,0.662290923076923,-0.028829999999999998,-0.5107002307692308,0.5474553076923078,0.3907682307692308,0.07649623076923077,-0.060233,0.9153160769230769,-0.1673,-0.122989,0.5409486923076923,0.8150108461538461,-0.27618476923076923,-0.3184712307692308,0.38072946153846154,-0.8229979230769231
46,0.7334030769230769,0.3357389230769231,0.23142684615384618,-0.5439053076923077,0.9898395384615385,0.13148438461538461,-0.05260784615384616,-0.012049230769230769,0.6621251538461538,-0.028875384615384615,-0.5109221538461538,0.5474464615384615,0.3908055384615385,0.07610123076923077,-0.06028684615384615,0.9153295384615385,-0.16720307692307693,-0.12343284615384616,0.5412798461538462,0.8147435384615385,-0.27473438461538463,-0.31873815384615384,0.38136253846153845,-0.8230867692307693
47,0.7332613846153847,0.3359938461538462,0.231715,-0.5438162307692308,0.9898132307692308,0.131753,-0.05241353846153846,-0.012104615384615386,0.6619454615384616,-0.02888,-0.5111555384615385,0.5474458461538462,0.39083523076923077,0.0757763076923077,-0.06033130769230769,0.915341076923077,-0.16710707692307694,-0.12384423076923078,0.541610923076923,0.8144806153846154,-0.27328976923076925,-0.3190670769230769,0.3819623846153846,-0.823162
48,0.7331283076923076,0.33621307692307695,0.231965,-0.5437523846153846,0.9897893846153846,0.132013,-0.052211230769230774,-0.012107692307692309,0.6617577692307692,-0.02882,-0.5113932307692308,0.5474550769230769,0.3908513846153846,0.07559784615384615,-0.060362846153846156,0.9153464615384616,-0.16696246153846156,-0.12415038461538462,0.5419555384615384,0.8142336923076923,-0.2718636153846154,-0.3195024615384615,0.38250930769230773,-0.8232119999999999
49,0.7330166923076923,0.33637484615384616,0.23219353846153845,-0.5437051538461538,0.9897655384615385,0.13228615384615386,-0.051979846153846154,-0.012074769230769231,0.6615624615384615,-0.028679,-0.5116447692307693,0.5474629230769231,0.39085092307692304,0.07553915384615385,-0.060406153846153846,0.9153490769230769,-0.1668123076923077,-0.12437830769230769,0.5422759230769231,0.8140172307692307,-0.27044161538461536,-0.3200486153846154,0.38303338461538466,-0.823223923076923
50,0.7329157692307692,0.33651084615384613,0.2324063076923077,-0.5436662307692308,0.989743076923077,0.1325543076923077,-0.051732307692307695,-0.012021692307692308,0.6613644615384615,-0.02849530769230769,-0.5118932307692308,0.5474789230769231,0.3908467692307692,0.07554038461538462,-0.060441076923076924,0.9153486153846154,-0.16665738461538462,-0.12455876923076922,0.5425917692307692,0.813811076923077,-0.2690246923076923,-0.32064953846153843,0.38353600000000004,-0.823220076923077
51,0.7328245384615385,0.3366318461538461,0.23261153846153845,-0.5436267692307691,0.9897224615384616,0.13281376923076924,-0.05147084615384615,-0.011958307692307692,0.6611682307692307,-0.02828223076923077,-0.5121358461538461,0.5474997692307693,0.3908476153846154,0.07557153846153847,-0.060467,0.915344,-0.16649692307692307,-0.12471546153846154,0.5429098461538462,0.8136074615384615,-0.2676145384615385,-0.32127184615384613,0.38402646153846154,-0.8232087692307692
52,0.732743,0.336748,0.23282,-0.543576,0.989704,0.133063,-0.051197,-0.011896,0.660979,-0.028053,-0.512372,0.547519,0.390863,0.0756,-0.060487,0.915334,-0.16633,-0.124877,0.543236,0.813399,-0.266213,-0.321878,0.384518,-0.823198
53,0.7326437692307692,0.33686107692307693,0.23301153846153846,-0.5435567692307692,0.9896924615384616,0.13328684615384614,-0.050857,-0.011818307692307692,0.660819,-0.027803,-0.5125504615384615,0.5475582307692307,0.39087146153846153,0.07561461538461539,-0.06046853846153846,0.9153301538461538,-0.16620923076923075,-0.12506776923076923,0.5435590769230769,0.813179,-0.2648083846153846,-0.3224795384615385,0.3850018461538462,-0.8231887692307692
54,0.732531076923077,0.3369973076923077,0.23316915384615383,-0.543556923076923,0.9896825384615385,0.13350423076923076,-0.05049923076923077,-0.011732538461538463,0.6606816153846153,-0.027581,-0.5127036153846154,0.5475920769230769,0.39089715384615387,0.07560230769230769,-0.06043069230769231,0.9153225384615384,-0.1661073076923077,-0.1252676923076923,0.5438837692307692,0.8129514615384615,-0.26342261538461537,-0.3230810769230769,0.38548515384615384,-0.8231709230769231
55,0.7324132307692307,0.337165,0.233307,-0.543553076923077,0.9896674615384615,0.13374807692307691,-0.05016830769230769,-0.011643923076923078,0.660565,-0.027401769230769233,-0.5128496153846155,0.5476051538461538,0.3909573076923077,0.07554246153846154,-0.060398692307692306,0.9153037692307693,-0.16599623076923076,-0.1254816923076923,0.5442113076923076,0.8127213076923077,-0.2620603076923077,-0.32366107692307694,0.38598361538461534,-0.8231441538461538
56,0.7322966923076922,0.3373680769230769,0.23343746153846154,-0.5435281538461539,0.9896436923076923,0.134034,-0.04989176923076923,-0.011559538461538463,0.6604654615384615,-0.027273307692307694,-0.5130020000000001,0.5475889230769231,0.39106015384615384,0.0754243076923077,-0.060388384615384615,0.9152701538461538,-0.16585676923076922,-0.12571292307692308,0.5445426153846155,0.812492,-0.2607220769230769,-0.3242038461538461,0.38650792307692305,-0.8231095384615384
57,0.7321836153846153,0.3375988461538461,0.2335720769230769,-0.5434796923076923,0.9896206153846154,0.134304,-0.04963946153846154,-0.011504923076923078,0.6603700769230769,-0.027186384615384616,-0.513162,0.5475581538461539,0.3911816923076923,0.07526738461538461,-0.060382230769230764,0.9152316923076923,-0.16569446153846154,-0.12596215384615386,0.5448787692307693,0.812262,-0.25939284615384617,-0.3247023076923077,0.3870571538461538,-0.8230749230769231
58,0.7320502307692307,0.33781976923076923,0.2337036153846154,-0.5434650769230769,0.9896,0.13455492307692307,-0.04939146153846154,-0.011433076923076924,0.6602525384615384,-0.027089615384615386,-0.5133084615384615,0.547568,0.3912515384615385,0.07513199999999999,-0.06035269230769231,0.9152147692307693,-0.16558138461538463,-0.12620153846153845,0.5452136923076923,0.8120227692307692,-0.25801315384615386,-0.3252296923076923,0.38757007692307693,-0.8230587692307693
59,0.7319117692307693,0.3380282307692308,0.23384207692307693,-0.5434623846153847,0.98958,0.13479223076923078,-0.04916646153846154,-0.01135576923076923,0.6601094615384615,-0.026980769230769232,-0.5134646153846153,0.5475995384615384,0.3912853846153846,0.0750273846153846,-0.06031538461538461,0.9152113076923077,-0.1654813846153846,-0.1264080769230769,0.5455536923076924,0.8117823846153847,-0.2566012307692308,-0.3257823846153846,0.38805815384615383,-0.8230514615384615
60,0.7317743846153847,0.338219,0.2339880769230769,-0.5434662307692308,0.9895607692307692,0.13501407692307693,-0.04896246153846154,-0.011275461538461538,0.6599368461538462,-0.02685169230769231,-0.5136341538461539,0.5476543076923076,0.39128692307692303,0.07496384615384616,-0.060271846153846155,0.9152188461538462,-0.1653873846153846,-0.12657284615384615,0.5459001538461539,0.8115431538461538,-0.2551643076923077,-0.3263636153846154,0.3885210769230769,-0.8230496153846154
61,0.7316413076923076,0.338379,0.23413346153846154,-0.5434823846153846,0.9895446153846154,0.13520946153846153,-0.04875476923076923,-0.01118776923076923,0.6597260769230769,-0.026680153846153846,-0.513804923076923,0.5477558461538461,0.39125153846153843,0.07496307692307692,-0.06021107692307692,0.915238076923077,-0.1653143076923077,-0.12669207692307694,0.5462509230769231,0.8113039230769231,-0.25370584615384617,-0.3269866923076923,0.3889464615384615,-0.8230526923076923
62,0.7315123846153846,0.33849815384615384,0.23429961538461538,-0.5435103076923077,0.9895333076923076,0.13538546153846154,-0.04851869230769231,-0.011092461538461539,0.6594938461538461,-0.02645946153846154,-0.513984,0.5478781538461538,0.39116769230769227,0.07501769230769231,-0.060149615384615385,0.9152732307692307,-0.1652613076923077,-0.12678984615384614,0.5465857692307692,0.8110736923076923,-0.2522120769230769,-0.3276464615384615,0.3893483076923077,-0.8230592307692307
63,0.7313862307692308,0.33859984615384614,0.23447407692307692,-0.5435418461538462,0.989523923076923,0.13555607692307692,-0.04825684615384616,-0.01098523076923077,0.659262,-0.02621669230769231,-0.5141658461538462,0.5479990769230769,0.39107384615384616,0.07509276923076923,-0.060096846153846153,0.9153106153846153,-0.16521238461538462,-0.12688523076923078,0.546911,0.810849076923077,-0.25071484615384615,-0.32832092307692307,0.38974246153846154,-0.8230615384615385
64,0.7312660000000001,0.3387023846153846,0.23465646153846154,-0.5435610769230769,0.9895140769230769,0.13573284615384615,-0.04798269230769231,-0.010878230769230769,0.6590393846153847,-0.025976923076923078,-0.5143549230769231,0.5481016153846153,0.39098846153846156,0.07516584615384615,-0.06005546153846154,0.915343923076923,-0.16514623076923077,-0.12699100000000002,0.5472321538461539,0.8106289230769231,-0.2492303846153846,-0.3289844615384615,0.39014453846153846,-0.8230573076923078
65,0.731156,0.338827,0.234848,-0.543548,0.989501,0.135929,-0.047715,-0.010789,0.658834,-0.02577,-0.514558,0.548167,0.39093,0.075212,-0.060027,0.915367,-0.165037,-0.127121,0.547556,0.810412,-0.247775,-0.329606,0.390573,-0.823045
66,0.731046,0.33896238461538464,0.23502800000000001,-0.5435349230769231,0.9894856153846154,0.13615130769230768,-0.04742346153846154,-0.010693615384615385,0.6586393846153846,-0.02556923076923077,-0.5147603076923076,0.5482193076923078,0.3909176923076923,0.07523276923076923,-0.060011615384615385,0.9153716153846154,-0.1649123846153846,-0.1272686923076923,0.5478852307692308,0.810192,-0.24634653846153845,-0.33022369230769233,0.39101684615384613,-0.823015
67,0.7309230769230769,0.3390918461538462,0.23517623076923078,-0.5435552307692307,0.9894740000000001,0.13635207692307694,-0.04711469230769231,-0.010579923076923077,0.6584383076923077,-0.025352307692307695,-0.5149464615384616,0.5482963846153847,0.39088815384615383,0.07529715384615385,-0.059967692307692305,0.9153816153846154,-0.16480069230769231,-0.12737976923076924,0.5482230769230769,0.8099687692307692,-0.24491430769230768,-0.3308925384615385,0.39142299999999997,-0.8229806923076923
68,0.7307998461538462,0.3392083076923077,0.2353086923076923,-0.5435904615384615,0.9894633846153846,0.13654423076923078,-0.04681115384615385,-0.010457461538461539,0.6582283076923077,-0.025112153846153847,-0.5151367692307692,0.5483816153846154,0.39085246153846154,0.07540423076923077,-0.05991923076923077,0.9153911538461539,-0.16468776923076922,-0.12746561538461537,0.5485572307692308,0.8097518461538462,-0.24348138461538463,-0.33159869230769234,0.3918163846153846,-0.8229346923076923
69,0.7306853076923077,0.3393096153846154,0.23543876923076923,-0.5436248461538461,0.989452,0.13673484615384615,-0.04652884615384616,-0.010336076923076924,0.6580093846153846,-0.024848384615384616,-0.5153453846153846,0.5484609230769231,0.3908206923076923,0.07554661538461539,-0.05988461538461538,0.9153955384615384,-0.1645616153846154,-0.12753815384615386,0.5488795384615385,0.8095474615384616,-0.24205023076923077,-0.3323262307692308,0.39221761538461536,-0.8228726923076922
70,0.7305783846153846,0.3394157692307692,0.23557646153846154,-0.5436433076923077,0.989442,0.13690330769230769,-0.04626730769230769,-0.010236846153846155,0.6577932307692307,-0.024592230769230772,-0.5155692307692308,0.5485201538461538,0.3908076153846154,0.07568276923076923,-0.05987076923076923,0.9153909230769232,-0.16440776923076922,-0.1276196923076923,0.5491949230769231,0.8093520769230769,-0.24062253846153847,-0.33303853846153847,0.3926437692307692,-0.8227996153846153
71,0.7304597692307693,0.33952746153846153,0.23568584615384616,-0.5436851538461538,0.9894307692307692,0.1370853076923077,-0.04599715384615385,-0.010119153846153845,0.6575807692307692,-0.024337307692307693,-0.5157721538461538,0.548596,0.390797,0.07582753846153846,-0.05984276923076923,0.9153850769230769,-0.16427176923076922,-0.12769323076923078,0.5495213846153846,0.8091468461538461,-0.23919976923076924,-0.33376746153846154,0.39305084615384617,-0.8227246923076923
72,0.7303351538461539,0.339644,0.23577276923076923,-0.543742076923077,0.9894203846153846,0.13726415384615384,-0.04571676923076923,-0.00998876923076923,0.6573715384615385,-0.02408576923076923,-0.5159575384615385,0.5486836923076923,0.39078623076923075,0.07598023076923076,-0.059803923076923074,0.9153796923076923,-0.16414523076923077,-0.12775323076923076,0.5498548461538462,0.8089368461538461,-0.23778246153846155,-0.3345113076923077,0.3934446923076923,-0.8226454615384615
73,0.7302037692307692,0.339764,0.23583600000000002,-0.5438165384615384,0.9894131538461538,0.137424,-0.04542123076923077,-0.009848153846153847,0.6571656923076923,-0.02383607692307692,-0.5161216923076923,0.5487863076923077,0.39077192307692304,0.07614192307692307,-0.05975146153846154,0.9153761538461538,-0.16403246153846154,-0.12779861538461537,0.550193923076923,0.8087222307692308,-0.23636907692307693,-0.3352740769230769,0.39382576923076923,-0.8225602307692307
74,0.7300576153846153,0.33988399999999996,0.235866,-0.5439242307692307,0.9894139230769231,0.137534,-0.045097384615384616,-0.009698923076923077,0.6569641538461538,-0.02358146153846154,-0.5162501538461539,0.5489178461538461,0.39074653846153845,0.07631653846153846,-0.059673769230769225,0.9153769230769231,-0.16395476923076924,-0.1278316923076923,0.5505385384615384,0.8084983846153846,-0.23495446153846153,-0.3360694615384615,0.3941896153846154,-0.8224663846153846
75,0.7299239230769231,0.34001023076923076,0.23592646153846153,-0.543998,0.9894077692307692,0.13766615384615385,-0.04484623076923077,-0.009573230769230768,0.6567522307692307,-0.02334553846153846,-0.5164381538461539,0.5490043846153846,0.3907433076923077,0.07648215384615385,-0.05966115384615384,0.9153652307692307,-0.16380161538461538,-0.12788000000000002,0.5508450769230769,0.8083126153846153,-0.23353430769230768,-0.3368627692307692,0.3946026153846154,-0.8223483076923077
76,0.7297768461538462,0.3401560769230769,0.23594830769230768,-0.5440947692307693,0.989404076923077,0.1377753846153846,-0.044622538461538463,-0.009424769230769231,0.6565363846153845,-0.02312276923076923,-0.5166276923076923,0.5490942307692308,0.3907416153846154,0.07666938461538463,-0.059620230769230766,0.9153530769230769,-0.16365253846153846,-0.12790046153846155,0.5511723076923077,0.8081163076923077,-0.2321343076923077,-0.3376890769230769,0.3949758461538462,-0.8222261538461538
77,0.7296194615384615,0.34031776923076923,0.23594123076923076,-0.5442082307692307,0.9894018461538462,0.13786930769230768,-0.044423076923076926,-0.009255000000000001,0.6563145384615384,-0.022910384615384617,-0.5168156923076923,0.5491921538461538,0.39073861538461535,0.0768733076923077,-0.059550307692307694,0.915342,-0.16351084615384617,-0.12789476923076923,0.5515214615384616,0.8079076153846154,-0.2307479230769231,-0.33853846153846157,0.39531061538461537,-0.8221058461538461
78,0.729461,0.340487,0.235932,-0.544319,0.989398,0.137967,-0.04425,-0.009075,0.656083,-0.022705,-0.517008,0.549296,0.390734,0.077081,-0.059468,0.915332,-0.163367,-0.127874,0.551883,0.807693,-0.229361,-0.33939,0.395626,-0.821992
79,0.7292956153846154,0.3406177692307692,0.2359173846153846,-0.5444643846153846,0.9893987692307693,0.13804238461538462,-0.04403230769230769,-0.008856538461538463,0.6558253076923077,-0.022451153846153846,-0.517188,0.5494436923076923,0.39065707692307694,0.07736946153846154,-0.05935569230769231,0.9153473846153847,-0.16326853846153846,-0.12780553846153847,0.5522291538461538,0.8074868461538461,-0.22793638461538462,-0.34030692307692306,0.395896,-0.8218789230769231
80,0.7291366923076923,0.3407173076923077,0.2358963076923077,-0.5446237692307692,0.9894016923076923,0.1381113076923077,-0.04379684615384616,-0.008624615384615387,0.6555622307692307,-0.022158538461538462,-0.5173636923076923,0.5496043076923076,0.3905580769230769,0.07770638461538461,-0.05924284615384615,0.9153686923076924,-0.16319376923076923,-0.12770046153846154,0.5525537692307692,0.8072963076923076,-0.2264983076923077,-0.3412733846153846,0.39614553846153844,-0.8217550769230769
81,0.7289839230769231,0.3407939230769231,0.23587676923076922,-0.5447891538461538,0.9894049230769231,0.13818207692307694,-0.04354823076923077,-0.008385076923076926,0.6552959230769231,-0.021838538461538465,-0.5175396923076924,0.5497695384615384,0.39044592307692305,0.07807392307692308,-0.059134384615384616,0.9153925384615385,-0.16312976923076922,-0.12757446153846153,0.5528633076923077,0.8071170769230769,-0.22504953846153847,-0.3422644615384615,0.3963869230769231,-0.8216244615384616
82,0.7288396153846154,0.34085476923076924,0.23586938461538462,-0.5449483076923077,0.9894063076923078,0.13826576923076925,-0.04329161538461539,-0.008148076923076926,0.6550290000000001,-0.021502384615384618,-0.5177234615384615,0.549928,0.3903315384615385,0.07845330769230768,-0.05903976923076923,0.9154147692307691,-0.16306123076923076,-0.12744484615384616,0.5531613846153847,0.8069470769230769,-0.22359307692307695,-0.3432540769230769,0.39663753846153843,-0.8214889230769231
83,0.7287257692307693,0.34090246153846154,0.23591323076923076,-0.5450513846153846,0.9893993846153846,0.13840346153846153,-0.043037769230769234,-0.007958846153846155,0.654769,-0.02116623076923077,-0.517948076923077,0.550038,0.3902469230769231,0.07880638461538461,-0.059007461538461536,0.9154224615384615,-0.16294353846153847,-0.1273533076923077,0.5534352307692308,0.8067978461538462,-0.22213384615384618,-0.34418484615384615,0.39696292307692305,-0.8213381538461538
84,0.7285971538461539,0.34094584615384615,0.23594046153846154,-0.5451846153846154,0.989394923076923,0.1385460769230769,-0.04271807692307692,-0.007759769230769231,0.6545354615384615,-0.020824538461538464,-0.5181234615384616,0.550164,0.39015246153846156,0.07914961538461539,-0.05894376923076923,0.915436923076923,-0.16287692307692309,-0.12728023076923076,0.5537121538461538,0.8066332307692308,-0.22067153846153847,-0.3451088461538461,0.39727784615384615,-0.8211916923076924
85,0.7284567692307693,0.3409985384615385,0.23597046153846152,-0.5453261538461539,0.9893891538461538,0.1387006923076923,-0.04238692307692307,-0.007560538461538462,0.6543054615384615,-0.020499538461538465,-0.5182926923076924,0.5502909230769231,0.3900547692307692,0.07946153846153846,-0.05888069230769231,0.9154553846153846,-0.16282230769230768,-0.12723176923076923,0.5539863846153846,0.8064636153846154,-0.2192,-0.3460173076923077,0.39760246153846157,-0.8210463076923077
86,0.7283103076923078,0.34106607692307694,0.23600830769230768,-0.5454627692307693,0.9893797692307692,0.1388733076923077,-0.042076923076923074,-0.007364076923076925,0.6540713076923077,-0.020199538461538467,-0.518476076923077,0.5504078461538462,0.38996184615384616,0.07974292307692307,-0.05883653846153846,0.9154733846153845,-0.16275507692307692,-0.1272026923076923,0.554257,0.8062956153846154,-0.21772276923076922,-0.3469102307692308,0.397946,-0.8208967692307693
87,0.7281718461538461,0.34115146153846154,0.23604984615384617,-0.5455766153846153,0.9893636153846154,0.13907484615384616,-0.04183153846153846,-0.0071694615384615395,0.6538328461538462,-0.01992723076923077,-0.5186914615384616,0.5504970769230769,0.38989107692307695,0.08001753846153846,-0.058834230769230764,0.9154803076923077,-0.16264046153846154,-0.12717115384615385,0.554527,0.8061386923076923,-0.21625661538461538,-0.3477963846153846,0.398316,-0.8207306153846154
88,0.7280451538461538,0.3412126153846154,0.23606784615384616,-0.5456994615384616,0.9893502307692308,0.1392576923076923,-0.04157230769230769,-0.006974846153846156,0.6536144615384615,-0.01963138461538462,-0.5188874615384615,0.5505821538461538,0.3898092307692308,0.0803516923076923,-0.058813923076923076,0.9154872307692308,-0.16253207692307692,-0.1270883846153846,0.554797,0.8059873076923076,-0.21479600000000001,-0.34872615384615385,0.3986707692307692,-0.8205464615384616
89,0.7279183846153846,0.3412410769230769,0.23608923076923077,-0.5458417692307693,0.9893403846153846,0.13942276923076924,-0.04128246153846154,-0.006760384615384618,0.6533683076923077,-0.019286307692307696,-0.5190854615384616,0.5507,0.38969476923076923,0.08073261538461539,-0.05878053846153846,0.9155047692307692,-0.16244976923076923,-0.1269846923076923,0.5550637692307692,0.8058365384615385,-0.21330923076923078,-0.34969123076923075,0.3989947692307692,-0.8203658461538461
90,0.7277934615384615,0.341244,0.236125,-0.5459913076923077,0.9893326923076923,0.13957692307692307,-0.040978538461538455,-0.006536153846153844,0.6530961538461538,-0.018904615384615384,-0.5192943076923077,0.5508393076923077,0.3895545384615385,0.08114215384615385,-0.058748999999999996,0.9155303076923077,-0.16238023076923078,-0.12687084615384614,0.5553258461538462,0.8056880769230769,-0.2117976923076923,-0.35067430769230773,0.3993056153846154,-0.8201868461538462
91,0.727675,0.341234,0.236185,-0.546129,0.989325,0.13973,-0.040687,-0.00632,0.65281,-0.01851,-0.519522,0.550977,0.389403,0.081556,-0.058739,0.915558,-0.162301,-0.126757,0.555582,0.805545,-0.21027,-0.351652,0.399631,-0.820003
92,0.7275434615384616,0.3412186153846154,0.2362203846153846,-0.5462982307692308,0.9893188461538461,0.13987153846153846,-0.040374692307692306,-0.006072307692307691,0.6525346153846154,-0.018097692307692304,-0.5197173846153846,0.5511339230769231,0.38924146153846156,0.08197984615384615,-0.058693615384615386,0.9155918461538461,-0.1622633076923077,-0.12664392307692307,0.5558450769230769,0.8053888461538461,-0.20875384615384615,-0.3526504615384615,0.3999302307692308,-0.8198153076923077
93,0.7274092307692308,0.3412043076923077,0.23624284615384614,-0.5464766153846153,0.9893132307692308,0.1400179230769231,-0.040040846153846156,-0.005811153846153845,0.6522656923076923,-0.01768646153846154,-0.5198863846153846,0.5513059230769232,0.3890793846153846,0.082401,-0.058632076923076926,0.9156267692307692,-0.162245,-0.1265249230769231,0.5561167692307692,0.8052235384615385,-0.2072436153846154,-0.3536473076923077,0.40021815384615383,-0.8196281538461538
94,0.7272775384615384,0.34118923076923074,0.23628161538461537,-0.5466447692307692,0.9893072307692308,0.14017223076923077,-0.039690384615384613,-0.005560846153846154,0.6519967692307692,-0.017279384615384617,-0.5200563846153846,0.551476076923077,0.38891676923076923,0.08280253846153847,-0.058581153846153845,0.9156627692307693,-0.16222484615384616,-0.1264203076923077,0.5563826153846154,0.8050604615384616,-0.20572392307692308,-0.3546206923076923,0.4005196923076923,-0.8194430769230769
95,0.7271520769230769,0.34117238461538457,0.23635484615384617,-0.5467900769230769,0.9892998461538461,0.140337,-0.039330923076923076,-0.005338384615384615,0.6517246153846153,-0.016878923076923076,-0.5202459230769231,0.5516315384615386,0.38875515384615383,0.08317315384615385,-0.05855984615384616,0.9156991538461539,-0.1621886923076923,-0.1263436923076923,0.5566322307692307,0.8049076153846154,-0.20418599999999998,-0.35555653846153845,0.40085215384615386,-0.8192602307692307
96,0.7270328461538462,0.34115623076923074,0.2364433076923077,-0.5469208461538461,0.9892883076923077,0.140517,-0.03899015384615385,-0.0051422307692307705,0.6514607692307692,-0.01648815384615385,-0.5204451538461539,0.5517669230769231,0.3886066923076923,0.0835146923076923,-0.05856830769230769,0.9157306923076923,-0.1621456153846154,-0.1262906153846154,0.5568645384615385,0.8047637692307692,-0.202646,-0.35646192307692304,0.40121369230769227,-0.8190725384615384
97,0.7269056153846154,0.34117453846153845,0.2365293076923077,-0.5470405384615384,0.9892749230769231,0.14070192307692309,-0.03868384615384615,-0.0049534615384615385,0.6512092307692308,-0.01614169230769231,-0.5206437692307692,0.5518875384615385,0.3884859230769231,0.083799,-0.05857861538461538,0.9157554615384615,-0.16208838461538463,-0.12626646153846155,0.5571023846153846,0.8046143846153846,-0.20113,-0.3573168461538461,0.40160415384615383,-0.8188817692307693
98,0.7267733076923076,0.3412153076923077,0.23659853846153847,-0.5471609230769231,0.9892626153846154,0.14088153846153847,-0.03836846153846154,-0.004767692307692307,0.650965,-0.015819769230769228,-0.5208272307692308,0.5520121538461539,0.3883909230769231,0.08404669230769231,-0.058566692307692306,0.9157739230769231,-0.16203992307692308,-0.1262706923076923,0.5573543076923076,0.804449,-0.19964346153846155,-0.35813953846153845,0.40199607692307693,-0.8186936923076923
99,0.7266411538461538,0.3412751538461538,0.23665884615384614,-0.5472738461538461,0.9892504615384615,0.1410636923076923,-0.03803784615384615,-0.004589076923076922,0.6507371538461539,-0.015518384615384614,-0.5209940000000001,0.5521313846153846,0.38832492307692307,0.08425746153846153,-0.05853669230769231,0.9157845384615384,-0.16199361538461537,-0.1263063846153846,0.5576201538461538,0.8042685384615385,-0.198185,-0.35892415384615384,0.40239176923076925,-0.8185104615384615
100,0.7265219230769231,0.3413559230769231,0.23674807692307692,-0.5473430769230769,0.9892327692307692,0.14128215384615386,-0.03771707692307693,-0.004434461538461539,0.6505579230769231,-0.015245307692307693,-0.521154,0.5521983076923076,0.3882995384615385,0.08440976923076923,-0.058525153846153845,0.9157822307692307,-0.1619066923076923,-0.12638330769230768,0.5578909230769231,0.8040862307692308,-0.196745,-0.3596349230769231,0.40282561538461537,-0.8183327692307693
101,0.7264082307692308,0.3414533076923077,0.2368553076923077,-0.5473866923076923,0.989213,0.14150615384615384,-0.037397,-0.004298538461538461,0.6503842307692308,-0.014990923076923077,-0.5213264615384615,0.552247923076923,0.3882990769230769,0.08452330769230769,-0.05851569230769231,0.9157723076923077,-0.16178930769230768,-0.12648446153846155,0.5581693076923078,0.8039004615384616,-0.19531607692307693,-0.36030138461538463,0.40327607692307693,-0.8181599230769231
102,0.7262979230769231,0.3415553076923077,0.23696453846153845,-0.5474219230769231,0.9891925384615384,0.141734,-0.037091307692307694,-0.004153153846153846,0.6502134615384615,-0.014736307692307693,-0.521504,0.5522882307692307,0.3883161538461538,0.08463669230769232,-0.058505076923076924,0.9157550769230769,-0.1616546923076923,-0.12659153846153845,0.5584536153846154,0.8037129230769231,-0.19389900000000002,-0.3609606153846154,0.4037288461538462,-0.817983
103,0.7261922307692308,0.34165615384615383,0.23706107692307693,-0.5474571538461539,0.9891729230769231,0.14195546153846153,-0.036787769230769235,-0.003996846153846155,0.6500481538461539,-0.014471846153846156,-0.521675,0.552328,0.388347,0.08476923076923076,-0.05847738461538462,0.9157314615384615,-0.16151684615384615,-0.12668807692307693,0.5587431538461538,0.803524,-0.19250053846153847,-0.3616293846153846,0.40417015384615385,-0.8178
104,0.726093,0.34175,0.237128,-0.547501,0.989156,0.142157,-0.036467,-0.003833,0.649892,-0.014188,-0.521825,0.552378,0.388387,0.08494,-0.058412,0.915703,-0.161393,-0.126755,0.559037,0.803334,-0.191129,-0.362324,0.404584,-0.81761
105,0.7260114615384615,0.34180692307692306,0.23720338461538462,-0.5475409999999999,0.9891421538461538,0.14235084615384616,-0.03611546153846154,-0.0036591538461538476,0.6497227692307692,-0.013848769230769234,-0.5219750000000001,0.5524433846153847,0.388417,0.08517,-0.05832892307692308,0.9156745384615385,-0.16125069230769232,-0.12678807692307692,0.5593608461538462,0.8031316923076923,-0.18975053846153847,-0.36303784615384616,0.4049578461538461,-0.8174292307692307
106,0.7259423076923077,0.3418390769230769,0.23730623076923077,-0.5475680769230769,0.9891213076923077,0.14258453846153846,-0.035772000000000005,-0.003485846153846155,0.6495341538461539,-0.013471846153846157,-0.522139,0.552519,0.3884340769230769,0.08542476923076922,-0.058256615384615386,0.9156482307692307,-0.16109707692307693,-0.12680984615384613,0.5596895384615385,0.8029304615384616,-0.1883446153846154,-0.3637506153846154,0.4053413846153846,-0.8172473846153846
107,0.7258766153846153,0.3418538461538461,0.23742115384615384,-0.5475960769230769,0.9890974615384615,0.14283838461538462,-0.03542523076923077,-0.0033066153846153857,0.6493313846153846,-0.013073538461538465,-0.5223028461538461,0.5526122307692308,0.3884323846153846,0.0857,-0.058186461538461534,0.9156274615384615,-0.1609506153846154,-0.12682061538461536,0.560015076923077,0.8027315384615384,-0.186914,-0.36446969230769233,0.4057253846153846,-0.8170647692307692
108,0.7258073846153846,0.34186046153846156,0.2375363846153846,-0.5476336153846153,0.989074923076923,0.14308746153846155,-0.03506984615384616,-0.0031206153846153866,0.6491207692307692,-0.01267238461538462,-0.5224555384615385,0.5527256923076923,0.38840984615384616,0.08598584615384615,-0.05811261538461538,0.9156144615384615,-0.1608243076923077,-0.1268236923076923,0.5603326153846154,0.8025347692307693,-0.18546246153846155,-0.36519515384615386,0.40610492307692303,-0.8168828461538461
109,0.7257312307692307,0.34188507692307696,0.23765023076923075,-0.5476697692307692,0.9890641538461539,0.14325207692307693,-0.0347283076923077,-0.002956769230769232,0.6489184615384614,-0.012316230769230772,-0.5225909230769231,0.5528426153846153,0.3883783076923077,0.0862343076923077,-0.05803876923076923,0.9156090769230769,-0.16071738461538462,-0.12684061538461538,0.5606487692307692,0.8023324615384615,-0.18399707692307693,-0.3658866923076923,0.40649415384615384,-0.8167113076923077
110,0.725655076923077,0.3419527692307692,0.23780592307692305,-0.547661,0.9890447692307692,0.14345915384615385,-0.03442307692307693,-0.0028483076923076934,0.6487235384615384,-0.012038846153846157,-0.5227478461538462,0.5529287692307693,0.3883676923076923,0.08635169230769231,-0.058009846153846155,0.915604923076923,-0.1605833846153846,-0.1269203076923077,0.5609581538461539,0.8021307692307692,-0.18252000000000002,-0.36647792307692306,0.4069393846153846,-0.8165557692307692
111,0.7255708461538461,0.3420650769230769,0.23797515384615384,-0.5476290769230769,0.989024,0.14367338461538462,-0.03412538461538462,-0.00277523076923077,0.648543923076923,-0.011829230769230772,-0.5228947692307693,0.5530053076923077,0.38837615384615387,0.08636976923076924,-0.057981,0.9156014615384616,-0.16044415384615385,-0.1270476153846154,0.5612812307692309,0.8019123076923077,-0.18104846153846157,-0.3669852307692308,0.4074078461538461,-0.8164219230769231
112,0.7254756153846154,0.3422192307692308,0.238147,-0.5475843076923077,0.9890046153846154,0.14388,-0.03382169230769231,-0.002729692307692308,0.648381923076923,-0.011679538461538463,-0.5230193846153847,0.5530811538461539,0.3884003076923077,0.08630592307692309,-0.05793453846153846,0.9155996153846154,-0.16031184615384617,-0.12721576923076924,0.5616252307692308,0.8016707692307692,-0.17958815384615387,-0.3674169230769231,0.4078850769230769,-0.816312076923077
113,0.7253686923076923,0.3424053846153846,0.238317,-0.5475358461538461,0.9889876923076923,0.14407,-0.033500153846153846,-0.0027081538461538462,0.6482365384615384,-0.011577230769230768,-0.5231163076923077,0.5531619230769231,0.3884318461538461,0.08618053846153846,-0.05786223076923077,0.9156026923076923,-0.16020107692307692,-0.12741961538461538,0.5619913846153846,0.8014046153846154,-0.17813892307692308,-0.36778153846153844,0.4083604615384615,-0.8162274615384616
114,0.7252603846153846,0.3425880769230769,0.23847730769230768,-0.5474950000000001,0.9889735384615385,0.14424684615384614,-0.03316407692307693,-0.0026831538461538464,0.6480766153846154,-0.011454153846153847,-0.523216,0.5532579230769231,0.3884592307692307,0.08607938461538461,-0.05776984615384615,0.9156064615384615,-0.160082,-0.1276026923076923,0.5623796923076924,0.8011266923076923,-0.17669384615384617,-0.3681717692307692,0.40880123076923075,-0.8161449230769231
115,0.7251588461538462,0.3427542307692307,0.23863469230769233,-0.5474568461538462,0.9889606153846154,0.14441023076923076,-0.032837000000000005,-0.002649461538461539,0.6479007692307692,-0.011298769230769232,-0.5233358461538462,0.5533537692307693,0.3884796923076923,0.08603169230769231,-0.05768169230769231,0.915608,-0.15994215384615385,-0.12775346153846154,0.562764,0.8008603846153846,-0.17524369230769232,-0.36860453846153846,0.40922430769230767,-0.8160501538461538
116,0.7250559230769231,0.3429010769230769,0.23877007692307695,-0.5474423076923077,0.988952,0.14454415384615385,-0.03250684615384616,-0.0025961538461538457,0.6477156153846154,-0.011106999999999999,-0.5234548461538462,0.5534615384615384,0.3884847692307692,0.08604946153846153,-0.057578923076923076,0.9156107692307692,-0.15980915384615385,-0.1278643846153846,0.5631453846153847,0.8006008461538461,-0.17379215384615382,-0.3690993076923077,0.4096153076923077,-0.8159408461538461
117,0.724939,0.343028,0.238857,-0.54748,0.988952,0.144628,-0.032153,-0.00251,0.647531,-0.010877,-0.523541,0.5536,0.388464,0.086141,-0.057432,0.91562,-0.159723,-0.127929,0.56353,0.800337,-0.172346,-0.369677,0.409953,-0.815817
118,0.7248228461538462,0.3431710769230769,0.23892776923076922,-0.5475130769230769,0.9889489230769232,0.1447172307692308,-0.03184684615384615,-0.0024338461538461536,0.6473471538461538,-0.010667,-0.5236363846153846,0.5537284615384616,0.38845938461538465,0.08623869230769231,-0.057282,0.9156223076923077,-0.15962376923076924,-0.12797899999999998,0.5639146153846154,0.8000777692307692,-0.17091830769230767,-0.37026623076923076,0.4102753076923077,-0.8156877692307692
119,0.7247206923076923,0.3433184615384615,0.23900661538461537,-0.5475213846153846,0.9889420769230769,0.1448323076923077,-0.031547692307692304,-0.002379769230769231,0.6471692307692307,-0.010473692307692307,-0.523750076923077,0.5538332307692307,0.3884736153846154,0.08632615384615384,-0.05715623076923077,0.915616,-0.15949330769230768,-0.12802792307692307,0.5642943846153846,0.7998282307692308,-0.16949761538461539,-0.3708382307692308,0.41062184615384617,-0.8155499230769231
120,0.7246233076923076,0.34346707692307693,0.23908184615384614,-0.5475243076923076,0.9889339230769231,0.144956,-0.031239538461538464,-0.0023333076923076923,0.6469975384615384,-0.010285076923076923,-0.523862076923077,0.5539318461538462,0.3884959230769231,0.08641415384615383,-0.05703161538461538,0.915606,-0.15935561538461537,-0.12807238461538462,0.5646757692307692,0.7995794615384615,-0.1680826923076923,-0.3714053076923077,0.41097292307692307,-0.8154080769230769
121,0.7245236923076923,0.34361246153846153,0.23914523076923075,-0.5475375384615384,0.9889264615384615,0.1450756153846154,-0.030909692307692308,-0.002282307692307692,0.6468316153846153,-0.010089461538461537,-0.5239576923076923,0.5540383076923077,0.38851584615384616,0.08651284615384615,-0.056891923076923076,0.9155967692307693,-0.15923015384615383,-0.1281090769230769,0.565061923076923,0.7993258461538462,-0.16667015384615383,-0.37197946153846156,0.4113139230769231,-0.8152647692307692
122,0.7244206153846154,0.3437370769230769,0.23919753846153846,-0.5475729230769231,0.988921076923077,0.14519176923076924,-0.030546615384615387,-0.0022153846153846156,0.6466677692307692,-0.009864076923076923,-0.5240346153846154,0.5541613846153846,0.3885143076923077,0.08664130769230768,-0.056741153846153844,0.9155944615384616,-0.1591316923076923,-0.12812984615384615,0.5654411538461539,0.7990743076923077,-0.1652416923076923,-0.37258407692307693,0.41164315384615385,-0.8151124615384615
123,0.7243236923076923,0.3438703076923077,0.2392830769230769,-0.54758,0.9889132307692308,0.1453116153846154,-0.030224769230769232,-0.002168153846153846,0.6464953076923077,-0.00965776923076923,-0.5241583076923076,0.5542493846153846,0.3885232307692308,0.08674453846153846,-0.056639615384615385,0.9155872307692308,-0.15899015384615384,-0.12817892307692308,0.5657951538461539,0.7988436923076923,-0.16379476923076922,-0.3731634615384615,0.41201607692307696,-0.8149509230769231
124,0.7242179230769231,0.3440091538461539,0.23934423076923075,-0.5476057692307692,0.9889074615384615,0.14541776923076924,-0.029907076923076925,-0.0021112307692307693,0.6463253076923077,-0.009452,-0.5242733076923076,0.5543420769230769,0.38853246153846155,0.08685723076923077,-0.05652730769230769,0.9155795384615385,-0.15885746153846153,-0.1282173846153846,0.5661513076923077,0.7986113846153846,-0.1623563076923077,-0.37377,0.4123783846153846,-0.8147778461538462
125,0.7241043846153846,0.3441500769230769,0.23936992307692306,-0.5476559230769231,0.9889036153846155,0.14551238461538463,-0.029587076923076928,-0.0020335384615384625,0.6461585384615385,-0.009238615384615387,-0.5243726923076922,0.5544456153846153,0.3885413846153846,0.08699907692307692,-0.0563986923076923,0.9155701538461538,-0.158737,-0.1282293846153846,0.566513923076923,0.7983763076923077,-0.16093200000000002,-0.3744193846153846,0.41271992307692307,-0.8145896923076923
126,0.7240013076923077,0.34428546153846157,0.23938453846153845,-0.5477005384615384,0.9888966923076923,0.14561930769230771,-0.02928246153846154,-0.0019312307692307695,0.6459862307692308,-0.009011692307692309,-0.5244911538461539,0.5545386923076924,0.3885583076923077,0.08719446153846154,-0.056297153846153844,0.915550923076923,-0.15858699999999998,-0.1282063076923077,0.5668685384615384,0.7981578461538461,-0.15951200000000001,-0.3751063076923077,0.41306453846153846,-0.8143781538461539
127,0.7238906153846154,0.34437584615384614,0.2393700769230769,-0.5477956923076923,0.9888946153846154,0.14570407692307694,-0.02894253846153846,-0.0017804615384615383,0.6458021538461538,-0.008711384615384616,-0.5245971538461538,0.5546573846153846,0.3885378461538461,0.08748538461538462,-0.05618038461538462,0.9155393076923076,-0.15847161538461538,-0.12812992307692309,0.5672106923076923,0.7979504615384615,-0.15807607692307693,-0.37591369230769234,0.4133620769230769,-0.8141347692307692
128,0.72378,0.344464,0.23935146153846154,-0.5478950769230769,0.9888926153846154,0.1457826923076923,-0.028627307692307695,-0.0016220000000000002,0.6456158461538462,-0.008403846153846154,-0.5247179230769231,0.554765076923077,0.3885215384615385,0.08779153846153846,-0.056075307692307695,0.9155234615384615,-0.15834484615384617,-0.12804530769230768,0.567545,0.7977512307692307,-0.15664253846153847,-0.3767432307692308,0.41366223076923075,-0.8138753846153846
129,0.7236628461538461,0.3445549230769231,0.23931884615384616,-0.5480078461538461,0.9888903076923077,0.14585953846153846,-0.028326769230769232,-0.001448846153846155,0.6454291538461538,-0.008097615384615385,-0.5248427692307692,0.554869076923077,0.38850476923076926,0.0881076923076923,-0.055968538461538465,0.9155067692307692,-0.15822246153846153,-0.1279526923076923,0.5678749999999999,0.7975552307692307,-0.15521292307692308,-0.3775940769230769,0.4139549230769231,-0.8136058461538461
130,0.723529,0.344648,0.239255,-0.548154,0.988888,0.145938,-0.028016,-0.001245,0.645243,-0.007793,-0.524952,0.554986,0.388474,0.08844,-0.055837,0.915496,-0.158134,-0.127845,0.568205,0.797356,-0.153786,-0.378481,0.414218,-0.813332
131,0.723395923076923,0.34474953846153844,0.23919115384615383,-0.5482932307692308,0.9888826153846154,0.1460349230769231,-0.02769523076923077,-0.0010511538461538475,0.6450591538461539,-0.007523000000000002,-0.5250612307692307,0.5550998461538461,0.3884509230769231,0.08876307692307692,-0.05570469230769231,0.9154821538461538,-0.15804861538461537,-0.12773192307692308,0.5685226923076923,0.7971644615384615,-0.15235292307692308,-0.37935407692307693,0.4144949230769231,-0.8130535384615385
132,0.7232542307692308,0.34485269230769233,0.23911815384615384,-0.548447,0.9888783076923077,0.14612861538461538,-0.027356153846153846,-0.0008546153846153858,0.6448801538461538,-0.007260538461538463,-0.5251494615384615,0.5552276923076923,0.3884052307692308,0.08906407692307691,-0.05557507692307692,0.9154801538461539,-0.15799230769230768,-0.1276193846153846,0.5688376923076923,0.7969686153846154,-0.15091446153846155,-0.3802276923076923,0.4147648461538461,-0.8127756153846154
133,0.7231097692307692,0.3449676153846154,0.23906123076923078,-0.5485900769230769,0.9888723076923077,0.14623261538461538,-0.027027692307692308,-0.0006707692307692318,0.6446989230769231,-0.007021000000000001,-0.5252471538461538,0.5553492307692308,0.3883572307692308,0.08932699999999999,-0.055466615384615385,0.9154816923076923,-0.1579306153846154,-0.12753046153846154,0.5691472307692308,0.796774,-0.14946723076923077,-0.3810710769230769,0.4150520769230769,-0.8125013076923077
134,0.7229644615384615,0.3450985384615385,0.23903046153846152,-0.5487127692307692,0.9888633846153846,0.14635223076923076,-0.026723769230769235,-0.0005046923076923102,0.6445104615384616,-0.006809846153846157,-0.5253688461538462,0.5554564615384615,0.38831692307692306,0.08955076923076923,-0.05538415384615385,0.9154821538461538,-0.1578473846153846,-0.1274743076923077,0.5694514615384616,0.7965823846153846,-0.14800938461538465,-0.38187461538461537,0.41536523076923076,-0.8122313076923077
135,0.722799076923077,0.34522392307692307,0.23896507692307692,-0.5488804615384616,0.9888572307692307,0.14645453846153847,-0.02639146153846154,-0.0003116153846153861,0.6443150769230769,-0.0065883076923076945,-0.5254573076923077,0.5556010769230769,0.38824615384615385,0.08980846153846153,-0.05526569230769231,0.9154936923076923,-0.15781123076923076,-0.1273973846153846,0.5697660769230769,0.7963762307692308,-0.1465432307692308,-0.38273076923076926,0.41563753846153845,-0.8119543846153846
136,0.7226398461538461,0.34533699999999995,0.2389156923076923,-0.5490401538461539,0.9888486153846153,0.14656546153846153,-0.026096076923076927,-0.00011546153846154098,0.6440969230769231,-0.006356307692307695,-0.5255814615384615,0.5557389230769231,0.38816676923076926,0.09009692307692307,-0.05517615384615385,0.915504,-0.15775046153846153,-0.12730753846153847,0.5700665384615385,0.7961873076923077,-0.1450586153846154,-0.3836053846153846,0.4159147692307692,-0.8116663846153847
137,0.7224813846153847,0.3454285384615384,0.23886415384615384,-0.5492132307692308,0.9888413076923076,0.1466643076923077,-0.02580415384615385,9.338461538461229e-05,0.6438553846153846,-0.006094000000000004,-0.5257210769230769,0.5558896923076924,0.38806753846153846,0.09043038461538462,-0.05509269230769231,0.9155182307692308,-0.1576896923076923,-0.1271879230769231,0.57036,0.7960084615384615,-0.1435586153846154,-0.38451807692307693,0.4161801538461538,-0.8113648461538462
138,0.7223216923076924,0.34549607692307693,0.23880784615384615,-0.5494052307692308,0.9888360769230768,0.14674846153846155,-0.025507692307692308,0.0003184615384615363,0.6435927692307692,-0.005797076923076926,-0.5258696923076923,0.5560566153846154,0.3879447692307692,0.09080992307692308,-0.05501115384615384,0.915537923076923,-0.1576376923076923,-0.12703992307692308,0.5706464615384615,0.7958375384615385,-0.14204276923076925,-0.3854719230769231,0.4164312307692307,-0.8110496153846154
139,0.7221601538461538,0.34554146153846155,0.2387570769230769,-0.5496113846153846,0.9888314615384616,0.14683076923076924,-0.025216153846153846,0.0005607692307692298,0.6433166153846154,-0.00547246153846154,-0.5260281538461538,0.5562296923076924,0.3877986153846154,0.09122453846153845,-0.054941923076923076,0.9155625384615385,-0.15759615384615386,-0.12688453846153847,0.5709187692307692,0.7956752307692307,-0.1405066153846154,-0.38645653846153843,0.4166773846153846,-0.8107226923076923
140,0.7219951538461539,0.3455882307692308,0.23870353846153847,-0.5498216923076923,0.9888268461538461,0.14690823076923076,-0.024935000000000006,0.0008120769230769205,0.6430376923076923,-0.005149923076923081,-0.5261831538461538,0.5564083076923076,0.38765315384615384,0.0916363846153846,-0.05486992307692308,0.9155871538461539,-0.15755876923076922,-0.1267312307692308,0.5711945384615384,0.7955094615384616,-0.13897184615384617,-0.38743907692307694,0.4169207692307692,-0.810393
141,0.7218320769230769,0.3456383846153846,0.23863353846153848,-0.5500347692307692,0.9888236153846154,0.14697869230769228,-0.024635615384615384,0.0010602307692307708,0.6427672307692308,-0.0048322307692307675,-0.5263202307692307,0.5565935384615385,0.3875133076923077,0.09205207692307692,-0.05477823076923077,0.9156103846153847,-0.15752876923076922,-0.1265633846153846,0.5714808461538461,0.7953363846153846,-0.1374496923076923,-0.3884223076923077,0.4171550769230769,-0.8100611538461538
142,0.7216763076923077,0.34569346153846153,0.23856638461538462,-0.5502339230769231,0.9888194615384616,0.147055,-0.024336692307692306,0.0012984615384615402,0.6425021538461538,-0.004523153846153843,-0.5264585384615385,0.5567712307692309,0.3873863846153846,0.09245876923076923,-0.054687692307692305,0.9156287692307693,-0.1574856153846154,-0.12639584615384614,0.5717706923076923,0.795163076923077,-0.1359363076923077,-0.38938538461538463,0.41739715384615383,-0.8097294615384616
143,0.721534,0.345755,0.238531,-0.550397,0.988811,0.147155,-0.024069,0.00152,0.642236,-0.004227,-0.526627,0.556922,0.387281,0.092838,-0.05463,0.915638,-0.157401,-0.126252,0.572053,0.795,-0.134424,-0.3903,0.417671,-0.809401
144,0.7213886153846154,0.34581346153846154,0.23848176923076925,-0.5505716153846154,0.9888048461538461,0.14724346153846155,-0.02377284615384615,0.0017384615384615396,0.6419875384615384,-0.003923923076923076,-0.5267646923076923,0.5570804615384615,0.38718484615384613,0.093208,-0.05454076923076923,0.9156464615384615,-0.15734253846153845,-0.12611661538461538,0.5723445384615385,0.7948223076923077,-0.13293246153846153,-0.3912038461538462,0.4179363846153846,-0.8090733076923077
145,0.7212561538461538,0.345901,0.23843846153846154,-0.5507090769230769,0.9887976153846154,0.14733407692307693,-0.023484769230769233,0.001925692307692308,0.6417649230769231,-0.003652076923076923,-0.5268926923076923,0.5572179230769231,0.3871333846153846,0.09353115384615385,-0.054449384615384615,0.915640923076923,-0.15724853846153844,-0.12600976923076923,0.5726576153846155,0.7946322307692307,-0.13147592307692307,-0.39204684615384616,0.41822061538461536,-0.8087563846153846
146,0.7211301538461539,0.3460086923076923,0.23839984615384616,-0.5508235384615384,0.9887902307692308,0.14742746153846154,-0.02319153846153846,0.0020930769230769228,0.6415604615384616,-0.003399769230769231,-0.5270131538461538,0.5573408461538462,0.38711523076923077,0.09381607692307693,-0.05435276923076923,0.9156250769230769,-0.15713192307692306,-0.1259296153846154,0.5729857692307693,0.7944316153846154,-0.13004546153846155,-0.39284407692307693,0.41851753846153844,-0.8084474615384615
147,0.7210064615384616,0.3461301538461538,0.23836484615384615,-0.5509245384615384,0.988783,0.14752500000000002,-0.022886615384615384,0.0022490769230769235,0.641368076923077,-0.0031590769230769224,-0.5271290769230769,0.5574533846153846,0.3871229230769231,0.0940703076923077,-0.05425015384615385,0.9156012307692307,-0.15700061538461538,-0.12587261538461536,0.5733236153846154,0.794222923076923,-0.1286346923076923,-0.3936078461538462,0.4188232307692308,-0.8081436923076922
148,0.7208910769230769,0.3462716923076923,0.2383333076923077,-0.5509999230769231,0.988773,0.14763500000000002,-0.022592769230769232,0.002389846153846153,0.6411888461538461,-0.002939846153846155,-0.5272498461538462,0.5575472307692307,0.3871721538461539,0.09429338461538463,-0.05415169230769231,0.9155635384615385,-0.15683676923076922,-0.12582876923076922,0.5736697692307693,0.7940121538461538,-0.1272516153846154,-0.3943363076923077,0.4191455384615385,-0.8078406153846154
149,0.7207787692307692,0.34641938461538463,0.23827038461538463,-0.5510814615384616,0.9887654615384616,0.14772961538461538,-0.02228476923076923,0.002533692307692307,0.641028076923077,-0.002724307692307693,-0.5273423076923077,0.557646,0.3872343076923077,0.09452692307692308,-0.05402615384615385,0.915520923076923,-0.15667784615384614,-0.12576215384615386,0.5740294615384616,0.793794,-0.12589376923076923,-0.3950727692307692,0.4194555384615385,-0.807532
150,0.7206691538461538,0.3465674615384616,0.23820307692307693,-0.5511606923076923,0.9887581538461538,0.14782192307692307,-0.021974384615384614,0.0026790769230769233,0.6408730769230769,-0.00250776923076923,-0.5274273076923077,0.5577444615384616,0.3873031538461538,0.09475923076923078,-0.053895384615384616,0.9154755384615384,-0.15651784615384615,-0.12569176923076925,0.5743913846153846,0.7935751538461538,-0.12453915384615384,-0.395802,0.41976784615384616,-0.8072223846153846
151,0.7205599230769231,0.34671807692307693,0.2381416923076923,-0.5512348461538461,0.9887504615384615,0.147915,-0.021665923076923076,0.0028220000000000003,0.6407195384615385,-0.0022962307692307687,-0.5275102307692308,0.5578427692307693,0.3873739230769231,0.09497753846153846,-0.05376630769230769,0.9154304615384615,-0.1563576923076923,-0.12562792307692308,0.574752923076923,0.7933554615384616,-0.12317776923076922,-0.3965126153846154,0.42008907692307695,-0.8069156153846154
152,0.7204445384615384,0.3468834615384615,0.23809015384615384,-0.5513040769230769,0.9887427692307692,0.148005,-0.021360538461538466,0.002951999999999998,0.6405672307692308,-0.0021123846153846184,-0.5275863846153847,0.5579466153846154,0.3874385384615385,0.09515523076923076,-0.053637846153846154,0.9153927692307693,-0.15620615384615386,-0.12558253846153847,0.5751175384615385,0.7931277692307692,-0.1218016153846154,-0.3971856923076923,0.4204244615384615,-0.8066186923076923
153,0.720316,0.3470813846153846,0.23805384615384614,-0.5513636153846153,0.9887357692307692,0.1480943076923077,-0.021069692307692314,0.0030570769230769215,0.6404273846153846,-0.0019970769230769248,-0.5276452307692308,0.5580518461538462,0.38749969230769227,0.09525399999999999,-0.053505923076923076,0.9153640769230769,-0.15608646153846154,-0.12558492307692307,0.5754883846153845,0.7928820769230769,-0.12041300000000002,-0.39779438461538463,0.42077646153846154,-0.8063432307692308
154,0.7201790769230769,0.3472953846153846,0.23803353846153846,-0.5514160769230769,0.9887265384615385,0.14819553846153846,-0.020782307692307694,0.003145538461538461,0.6402824615384616,-0.001913384615384616,-0.5277040000000001,0.5581632307692307,0.3875526153846154,0.09530430769230769,-0.05337223076923077,0.9153442307692308,-0.15597676923076925,-0.12560876923076922,0.5758636153846154,0.792627,-0.11900776923076925,-0.39836176923076927,0.42113584615384614,-0.806084
155,0.7200382307692308,0.347514,0.2380340769230769,-0.5514613076923077,0.9887146153846154,0.14831261538461538,-0.020498000000000002,0.0032213076923076917,0.6401237692307693,-0.0018450000000000005,-0.5277755384615385,0.5582783846153846,0.38758623076923077,0.09533115384615384,-0.053247538461538464,0.9153344615384615,-0.15586884615384616,-0.12564361538461538,0.5762357692307692,0.7923718461538461,-0.11757784615384616,-0.39890384615384616,0.42150123076923074,-0.8058349230769231
156,0.719899,0.347724,0.238061,-0.551499,0.9887,0.148448,-0.020218,0.003289,0.639943,-0.001775,-0.527874,0.558393,0.387587,0.095365,-0.053146,0.915336,-0.155755,-0.125679,0.576595,0.792128,-0.116114,-0.39944,0.421872,-0.805588
157,0.7197582307692307,0.34793169230769233,0.23808407692307693,-0.5515428461538462,0.9886923076923076,0.14852723076923077,-0.01999184615384615,0.003343615384615385,0.6397368461538462,-0.0017042307692307689,-0.5279870769230769,0.5585222307692308,0.3875846923076923,0.09540269230769231,-0.05303830769230769,0.9153398461538461,-0.15563730769230769,-0.12567284615384616,0.5769603846153846,0.7918856923076923,-0.11462630769230768,-0.4000023076923077,0.42221200000000003,-0.8053433846153847
158,0.7196131538461539,0.34808284615384616,0.23812815384615385,-0.5516179230769231,0.988681923076923,0.14862584615384614,-0.019756538461538464,0.0034299999999999995,0.6395010769230769,-0.0015634615384615398,-0.5281222307692308,0.5586649230769231,0.38750969230769233,0.09552923076923077,-0.05295161538461538,0.915363076923077,-0.155553,-0.12565753846153846,0.5772918461538462,0.7916633076923076,-0.1130826153846154,-0.4006313846153846,0.42253584615384615,-0.8050788461538462
159,0.7194665384615384,0.3482026923076923,0.23818707692307692,-0.5517079230769231,0.9886700769230768,0.14873276923076922,-0.019521307692307695,0.003532153846153844,0.6392409230769232,-0.0013840769230769267,-0.528276076923077,0.5588176923076923,0.38739276923076926,0.09570861538461539,-0.05287946153846154,0.9153976923076923,-0.15548115384615385,-0.1256306153846154,0.5776050769230769,0.7914531538461539,-0.11150292307692311,-0.4012998461538461,0.42284784615384613,-0.8048026923076923
160,0.7193196153846153,0.3483076153846154,0.23824946153846152,-0.5518062307692307,0.9886582307692308,0.14883761538461537,-0.019285153846153848,0.003641923076923075,0.638963,-0.0011843076923076957,-0.5284386923076922,0.5589820000000001,0.3872557692307692,0.09591992307692307,-0.05281046153846154,0.9154378461538462,-0.15541238461538462,-0.1255849230769231,0.5779136923076923,0.791247923076923,-0.1099059230769231,-0.40199376923076924,0.4231463846153846,-0.8045197692307692
161,0.7191657692307692,0.34837376923076924,0.23826407692307694,-0.5519585384615384,0.9886505384615385,0.14892376923076922,-0.01898669230769231,0.003791153846153845,0.638683,-0.0009173846153846174,-0.5285556153846154,0.559192,0.3870834615384615,0.09621915384615384,-0.05269507692307692,0.9154863076923077,-0.15539623076923076,-0.12547415384615385,0.5782306153846154,0.7910371538461538,-0.10831515384615385,-0.4027714615384615,0.42339023076923077,-0.8042174615384615
162,0.7190248461538462,0.34843561538461537,0.23831561538461538,-0.5520806923076923,0.9886403846153846,0.1490240769230769,-0.018712846153846153,0.003921923076923076,0.6384042307692307,-0.000655384615384616,-0.5287008461538462,0.5593736923076923,0.3869216153846154,0.09649992307692308,-0.05261907692307692,0.9155292307692308,-0.15535484615384615,-0.12539723076923076,0.5785278461538461,0.7908405384615385,-0.10671453846153846,-0.4035116153846154,0.4236716153846154,-0.803912076923077
163,0.7188890769230769,0.348506,0.23837292307692307,-0.5521883846153847,0.9886292307692308,0.1491283076923077,-0.01844323076923077,0.004034230769230768,0.6381423076923077,-0.0004076923076923101,-0.528840076923077,0.5595406153846154,0.38678584615384615,0.09674107692307693,-0.052543307692307695,0.9155653846153846,-0.15530792307692307,-0.1253453076923077,0.5788266923076923,0.7906393846153846,-0.10512800000000001,-0.4042177692307692,0.423972,-0.8036082307692308
164,0.7187575384615384,0.34859153846153845,0.23843153846153844,-0.5522803846153846,0.988617076923077,0.1492386153846154,-0.01816707692307693,0.0041262307692307675,0.6379009230769231,-0.00018015384615385126,-0.5289680769230769,0.5596938461538462,0.3866793846153846,0.09693923076923076,-0.05246346153846154,0.9155941538461538,-0.15525392307692307,-0.1253196153846154,0.5791336153846154,0.7904290769230768,-0.10356323076923081,-0.4048831538461538,0.4242906153846154,-0.8033085384615385
165,0.7186352307692307,0.34869923076923076,0.23850923076923078,-0.5523373076923077,0.9886024615384615,0.1493716923076923,-0.017872461538461545,0.0041923846153846134,0.6376755384615385,1.9076923076918997e-05,-0.5291034615384614,0.559823076923077,0.3865963076923077,0.09710538461538461,-0.052405769230769235,0.915614923076923,-0.15516853846153847,-0.1253326923076923,0.5794466923076923,0.7902144615384615,-0.10201938461538465,-0.4054839230769231,0.4246436923076923,-0.8030162307692308
166,0.7185053076923077,0.3487986153846154,0.2385516153846154,-0.552426076923077,0.9885906153846153,0.14948746153846154,-0.017528692307692315,0.004279999999999999,0.6374695384615384,0.0002446153846153811,-0.5291952307692307,0.5599716923076923,0.3865333076923077,0.09727638461538461,-0.05229684615384615,0.9156294615384615,-0.155115,-0.12533676923076922,0.5797756923076923,0.7899832307692307,-0.1005122307692308,-0.4061130769230769,0.4249683846153846,-0.8027163076923077
167,0.7183934615384615,0.3488993846153846,0.23860392307692307,-0.5524856153846154,0.9885758461538461,0.14961792307692307,-0.01721269230769231,0.004360307692307692,0.6372693846153846,0.00047399999999999764,-0.5293112307692308,0.5600896923076923,0.3865066923076923,0.09744884615384615,-0.05221223076923077,0.9156271538461539,-0.1550133076923077,-0.12534676923076923,0.5801009230769231,0.7897630769230769,-0.09902484615384617,-0.4067296923076923,0.42531207692307693,-0.8024067692307691
168,0.7182921538461539,0.3489931538461538,0.23864515384615384,-0.5525401538461538,0.9885614615384616,0.14974584615384615,-0.01689923076923077,0.004446153846153845,0.6370751538461539,0.0007249999999999985,-0.5294316153846155,0.5601962307692308,0.3865000769230769,0.09764892307692308,-0.05212776923076923,0.9156136153846154,-0.15488661538461537,-0.12534246153846154,0.580431,0.7895462307692307,-0.09755853846153846,-0.40736284615384616,0.4256511538461539,-0.8020853846153846
169,0.718186,0.349067,0.238639,-0.552634,0.988553,0.149842,-0.01654,0.00456,0.636889,0.001025,-0.529517,0.560327,0.386487,0.097912,-0.051997,0.915599,-0.154782,-0.125294,0.580781,0.789317,-0.096117,-0.408059,0.425945,-0.80175
170,0.718102923076923,0.3491400769230769,0.2386343846153846,-0.5526970769230769,0.9885414615384616,0.14995046153846153,-0.0162023076923077,0.004661538461538459,0.6367197692307692,0.0013234615384615325,-0.5296123846153846,0.5604285384615385,0.38650776923076924,0.0981873846153846,-0.0518793076923077,0.9155674615384616,-0.15464276923076922,-0.12523246153846154,0.5811325384615385,0.7890946923076922,-0.09469776923076925,-0.40873823076923077,0.4262526923076923,-0.8014092307692308
171,0.7180322307692307,0.3492190769230769,0.23863138461538463,-0.5527402307692307,0.9885293846153846,0.15006376923076922,-0.015861923076923086,0.004746384615384614,0.6365656153846154,0.0016138461538461471,-0.5297034615384616,0.5605166153846154,0.38655115384615385,0.0984503846153846,-0.05174707692307693,0.9155283846153845,-0.15448792307692308,-0.1251693076923077,0.5814943076923077,0.7888686153846154,-0.09329684615384619,-0.4093889230769231,0.42656684615384616,-0.8010738461538461
172,0.717968076923077,0.3493003076923077,0.23862969230769232,-0.5527736153846153,0.9885173846153846,0.15017761538461538,-0.015499461538461547,0.004825307692307691,0.6364191538461538,0.0019044615384615333,-0.5297859230769231,0.5606041538461538,0.3866039230769231,0.09870807692307691,-0.05159907692307693,0.9154863846153846,-0.15432884615384615,-0.12510576923076921,0.581866923076923,0.7886350769230769,-0.09190500000000003,-0.41001907692307693,0.4268797692307692,-0.8007456923076923
173,0.7179067692307692,0.3493807692307692,0.2386323076923077,-0.5528023846153847,0.9885056923076924,0.15029007692307692,-0.01510761538461539,0.004904076923076922,0.6362736923076923,0.002200384615384612,-0.5298604615384614,0.5606982307692308,0.38665653846153847,0.09896415384615384,-0.05144023076923077,0.9154447692307692,-0.15417069230769231,-0.12504407692307692,0.5822479230769231,0.7883941538461539,-0.09051253846153848,-0.41063276923076925,0.42718923076923077,-0.8004254615384615
174,0.7178544615384616,0.34945846153846155,0.2386653846153846,-0.5528062307692309,0.9884926153846154,0.15041084615384617,-0.014733769230769234,0.004964846153846153,0.6361206153846154,0.0024942307692307672,-0.5299550769230769,0.5607805384615384,0.3867119230769231,0.0992056923076923,-0.051312538461538465,0.9154024615384616,-0.1539876153846154,-0.12499484615384615,0.5826171538461539,0.7881656923076924,-0.08909792307692309,-0.4112104615384616,0.42752153846153845,-0.8001100769230769
175,0.7177935384615385,0.34955584615384616,0.23869538461538461,-0.5528106923076923,0.9884813846153846,0.15051623076923076,-0.0143833076923077,0.00501576923076923,0.6359706153846154,0.002760999999999994,-0.530042923076923,0.5608665384615384,0.38677161538461535,0.09941338461538461,-0.05117930769230769,0.915362,-0.15380884615384616,-0.12496038461538461,0.5829925384615384,0.787928,-0.08768576923076926,-0.41176907692307696,0.42785753846153846,-0.7997983846153845
176,0.7177300769230769,0.34967584615384617,0.23873076923076925,-0.5528014615384615,0.9884698461538461,0.15062276923076923,-0.01405753846153847,0.00505076923076923,0.6358248461538462,0.00299215384615384,-0.5301371538461538,0.5609415384615385,0.38684584615384615,0.099583,-0.05105353846153846,0.9153193076923076,-0.15361807692307694,-0.1249476923076923,0.5833698461538461,0.7876879999999999,-0.08627884615384619,-0.4122979230769231,0.4282056153846154,-0.7994926153846154
177,0.7176616153846154,0.34981415384615383,0.238768,-0.5527860769230769,0.9884578461538461,0.15073153846153847,-0.013745384615384623,0.00507753846153846,0.6356796153846154,0.003195076923076918,-0.5302354615384616,0.5610118461538461,0.386928,0.0997246923076923,-0.05092938461538462,0.9152763846153846,-0.15342176923076925,-0.12495076923076923,0.5837490769230769,0.7874453846153846,-0.08487376923076927,-0.4128083846153846,0.4285563846153846,-0.7991921538461538
178,0.7175746923076923,0.34995492307692305,0.238788,-0.5528014615384615,0.988447076923077,0.15082923076923077,-0.013412307692307699,0.005125230769230768,0.6355226923076923,0.0034004615384615345,-0.5303177692307692,0.5611110769230769,0.386988,0.09987315384615385,-0.0507763076923077,0.9152433076923078,-0.15325561538461538,-0.12494461538461539,0.5841344615384616,0.7871923076923076,-0.08345761538461541,-0.4133453076923077,0.4288733076923077,-0.7988929230769231
179,0.7174822307692308,0.35009776923076924,0.23881007692307693,-0.5528216923076924,0.988437,0.15092346153846153,-0.013099307692307698,0.005166,0.6353588461538462,0.00359407692307692,-0.5304076923076924,0.561211,0.3870320769230769,0.10002023076923076,-0.05064192307692308,0.9152164615384615,-0.1530963846153846,-0.12493707692307693,0.5845087692307692,0.7869461538461539,-0.0820269230769231,-0.4138891538461538,0.42919230769230765,-0.7985881538461539
180,0.7173891538461539,0.35025976923076924,0.23884438461538463,-0.5528258461538462,0.9884265384615385,0.15101546153846154,-0.012826846153846149,0.005184769230769231,0.6351933076923076,0.003754076923076926,-0.5305118461538462,0.5612985384615385,0.3870836153846154,0.10013069230769231,-0.05052576923076923,0.915188923076923,-0.1529213076923077,-0.124946,0.5848809230769231,0.7867026153846154,-0.08059184615384613,-0.41440515384615384,0.4295267692307692,-0.7982869230769231
181,0.7172912307692307,0.35043738461538465,0.23887723076923076,-0.5528267692307692,0.9884164615384615,0.15110207692307692,-0.012567230769230765,0.005191230769230769,0.6350313076923076,0.003888615384615387,-0.5306131538461539,0.5613844615384616,0.38713738461538466,0.10021546153846154,-0.050408846153846144,0.9151630000000001,-0.15274715384615384,-0.12496346153846154,0.5852563846153847,0.786455,-0.07915815384615382,-0.41490507692307693,0.42986446153846153,-0.7979891538461538
182,0.717182,0.350622,0.238888,-0.552846,0.988408,0.151179,-0.012278,0.005202,0.634879,0.004014,-0.530687,0.561486,0.387182,0.100297,-0.050265,0.915143,-0.152601,-0.124975,0.585641,0.786195,-0.077732,-0.415412,0.430186,-0.797693
183,0.7170666153846154,0.35079892307692306,0.23888492307692308,-0.5528844615384616,0.9884003076923077,0.15125361538461538,-0.011954923076923077,0.005224307692307693,0.6347259230769231,0.004150923076923078,-0.530737,0.5616113846153846,0.38720815384615387,0.10039546153846154,-0.05009115384615385,0.9151306923076923,-0.15248715384615386,-0.12497192307692308,0.5860348461538462,0.7859234615384616,-0.07630046153846153,-0.4159312307692308,0.4304783076923077,-0.7974022307692308
184,0.7169517692307693,0.35095053846153845,0.23889853846153847,-0.5529315384615384,0.9883936923076923,0.1513223076923077,-0.011614615384615381,0.005257923076923078,0.6345367692307693,0.004325538461538464,-0.5307902307692308,0.5617733846153846,0.38719715384615383,0.1005273076923077,-0.049915153846153845,0.9151307692307692,-0.152383,-0.12494138461538462,0.5864346153846154,0.7856503076923077,-0.07482961538461537,-0.4164617692307692,0.430755,-0.7971146923076923
185,0.7168506923076924,0.3510737692307692,0.2389559230769231,-0.5529595384615384,0.9883850769230769,0.15140261538461539,-0.011297076923076918,0.005290846153846155,0.6343075384615384,0.004534461538461543,-0.5308873076923077,0.5619387692307692,0.38715884615384616,0.10069007692307692,-0.04977330769230769,0.9151367692307693,-0.15225315384615384,-0.1248963076923077,0.5868178461538461,0.7853964615384615,-0.0733077692307692,-0.4169876153846154,0.43104253846153845,-0.7968257692307692
186,0.7167676153846154,0.35116423076923076,0.23906746153846153,-0.552960923076923,0.9883733076923077,0.15150030769230768,-0.01102238461538461,0.005321307692307694,0.6340376153846153,0.004778538461538468,-0.5310466153846153,0.5620911538461538,0.38709253846153846,0.10088953846153847,-0.049683384615384615,0.9151471538461539,-0.15208738461538462,-0.12484323076923078,0.5871688461538462,0.7851742307692308,-0.07172730769230766,-0.4175096153846154,0.43135107692307695,-0.7965301538461538
187,0.7166637692307692,0.3511965384615385,0.2391720769230769,-0.5530301538461538,0.9883663846153846,0.1515633846153846,-0.01072623076923077,0.005404384615384615,0.6337337692307693,0.005093923076923077,-0.5311927692307692,0.5622926923076923,0.3869279230769231,0.10119492307692307,-0.04958723076923077,0.9151886923076924,-0.15200123076923078,-0.12475553846153846,0.5874873076923077,0.7849665384615384,-0.07008038461538461,-0.4181257692307692,0.4316118461538461,-0.7962116923076923
188,0.716547,0.35122823076923076,0.2392723846153846,-0.5531178461538462,0.9883588461538462,0.15162646153846152,-0.010458384615384616,0.005491769230769231,0.6334274615384615,0.005401923076923076,-0.5313413846153846,0.5624948461538462,0.38675099999999996,0.10149046153846154,-0.049504,0.9152351538461538,-0.15193415384615386,-0.12467215384615385,0.5878113076923077,0.7847508461538462,-0.06842053846153846,-0.4187683846153846,0.4318830769230769,-0.7958710769230769
189,0.7164193076923077,0.35127400000000003,0.23934776923076923,-0.5532216923076922,0.9883507692307693,0.15169376923076922,-0.010183,0.005586000000000001,0.6331328461538461,0.00569346153846154,-0.5314744615384616,0.5626983076923077,0.38657984615384616,0.10177623076923077,-0.04940746153846154,0.9152809230769231,-0.15188338461538461,-0.12458946153846154,0.5881313076923077,0.784533923076923,-0.06677746153846154,-0.41942953846153846,0.43214538461538465,-0.7955199230769231
190,0.7162836153846154,0.35133538461538466,0.23939761538461538,-0.5533370769230769,0.9883413846153846,0.15177084615384615,-0.00989007692307692,0.005688153846153847,0.6328522307692308,0.005968384615384618,-0.5315916923076923,0.5629004615384615,0.38641984615384617,0.1020533076923077,-0.049293923076923075,0.915324,-0.1518433846153846,-0.12450653846153846,0.5884462307692307,0.784317923076923,-0.06515592307692306,-0.4201027692307692,0.4323961538461539,-0.7951626923076923
191,0.7161466923076923,0.35140230769230774,0.2394406923076923,-0.5534524615384615,0.9883283076923076,0.1518700769230769,-0.009585461538461534,0.005798923076923078,0.6325783846153846,0.006235307692307696,-0.5317101538461538,0.5630927692307692,0.38626907692307694,0.10232484615384616,-0.04917853846153846,0.915364,-0.15180030769230768,-0.12442423076923077,0.5887623846153847,0.7841025384615384,-0.06354053846153844,-0.4207766153846154,0.4326469230769231,-0.7948011538461539
192,0.7160125384615385,0.35146853846153847,0.2394983076923077,-0.5535595384615385,0.9883159230769231,0.15196584615384615,-0.009295384615384617,0.005915230769230769,0.6322886153846153,0.0065098461538461525,-0.531850076923077,0.563283,0.38611761538461536,0.10259846153846153,-0.049075615384615384,0.9154026153846153,-0.15173646153846154,-0.12434261538461538,0.5890764615384616,0.7838919999999999,-0.0619106153846154,-0.4214476923076923,0.43290184615384614,-0.7944347692307693
193,0.7158805384615384,0.351525,0.2395543076923077,-0.5536703076923077,0.988305,0.15204876923076924,-0.009016615384615389,0.006045999999999998,0.6319855384615385,0.00680507692307692,-0.5319979230769231,0.5634794615384616,0.38596238461538457,0.10288338461538461,-0.048974538461538465,0.9154410769230769,-0.1516666153846154,-0.12424076923076924,0.589388,0.7836875384615384,-0.060269846153846174,-0.4221424615384615,0.433148,-0.7940576923076923
194,0.7157516153846154,0.3515639230769231,0.2396063076923077,-0.5537896923076923,0.9882956923076923,0.15211876923076922,-0.008743384615384616,0.0061945384615384605,0.6316715384615385,0.007128307692307691,-0.5321478461538461,0.5636855384615385,0.38579223076923075,0.10320707692307692,-0.048874230769230774,0.9154813846153845,-0.1515996153846154,-0.12411407692307692,0.5896931538461538,0.7834911538461539,-0.05861600000000001,-0.42286776923076924,0.4333840769230769,-0.793666923076923
195,0.715627,0.351577,0.239654,-0.553922,0.988288,0.152178,-0.008468,0.006363,0.63135,0.007486,-0.532294,0.563904,0.385593,0.103604,-0.048775,0.915526,-0.151545,-0.123961,0.589987,0.783305,-0.056946,-0.423627,0.433611,-0.79326
196,0.7154993076923077,0.35156699999999996,0.2397063076923077,-0.5540704615384615,0.9882826153846154,0.15221876923076924,-0.008175692307692306,0.006549923076923078,0.6310192307692308,0.007875230769230772,-0.532440923076923,0.5641301538461538,0.38537453846153846,0.10402553846153846,-0.048687307692307696,0.9155752307692308,-0.1515080769230769,-0.12380638461538461,0.5902631538461539,0.783128076923077,-0.05525523076923076,-0.42441315384615386,0.43383484615384615,-0.7928361538461538
197,0.7153834615384616,0.35157315384615384,0.23976507692307691,-0.5541909230769231,0.988274,0.15228323076923075,-0.007900076923076921,0.006716384615384617,0.6307024615384615,0.008241307692307697,-0.532602923076923,0.5643261538461538,0.38519430769230767,0.10441638461538462,-0.04862061538461539,0.9156104615384616,-0.1514323846153846,-0.12366469230769231,0.5905393076923078,0.7829570769230769,-0.05359299999999998,-0.42516376923076926,0.43408453846153844,-0.7924112307692307
198,0.7152696153846154,0.3515954615384615,0.23981523076923075,-0.5543021538461538,0.988264,0.15235661538461537,-0.007621153846153844,0.006874076923076924,0.6304015384615385,0.008589769230769232,-0.5327593846153846,0.5645095384615385,0.38504276923076924,0.10478423076923077,-0.04854969230769231,0.915636,-0.15134253846153847,-0.12353561538461538,0.5908256153846154,0.7827790769230769,-0.051961461538461526,-0.42589607692307696,0.4343382307692308,-0.7919876923076923
199,0.7151526153846154,0.3516326923076923,0.23985115384615385,-0.5544137692307692,0.9882535384615384,0.15243107692307692,-0.007329384615384619,0.007029615384615382,0.6301152307692308,0.008924384615384612,-0.5329013846153846,0.5646900769230769,0.38491238461538463,0.1051343076923077,-0.04846230769230769,0.915655,-0.15125146153846156,-0.1234196923076923,0.5911267692307692,0.7825875384615385,-0.05035784615384618,-0.42661923076923075,0.4345843076923077,-0.7915672307692307
200,0.7150487692307692,0.35167961538461534,0.2399126923076923,-0.5544914615384615,0.9882389230769231,0.15253184615384616,-0.007063230769230771,0.007165769230769229,0.6298275384615385,0.009238230769230768,-0.5330752307692308,0.5648408461538462,0.38480623076923076,0.10545738461538462,-0.048405384615384614,0.915665,-0.15111607692307694,-0.12332661538461538,0.5914244615384615,0.782402923076923,-0.0487563076923077,-0.42730153846153845,0.43485738461538465,-0.7911495384615385
201,0.7149332307692308,0.3517154615384615,0.23996069230769232,-0.5545968461538461,0.988228,0.15260861538461537,-0.006781692307692308,0.007316692307692307,0.6295312307692308,0.009567461538461537,-0.5332349230769231,0.5650143846153847,0.38467423076923074,0.10580323076923077,-0.04832753846153846,0.9156848461538462,-0.15101207692307692,-0.12321876923076923,0.5917258461538462,0.7822121538461538,-0.04714492307692308,-0.4280127692307692,0.43510276923076924,-0.790726923076923
202,0.7148116923076924,0.35173930769230766,0.23999607692307692,-0.5547226153846154,0.9882191538461538,0.1526720769230769,-0.006489384615384615,0.007475538461538462,0.6292350769230769,0.009909000000000001,-0.5333799230769232,0.5652016923076923,0.3845230769230769,0.10617092307692308,-0.04823407692307692,0.9157106153846154,-0.15093399999999998,-0.12309723076923076,0.5920273846153846,0.7820183076923077,-0.04553030769230769,-0.42874815384615383,0.4353296923076923,-0.7902980769230769
203,0.71469,0.3517553076923077,0.24002807692307693,-0.5548547692307693,0.9882105384615385,0.1527326923076923,-0.006194923076923076,0.007633846153846154,0.6289404615384615,0.01025423076923077,-0.5335196153846155,0.5653923076923077,0.3843615384615385,0.10654969230769232,-0.04813623076923077,0.9157392307692308,-0.15086784615384616,-0.12296815384615385,0.592326,0.7818253846153845,-0.04391323076923077,-0.4294916923076923,0.43555076923076924,-0.7898646923076923
204,0.71458,0.35177684615384613,0.24008346153846152,-0.5549586153846154,0.9881982307692307,0.15281115384615385,-0.0059195384615384665,0.00777307692307692,0.6286427692307692,0.01058038461538461,-0.5336826923076924,0.5655638461538461,0.38420923076923075,0.10690815384615383,-0.04806238461538462,0.9157653846153846,-0.15077707692307693,-0.12284892307692308,0.5926159999999999,0.7816423076923077,-0.042289384615384645,-0.43020015384615384,0.4357946153846154,-0.7894331538461539
205,0.7144644615384615,0.3517859230769231,0.2401346923076923,-0.5550804615384616,0.9881866153846154,0.15289307692307694,-0.005595692307692313,0.007920615384615382,0.6283381538461539,0.010923846153846149,-0.5338263846153847,0.5657603076923077,0.3840333846153846,0.10728253846153846,-0.047969846153846155,0.9158005384615385,-0.1507153846153846,-0.12272,0.5929101538461539,0.7814509230769231,-0.04065515384615387,-0.43091692307692303,0.4360163076923077,-0.789005076923077
206,0.7143515384615384,0.35178807692307695,0.2401886923076923,-0.5552015384615385,0.9881755384615385,0.15296938461538462,-0.005259538461538465,0.008061230769230767,0.6280332307692308,0.011277538461538459,-0.5339665384615384,0.5659595384615385,0.3838572307692308,0.10766192307692307,-0.047878000000000004,0.9158348461538461,-0.15065553846153845,-0.12259046153846154,0.593202,0.7812609230769231,-0.039023000000000016,-0.43162953846153845,0.43624153846153846,-0.7885732307692308
207,0.7142366153846154,0.3517876923076923,0.24023515384615385,-0.5553293076923077,0.9881659230769231,0.15303453846153844,-0.0049153076923076945,0.00820053846153846,0.6277353076923078,0.011641153846153844,-0.5340958461538461,0.5661606153846154,0.3836853846153846,0.10804484615384614,-0.04777784615384616,0.915867,-0.15060123076923077,-0.12246538461538461,0.5934956923076923,0.7810678461538462,-0.037402000000000005,-0.4323466153846154,0.4364640769230769,-0.7881358461538461
208,0.714112,0.35179,0.240259,-0.555477,0.988159,0.153083,-0.004563,0.008349,0.627453,0.012015,-0.534202,0.566366,0.38352,0.108431,-0.047654,0.915897,-0.150562,-0.12235,0.593798,0.780864,-0.035802,-0.433082,0.436671,-0.787692
209,0.714022,0.35182153846153846,0.2403243846153846,-0.5555446923076923,0.9881436153846154,0.15318223076923076,-0.004299153846153845,0.00845823076923077,0.6271783846153847,0.012345769230769231,-0.534372,0.5665021538461539,0.38343,0.10876176923076923,-0.04760015384615385,0.9158977692307693,-0.15041584615384615,-0.12226692307692308,0.5940933846153846,0.7806801538461539,-0.0342296923076923,-0.43373738461538464,0.43694484615384616,-0.7872489230769231
210,0.713933076923077,0.3518476923076923,0.2403660769230769,-0.5556242307692307,0.9881303846153846,0.1532706923076923,-0.0040073076923076946,0.008577692307692307,0.626914,0.012693230769230767,-0.5345183076923077,0.566649076923077,0.38334807692307693,0.10912,-0.04751615384615385,0.9158936923076922,-0.15027938461538462,-0.12216338461538462,0.5944027692307692,0.7804871538461539,-0.03267838461538463,-0.43441053846153843,0.43719984615384616,-0.7868020769230769
211,0.7138526153846153,0.3518666153846154,0.240397,-0.5557020769230769,0.9881177692307692,0.15335515384615386,-0.003697000000000006,0.008698461538461537,0.6266592307692308,0.013053999999999994,-0.534652,0.5667963076923077,0.3832763846153846,0.10949707692307692,-0.047419538461538464,0.9158838461538461,-0.1501409230769231,-0.122044,0.5947175384615384,0.780293,-0.03114130769230772,-0.4350863846153846,0.4374486153846154,-0.7863530000000001
212,0.7137846923076923,0.35187761538461537,0.24042884615384616,-0.5557686153846154,0.9881047692307693,0.15343984615384618,-0.003376692307692312,0.008813846153846153,0.6264123846153846,0.013424615384615379,-0.5347823846153846,0.5669367692307692,0.3832150769230769,0.1098833846153846,-0.047323923076923076,0.9158684615384615,-0.14999276923076924,-0.12191561538461539,0.5950310769230769,0.780103,-0.029611153846153867,-0.43575207692307694,0.4377016923076923,-0.7859031538461538
213,0.7137216153846154,0.35188376923076925,0.24047730769230768,-0.5558247692307692,0.9880924615384615,0.1535183076923077,-0.0030536153846153873,0.008922307692307691,0.6261662307692308,0.013800769230769228,-0.5349162307692308,0.5670744615384615,0.3831558461538461,0.11025723076923076,-0.04723315384615385,0.9158530769230769,-0.14984046153846153,-0.12180176923076923,0.5953418461538462,0.779913,-0.02807269230769232,-0.43639284615384616,0.4379686153846154,-0.7854546923076923
214,0.713653,0.3519022307692308,0.24052023076923076,-0.5558821538461539,0.9880813846153846,0.15358815384615385,-0.0027317692307692316,0.009020307692307692,0.6259274615384616,0.014164,-0.5350402307692308,0.5672115384615385,0.38310584615384613,0.11061261538461538,-0.04713192307692308,0.9158364615384615,-0.14969123076923077,-0.12169776923076923,0.5956618461538462,0.7797131538461538,-0.026546538461538465,-0.4370243846153846,0.4382336923076923,-0.7850080769230768
215,0.7135718461538462,0.3519287692307692,0.2405306153846154,-0.5559648461538461,0.9880729230769231,0.15364276923076925,-0.0023856153846153884,0.009128384615384615,0.6257055384615384,0.014524769230769228,-0.5351306153846155,0.5673619230769231,0.38305930769230767,0.11097030769230769,-0.04699,0.9158199230769231,-0.14957046153846154,-0.12159084615384616,0.5959987692307692,0.7794954615384615,-0.025045000000000015,-0.43767746153846154,0.43847253846153844,-0.78456
216,0.7134827692307693,0.3519641538461538,0.24051384615384616,-0.5560642307692307,0.9880656923076923,0.15369,-0.002021000000000009,0.009244538461538459,0.6254983076923076,0.014879999999999992,-0.5351972307692308,0.567519,0.38302084615384613,0.11132830769230768,-0.046817538461538466,0.9158013076923077,-0.14946615384615383,-0.1214806923076923,0.5963495384615385,0.7792645384615385,-0.023566692307692344,-0.4383462307692308,0.4386916153846154,-0.7841103076923077
217,0.7134066153846154,0.35201492307692306,0.24051307692307694,-0.5561303846153846,0.9880541538461538,0.15375999999999998,-0.001681000000000007,0.009342230769230766,0.6252898461538461,0.015209999999999993,-0.5352933846153846,0.567649,0.3830100769230769,0.11165984615384615,-0.046675230769230774,0.9157728461538461,-0.14931692307692307,-0.12137915384615386,0.5966972307692308,0.7790422307692308,-0.022095153846153875,-0.4389823846153846,0.4389346923076923,-0.7836618461538462
218,0.7133325384615384,0.3520663846153846,0.24050192307692306,-0.5561972307692308,0.9880426153846154,0.1538320769230769,-0.0013458461538461588,0.009443384615384614,0.6250793076923077,0.015544846153846147,-0.5353895384615385,0.5677817692307692,0.38300138461538463,0.11201699999999999,-0.04652392307692308,0.915740923076923,-0.14916007692307692,-0.12125476923076924,0.5970539230769231,0.7788185384615385,-0.020630538461538485,-0.43962823076923074,0.43916323076923075,-0.7832106153846154
219,0.7132734615384615,0.3521063846153846,0.2405066923076923,-0.5562456923076923,0.9880283076923077,0.15392053846153844,-0.0010310769230769262,0.009543076923076921,0.6248639230769231,0.015891307692307687,-0.5355064615384616,0.5678986923076923,0.3829961538461539,0.112389,-0.04639469230769231,0.915704,-0.14897884615384616,-0.12112138461538462,0.597401,0.7786076153846154,-0.019157461538461554,-0.44026499999999996,0.4393984615384615,-0.7827581538461539
220,0.713221923076923,0.3521322307692308,0.2405182307692308,-0.5562908461538462,0.9880137692307692,0.15400892307692307,-0.0007161538461538505,0.009648461538461538,0.6246452307692308,0.016255538461538457,-0.5356282307692308,0.5680136153846154,0.3829856923076923,0.11277823076923077,-0.046273692307692314,0.9156663076923077,-0.14879369230769232,-0.12097930769230769,0.597741,0.7784039230769231,-0.017675923076923096,-0.44090353846153846,0.43963415384615384,-0.7823016153846154
221,0.713165,0.352143,0.240519,-0.556357,0.988003,0.154072,-0.0003700000000000115,0.009769999999999996,0.624426,0.016643999999999985,-0.535729,0.568149,0.382958,0.11318899999999998,-0.04613600000000001,0.915634,-0.148636,-0.120827,0.598081,0.778197,-0.016189000000000047,-0.441562,0.439858,-0.781837
222,0.7131165384615384,0.3521783846153846,0.24055515384615386,-0.5563808461538462,0.9879876153846153,0.1541650769230769,-7.384615384616218e-05,0.00986384615384615,0.6242052307692307,0.01699476923076922,-0.5358643846153845,0.5682528461538462,0.3829587692307692,0.11353746153846153,-0.046046000000000004,0.9155947692307692,-0.14843215384615385,-0.12071469230769231,0.5984086923076923,0.7780016153846154,-0.014697461538461581,-0.4421627692307692,0.44013184615384615,-0.7813716153846154
223,0.713044923076923,0.35222615384615386,0.24054446153846154,-0.5564466923076923,0.9879754615384615,0.15423499999999998,0.00026538461538460717,0.009972769230769228,0.6240103076923077,0.01732992307692307,-0.5359448461538461,0.5683803846153846,0.38295307692307695,0.11388161538461537,-0.04590484615384616,0.9155614615384615,-0.14828538461538462,-0.12059969230769231,0.598752,0.7777830769230769,-0.013232846153846187,-0.44279423076923075,0.44037446153846155,-0.780903
224,0.7129658461538462,0.3522872307692308,0.24052046153846154,-0.5565194615384615,0.9879631538461539,0.15430453846153844,0.0006178461538461476,0.010081692307692305,0.6238258461538462,0.01764484615384615,-0.5360100769230769,0.5685116153846155,0.382952,0.11420699999999999,-0.045752230769230774,0.9155291538461539,-0.14814984615384616,-0.12048907692307692,0.5991023076923077,0.7775561538461538,-0.011780076923076949,-0.44342315384615383,0.44061323076923076,-0.7804348461538462
225,0.712891076923077,0.3523595384615385,0.24050884615384616,-0.5565744615384616,0.9879483076923077,0.1543900769230769,0.0009613076923076881,0.010180615384615383,0.6236391538461538,0.017939692307692302,-0.5360898461538461,0.5686325384615385,0.3829606153846154,0.11450746153846153,-0.04561730769230769,0.9154950000000001,-0.1479933076923077,-0.12038661538461538,0.5994521538461538,0.7773323846153846,-0.01032553846153848,-0.4440271538461538,0.4408673846153846,-0.7799691538461538
226,0.7128218461538461,0.3524249230769231,0.2405173076923077,-0.5566190769230769,0.9879313846153847,0.15449084615384617,0.0012943846153846128,0.01027676923076923,0.6234406923076923,0.018236615384615382,-0.5361883076923077,0.5687479230769231,0.38295676923076927,0.11481207692307692,-0.045500384615384616,0.915465,-0.14782638461538464,-0.12028276923076922,0.5997936923076923,0.7771162307692308,-0.008850923076923088,-0.4446186923076923,0.4411312307692308,-0.7795006923076923
227,0.7127556923076923,0.3524933846153846,0.24053438461538462,-0.5566532307692308,0.9879175384615385,0.15457315384615386,0.0016120769230769157,0.01034830769230769,0.6232397692307692,0.018526153846153838,-0.5362996923076923,0.568854076923077,0.382956,0.11511053846153846,-0.045396384615384616,0.9154325384615385,-0.14764838461538463,-0.12018015384615384,0.6001309230769231,0.7769056153846153,-0.007367076923076957,-0.44519915384615383,0.4413993846153846,-0.7790328461538462
228,0.7126760769230769,0.3525591538461538,0.2405493846153846,-0.5567066923076923,0.9879033076923077,0.1546543076923077,0.0019243846153846058,0.010435999999999997,0.6230336153846154,0.01882423076923076,-0.5364085384615385,0.5689671538461539,0.38294292307692307,0.11541015384615384,-0.045289076923076925,0.9154052307692307,-0.14748953846153848,-0.12008823076923077,0.6004632307692308,0.7766933076923077,-0.005877076923076969,-0.4457987692307692,0.44165899999999997,-0.7785555384615385
229,0.712580076923077,0.35262223076923077,0.24055030769230767,-0.5567886923076923,0.9878879230769231,0.15473846153846155,0.0022411538461538376,0.01055107692307692,0.6228260769230769,0.01913192307692307,-0.5365037692307693,0.5690936153846154,0.3829167692307692,0.1157156923076923,-0.045166153846153856,0.9153836923076922,-0.14736015384615386,-0.12000192307692309,0.6007944615384615,0.7764751538461538,-0.004389076923076961,-0.4464276923076923,0.44190392307692306,-0.7780661538461539
230,0.7124754615384615,0.3526883846153846,0.24051184615384616,-0.5568971538461538,0.9878725384615386,0.15482076923076923,0.0025819230769230698,0.010686461538461535,0.6226314615384616,0.019436538461538456,-0.5365676153846154,0.5692366923076922,0.3828906153846154,0.11603415384615384,-0.04500692307692308,0.9153621538461538,-0.14726092307692307,-0.11989653846153847,0.6011367692307692,0.7762459230769231,-0.0029244615384615685,-0.44708615384615386,0.4421285384615385,-0.7775669230769231
231,0.7123784615384615,0.35275384615384614,0.2404976153846154,-0.5569862307692307,0.9878571538461539,0.15490723076923077,0.0029074615384615445,0.010813538461538465,0.6224146923076923,0.019727307692307697,-0.536646,0.5693894615384616,0.38286169230769235,0.1163353076923077,-0.044862230769230765,0.9153433846153847,-0.14715823076923076,-0.119796,0.6014818461538461,0.7760132307692308,-0.0014390769230768967,-0.4477093076923077,0.44237184615384617,-0.7770732307692307
232,0.7122813846153846,0.3528030769230769,0.24049715384615386,-0.5570796153846154,0.9878426923076923,0.154984,0.0032405384615384644,0.010945692307692309,0.6221746923076923,0.02003546153846154,-0.5367218461538461,0.5695696153846154,0.3827950769230769,0.11665253846153846,-0.044693769230769224,0.9153392307692308,-0.14707453846153845,-0.11968723076923077,0.6018323076923077,0.7757741538461539,7.8153846153858e-05,-0.4483253076923077,0.4426107692307692,-0.7765829230769231
233,0.7121869230769231,0.35282861538461535,0.240514,-0.5571770769230769,0.9878263076923076,0.15506923076923076,0.003580692307692306,0.011086692307692308,0.6219056153846154,0.02037030769230769,-0.5368002307692308,0.5697781538461538,0.3826843846153846,0.11699861538461538,-0.04450861538461538,0.9153503846153846,-0.14700815384615384,-0.119562,0.6021845384615384,0.775532923076923,0.001636076923076915,-0.44893753846153844,0.4428426153846154,-0.7760953846153846
234,0.7121,0.352824,0.240554,-0.557274,0.987804,0.15519,0.003923,0.011239,0.621601,0.020738,-0.536891,0.570012,0.382529,0.117384,-0.044324,0.915375,-0.146952,-0.119412,0.602533,0.775296,0.003243,-0.449546,0.443068,-0.77561
235,0.7120461538461539,0.3527624615384615,0.24071015384615385,-0.557314,0.9877863076923077,0.15528846153846154,0.004206076923076924,0.011379000000000002,0.6212317692307693,0.021152615384615388,-0.537081,0.5702204615384615,0.3823297692307692,0.11778476923076923,-0.04424476923076923,0.9154103846153847,-0.14684738461538463,-0.11928584615384616,0.6028199230769231,0.7751113846153845,0.004986076923076932,-0.4500913846153846,0.4433426153846154,-0.775126923076923
236,0.7119659230769231,0.35267453846153846,0.24084046153846153,-0.5574159230769231,0.9877702307692308,0.155367,0.00454515384615385,0.011566923076923079,0.620855,0.02160815384615385,-0.5372306153846154,0.5704725384615384,0.382081,0.11822592307692308,-0.04413215384615385,0.915463,-0.14681707692307694,-0.11914838461538461,0.6031079230769231,0.7749143846153845,0.00674530769230771,-0.4507078461538462,0.4435773846153846,-0.7746212307692307
237,0.7118636153846154,0.3525903846153846,0.24093384615384614,-0.5575594615384616,0.9877585384615385,0.1554160769230769,0.004904846153846159,0.011751076923076925,0.6204891538461539,0.022065230769230774,-0.5373533846153846,0.5707374615384615,0.3818220769230769,0.11868038461538462,-0.04400184615384615,0.9155186923076922,-0.14682261538461538,-0.11900269230769231,0.6033988461538461,0.7747093076923076,0.008485000000000026,-0.4513836923076923,0.443784,-0.7740923076923076
238,0.7117459230769231,0.3525360769230769,0.24098561538461538,-0.5577213076923077,0.9877513846153846,0.15544038461538462,0.0052523846153846206,0.011896538461538464,0.62015,0.022488000000000005,-0.5374668461538462,0.5709831538461538,0.38158915384615383,0.11912153846153846,-0.043870307692307695,0.9155647692307692,-0.1468253846153846,-0.118855,0.603692,0.7745025384615385,0.01017630769230772,-0.45210076923076925,0.44397661538461536,-0.7735424615384615
239,0.7116351538461538,0.3525468461538461,0.24101176923076925,-0.5578443846153845,0.9877352307692309,0.15552423076923078,0.005536230769230768,0.012021923076923078,0.61986,0.022818,-0.5376253076923078,0.5711346923076923,0.3814406923076923,0.11949692307692307,-0.04377338461538462,0.9155824615384616,-0.14674923076923077,-0.118735,0.603972,0.774317923076923,0.011789384615384611,-0.45279846153846154,0.4441927692307692,-0.7729870769230769
240,0.7115176153846154,0.35257546153846153,0.24099115384615385,-0.5579859230769231,0.9877196923076923,0.15559946153846155,0.005858230769230768,0.012154692307692307,0.6195847692307692,0.023128923076923078,-0.5377517692307693,0.5713016153846154,0.3813045384615385,0.11988584615384615,-0.04365246153846154,0.915594,-0.14668476923076923,-0.11857869230769232,0.6042747692307693,0.7741173076923077,0.013363692307692304,-0.4535293846153846,0.4443818461538462,-0.7724243076923077
241,0.7113953076923077,0.35259969230769234,0.24094730769230768,-0.5581455384615385,0.9877066153846153,0.15565792307692308,0.006199769230769232,0.012295846153846154,0.6193113076923077,0.023450076923076924,-0.5378563846153847,0.5714866153846153,0.38115915384615384,0.12030161538461538,-0.043509769230769234,0.9156066923076923,-0.14663746153846155,-0.11839523076923078,0.6045878461538462,0.7739096153846154,0.01493061538461539,-0.45428784615384615,0.4445476153846154,-0.7718546923076923
242,0.7112706923076924,0.352612,0.24089884615384616,-0.5583167692307692,0.9876964615384615,0.15569715384615385,0.006547307692307694,0.012443384615384617,0.6190340769230769,0.023788846153846157,-0.537950076923077,0.5716847692307693,0.3809993076923077,0.12073746153846154,-0.04335730769230769,0.915623,-0.14660453846153845,-0.11819907692307692,0.6049009230769231,0.7737014615384615,0.016505538461538474,-0.4550589230769231,0.4447023846153846,-0.7712794615384616
243,0.7111491538461538,0.352612,0.24087807692307692,-0.5584806153846154,0.9876887692307692,0.1557179230769231,0.006878846153846158,0.012590307692307694,0.6187494615384616,0.02413807692307693,-0.5380554615384616,0.5718786153846154,0.38083084615384616,0.12115976923076924,-0.04322884615384615,0.915643,-0.14657223076923076,-0.11802446153846154,0.6051955384615385,0.7735037692307691,0.01810323076923079,-0.4558035384615385,0.44487930769230766,-0.7707017692307693
244,0.7110234615384615,0.3526396923076923,0.24086284615384615,-0.558629923076923,0.9876838461538461,0.15572415384615385,0.007183384615384613,0.012728230769230768,0.6184842307692308,0.024449923076923077,-0.5381553076923077,0.5720586153846154,0.38069492307692304,0.12151976923076924,-0.04310176923076923,0.9156581538461539,-0.1465323076923077,-0.11789069230769231,0.6054963846153846,0.7732963846153846,0.019678076923076916,-0.45650453846153843,0.4450797692307692,-0.770131
245,0.7108982307692308,0.3526829230769231,0.24083115384615383,-0.5587757692307692,0.9876741538461539,0.15576107692307692,0.007509384615384611,0.01285730769230769,0.618241,0.024747461538461538,-0.5382420769230769,0.5722273846153846,0.38058984615384617,0.12186084615384615,-0.042963307692307696,0.9156630769230769,-0.14648692307692307,-0.11777023076923077,0.6058062307692308,0.773081,0.02121992307692306,-0.4571993076923077,0.4452833076923077,-0.7695596153846154
246,0.7107736153846154,0.3527303076923077,0.24077792307692306,-0.5589273076923077,0.9876608461538462,0.1558183846153846,0.007864153846153844,0.012987384615384614,0.618014,0.025048384615384615,-0.5383145384615384,0.5723915384615385,0.38050523076923076,0.12220661538461537,-0.04281,0.9156592307692307,-0.1464396153846154,-0.11764892307692308,0.6061241538461538,0.7728596153846155,0.022733846153846146,-0.4579056153846154,0.44548046153846155,-0.7689826923076923
247,0.710649,0.352768,0.240701,-0.559095,0.987647,0.155873,0.008248,0.013132,0.617794,0.025373,-0.538373,0.57256,0.380426,0.122582,-0.04264,0.91565,-0.146395,-0.117512,0.606448,0.772635,0.02423,-0.458641,0.445662,-0.768395
248,0.7105374615384615,0.3528003076923077,0.2406633076923077,-0.5592326923076923,0.9876308461538462,0.15594376923076922,0.008575692307692308,0.013265846153846154,0.6175524615384616,0.025694538461538463,-0.5384853076923076,0.5727,0.3803483076923077,0.12296584615384615,-0.04253,0.9156361538461538,-0.14630423076923077,-0.117382,0.6067464615384616,0.7724365384615385,0.025754615384615393,-0.4593533076923077,0.4458673846153846,-0.7677996153846154
249,0.710428076923077,0.3528353076923077,0.2406293846153846,-0.5593639230769231,0.9876168461538462,0.15600538461538463,0.008879153846153844,0.013389999999999999,0.6173066153846154,0.026008538461538458,-0.5386067692307692,0.5728373076923077,0.3802695384615385,0.12335184615384615,-0.04243076923076923,0.9156212307692307,-0.14620053846153844,-0.11724392307692308,0.6070422307692308,0.7722445384615385,0.027284615384615372,-0.46006615384615385,0.4460716923076923,-0.767201
250,0.7103233076923077,0.3528776153846154,0.24059615384615385,-0.5594846923076923,0.9876037692307692,0.15606215384615385,0.009167307692307688,0.013505999999999999,0.6170632307692308,0.026312538461538457,-0.5387315384615384,0.5729685384615384,0.3802010769230769,0.12373292307692307,-0.04233646153846154,0.9156024615384615,-0.14608084615384614,-0.11710115384615385,0.6073399230769231,0.772055,0.02880861538461536,-0.46076907692307695,0.446278,-0.7666034615384616
251,0.7102237692307692,0.3529302307692308,0.240561,-0.5595936923076924,0.9875904615384615,0.156119,0.009452692307692303,0.013616,0.6168282307692308,0.026605153846153844,-0.5388526923076923,0.573093076923077,0.3801499230769231,0.12410246153846154,-0.04224084615384616,0.9155785384615385,-0.1459466153846154,-0.11695769230769232,0.6076433076923077,0.7718636923076924,0.03031846153846152,-0.46145415384615385,0.44648846153846156,-0.7660104615384615
252,0.7101214615384616,0.3529925384615385,0.240521,-0.5597006153846155,0.9875750769230769,0.156189,0.009779615384615381,0.013725999999999999,0.6166105384615385,0.026886692307692306,-0.5389496153846154,0.5732238461538461,0.38010915384615385,0.12444707692307692,-0.042129307692307695,0.9155539230769231,-0.14582276923076923,-0.11682461538461539,0.6079563846153846,0.7716606153846154,0.031813076923076916,-0.4621156923076923,0.4467030769230769,-0.7654250769230769
253,0.7100111538461539,0.35306223076923077,0.24047176923076924,-0.559818,0.9875596923076922,0.15625223076923078,0.010134846153846152,0.013834153846153845,0.6164076153846153,0.027161461538461537,-0.5390182307692308,0.5733638461538462,0.38006900000000005,0.124772,-0.04199930769230769,0.9155323846153846,-0.1457216923076923,-0.11670507692307693,0.6082762307692308,0.7714458461538461,0.03329784615384615,-0.4627686153846154,0.4469152307692308,-0.7648427692307692
254,0.7098980769230769,0.35314300000000004,0.24042523076923075,-0.5599306923076923,0.9875439230769231,0.1563203076923077,0.010479846153846156,0.013935692307692307,0.6162126153846154,0.027418,-0.5390855384615384,0.5734973076923077,0.3800351538461539,0.12507276923076924,-0.04187084615384615,0.9155112307692308,-0.14562053846153847,-0.11660161538461539,0.6085950769230769,0.7712289230769231,0.03477976923076923,-0.46340515384615383,0.4471333076923077,-0.7642635384615385
255,0.709785923076923,0.3532339230769231,0.24038923076923077,-0.5600310000000001,0.9875268461538462,0.15639999999999998,0.010798153846153846,0.014030615384615384,0.6160189230769231,0.027654461538461537,-0.5391647692307692,0.5736196153846154,0.38000761538461536,0.1253493846153846,-0.04175546153846154,0.91549,-0.14550884615384616,-0.11651423076923076,0.6089090769230768,0.771014923076923,0.036265,-0.46402053846153846,0.4473636153846154,-0.7636864615384615
256,0.7096805384615384,0.35332853846153844,0.24037538461538463,-0.560111,0.987506076923077,0.1565,0.011078923076923073,0.014123692307692306,0.6158135384615385,0.027876769230769226,-0.5392686153846153,0.5737326923076923,0.37998069230769227,0.12560630769230768,-0.04166776923076923,0.91547,-0.14537807692307692,-0.11644038461538461,0.6092144615384616,0.7708095384615384,0.03776499999999997,-0.46460823076923075,0.4476166923076923,-0.7631087692307693
257,0.7095592307692308,0.3534023846153846,0.24032415384615383,-0.5602394615384616,0.9874915384615385,0.15655776923076922,0.011407461538461533,0.01424653846153846,0.615597076923077,0.02813507692307692,-0.5393288461538461,0.5738956153846154,0.3799163846153846,0.1259206923076923,-0.04152330769230769,0.9154596923076923,-0.1453026923076923,-0.11632569230769231,0.6095378461538461,0.7705854615384615,0.03927330769230767,-0.4652526923076923,0.4478150769230769,-0.7625234615384615
258,0.709450923076923,0.35344576923076926,0.24030892307692306,-0.5603553076923077,0.9874726153846154,0.15664223076923076,0.011715923076923073,0.014379153846153845,0.6153507692307693,0.028426923076923075,-0.5394276153846154,0.5740525384615385,0.37982946153846153,0.12626453846153846,-0.04141776923076923,0.9154532307692308,-0.14521084615384613,-0.11620923076923077,0.609836,0.7703846923076924,0.040824999999999986,-0.4658923846153846,0.44802861538461536,-0.7619253076923077
259,0.7093476153846153,0.3534602307692308,0.24031284615384615,-0.5604753076923077,0.9874535384615385,0.15672569230769232,0.01201853846153846,0.01452253846153846,0.6150800769230769,0.028754615384615382,-0.5395444615384616,0.5742167692307693,0.37971453846153846,0.12664361538461538,-0.041330846153846156,0.9154527692307692,-0.14512215384615385,-0.11608307692307693,0.6101166923076923,0.7701983076923077,0.042410307692307685,-0.4665440769230769,0.4482436153846154,-0.7613129230769231
260,0.709233,0.353451,0.240299,-0.560633,0.987442,0.156758,0.012347,0.014681,0.614797,0.02912,-0.539636,0.574416,0.379563,0.127069,-0.041217,0.915462,-0.145076,-0.11593,0.610399,0.770006,0.044008,-0.467241,0.448429,-0.760686
261,0.7091191538461539,0.3534479230769231,0.24028284615384615,-0.5607860769230769,0.9874327692307693,0.1567756923076923,0.012675461538461533,0.014831769230769227,0.6145139230769231,0.029480769230769224,-0.5397229230769232,0.5746190769230769,0.37942146153846157,0.1274843846153846,-0.04110392307692308,0.9154673846153846,-0.1450236923076923,-0.11578000000000001,0.6106843846153847,0.7698121538461539,0.04559646153846151,-0.4679302307692308,0.448619,-0.760056
262,0.7090214615384616,0.3534572307692308,0.24028284615384615,-0.5609036153846154,0.9874197692307692,0.15682030769230768,0.012988307692307686,0.014969615384615382,0.6142405384615385,0.029826999999999992,-0.539827076923077,0.5747952307692308,0.3793116923076923,0.12787607692307693,-0.041018846153846156,0.915462,-0.14492723076923075,-0.11564292307692309,0.610966,0.7696274615384615,0.047171999999999964,-0.4685823076923077,0.44883538461538464,-0.7594297692307692
263,0.708930076923077,0.3534721538461539,0.24027592307692308,-0.5610126923076924,0.9874042307692308,0.156878,0.013318769230769224,0.015114230769230767,0.6139823846153847,0.0301706923076923,-0.539918,0.5749672307692307,0.3792201538461538,0.1282603846153846,-0.040928846153846156,0.9154504615384615,-0.14482384615384614,-0.11550400000000001,0.6112530769230768,0.769439923076923,0.048729076923076896,-0.46922523076923073,0.4490566153846154,-0.7588036153846154
264,0.7088389230769231,0.35348815384615384,0.2402506923076923,-0.5611289230769231,0.987386923076923,0.15694023076923075,0.013685076923076918,0.015277769230769228,0.6137416153846154,0.030518230769230766,-0.5399791538461538,0.5751484615384616,0.3791367692307692,0.12864553846153845,-0.04081669230769231,0.9154363076923077,-0.1447360769230769,-0.11535569230769231,0.6115493846153846,0.7692434615384616,0.050267769230769206,-0.4698734615384615,0.44927153846153844,-0.7581754615384615
265,0.7087581538461538,0.3535096923076923,0.24024761538461537,-0.5612181538461538,0.9873661538461538,0.15702253846153846,0.014045846153846152,0.015445461538461536,0.6135077692307692,0.03085053846153846,-0.5400506923076923,0.575313076923077,0.3790644615384615,0.12900092307692307,-0.04073361538461539,0.9154193846153846,-0.14462684615384616,-0.1152226153846154,0.6118332307692308,0.7690580769230769,0.051815461538461526,-0.4704780769230769,0.4495169230769231,-0.757550076923077
266,0.7086816923076923,0.3535404615384615,0.24025315384615384,-0.5612932307692308,0.9873441538461538,0.15710976923076922,0.014386307692307691,0.015617461538461537,0.6132745384615385,0.03116623076923077,-0.5401308461538461,0.5754690769230769,0.3790001538461538,0.12933846153846154,-0.04067146153846154,0.9154012307692307,-0.14450223076923077,-0.11509261538461539,0.6121066153846154,0.7688831538461538,0.05336561538461538,-0.47106915384615383,0.44977707692307695,-0.7569203846153846
267,0.7085974615384616,0.35357546153846153,0.24023623076923076,-0.5613847692307692,0.9873241538461539,0.15718246153846152,0.014730153846153842,0.015811692307692304,0.6130460769230769,0.03147930769230769,-0.5401877692307693,0.5756417692307693,0.37893015384615386,0.12968153846153846,-0.040589153846153844,0.9153854615384616,-0.14439953846153847,-0.11494876923076923,0.6123846923076922,0.7687023846153845,0.05490599999999998,-0.4716810769230769,0.4500232307692308,-0.7562826923076923
268,0.7085054615384615,0.3536119230769231,0.24019576923076924,-0.5614947692307692,0.9873061538461538,0.15724123076923077,0.01508123076923076,0.016025999999999995,0.6128203846153847,0.031792538461538455,-0.5402213076923077,0.5758334615384615,0.3788512307692308,0.13003446153846152,-0.04048376923076923,0.9153728461538462,-0.14432061538461538,-0.11479046153846154,0.6126691538461538,0.7685142307692308,0.056438615384615344,-0.47231430769230764,0.45025292307692305,-0.7556379230769231
269,0.7084177692307692,0.3536465384615385,0.2401596153846154,-0.5615986153846154,0.987286923076923,0.15730738461538463,0.015427384615384608,0.016235999999999997,0.6125873076923077,0.03210023076923076,-0.5402628461538462,0.5760257692307692,0.3787673846153846,0.13038676923076922,-0.04038761538461538,0.9153620769230769,-0.1442336923076923,-0.11463276923076923,0.6129499230769231,0.7683303846153846,0.057981692307692276,-0.4729358461538461,0.45048753846153844,-0.7549925384615385
270,0.7083376923076923,0.35367076923076923,0.24014353846153846,-0.5616906923076923,0.987267,0.15737907692307693,0.015776999999999996,0.016421769230769226,0.6123459230769231,0.03241553846153846,-0.5403168461538462,0.5762139230769231,0.37867176923076923,0.13074046153846153,-0.04030461538461538,0.9153547692307693,-0.144153,-0.11446884615384616,0.6132251538461538,0.76815,0.05954415384615382,-0.47353315384615385,0.45073253846153843,-0.7543492307692308
271,0.7082478461538462,0.3536943076923077,0.24010984615384615,-0.5618036153846153,0.9872497692307692,0.15742923076923077,0.016162538461538457,0.01659607692307692,0.6121216153846154,0.03273584615384615,-0.5403380769230769,0.5764145384615385,0.3785753076923077,0.13108553846153845,-0.040180153846153845,0.9153506153846154,-0.1441066923076923,-0.11431207692307693,0.6135149999999999,0.7679506153846154,0.06109261538461537,-0.474137,0.45096023076923075,-0.7537093846153846
272,0.7081541538461539,0.3537276153846154,0.24007815384615386,-0.5619144615384615,0.9872323076923076,0.157481,0.0165546923076923,0.016749307692307692,0.6119104615384615,0.03304276923076923,-0.5403524615384615,0.5766078461538462,0.37849092307692306,0.13140146153846152,-0.04004184615384615,0.915346,-0.1440636923076923,-0.11417807692307692,0.6138136153846153,0.7677401538461538,0.06262776923076921,-0.4747193076923077,0.4511910769230769,-0.7530786153846154
273,0.708068,0.353783,0.240082,-0.561986,0.98721,0.157571,0.016906999999999988,0.016866999999999997,0.611702,0.033311999999999994,-0.540404,0.576764,0.378434,0.131663,-0.039938,0.915336,-0.143976,-0.114085,0.614109,0.767534,0.06415699999999995,-0.475237,0.451458,-0.752464
274,0.7079733846153846,0.35386915384615386,0.24008430769230768,-0.5620506153846153,0.9871876923076923,0.15766638461538462,0.017240076923076914,0.016961615384615384,0.6115004615384615,0.03354276923076923,-0.5404563076923077,0.5769155384615384,0.3783916923076923,0.1318853076923077,-0.039818769230769234,0.9153267692307693,-0.14387907692307692,-0.11401346153846154,0.6144266923076923,0.7673086153846154,0.06567315384615381,-0.47572623076923076,0.4517156923076923,-0.7518686153846154
275,0.7078787692307692,0.353951,0.24009953846153845,-0.562112,0.9871680769230768,0.15774615384615384,0.017561307692307685,0.017035230769230768,0.6112908461538462,0.03377730769230769,-0.5405215384615385,0.5770633076923076,0.3783445384615385,0.13210869230769232,-0.039704384615384614,0.9153191538461538,-0.14377784615384617,-0.11395376923076923,0.6147449230769231,0.7670816153846154,0.06720115384615381,-0.4762084615384615,0.4519696153846154,-0.7512753846153847
276,0.7077912307692307,0.3540236153846154,0.24012892307692307,-0.562164,0.9871474615384614,0.15783338461538463,0.017873769230769224,0.017095230769230765,0.6110706923076923,0.03402084615384615,-0.5406101538461539,0.5771996153846154,0.378295,0.13234884615384615,-0.03960346153846154,0.9153094615384615,-0.14365784615384616,-0.11389176923076923,0.6150603076923077,0.7668606923076923,0.06874099999999997,-0.4766864615384615,0.452221,-0.7506815384615385
277,0.7077145384615384,0.3540828461538461,0.2401700769230769,-0.5622056153846154,0.9871242307692307,0.1579376923076923,0.018178538461538458,0.017149923076923073,0.610839,0.03427976923076923,-0.5407246153846154,0.5773226153846154,0.3782434615384615,0.13261853846153845,-0.03951723076923077,0.9152955384615384,-0.1435133076923077,-0.11381569230769231,0.6153726153846154,0.7666488461538461,0.07029115384615382,-0.4771651538461539,0.45246838461538463,-0.7500848461538461
278,0.707639923076923,0.3541213076923077,0.24020084615384615,-0.5622617692307692,0.9871065384615384,0.15800461538461538,0.018463923076923076,0.017219153846153842,0.610599,0.034577461538461536,-0.5408307692307692,0.5774587692307692,0.3781780769230769,0.1329339230769231,-0.03940953846153846,0.9152809230769231,-0.14337638461538463,-0.11371261538461538,0.6156987692307692,0.7664273076923077,0.07184269230769229,-0.4776666923076923,0.45269223076923076,-0.7494833076923076
279,0.7075806923076923,0.3541585384615385,0.24024269230769232,-0.5622951538461538,0.9870882307692308,0.15808076923076922,0.01875238461538461,0.017276076923076922,0.6103633076923076,0.03486776923076922,-0.5409553846153846,0.577574,0.37812376923076924,0.1332523846153846,-0.03930492307692308,0.915262,-0.14321607692307695,-0.11360215384615384,0.6160243076923076,0.7662119230769231,0.07339484615384612,-0.47814176923076923,0.45292715384615384,-0.7488873076923077
280,0.7075253076923077,0.3541889230769231,0.24028,-0.5623301538461538,0.987069,0.1581576923076923,0.019065076923076914,0.017330692307692307,0.6101317692307692,0.03517123076923076,-0.5410638461538462,0.5776986153846154,0.37806915384615386,0.13358199999999998,-0.03919107692307693,0.9152416153846153,-0.14306107692307693,-0.11348330769230769,0.6163504615384616,0.7659961538461538,0.07494599999999996,-0.47861676923076923,0.45315715384615385,-0.7482907692307692
281,0.7074694615384616,0.35421553846153847,0.24030830769230768,-0.5623718461538462,0.9870503846153846,0.158226,0.01940246153846153,0.017379923076923078,0.6099056153846154,0.03548799999999999,-0.5411513846153846,0.5778356923076924,0.3780163846153846,0.13392015384615383,-0.03906769230769231,0.9152191538461538,-0.1429136923076923,-0.11335992307692308,0.6166775384615385,0.7657786153846154,0.07649107692307688,-0.4790996923076923,0.45337961538461535,-0.7476909230769231
282,0.7074117692307692,0.35425323076923076,0.24032984615384614,-0.5624110769230769,0.9870373076923077,0.158266,0.019744769230769236,0.01740453846153846,0.6096886923076923,0.035798,-0.5412383076923077,0.5779641538461538,0.3779833076923077,0.13425092307692307,-0.038946153846153846,0.915189923076923,-0.14275215384615383,-0.11324453846153847,0.6170052307692308,0.7655616923076923,0.07801646153846156,-0.47958815384615383,0.4536026923076923,-0.7470855384615385
283,0.7073471538461539,0.35431376923076924,0.24030084615384614,-0.5624669230769231,0.987027,0.1582866153846154,0.020076692307692316,0.01742153846153846,0.6095070769230769,0.036100384615384624,-0.5412954615384615,0.5780829230769231,0.37799315384615384,0.13458584615384617,-0.03878930769230769,0.9151426923076923,-0.14258715384615386,-0.11312292307692307,0.6173543846153846,0.7653295384615385,0.07947538461538464,-0.48011676923076924,0.4538029230769231,-0.7464697692307692
284,0.7072937692307691,0.3543976153846154,0.24026576923076923,-0.5624964615384616,0.9870146923076923,0.15832353846153846,0.020376538461538463,0.017428,0.6093464615384615,0.036383461538461545,-0.5413751538461539,0.57816,0.37805715384615385,0.13490646153846153,-0.03864930769230769,0.915075,-0.14236776923076924,-0.1130116923076923,0.6177073076923077,0.7651021538461539,0.08089323076923079,-0.4806364615384615,0.45401400000000003,-0.7458542307692307
285,0.7072511538461538,0.35449830769230767,0.24022023076923077,-0.562506076923077,0.9869999230769231,0.15837715384615383,0.020656461538461537,0.017434692307692307,0.6092041538461538,0.036658384615384614,-0.5414723076923077,0.5782019230769231,0.3781681538461538,0.1352236923076923,-0.0385196923076923,0.9149880769230769,-0.14210084615384616,-0.11290461538461538,0.6180643846153846,0.7648788461538462,0.08227246153846153,-0.48115461538461535,0.4542326153846154,-0.7452361538461538
286,0.707215,0.354606,0.240151,-0.562513,0.986983,0.158441,0.020938,0.017457,0.609078,0.036943,-0.54157,0.578225,0.378312,0.135556,-0.038382,0.914885,-0.141807,-0.11279,0.618429,0.764655,0.083614,-0.48169,0.454448,-0.74461
287,0.7071857692307691,0.35470676923076927,0.24006484615384616,-0.562523,0.9869668461538462,0.1584986923076923,0.02123569230769231,0.017489307692307693,0.6089641538461539,0.03724453846153846,-0.54166,0.578241923076923,0.37847661538461536,0.13592215384615383,-0.03823969230769231,0.9147680769230769,-0.14150392307692308,-0.11265692307692307,0.6187936153846154,0.7644365384615385,0.08493400000000001,-0.4822461538461538,0.45465723076923076,-0.7439723076923077
288,0.7071333846153846,0.3547903076923077,0.23992323076923078,-0.5625965384615385,0.986956076923077,0.15850953846153845,0.02160069230769231,0.01755446153846154,0.608867,0.037584846153846156,-0.5416918461538461,0.5782922307692308,0.3786223846153846,0.13633407692307692,-0.038041384615384616,0.9146549230769231,-0.14126923076923076,-0.11250123076923077,0.6191684615384615,0.7641992307692308,0.08622438461538463,-0.4828852307692308,0.4548260769230769,-0.7433055384615385
289,0.7070775384615384,0.35488153846153847,0.23976461538461538,-0.5626766923076922,0.9869454615384615,0.15851876923076924,0.021965923076923077,0.017624153846153845,0.6087883846153846,0.03791807692307692,-0.5417138461538461,0.5783325384615384,0.3787862307692308,0.13673792307692306,-0.03784184615384615,0.9145353846153846,-0.14103738461538462,-0.11234938461538461,0.619540923076923,0.7639621538461538,0.08748761538461539,-0.48353953846153847,0.4550003846153846,-0.7426253846153846
290,0.7070313076923077,0.3549991538461539,0.23961446153846155,-0.5627243846153847,0.9869301538461538,0.1585646153846154,0.022286384615384614,0.017680461538461537,0.6087304615384616,0.038209692307692306,-0.5417581538461538,0.5783332307692307,0.3789940769230769,0.1370936923076923,-0.03767738461538461,0.9144027692307692,-0.14076484615384616,-0.11222038461538461,0.6199033076923076,0.7637372307692307,0.0887246923076923,-0.4841610769230769,0.45521169230769226,-0.7419437692307692
291,0.7069843846153846,0.3551506923076923,0.23944907692307693,-0.5627582307692307,0.9869016923076923,0.15869076923076922,0.02259023076923077,0.017745076923076922,0.608705076923077,0.038446615384615385,-0.5417996923076923,0.5783055384615385,0.3792448461538461,0.13739061538461536,-0.03752123076923077,0.9142604615384616,-0.14048330769230769,-0.11211423076923077,0.6202663846153846,0.7635095384615385,0.08992161538461538,-0.48476184615384615,0.4554486153846154,-0.7412614615384616
292,0.7069485384615385,0.35531576923076924,0.23930953846153846,-0.5627588461538462,0.986867076923077,0.15886184615384616,0.02286330769230769,0.01781276923076923,0.6086735384615385,0.03866076923076923,-0.5418719999999999,0.5782563076923077,0.3795079230769231,0.13764753846153846,-0.03740323076923077,0.9141175384615385,-0.14017407692307693,-0.11202776923076924,0.6206153076923077,0.7632953846153846,0.09113146153846154,-0.4853189230769231,0.4557169230769231,-0.7405840769230769
293,0.7068996923076923,0.35546153846153844,0.23916607692307693,-0.5627892307692308,0.986834,0.15901376923076924,0.023162153846153846,0.017908923076923076,0.6086112307692307,0.03888538461538462,-0.5419262307692307,0.5782555384615384,0.3797198461538462,0.1379306153846154,-0.037269384615384614,0.9139925384615385,-0.13991138461538463,-0.111907,0.6209683846153846,0.7630742307692308,0.09237684615384616,-0.4858993076923077,0.4559611538461539,-0.7398986923076922
294,0.7068318461538462,0.35557123076923075,0.23901776923076923,-0.5628678461538462,0.9868056923076923,0.1591236153846154,0.02349815384615385,0.01803876923076923,0.608505076923077,0.03914184615384616,-0.5419551538461539,0.5783226153846154,0.37984753846153846,0.13827107692307694,-0.03710476923076923,0.9138948461538462,-0.13971661538461538,-0.111739,0.621325923076923,0.7628437692307692,0.09367653846153846,-0.48652176923076923,0.4561639230769231,-0.739201
295,0.7067510769230769,0.35562738461538457,0.2388916153846154,-0.5629870769230769,0.9867841538461539,0.1591866923076923,0.02384892307692308,0.018192615384615383,0.6083404615384616,0.039461076923076925,-0.5419859230769232,0.5784456923076924,0.3798552307692308,0.13869646153846155,-0.03691861538461538,0.9138340769230769,-0.1395796923076923,-0.11153899999999999,0.6216705384615384,0.7626176153846154,0.09506423076923079,-0.4871756153846154,0.4563285384615385,-0.738491
296,0.7066682307692308,0.355633,0.2388436923076923,-0.5631076923076923,0.9867653846153847,0.1592386923076923,0.024174076923076923,0.018332615384615385,0.608110076923077,0.039821153846153846,-0.542079,0.5785750000000001,0.37977984615384613,0.13914815384615384,-0.036801,0.9138016923076923,-0.13945453846153846,-0.11135076923076923,0.6219632307692308,0.7624295384615385,0.09658484615384615,-0.4878128461538461,0.45649107692307694,-0.737772
297,0.7065800769230769,0.35562284615384615,0.23884046153846156,-0.5632261538461538,0.9867436923076923,0.15931207692307692,0.024471461538461536,0.018466923076923075,0.6078553076923077,0.040183461538461536,-0.5422066923076924,0.578698076923077,0.37966984615384614,0.139582,-0.036727923076923075,0.9137844615384615,-0.139339,-0.11119153846153847,0.6222229230769231,0.7622618461538462,0.09815853846153845,-0.48843023076923076,0.45667415384615384,-0.7370423076923077
298,0.7064823076923077,0.35561653846153846,0.23885892307692308,-0.5633451538461539,0.9867177692307693,0.15941346153846153,0.024761692307692304,0.018591076923076922,0.6075958461538462,0.04052646153846154,-0.5423454615384615,0.5788174615384615,0.3795454615384615,0.13997707692307693,-0.03667553846153846,0.913778,-0.13923915384615385,-0.11106415384615384,0.6224665384615384,0.7620996153846155,0.09975061538461538,-0.489028,0.4568761538461538,-0.7363073076923077
299,0.70637,0.355635,0.238872,-0.563469,0.986687,0.159545,0.025074,0.018698,0.607352,0.040828,-0.542467,0.578939,0.379427,0.140314,-0.036614,0.913778,-0.139163,-0.110968,0.622715,0.761925,0.101326,-0.489608,0.45709,-0.735575
