timestep,imu0_w,imu0_x,imu0_y,imu0_z,imu1_w,imu1_x,imu1_y,imu1_z,imu2_w,imu2_x,imu2_y,imu2_z,imu3_w,imu3_x,imu3_y,imu3_z,imu4_w,imu4_x,imu4_y,imu4_z,imu5_w,imu5_x,imu5_y,imu5_z
0,0.9814453125,-0.1119384765625,0.0736083984375,0.13671875,0.9432373046875,0.20660400390625,-0.0279541015625,-0.2584228515625,0.9906005859375,0.12091064453125,0.060302734375,0.02044677734375,0.95880126953125,0.09814453125,0.02398681640625,0.26531982421875,0.98260498046875,-0.08209228515625,-0.078125,0.146728515625,0.9873046875,-0.15374755859375,0.02008056640625,0.03369140625
1,0.9814453125,-0.1119384765625,0.0736083984375,0.13671875,0.94317626953125,0.20684814453125,-0.028076171875,-0.25836181640625,0.990541796221781,0.12108701367840718,0.060302734375,0.02044677734375,0.95880126953125,0.0982666015625,0.0240478515625,0.26531982421875,0.98260498046875,-0.08209228515625,-0.078125,0.146728515625,0.9873046875,-0.15374755859375,0.02008056640625,0.03369140625
2,0.9814453125,-0.11187744140625,0.0736083984375,0.13677978515625,0.94317626953125,0.206787109375,-0.028076171875,-0.2584228515625,0.99053955078125,0.12103271484375,0.060302734375,0.0203857421875,0.95880126953125,0.09820556640625,0.0240478515625,0.2652587890625,0.9826615247439381,-0.0821533203125,-0.078125,0.14655439191837374,0.9873046875,-0.15363896092443563,0.020085057287311872,0.03363037109375
3,0.9814453125,-0.11187744140625,0.0736083984375,0.13677978515625,0.94317626953125,0.2069091796875,-0.028076171875,-0.25830078125,0.99053955078125,0.12103271484375,0.060302734375,0.020331443352842808,0.95880126953125,0.09820556640625,0.02398681640625,0.2652587890625,0.982666015625,-0.0821533203125,-0.078125,0.14654541015625,0.9873046875,-0.15362548828125,0.02008056640625,0.03363037109375
4,0.9814453125,-0.1119384765625,0.07373046875,0.13677978515625,0.94317626953125,0.20697021484375,-0.0281982421875,-0.25823974609375,0.9906005859375,0.12103271484375,0.0601806640625,0.02032470703125,0.95880126953125,0.09820556640625,0.02386474609375,0.2652587890625,0.982666015625,-0.08204921352424749,-0.0782470703125,0.14654541015625,0.9873567408941263,-0.15340829294262123,0.020010549487876256,0.03346522914924749
5,0.9814453125,-0.1119384765625,0.07373046875,0.13677978515625,0.94317626953125,0.20702002279734533,-0.028048818326714048,-0.25823974609375,0.9905507779839047,0.12113233075094064,0.06028027996969063,0.020374514984845316,0.95880126953125,0.0982666015625,0.02386474609375,0.2652587890625,0.982666015625,-0.08203125,-0.0782470703125,0.14654541015625,0.98736572265625,-0.15338134765625,0.02001953125,0.033447265625
6,0.98138427734375,-0.11224365234375,0.073974609375,0.13677978515625,0.943115234375,0.2073974609375,-0.0281982421875,-0.2581787109375,0.99053955078125,0.12139892578125,0.06005859375,0.02044677734375,0.95880126953125,0.09844970703125,0.02349853515625,0.2652587890625,0.982666015625,-0.08173954686193562,-0.07856571873693562,0.146484375,0.9874267578125,-0.15302860936193563,0.01976191798181438,0.033447265625
7,0.98138427734375,-0.11224365234375,0.073974609375,0.13677978515625,0.94317626953125,0.20733642578125,-0.02801513671875,-0.258056640625,0.99053955078125,0.12135360870871656,0.06014922789506689,0.02044677734375,0.95880126953125,0.09832763671875,0.0235595703125,0.2652587890625,0.982666015625,-0.08172607421875,-0.07855224609375,0.146484375,0.9874267578125,-0.15301513671875,0.019775390625,0.033447265625
8,0.98138427734375,-0.112548828125,0.07415771484375,0.13665771484375,0.943115234375,0.2076416015625,-0.02813720703125,-0.2579345703125,0.99053955078125,0.12158203125,0.0599365234375,0.02056884765625,0.958740234375,0.0985107421875,0.0233154296875,0.26544189453125,0.982666015625,-0.08148193359375,-0.07875331508674749,0.1466064453125,0.98748779296875,-0.1527279244617475,0.01953125,0.03355137241325251
9,0.98138427734375,-0.112548828125,0.07415771484375,0.13665771484375,0.943115234375,0.207763671875,-0.02813720703125,-0.2578125,0.9904987245897784,0.12166368363294315,0.060018175820443144,0.020609673847721572,0.958740234375,0.098388671875,0.02337646484375,0.26544189453125,0.982666015625,-0.08148193359375,-0.0787353515625,0.1466064453125,0.98748779296875,-0.1527099609375,0.01953125,0.0335693359375
10,0.9813232421875,-0.1126708984375,0.0743408203125,0.1365966796875,0.943115234375,0.20794677734375,-0.02825927734375,-0.25775146484375,0.990478515625,0.12176513671875,0.059814453125,0.02069091796875,0.958740234375,0.09844970703125,0.02313232421875,0.2655029296875,0.98260498046875,-0.08134373693561874,-0.07894091143655936,0.14664502606344063,0.98748779296875,-0.15257176427936872,0.019325690125940636,0.03360791668844063
11,0.9813232421875,-0.1126708984375,0.0743408203125,0.1365966796875,0.943115234375,0.2081298828125,-0.0281982421875,-0.2576904296875,0.990478515625,0.12183780733956939,0.0598871237458194,0.0207272532791597,0.958740234375,0.0985107421875,0.023193359375,0.26556396484375,0.98260498046875,-0.081298828125,-0.07891845703125,0.14666748046875,0.98748779296875,-0.15252685546875,0.01934814453125,0.03363037109375
12,0.9813232421875,-0.11273193359375,0.07452392578125,0.13653564453125,0.943115234375,0.20819091796875,-0.02838134765625,-0.257568359375,0.990478515625,0.1219482421875,0.05975341796875,0.02081298828125,0.958740234375,0.0985107421875,0.02301025390625,0.265625,0.98260498046875,-0.08119655851536371,-0.07909441791649248,0.146728515625,0.9875218828386287,-0.15239764057274247,0.0191650390625,0.03366446096362876
13,0.9813232421875,-0.11273193359375,0.07452392578125,0.13653564453125,0.94305419921875,0.20843505859375,-0.02838134765625,-0.25750732421875,0.990478515625,0.12201193104619565,0.059785262398097824,0.020844832710597828,0.95867919921875,0.09857177734375,0.0230712890625,0.265625,0.98260498046875,-0.08111572265625,-0.07904052734375,0.146728515625,0.987548828125,-0.15234375,0.0191650390625,0.03369140625
14,0.9813232421875,-0.11273193359375,0.07464599609375,0.136474609375,0.94305419921875,0.20843505859375,-0.02850341796875,-0.2574462890625,0.990478515625,0.12200927734375,0.0596923828125,0.02093505859375,0.95867919921875,0.0985107421875,0.02294921875,0.26568603515625,0.98260498046875,-0.08111755983486622,-0.0791329986674331,0.14675995179243312,0.987548828125,-0.15237518616743312,0.01904296875,0.03369140625
15,0.9813232421875,-0.11273193359375,0.07464599609375,0.136474609375,0.94317626953125,0.2083740234375,-0.02838134765625,-0.2572021484375,0.990478515625,0.12200927734375,0.059747089909071904,0.020907705045464048,0.95867919921875,0.0986328125,0.02301025390625,0.26568603515625,0.98260498046875,-0.0810546875,-0.0791015625,0.146728515625,0.987548828125,-0.15234375,0.01904296875,0.03369140625
16,0.9813232421875,-0.11285400390625,0.07464599609375,0.136474609375,0.943115234375,0.20849609375,-0.0283203125,-0.2572021484375,0.990478515625,0.1220703125,0.059814453125,0.0208740234375,0.95867919921875,0.0987548828125,0.02294921875,0.2657470703125,0.982666015625,-0.0809326171875,-0.07916259765625,0.146728515625,0.987548828125,-0.1522216796875,0.019017860642244984,0.033727333298494984
17,0.9813232421875,-0.11276255323735368,0.07462313342652592,0.136474609375,0.9432601673547241,0.20840464308110368,-0.02813720703125,-0.25685880016722407,0.990478515625,0.1219559991638796,0.05986017845944816,0.0208740234375,0.95867919921875,0.09860239698735368,0.02293390892819816,0.26568603515625,0.9826431529577759,-0.08100120518917224,-0.07911687232180184,0.146728515625,0.987548828125,-0.15231313035639632,0.01900479626097408,0.03369140625
18,0.9813232421875,-0.11260986328125,0.0745849609375,0.136474609375,0.94329833984375,0.208251953125,-0.02813720703125,-0.25689697265625,0.990478515625,0.12176513671875,0.0599365234375,0.0208740234375,0.95867919921875,0.09844970703125,0.02301025390625,0.26568603515625,0.98260498046875,-0.08111572265625,-0.07901991011705685,0.146728515625,0.987548828125,-0.15240396863242056,0.019084203203386288,0.03369140625
19,0.9813416139736622,-0.11257311970892558,0.07460333272366221,0.136474609375,0.94329833984375,0.20833727986517558,-0.028033508504912208,-0.2567138671875,0.990478515625,0.12172839314642558,0.059973267009824416,0.0208740234375,0.958740234375,0.09839459167276338,0.0230712890625,0.265625,0.98260498046875,-0.08117083801473662,-0.0789794921875,0.146728515625,0.987548828125,-0.15231945841607442,0.019146667276337792,0.03367303446383779
20,0.98138427734375,-0.11248779296875,0.07464599609375,0.136474609375,0.94329833984375,0.208251953125,-0.028076171875,-0.2567138671875,0.990478515625,0.12164306640625,0.06005859375,0.0208740234375,0.958740234375,0.0982666015625,0.0230712890625,0.265625,0.9826211068143813,-0.08123432274247491,-0.07896336584186874,0.146728515625,0.987548828125,-0.15237253246498747,0.019120130251881272,0.033662623785012544
21,0.98138427734375,-0.11244615025344899,0.07470151971415134,0.13646072846989968,0.9432373046875,0.20846833193979933,-0.028375836120401336,-0.25682205659489965,0.990478515625,0.12201478887959866,0.059955915878449,0.020887904342600336,0.9586930801238503,0.09833314825459866,0.023043527252299332,0.26569991606135035,0.9826521347198997,-0.08111021112040134,-0.07896009974655101,0.14674239653010032,0.9875349472198997,-0.15233823846415134,0.019109515442098664,0.033738560501149664
22,0.98138427734375,-0.1123046875,0.07489013671875,0.13641357421875,0.9432373046875,0.2083740234375,-0.028564453125,-0.25677490234375,0.990478515625,0.121826171875,0.059814453125,0.02093505859375,0.958740234375,0.09814453125,0.02294921875,0.2657470703125,0.98260498046875,-0.08124065080215301,-0.0790782915708612,0.14678955078125,0.9874994284333194,-0.1524803136104724,0.018944169366638796,0.0337146771791388
23,0.98138427734375,-0.11226712740384615,0.07492769681490385,0.13641357421875,0.9432373046875,0.2085289588341346,-0.02855036808894231,-0.25682654747596156,0.9904268704927884,0.12215482271634615,0.05983792818509615,0.02099609375,0.9586885892427884,0.0982806865985577,0.022991473858173076,0.26573768028846156,0.98260498046875,-0.0810406024639423,-0.07900766225961539,0.14678955078125,0.9875394381009616,-0.15232027493990385,0.019014798677884612,0.03379469651442307
24,0.98138427734375,-0.112060546875,0.07513427734375,0.13641357421875,0.9432373046875,0.2083740234375,-0.02880859375,-0.25677490234375,0.990478515625,0.1219482421875,0.05963134765625,0.02099609375,0.958740234375,0.0980224609375,0.02288818359375,0.26568603515625,0.98260498046875,-0.08127739437447742,-0.07916259765625,0.14678955078125,0.9874949375522575,-0.15251256630173496,0.018867007864757524,0.03369855083350753
25,0.98138427734375,-0.11203605116011706,0.07512937820077341,0.13641847336172658,0.9432422038304766,0.20847159803511706,-0.02886962890625,-0.25672366547345316,0.990478515625,0.12198478162886706,0.059702181098453176,0.02098629546404682,0.958740234375,0.09812493467809365,0.023024951335179768,0.2657421711695234,0.98260498046875,-0.08113531922815635,-0.07914790022732024,0.14678465163827342,0.9875439289820234,-0.15242928087113294,0.01893069672345318,0.03374754226327341
26,0.98138427734375,-0.11175537109375,0.0750732421875,0.136474609375,0.94329833984375,0.20819091796875,-0.02886962890625,-0.2568359375,0.990478515625,0.1217041015625,0.059814453125,0.0208740234375,0.958740234375,0.097900390625,0.023193359375,0.26568603515625,0.98260498046875,-0.08135720957880435,-0.07897683848505435,0.146728515625,0.98748779296875,-0.15270730723505435,0.019040315047554348,0.033688752547554345
27,0.9813846856056647,-0.11175373804609114,0.07507242566367056,0.136474609375,0.9432377129494147,0.20837239038984112,-0.029052326113085284,-0.25677490234375,0.99053955078125,0.12164143335859114,0.05987671306699415,0.02081298828125,0.95880126953125,0.09777709552675586,0.023194992422658864,0.2656856268943353,0.98260498046875,-0.08130005291074414,-0.07891723224550586,0.14672892388691472,0.9874873847068353,-0.15265015056699416,0.018983158379494148,0.03363037109375
28,0.9814453125,-0.11151123046875,0.074951171875,0.136474609375,0.94329833984375,0.2081298828125,-0.02899169921875,-0.25677490234375,0.99053955078125,0.12139892578125,0.06005859375,0.02081298828125,0.95880126953125,0.09759521484375,0.0234375,0.265625,0.98260498046875,-0.08148193359375,-0.0787353515625,0.14678955078125,0.9874267578125,-0.15283203125,0.0191650390625,0.03363037109375
29,0.9814453125,-0.11151123046875,0.074951171875,0.136474609375,0.9432413873066472,0.2082437878867057,-0.02927646190426422,-0.25683185488085286,0.99053955078125,0.12145587831835285,0.06011554628710285,0.02081298828125,0.95880126953125,0.09759521484375,0.02337646484375,0.265625,0.982666015625,-0.081298828125,-0.07861328125,0.146728515625,0.9874267578125,-0.15283203125,0.0191650390625,0.03363037109375
30,0.98150634765625,-0.11126708984375,0.0748291015625,0.13641357421875,0.94329833984375,0.2080078125,-0.02923583984375,-0.25677490234375,0.99053955078125,0.1212158203125,0.06024169921875,0.02081298828125,0.95880126953125,0.097412109375,0.02362060546875,0.26568603515625,0.98260498046875,-0.08148193359375,-0.0784912109375,0.1468505859375,0.9874267578125,-0.153076171875,0.01934814453125,0.03369140625
31,0.98150634765625,-0.11126708984375,0.0748291015625,0.13641357421875,0.943245878187709,0.2081651974681229,-0.02939322481187291,-0.25682736399979095,0.99053955078125,0.12137320528062291,0.06024169921875,0.02086544993729097,0.95880126953125,0.09747314453125,0.023681640625,0.26568603515625,0.982666015625,-0.08135986328125,-0.078369140625,0.1468505859375,0.9874267578125,-0.15289306640625,0.01947021484375,0.0338134765625
32,0.98150634765625,-0.111083984375,0.0748291015625,0.1363525390625,0.94329833984375,0.2080078125,-0.0294189453125,-0.25677490234375,0.99053955078125,0.1212158203125,0.06024169921875,0.0208740234375,0.95880126953125,0.0972900390625,0.02374267578125,0.2657470703125,0.98260498046875,-0.08154296875,-0.07830810546875,0.14691162109375,0.9874267578125,-0.153076171875,0.01947021484375,0.03387451171875
33,0.98150634765625,-0.111083984375,0.0748291015625,0.1363525390625,0.9432503690687709,0.20819969559991638,-0.029466916087479096,-0.25677490234375,0.99053955078125,0.12131176186245819,0.060289669993729096,0.020921994212479096,0.958740234375,0.09747314453125,0.0238037109375,0.2657470703125,0.982666015625,-0.08135986328125,-0.0782470703125,0.14691162109375,0.9874267578125,-0.1529541015625,0.01953125,0.033935546875
34,0.98150634765625,-0.1109619140625,0.074951171875,0.1363525390625,0.94329833984375,0.20819091796875,-0.02960205078125,-0.25677490234375,0.99053955078125,0.1212158203125,0.0601806640625,0.0208740234375,0.95880126953125,0.09735107421875,0.02374267578125,0.2657470703125,0.982666015625,-0.08148193359375,-0.07830810546875,0.1468505859375,0.9874267578125,-0.153076171875,0.0194091796875,0.03387451171875
35,0.98150634765625,-0.1109619140625,0.074951171875,0.1363525390625,0.9432548599498328,0.20832135765050167,-0.029645530675167224,-0.25677490234375,0.99053955078125,0.1212158203125,0.06031110374425167,0.020917503331417224,0.95880126953125,0.097412109375,0.02374267578125,0.2657470703125,0.982666015625,-0.08135986328125,-0.0782470703125,0.1468505859375,0.9874267578125,-0.1529541015625,0.01953125,0.03399658203125
36,0.98150634765625,-0.11114501953125,0.07501220703125,0.13629150390625,0.9432373046875,0.20855712890625,-0.0296630859375,-0.25665283203125,0.99053955078125,0.12139892578125,0.060302734375,0.02099609375,0.958740234375,0.0975341796875,0.02362060546875,0.26580810546875,0.982666015625,-0.0811767578125,-0.078369140625,0.14691162109375,0.9874267578125,-0.15277099609375,0.0194091796875,0.03399658203125
37,0.98150634765625,-0.11114501953125,0.07501220703125,0.13629150390625,0.9432373046875,0.20855712890625,-0.0296630859375,-0.25665283203125,0.99053955078125,0.12139892578125,0.060302734375,0.02099609375,0.958740234375,0.09747314453125,0.023681640625,0.2657470703125,0.982666015625,-0.08123779296875,-0.07830810546875,0.14691162109375,0.9874267578125,-0.15277099609375,0.01934814453125,0.033935546875
38,0.98150634765625,-0.111328125,0.07489013671875,0.13629150390625,0.94317626953125,0.2088623046875,-0.029541015625,-0.25653076171875,0.990478515625,0.12139892578125,0.0604248046875,0.02093505859375,0.958740234375,0.09771728515625,0.023681640625,0.26580810546875,0.982666015625,-0.0810546875,-0.0782470703125,0.14691162109375,0.98748779296875,-0.152587890625,0.0194091796875,0.03399658203125
39,0.98150634765625,-0.111328125,0.07489013671875,0.13629150390625,0.94317626953125,0.2088623046875,-0.029541015625,-0.25653076171875,0.990478515625,0.12139892578125,0.0604248046875,0.02093505859375,0.958740234375,0.09759521484375,0.02362060546875,0.2657470703125,0.982666015625,-0.0810546875,-0.0782470703125,0.1468505859375,0.98748779296875,-0.15264892578125,0.01934814453125,0.03387451171875
40,0.98150634765625,-0.111328125,0.07476806640625,0.13629150390625,0.94317626953125,0.20904541015625,-0.02960205078125,-0.2564697265625,0.990478515625,0.1214599609375,0.060546875,0.02093505859375,0.958740234375,0.09759521484375,0.02374267578125,0.2657470703125,0.982666015625,-0.08099365234375,-0.078125,0.14691162109375,0.98748779296875,-0.15264892578125,0.01947021484375,0.03387451171875
41,0.98150634765625,-0.111328125,0.07476806640625,0.13629150390625,0.94317626953125,0.20904541015625,-0.02960205078125,-0.2564697265625,0.990478515625,0.1214599609375,0.060546875,0.02093505859375,0.958740234375,0.0975341796875,0.023681640625,0.2657470703125,0.982666015625,-0.0809326171875,-0.078125,0.14691162109375,0.98748779296875,-0.152587890625,0.01947021484375,0.03387451171875
42,0.98150634765625,-0.1114501953125,0.07489013671875,0.13623046875,0.943115234375,0.2093505859375,-0.0299072265625,-0.2564697265625,0.990478515625,0.1217041015625,0.06036376953125,0.02105712890625,0.958740234375,0.09759521484375,0.0235595703125,0.26580810546875,0.982666015625,-0.08087158203125,-0.07830810546875,0.14691162109375,0.98748779296875,-0.1524658203125,0.019287109375,0.033935546875
43,0.98150634765625,-0.1114501953125,0.07489013671875,0.13623046875,0.943115234375,0.2093505859375,-0.0299072265625,-0.2564697265625,0.990478515625,0.1217041015625,0.06036376953125,0.02105712890625,0.958740234375,0.0977783203125,0.0235595703125,0.26580810546875,0.982666015625,-0.08074951171875,-0.07830810546875,0.14691162109375,0.987548828125,-0.15234375,0.0194091796875,0.033935546875
44,0.9814453125,-0.111572265625,0.0750732421875,0.13623046875,0.9429931640625,0.209716796875,-0.030029296875,-0.256591796875,0.99041748046875,0.12200927734375,0.0601806640625,0.02105712890625,0.958740234375,0.09783935546875,0.02337646484375,0.26580810546875,0.982666015625,-0.0806884765625,-0.07855224609375,0.14691162109375,0.987548828125,-0.1522216796875,0.0191650390625,0.03387451171875
45,0.9814453125,-0.111572265625,0.0750732421875,0.13623046875,0.9429931640625,0.209716796875,-0.030029296875,-0.256591796875,0.99041748046875,0.12200927734375,0.0601806640625,0.02105712890625,0.95867919921875,0.0980224609375,0.02337646484375,0.265869140625,0.98272705078125,-0.08050537109375,-0.0784912109375,0.14691162109375,0.987548828125,-0.15203857421875,0.01922607421875,0.033935546875
46,0.9814453125,-0.1114501953125,0.07525634765625,0.13616943359375,0.94293212890625,0.2098388671875,-0.0302734375,-0.25665283203125,0.99041748046875,0.1220703125,0.05999755859375,0.0211181640625,0.95867919921875,0.09787691556490385,0.02325439453125,0.26593017578125,0.982666015625,-0.08062744140625,-0.07861328125,0.14697265625,0.987548828125,-0.1522216796875,0.01904296875,0.033935546875
47,0.9814453125,-0.1114501953125,0.07525634765625,0.13616943359375,0.94293212890625,0.2098388671875,-0.0302734375,-0.25665283203125,0.99041748046875,0.1220703125,0.05999755859375,0.0211181640625,0.95867919921875,0.09796142578125,0.02325439453125,0.26593017578125,0.98272705078125,-0.08038330078125,-0.07861328125,0.14691162109375,0.987548828125,-0.1519775390625,0.01922607421875,0.03399658203125
48,0.98150634765625,-0.111328125,0.07525634765625,0.13616943359375,0.94287109375,0.20989990234375,-0.030517578125,-0.25677490234375,0.99041748046875,0.12200927734375,0.0601806640625,0.0211181640625,0.95867919921875,0.09785364463576506,0.023329718854515052,0.26593017578125,0.982666015625,-0.08050537109375,-0.07855224609375,0.14691162109375,0.987548828125,-0.152099609375,0.01922607421875,0.03399658203125
49,0.98150634765625,-0.111328125,0.07525634765625,0.13616943359375,0.94287109375,0.20989990234375,-0.030517578125,-0.25677490234375,0.99041748046875,0.12200927734375,0.0601806640625,0.0211181640625,0.95867919921875,0.097900390625,0.02337646484375,0.26593017578125,0.98272705078125,-0.080322265625,-0.0784912109375,0.14691162109375,0.98760986328125,-0.15191650390625,0.01934814453125,0.0340576171875
50,0.98150634765625,-0.11102294921875,0.0751953125,0.1361083984375,0.94281005859375,0.20989990234375,-0.03082275390625,-0.25689697265625,0.990478515625,0.121826171875,0.0601806640625,0.02117919921875,0.95867919921875,0.09769544314381272,0.02354977202654682,0.26593997406720316,0.982666015625,-0.08056640625,-0.078369140625,0.14697265625,0.987548828125,-0.1522216796875,0.0194091796875,0.0340576171875
51,0.98150634765625,-0.11102294921875,0.0751953125,0.1361083984375,0.94281005859375,0.20989990234375,-0.03082275390625,-0.25689697265625,0.990478515625,0.121826171875,0.0601806640625,0.02117919921875,0.95867919921875,0.097900390625,0.02349853515625,0.2659912109375,0.98272705078125,-0.080322265625,-0.078369140625,0.14703369140625,0.987548828125,-0.15203857421875,0.01947021484375,0.03411865234375
52,0.9815673828125,-0.1107177734375,0.0753173828125,0.1361083984375,0.94281005859375,0.209716796875,-0.0311279296875,-0.257080078125,0.990478515625,0.121826171875,0.06005859375,0.0211181640625,0.95867919921875,0.09755540930706522,0.023509149966032608,0.2659965183423913,0.982666015625,-0.0806884765625,-0.07843017578125,0.14703369140625,0.98748779296875,-0.15234375,0.0194091796875,0.0340576171875
53,0.9815673828125,-0.1107177734375,0.0753173828125,0.1361083984375,0.94281005859375,0.209716796875,-0.0311279296875,-0.257080078125,0.990478515625,0.121826171875,0.06005859375,0.0211181640625,0.95867919921875,0.0977783203125,0.02362060546875,0.26605224609375,0.98272705078125,-0.0804443359375,-0.0782470703125,0.14703369140625,0.987548828125,-0.152099609375,0.01953125,0.0340576171875
54,0.9815673828125,-0.1104736328125,0.07537841796875,0.1361083984375,0.9427490234375,0.209716796875,-0.0313720703125,-0.25726318359375,0.990478515625,0.12176513671875,0.06005859375,0.0211181640625,0.95867919921875,0.09753499621132944,0.023681640625,0.2659912109375,0.982666015625,-0.0806884765625,-0.0782470703125,0.14703369140625,0.98748779296875,-0.15234375,0.01953125,0.0340576171875
55,0.9815673828125,-0.1104736328125,0.07537841796875,0.1361083984375,0.9427490234375,0.209716796875,-0.0313720703125,-0.25726318359375,0.990478515625,0.12176513671875,0.06005859375,0.0211181640625,0.95867919921875,0.09759521484375,0.023681640625,0.2659912109375,0.98272705078125,-0.08050537109375,-0.0782470703125,0.14697265625,0.98748779296875,-0.15228414376045152,0.01953125,0.0340576171875
56,0.98162841796875,-0.11029052734375,0.07513427734375,0.1361083984375,0.94268798828125,0.209716796875,-0.0313720703125,-0.25738525390625,0.990478515625,0.12164306640625,0.06036376953125,0.0211181640625,0.95867919921875,0.09747314453125,0.02398681640625,0.2659912109375,0.98272705078125,-0.08062744140625,-0.0780029296875,0.14703369140625,0.98748779296875,-0.1524658203125,0.019775390625,0.03411865234375
57,0.98162841796875,-0.11029052734375,0.07513427734375,0.1361083984375,0.94268798828125,0.209716796875,-0.0313720703125,-0.25738525390625,0.990478515625,0.12164306640625,0.06036376953125,0.0211181640625,0.95867919921875,0.09747314453125,0.02392578125,0.26593017578125,0.98272705078125,-0.08062744140625,-0.07806396484375,0.14697265625,0.98748779296875,-0.1524658203125,0.01972027526651338,0.03400842162677676
58,0.98162841796875,-0.110107421875,0.07489013671875,0.13616943359375,0.9427490234375,0.2095947265625,-0.03118896484375,-0.25738525390625,0.990478515625,0.121337890625,0.0606689453125,0.02093505859375,0.958740234375,0.09735923945704432,0.024283826949205688,0.26581627070704433,0.98272705078125,-0.08074951171875,-0.0777587890625,0.14697265625,0.98748779296875,-0.152587890625,0.02001953125,0.03399658203125
59,0.98162841796875,-0.110107421875,0.07489013671875,0.13616943359375,0.9427490234375,0.2095947265625,-0.03118896484375,-0.25738525390625,0.990478515625,0.121337890625,0.0606689453125,0.02093505859375,0.958740234375,0.09735107421875,0.0242919921875,0.26580810546875,0.98272705078125,-0.08074951171875,-0.0777587890625,0.14691162109375,0.98748779296875,-0.152587890625,0.01996890677257525,0.03394595755382525
60,0.981689453125,-0.1099853515625,0.07470703125,0.13623046875,0.9427490234375,0.20965576171875,-0.03106689453125,-0.25738525390625,0.990478515625,0.121337890625,0.0609130859375,0.0208740234375,0.95880126953125,0.0972900390625,0.02447509765625,0.2657470703125,0.98272705078125,-0.080810546875,-0.0775146484375,0.1468505859375,0.9874267578125,-0.15264892578125,0.0201416015625,0.033935546875
61,0.981689453125,-0.1099853515625,0.07470703125,0.13623046875,0.9427490234375,0.20965576171875,-0.03106689453125,-0.25738525390625,0.990478515625,0.121337890625,0.0609130859375,0.0208740234375,0.95880126953125,0.0972900390625,0.02447509765625,0.2657470703125,0.98272705078125,-0.08085668047136288,-0.0775146484375,0.1468505859375,0.9874267578125,-0.15269505937761288,0.020187735158862876,0.03388941327863712
62,0.981689453125,-0.110107421875,0.07464599609375,0.13623046875,0.94268798828125,0.2099609375,-0.03094482421875,-0.25738525390625,0.990478515625,0.1214599609375,0.06103515625,0.0208740234375,0.958740234375,0.09732433306333611,0.02451898581208194,0.2657470703125,0.9827880859375,-0.08074951171875,-0.0775146484375,0.14691162109375,0.98748779296875,-0.152587890625,0.02020263671875,0.03387451171875
63,0.981689453125,-0.110107421875,0.07464599609375,0.13623046875,0.94268798828125,0.2099609375,-0.03094482421875,-0.25738525390625,0.990478515625,0.1214599609375,0.06103515625,0.0208740234375,0.958740234375,0.0972900390625,0.0245361328125,0.2657470703125,0.9827880859375,-0.08070786900344899,-0.07755629115280101,0.146869978378449,0.987446150253449,-0.15267117605560201,0.020160994003448996,0.03383286900344899
64,0.98162841796875,-0.1102294921875,0.0745849609375,0.13623046875,0.942626953125,0.21014404296875,-0.03076171875,-0.25732421875,0.990478515625,0.12152099609375,0.0611572265625,0.0208740234375,0.9587796316497701,0.097412109375,0.0245361328125,0.2657076730377299,0.9827880859375,-0.08050537109375,-0.0775146484375,0.1468505859375,0.98748779296875,-0.152587890625,0.0201416015625,0.0338134765625
65,0.98162841796875,-0.1102294921875,0.0745849609375,0.13623046875,0.942626953125,0.21014404296875,-0.03076171875,-0.25732421875,0.990478515625,0.12152099609375,0.0611572265625,0.0208740234375,0.95880126953125,0.097412109375,0.0245361328125,0.26568603515625,0.9827880859375,-0.08057967476222826,-0.0775146484375,0.14681343410326086,0.98748779296875,-0.15262504245923914,0.020104449728260868,0.033739172894021736
66,0.98162841796875,-0.1103515625,0.07452392578125,0.13623046875,0.942626953125,0.21044921875,-0.0306396484375,-0.2572021484375,0.990478515625,0.1214599609375,0.0611572265625,0.0208740234375,0.958740234375,0.0975341796875,0.024501226418791804,0.26568603515625,0.9827880859375,-0.08050537109375,-0.0775146484375,0.1468505859375,0.98748779296875,-0.15252685546875,0.02008056640625,0.03375244140625
67,0.98162841796875,-0.1103515625,0.07452392578125,0.13623046875,0.942626953125,0.21044921875,-0.0306396484375,-0.2572021484375,0.990478515625,0.1214599609375,0.0611572265625,0.0208740234375,0.958740234375,0.0975341796875,0.02447509765625,0.26568603515625,0.9827880859375,-0.08050537109375,-0.07754730939067726,0.14678526403114547,0.9874551320155728,-0.15265749928145902,0.020015244499895484,0.03368711949989549
68,0.98162841796875,-0.11041259765625,0.074462890625,0.13623046875,0.94256591796875,0.2105712890625,-0.030517578125,-0.2572021484375,0.990478515625,0.1214599609375,0.0611572265625,0.0208740234375,0.958740234375,0.0975341796875,0.02447509765625,0.26568603515625,0.9827880859375,-0.0804443359375,-0.07757568359375,0.14678955078125,0.98748779296875,-0.15264892578125,0.02001953125,0.03363037109375
69,0.98162841796875,-0.11041259765625,0.074462890625,0.13623046875,0.94256591796875,0.2105712890625,-0.030517578125,-0.2572021484375,0.990478515625,0.1214599609375,0.0611572265625,0.0208740234375,0.958740234375,0.0975341796875,0.02447509765625,0.26568603515625,0.9827880859375,-0.0804443359375,-0.07760385366586539,0.1467613807091346,0.9874596228966346,-0.15270526592548078,0.019991361177884616,0.03363037109375
70,0.98162841796875,-0.110595703125,0.07452392578125,0.13616943359375,0.94256591796875,0.210693359375,-0.03045654296875,-0.2572021484375,0.99041748046875,0.1217041015625,0.06109619140625,0.02093505859375,0.958740234375,0.09759521484375,0.02435302734375,0.2657470703125,0.9827880859375,-0.080322265625,-0.0777587890625,0.14678955078125,0.98748779296875,-0.152587890625,0.01983642578125,0.03369140625
71,0.98162841796875,-0.110595703125,0.07452392578125,0.13616943359375,0.94256591796875,0.210693359375,-0.03045654296875,-0.2572021484375,0.99041748046875,0.1217041015625,0.06109619140625,0.02093505859375,0.958740234375,0.09759521484375,0.02435302734375,0.2657470703125,0.9827880859375,-0.08034594481605352,-0.0777587890625,0.14678955078125,0.98748779296875,-0.1526115698160535,0.019812746590196488,0.03366772705894649
72,0.98162841796875,-0.11077880859375,0.0745849609375,0.13616943359375,0.9425048828125,0.21099853515625,-0.03045654296875,-0.257080078125,0.99041748046875,0.121826171875,0.06109619140625,0.02099609375,0.958740234375,0.09765625,0.02423095703125,0.26568603515625,0.9827880859375,-0.0802001953125,-0.07781982421875,0.14678955078125,0.98748779296875,-0.1524658203125,0.01971435546875,0.03363037109375
73,0.98162841796875,-0.11077880859375,0.0745849609375,0.13616943359375,0.9425048828125,0.21099853515625,-0.03045654296875,-0.257080078125,0.99041748046875,0.121826171875,0.06109619140625,0.02099609375,0.958740234375,0.09765625,0.02423095703125,0.26568603515625,0.9827880859375,-0.08021938362249163,-0.07783901252874163,0.14678955078125,0.98748779296875,-0.15250419693248327,0.01969516715875836,0.03361118278375836
74,0.98162841796875,-0.11083984375,0.07452392578125,0.13616943359375,0.94256591796875,0.21099853515625,-0.0302734375,-0.2569580078125,0.99041748046875,0.12176513671875,0.06121826171875,0.02099609375,0.95880126953125,0.0975341796875,0.02423095703125,0.26568603515625,0.9827880859375,-0.0802001953125,-0.077880859375,0.14678955078125,0.98748779296875,-0.15252685546875,0.01971435546875,0.0335693359375
75,0.98162841796875,-0.11083984375,0.07452392578125,0.13616943359375,0.94256591796875,0.21099853515625,-0.0302734375,-0.2569580078125,0.99041748046875,0.12176513671875,0.06121826171875,0.02099609375,0.95880126953125,0.0975341796875,0.02423095703125,0.26568603515625,0.9827880859375,-0.08021489274142976,-0.077880859375,0.14677485335232024,0.98748779296875,-0.15254155289767976,0.019684960610890468,0.0335693359375
76,0.9815673828125,-0.11090087890625,0.07452392578125,0.13616943359375,0.94256591796875,0.211181640625,-0.03021240234375,-0.25689697265625,0.99041748046875,0.12176513671875,0.06121826171875,0.02099609375,0.958740234375,0.09759521484375,0.024169921875,0.26568603515625,0.9827880859375,-0.0802001953125,-0.07794189453125,0.14666748046875,0.98748779296875,-0.15252685546875,0.01959228515625,0.0335693359375
77,0.9815673828125,-0.11090087890625,0.07452392578125,0.13616943359375,0.94256591796875,0.211181640625,-0.03021240234375,-0.25689697265625,0.99041748046875,0.12176513671875,0.06121826171875,0.02099609375,0.958740234375,0.09759521484375,0.024169921875,0.26568603515625,0.9827880859375,-0.08017978221676421,-0.07794189453125,0.14666748046875,0.98748779296875,-0.15252685546875,0.01959228515625,0.033559129389632104
78,0.9815673828125,-0.11090087890625,0.0745849609375,0.13623046875,0.9425048828125,0.21136474609375,-0.03033447265625,-0.2569580078125,0.99041748046875,0.12176513671875,0.06121826171875,0.02093505859375,0.95880126953125,0.0975341796875,0.02410888671875,0.265625,0.9827880859375,-0.080078125,-0.0780029296875,0.1466064453125,0.98748779296875,-0.15252685546875,0.01953125,0.033447265625
79,0.9815673828125,-0.11090087890625,0.0745849609375,0.13623046875,0.9425048828125,0.21136474609375,-0.03033447265625,-0.2569580078125,0.99041748046875,0.12176513671875,0.06121826171875,0.02093505859375,0.95880126953125,0.0975341796875,0.02410888671875,0.265625,0.9827880859375,-0.08008384066680602,-0.0780029296875,0.14660072964569398,0.98748779296875,-0.15253257113555602,0.01952553433319398,0.03343583429138796
80,0.9815673828125,-0.1109619140625,0.0745849609375,0.13623046875,0.94244384765625,0.21160888671875,-0.0303955078125,-0.25689697265625,0.99041748046875,0.12176513671875,0.0611572265625,0.0208740234375,0.95880126953125,0.0975341796875,0.0240478515625,0.26556396484375,0.98284912109375,-0.080078125,-0.07806396484375,0.14654541015625,0.98748779296875,-0.152587890625,0.01947021484375,0.0333251953125
81,0.9815673828125,-0.1109619140625,0.0745849609375,0.13623046875,0.94244384765625,0.21160888671875,-0.0303955078125,-0.25689697265625,0.99041748046875,0.12176513671875,0.0611572265625,0.0208740234375,0.95880126953125,0.0975341796875,0.0240478515625,0.26556396484375,0.9828478963080058,-0.0800805745714883,-0.07806396484375,0.14654541015625,0.98748779296875,-0.1525903401964883,0.019467765272261704,0.03332397052675585
82,0.9815673828125,-0.11090087890625,0.07440185546875,0.13629150390625,0.94244384765625,0.21166788056542643,-0.030152387842286788,-0.25683899946436034,0.99041748046875,0.12164306640625,0.0614013671875,0.02081298828125,0.9588612840327132,0.09735515683789715,0.024231977686036788,0.2654429151860368,0.98284912109375,-0.0802001953125,-0.077880859375,0.146484375,0.98748779296875,-0.1527099609375,0.01953125,0.03326416015625
83,0.9815673828125,-0.11090087890625,0.07440185546875,0.13629150390625,0.94244384765625,0.211669921875,-0.0301513671875,-0.2568359375,0.99041748046875,0.12164306640625,0.0614013671875,0.02081298828125,0.9588623046875,0.09735107421875,0.02423095703125,0.26544189453125,0.98284912109375,-0.0802001953125,-0.077880859375,0.146484375,0.98748779296875,-0.1527099609375,0.01953125,0.03326416015625
84,0.98162841796875,-0.11083984375,0.07421875,0.13629150390625,0.9425048828125,0.21160337518290134,-0.029973773254598664,-0.2567859254154473,0.99041748046875,0.12139892578125,0.06170654296875,0.02081298828125,0.9588623046875,0.09724002697794733,0.0244140625,0.26544189453125,0.98284912109375,-0.080322265625,-0.0777587890625,0.146484375,0.9874267578125,-0.15289306640625,0.01971435546875,0.033203125
85,0.98162841796875,-0.11083984375,0.07421875,0.13629150390625,0.9425048828125,0.21160888671875,-0.02996826171875,-0.25677490234375,0.99041748046875,0.12139892578125,0.06170654296875,0.02081298828125,0.9588623046875,0.09722900390625,0.0244140625,0.26544189453125,0.98284912109375,-0.080322265625,-0.0777587890625,0.146484375,0.9874267578125,-0.15289306640625,0.01971435546875,0.033203125
86,0.98162841796875,-0.1107177734375,0.07415771484375,0.13629150390625,0.9425048828125,0.21169094736360786,-0.030009292041178928,-0.25677490234375,0.990478515625,0.1212158203125,0.061767578125,0.02069091796875,0.9589133374268395,0.0969538353757316,0.024526130395589464,0.2653908617919105,0.98284912109375,-0.08050537109375,-0.07769775390625,0.146484375,0.9874267578125,-0.153076171875,0.01971435546875,0.033203125
87,0.98162841796875,-0.1107177734375,0.07415771484375,0.13629150390625,0.9425048828125,0.21173095703125,-0.030029296875,-0.25677490234375,0.990478515625,0.1212158203125,0.061767578125,0.02069091796875,0.95892333984375,0.096923828125,0.0245361328125,0.265380859375,0.98284912109375,-0.08050537109375,-0.07769775390625,0.146484375,0.9874267578125,-0.153076171875,0.01971435546875,0.033203125
88,0.98162841796875,-0.11065673828125,0.0743408203125,0.1363525390625,0.94244384765625,0.21176300559155517,-0.030072776768917227,-0.25682144420202757,0.99041748046875,0.12127685546875,0.0616455078125,0.020751953125,0.95892333984375,0.09690933482702759,0.024399569202027592,0.26536636607702757,0.98284912109375,-0.08050537109375,-0.07781982421875,0.14642333984375,0.9874267578125,-0.15301513671875,0.01953125,0.03314208984375
89,0.98162841796875,-0.11065673828125,0.0743408203125,0.1363525390625,0.94244384765625,0.2117919921875,-0.030029296875,-0.2568359375,0.99041748046875,0.12127685546875,0.0616455078125,0.020751953125,0.95892333984375,0.096923828125,0.0244140625,0.265380859375,0.98284912109375,-0.08050537109375,-0.07781982421875,0.14642333984375,0.9874267578125,-0.15301513671875,0.01953125,0.03314208984375
90,0.98162841796875,-0.1107177734375,0.07440185546875,0.1363525390625,0.9424017966790342,0.21197918027539717,-0.03009033203125,-0.2567938865227843,0.99041748046875,0.12139892578125,0.06170654296875,0.020751953125,0.95892333984375,0.096923828125,0.0244140625,0.265380859375,0.98284912109375,-0.08038330078125,-0.077880859375,0.14642333984375,0.9874267578125,-0.1529541015625,0.01947021484375,0.0330810546875
91,0.98162841796875,-0.1107177734375,0.07440185546875,0.1363525390625,0.9423828125,0.2120361328125,-0.03009033203125,-0.25677490234375,0.99041748046875,0.12139892578125,0.06170654296875,0.020751953125,0.95892333984375,0.096923828125,0.0244140625,0.265380859375,0.98284912109375,-0.08038330078125,-0.077880859375,0.14642333984375,0.9874267578125,-0.1529541015625,0.01947021484375,0.0330810546875
92,0.98162841796875,-0.1107177734375,0.0743408203125,0.1363525390625,0.9423828125,0.2120361328125,-0.030029296875,-0.25677490234375,0.99041748046875,0.1213238055889423,0.06173001802884615,0.020714393028846152,0.95892333984375,0.0969097430889423,0.024437537560096152,0.26534329927884615,0.98284912109375,-0.0804443359375,-0.07781982421875,0.1463623046875,0.9874267578125,-0.1529541015625,0.01947021484375,0.0330810546875
93,0.98162841796875,-0.1107177734375,0.0743408203125,0.1363525390625,0.9423828125,0.21209716796875,-0.03021240234375,-0.25677490234375,0.99041748046875,0.12127685546875,0.06170654296875,0.02069091796875,0.95892333984375,0.09686279296875,0.0244140625,0.26531982421875,0.98284912109375,-0.0804443359375,-0.07781982421875,0.1463623046875,0.9874267578125,-0.1529541015625,0.01947021484375,0.0330810546875
94,0.98162841796875,-0.1107177734375,0.07427978515625,0.13629150390625,0.9423828125,0.21219637561402593,-0.030189539676525923,-0.2567138671875,0.99041748046875,0.12127685546875,0.061767578125,0.020751953125,0.95892333984375,0.09686279296875,0.024408959226066052,0.26531982421875,0.98284912109375,-0.0804443359375,-0.07781982421875,0.14642333984375,0.9874267578125,-0.153076171875,0.01947021484375,0.03314208984375
95,0.98162841796875,-0.1107177734375,0.07427978515625,0.13629150390625,0.9423828125,0.2122802734375,-0.0302734375,-0.2567138671875,0.99041748046875,0.12127685546875,0.061767578125,0.020751953125,0.95892333984375,0.09686279296875,0.02435302734375,0.26531982421875,0.98284912109375,-0.0804443359375,-0.07781982421875,0.14642333984375,0.9874267578125,-0.153076171875,0.01947021484375,0.03314208984375
96,0.98162841796875,-0.1107177734375,0.0743408203125,0.1363525390625,0.9423503556777801,0.2122516951034699,-0.03022015932012959,-0.2567177456756898,0.99041748046875,0.1212158203125,0.06182861328125,0.02069091796875,0.95892333984375,0.0968017578125,0.02435302734375,0.26531982421875,0.98284912109375,-0.08038330078125,-0.077880859375,0.1463623046875,0.9874267578125,-0.15301513671875,0.01953125,0.0330810546875
97,0.98162841796875,-0.1107177734375,0.0743408203125,0.1363525390625,0.9423828125,0.21221923828125,-0.03009033203125,-0.25665283203125,0.99041748046875,0.1212158203125,0.06182861328125,0.02069091796875,0.95892333984375,0.0968017578125,0.02435302734375,0.26531982421875,0.98284912109375,-0.08038330078125,-0.077880859375,0.1463623046875,0.9874267578125,-0.15301513671875,0.01953125,0.0330810546875
98,0.9815673828125,-0.11083984375,0.07440185546875,0.1363525390625,0.9423828125,0.21236539604671822,-0.0301513671875,-0.2566287445782818,0.99041748046875,0.1212158203125,0.06182861328125,0.02069091796875,0.95892333984375,0.09686279296875,0.02435302734375,0.26531982421875,0.98284912109375,-0.080322265625,-0.07794189453125,0.14630126953125,0.98748779296875,-0.15283203125,0.0194091796875,0.03302001953125
99,0.9815673828125,-0.11083984375,0.07440185546875,0.1363525390625,0.9423828125,0.21240234375,-0.0301513671875,-0.256591796875,0.99041748046875,0.1212158203125,0.06182861328125,0.02069091796875,0.95892333984375,0.09686279296875,0.02435302734375,0.26531982421875,0.98284912109375,-0.080322265625,-0.07794189453125,0.14630126953125,0.98748779296875,-0.15283203125,0.0194091796875,0.03302001953125
100,0.9815869793844063,-0.11080065060618728,0.07438225889684365,0.1363525390625,0.9423828125,0.2123631506061873,-0.030131770615593644,-0.256591796875,0.99041748046875,0.12117662716868728,0.06190699956887542,0.020671321396843644,0.95892333984375,0.09688238954065635,0.02439222048756271,0.26531982421875,0.98284912109375,-0.08023938845631272,-0.07790270138743728,0.1463623046875,0.9874681963968437,-0.1528101892375627,0.019489811415656356,0.03310065125940636
101,0.98162841796875,-0.1107177734375,0.0743408203125,0.1363525390625,0.9423828125,0.21246337890625,-0.03021240234375,-0.25653076171875,0.99041748046875,0.12109375,0.06207275390625,0.0206298828125,0.95892333984375,0.096923828125,0.02447509765625,0.26531982421875,0.98284912109375,-0.080322265625,-0.07781982421875,0.1463623046875,0.9874267578125,-0.15289306640625,0.01953125,0.03314208984375
102,0.98162841796875,-0.11073287912834448,0.07429550323996655,0.1363525390625,0.9423828125,0.21247848459709448,-0.030167085271216552,-0.25653076171875,0.99041748046875,0.12109375,0.06213317666962793,0.0206298828125,0.95892333984375,0.09693893381584448,0.024520414728783448,0.26531982421875,0.98284912109375,-0.08029205424331104,-0.07772857768081104,0.14637741037834448,0.98748779296875,-0.15280181986831104,0.019637602228783448,0.03315719553459448
103,0.98162841796875,-0.11077880859375,0.07415771484375,0.1363525390625,0.9423828125,0.2125244140625,-0.030029296875,-0.25640869140625,0.99041748046875,0.12109375,0.06231689453125,0.0206298828125,0.95892333984375,0.09698486328125,0.024658203125,0.26531982421875,0.98284912109375,-0.0802001953125,-0.07763671875,0.14642333984375,0.98748779296875,-0.1527099609375,0.019775390625,0.033203125
104,0.98162841796875,-0.11076819378396739,0.07414710003396739,0.13636315387228262,0.9423828125,0.21251379925271738,-0.030018682065217392,-0.2564193062160326,0.9904280952785326,0.12106190557065218,0.06231689453125,0.020608653192934784,0.9589339546535326,0.09696363366168478,0.024647588315217392,0.26529859459918476,0.9828597359035326,-0.08027184527853261,-0.07762610394021739,0.14630126953125,0.9874771781589674,-0.15289306640625,0.019613514775815216,0.03302001953125
105,0.98162841796875,-0.1107177734375,0.0740966796875,0.13641357421875,0.9423828125,0.21246337890625,-0.02996826171875,-0.25653076171875,0.990478515625,0.12091064453125,0.06231689453125,0.0205078125,0.958984375,0.09686279296875,0.02459716796875,0.26519775390625,0.98291015625,-0.080322265625,-0.07757568359375,0.14630126953125,0.9874267578125,-0.15289306640625,0.01971435546875,0.03302001953125
106,0.98162841796875,-0.110595703125,0.07427978515625,0.136474609375,0.9423828125,0.21240234375,-0.0301513671875,-0.256591796875,0.9904723916962792,0.12082531779107443,0.06219482421875,0.02044677734375,0.958984375,0.09674684658497074,0.02448122158497074,0.26508180752247074,0.98284912109375,-0.08050537109375,-0.0777587890625,0.14617919921875,0.98748779296875,-0.15289306640625,0.01959228515625,0.03289794921875
107,0.98162841796875,-0.110595703125,0.07427978515625,0.136474609375,0.94232177734375,0.21240234375,-0.0299072265625,-0.25665283203125,0.99041748046875,0.12115478515625,0.06219482421875,0.02044677734375,0.958984375,0.0968017578125,0.0245361328125,0.26513671875,0.98284912109375,-0.08050537109375,-0.0777587890625,0.14617919921875,0.98748779296875,-0.15289306640625,0.01959228515625,0.03289794921875
108,0.9815673828125,-0.11065673828125,0.07440185546875,0.136474609375,0.94232177734375,0.2125244140625,-0.030029296875,-0.25665283203125,0.99041748046875,0.12121745336015886,0.06207275390625,0.020448410391408864,0.958984375,0.09679849171718227,0.024415695547658864,0.2650773166414089,0.98284912109375,-0.08050537109375,-0.077880859375,0.1461181640625,0.98748779296875,-0.15289306640625,0.0194091796875,0.0328369140625
109,0.9815673828125,-0.11065673828125,0.07440185546875,0.136474609375,0.94232177734375,0.212646484375,-0.03009033203125,-0.25653076171875,0.99041748046875,0.12127685546875,0.06207275390625,0.0205078125,0.958984375,0.0966796875,0.02447509765625,0.26513671875,0.98284912109375,-0.08050537109375,-0.077880859375,0.1461181640625,0.98748779296875,-0.15289306640625,0.0194091796875,0.0328369140625
110,0.981625560135347,-0.11054038363555602,0.07428550082305602,0.136532786697847,0.94232177734375,0.21247195240645902,-0.02997397738555602,-0.256647116364444,0.99041748046875,0.12116050082305602,0.06224728587479097,0.02039145785430602,0.958984375,0.09662151017715301,0.02459145230194398,0.26507854142715304,0.98284912109375,-0.08073808038513797,-0.07776450472930602,0.1461181640625,0.987429615645903,-0.15300942105194398,0.01958371165604097,0.03277873673965301
111,0.98162841796875,-0.11053466796875,0.07427978515625,0.13653564453125,0.94232177734375,0.2125244140625,-0.02996826171875,-0.25665283203125,0.99041748046875,0.12103271484375,0.062255859375,0.02032470703125,0.95904541015625,0.096435546875,0.024658203125,0.2650146484375,0.98284912109375,-0.08074951171875,-0.0777587890625,0.1461181640625,0.9874267578125,-0.15301513671875,0.01959228515625,0.03277587890625
112,0.98162841796875,-0.11048098152696488,0.07422609871446488,0.1365893309730351,0.94232177734375,0.2124707276207149,-0.029914575276964884,-0.2567065184730351,0.9904711669105352,0.12103271484375,0.06230954581678512,0.020271020589464884,0.95904541015625,0.096435546875,0.024711889566785116,0.2649609619957149,0.98284912109375,-0.08069582527696488,-0.07765141617892976,0.1460644776207149,0.9874267578125,-0.1530688231605351,0.019645971598035116,0.03272219246446488
113,0.98162841796875,-0.1104736328125,0.07421875,0.1365966796875,0.9423828125,0.21246337890625,-0.02984619140625,-0.256591796875,0.990478515625,0.12091064453125,0.0625,0.020263671875,0.95904541015625,0.0963134765625,0.02484130859375,0.26495361328125,0.98284912109375,-0.0806884765625,-0.07763671875,0.14605712890625,0.9874267578125,-0.153076171875,0.0196533203125,0.03271484375
114,0.98162841796875,-0.11037524169105352,0.07416955443927675,0.1365966796875,0.9423828125,0.2123649877848035,-0.029796995845526756,-0.256591796875,0.990478515625,0.12081225340980352,0.06254919556072325,0.020263671875,0.9590946057169732,0.09621508544105352,0.024939699715196488,0.26495361328125,0.98284912109375,-0.08073767212322325,-0.07753832762855352,0.14605712890625,0.9874267578125,-0.1531745629964465,0.019751711433946488,0.03271484375
115,0.98162841796875,-0.1103515625,0.07415771484375,0.1365966796875,0.94232177734375,0.2125244140625,-0.02978515625,-0.25653076171875,0.990478515625,0.12066650390625,0.06268310546875,0.020263671875,0.9591064453125,0.09619140625,0.02496337890625,0.26495361328125,0.98284912109375,-0.08074951171875,-0.0775146484375,0.14605712890625,0.9874267578125,-0.1531982421875,0.019775390625,0.03271484375
116,0.98162841796875,-0.1103515625,0.07406830548442725,0.1365966796875,0.9423664820234113,0.2125244140625,-0.02969574689067725,-0.2565754663984114,0.990478515625,0.12071120858591138,0.06277251482807275,0.020263671875,0.9591064453125,0.09610199689067725,0.02505278826557275,0.26495361328125,0.9828938257734113,-0.08079421639841138,-0.07742523907817725,0.14610183358591136,0.9874267578125,-0.15310883282817725,0.01986479998432275,0.032759548429661375
117,0.98162841796875,-0.1103515625,0.07403564453125,0.1365966796875,0.94232177734375,0.212646484375,-0.02978515625,-0.25653076171875,0.990478515625,0.12066650390625,0.0628662109375,0.020263671875,0.9591064453125,0.0960693359375,0.02508544921875,0.26495361328125,0.98291015625,-0.080810546875,-0.077392578125,0.1461181640625,0.9874267578125,-0.153076171875,0.0198974609375,0.03277587890625
118,0.9816686317673495,-0.110271134902801,0.07391500313545149,0.1365966796875,0.9423619911423495,0.2125258429792015,-0.029664514854201497,-0.25653076171875,0.990478515625,0.120586076309051,0.06298685233329851,0.020263671875,0.9591064453125,0.0960291221389005,0.025246304413148006,0.26495361328125,0.98291015625,-0.080810546875,-0.07727193672920149,0.1460779502639005,0.9874267578125,-0.1531163856735995,0.020018102333298503,0.0328160927048495
119,0.981689453125,-0.1102294921875,0.0738525390625,0.1365966796875,0.9423828125,0.21258544921875,-0.02972412109375,-0.2564697265625,0.990478515625,0.120361328125,0.0631103515625,0.020263671875,0.9591064453125,0.09600830078125,0.02532958984375,0.26495361328125,0.98291015625,-0.080810546875,-0.07720947265625,0.14605712890625,0.9874267578125,-0.15313720703125,0.02008056640625,0.0328369140625
120,0.981689453125,-0.11026521510503763,0.07374537030988712,0.13656095676996238,0.9423828125,0.21262117213628762,-0.029616952341137117,-0.2564340036449624,0.990478515625,0.12043277396007525,0.06321752031511288,0.020299394792537628,0.9591064453125,0.09600830078125,0.025436758596362883,0.2649893361987876,0.98291015625,-0.08073910103992475,-0.07710230390363712,0.14612857474132526,0.9874267578125,-0.15313720703125,0.020152012241325255,0.032872636980037624
121,0.981689453125,-0.11029052734375,0.07366943359375,0.13653564453125,0.9423828125,0.21258544921875,-0.0296630859375,-0.25640869140625,0.990478515625,0.12030029296875,0.06329345703125,0.02020263671875,0.9591064453125,0.09600830078125,0.0255126953125,0.2650146484375,0.98291015625,-0.0806884765625,-0.0770263671875,0.14617919921875,0.9874267578125,-0.15313720703125,0.02020263671875,0.03289794921875
122,0.981689453125,-0.11029052734375,0.0736069695207985,0.13653564453125,0.9423828125,0.21258544921875,-0.029600621864548492,-0.25640869140625,0.990478515625,0.12030029296875,0.0633559211042015,0.02020263671875,0.9591064453125,0.0959458367082985,0.025575159385451508,0.26498341640102424,0.98291015625,-0.0806884765625,-0.07699513515102424,0.14617919921875,0.9874267578125,-0.15310597499477424,0.020327564864653015,0.03292918125522575
123,0.981689453125,-0.11029052734375,0.07354736328125,0.13653564453125,0.9423828125,0.21258544921875,-0.029541015625,-0.25640869140625,0.990478515625,0.12017822265625,0.0634765625,0.02020263671875,0.9591064453125,0.09588623046875,0.025634765625,0.26495361328125,0.98291015625,-0.0806884765625,-0.07696533203125,0.14617919921875,0.9874267578125,-0.153076171875,0.02044677734375,0.032958984375
124,0.981689453125,-0.11034400965457776,0.07357410443666389,0.13650890337583613,0.9423828125,0.21263893152957777,-0.029567756780413883,-0.2563819502508361,0.990478515625,0.12023170496707776,0.06344982134458611,0.020256119029577763,0.9590797041570861,0.09596645393499165,0.025661506780413883,0.26500709559207775,0.98291015625,-0.08063499425167224,-0.07696533203125,0.14620594037416387,0.9874267578125,-0.15299594840875835,0.020420036188336117,0.03301246668582777
125,0.981689453125,-0.11041259765625,0.0736083984375,0.136474609375,0.9423828125,0.21282958984375,-0.029541015625,-0.2562255859375,0.990478515625,0.1202392578125,0.0635986328125,0.02032470703125,0.95904541015625,0.0960693359375,0.02569580078125,0.26507568359375,0.98291015625,-0.08056640625,-0.07696533203125,0.146240234375,0.9874267578125,-0.15289306640625,0.0203857421875,0.0330810546875
126,0.981689453125,-0.11041259765625,0.0736083984375,0.136474609375,0.9423828125,0.21282958984375,-0.029541015625,-0.2562255859375,0.990478515625,0.1202392578125,0.0635986328125,0.02032470703125,0.95904541015625,0.09602483538879598,0.025718051055602008,0.26507568359375,0.98291015625,-0.08056640625,-0.07696533203125,0.146240234375,0.9874267578125,-0.15287081613189799,0.0203857421875,0.0330810546875
127,0.981689453125,-0.11041259765625,0.0736083984375,0.136474609375,0.9423828125,0.212890625,-0.02960205078125,-0.25616455078125,0.990478515625,0.1202392578125,0.0638427734375,0.020263671875,0.95904541015625,0.095947265625,0.0257568359375,0.26507568359375,0.98291015625,-0.08056640625,-0.07696533203125,0.146240234375,0.9874267578125,-0.15283203125,0.0203857421875,0.0330810546875
128,0.981689453125,-0.11043035704954013,0.07359063904420987,0.136474609375,0.9423828125,0.21290838439329013,-0.02956653199466973,-0.25616455078125,0.9904607562317098,0.12025701720579013,0.0638427734375,0.020281431268290136,0.95904541015625,0.095947265625,0.025774595330790136,0.26507568359375,0.98291015625,-0.08054864685670987,-0.07696533203125,0.146240234375,0.9874445172057902,-0.15281427185670987,0.0203857421875,0.033063295294209864
129,0.981689453125,-0.1104736328125,0.07354736328125,0.136474609375,0.94244384765625,0.212890625,-0.0294189453125,-0.25604248046875,0.99041748046875,0.1201171875,0.0640869140625,0.020263671875,0.95904541015625,0.095947265625,0.02581787109375,0.26507568359375,0.98291015625,-0.08050537109375,-0.07696533203125,0.146240234375,0.98748779296875,-0.15277099609375,0.0203857421875,0.03302001953125
130,0.9816761846127717,-0.11051343834918478,0.07352082625679347,0.13648787788722827,0.9424305791440217,0.21293043053668478,-0.029379139775815216,-0.25605574898097827,0.99041748046875,0.12017026154891304,0.06410018257472826,0.02025040336277174,0.95904541015625,0.095947265625,0.02580460258152174,0.26506241508152173,0.9829234247622283,-0.08049210258152174,-0.07696533203125,0.1462136973505435,0.98748779296875,-0.15275772758152173,0.0203857421875,0.03299348250679348
131,0.98162841796875,-0.11065673828125,0.07342529296875,0.13653564453125,0.9423828125,0.213134765625,-0.029296875,-0.25604248046875,0.99041748046875,0.1201171875,0.06427001953125,0.0201416015625,0.95904541015625,0.095947265625,0.0257568359375,0.2650146484375,0.98297119140625,-0.0804443359375,-0.07696533203125,0.1461181640625,0.98748779296875,-0.1527099609375,0.0203857421875,0.03289794921875
132,0.98162841796875,-0.11066551591241638,0.07341651533758362,0.13653564453125,0.9423828125,0.21314354325616638,-0.029279319737667224,-0.25604248046875,0.99041748046875,0.12012596513116638,0.06427879716241638,0.0201416015625,0.95904541015625,0.095947265625,0.025765613568666388,0.2650146484375,0.98297119140625,-0.08043555830633362,-0.07695655440008362,0.14610938643133362,0.98748779296875,-0.1527099609375,0.020394519818666388,0.03288917158758361
133,0.98162841796875,-0.1107177734375,0.0733642578125,0.13653564453125,0.94232177734375,0.2132568359375,-0.02935791015625,-0.2559814453125,0.99041748046875,0.12005615234375,0.06439208984375,0.0201416015625,0.95904541015625,0.095947265625,0.02581787109375,0.2650146484375,0.98297119140625,-0.08038330078125,-0.076904296875,0.14605712890625,0.98748779296875,-0.1527099609375,0.02044677734375,0.0328369140625
134,0.9816327047188546,-0.1107177734375,0.07335568431229096,0.13653564453125,0.9423260640938546,0.2132568359375,-0.029349336656040965,-0.2559857320626045,0.99041748046875,0.12005615234375,0.06440066334395904,0.0201416015625,0.95904541015625,0.09594297887489549,0.025826444593959035,0.2650146484375,0.98297119140625,-0.08038330078125,-0.07690001012489549,0.14606141565635453,0.98748779296875,-0.15271424768760453,0.020451064093854516,0.03283262731239548
135,0.981689453125,-0.1107177734375,0.0732421875,0.13653564453125,0.9423807711904264,0.21326091855664717,-0.02923583984375,-0.25603839784960286,0.99041748046875,0.12005615234375,0.0645751953125,0.02008056640625,0.95904541015625,0.09588623046875,0.02593994140625,0.2650146484375,0.98297119140625,-0.08038330078125,-0.07684326171875,0.1461181640625,0.98748779296875,-0.15277099609375,0.0205078125,0.03277587890625
136,0.981689453125,-0.1107177734375,0.0732421875,0.13653564453125,0.94232177734375,0.21337890625,-0.02923583984375,-0.25592041015625,0.99041748046875,0.12005615234375,0.0645751953125,0.02008056640625,0.95904541015625,0.09588623046875,0.02593994140625,0.2650146484375,0.98297119140625,-0.08038330078125,-0.07684326171875,0.1461181640625,0.98748779296875,-0.15277099609375,0.0205078125,0.03277587890625
137,0.981689453125,-0.1107177734375,0.0732421875,0.13653564453125,0.94232177734375,0.21337890625,-0.02923583984375,-0.25592041015625,0.99041748046875,0.1199951171875,0.064697265625,0.02008056640625,0.9591064453125,0.0958251953125,0.0260009765625,0.2650146484375,0.98297119140625,-0.080322265625,-0.07684326171875,0.1461181640625,0.98748779296875,-0.152587890625,0.0206298828125,0.0328369140625
138,0.981689453125,-0.1107177734375,0.0732421875,0.13653564453125,0.94232177734375,0.21343994140625,-0.0291748046875,-0.25592041015625,0.99041748046875,0.1199951171875,0.064697265625,0.02008056640625,0.9590501051682693,0.0958251953125,0.026057316706730768,0.2650146484375,0.98297119140625,-0.080322265625,-0.07684326171875,0.1461181640625,0.98748779296875,-0.152587890625,0.0206298828125,0.0328369140625
139,0.981689453125,-0.1107177734375,0.0732421875,0.13653564453125,0.94232177734375,0.21343994140625,-0.0291748046875,-0.25592041015625,0.99041748046875,0.1199951171875,0.06475830078125,0.0201416015625,0.95904541015625,0.0958251953125,0.02606201171875,0.2650146484375,0.98297119140625,-0.08026123046875,-0.07684326171875,0.1461181640625,0.98748779296875,-0.15252685546875,0.02056884765625,0.0328369140625
140,0.981689453125,-0.1107177734375,0.0732421875,0.13653564453125,0.94232177734375,0.2135009765625,-0.02923583984375,-0.25592041015625,0.99041748046875,0.1199951171875,0.06475830078125,0.0201416015625,0.95904541015625,0.09592889383883779,0.026113860981918896,0.2650146484375,0.98297119140625,-0.08026123046875,-0.07684326171875,0.1461181640625,0.98748779296875,-0.15252685546875,0.02056884765625,0.0328369140625
141,0.981689453125,-0.1107177734375,0.0732421875,0.13653564453125,0.94232177734375,0.2135009765625,-0.02923583984375,-0.25592041015625,0.99041748046875,0.11993408203125,0.06488037109375,0.0201416015625,0.95904541015625,0.095947265625,0.026123046875,0.2650146484375,0.98297119140625,-0.08026123046875,-0.07684326171875,0.1461181640625,0.98748779296875,-0.15252685546875,0.02056884765625,0.0328369140625
142,0.981689453125,-0.1107177734375,0.0732421875,0.13653564453125,0.94232177734375,0.213623046875,-0.029296875,-0.25592041015625,0.99041748046875,0.11993408203125,0.06488037109375,0.0201416015625,0.95904541015625,0.09589990724289298,0.026123046875,0.2650146484375,0.98297119140625,-0.08026123046875,-0.07684326171875,0.1461181640625,0.98748779296875,-0.15252685546875,0.02056884765625,0.0328369140625
143,0.981689453125,-0.110595703125,0.07330322265625,0.13653564453125,0.94232177734375,0.2135009765625,-0.02935791015625,-0.25592041015625,0.99041748046875,0.11981201171875,0.06494140625,0.02008056640625,0.9591064453125,0.095703125,0.026123046875,0.2650146484375,0.98297119140625,-0.08038330078125,-0.07684326171875,0.14605712890625,0.98748779296875,-0.15264892578125,0.02056884765625,0.03277587890625
144,0.981689453125,-0.110595703125,0.07330322265625,0.13653564453125,0.94232177734375,0.21356201171875,-0.02935791015625,-0.255859375,0.99041748046875,0.11981201171875,0.06494140625,0.02008056640625,0.9591064453125,0.09566025749895485,0.026123046875,0.2650146484375,0.98297119140625,-0.08038330078125,-0.07684326171875,0.14605712890625,0.98748779296875,-0.15264892578125,0.02056884765625,0.03277587890625
145,0.981689453125,-0.11065673828125,0.07330322265625,0.13653564453125,0.94232177734375,0.213623046875,-0.02935791015625,-0.255859375,0.99041748046875,0.1197509765625,0.06494140625,0.02008056640625,0.9591064453125,0.095703125,0.026123046875,0.2650146484375,0.98297119140625,-0.080322265625,-0.07684326171875,0.14605712890625,0.98748779296875,-0.15264892578125,0.0206298828125,0.03277587890625
146,0.981689453125,-0.11065673828125,0.07326484603626672,0.1364972679112667,0.9422607421875,0.21368408203125,-0.02950263900501672,-0.2558820335362667,0.99041748046875,0.1197509765625,0.06497978286998328,0.02011894302623328,0.9590680686925167,0.095703125,0.026199800114966563,0.2650530250574833,0.98297119140625,-0.080322265625,-0.07680488509876672,0.1460955055262333,0.98748779296875,-0.15264892578125,0.0206298828125,0.03285263214621656
147,0.981689453125,-0.11065673828125,0.0732421875,0.136474609375,0.9422607421875,0.21368408203125,-0.02947998046875,-0.255859375,0.99041748046875,0.1197509765625,0.06512451171875,0.0201416015625,0.95904541015625,0.095703125,0.0262451171875,0.26507568359375,0.98297119140625,-0.080322265625,-0.07672119140625,0.1461181640625,0.98748779296875,-0.152587890625,0.02069091796875,0.032958984375
148,0.981689453125,-0.11069062402017141,0.07320830176107859,0.136474609375,0.94232177734375,0.2137179677701714,-0.029385059573578592,-0.25579833984375,0.99041748046875,0.11978486230142141,0.06515839745767141,0.0201416015625,0.95904541015625,0.095703125,0.026279002926421408,0.26507568359375,0.98297119140625,-0.08025449414715718,-0.07672119140625,0.1461181640625,0.98748779296875,-0.1525540048860786,0.020724803707671408,0.032958984375
149,0.981689453125,-0.1107177734375,0.07318115234375,0.136474609375,0.94232177734375,0.2137451171875,-0.02935791015625,-0.25579833984375,0.99041748046875,0.11962890625,0.0653076171875,0.0201416015625,0.95904541015625,0.095703125,0.02630615234375,0.26507568359375,0.98297119140625,-0.0802001953125,-0.07666015625,0.1461181640625,0.98748779296875,-0.1524658203125,0.02069091796875,0.032958984375
150,0.981689453125,-0.1107177734375,0.07312236262803093,0.136474609375,0.94232177734375,0.2137451171875,-0.029238085284280933,-0.2557373046875,0.99041748046875,0.11962890625,0.06536640690321907,0.0201416015625,0.95904541015625,0.09554941438910954,0.026487012371969067,0.26507568359375,0.98297119140625,-0.0802001953125,-0.07660136653428093,0.1461181640625,0.98748779296875,-0.1524658203125,0.020749707684469067,0.032988379232859535
151,0.981689453125,-0.1107177734375,0.07305908203125,0.136474609375,0.94232177734375,0.2137451171875,-0.0291748046875,-0.2557373046875,0.99041748046875,0.119384765625,0.065673828125,0.02008056640625,0.95904541015625,0.0955810546875,0.02655029296875,0.26507568359375,0.98297119140625,-0.080322265625,-0.0765380859375,0.1461181640625,0.98748779296875,-0.1524658203125,0.02081298828125,0.03302001953125
152,0.981689453125,-0.1107177734375,0.07298437010085702,0.136474609375,0.9423828125,0.21365917805445234,-0.02912499673390468,-0.255615234375,0.99041748046875,0.119384765625,0.06574854005539298,0.02008056640625,0.95904541015625,0.09554492350804766,0.02662500489914298,0.26507568359375,0.98297119140625,-0.08029736164820234,-0.07646337400710702,0.14614306803929766,0.98748779296875,-0.15244091633570234,0.02088770021164298,0.03302001953125
153,0.981689453125,-0.1107177734375,0.0728759765625,0.136474609375,0.9423828125,0.213623046875,-0.029052734375,-0.255615234375,0.99041748046875,0.11932373046875,0.0660400390625,0.02001953125,0.95904541015625,0.0955810546875,0.0267333984375,0.26507568359375,0.9830322265625,-0.08026123046875,-0.07635498046875,0.1461181640625,0.98748779296875,-0.15252685546875,0.0208740234375,0.032958984375
154,0.981689453125,-0.11075859962897157,0.0728759765625,0.136474609375,0.94232177734375,0.21384697853522158,-0.029032321279264216,-0.25567626953125,0.99041748046875,0.11936455666022157,0.06601962596676421,0.02001953125,0.95904541015625,0.09556084572272157,0.026651950185514216,0.26507568359375,0.9830322265625,-0.08022040427727843,-0.07635498046875,0.1461181640625,0.98748779296875,-0.15248602927727842,0.0208740234375,0.032958984375
155,0.981689453125,-0.11083984375,0.0728759765625,0.136474609375,0.94232177734375,0.21392822265625,-0.02899169921875,-0.25567626953125,0.99041748046875,0.11932373046875,0.0660400390625,0.02001953125,0.95904541015625,0.09564208984375,0.026611328125,0.26507568359375,0.9830322265625,-0.0802001953125,-0.076416015625,0.1461181640625,0.98748779296875,-0.15240478515625,0.02081298828125,0.03289794921875
156,0.981689453125,-0.11087168817934784,0.07289189877717392,0.136474609375,0.942305855129076,0.21402110224184784,-0.0289306640625,-0.255615234375,0.99041748046875,0.11935557489809784,0.06602411684782608,0.020035453464673916,0.95904541015625,0.09565801205842392,0.02657948369565217,0.26507568359375,0.9830322265625,-0.08016835088315216,-0.07644786005434784,0.14610224184782608,0.987503715183424,-0.15237294072690216,0.02078114385190217,0.03289794921875
157,0.981689453125,-0.1109619140625,0.07293701171875,0.136474609375,0.9422607421875,0.214111328125,-0.0289306640625,-0.255615234375,0.99041748046875,0.11956787109375,0.06597900390625,0.02001953125,0.95904541015625,0.095703125,0.0264892578125,0.26507568359375,0.9830322265625,-0.080078125,-0.07659912109375,0.14599609375,0.987548828125,-0.15228271484375,0.02069091796875,0.0328369140625
158,0.981678021791388,-0.1109619140625,0.07295987438597408,0.13648604070861203,0.94219970703125,0.2142333984375,-0.028953526729724087,-0.25574873602111203,0.99041748046875,0.11956787109375,0.06595614123902592,0.020008099916387957,0.959056841489862,0.09576416015625,0.026466395145275913,0.26505282092652593,0.9830322265625,-0.08008955633361205,-0.07661055242736205,0.14598466241638797,0.987548828125,-0.15228271484375,0.020679486635137957,0.03281405139527591
159,0.98162841796875,-0.1109619140625,0.07305908203125,0.13653564453125,0.94219970703125,0.2142333984375,-0.029052734375,-0.25579833984375,0.99041748046875,0.11962890625,0.06591796875,0.01995849609375,0.9591064453125,0.09576416015625,0.0263671875,0.26495361328125,0.9830322265625,-0.08013916015625,-0.07666015625,0.14593505859375,0.987548828125,-0.15228271484375,0.0206298828125,0.03271484375
160,0.98162841796875,-0.11095497360994983,0.07307296293635034,0.13652870407869983,0.94219970703125,0.21428749314119983,-0.02906661528010034,-0.25584549409489965,0.99041748046875,0.11961502534489966,0.06590408784489966,0.01996543654630017,0.95904541015625,0.09587234956364966,0.02641434175114966,0.26507568359375,0.9830252861099499,-0.08014610060880017,-0.07667403715510034,0.14594199904630017,0.987548828125,-0.15228965529630017,0.02061600190739966,0.03272178420255017
161,0.98162841796875,-0.11090087890625,0.07318115234375,0.136474609375,0.94219970703125,0.2142333984375,-0.0291748046875,-0.2557373046875,0.9903564453125,0.1197509765625,0.06585693359375,0.02001953125,0.95904541015625,0.09576416015625,0.02630615234375,0.26507568359375,0.9830322265625,-0.08001708984375,-0.07684326171875,0.14599609375,0.987548828125,-0.1522216796875,0.0205078125,0.0328369140625
162,0.98162841796875,-0.11077880859375,0.07330322265625,0.136474609375,0.942138671875,0.21429443359375,-0.02935791015625,-0.255859375,0.99041748046875,0.11962890625,0.0657958984375,0.02001953125,0.95904541015625,0.0958251953125,0.02630615234375,0.26513671875,0.98297119140625,-0.0802001953125,-0.076904296875,0.14593505859375,0.987548828125,-0.15234375,0.02044677734375,0.03277587890625
163,0.98162841796875,-0.11077880859375,0.07330322265625,0.136474609375,0.942138671875,0.21429443359375,-0.02935791015625,-0.255859375,0.9903564453125,0.11981201171875,0.065673828125,0.02008056640625,0.95904541015625,0.0958251953125,0.02630615234375,0.26513671875,0.98297119140625,-0.08013916015625,-0.076904296875,0.14593505859375,0.987548828125,-0.15234375,0.0205078125,0.03277587890625
164,0.98162841796875,-0.11077880859375,0.07330322265625,0.136474609375,0.942138671875,0.21429443359375,-0.029298916309573576,-0.25597736269335286,0.9903564453125,0.11981201171875,0.065673828125,0.02008056640625,0.95904541015625,0.09594318300585285,0.02630615234375,0.26513671875,0.98297119140625,-0.08013916015625,-0.076904296875,0.14593505859375,0.987548828125,-0.15234375,0.0205078125,0.03277587890625
165,0.981689453125,-0.11065673828125,0.07342529296875,0.13641357421875,0.94219970703125,0.21417236328125,-0.02947998046875,-0.25592041015625,0.99041748046875,0.1197509765625,0.0655517578125,0.0201416015625,0.95904541015625,0.0958251953125,0.0262451171875,0.26519775390625,0.98297119140625,-0.08013916015625,-0.07696533203125,0.14599609375,0.987548828125,-0.15240478515625,0.0205078125,0.0328369140625
166,0.981689453125,-0.11065673828125,0.07342529296875,0.13641357421875,0.9420907011000209,0.2142813692124791,-0.029643489365593648,-0.2560294160874791,0.99041748046875,0.1197509765625,0.0655517578125,0.0201416015625,0.9589909071906354,0.09598870420934365,0.0262451171875,0.26519775390625,0.98297119140625,-0.08013916015625,-0.07696533203125,0.14599609375,0.987548828125,-0.15240478515625,0.0205078125,0.0328369140625
167,0.981689453125,-0.11053466796875,0.073486328125,0.13641357421875,0.942138671875,0.21417236328125,-0.02972412109375,-0.25604248046875,0.99041748046875,0.1197509765625,0.06549072265625,0.0201416015625,0.95904541015625,0.09588623046875,0.0262451171875,0.26519775390625,0.98297119140625,-0.0802001953125,-0.07696533203125,0.14593505859375,0.98748779296875,-0.15252685546875,0.0205078125,0.03289794921875
168,0.981689453125,-0.11053466796875,0.073486328125,0.13641357421875,0.942138671875,0.21417236328125,-0.029774133178302676,-0.25604248046875,0.99041748046875,0.1197509765625,0.06549072265625,0.0201416015625,0.95904541015625,0.09588623046875,0.0262451171875,0.26519775390625,0.98297119140625,-0.0802001953125,-0.07696533203125,0.14593505859375,0.98748779296875,-0.15252685546875,0.0205078125,0.03289794921875
169,0.981689453125,-0.11053466796875,0.07342529296875,0.13641357421875,0.942138671875,0.21417236328125,-0.02972412109375,-0.25604248046875,0.99041748046875,0.1197509765625,0.0655517578125,0.0201416015625,0.958984375,0.09588623046875,0.02630615234375,0.26519775390625,0.98297119140625,-0.08013916015625,-0.076904296875,0.14593505859375,0.98748779296875,-0.1524658203125,0.02056884765625,0.03289794921875
170,0.981689453125,-0.1104891467652592,0.0732887293582776,0.13641357421875,0.942138671875,0.2141268420777592,-0.029633078686768396,-0.25604248046875,0.9903719592652592,0.1197509765625,0.0656883214229724,0.0201416015625,0.95904541015625,0.09576416015625,0.026442715954222405,0.26513671875,0.9830167126097408,-0.08013916015625,-0.0767677332645276,0.1459805797972408,0.98748779296875,-0.1525113415159908,0.020705411266722405,0.0329434704222408
171,0.981689453125,-0.1104736328125,0.0732421875,0.13641357421875,0.942138671875,0.214111328125,-0.02960205078125,-0.25604248046875,0.99041748046875,0.11944580078125,0.0657958984375,0.02001953125,0.95904541015625,0.09576416015625,0.0264892578125,0.26513671875,0.98297119140625,-0.0802001953125,-0.07672119140625,0.14599609375,0.98748779296875,-0.15264892578125,0.02069091796875,0.03289794921875
172,0.981689453125,-0.11051466313492893,0.07311909653271322,0.13641357421875,0.942138671875,0.21419338876985786,-0.029519990136392144,-0.2560014501463211,0.99041748046875,0.11952786142610786,0.06591898940478678,0.020060561572428928,0.95904541015625,0.09566311533235786,0.026571318457357856,0.26507568359375,0.983012221728679,-0.08011813466764214,-0.07663913076139214,0.14599609375,0.98748779296875,-0.15256686513639214,0.02081400893603678,0.03289794921875
173,0.981689453125,-0.11053466796875,0.07305908203125,0.13641357421875,0.942138671875,0.2142333984375,-0.02947998046875,-0.2559814453125,0.99041748046875,0.11932373046875,0.0660400390625,0.02001953125,0.95904541015625,0.095703125,0.026611328125,0.26507568359375,0.9830322265625,-0.0802001953125,-0.07659912109375,0.14593505859375,0.98748779296875,-0.1527099609375,0.02081298828125,0.03277587890625
174,0.981689453125,-0.11060774685148411,0.07302254258988294,0.13645011366011706,0.942138671875,0.2143064773202341,-0.02937036214464883,-0.2559814453125,0.99041748046875,0.11939680935148411,0.0660400390625,0.02001953125,0.95904541015625,0.09575170816785117,0.026586832410117056,0.26503914415238294,0.9830322265625,-0.08012711642976589,-0.07659912109375,0.14593505859375,0.98748779296875,-0.1526368820547659,0.02081298828125,0.03277587890625
175,0.981689453125,-0.11065673828125,0.072998046875,0.136474609375,0.942138671875,0.21435546875,-0.029296875,-0.2559814453125,0.99041748046875,0.11932373046875,0.06622314453125,0.01995849609375,0.95904541015625,0.0958251953125,0.026611328125,0.2650146484375,0.9830322265625,-0.08013916015625,-0.07666015625,0.1458740234375,0.98748779296875,-0.1527099609375,0.02081298828125,0.03271484375
176,0.981689453125,-0.11068878684155518,0.072998046875,0.13650665793530517,0.942138671875,0.21438751731030517,-0.02920072931908445,-0.2559493967521948,0.99041748046875,0.11935577902905518,0.06622314453125,0.019926447533444816,0.95904541015625,0.09579620871655518,0.026579279564694816,0.2650146484375,0.9830322265625,-0.08010711159594482,-0.07666015625,0.14584197487719483,0.98748779296875,-0.15267791237719483,0.02081298828125,0.03271484375
177,0.981689453125,-0.1107177734375,0.072998046875,0.13653564453125,0.942138671875,0.21441650390625,-0.02911376953125,-0.25592041015625,0.99041748046875,0.11932373046875,0.06634521484375,0.0198974609375,0.95904541015625,0.0958251953125,0.02655029296875,0.2650146484375,0.9830322265625,-0.080078125,-0.07666015625,0.14581298828125,0.98748779296875,-0.1527099609375,0.020751953125,0.0325927734375
178,0.981689453125,-0.1107177734375,0.07297048919575669,0.1365632022104933,0.942138671875,0.2144440615854933,-0.029086211852006688,-0.25589285247700666,0.99041748046875,0.11932373046875,0.06637277252299331,0.019869903258256688,0.9591064453125,0.09576416015625,0.026577850647993312,0.26495361328125,0.9830322265625,-0.080078125,-0.07660504089151338,0.14581298828125,0.98748779296875,-0.1526824032582567,0.020779510804243312,0.0325927734375
179,0.981689453125,-0.1107177734375,0.07293701171875,0.1365966796875,0.942138671875,0.2144775390625,-0.029052734375,-0.255859375,0.99041748046875,0.11932373046875,0.06646728515625,0.01983642578125,0.9591064453125,0.09576416015625,0.026611328125,0.26495361328125,0.9830322265625,-0.080078125,-0.0765380859375,0.145751953125,0.98748779296875,-0.15264892578125,0.020751953125,0.03253173828125
180,0.981689453125,-0.1107177734375,0.07291394492056856,0.1365966796875,0.942138671875,0.21450060586068145,-0.029029667576818557,-0.255859375,0.99041748046875,0.11932373046875,0.06649035195443144,0.01983642578125,0.9591064453125,0.09572619179818144,0.026611328125,0.26483154296875,0.9830322265625,-0.080078125,-0.0765380859375,0.14577501992318145,0.98748779296875,-0.15264892578125,0.020775019923181443,0.03253173828125
181,0.981689453125,-0.1107177734375,0.0728759765625,0.1365966796875,0.942138671875,0.21453857421875,-0.02899169921875,-0.255859375,0.99041748046875,0.11920166015625,0.0665283203125,0.019775390625,0.9591064453125,0.09576416015625,0.026611328125,0.26483154296875,0.98309326171875,-0.080078125,-0.0765380859375,0.145751953125,0.98748779296875,-0.15264892578125,0.020751953125,0.03253173828125
182,0.981689453125,-0.11073634935461957,0.07289455247961957,0.1365966796875,0.9421200959578804,0.21457572605298914,-0.02901027513586957,-0.255859375,0.99041748046875,0.11922023607336957,0.06650974439538043,0.019775390625,0.9591064453125,0.09588623046875,0.02659275220788043,0.26483154296875,0.98309326171875,-0.08005954908288043,-0.07657523777173914,0.14573337720788043,0.98748779296875,-0.15264892578125,0.02073337720788043,0.03253173828125
183,0.981689453125,-0.11077880859375,0.07293701171875,0.1365966796875,0.94207763671875,0.21466064453125,-0.029052734375,-0.255859375,0.9903564453125,0.11944580078125,0.0665283203125,0.01983642578125,0.9591064453125,0.09588623046875,0.02655029296875,0.26483154296875,0.98309326171875,-0.0799560546875,-0.07659912109375,0.145751953125,0.98748779296875,-0.15252685546875,0.02081298828125,0.03253173828125
184,0.981689453125,-0.11077880859375,0.0729510967548077,0.1365825946514423,0.94207763671875,0.2146747295673077,-0.029066819411057696,-0.255859375,0.9903564453125,0.11944580078125,0.0665142352764423,0.019850510817307696,0.9590923602764423,0.095947265625,0.026597243088942304,0.2649066631610577,0.9830791766826923,-0.0799560546875,-0.0766132061298077,0.145751953125,0.98748779296875,-0.1525409405048077,0.020798903245192304,0.032545823317307696
185,0.981689453125,-0.11077880859375,0.072998046875,0.13653564453125,0.94207763671875,0.2147216796875,-0.02911376953125,-0.255859375,0.9903564453125,0.1195068359375,0.06646728515625,0.0198974609375,0.95904541015625,0.095947265625,0.02655029296875,0.26495361328125,0.98309326171875,-0.0799560546875,-0.0765380859375,0.14581298828125,0.98748779296875,-0.1524658203125,0.0208740234375,0.03265380859375
186,0.981689453125,-0.11076921443875418,0.07301723518499165,0.13653564453125,0.94207763671875,0.2147216796875,-0.02914255199623747,-0.2558689691549958,0.9903660394674958,0.11949724178250418,0.06644809684625835,0.019887866782504177,0.9590550043112458,0.09598911247125835,0.026531104658758353,0.26495361328125,0.9830836675637542,-0.07996564884249582,-0.07655727424749165,0.14580339412625418,0.98748779296875,-0.15248500862249165,0.020854835127508353,0.03264421443875418
187,0.981689453125,-0.1107177734375,0.0731201171875,0.13653564453125,0.94207763671875,0.2147216796875,-0.029296875,-0.25592041015625,0.99041748046875,0.11944580078125,0.06634521484375,0.01983642578125,0.9591064453125,0.09588623046875,0.02642822265625,0.26495361328125,0.9830322265625,-0.08001708984375,-0.07672119140625,0.145751953125,0.98748779296875,-0.152587890625,0.02081298828125,0.0325927734375
188,0.981689453125,-0.1107177734375,0.0731303237353679,0.13653054125731606,0.94207763671875,0.2147216796875,-0.0293070815478679,-0.25592041015625,0.99041748046875,0.11944069750731605,0.0663350082958821,0.019841529055183948,0.95904541015625,0.09594216235106605,0.0264790512646321,0.26495871655518394,0.9830322265625,-0.08001708984375,-0.0767313979541179,0.14575705639893394,0.98748779296875,-0.152587890625,0.0208027817333821,0.03259787671143395
189,0.981689453125,-0.1107177734375,0.0732421875,0.136474609375,0.94207763671875,0.2147216796875,-0.0294189453125,-0.25592041015625,0.99041748046875,0.11944580078125,0.0662841796875,0.01995849609375,0.95904541015625,0.09588623046875,0.0263671875,0.2650146484375,0.9830322265625,-0.08001708984375,-0.07684040388534698,0.14581298828125,0.98748779296875,-0.152585032791597,0.02069091796875,0.032656666427153015
190,0.981689453125,-0.11071838583037208,0.07324279989287208,0.136474609375,0.9420770243258779,0.21472351686611624,-0.02942017009824415,-0.25592041015625,0.9904168680758779,0.11944641317412208,0.06628295490175586,0.01995849609375,0.95904541015625,0.09594787801787208,0.026427610263377924,0.2650146484375,0.9830322265625,-0.08001647745087792,-0.07678283895537208,0.14581298828125,0.98748779296875,-0.15252624307587792,0.020690305575877924,0.03271484375
191,0.981689453125,-0.11077880859375,0.07330322265625,0.136474609375,0.9420166015625,0.21490478515625,-0.029541015625,-0.25592041015625,0.9903564453125,0.1195068359375,0.06622151148359114,0.01995849609375,0.95904541015625,0.09600830078125,0.0263671875,0.2650146484375,0.9830322265625,-0.0799560546875,-0.07684326171875,0.14581298828125,0.98748779296875,-0.1524658203125,0.0206298828125,0.03271484375
192,0.981689453125,-0.11077880859375,0.07330322265625,0.136474609375,0.9420166015625,0.21490478515625,-0.029541015625,-0.25592041015625,0.9903564453125,0.1195068359375,0.06622314453125,0.01995849609375,0.95904541015625,0.09600830078125,0.02630615234375,0.2650146484375,0.9830322265625,-0.0799560546875,-0.07684326171875,0.145751953125,0.987548828125,-0.15240478515625,0.0206298828125,0.03265380859375
193,0.981689453125,-0.1107177734375,0.07330322265625,0.136474609375,0.9420166015625,0.21490478515625,-0.0296630859375,-0.25592041015625,0.99041748046875,0.11944580078125,0.0662841796875,0.01995849609375,0.95904541015625,0.095947265625,0.02630615234375,0.2650146484375,0.9830322265625,-0.08001708984375,-0.07684326171875,0.145751953125,0.987548828125,-0.1524658203125,0.0206298828125,0.03265380859375
194,0.981689453125,-0.1107177734375,0.07330322265625,0.136474609375,0.9420166015625,0.21490478515625,-0.0296630859375,-0.25592041015625,0.99041748046875,0.11944580078125,0.0662841796875,0.01995849609375,0.95904541015625,0.095947265625,0.0262451171875,0.26495361328125,0.9830322265625,-0.0799560546875,-0.076904296875,0.14569091796875,0.987548828125,-0.1524658203125,0.02056884765625,0.0325927734375
195,0.98162841796875,-0.11077880859375,0.0733642578125,0.136474609375,0.94195556640625,0.21490478515625,-0.0296630859375,-0.25592041015625,0.9903564453125,0.1195068359375,0.066162109375,0.0198974609375,0.95904541015625,0.095947265625,0.02618408203125,0.26495361328125,0.9830322265625,-0.0799560546875,-0.07696533203125,0.14569091796875,0.987548828125,-0.15240478515625,0.0205078125,0.0325927734375
196,0.98162841796875,-0.11077880859375,0.0733642578125,0.136474609375,0.94195556640625,0.21490478515625,-0.0296630859375,-0.25592041015625,0.9903564453125,0.1195068359375,0.066162109375,0.0198974609375,0.95904541015625,0.095947265625,0.02618408203125,0.26495361328125,0.9830322265625,-0.08001708984375,-0.0770263671875,0.1456298828125,0.987548828125,-0.1524658203125,0.02044677734375,0.03253173828125
197,0.98162841796875,-0.11090087890625,0.0733642578125,0.136474609375,0.9420166015625,0.21502685546875,-0.02947998046875,-0.255859375,0.9903564453125,0.11962890625,0.0662841796875,0.01983642578125,0.95904541015625,0.0960693359375,0.026123046875,0.2650146484375,0.9830322265625,-0.07989501953125,-0.0770263671875,0.1456298828125,0.987548828125,-0.15234375,0.0203857421875,0.03253173828125
198,0.98162841796875,-0.11090087890625,0.0733642578125,0.1365182933998746,0.9419729175376255,0.21502685546875,-0.02947998046875,-0.255859375,0.9903564453125,0.11967259027487459,0.0662841796875,0.019792741756375413,0.9590890941811245,0.09600830078125,0.026123046875,0.2649099292563754,0.9830759105873745,-0.07991237066262541,-0.07696533203125,0.1455861987876254,0.987548828125,-0.15240478515625,0.020368391056124587,0.032427019100125416
199,0.98162841796875,-0.11090087890625,0.0733642578125,0.13653564453125,0.94195556640625,0.21502685546875,-0.02947998046875,-0.255859375,0.9903564453125,0.11962890625,0.0662841796875,0.019775390625,0.9591064453125,0.09600830078125,0.026123046875,0.264892578125,0.98309326171875,-0.07989501953125,-0.07696533203125,0.14556884765625,0.987548828125,-0.15240478515625,0.0203857421875,0.03240966796875
200,0.98162841796875,-0.11094007205006272,0.07332506466868728,0.13653564453125,0.94195556640625,0.21510524175637544,-0.02944078732493729,-0.25582018185618727,0.9903564453125,0.11966809939381272,0.06632337283131272,0.019775390625,0.9591064453125,0.09602565191262542,0.02616224001881271,0.264892578125,0.9830322265625,-0.07997789669993728,-0.07698717404368728,0.14556884765625,0.987548828125,-0.1524876623249373,0.02036390017506271,0.0323486328125
201,0.98162841796875,-0.1109619140625,0.07330322265625,0.13653564453125,0.94195556640625,0.21514892578125,-0.0294189453125,-0.25579833984375,0.9903564453125,0.11962890625,0.06640625,0.019775390625,0.9591064453125,0.0960693359375,0.02618408203125,0.264892578125,0.9830322265625,-0.0799560546875,-0.07696533203125,0.14556884765625,0.987548828125,-0.1524658203125,0.0203857421875,0.0323486328125
202,0.98162841796875,-0.11099661632525083,0.07330322265625,0.13653564453125,0.94195556640625,0.21518362804400085,-0.02938424304974916,-0.25579833984375,0.9903564453125,0.11966360851275083,0.06640625,0.01981009288775084,0.9591064453125,0.0960693359375,0.02618408203125,0.264892578125,0.98309326171875,-0.07986031726849917,-0.07700003429400083,0.14556884765625,0.987548828125,-0.15243111804974915,0.0203857421875,0.0323486328125
203,0.98162841796875,-0.11102294921875,0.07330322265625,0.13653564453125,0.94195556640625,0.2152099609375,-0.02935791015625,-0.25579833984375,0.9903564453125,0.1197509765625,0.06646728515625,0.01983642578125,0.9591064453125,0.0960693359375,0.02618408203125,0.264892578125,0.98309326171875,-0.079833984375,-0.0770263671875,0.14556884765625,0.987548828125,-0.15240478515625,0.0203857421875,0.0323486328125
204,0.98162841796875,-0.11096252645537207,0.07330322265625,0.13653564453125,0.94195556640625,0.2152099609375,-0.02941833291962793,-0.25579833984375,0.9903564453125,0.11969055379912207,0.06646728515625,0.019806214399561036,0.959075621537939,0.09610015971206104,0.026153258256688964,0.264892578125,0.98309326171875,-0.07983337198212793,-0.07693512064956104,0.14556884765625,0.987548828125,-0.15240417276337792,0.0203857421875,0.0323486328125
205,0.98162841796875,-0.11090087890625,0.07330322265625,0.13653564453125,0.94195556640625,0.2152099609375,-0.02947998046875,-0.25579833984375,0.9903564453125,0.11968994140625,0.06646728515625,0.01983642578125,0.9591064453125,0.0960693359375,0.02618408203125,0.264892578125,0.98309326171875,-0.07989501953125,-0.076904296875,0.14556884765625,0.987548828125,-0.1524658203125,0.0203857421875,0.0323486328125
206,0.98162841796875,-0.11090087890625,0.07330322265625,0.1365099240306229,0.94195556640625,0.2152099609375,-0.02947998046875,-0.2557726193431229,0.9903564453125,0.11968994140625,0.06646728515625,0.019862146281877092,0.9590807248118729,0.0960693359375,0.02618408203125,0.2649182986256271,0.98309326171875,-0.079833984375,-0.07696533203125,0.1455335330006271,0.987548828125,-0.1524658203125,0.0203857421875,0.03237435331312709
207,0.98162841796875,-0.11090087890625,0.07330322265625,0.136474609375,0.94195556640625,0.21527099609375,-0.029541015625,-0.25579833984375,0.9903564453125,0.11968994140625,0.06646728515625,0.0198974609375,0.95904541015625,0.0960693359375,0.02618408203125,0.26495361328125,0.98309326171875,-0.079833984375,-0.07696533203125,0.14556884765625,0.987548828125,-0.1524658203125,0.0203857421875,0.03240966796875
208,0.98162841796875,-0.11090087890625,0.07334568189538043,0.136474609375,0.94195556640625,0.21527099609375,-0.029583474864130436,-0.25579833984375,0.9903564453125,0.11968994140625,0.06642482591711957,0.0198974609375,0.95904541015625,0.09610914147418478,0.026141622792119564,0.26495361328125,0.9830322265625,-0.07985521399456522,-0.07700779127038043,0.1456298828125,0.987548828125,-0.15242601477581522,0.020364512567934784,0.03240966796875
209,0.98162841796875,-0.11090087890625,0.07342529296875,0.136474609375,0.94195556640625,0.21527099609375,-0.02972412109375,-0.255859375,0.9903564453125,0.11981201171875,0.06634521484375,0.0198974609375,0.95904541015625,0.0960693359375,0.02606201171875,0.26495361328125,0.9830322265625,-0.07989501953125,-0.07708740234375,0.1456298828125,0.987548828125,-0.1524658203125,0.02032470703125,0.03240966796875
210,0.98162841796875,-0.11090087890625,0.07342529296875,0.136474609375,0.94195556640625,0.21527099609375,-0.02972412109375,-0.255859375,0.9903564453125,0.11981201171875,0.06634521484375,0.0198974609375,0.95904541015625,0.09613037109375,0.026123046875,0.26495361328125,0.9830322265625,-0.07989501953125,-0.0770263671875,0.1456298828125,0.987548828125,-0.15240478515625,0.0203857421875,0.032470703125
211,0.98162841796875,-0.11090087890625,0.07342529296875,0.136474609375,0.94189453125,0.21533203125,-0.02972412109375,-0.255859375,0.9903564453125,0.119873046875,0.06640625,0.0198974609375,0.95904541015625,0.09613037109375,0.026123046875,0.26495361328125,0.9830322265625,-0.07989501953125,-0.0770263671875,0.1456298828125,0.987548828125,-0.15240478515625,0.0203857421875,0.032470703125
212,0.98162841796875,-0.11088863104880853,0.07343754082619147,0.13646236151755853,0.9419067791074415,0.21531978339255853,-0.029736368951191475,-0.25584712714255853,0.9903564453125,0.11984855116011706,0.06639400214255853,0.019909708794941475,0.95904541015625,0.09617915839255853,0.026171834173808525,0.26496586113869147,0.9830810138613085,-0.07978519707619147,-0.0770263671875,0.14558109551369147,0.987548828125,-0.15229496270119147,0.020434529486308525,0.03248295098244147
213,0.98162841796875,-0.11083984375,0.073486328125,0.13641357421875,0.94189453125,0.21539306640625,-0.0299072265625,-0.25592041015625,0.9903564453125,0.11993408203125,0.0662841796875,0.01995849609375,0.95904541015625,0.09613037109375,0.026123046875,0.2650146484375,0.9830322265625,-0.079833984375,-0.0770263671875,0.1456298828125,0.987548828125,-0.15234375,0.0203857421875,0.03253173828125
214,0.98162841796875,-0.11083984375,0.07354736328125,0.136474609375,0.94183349609375,0.21539306640625,-0.02996826171875,-0.2559814453125,0.9903564453125,0.11993408203125,0.06622314453125,0.0198974609375,0.95904541015625,0.09613037109375,0.02606201171875,0.264892578125,0.98309326171875,-0.079833984375,-0.07708740234375,0.14556884765625,0.987548828125,-0.15234375,0.02032470703125,0.032470703125
215,0.98162841796875,-0.11083984375,0.07354736328125,0.136474609375,0.94183349609375,0.21539306640625,-0.0299072265625,-0.25592041015625,0.9903564453125,0.1199951171875,0.066162109375,0.0198974609375,0.95904541015625,0.09613037109375,0.02606201171875,0.264892578125,0.98309326171875,-0.079833984375,-0.07708740234375,0.14556884765625,0.987548828125,-0.15234375,0.02032470703125,0.032470703125
216,0.98162841796875,-0.11084310984531773,0.07355062937656773,0.13647787547031773,0.94183349609375,0.21539633250156773,-0.029910492657817728,-0.25592367625156776,0.9903564453125,0.11999838328281773,0.06615884327968227,0.019894194842182272,0.9590486762515678,0.09619467234531773,0.026058745623432272,0.26488931202968224,0.98309326171875,-0.079833984375,-0.07709066843906773,0.14556558156093227,0.987548828125,-0.15227944874843227,0.020321440935932272,0.03240640187343227
217,0.98162841796875,-0.11090087890625,0.0736083984375,0.13653564453125,0.94183349609375,0.2154541015625,-0.02984619140625,-0.2559814453125,0.9903564453125,0.1199951171875,0.066162109375,0.019775390625,0.9591064453125,0.09625142075146322,0.0260009765625,0.26483154296875,0.98309326171875,-0.07983602568457358,-0.07714945815478678,0.1455067918452132,0.987548828125,-0.15222372099707357,0.020262651220213212,0.032346591502926424
218,0.98162841796875,-0.11096068927675586,0.07354858806699414,0.13653564453125,0.94183349609375,0.21551391193300584,-0.029786381035744144,-0.2559814453125,0.9902966349419942,0.12005492755800586,0.06622191974550586,0.019775390625,0.9590466349419942,0.09625121662050586,0.026060786933005856,0.26483154296875,0.98309326171875,-0.07983643394648829,-0.07714966228574414,0.14544677734375,0.987548828125,-0.1522241292589883,0.020262447089255856,0.0322265625
219,0.98162841796875,-0.1109619140625,0.07354736328125,0.13653564453125,0.94189453125,0.2154541015625,-0.02972412109375,-0.255859375,0.9903529750862249,0.11994102248380017,0.06622314453125,0.019775390625,0.95904541015625,0.09625244140625,0.02606201171875,0.26483154296875,0.98309326171875,-0.079833984375,-0.0771484375,0.14544677734375,0.987548828125,-0.1522216796875,0.020263671875,0.0322265625
220,0.98162841796875,-0.11090659457305602,0.07338140481291806,0.13659096402069398,0.94189453125,0.21534346258361203,-0.029613482114862037,-0.255914694489444,0.9903564453125,0.11993408203125,0.06638910299958194,0.01972007113555602,0.9591064453125,0.09624672573944398,0.026166935030831943,0.264776223479306,0.98309326171875,-0.079833984375,-0.07698247903166806,0.14539145785430602,0.987548828125,-0.15234375,0.020368595187081943,0.03216552734375
221,0.98162841796875,-0.11090087890625,0.0733642578125,0.1365966796875,0.94189453125,0.21539306640625,-0.02960205078125,-0.255859375,0.9903564453125,0.11988100798233696,0.06640625,0.01971435546875,0.9591064453125,0.09625244140625,0.02618408203125,0.2647705078125,0.98309326171875,-0.079833984375,-0.07696533203125,0.1453857421875,0.987548828125,-0.15234375,0.0203857421875,0.03216552734375
222,0.98162841796875,-0.11085005029786789,0.0733642578125,0.1365966796875,0.94189453125,0.2153422377978679,-0.02960205078125,-0.255859375,0.9903564453125,0.11982221826661789,0.06640625,0.01971435546875,0.9591064453125,0.09620161279786789,0.02618408203125,0.2647705078125,0.98309326171875,-0.07988481298338211,-0.0770263671875,0.1453857421875,0.987548828125,-0.1523335434521321,0.02032470703125,0.03216552734375
223,0.98162841796875,-0.11083984375,0.0733642578125,0.1365966796875,0.94189453125,0.21539306640625,-0.029541015625,-0.255859375,0.9903564453125,0.11990917805445235,0.06640625,0.01971435546875,0.9591064453125,0.09619140625,0.02618408203125,0.2647705078125,0.98309326171875,-0.07989501953125,-0.0770263671875,0.1453857421875,0.987548828125,-0.15234375,0.02032470703125,0.03216552734375
224,0.98162841796875,-0.11083984375,0.07345693326714046,0.1365966796875,0.94189453125,0.21539306640625,-0.029633691079640468,-0.255859375,0.9903564453125,0.11993408203125,0.06631357454535954,0.01971435546875,0.9591064453125,0.09620610367892976,0.026091406576609532,0.2647705078125,0.98309326171875,-0.07981928694607024,-0.07705800748589046,0.1453857421875,0.987548828125,-0.15228271484375,0.020293066732859532,0.03211918961642977
225,0.98162841796875,-0.11083984375,0.073486328125,0.1365966796875,0.94189453125,0.2154541015625,-0.0296630859375,-0.25592041015625,0.9903123530257107,0.1200663588916179,0.0662841796875,0.01971435546875,0.9591064453125,0.0962354985367893,0.0261061040055393,0.2647705078125,0.98309326171875,-0.079833984375,-0.07708740234375,0.1453857421875,0.987548828125,-0.15228271484375,0.020263671875,0.0321044921875
226,0.98162841796875,-0.11088169059625835,0.07352817497125835,0.1365966796875,0.9418526844037416,0.21549594840875835,-0.02970493278375836,-0.25592041015625,0.99029541015625,0.12015903434625835,0.06624233284124165,0.01971435546875,0.9591064453125,0.09625244140625,0.02608120002874164,0.2647705078125,0.98309326171875,-0.07979213752874165,-0.07706821403375835,0.14532470703125,0.987548828125,-0.15224086799749165,0.02028286018499164,0.03218471565374164
227,0.98162841796875,-0.11090087890625,0.07354736328125,0.1365966796875,0.94183349609375,0.215576171875,-0.02972412109375,-0.25592041015625,0.99029541015625,0.12017822265625,0.06622314453125,0.0196533203125,0.9591064453125,0.09625244140625,0.02606201171875,0.26473090640677255,0.98309326171875,-0.07977294921875,-0.07708740234375,0.14532470703125,0.987548828125,-0.1522216796875,0.020263671875,0.03216552734375
228,0.98162841796875,-0.11086352294105352,0.07351000731605352,0.1365966796875,0.94183349609375,0.2155388159098035,-0.029686765128553515,-0.25592041015625,0.99029541015625,0.12014086669105352,0.06626050049644648,0.0196533203125,0.9591064453125,0.09621508544105352,0.026136723649142973,0.26470947265625,0.98309326171875,-0.07981030518394648,-0.07705004637855352,0.14532470703125,0.987548828125,-0.1522590356526965,0.020301027840196485,0.03220288330894649
229,0.98162841796875,-0.11083984375,0.073486328125,0.1365966796875,0.94183349609375,0.21551513671875,-0.02972412109375,-0.255859375,0.99029541015625,0.12008207697533445,0.06631929021216555,0.0196533203125,0.9591064453125,0.09619140625,0.026113860981918896,0.26470947265625,0.98309326171875,-0.079833984375,-0.0770263671875,0.14532470703125,0.987548828125,-0.15228271484375,0.02032470703125,0.0322265625
230,0.98162841796875,-0.11087270883413461,0.073486328125,0.1365966796875,0.94183349609375,0.2155480018028846,-0.02972412109375,-0.255859375,0.99029541015625,0.12008901742788461,0.06631234975961539,0.0196533203125,0.9591064453125,0.09622427133413461,0.02606201171875,0.26470947265625,0.98309326171875,-0.07986215444711539,-0.0770263671875,0.14532470703125,0.987548828125,-0.1522498497596154,0.02032470703125,0.0322265625
231,0.98162841796875,-0.11090087890625,0.073486328125,0.1365966796875,0.94183349609375,0.215576171875,-0.02978515625,-0.25592041015625,0.99029541015625,0.12017822265625,0.0662841796875,0.0196533203125,0.9591064453125,0.09631368069345737,0.026092631362353683,0.2647400922998537,0.98309326171875,-0.079833984375,-0.0770263671875,0.14532470703125,0.987548828125,-0.1522216796875,0.02032470703125,0.0322265625
232,0.98162841796875,-0.11087250470317725,0.07351470232807275,0.13656830548442725,0.94183349609375,0.21554779767192725,-0.02981353045307275,-0.2558920359531773,0.99029541015625,0.12014984845317725,0.06625580548442725,0.01968169451557275,0.9591064453125,0.09634613751567725,0.02609467267192725,0.2647705078125,0.98309326171875,-0.07980132342182275,-0.07705474139057275,0.14535308123432275,0.9875814890781772,-0.1522173929373955,0.02029633282817725,0.0322265625
233,0.98162841796875,-0.11083984375,0.07354736328125,0.13653564453125,0.94183349609375,0.215576171875,-0.02978515625,-0.255859375,0.99029541015625,0.1201171875,0.0662841796875,0.01971435546875,0.9591064453125,0.09628734779995819,0.02606201171875,0.2647705078125,0.98309326171875,-0.079833984375,-0.07708740234375,0.1453857421875,0.987548828125,-0.15228271484375,0.020263671875,0.0322265625
234,0.98162841796875,-0.11090087890625,0.0736083984375,0.13653564453125,0.94183349609375,0.21563720703125,-0.02984619140625,-0.255859375,0.99029541015625,0.12017822265625,0.06622314453125,0.01971435546875,0.9591064453125,0.09625244140625,0.0260009765625,0.2647705078125,0.98309326171875,-0.07977294921875,-0.0771484375,0.1453857421875,0.98760986328125,-0.1522216796875,0.02020263671875,0.0322265625
235,0.98162841796875,-0.11090087890625,0.0736083984375,0.13653564453125,0.94183349609375,0.2156982421875,-0.02984619140625,-0.255859375,0.99029541015625,0.12017822265625,0.0662841796875,0.019775390625,0.9591064453125,0.09625244140625,0.02606201171875,0.2647705078125,0.98309326171875,-0.07977294921875,-0.0771484375,0.1453857421875,0.98760986328125,-0.1522216796875,0.02020263671875,0.0322265625
236,0.98162841796875,-0.11090087890625,0.07366943359375,0.13653564453125,0.94183349609375,0.2156982421875,-0.0299072265625,-0.255859375,0.99029541015625,0.12017822265625,0.06622314453125,0.019775390625,0.9591064453125,0.09625244140625,0.0260009765625,0.2647705078125,0.98309326171875,-0.079833984375,-0.07720947265625,0.14532470703125,0.98760986328125,-0.15216064453125,0.0201416015625,0.03228759765625
237,0.98162841796875,-0.11090087890625,0.07366943359375,0.13653564453125,0.94183349609375,0.21575927734375,-0.030029296875,-0.255859375,0.99029541015625,0.12005615234375,0.0662841796875,0.019775390625,0.9591064453125,0.0963134765625,0.02606201171875,0.26483154296875,0.98309326171875,-0.079833984375,-0.07720947265625,0.14532470703125,0.98760986328125,-0.15216064453125,0.0201416015625,0.03228759765625
238,0.98162841796875,-0.11090087890625,0.0736083984375,0.136474609375,0.94183349609375,0.21575927734375,-0.02996826171875,-0.25579833984375,0.99029541015625,0.12005615234375,0.06634521484375,0.019775390625,0.95904541015625,0.0963134765625,0.026123046875,0.264892578125,0.98309326171875,-0.0797119140625,-0.07708740234375,0.14544677734375,0.98760986328125,-0.15216064453125,0.020263671875,0.0323486328125
239,0.98162841796875,-0.11090087890625,0.0736083984375,0.136474609375,0.9417724609375,0.21588134765625,-0.02996826171875,-0.25579833984375,0.9903564453125,0.11993408203125,0.06640625,0.019775390625,0.95904541015625,0.09625244140625,0.026123046875,0.26483154296875,0.98309326171875,-0.0797119140625,-0.07708740234375,0.14544677734375,0.98760986328125,-0.15216064453125,0.020263671875,0.0323486328125
240,0.98162841796875,-0.11083984375,0.0736083984375,0.136474609375,0.94183349609375,0.2158203125,-0.030029296875,-0.25579833984375,0.9903564453125,0.119873046875,0.06640625,0.019775390625,0.9591064453125,0.09619140625,0.02618408203125,0.26483154296875,0.98309326171875,-0.0797119140625,-0.07708740234375,0.1453857421875,0.98760986328125,-0.152099609375,0.020263671875,0.0323486328125
241,0.98162841796875,-0.11083984375,0.0736083984375,0.136474609375,0.94183349609375,0.2158203125,-0.030029296875,-0.25579833984375,0.9903564453125,0.119873046875,0.06640625,0.019775390625,0.9591064453125,0.09613037109375,0.02618408203125,0.26483154296875,0.98309326171875,-0.0797119140625,-0.07708740234375,0.1453857421875,0.98760986328125,-0.152099609375,0.020263671875,0.0323486328125
242,0.98162841796875,-0.1109619140625,0.0736083984375,0.136474609375,0.9417724609375,0.2159423828125,-0.02996826171875,-0.2557373046875,0.99029541015625,0.1199951171875,0.06640625,0.01983642578125,0.95904541015625,0.09625244140625,0.026123046875,0.264892578125,0.98309326171875,-0.07965087890625,-0.0771484375,0.1453857421875,0.98760986328125,-0.1519775390625,0.020263671875,0.03228759765625
243,0.98162841796875,-0.1109619140625,0.0736083984375,0.136474609375,0.9417724609375,0.21588134765625,-0.0299072265625,-0.2557373046875,0.99029541015625,0.1199951171875,0.06640625,0.01983642578125,0.9591064453125,0.09625244140625,0.026123046875,0.26483154296875,0.98309326171875,-0.07965087890625,-0.0771484375,0.1453857421875,0.98760986328125,-0.1519775390625,0.020263671875,0.03228759765625
244,0.98162841796875,-0.1109619140625,0.0736098273542015,0.136474609375,0.9417724609375,0.21588134765625,-0.029908655479201508,-0.2557373046875,0.99029541015625,0.1199951171875,0.0664048210832985,0.01983642578125,0.9591064453125,0.09625244140625,0.026121617958298492,0.26483154296875,0.98309326171875,-0.07965087890625,-0.0771484375,0.14538431327079848,0.98760986328125,-0.15203857421875,0.020201207802048492,0.03228759765625
245,0.98162841796875,-0.1109619140625,0.07366943359375,0.136474609375,0.9417724609375,0.21600178492109115,-0.030028480351170575,-0.25567708605507944,0.99029541015625,0.12005533581992058,0.06634521484375,0.01983642578125,0.9590462266800794,0.09637287867109115,0.02606201171875,0.26489176160117056,0.98309326171875,-0.07965087890625,-0.0771484375,0.14532470703125,0.98760986328125,-0.15203857421875,0.0201416015625,0.03228759765625
246,0.98162841796875,-0.1109619140625,0.07366943359375,0.136474609375,0.9417724609375,0.21600341796875,-0.030029296875,-0.25567626953125,0.99029541015625,0.12005615234375,0.06634521484375,0.01983642578125,0.95904541015625,0.09637451171875,0.02606201171875,0.264892578125,0.98309326171875,-0.07959290571436037,-0.07720641069188963,0.14538268022313963,0.98760986328125,-0.15198060102686037,0.0201416015625,0.03228759765625
247,0.98162841796875,-0.11090087890625,0.07373046875,0.136474609375,0.9417724609375,0.2159423828125,-0.03009033203125,-0.25567626953125,0.99029541015625,0.1199951171875,0.0662841796875,0.01983642578125,0.95904541015625,0.09625244140625,0.0260009765625,0.264892578125,0.98309326171875,-0.0797119140625,-0.07720947265625,0.14532470703125,0.98760986328125,-0.15203857421875,0.02008056640625,0.03228759765625
248,0.98162841796875,-0.11090087890625,0.07373046875,0.136474609375,0.9417724609375,0.2159423828125,-0.03009033203125,-0.25567626953125,0.99029541015625,0.1199951171875,0.0662841796875,0.01983642578125,0.95904541015625,0.09637451171875,0.02606201171875,0.264892578125,0.98309326171875,-0.07955146713001672,-0.07720947265625,0.14537818934207777,0.98760986328125,-0.15198509190792223,0.02013404871707776,0.03228759765625
249,0.98162841796875,-0.11083984375,0.07366943359375,0.136474609375,0.94183349609375,0.21588134765625,-0.030029296875,-0.25567626953125,0.99029541015625,0.1199951171875,0.06634521484375,0.019775390625,0.95904541015625,0.0963134765625,0.026123046875,0.264892578125,0.98309326171875,-0.07958984375,-0.07708740234375,0.1453857421875,0.98760986328125,-0.15203857421875,0.02020263671875,0.03228759765625
250,0.98162841796875,-0.11083984375,0.07366943359375,0.136474609375,0.9417724609375,0.21600341796875,-0.03009033203125,-0.25567626953125,0.99029541015625,0.1199951171875,0.06640625,0.01983642578125,0.95904541015625,0.09637451171875,0.02618408203125,0.26483154296875,0.98309326171875,-0.07958984375,-0.07703841091398411,0.1453857421875,0.98760986328125,-0.15194059135921822,0.020300619578281786,0.032336589086015895
251,0.98162841796875,-0.11083984375,0.07366943359375,0.13641357421875,0.94183349609375,0.21600341796875,-0.03009033203125,-0.255615234375,0.99029541015625,0.1199951171875,0.06640625,0.0198974609375,0.95904541015625,0.09637451171875,0.02618408203125,0.264892578125,0.98309326171875,-0.07958984375,-0.07708740234375,0.14544677734375,0.98760986328125,-0.1519775390625,0.020263671875,0.03240966796875
252,0.98162841796875,-0.11083984375,0.07366943359375,0.13641357421875,0.9417724609375,0.21600341796875,-0.0301513671875,-0.25567626953125,0.99029541015625,0.1199951171875,0.06640625,0.01983642578125,0.95904541015625,0.0963134765625,0.02618408203125,0.264892578125,0.98309326171875,-0.07958984375,-0.07708740234375,0.14540227679504597,0.98760986328125,-0.1519775390625,0.020263671875,0.03240966796875
253,0.98162841796875,-0.11077880859375,0.07373046875,0.13641357421875,0.9417724609375,0.2159423828125,-0.03021240234375,-0.25567626953125,0.9903564453125,0.11993408203125,0.06634521484375,0.019775390625,0.95904541015625,0.09629469651442307,0.02618408203125,0.2649348332331731,0.98309326171875,-0.07965087890625,-0.0771484375,0.1453857421875,0.98760986328125,-0.152099609375,0.020263671875,0.03240966796875
254,0.98162841796875,-0.11077880859375,0.07373046875,0.13641357421875,0.9417724609375,0.21600341796875,-0.0302734375,-0.2557373046875,0.9903564453125,0.11993408203125,0.06640625,0.01983642578125,0.95904541015625,0.0963134765625,0.02618408203125,0.26495361328125,0.98309326171875,-0.07965087890625,-0.0771484375,0.14542575185514214,0.98760986328125,-0.15205959970735786,0.020263671875,0.032449677636392144
255,0.98162841796875,-0.11077880859375,0.0738525390625,0.1363525390625,0.9417724609375,0.21600341796875,-0.0303955078125,-0.25567626953125,0.9903564453125,0.119873046875,0.0662841796875,0.0198974609375,0.95904541015625,0.0962902056333612,0.026099775945861204,0.2649913775083612,0.98309326171875,-0.0797119140625,-0.0772705078125,0.14544677734375,0.98760986328125,-0.152099609375,0.0201416015625,0.032470703125
256,0.98162841796875,-0.11077880859375,0.0738525390625,0.1363525390625,0.9417724609375,0.21612548828125,-0.0302734375,-0.25567626953125,0.99029541015625,0.11993408203125,0.06634521484375,0.01995849609375,0.95904541015625,0.0963134765625,0.026123046875,0.2650146484375,0.98309326171875,-0.0797119140625,-0.0772705078125,0.14541125855716974,0.98760986328125,-0.152099609375,0.0201416015625,0.032470703125
257,0.98162841796875,-0.1107177734375,0.0738525390625,0.1363525390625,0.9417724609375,0.216064453125,-0.0302734375,-0.25567626953125,0.9903564453125,0.119873046875,0.06634521484375,0.0198974609375,0.95904541015625,0.09621916806020067,0.026123046875,0.26498137509145064,0.98309326171875,-0.07977294921875,-0.0772705078125,0.1453857421875,0.98760986328125,-0.15216064453125,0.02020263671875,0.032470703125
258,0.98162841796875,-0.1107177734375,0.0738525390625,0.1363525390625,0.9417724609375,0.216064453125,-0.0303955078125,-0.2557373046875,0.9903564453125,0.11968994140625,0.06634521484375,0.0198974609375,0.95904541015625,0.09619140625,0.026123046875,0.26495361328125,0.98309326171875,-0.07977294921875,-0.0772705078125,0.1453857421875,0.98760986328125,-0.15216064453125,0.02020263671875,0.032470703125
259,0.98162841796875,-0.1107177734375,0.07379150390625,0.1363525390625,0.9417724609375,0.216064453125,-0.03033447265625,-0.2557373046875,0.9903564453125,0.11966115894126254,0.06646381492997493,0.0198974609375,0.95904541015625,0.09619140625,0.02618408203125,0.26495361328125,0.98309326171875,-0.07977294921875,-0.07720947265625,0.1453857421875,0.98760986328125,-0.15216064453125,0.02020263671875,0.03253173828125
260,0.98162841796875,-0.1107177734375,0.07379150390625,0.1363525390625,0.9417724609375,0.216064453125,-0.03033447265625,-0.2557373046875,0.9903564453125,0.11962890625,0.0665283203125,0.0198974609375,0.95904541015625,0.09619140625,0.02618408203125,0.26495361328125,0.98309326171875,-0.07977294921875,-0.07720947265625,0.1453857421875,0.98760986328125,-0.15216064453125,0.020229173743206524,0.03250520125679348
261,0.98162841796875,-0.1107177734375,0.07379150390625,0.1363525390625,0.9417481693535744,0.21611303629285117,-0.03038305582410118,-0.2557373046875,0.9903564453125,0.11960461466607442,0.0665283203125,0.0198974609375,0.95904541015625,0.09625244140625,0.026123046875,0.26495361328125,0.98309326171875,-0.07977294921875,-0.07720947265625,0.1453857421875,0.98760986328125,-0.15216064453125,0.020263671875,0.032470703125
262,0.98162841796875,-0.1107177734375,0.07379150390625,0.1363525390625,0.94171142578125,0.2161865234375,-0.03045654296875,-0.2557373046875,0.9903564453125,0.11956787109375,0.0665283203125,0.0198974609375,0.95904541015625,0.09625244140625,0.026123046875,0.26495361328125,0.98309326171875,-0.07977294921875,-0.07720947265625,0.1453857421875,0.98760986328125,-0.15216064453125,0.020263671875,0.032470703125
263,0.98162841796875,-0.1107177734375,0.0738525390625,0.1363525390625,0.94171142578125,0.2161865234375,-0.03047797671927257,-0.2557373046875,0.9903564453125,0.11952663664036371,0.06648708585911371,0.0198974609375,0.95904541015625,0.09625244140625,0.026123046875,0.2650146484375,0.98309326171875,-0.07977294921875,-0.0772705078125,0.1453857421875,0.98760986328125,-0.15216064453125,0.02020263671875,0.03240966796875
264,0.98162841796875,-0.1107177734375,0.0738525390625,0.1363525390625,0.94171142578125,0.2161865234375,-0.0303955078125,-0.2557373046875,0.9903564453125,0.11956787109375,0.0665283203125,0.0198974609375,0.95904541015625,0.09625244140625,0.026123046875,0.2650146484375,0.98309326171875,-0.07977294921875,-0.0772705078125,0.1453857421875,0.9875923080189172,-0.15217819979358277,0.02020263671875,0.032392112706417224
265,0.98162841796875,-0.1107177734375,0.0738525390625,0.1363525390625,0.94171142578125,0.21620183325930184,-0.030426127456103683,-0.25572199486569813,0.9903564453125,0.11953725145014632,0.06651301049069816,0.0198974609375,0.95904541015625,0.09625244140625,0.02606201171875,0.26495361328125,0.98309326171875,-0.07977294921875,-0.0772705078125,0.1453857421875,0.987548828125,-0.1522216796875,0.02020263671875,0.0323486328125
266,0.98162841796875,-0.1107047090562291,0.0738394746812291,0.1363656034437709,0.94171142578125,0.2162344942124791,-0.030504513743729096,-0.2556893339125209,0.9903564453125,0.1194327363999791,0.0664803495375209,0.019884396556229096,0.95904541015625,0.0962393770249791,0.026075076100020904,0.2649405488999791,0.98309326171875,-0.0797598848374791,-0.0772574434312291,0.1453726778062291,0.987548828125,-0.1522086153062291,0.020215701100020904,0.0323486328125
267,0.98162841796875,-0.11065673828125,0.07379150390625,0.13641357421875,0.94171142578125,0.2161865234375,-0.030445724028010032,-0.2557373046875,0.9903564453125,0.119384765625,0.06653913925323997,0.01983642578125,0.95904541015625,0.09619140625,0.026123046875,0.264892578125,0.98309326171875,-0.0797119140625,-0.07720947265625,0.14532470703125,0.987548828125,-0.15216064453125,0.020263671875,0.0323486328125
268,0.98162841796875,-0.11064816478104096,0.07380007740645904,0.13641357421875,0.94171142578125,0.21617794993729098,-0.030404081312709035,-0.2557373046875,0.990365018812709,0.11937619212479096,0.06658078196854096,0.01983642578125,0.95904541015625,0.09618283274979096,0.026123046875,0.264892578125,0.98309326171875,-0.07972048756270904,-0.07720089915604096,0.14532470703125,0.987548828125,-0.15217779153166808,0.020255098374790965,0.03234005931229097
269,0.98162841796875,-0.110595703125,0.0738525390625,0.13641357421875,0.94171142578125,0.2161318163409281,-0.030462871028428096,-0.2557373046875,0.99041748046875,0.11932373046875,0.0665283203125,0.01983642578125,0.95904541015625,0.09613037109375,0.026123046875,0.264892578125,0.98309326171875,-0.07977294921875,-0.0771484375,0.14532470703125,0.987548828125,-0.15228271484375,0.02020263671875,0.03228759765625
270,0.98162841796875,-0.110595703125,0.07385662168164717,0.13641357421875,0.94171142578125,0.2161865234375,-0.03052166074414716,-0.2557373046875,0.99041748046875,0.11932373046875,0.06652423769335283,0.01983642578125,0.95904541015625,0.09613037109375,0.02611896425585284,0.264892578125,0.98309326171875,-0.07977703183789717,-0.07715660273829432,0.14532470703125,0.987548828125,-0.15227863222460283,0.02019855409960284,0.03228759765625
271,0.98162841796875,-0.110595703125,0.07391357421875,0.13641357421875,0.94171142578125,0.2161865234375,-0.03057677610263378,-0.25573914186611624,0.99041748046875,0.11932373046875,0.06646912233486622,0.01983642578125,0.95904541015625,0.09619140625,0.026123046875,0.264892578125,0.98309326171875,-0.079833984375,-0.0772705078125,0.14532470703125,0.987548828125,-0.1522216796875,0.0201416015625,0.03228759765625
272,0.98162841796875,-0.110595703125,0.07391357421875,0.13641357421875,0.94171142578125,0.2161865234375,-0.030517578125,-0.25579833984375,0.99041748046875,0.11932373046875,0.0665283203125,0.01983642578125,0.95904541015625,0.09619140625,0.026123046875,0.264892578125,0.98309326171875,-0.079833984375,-0.0772705078125,0.14532470703125,0.987548828125,-0.1522216796875,0.0201416015625,0.03228759765625
273,0.98162841796875,-0.110595703125,0.073974609375,0.13641357421875,0.94171142578125,0.21624755859375,-0.03057861328125,-0.25579833984375,0.99041748046875,0.11932373046875,0.06646728515625,0.01983642578125,0.95904541015625,0.09619140625,0.02606201171875,0.264892578125,0.98309326171875,-0.07977294921875,-0.0772705078125,0.14532470703125,0.987548828125,-0.1522216796875,0.0201416015625,0.03228759765625
274,0.98162841796875,-0.110595703125,0.073974609375,0.13641357421875,0.94171142578125,0.21630859375,-0.03057861328125,-0.2557373046875,0.99041748046875,0.11932373046875,0.0665283203125,0.01983642578125,0.95904541015625,0.09619140625,0.02606201171875,0.264892578125,0.98309326171875,-0.07977294921875,-0.0772705078125,0.14532470703125,0.987548828125,-0.1522216796875,0.0201416015625,0.03228759765625
275,0.98162841796875,-0.11053466796875,0.07391357421875,0.13641357421875,0.94171142578125,0.2161865234375,-0.030517578125,-0.2557373046875,0.99041748046875,0.1192626953125,0.066650390625,0.01983642578125,0.95904541015625,0.0960693359375,0.02618408203125,0.264892578125,0.98309326171875,-0.079833984375,-0.07720947265625,0.14532470703125,0.987548828125,-0.1522216796875,0.02020263671875,0.03228759765625
276,0.98162841796875,-0.11053466796875,0.07391357421875,0.13641357421875,0.94171142578125,0.21624755859375,-0.03057861328125,-0.2557373046875,0.99041748046875,0.1192626953125,0.066650390625,0.01983642578125,0.95904541015625,0.0960693359375,0.02618408203125,0.264892578125,0.98309326171875,-0.079833984375,-0.07720947265625,0.14532470703125,0.987548828125,-0.1522216796875,0.02020263671875,0.03228759765625
277,0.98162841796875,-0.1104736328125,0.07391357421875,0.13641357421875,0.94171142578125,0.2161865234375,-0.0306396484375,-0.2557373046875,0.99041748046875,0.11920166015625,0.066650390625,0.01983642578125,0.95904541015625,0.0960693359375,0.02630615234375,0.26495361328125,0.98309326171875,-0.07989501953125,-0.0771484375,0.14532470703125,0.987548828125,-0.1522216796875,0.020263671875,0.0323486328125
278,0.98162841796875,-0.1104736328125,0.07391357421875,0.13641357421875,0.941650390625,0.21630859375,-0.03070068359375,-0.25579833984375,0.99041748046875,0.11920166015625,0.06671142578125,0.01983642578125,0.95904541015625,0.0960693359375,0.02630615234375,0.26495361328125,0.98309326171875,-0.07989501953125,-0.0771484375,0.14532470703125,0.987548828125,-0.1522216796875,0.020263671875,0.0323486328125
279,0.981689453125,-0.11041259765625,0.07391357421875,0.13641357421875,0.94171142578125,0.21624755859375,-0.03070068359375,-0.25579833984375,0.99041748046875,0.11909571618938126,0.06671142578125,0.01983642578125,0.95904541015625,0.09600830078125,0.02630615234375,0.26495361328125,0.98309326171875,-0.079833984375,-0.07708740234375,0.1453857421875,0.987548828125,-0.15216064453125,0.02032470703125,0.0323486328125
280,0.981689453125,-0.11041259765625,0.07391357421875,0.13641357421875,0.941650390625,0.21630859375,-0.03076171875,-0.255859375,0.99041748046875,0.11907958984375,0.06671142578125,0.01983642578125,0.95904541015625,0.09600830078125,0.02630615234375,0.26495361328125,0.98309326171875,-0.079833984375,-0.07708740234375,0.1453857421875,0.987548828125,-0.15216064453125,0.02032470703125,0.0323486328125
281,0.981689453125,-0.11041259765625,0.073974609375,0.1363525390625,0.941650390625,0.21630859375,-0.03082275390625,-0.25579833984375,0.99041748046875,0.11907958984375,0.066650390625,0.0198974609375,0.95904541015625,0.09613037109375,0.0262451171875,0.2650146484375,0.98309326171875,-0.07989501953125,-0.0771484375,0.14544677734375,0.98760986328125,-0.15216064453125,0.02032470703125,0.03240966796875
282,0.981689453125,-0.11041259765625,0.073974609375,0.1363525390625,0.94171142578125,0.21624755859375,-0.03082275390625,-0.2557373046875,0.99041748046875,0.11907958984375,0.066650390625,0.0198974609375,0.95904541015625,0.09613037109375,0.0262451171875,0.2650146484375,0.98309326171875,-0.07989501953125,-0.0771484375,0.14544677734375,0.98760986328125,-0.15216064453125,0.02032470703125,0.03240966796875
283,0.98162841796875,-0.11041259765625,0.07403564453125,0.13641357421875,0.941650390625,0.21624755859375,-0.0308837890625,-0.25579833984375,0.99041748046875,0.11904366279525501,0.06662528251724499,0.01983642578125,0.95904541015625,0.09613037109375,0.02618408203125,0.26495361328125,0.98309326171875,-0.07989501953125,-0.07720947265625,0.14532470703125,0.98760986328125,-0.15216064453125,0.02020263671875,0.03228759765625
284,0.98162841796875,-0.11041259765625,0.07403564453125,0.13641357421875,0.941650390625,0.21636962890625,-0.03094482421875,-0.25579833984375,0.99041748046875,0.1190185546875,0.066650390625,0.01983642578125,0.95904541015625,0.09613037109375,0.02618408203125,0.26495361328125,0.98309326171875,-0.07989501953125,-0.07720947265625,0.14532470703125,0.98760986328125,-0.15216064453125,0.02020263671875,0.03228759765625
285,0.981689453125,-0.1103515625,0.073974609375,0.13641357421875,0.941650390625,0.21630859375,-0.0308837890625,-0.25579833984375,0.99041748046875,0.11892608336381688,0.06671142578125,0.01983642578125,0.9591064453125,0.095947265625,0.02630615234375,0.26495361328125,0.98309326171875,-0.0799560546875,-0.0771484375,0.14532470703125,0.987548828125,-0.1522216796875,0.020263671875,0.03228759765625
286,0.981689453125,-0.1103515625,0.073974609375,0.13641357421875,0.941650390625,0.21636962890625,-0.0308837890625,-0.25579833984375,0.99041748046875,0.118896484375,0.06671142578125,0.01983642578125,0.9591064453125,0.095947265625,0.02630615234375,0.26495361328125,0.98309326171875,-0.0799560546875,-0.0771484375,0.14532470703125,0.987548828125,-0.1522216796875,0.020263671875,0.03228759765625
287,0.981689453125,-0.1103515625,0.07403564453125,0.1363525390625,0.941650390625,0.21636962890625,-0.03094482421875,-0.2557373046875,0.99041748046875,0.11892342966137125,0.06667733591137125,0.0198974609375,0.95904541015625,0.09600830078125,0.02630615234375,0.2650146484375,0.98309326171875,-0.0799560546875,-0.07720947265625,0.1453857421875,0.98760986328125,-0.15216064453125,0.020263671875,0.0323486328125
288,0.981689453125,-0.1103515625,0.07403564453125,0.1363525390625,0.941650390625,0.2164306640625,-0.03094482421875,-0.2557373046875,0.99041748046875,0.11895751953125,0.06671142578125,0.0198974609375,0.95904541015625,0.09600830078125,0.02630615234375,0.2650146484375,0.98309326171875,-0.0799560546875,-0.07720947265625,0.1453857421875,0.98760986328125,-0.15216064453125,0.020263671875,0.0323486328125
289,0.98162841796875,-0.1103515625,0.07415771484375,0.1363525390625,0.941650390625,0.2164306640625,-0.03106689453125,-0.2557373046875,0.99041748046875,0.11895751953125,0.06661180987405937,0.0198974609375,0.95904541015625,0.0960693359375,0.0262451171875,0.2650146484375,0.98309326171875,-0.0799560546875,-0.07733154296875,0.1453857421875,0.98760986328125,-0.15216064453125,0.02020263671875,0.03240966796875
290,0.9816486269335284,-0.1103515625,0.07415771484375,0.1363525390625,0.941650390625,0.21636962890625,-0.03106689453125,-0.2557373046875,0.99041748046875,0.11895751953125,0.066650390625,0.0198974609375,0.95904541015625,0.0960693359375,0.0262451171875,0.2650146484375,0.98309326171875,-0.0799560546875,-0.07731133400397157,0.1453857421875,0.98760986328125,-0.15216064453125,0.02020263671875,0.03240966796875
291,0.981689453125,-0.1103515625,0.07415771484375,0.1363525390625,0.941650390625,0.21636962890625,-0.03106689453125,-0.2557373046875,0.99041748046875,0.11895751953125,0.06666835414924749,0.0198974609375,0.95904541015625,0.0960693359375,0.0262451171875,0.2650146484375,0.98309326171875,-0.07989501953125,-0.07720947265625,0.1453857421875,0.98760986328125,-0.152099609375,0.02032470703125,0.03240966796875
292,0.981689453125,-0.11033584441628344,0.07418915101118312,0.13633682097878344,0.9416050735524666,0.21653701629128344,-0.031220401011183122,-0.2557826217600334,0.99041748046875,0.11892608336381688,0.06669570769753344,0.019913179021216563,0.95904541015625,0.09603789977006688,0.026229399103783437,0.2650303665212166,0.9830775436350334,-0.07992645569868312,-0.07724090882368312,0.14540146027121656,0.98760986328125,-0.15211532745871656,0.020293270863816878,0.03240966796875
293,0.981689453125,-0.11029052734375,0.07427978515625,0.13629150390625,0.941650390625,0.21649169921875,-0.03131103515625,-0.2557373046875,0.99041748046875,0.11884892186193562,0.06663691798181438,0.01995849609375,0.95904541015625,0.09600830078125,0.02618408203125,0.26507568359375,0.9830322265625,-0.07989501953125,-0.07733154296875,0.14544677734375,0.98760986328125,-0.152099609375,0.02020263671875,0.03240966796875
294,0.981689453125,-0.11030175454640469,0.07427978515625,0.13629150390625,0.94158935546875,0.2165639615776547,-0.0313720703125,-0.2557373046875,0.99041748046875,0.11890771157765469,0.06658935546875,0.01995849609375,0.95904541015625,0.09601952798390469,0.026172854828595313,0.26507568359375,0.9830434537651547,-0.07988379232859531,-0.07733154296875,0.14544677734375,0.98760986328125,-0.1520883821723453,0.020191409516095313,0.03240966796875
295,0.981689453125,-0.1103515625,0.07427978515625,0.13629150390625,0.94158935546875,0.21661376953125,-0.0313720703125,-0.2557373046875,0.99041748046875,0.11895751953125,0.06658935546875,0.01995849609375,0.95904541015625,0.0960693359375,0.026123046875,0.26507568359375,0.98309326171875,-0.079833984375,-0.07733154296875,0.14544677734375,0.98760986328125,-0.15191650390625,0.02020263671875,0.032470703125
296,0.981689453125,-0.11034482617840718,0.07427978515625,0.13628476758465718,0.94158935546875,0.21666806836590718,-0.03143310546875,-0.2557916035221572,0.99041748046875,0.11895078320965718,0.06658935546875,0.019965232415342815,0.95904541015625,0.09606259961590718,0.026129783196592815,0.2650824199153428,0.9830865253971572,-0.07984072069659282,-0.07733154296875,0.14545351366534282,0.98760986328125,-0.15192324022784282,0.02020263671875,0.032470703125
297,0.981689453125,-0.11029052734375,0.07427978515625,0.13623046875,0.94158935546875,0.21661376953125,-0.03143310546875,-0.2557373046875,0.99041748046875,0.11889199349393811,0.06658935546875,0.02001953125,0.95904541015625,0.09600830078125,0.02618408203125,0.26513671875,0.9830322265625,-0.07989501953125,-0.07733154296875,0.14544677734375,0.98760986328125,-0.1519775390625,0.02020263671875,0.032470703125
298,0.981689453125,-0.11029277278428094,0.07427978515625,0.13623046875,0.94158935546875,0.21655497981553093,-0.03143310546875,-0.2557373046875,0.99041748046875,0.11883769465928094,0.06658711002821906,0.02001953125,0.95904541015625,0.09601054622178094,0.02618183659071906,0.26513671875,0.983034472003031,-0.07989277409071906,-0.07733154296875,0.14544677734375,0.98760986328125,-0.15197529362196907,0.02020263671875,0.032470703125
299,0.981689453125,-0.1103515625,0.07427978515625,0.13623046875,0.94158935546875,0.21661376953125,-0.03143310546875,-0.2557373046875,0.99041748046875,0.118896484375,0.0665283203125,0.02001953125,0.95904541015625,0.0960693359375,0.026123046875,0.26507568359375,0.98309326171875,-0.07977294921875,-0.07733154296875,0.14544677734375,0.98760986328125,-0.15185546875,0.020263671875,0.03253173828125
