timestep,imu0_w,imu0_x,imu0_y,imu0_z,imu1_w,imu1_x,imu1_y,imu1_z,imu2_w,imu2_x,imu2_y,imu2_z,imu3_w,imu3_x,imu3_y,imu3_z,imu4_w,imu4_x,imu4_y,imu4_z,imu5_w,imu5_x,imu5_y,imu5_z
0,0.841064453125,-0.24700927734375,-0.2230224609375,-0.4263916015625,0.12213134765625,0.25738525390625,0.29876708984375,0.9107666015625,0.77996826171875,0.4200439453125,0.058349609375,0.4600830078125,0.47137451171875,0.4881591796875,-0.122314453125,0.72418212890625,0.724365234375,0.2882080078125,-0.31890869140625,0.53887939453125,0.912109375,-0.2357177734375,-0.1441650390625,0.30267333984375
1,0.84100341796875,-0.24676513671875,-0.2230224609375,-0.42657470703125,0.12200927734375,0.25750732421875,0.29888916015625,0.91070556640625,0.77996826171875,0.41986083984375,0.058837890625,0.460205078125,0.47147514828072745,0.4877066213550376,-0.12181514880330267,0.7245269060932275,0.7242431640625,0.2880859375,-0.31890869140625,0.53912353515625,0.91204833984375,-0.2359619140625,-0.143310546875,0.3031005859375
2,0.84100341796875,-0.24676513671875,-0.2230224609375,-0.42657470703125,0.12200927734375,0.25750732421875,0.29888916015625,0.91070556640625,0.77996826171875,0.41986083984375,0.058837890625,0.460205078125,0.47149658203125,0.4876708984375,-0.12176513671875,0.72454833984375,0.7242899100517349,0.28794569953229515,-0.3184412315139005,0.5394040110916597,0.91204833984375,-0.2359619140625,-0.143310546875,0.3031005859375
3,0.84100341796875,-0.24658203125,-0.222900390625,-0.4267578125,0.12158203125,0.2574462890625,0.299072265625,0.91070556640625,0.780029296875,0.41925048828125,0.05950927734375,0.46063232421875,0.47141411312447745,0.48709177891147576,-0.12158529734531773,0.7250086551525919,0.72418212890625,0.28778076171875,-0.318359375,0.53973388671875,0.912109375,-0.235595703125,-0.14288330078125,0.303466796875
4,0.84100341796875,-0.24658203125,-0.222900390625,-0.4267578125,0.12158203125,0.2574462890625,0.299072265625,0.91070556640625,0.780029296875,0.41925048828125,0.05950927734375,0.46063232421875,0.471435546875,0.48687744140625,-0.12152099609375,0.72515869140625,0.7241496720840301,0.287456193496551,-0.3180672636000209,0.5400909117631689,0.912109375,-0.235595703125,-0.14288330078125,0.303466796875
5,0.84112548828125,-0.2464599609375,-0.22259521484375,-0.42681884765625,0.121337890625,0.2572021484375,0.29937744140625,0.91070556640625,0.78009033203125,0.41839599609375,0.05987548828125,0.461181640625,0.47151148359113715,0.48630424167798914,-0.12155222813022576,0.725483259628449,0.72406005859375,0.2869873046875,-0.31805419921875,0.54046630859375,0.9119873046875,-0.2357177734375,-0.142333984375,0.30389404296875
6,0.84112548828125,-0.2464599609375,-0.22259521484375,-0.42681884765625,0.121337890625,0.2572021484375,0.29937744140625,0.91070556640625,0.78009033203125,0.41839599609375,0.05987548828125,0.461181640625,0.47161865234375,0.48583984375,-0.121337890625,0.72576904296875,0.7240418909385451,0.2867329575146321,-0.3178725226667015,0.5407388234218228,0.9119873046875,-0.2357177734375,-0.142333984375,0.30389404296875
7,0.8411865234375,-0.24639892578125,-0.22216796875,-0.4268798828125,0.12127685546875,0.25689697265625,0.299560546875,0.9107666015625,0.7801513671875,0.41741943359375,0.06048583984375,0.4619140625,0.47186279296875,0.48443603515625,-0.12109375,0.7265625,0.723876953125,0.2860107421875,-0.31781005859375,0.5413818359375,0.91180419921875,-0.23577880859375,-0.14190673828125,0.3045654296875
8,0.8411865234375,-0.24639892578125,-0.22216796875,-0.4268798828125,0.12127685546875,0.25689697265625,0.299560546875,0.9107666015625,0.7801513671875,0.41741943359375,0.06048583984375,0.4619140625,0.47186279296875,0.48443603515625,-0.12109375,0.7265625,0.7238847101013796,0.2859564433528428,-0.31775188127090304,0.5414361347721572,0.91180419921875,-0.23577880859375,-0.14190673828125,0.3045654296875
9,0.8411865234375,-0.24652099609375,-0.2220458984375,-0.4268798828125,0.12152099609375,0.2567138671875,0.29931640625,0.91082763671875,0.78021240234375,0.41668701171875,0.06103515625,0.46234130859375,0.4720938692124791,0.483800575485995,-0.1209847440687709,0.7268513453046613,0.72393798828125,0.28521728515625,-0.31707763671875,0.5421142578125,0.91168212890625,-0.236083984375,-0.14129638671875,0.3050537109375
10,0.8411865234375,-0.24652099609375,-0.2220458984375,-0.4268798828125,0.12152099609375,0.2567138671875,0.29931640625,0.91082763671875,0.78021240234375,0.41668701171875,0.06103515625,0.46234130859375,0.47210693359375,0.4837646484375,-0.1209716796875,0.72686767578125,0.72393798828125,0.28521728515625,-0.31707763671875,0.5421142578125,0.91168212890625,-0.236083984375,-0.14129638671875,0.3050537109375
11,0.841064453125,-0.24688720703125,-0.22222900390625,-0.42681884765625,0.12176513671875,0.2568359375,0.29888916015625,0.91094970703125,0.7802734375,0.4166259765625,0.06121826171875,0.46234130859375,0.47213285822533446,0.48404389958716554,-0.12131951883883779,0.7265976105246655,0.72412109375,0.28485107421875,-0.31671142578125,0.54229736328125,0.91156005859375,-0.2364501953125,-0.14044189453125,0.305419921875
12,0.841064453125,-0.24688720703125,-0.22222900390625,-0.42681884765625,0.12176513671875,0.2568359375,0.29888916015625,0.91094970703125,0.7802734375,0.4166259765625,0.06121826171875,0.46234130859375,0.47216796875,0.4840087890625,-0.1214599609375,0.7265625,0.72412109375,0.28485107421875,-0.31671142578125,0.54229736328125,0.91156005859375,-0.2364501953125,-0.14044189453125,0.305419921875
13,0.8408203125,-0.2474365234375,-0.22259521484375,-0.4267578125,0.121826171875,0.2572021484375,0.2982177734375,0.9110107421875,0.78021240234375,0.41656494140625,0.0616455078125,0.46246337890625,0.4721653150475543,0.4845023777173913,-0.12154487941576086,0.72625732421875,0.72430419921875,0.28509521484375,-0.31640625,0.54205322265625,0.91180419921875,-0.23602294921875,-0.1397705078125,0.305419921875
14,0.8408203125,-0.2474365234375,-0.22259521484375,-0.4267578125,0.121826171875,0.2572021484375,0.2982177734375,0.9110107421875,0.78021240234375,0.41656494140625,0.0616455078125,0.46246337890625,0.47222900390625,0.484375,-0.1217041015625,0.72625732421875,0.7242821530753554,0.2850511225569607,-0.3163180654264214,0.5421634533732232,0.91180419921875,-0.23602294921875,-0.1397705078125,0.305419921875
15,0.8406982421875,-0.247802734375,-0.2227783203125,-0.42669677734375,0.12176513671875,0.25732421875,0.2977294921875,0.91119384765625,0.7801513671875,0.41595458984375,0.0626220703125,0.46295166015625,0.47216796875,0.484375,-0.12158203125,0.726318359375,0.72430419921875,0.28533935546875,-0.3160400390625,0.54217529296875,0.91204833984375,-0.2352294921875,-0.1392822265625,0.30548095703125
16,0.8406982421875,-0.247802734375,-0.2227783203125,-0.42669677734375,0.12176513671875,0.25732421875,0.2977294921875,0.91119384765625,0.7801513671875,0.41595458984375,0.0626220703125,0.46295166015625,0.47216796875,0.484375,-0.12158203125,0.726318359375,0.7242964422423704,0.285300570586852,-0.31599349720422243,0.5422373487797868,0.91204833984375,-0.2352294921875,-0.1392822265625,0.30548095703125
17,0.84075927734375,-0.24786376953125,-0.2227783203125,-0.42657470703125,0.1214599609375,0.2574462890625,0.29779052734375,0.9111328125,0.7801513671875,0.416015625,0.06280517578125,0.462890625,0.4722900390625,0.48431396484375,-0.1214599609375,0.726318359375,0.72430419921875,0.2850341796875,-0.315673828125,0.54254150390625,0.91204833984375,-0.2352294921875,-0.13873291015625,0.3056640625
18,0.84075927734375,-0.24786376953125,-0.2227783203125,-0.42657470703125,0.1214599609375,0.2574462890625,0.29779052734375,0.9111328125,0.7801513671875,0.416015625,0.06280517578125,0.462890625,0.4722900390625,0.48431396484375,-0.1214599609375,0.726318359375,0.72430419921875,0.2850341796875,-0.315673828125,0.54254150390625,0.91204833984375,-0.2352294921875,-0.13873291015625,0.3056640625
19,0.84075927734375,-0.24774169921875,-0.2227783203125,-0.42657470703125,0.12115478515625,0.2574462890625,0.2978515625,0.91119384765625,0.7801513671875,0.415771484375,0.063232421875,0.4630126953125,0.4722900390625,0.4840024610028219,-0.12116213387071488,0.726568828059678,0.72442626953125,0.2845458984375,-0.315185546875,0.54296875,0.9119873046875,-0.235595703125,-0.1383056640625,0.3057861328125
20,0.84075927734375,-0.24774169921875,-0.2227783203125,-0.42657470703125,0.12115478515625,0.2574462890625,0.2978515625,0.91119384765625,0.7801513671875,0.415771484375,0.063232421875,0.4630126953125,0.4722900390625,0.48394775390625,-0.12109375,0.72662353515625,0.72442626953125,0.2845458984375,-0.315185546875,0.54296875,0.9119873046875,-0.235595703125,-0.1383056640625,0.3057861328125
21,0.8406982421875,-0.247802734375,-0.22308349609375,-0.426513671875,0.12127685546875,0.2576904296875,0.29766845703125,0.9111328125,0.7801513671875,0.415771484375,0.0638427734375,0.46295166015625,0.472323108277592,0.484163928590092,-0.12087757531615803,0.7264683956286581,0.724609375,0.28448486328125,-0.314697265625,0.54302978515625,0.91204833984375,-0.2357177734375,-0.13787841796875,0.3057861328125
22,0.8406982421875,-0.247802734375,-0.22308349609375,-0.426513671875,0.12127685546875,0.2576904296875,0.29766845703125,0.9111328125,0.7801513671875,0.415771484375,0.0638427734375,0.46295166015625,0.47235107421875,0.48419189453125,-0.120849609375,0.7264404296875,0.724609375,0.28448486328125,-0.314697265625,0.54302978515625,0.91204833984375,-0.2357177734375,-0.13787841796875,0.3057861328125
23,0.840576171875,-0.2481689453125,-0.223388671875,-0.4263916015625,0.12139892578125,0.2578125,0.29730224609375,0.91119384765625,0.780029296875,0.4161376953125,0.0638427734375,0.4627685546875,0.47235107421875,0.484619140625,-0.1209716796875,0.72613525390625,0.72491455078125,0.2845458984375,-0.31427001953125,0.5428466796875,0.9122314453125,-0.23553466796875,-0.13739013671875,0.3055419921875
24,0.840576171875,-0.2481689453125,-0.223388671875,-0.4263916015625,0.12139892578125,0.2578125,0.29730224609375,0.91119384765625,0.780029296875,0.4161376953125,0.0638427734375,0.4627685546875,0.47235107421875,0.484619140625,-0.1209716796875,0.72613525390625,0.72491455078125,0.2845458984375,-0.31427001953125,0.5428466796875,0.9122314453125,-0.23553466796875,-0.13739013671875,0.3055419921875
25,0.840576171875,-0.24835205078125,-0.22344970703125,-0.42626953125,0.12139892578125,0.2578125,0.2969970703125,0.91131591796875,0.77996826171875,0.416259765625,0.06390380859375,0.46282958984375,0.4722900390625,0.4844970703125,-0.1212158203125,0.7261962890625,0.72491455078125,0.28436279296875,-0.314453125,0.5428466796875,0.91229248046875,-0.2354736328125,-0.1373291015625,0.30548095703125
26,0.840576171875,-0.24835205078125,-0.22344970703125,-0.42626953125,0.12139892578125,0.2578125,0.2969970703125,0.91131591796875,0.77996826171875,0.416259765625,0.06390380859375,0.46282958984375,0.4722900390625,0.4844970703125,-0.1212158203125,0.7261962890625,0.72491455078125,0.28436279296875,-0.314453125,0.5428466796875,0.91229248046875,-0.2354736328125,-0.1373291015625,0.30548095703125
27,0.840576171875,-0.2485569982624373,-0.22339847016095318,-0.42616705750940637,0.12129645204065635,0.25786373687029684,0.29694583344220316,0.9113671548390468,0.7800194985890468,0.41615729188440637,0.06380133485315635,0.46282958984375,0.47234127593279684,0.48444583344220316,-0.1214207677936873,0.7261962890625,0.7249047524952968,0.2842723629546405,-0.31468746733904684,0.5427638025188127,0.91229248046875,-0.23552486968279682,-0.13738033843279682,0.30548095703125
28,0.840576171875,-0.24859619140625,-0.223388671875,-0.4261474609375,0.12127685546875,0.25787353515625,0.29693603515625,0.911376953125,0.780029296875,0.4161376953125,0.06378173828125,0.46282958984375,0.47235107421875,0.48443603515625,-0.1214599609375,0.7261962890625,0.72491455078125,0.2843017578125,-0.314697265625,0.542724609375,0.91229248046875,-0.23553466796875,-0.13739013671875,0.30548095703125
29,0.840576171875,-0.2486572265625,-0.22332763671875,-0.4261474609375,0.12135075087531355,0.2577755522967182,0.29688786025031355,0.911376953125,0.7800052094220318,0.4160139919523411,0.06379459853156355,0.4629404329535953,0.4723880219220318,0.4843990874529682,-0.12159489150031355,0.72613525390625,0.72491455078125,0.283935546875,-0.31475830078125,0.5428466796875,0.9122555327654682,-0.2356214236256271,-0.13737727646843645,0.30549381728156355
30,0.840576171875,-0.2486572265625,-0.22332763671875,-0.4261474609375,0.12139892578125,0.25775146484375,0.29693603515625,0.911376953125,0.780029296875,0.4158935546875,0.0638427734375,0.4630126953125,0.472412109375,0.484375,-0.12164306640625,0.72613525390625,0.72491455078125,0.283935546875,-0.31475830078125,0.5428466796875,0.9122314453125,-0.2357177734375,-0.1373291015625,0.3055419921875
31,0.840576171875,-0.24871826171875,-0.22332763671875,-0.42620849609375,0.12147384184260034,0.2577288063074833,0.296875,0.9113542945887333,0.7800519554112667,0.4158866142349498,0.06391074904630016,0.4630126953125,0.4724190498275502,0.4843227424749164,-0.12164306640625,0.7262189475987667,0.7249755859375,0.28369140625,-0.314697265625,0.54290771484375,0.9122314453125,-0.23572471389005017,-0.13732216110994983,0.30549667511496653
32,0.840576171875,-0.24871826171875,-0.22332763671875,-0.42620849609375,0.1217041015625,0.2576904296875,0.296875,0.91131591796875,0.78009033203125,0.415771484375,0.06402587890625,0.4630126953125,0.4725341796875,0.484130859375,-0.12164306640625,0.72625732421875,0.7249755859375,0.28369140625,-0.314697265625,0.54290771484375,0.9122314453125,-0.23583984375,-0.13720703125,0.305419921875
33,0.84039306640625,-0.2489013671875,-0.22344970703125,-0.4263916015625,0.12176513671875,0.2578125,0.2967529296875,0.91131591796875,0.78009033203125,0.416015625,0.06402587890625,0.4627685546875,0.47259521484375,0.484130859375,-0.12176513671875,0.72613525390625,0.72515869140625,0.28338623046875,-0.31427001953125,0.5430908203125,0.91229248046875,-0.23590087890625,-0.13677978515625,0.305419921875
34,0.84039306640625,-0.2489013671875,-0.22344970703125,-0.4263916015625,0.12176513671875,0.2578125,0.2967529296875,0.91131591796875,0.78009033203125,0.416015625,0.06402587890625,0.4627685546875,0.47259521484375,0.484130859375,-0.12176513671875,0.72613525390625,0.72515869140625,0.28338623046875,-0.31427001953125,0.5430908203125,0.91229248046875,-0.23590087890625,-0.13677978515625,0.305419921875
35,0.8401726049723035,-0.24906671326295987,-0.2236701684651965,-0.42650183227947325,0.12182025207723662,0.25792273071697325,0.2966978143290134,0.91131591796875,0.78009033203125,0.41612585571697325,0.06424634034019648,0.46265832397052675,0.4726503302022366,0.48429620545045987,-0.12165490600177675,0.7260250231892768,0.7254697869852634,0.28341174683841974,-0.31379949767454013,0.5430238653584866,0.9123475958272366,-0.23579064818927675,-0.13650420836381688,0.3054750372334866
36,0.84014892578125,-0.24908447265625,-0.22369384765625,-0.426513671875,0.121826171875,0.2579345703125,0.29669189453125,0.91131591796875,0.78009033203125,0.4161376953125,0.06427001953125,0.462646484375,0.47265625,0.48431396484375,-0.12164306640625,0.72601318359375,0.7254638671875,0.283447265625,-0.31378173828125,0.54302978515625,0.912353515625,-0.23577880859375,-0.136474609375,0.30548095703125
37,0.8400672733983069,-0.24920695123066472,-0.22369384765625,-0.42659532425794316,0.12194865044941472,0.25789374412102845,0.29665106833977845,0.91131591796875,0.78009033203125,0.415851911972199,0.06451497668007944,0.46289144152382944,0.47269707619147155,0.4839873553119774,-0.12160224021477843,0.7262581407425794,0.7254230409960284,0.2830612539846363,-0.3135986328125,0.54327392578125,0.9122718632420569,-0.23590128716816472,-0.13635213080058528,0.3056850879886079
38,0.84002685546875,-0.249267578125,-0.22369384765625,-0.4266357421875,0.12200927734375,0.25787353515625,0.296630859375,0.91131591796875,0.78009033203125,0.41571044921875,0.06463623046875,0.4630126953125,0.47271728515625,0.48382568359375,-0.12158203125,0.72637939453125,0.72540283203125,0.28314208984375,-0.3135986328125,0.54327392578125,0.9122314453125,-0.2359619140625,-0.13629150390625,0.3057861328125
39,0.840087890625,-0.2493896484375,-0.223388671875,-0.42669677734375,0.1220703125,0.25772492781929346,0.2965194038722826,0.9114114512567935,0.7800823709239131,0.41550611413043476,0.06454335088315218,0.4631453804347826,0.472648288892663,0.48343824303668476,-0.12183413298233696,0.7265651537024457,0.7252197265625,0.28240966796875,-0.3135986328125,0.54388427734375,0.9121518342391305,-0.23599906589673914,-0.13640295940896738,0.30581532353940216
40,0.840087890625,-0.2493896484375,-0.223388671875,-0.42669677734375,0.1220703125,0.2576904296875,0.29669189453125,0.911376953125,0.7801513671875,0.4151611328125,0.0648193359375,0.46331787109375,0.47271728515625,0.48309326171875,-0.12176513671875,0.726806640625,0.7252197265625,0.28240966796875,-0.3135986328125,0.54388427734375,0.91204833984375,-0.2362060546875,-0.13623046875,0.30609130859375
41,0.84014892578125,-0.24932861328125,-0.2232666015625,-0.4266357421875,0.12218013495505853,0.25755611151755853,0.2967286381035744,0.9113647052675585,0.78021240234375,0.41496557535535117,0.06479524848453178,0.46337911038095736,0.4727783203125,0.48289770426160117,-0.12177718044523411,0.7268678799122074,0.7252197265625,0.28192138671875,-0.31365966796875,0.54412841796875,0.91204833984375,-0.23626708984375,-0.1363035476327341,0.30599373399613294
42,0.84014892578125,-0.24932861328125,-0.2232666015625,-0.4266357421875,0.12213134765625,0.25750732421875,0.296875,0.91131591796875,0.78021240234375,0.4146728515625,0.065185546875,0.463623046875,0.4727783203125,0.48260498046875,-0.12158203125,0.72711181640625,0.7252197265625,0.28192138671875,-0.31365966796875,0.54412841796875,0.91204833984375,-0.23626708984375,-0.1361083984375,0.30609130859375
43,0.8400899319345736,-0.24932861328125,-0.22338458925585283,-0.4266357421875,0.12207235380957358,0.25762531191210286,0.2969339938466764,0.91131591796875,0.78021240234375,0.4146728515625,0.06530353456835285,0.463623046875,0.4727783203125,0.4826639743154264,-0.12146404355664715,0.7270528225595736,0.7253377142558528,0.28174440517872074,-0.31348268642872074,0.54412841796875,0.91204833984375,-0.23626708984375,-0.13599041074414717,0.30620929628710286
44,0.840087890625,-0.24932861328125,-0.223388671875,-0.4266357421875,0.12255859375,0.257568359375,0.29669189453125,0.91131591796875,0.7802734375,0.4149169921875,0.06524658203125,0.46337890625,0.47283935546875,0.48291015625,-0.12139892578125,0.72686767578125,0.725341796875,0.28173828125,-0.3134765625,0.54412841796875,0.912109375,-0.236328125,-0.1357421875,0.30609130859375
45,0.8399984812656772,-0.24950743199989547,-0.22361219527330686,-0.4266357421875,0.12237977503135451,0.2578365874529682,0.29669189453125,0.9112712132890887,0.7801840281406772,0.4150958109061455,0.06547010542955686,0.4632894968906773,0.4727946507890886,0.4831783843279682,-0.12130951642192726,0.7267782664219272,0.7256100249529682,0.2818723952889841,-0.3130295157033863,0.5439943039297659,0.9121540796796613,-0.23614930628135453,-0.13551866410169314,0.3061807179530727
46,0.8399658203125,-0.24957275390625,-0.22369384765625,-0.4266357421875,0.12249755859375,0.2579345703125,0.29638671875,0.91131591796875,0.78009033203125,0.41534423828125,0.06524658203125,0.46319580078125,0.4727783203125,0.48333740234375,-0.121337890625,0.72662353515625,0.7257080078125,0.28192138671875,-0.3128662109375,0.5439453125,0.9122314453125,-0.236083984375,-0.13543701171875,0.30596923828125
47,0.8399658203125,-0.24966400044418896,-0.22375467868154264,-0.42654449564956104,0.12252797410639632,0.2580562323630853,0.2963563032373537,0.9112855024561036,0.7801207475438964,0.41543548481918896,0.06530741305654264,0.4630741387306647,0.47283915133779264,0.48342864888168896,-0.12136830613764632,0.726532288618311,0.7257384233251464,0.2817997246681647,-0.31292704196279264,0.5439453125,0.9122922763377926,-0.23602315334970736,-0.13531534966816472,0.30590840725595736
48,0.8399658203125,-0.249755859375,-0.22381591796875,-0.42645263671875,0.12225341796875,0.2579345703125,0.29638671875,0.911376953125,0.78009033203125,0.415283203125,0.06536865234375,0.4632568359375,0.472900390625,0.48291015625,-0.1214599609375,0.72686767578125,0.72576904296875,0.28167724609375,-0.31298828125,0.5439453125,0.91217041015625,-0.23626708984375,-0.13525390625,0.30615234375
49,0.84014892578125,-0.24981689453125,-0.22357177734375,-0.42620849609375,0.12261962890625,0.2579345703125,0.2962646484375,0.911376953125,0.7801801496524875,0.4151380660143186,0.06519248732755017,0.46326724661632523,0.47305124340248744,0.4824978117161371,-0.12167184887123746,0.7269713743075878,0.72552490234375,0.28131103515625,-0.3134765625,0.544189453125,0.9122279750862249,-0.236328125,-0.1353794467887751,0.3059312699231814
50,0.84014892578125,-0.24981689453125,-0.22357177734375,-0.42620849609375,0.1220703125,0.2576904296875,0.29638671875,0.91143798828125,0.78009033203125,0.41473388671875,0.0655517578125,0.46380615234375,0.47296142578125,0.481689453125,-0.12158203125,0.72760009765625,0.72552490234375,0.28131103515625,-0.3134765625,0.544189453125,0.91204833984375,-0.236328125,-0.13555908203125,0.30633544921875
51,0.84033203125,-0.24969482421875,-0.22344970703125,-0.42596435546875,0.12237548828125,0.25762939453125,0.29644775390625,0.91143798828125,0.7802697631427675,0.4145360838210702,0.06538151259406355,0.4636414186611622,0.4732018920490176,0.4814232663566053,-0.12170226438388378,0.727616632263796,0.7254638671875,0.280517578125,-0.3135986328125,0.5445556640625,0.9121038634641513,-0.2365741028036162,-0.13555357049540134,0.3060449708664298
52,0.84033203125,-0.24969482421875,-0.22344970703125,-0.42596435546875,0.1220703125,0.257568359375,0.296630859375,0.911376953125,0.7801513671875,0.4140625,0.0657958984375,0.4642333984375,0.47308349609375,0.480712890625,-0.12164306640625,0.7281494140625,0.7254638671875,0.280517578125,-0.3135986328125,0.5445556640625,0.91192626953125,-0.23663330078125,-0.1353759765625,0.3065185546875
53,0.8404291975857023,-0.2495490747151965,-0.22344970703125,-0.42586718913304766,0.1222160620035535,0.25751977620714883,0.29672802571070234,0.911376953125,0.7802485335232023,0.4139167504964465,0.06574731526964883,0.46418481526964883,0.4732292455973035,0.4805671411214465,-0.12159448323839883,0.7281979972303512,0.7255610335232023,0.2800803296143395,-0.3131128011339883,0.5449443294053093,0.91192626953125,-0.23682763345265467,-0.13532739339464883,0.30642138835179766
54,0.8404541015625,-0.24951171875,-0.22344970703125,-0.42584228515625,0.12237548828125,0.2574462890625,0.29669189453125,0.911376953125,0.78021240234375,0.41363525390625,0.06634521484375,0.46441650390625,0.4732666015625,0.4801025390625,-0.12103271484375,0.728515625,0.7255859375,0.27996826171875,-0.31298828125,0.5450439453125,0.911865234375,-0.23687744140625,-0.13507080078125,0.30670166015625
55,0.8404883955633361,-0.24940883674749165,-0.2236211770354306,-0.42577369715457775,0.12237548828125,0.25754917106500835,0.2968633645354306,0.9113083651233278,0.7802809903454222,0.41353237190374165,0.06651668484793061,0.46434791590457775,0.47333518956417225,0.48003395106082775,-0.12065548083455267,0.7286185070025084,0.7256888195025084,0.2798310857154055,-0.3126110472408027,0.5451811213158445,0.9118309403741639,-0.23698032340875835,-0.1348993307770694,0.3067359541570861
56,0.84051513671875,-0.24932861328125,-0.2237548828125,-0.42572021484375,0.12261962890625,0.2576904296875,0.296630859375,0.91131591796875,0.7802734375,0.4130859375,0.06719970703125,0.46466064453125,0.473388671875,0.47998046875,-0.120361328125,0.72869873046875,0.72576904296875,0.27972412109375,-0.31231689453125,0.5452880859375,0.91192626953125,-0.23687744140625,-0.1343994140625,0.3067626953125
57,0.84051513671875,-0.24932861328125,-0.22377488764632106,-0.4256802051761079,0.12263963374007107,0.2577104345213211,0.2966508642088211,0.911295913134929,0.780293442333821,0.4130859375,0.06721971186507107,0.4646406396974289,0.4734286815426421,0.4797804204117893,-0.12034132329117893,0.7287987546378554,0.7258290574702132,0.2795440775893604,-0.3122368751959657,0.5453481004389632,0.91192626953125,-0.23687744140625,-0.13435940439485786,0.3067426904786789
58,0.84051513671875,-0.24932861328125,-0.22381591796875,-0.42559814453125,0.12286376953125,0.25775146484375,0.296630859375,0.9112548828125,0.78033447265625,0.41253662109375,0.06768798828125,0.46502685546875,0.4735107421875,0.4793701171875,-0.12030029296875,0.72900390625,0.7259521484375,0.2791748046875,-0.31207275390625,0.54547119140625,0.911865234375,-0.23724365234375,-0.1339111328125,0.30682373046875
59,0.840576171875,-0.24932861328125,-0.2237548828125,-0.425537109375,0.12298583984375,0.25775146484375,0.296630859375,0.9112548828125,0.7803287569894439,0.4124794644256898,0.06768410979306021,0.4650229769805602,0.47356034601013797,0.47923477836277173,-0.12034418112458194,0.7290610629180602,0.7260074679269439,0.2790566128631898,-0.31211664206208195,0.5454558815844481,0.911914838197638,-0.23725508367736203,-0.13393787396791387,0.3067302384902801
60,0.840576171875,-0.24932861328125,-0.2237548828125,-0.425537109375,0.122802734375,0.2578125,0.2967529296875,0.91119384765625,0.7802734375,0.41192626953125,0.0682373046875,0.465576171875,0.47344970703125,0.478515625,-0.12017822265625,0.7296142578125,0.7259521484375,0.27850341796875,-0.31195068359375,0.5458984375,0.91180419921875,-0.23736572265625,-0.13360595703125,0.3070068359375
61,0.8407335568431229,-0.24911876665708613,-0.22349257453229515,-0.42548464771895905,0.12306504265520485,0.25755019171979515,0.29680539134354095,0.911246309312291,0.7803783608120819,0.4117164229070861,0.06797499640729515,0.46562863353104095,0.47355463034333195,0.4782008550637542,-0.12028314596833194,0.7297191811245819,0.7257423018133361,0.2779263397522993,-0.31200314524979095,0.5464230540604097,0.91180419921875,-0.23762803093645485,-0.13386826531145485,0.3068494509693771
62,0.84075927734375,-0.24908447265625,-0.22344970703125,-0.42547607421875,0.12261962890625,0.2578125,0.29693603515625,0.9111328125,0.78021240234375,0.41168212890625,0.06829833984375,0.46588134765625,0.47332763671875,0.4779052734375,-0.11981201171875,0.73016357421875,0.7257080078125,0.27783203125,-0.31201171875,0.5465087890625,0.91180419921875,-0.23748779296875,-0.133544921875,0.30712890625
63,0.8408356223218019,-0.24885543772209448,-0.22329701707514632,-0.42551424670777593,0.12269597388430184,0.25758346506584445,0.29705055262332775,0.9111709849890259,0.7802887473218019,0.41145309397209445,0.06818382237667224,0.46595769263430187,0.47325129174069813,0.477409031080163,-0.11946845931751672,0.7305834715980352,0.7256316628344481,0.2774884788487667,-0.3117445113268186,0.5469286864417852,0.9117278542406981,-0.2376786554138796,-0.1337357843201296,0.30709073376097407
64,0.84088134765625,-0.24871826171875,-0.22320556640625,-0.425537109375,0.12237548828125,0.2578125,0.297119140625,0.9111328125,0.7801513671875,0.41119384765625,0.0687255859375,0.46636962890625,0.47320556640625,0.47711181640625,-0.1192626953125,0.7308349609375,0.7255859375,0.27728271484375,-0.31158447265625,0.54718017578125,0.91168212890625,-0.23773193359375,-0.13330078125,0.30731201171875
65,0.8409291143002717,-0.24867049507472827,-0.22313391644021738,-0.42551322605298914,0.12244713824728261,0.2577408500339674,0.297119140625,0.9111328125,0.7801752505095109,0.4111221976902174,0.06865393597146739,0.46636962890625,0.47320556640625,0.4769446331521739,-0.11921492866847826,0.7309304942255435,0.7255859375,0.27706776494565216,-0.3115128226902174,0.5473234757133152,0.91168212890625,-0.23780358355978262,-0.13337243121603262,0.30726424507472827
66,0.84100341796875,-0.24859619140625,-0.2230224609375,-0.42547607421875,0.12237548828125,0.25775146484375,0.2969970703125,0.91119384765625,0.78009033203125,0.41094970703125,0.069091796875,0.466552734375,0.47320556640625,0.4766845703125,-0.119140625,0.7310791015625,0.7255859375,0.2767333984375,-0.3114013671875,0.54754638671875,0.91168212890625,-0.23785400390625,-0.13311767578125,0.30731201171875
67,0.84100341796875,-0.24859619140625,-0.22314453125,-0.42547607421875,0.122314453125,0.2578125,0.29705810546875,0.91119384765625,0.7800807378762542,0.4109593011862458,0.06920427303250418,0.4665623285299958,0.47314453125,0.47698974609375,-0.11883544921875,0.73101806640625,0.72564697265625,0.27681362190374165,-0.31128276710127506,0.5476170160299958,0.91168212890625,-0.23785400390625,-0.13299560546875,0.307373046875
68,0.84100341796875,-0.24859619140625,-0.22314453125,-0.42547607421875,0.1224365234375,0.25775146484375,0.296875,0.9112548828125,0.780029296875,0.4110107421875,0.06915283203125,0.46661376953125,0.47314453125,0.47698974609375,-0.11883544921875,0.73101806640625,0.72564697265625,0.27691650390625,-0.31097412109375,0.54766845703125,0.91168212890625,-0.23785400390625,-0.1328125,0.30743408203125
69,0.8410597581129807,-0.24859619140625,-0.22325721153846154,-0.4253070537860577,0.12254920372596154,0.25786414513221156,0.2969313401442308,0.9111422025240384,0.7801419771634616,0.4110107421875,0.06926551231971154,0.4664447490985577,0.4730881911057692,0.4770460862379808,-0.11877910907451923,0.73101806640625,0.72564697265625,0.2768601637620192,-0.3108051006610577,0.5477811373197116,0.9117384690504807,-0.23791034405048078,-0.13264347956730768,0.30732140174278844
70,0.841064453125,-0.24859619140625,-0.2232666015625,-0.42529296875,0.12255859375,0.2578125,0.29693603515625,0.91119384765625,0.780029296875,0.4111328125,0.069091796875,0.46649169921875,0.47308349609375,0.47705078125,-0.1187744140625,0.73101806640625,0.72564697265625,0.27685546875,-0.310791015625,0.54779052734375,0.9117431640625,-0.2376708984375,-0.13262939453125,0.30743408203125
71,0.8411485550794314,-0.24851208945181857,-0.2232245505852843,-0.42516681581835286,0.12272679765886288,0.2577704490227843,0.2970201371106814,0.9111517966790342,0.7801554498066472,0.4110487105455686,0.06904974589778429,0.4664075972643186,0.4731675980481814,0.47679847538670567,-0.11869031210806856,0.7311442193378972,0.7256049216790342,0.27656111190948995,-0.3107489646477843,0.5480428332070443,0.9117852150397158,-0.23779705136914717,-0.13262939453125,0.30730792909960286
72,0.8411865234375,-0.24847412109375,-0.22320556640625,-0.42510986328125,0.122314453125,0.2576904296875,0.2972412109375,0.9111328125,0.780029296875,0.4107666015625,0.0693359375,0.46673583984375,0.47320556640625,0.4766845703125,-0.11865234375,0.731201171875,0.7255859375,0.27642822265625,-0.31072998046875,0.54815673828125,0.91168212890625,-0.23773193359375,-0.13238525390625,0.3077392578125
73,0.8412975706783027,-0.2483630738529473,-0.2230945191654473,-0.425026577850648,0.12250878579640469,0.2575793824466973,0.29726897274770064,0.9111328125,0.7801403441158027,0.41062779251149667,0.06922489025919733,0.46670807803354936,0.47320556640625,0.47637919040029264,-0.11865234375,0.7314232663566054,0.725502652069398,0.2762338899848453,-0.31072998046875,0.5483788327628554,0.91168212890625,-0.23787074264475336,-0.13244077752665134,0.30760044876149667
74,0.8414306640625,-0.24822998046875,-0.22296142578125,-0.4249267578125,0.1221923828125,0.2574462890625,0.2974853515625,0.9111328125,0.7801513671875,0.410400390625,0.06927490234375,0.4669189453125,0.47320556640625,0.47601318359375,-0.11865234375,0.731689453125,0.72540283203125,0.2760009765625,-0.31072998046875,0.54864501953125,0.91156005859375,-0.2379150390625,-0.13232421875,0.3079833984375
75,0.84161376953125,-0.2479248046875,-0.22296142578125,-0.4248046875,0.1224365234375,0.25732421875,0.2977294921875,0.91107177734375,0.78033447265625,0.41005479691419316,0.06930184763012123,0.46689832808580684,0.47332763671875,0.4754638671875,-0.1182861328125,0.73199462890625,0.7254503945443144,0.27560782033862874,-0.31057463681020064,0.5488003631897993,0.9114990234375,-0.23828125,-0.13232421875,0.30792236328125
76,0.84161376953125,-0.2479248046875,-0.22296142578125,-0.4248046875,0.12237548828125,0.25732421875,0.29766845703125,0.91107177734375,0.78033447265625,0.409912109375,0.06939697265625,0.467041015625,0.47332763671875,0.4754638671875,-0.1182861328125,0.73199462890625,0.72540283203125,0.2755126953125,-0.31024169921875,0.54913330078125,0.91143798828125,-0.23809814453125,-0.13201904296875,0.30828857421875
77,0.84161376953125,-0.24780436742265885,-0.22302164441367056,-0.42474446886757944,0.12243570691367058,0.25732421875,0.2978491129285117,0.91107177734375,0.7803946912886706,0.4097916721101589,0.06945719128867058,0.467041015625,0.4734480739835911,0.4752229926578177,-0.11804525828281773,0.7321150661710911,0.7254630506636706,0.2753922580476589,-0.31018148058632944,0.54913330078125,0.91143798828125,-0.23821858179609115,-0.13195882433632944,0.30828857421875
78,0.84161376953125,-0.247802734375,-0.2230224609375,-0.42474365234375,0.1229248046875,0.2572021484375,0.297607421875,0.91107177734375,0.7803955078125,0.40972900390625,0.06982421875,0.46710205078125,0.47344970703125,0.4752197265625,-0.1180419921875,0.73211669921875,0.72552490234375,0.27520751953125,-0.31005859375,0.5491943359375,0.9114990234375,-0.23809814453125,-0.1317138671875,0.3082275390625
79,0.8415678400658445,-0.24794052277121656,-0.22316024933371656,-0.42474365234375,0.12283294575668896,0.2573858662991221,0.2975614924095945,0.91107177734375,0.780303648881689,0.40986679230246653,0.06991607768081104,0.46701019185043896,0.47354156596206104,0.47531158549331104,-0.1180419921875,0.7319789108225334,0.72552490234375,0.2753912373928721,-0.30996673481918896,0.5491484064720945,0.9115449529029055,-0.23800628560043896,-0.13157607879128344,0.3082734685279055
80,0.841552734375,-0.24798583984375,-0.22320556640625,-0.42474365234375,0.12322998046875,0.25732421875,0.2972412109375,0.9111328125,0.7803955078125,0.40985107421875,0.0697021484375,0.4669189453125,0.47357177734375,0.475341796875,-0.1180419921875,0.73193359375,0.7257080078125,0.2752685546875,-0.30975341796875,0.549072265625,0.9114990234375,-0.23822021484375,-0.1317138671875,0.30810546875
81,0.8414261731814381,-0.24814404133570234,-0.22336376789820234,-0.4247752926421405,0.12307177897679766,0.2575140605403428,0.2972095706391095,0.9111011722016096,0.7803005869173286,0.4100409160090928,0.06986034992945234,0.4669189453125,0.4735401370453595,0.4757531207540761,-0.11810527278428094,0.7316804713628763,0.7257080078125,0.2754900367762333,-0.30962685677518814,0.5490406253266096,0.9115306637358904,-0.23803037305340718,-0.13155566569554766,0.30823202994356186
82,0.84130859375,-0.248291015625,-0.2235107421875,-0.4248046875,0.12353515625,0.25750732421875,0.296875,0.9111328125,0.7802734375,0.4102783203125,0.0697021484375,0.46673583984375,0.4735107421875,0.47613525390625,-0.1181640625,0.7314453125,0.725830078125,0.2757568359375,-0.309814453125,0.54864501953125,0.91168212890625,-0.23785400390625,-0.1317138671875,0.30792236328125
83,0.84112548828125,-0.2486572265625,-0.2236328125,-0.4249267578125,0.12322998046875,0.25775146484375,0.296630859375,0.91119384765625,0.7801250342940008,0.4106098289872492,0.06984156988137542,0.4667621727372492,0.47344970703125,0.47650146484375,-0.11846923828125,0.731201171875,0.7258210963628763,0.27613202863712377,-0.3097707691001254,0.5484708958246237,0.9117431640625,-0.23748779296875,-0.131591796875,0.30804443359375
84,0.84112548828125,-0.2486572265625,-0.2236328125,-0.4249267578125,0.12347412109375,0.2576904296875,0.29669189453125,0.9111328125,0.78021240234375,0.4105224609375,0.06988525390625,0.4666748046875,0.47344970703125,0.47650146484375,-0.11846923828125,0.731201171875,0.7259521484375,0.2760009765625,-0.309814453125,0.54833984375,0.91168212890625,-0.23773193359375,-0.1314697265625,0.30804443359375
85,0.841064453125,-0.2486572265625,-0.223388671875,-0.4251708984375,0.12335205078125,0.2574462890625,0.29656982421875,0.91131591796875,0.7800933939956104,0.4105132750444189,0.06972052022366221,0.4669189453125,0.473388671875,0.4759521484375,-0.118408203125,0.73162841796875,0.7257110697768604,0.27604057796822745,-0.31005246982127926,0.5485351970761915,0.91168212890625,-0.23760986328125,-0.13177490234375,0.30816650390625
86,0.841064453125,-0.2486572265625,-0.223388671875,-0.4251708984375,0.12323814570704432,0.25761714667380853,0.2969684919784699,0.9111450603574415,0.7801513671875,0.41033935546875,0.070068359375,0.4669189453125,0.473388671875,0.4759521484375,-0.118408203125,0.73162841796875,0.72576904296875,0.275634765625,-0.3099365234375,0.54876708984375,0.9115112712949415,-0.2380085310409699,-0.13160404473244147,0.3083943140546614
87,0.8410146451714047,-0.24845799474811872,-0.22323924801421405,-0.4254199382054766,0.12313036456155936,0.2573305468096781,0.2970468782660953,0.9111826204535953,0.7800517512803093,0.4101899316079641,0.06996874346780936,0.4671679850804766,0.4733388639214047,0.47575291662311875,-0.11815916335702341,0.7318276497831313,0.7255698111543687,0.27553514971780935,-0.31003613934469065,0.5490161296117266,0.911349599576714,-0.23808691732859533,-0.1318906445965719,0.30860987634563125
88,0.84100341796875,-0.2484130859375,-0.22320556640625,-0.42547607421875,0.123291015625,0.257568359375,0.297119140625,0.91107177734375,0.78021240234375,0.41015625,0.07012939453125,0.4669189453125,0.47332763671875,0.4757080078125,-0.11810302734375,0.73187255859375,0.7257080078125,0.27508544921875,-0.30975341796875,0.54913330078125,0.91143798828125,-0.2381591796875,-0.13153076171875,0.30853271484375
89,0.8408968616090092,-0.24844860472408026,-0.22324108519283026,-0.42565366815165134,0.12311342169209867,0.25753284058841974,0.297119140625,0.9111072961303303,0.780070327197429,0.4102272875731605,0.07016491331783027,0.4670610204588211,0.47351625372334866,0.4757180102294105,-0.11776233277591973,0.7317604906981605,0.7256014514527592,0.2752275243650711,-0.30975341796875,0.5492398571409908,0.9114024694946697,-0.2380526233277592,-0.13156628050533026,0.30871030877665134
90,0.8408203125,-0.24847412109375,-0.2232666015625,-0.42578125,0.1234130859375,0.25762939453125,0.29693603515625,0.9111328125,0.78021240234375,0.41033935546875,0.0703125,0.46673583984375,0.473388671875,0.47576904296875,-0.11773681640625,0.7318115234375,0.72589111328125,0.2752685546875,-0.309326171875,0.54913330078125,0.9114990234375,-0.23797607421875,-0.13134765625,0.30853271484375
91,0.84063720703125,-0.24847412109375,-0.2235107421875,-0.42608642578125,0.12298583984375,0.2576904296875,0.2969970703125,0.9111328125,0.7800717561141305,0.41035793138586957,0.07070259425951088,0.46693752122961957,0.47344970703125,0.4759521484375,-0.11724853515625,0.73175048828125,0.7257929262907609,0.27547288977581524,-0.30905814792798914,0.5492925229279891,0.911376953125,-0.23785400390625,-0.13128662109375,0.30889892578125
92,0.84063720703125,-0.24847412109375,-0.2235107421875,-0.42608642578125,0.12335205078125,0.25775146484375,0.29681396484375,0.9111328125,0.7801513671875,0.4102783203125,0.07086181640625,0.46685791015625,0.47344970703125,0.4759521484375,-0.11724853515625,0.73175048828125,0.7259521484375,0.2755126953125,-0.30889892578125,0.54913330078125,0.9114990234375,-0.23779296875,-0.13116455078125,0.30865478515625
93,0.8404541015625,-0.24859619140625,-0.22369384765625,-0.42620849609375,0.12310791015625,0.2579345703125,0.2967529296875,0.9111328125,0.7799752021713001,0.41035180745714883,0.07112126685305187,0.4669467071227007,0.47357177734375,0.475830078125,-0.1168212890625,0.7318115234375,0.7259049941863503,0.2757360145798495,-0.3087560341110995,0.5491402412338001,0.9114990234375,-0.23760986328125,-0.13104248046875,0.30889892578125
94,0.8404541015625,-0.24859619140625,-0.22369384765625,-0.42620849609375,0.12316874118154264,0.25799540133779264,0.2966312676369147,0.9111328125,0.780029296875,0.40997314453125,0.07171630859375,0.4671630859375,0.47357177734375,0.475830078125,-0.1168212890625,0.7318115234375,0.72601318359375,0.27557373046875,-0.30859375,0.5491943359375,0.9114990234375,-0.23773152533183528,-0.13104248046875,0.30883809475595736
95,0.8404541015625,-0.24859619140625,-0.2237475340980351,-0.4262621825355351,0.12311525887071488,0.25799560546875,0.296630859375,0.9111328125,0.7799756104332148,0.40997314453125,0.07176999503553512,0.4672167723792851,0.4737622315269649,0.4750292723792851,-0.11652346199571488,0.73223876953125,0.72601318359375,0.2756274169105351,-0.3085400635582149,0.5491943359375,0.9114990234375,-0.23773193359375,-0.1309887940269649,0.3088915770667851
96,0.8404541015625,-0.24859619140625,-0.2237548828125,-0.42626953125,0.12301482643969482,0.2579025217521948,0.29649123380016723,0.9112258962165551,0.77984619140625,0.40850830078125,0.07366943359375,0.46844482421875,0.4737548828125,0.47503662109375,-0.11651611328125,0.73223876953125,0.7259521484375,0.2752685546875,-0.3084716796875,0.54949951171875,0.9114059397209449,-0.2377784754520276,-0.1308883615959448,0.30917817693091554
97,0.84051513671875,-0.24853515625,-0.22369384765625,-0.4261474609375,0.12310791015625,0.2578125,0.29644775390625,0.9112548828125,0.7799072265625,0.40838623046875,0.0736083984375,0.4683837890625,0.47381591796875,0.47393798828125,-0.115966796875,0.73297119140625,0.72601318359375,0.275146484375,-0.30853271484375,0.5494384765625,0.911376953125,-0.2379150390625,-0.130859375,0.30914306640625
98,0.84051513671875,-0.24853515625,-0.22369384765625,-0.4261474609375,0.12284988862614966,0.2578125,0.29628649044993727,0.9113516408862876,0.77960205078125,0.4071044921875,0.07574462890625,0.4697265625,0.47381591796875,0.47393798828125,-0.115966796875,0.73297119140625,0.72576904296875,0.27496337890625,-0.308349609375,0.54998779296875,0.9113447004337375,-0.23778602829744983,-0.13095613307378762,0.30930432986256273
99,0.8406982421875,-0.24822998046875,-0.22381591796875,-0.4259033203125,0.1229248046875,0.2578125,0.29644775390625,0.9112548828125,0.77984619140625,0.40679931640625,0.0758056640625,0.46954345703125,0.47393798828125,0.47320556640625,-0.11553955078125,0.73345947265625,0.72601318359375,0.27459716796875,-0.30816650390625,0.54998779296875,0.9112548828125,-0.23809814453125,-0.130859375,0.309326171875
100,0.8406982421875,-0.24822998046875,-0.22381591796875,-0.4259033203125,0.12283498706626253,0.2577945364757525,0.29633997276076507,0.9113087733852425,0.7796630859375,0.40625,0.07684326171875,0.47021484375,0.47393798828125,0.47320556640625,-0.11553955078125,0.73345947265625,0.72576904296875,0.27471923828125,-0.30816650390625,0.5501708984375,0.9112548828125,-0.23806221748275502,-0.13094919262123747,0.3093082083507525
101,0.8406982421875,-0.2484130859375,-0.22412109375,-0.42572021484375,0.12261962890625,0.2581787109375,0.296142578125,0.91131591796875,0.7796306291152801,0.4064980191131898,0.07706576446227006,0.469970703125,0.47393798828125,0.4737548828125,-0.11566162109375,0.73309326171875,0.72596296737824,0.27488458435670987,-0.3079548201034699,0.5499336982650501,0.911376953125,-0.2379150390625,-0.13079833984375,0.30926513671875
102,0.8406982421875,-0.2484130859375,-0.22412109375,-0.42572021484375,0.123046875,0.2578125,0.29547119140625,0.91162109375,0.77947998046875,0.40679931640625,0.07696533203125,0.469970703125,0.47393798828125,0.4737548828125,-0.11566162109375,0.73309326171875,0.72601318359375,0.27508544921875,-0.30810546875,0.5496826171875,0.91143798828125,-0.23785400390625,-0.13128662109375,0.30877685546875
103,0.840576171875,-0.248779296875,-0.224609375,-0.42547607421875,0.1229248046875,0.2584228515625,0.29547119140625,0.91143798828125,0.77947998046875,0.40716552734375,0.077392578125,0.4696044921875,0.4737548828125,0.474853515625,-0.11590576171875,0.73248291015625,0.72625732421875,0.2755126953125,-0.30767822265625,0.54937744140625,0.91156005859375,-0.23760986328125,-0.13067626953125,0.308837890625
104,0.840576171875,-0.248779296875,-0.224609375,-0.42547607421875,0.12302564538043478,0.25827159052309784,0.2951686693274456,0.9115388289741848,0.77935791015625,0.40740966796875,0.076904296875,0.46966552734375,0.4737548828125,0.474853515625,-0.11590576171875,0.73248291015625,0.7261962890625,0.2757568359375,-0.30828857421875,0.549072265625,0.9116104789402174,-0.23771070397418478,-0.13102921195652176,0.3085353685461956
105,0.84051513671875,-0.24920654296875,-0.224853515625,-0.4251708984375,0.123046875,0.2587890625,0.294921875,0.9114990234375,0.77935791015625,0.40777587890625,0.07708740234375,0.46929931640625,0.47369384765625,0.4757080078125,-0.11639404296875,0.73187255859375,0.7264404296875,0.27606201171875,-0.30816650390625,0.54864501953125,0.91180419921875,-0.2374267578125,-0.13067626953125,0.30828857421875
106,0.84051513671875,-0.24920654296875,-0.224853515625,-0.4251708984375,0.12286621910273829,0.258680668961643,0.294813481461643,0.9115712857964047,0.77923583984375,0.40826416015625,0.07647705078125,0.46917724609375,0.47369384765625,0.4757080078125,-0.11639404296875,0.73187255859375,0.72637939453125,0.27606201171875,-0.308349609375,0.548583984375,0.91180419921875,-0.2374267578125,-0.1308569254285117,0.3082163118598453
107,0.84051513671875,-0.24951171875,-0.224853515625,-0.42498779296875,0.122802734375,0.25885009765625,0.29449462890625,0.91162109375,0.7791778666518604,0.4085372873771948,0.07641907758936037,0.46911008700877926,0.47357177734375,0.4759521484375,-0.11688232421875,0.73175048828125,0.72650146484375,0.2762451171875,-0.308349609375,0.54833984375,0.9119873046875,-0.2371826171875,-0.13079833984375,0.3079833984375
108,0.84051513671875,-0.24951171875,-0.224853515625,-0.42498779296875,0.12260615626306438,0.25882825564381273,0.29451647091868727,0.9116429357624373,0.77911376953125,0.4085693359375,0.07635498046875,0.46923828125,0.47357177734375,0.4759521484375,-0.11688232421875,0.73175048828125,0.726318359375,0.27618408203125,-0.30865478515625,0.5484619140625,0.9119436206626255,-0.23726998523724915,-0.13086386588106186,0.3079833984375
109,0.840576171875,-0.2496337890625,-0.2247314453125,-0.4248046875,0.12249755859375,0.2589111328125,0.29443359375,0.91168212890625,0.7791307124007107,0.40863037109375,0.07621821272732024,0.46911396549696904,0.4735107421875,0.47564697265625,-0.1171875,0.73193359375,0.7264404296875,0.276123046875,-0.30877685546875,0.54827880859375,0.9119873046875,-0.23736572265625,-0.1309814453125,0.3077392578125
110,0.840576171875,-0.2496337890625,-0.2247314453125,-0.4248046875,0.12245224152121656,0.25891868565792225,0.29444114659542225,0.91168212890625,0.77899169921875,0.40863037109375,0.076171875,0.46929931640625,0.4735107421875,0.47564697265625,-0.1171875,0.73193359375,0.72625732421875,0.2757568359375,-0.30914306640625,0.5484619140625,0.9119721989966555,-0.23738838119251673,-0.13101165669418896,0.3077619163487667
111,0.8406982421875,-0.24969482421875,-0.224609375,-0.4246826171875,0.122314453125,0.25897216796875,0.29437255859375,0.9117431640625,0.7791125447455058,0.4086307793556647,0.07598999431699414,0.46917847087949416,0.47344970703125,0.47540283203125,-0.117431640625,0.73211669921875,0.7263179511130853,0.27569498425742056,-0.3092647284568353,0.5483406602738294,0.91192626953125,-0.237548828125,-0.1312255859375,0.30767822265625
112,0.8406982421875,-0.24969482421875,-0.224609375,-0.4246826171875,0.122314453125,0.25897216796875,0.29437255859375,0.9117431640625,0.7789306640625,0.40869140625,0.076171875,0.4693603515625,0.47344970703125,0.47540283203125,-0.117431640625,0.73211669921875,0.72625732421875,0.27557373046875,-0.3092041015625,0.5484619140625,0.91192626953125,-0.23738593162102842,-0.13117128710284282,0.30778682032556437
113,0.8408203125,-0.24945068359375,-0.22467041015625,-0.424560546875,0.1224365234375,0.25885009765625,0.294677734375,0.91162109375,0.77911376953125,0.408447265625,0.07623291015625,0.46929931640625,0.47357177734375,0.47503662109375,-0.1171875,0.7322998046875,0.72637939453125,0.27532958984375,-0.30914306640625,0.54852294921875,0.911865234375,-0.2376708984375,-0.131103515625,0.3077392578125
114,0.8408203125,-0.24945068359375,-0.22467041015625,-0.424560546875,0.1224365234375,0.2588901073238921,0.2946377247073579,0.91162109375,0.77911376953125,0.40838623046875,0.07623291015625,0.4693603515625,0.47357177734375,0.47503662109375,-0.1171875,0.7322998046875,0.72637939453125,0.2752685546875,-0.308837890625,0.5487060546875,0.9119052440426422,-0.23751085976693143,-0.1309034672867893,0.3078992964830686
115,0.84100341796875,-0.2491455078125,-0.224609375,-0.4244384765625,0.1226806640625,0.2587890625,0.29486083984375,0.91156005859375,0.7792311448317307,0.40794959435096156,0.0764019305889423,0.4694636418269231,0.4736328125,0.47479248046875,-0.11688232421875,0.732421875,0.72650146484375,0.27490234375,-0.308837890625,0.54876708984375,0.911865234375,-0.23779296875,-0.13079833984375,0.307861328125
116,0.84100341796875,-0.2491455078125,-0.224609375,-0.4244384765625,0.12255206155936454,0.2587890625,0.29493800134563125,0.91156005859375,0.7791748046875,0.4078369140625,0.07659912109375,0.4696044921875,0.4735813714987458,0.47471531896686875,-0.11680516271686872,0.7325247570025084,0.726318359375,0.2747802734375,-0.30865478515625,0.54913330078125,0.9118395138743729,-0.23774152774874582,-0.13074689884249582,0.30796421012750835
117,0.8411865234375,-0.24884033203125,-0.22442626953125,-0.42425537109375,0.12274169921875,0.25860595703125,0.295166015625,0.9114990234375,0.7793817934782609,0.4074202827785326,0.07654604704483697,0.469673488451087,0.4737548828125,0.4742431640625,-0.11676025390625,0.73272705078125,0.7264404296875,0.27435302734375,-0.3087158203125,0.54913330078125,0.9117431640625,-0.238037109375,-0.13079833984375,0.30792236328125
118,0.8411865234375,-0.24884033203125,-0.22442626953125,-0.42425537109375,0.12268454255068979,0.2586402510320861,0.2952231722930602,0.9114761607702759,0.779296875,0.40716552734375,0.07684326171875,0.469970703125,0.47373202014527593,0.4741288507263796,-0.11673739123902592,0.7328185014501464,0.726318359375,0.27386474609375,-0.3087158203125,0.549560546875,0.911731732728888,-0.2380599720422241,-0.1307183205084657,0.3080023826165343
119,0.84136962890625,-0.2484130859375,-0.22418212890625,-0.42425537109375,0.1226806640625,0.25836181640625,0.295654296875,0.91143798828125,0.779471406968541,0.40669970049905935,0.07668056934573579,0.4701270674383361,0.4737548828125,0.47320556640625,-0.11663818359375,0.7333984375,0.72625732421875,0.2734375,-0.30889892578125,0.54974365234375,0.91156005859375,-0.238525390625,-0.13067626953125,0.3082275390625
120,0.84136962890625,-0.2484130859375,-0.22418212890625,-0.42425537109375,0.1226806640625,0.25836181640625,0.295654296875,0.91143798828125,0.77935791015625,0.40618896484375,0.0777587890625,0.4705810546875,0.4737548828125,0.47320556640625,-0.11663818359375,0.7333984375,0.72625732421875,0.273193359375,-0.308349609375,0.55023193359375,0.91156005859375,-0.238525390625,-0.13067626953125,0.3082275390625
121,0.84149169921875,-0.24798583984375,-0.22393798828125,-0.42437744140625,0.12255859375,0.25823974609375,0.296142578125,0.91131591796875,0.77947998046875,0.40576171875,0.07757568359375,0.47076416015625,0.47381591796875,0.4720458984375,-0.115966796875,0.7342529296875,0.72613525390625,0.27276611328125,-0.3084716796875,0.550537109375,0.911376953125,-0.23870849609375,-0.1307373046875,0.30859375
122,0.84149169921875,-0.24798583984375,-0.22393798828125,-0.42437744140625,0.12255859375,0.25823974609375,0.296142578125,0.91131591796875,0.779541015625,0.4053955078125,0.0780029296875,0.47088623046875,0.47381591796875,0.4720458984375,-0.115966796875,0.7342529296875,0.72625732421875,0.27227783203125,-0.30816650390625,0.55078125,0.911376953125,-0.23870849609375,-0.1307373046875,0.30859375
123,0.8414306640625,-0.24786376953125,-0.22393798828125,-0.42462158203125,0.122314453125,0.258544921875,0.29644775390625,0.91119384765625,0.7795902111857232,0.4055549340901965,0.07795373412677675,0.47076293537050584,0.47393798828125,0.4710693359375,-0.11529541015625,0.73486328125,0.72607421875,0.27227783203125,-0.30810546875,0.551025390625,0.91131591796875,-0.23883056640625,-0.1302490234375,0.308837890625
124,0.8414306640625,-0.24786376953125,-0.22393798828125,-0.42462158203125,0.122314453125,0.258544921875,0.29644775390625,0.91119384765625,0.7796630859375,0.40570068359375,0.077880859375,0.47052001953125,0.47393798828125,0.4710693359375,-0.11529541015625,0.73486328125,0.72650146484375,0.2724609375,-0.30792236328125,0.550537109375,0.9114343139240175,-0.2387713684286162,-0.13021942444868312,0.3085419007368311
125,0.84112548828125,-0.24786376953125,-0.22430419921875,-0.425048828125,0.12213134765625,0.2587890625,0.29632568359375,0.9111328125,0.7794477277774875,0.40584520831155935,0.0783017774090719,0.4706841408209657,0.473876953125,0.471923828125,-0.11480712890625,0.7344970703125,0.72625732421875,0.2728271484375,-0.30755615234375,0.55084228515625,0.91143798828125,-0.238525390625,-0.13006591796875,0.30877685546875
126,0.84112548828125,-0.24786376953125,-0.22430419921875,-0.425048828125,0.1222078967652592,0.2588656116090092,0.2962950639501463,0.9111175026781981,0.77960205078125,0.4058837890625,0.07818603515625,0.4703369140625,0.4739841218776129,0.47190851830319813,-0.11480712890625,0.7344358310252926,0.7266845703125,0.27276611328125,-0.30743408203125,0.5504150390625,0.9114839177466555,-0.23858662991220736,-0.1299128197507316,0.30868499653793896
127,0.8408203125,-0.2481689453125,-0.224365234375,-0.42547607421875,0.1219482421875,0.25909423828125,0.29595947265625,0.91119384765625,0.7792685007969272,0.40625,0.07830810546875,0.4705849331756898,0.47381591796875,0.47222900390625,-0.11480712890625,0.73431396484375,0.72637939453125,0.27325439453125,-0.30743408203125,0.550537109375,0.91156005859375,-0.23828125,-0.12957763671875,0.30877685546875
128,0.8408203125,-0.2481689453125,-0.224365234375,-0.42547607421875,0.12195028349707358,0.2590973002456104,0.29596457593018394,0.9111918063466764,0.77947998046875,0.40625,0.07830810546875,0.47021484375,0.47382000058789714,0.4722310452158236,-0.11480304628710283,0.7343109028793896,0.7266845703125,0.27313232421875,-0.3072509765625,0.55029296875,0.9115620999033236,-0.23828329130957357,-0.12957457475438963,0.30877277284960286
129,0.84063720703125,-0.2481689453125,-0.22418212890625,-0.4259033203125,0.1217041015625,0.25897216796875,0.29608154296875,0.91119384765625,0.7794005735263377,0.4060364790186037,0.07840568006636706,0.47053226738869147,0.4736328125,0.4722900390625,-0.1146240234375,0.734375,0.726318359375,0.27325439453125,-0.30743408203125,0.55059814453125,0.91156005859375,-0.23822021484375,-0.1297607421875,0.30877685546875
130,0.84063720703125,-0.2481689453125,-0.22418212890625,-0.4259033203125,0.1217041015625,0.25897216796875,0.29608154296875,0.91119384765625,0.7794189453125,0.406005859375,0.07843017578125,0.47052001953125,0.473823879076087,0.47195567255434784,-0.11438519021739131,0.7345182999320652,0.7265625,0.2725830078125,-0.306884765625,0.55096435546875,0.9115122919497283,-0.2384590480638587,-0.12904424252717392,0.30911122197690216
131,0.84063720703125,-0.24798583984375,-0.2237548828125,-0.42620849609375,0.12152099609375,0.25885009765625,0.29644775390625,0.91119384765625,0.77935791015625,0.40582275390625,0.07847018544889214,0.47080498634772155,0.4736328125,0.4715576171875,-0.11456298828125,0.73486328125,0.72625732421875,0.27239990234375,-0.3072509765625,0.55120849609375,0.911376953125,-0.23858642578125,-0.12939453125,0.3092041015625
132,0.84063720703125,-0.24798583984375,-0.2237548828125,-0.42620849609375,0.12152099609375,0.25885009765625,0.29644775390625,0.91119384765625,0.77935791015625,0.40582275390625,0.07867431640625,0.47076416015625,0.4736662899770067,0.4714906622334866,-0.11436212341920986,0.7349302362040134,0.72625732421875,0.27239990234375,-0.30731201171875,0.55120849609375,0.9114104306020067,-0.23848599335022994,-0.12952844115802675,0.3091706240854933
133,0.840576171875,-0.24755859375,-0.22381591796875,-0.426513671875,0.12127685546875,0.25897216796875,0.29681396484375,0.91107177734375,0.779296875,0.4055882074362458,0.07898908634249581,0.4709987066262542,0.4735107421875,0.47125244140625,-0.1138916015625,0.73529052734375,0.72601318359375,0.272216796875,-0.30718994140625,0.5516357421875,0.91119384765625,-0.2386474609375,-0.1297607421875,0.30950927734375
134,0.840576171875,-0.24755859375,-0.22381591796875,-0.426513671875,0.12133442039872491,0.25910648613869147,0.29664127005382523,0.91107177734375,0.779296875,0.40576171875,0.07916259765625,0.4708251953125,0.4737548828125,0.4715576171875,-0.11358642578125,0.73492431640625,0.72637939453125,0.27239990234375,-0.3065185546875,0.55145263671875,0.9113089775161999,-0.23855151938754182,-0.12953048246760035,0.30937495917380853
135,0.84039306640625,-0.24749755859375,-0.22430419921875,-0.4266357421875,0.12109375,0.2596435546875,0.29656982421875,0.91094970703125,0.7792237961172659,0.40590624346780935,0.07966373915656355,0.4707657932039089,0.47369384765625,0.4718017578125,-0.11309814453125,0.73492431640625,0.72637939453125,0.2725830078125,-0.3060302734375,0.5516357421875,0.91143798828125,-0.23834228515625,-0.12872314453125,0.3094482421875
136,0.8403881672632734,-0.24748286116482024,-0.2243433923625627,-0.4266406413304766,0.12106435514214046,0.25966805040238294,0.2965747233617266,0.9109448078882734,0.7791748046875,0.40648434233904684,0.0795069665813127,0.4702807780492266,0.4735766764867266,0.47236087250470316,-0.1128758459186873,0.73468017578125,0.7265673991429766,0.27313232421875,-0.30599108029368727,0.5511621583664298,0.9116723306202968,-0.23805180680392976,-0.12912099576714048,0.3089283206391095
137,0.84033203125,-0.247314453125,-0.22479248046875,-0.42669677734375,0.1207275390625,0.25994873046875,0.296630859375,0.910888671875,0.7790572252560619,0.40643086002821904,0.08013242383465718,0.47045449349393814,0.4736328125,0.47247314453125,-0.1124267578125,0.73468017578125,0.72662353515625,0.27313232421875,-0.3055419921875,0.55133056640625,0.91156005859375,-0.23822021484375,-0.1287841796875,0.30926513671875
138,0.84033203125,-0.247314453125,-0.22479248046875,-0.42669677734375,0.1207275390625,0.25994873046875,0.296630859375,0.910888671875,0.779052734375,0.40643310546875,0.08013916015625,0.470458984375,0.47358116736778844,0.4722149188701923,-0.11232346754807693,0.7348867563100961,0.72662353515625,0.27313232421875,-0.305419921875,0.5513916015625,0.9115084134615384,-0.23822021484375,-0.1286292442908654,0.3093684269831731
139,0.84039306640625,-0.247314453125,-0.224853515625,-0.42657470703125,0.12078857421875,0.260009765625,0.296630859375,0.910888671875,0.7790858035900919,0.4061216016278219,0.08037819750731605,0.4706484179034281,0.47369384765625,0.47216796875,-0.1123046875,0.73480224609375,0.7266845703125,0.2730712890625,-0.30535888671875,0.55133056640625,0.91156005859375,-0.23828125,-0.12847900390625,0.309326171875
140,0.84039306640625,-0.247314453125,-0.224853515625,-0.42657470703125,0.12078857421875,0.260009765625,0.296630859375,0.910888671875,0.779052734375,0.406005859375,0.0804443359375,0.47076416015625,0.4735444237954641,0.4718317650632316,-0.11215526363921405,0.7351384497805183,0.72637939453125,0.27288818359375,-0.305419921875,0.55181884765625,0.9114479906981605,-0.23816918210441054,-0.1287404956626254,0.3095503076661789
141,0.84063720703125,-0.24713134765625,-0.224609375,-0.42626953125,0.12066650390625,0.25970458984375,0.296875,0.910888671875,0.7792068532478051,0.4054898163147993,0.08044188636601173,0.47097380264945654,0.4737548828125,0.4713134765625,-0.11224365234375,0.7353515625,0.7265625,0.27252197265625,-0.30560302734375,0.5516357421875,0.91143798828125,-0.2384033203125,-0.12896728515625,0.309326171875
142,0.84063720703125,-0.24713134765625,-0.224609375,-0.42626953125,0.12066650390625,0.25970458984375,0.296875,0.910888671875,0.779052734375,0.40521240234375,0.0806884765625,0.47137451171875,0.47361648202341133,0.47124427616795567,-0.11224365234375,0.7354668964909072,0.7261962890625,0.2724609375,-0.30584716796875,0.55206298828125,0.9113918546848871,-0.23835718671613712,-0.12899035195443145,0.3095107062604515
143,0.84088134765625,-0.2470703125,-0.2244873046875,-0.4259033203125,0.1207275390625,0.25946044921875,0.29705810546875,0.910888671875,0.7793101435122283,0.40501072095788043,0.08056905995244566,0.47119671365489135,0.4737548828125,0.470947265625,-0.11236572265625,0.73553466796875,0.7264404296875,0.272216796875,-0.305908203125,0.55181884765625,0.911376953125,-0.238525390625,-0.12896728515625,0.30938720703125
144,0.84088134765625,-0.2470703125,-0.2244873046875,-0.4259033203125,0.12068365090666805,0.25944289395641723,0.29702299494408446,0.9109150047684992,0.7791748046875,0.40478515625,0.08074951171875,0.4715576171875,0.473388671875,0.470947265625,-0.11236572265625,0.73577880859375,0.7261962890625,0.272216796875,-0.305908203125,0.55218505859375,0.911376953125,-0.23849028010033443,-0.12897606278741638,0.3094135399247492
145,0.84100341796875,-0.2470703125,-0.224609375,-0.425537109375,0.1207275390625,0.25958251953125,0.296875,0.91094970703125,0.779052734375,0.40484619140625,0.08111572265625,0.4716796875,0.4737548828125,0.47100830078125,-0.1123046875,0.73553466796875,0.7264404296875,0.2720947265625,-0.3057861328125,0.55194091796875,0.9114990234375,-0.23846435546875,-0.1287841796875,0.309326171875
146,0.84100341796875,-0.2470703125,-0.224609375,-0.425537109375,0.1207275390625,0.25958251953125,0.296875,0.91094970703125,0.779052734375,0.40484619140625,0.08111572265625,0.4716796875,0.4733106938492893,0.47139696612405935,-0.11263782922240803,0.7354791443483487,0.7261962890625,0.272705078125,-0.30615234375,0.5517578125,0.9114990234375,-0.23846435546875,-0.1287841796875,0.309326171875
147,0.84100341796875,-0.2470703125,-0.22528076171875,-0.42523193359375,0.1207275390625,0.260009765625,0.2965087890625,0.91094970703125,0.7790296675768186,0.4049913285169314,0.08173873033810619,0.4714586136731814,0.47357177734375,0.47174072265625,-0.11212158203125,0.73516845703125,0.7265625,0.27276611328125,-0.30548095703125,0.5516357421875,0.91162109375,-0.2381591796875,-0.12872314453125,0.30908203125
148,0.84100341796875,-0.2470703125,-0.22528076171875,-0.42523193359375,0.1207275390625,0.260009765625,0.2965087890625,0.91094970703125,0.77899169921875,0.405029296875,0.08172607421875,0.47149658203125,0.47344970703125,0.471923828125,-0.11236572265625,0.73516845703125,0.7265625,0.273193359375,-0.305419921875,0.55145263671875,0.9117035626567725,-0.23803547632734112,-0.12880561343802258,0.3088758589830686
149,0.84100341796875,-0.247314453125,-0.22576904296875,-0.42486572265625,0.1207275390625,0.26055908203125,0.29608154296875,0.910888671875,0.7789774100517349,0.40520525776024247,0.08232376966189382,0.4712738751567726,0.47369384765625,0.4722900390625,-0.11212158203125,0.7347412109375,0.72686767578125,0.27337646484375,-0.30499267578125,0.5511474609375,0.91192626953125,-0.2379150390625,-0.12823486328125,0.3087158203125
150,0.84100341796875,-0.247314453125,-0.22576904296875,-0.42486572265625,0.1207275390625,0.26055908203125,0.29608154296875,0.910888671875,0.77886962890625,0.4051513671875,0.08245849609375,0.471435546875,0.473388671875,0.4722900390625,-0.112060546875,0.73492431640625,0.72662353515625,0.27362060546875,-0.3052978515625,0.5511474609375,0.9118993242448787,-0.2377803126306438,-0.12845042557221992,0.30876971088524247
151,0.841064453125,-0.24749755859375,-0.2257080078125,-0.42462158203125,0.12060546875,0.2603759765625,0.29583740234375,0.91107177734375,0.7788926957044314,0.4051760670333403,0.0825146321070234,0.47142901468436454,0.47357177734375,0.472412109375,-0.11224365234375,0.7347412109375,0.726806640625,0.273681640625,-0.305419921875,0.5509033203125,0.9119873046875,-0.237548828125,-0.12860107421875,0.30859375
152,0.8411024214830686,-0.24752287083246238,-0.22564472721571904,-0.42457095755382523,0.12056750039193143,0.26032535208507523,0.2958247462243938,0.9110970895824624,0.7787244917955686,0.4048588475256062,0.08280980547136287,0.4718858597669314,0.4732435347643186,0.4719595510425376,-0.11244165937238713,0.7352041799487876,0.7264047067699624,0.2734732229175376,-0.30560527278428096,0.551389356121969,0.9119619924487876,-0.23757414036371238,-0.12865169869617477,0.3086064061193562
153,0.84124755859375,-0.24761962890625,-0.22540283203125,-0.42437744140625,0.12042236328125,0.2601318359375,0.2957763671875,0.91119384765625,0.7786865234375,0.40472412109375,0.0826416015625,0.47210693359375,0.473388671875,0.47186279296875,-0.11273193359375,0.735107421875,0.72650146484375,0.27337646484375,-0.30584716796875,0.5511474609375,0.911865234375,-0.2376708984375,-0.12884521484375,0.30865478515625
154,0.84124755859375,-0.24761962890625,-0.22540283203125,-0.42437744140625,0.12042236328125,0.2601318359375,0.2957763671875,0.91119384765625,0.7786865234375,0.40472412109375,0.0826416015625,0.47210693359375,0.47320556640625,0.4716796875,-0.11279296875,0.7353515625,0.726318359375,0.27325439453125,-0.30621337890625,0.55126953125,0.911865234375,-0.2376708984375,-0.12884521484375,0.30865478515625
155,0.84136962890625,-0.24755859375,-0.22528076171875,-0.4241943359375,0.12017822265625,0.260009765625,0.29583740234375,0.9112548828125,0.7788173713811664,0.4046630859375,0.08241501619983278,0.47198486328125,0.473388671875,0.4715576171875,-0.11285400390625,0.73529052734375,0.7264404296875,0.2730712890625,-0.30633544921875,0.5511474609375,0.91180419921875,-0.23785400390625,-0.1290283203125,0.3087158203125
156,0.84136962890625,-0.24755859375,-0.22528076171875,-0.4241943359375,0.12017822265625,0.260009765625,0.29583740234375,0.9112548828125,0.77880859375,0.4046630859375,0.0823974609375,0.47198486328125,0.47332763671875,0.471435546875,-0.11297607421875,0.73541259765625,0.72637939453125,0.27294921875,-0.3062744140625,0.55133056640625,0.91180419921875,-0.23785400390625,-0.1290283203125,0.3087158203125
157,0.84149169921875,-0.2474365234375,-0.2252197265625,-0.42413330078125,0.12030029296875,0.25982666015625,0.29608154296875,0.91119384765625,0.7789306640625,0.40440404375261285,0.08256423592966136,0.4720228316393186,0.47344970703125,0.47125244140625,-0.11297607421875,0.7354736328125,0.7264404296875,0.27276611328125,-0.30633544921875,0.55133056640625,0.9117431640625,-0.23797607421875,-0.1290283203125,0.3087158203125
158,0.84149169921875,-0.2474365234375,-0.2252197265625,-0.42413330078125,0.12030029296875,0.25982666015625,0.29608154296875,0.91119384765625,0.7789306640625,0.40435791015625,0.08270263671875,0.4720458984375,0.4735107421875,0.4710693359375,-0.11273193359375,0.735595703125,0.7264404296875,0.2725830078125,-0.30609130859375,0.551513671875,0.9117431640625,-0.23797607421875,-0.1290283203125,0.3087158203125
159,0.84149169921875,-0.24725341796875,-0.22509765625,-0.42425537109375,0.1204833984375,0.25970458984375,0.29632568359375,0.9111328125,0.7789543432535535,0.4041037671143395,0.0827699999346781,0.4722053247151965,0.47344970703125,0.47088623046875,-0.1126708984375,0.7357177734375,0.726318359375,0.2724609375,-0.30615234375,0.55169677734375,0.91168212890625,-0.23809814453125,-0.12890625,0.30889892578125
160,0.84149169921875,-0.24718727953856603,-0.225081121642454,-0.42430497491638797,0.12045032922240802,0.259671520628658,0.29640835663147996,0.911116277892454,0.77899169921875,0.40392556078856606,0.08305231304870402,0.47223410718018394,0.473538708128658,0.47075905688231606,-0.11233265344115802,0.735828412416388,0.7264683956286581,0.27222822820861203,-0.30580266742004597,0.551868451478888,0.911665594298704,-0.23814774835388797,-0.12887318078490803,0.30894852960388797
161,0.84149169921875,-0.24700927734375,-0.22503662109375,-0.4244384765625,0.120361328125,0.25958251953125,0.296630859375,0.91107177734375,0.7790010892427884,0.4037006084735577,0.08309232271634616,0.472412109375,0.47344970703125,0.4705810546875,-0.11224365234375,0.7359619140625,0.72637939453125,0.2720947265625,-0.30584716796875,0.552001953125,0.91162109375,-0.23828125,-0.1287841796875,0.30908203125
162,0.841489453778219,-0.24700478646268814,-0.2250298847721572,-0.4244497037651547,0.12035908268446907,0.25957802865018814,0.2966375956965928,0.91107177734375,0.7790482434939381,0.40343789193143814,0.08355263802518813,0.4724233365776547,0.4736238307378763,0.4703301777409072,-0.11194072200303093,0.7360929661371237,0.7264924830816263,0.27166748046875,-0.3054876933528428,0.5522550755121237,0.9116143574284072,-0.2382879863215928,-0.1287774433659072,0.3090955038931856
163,0.8414306640625,-0.24688720703125,-0.224853515625,-0.42474365234375,0.12030029296875,0.25946044921875,0.29681396484375,0.91107177734375,0.7790990721023202,0.40309576844690637,0.0839402827132107,0.47260501312970316,0.473388671875,0.47015380859375,-0.11199951171875,0.736328125,0.72625732421875,0.27166748046875,-0.3056640625,0.552490234375,0.91143798828125,-0.23846435546875,-0.12860107421875,0.3094482421875
164,0.8414306640625,-0.24688720703125,-0.224853515625,-0.42474365234375,0.12030029296875,0.25946044921875,0.29681396484375,0.91107177734375,0.77911376953125,0.403076171875,0.083984375,0.47259521484375,0.47369384765625,0.46990966796875,-0.11163330078125,0.736328125,0.72650146484375,0.27166748046875,-0.305419921875,0.55230712890625,0.91143798828125,-0.23846435546875,-0.12860107421875,0.3094482421875
165,0.84130859375,-0.246826171875,-0.2247314453125,-0.425048828125,0.120361328125,0.2593994140625,0.29681396484375,0.91107177734375,0.7790980514475334,0.40272220879494147,0.08434180830633362,0.472900390625,0.473388671875,0.46990966796875,-0.11163330078125,0.736572265625,0.72625732421875,0.271728515625,-0.3055419921875,0.55255126953125,0.9114990234375,-0.23834228515625,-0.12872314453125,0.30938720703125
166,0.8412391892244984,-0.24686087413775085,-0.22459263626149667,-0.425257041701505,0.12018781681124584,0.25926060501149667,0.2967098580554975,0.9111758841320025,0.7790359956364966,0.4026225928877508,0.08439488235524667,0.47307390193875415,0.473485634079745,0.4696044921875,-0.1116153372570025,0.7366500395197534,0.7262669183737458,0.2714317092130017,-0.30543666061350333,0.5526553763195025,0.9114296189119984,-0.23837698741900085,-0.12868844226849915,0.30952601608225333
167,0.8411865234375,-0.24688720703125,-0.2244873046875,-0.4254150390625,0.1202392578125,0.25933837890625,0.29681396484375,0.91107177734375,0.7790408947794732,0.40231823363033026,0.08464780061141305,0.4732606817647366,0.47332763671875,0.4696044921875,-0.1116943359375,0.73675537109375,0.72613525390625,0.271484375,-0.3055419921875,0.552734375,0.911376953125,-0.2384033203125,-0.128662109375,0.30963134765625
168,0.8411456972460284,-0.24690762012698578,-0.2243648261130853,-0.4255375176369147,0.12015760542955686,0.2592159003318353,0.2967323124608069,0.9111534297266931,0.7790931523045569,0.4019369170019858,0.0849605292380853,0.4734501152931647,0.4735713690818353,0.4689737275292642,-0.11155226079117891,0.7370201289454431,0.726216293896321,0.27097588478522155,-0.3053592949806647,0.5529787197559574,0.9113565400292643,-0.23838290721676422,-0.12868252247073578,0.3097130000391931
169,0.841064453125,-0.2469482421875,-0.22412109375,-0.42578125,0.1202392578125,0.2591552734375,0.29681396484375,0.9111328125,0.7789704695991848,0.4017785113790761,0.08500870414402173,0.473746921705163,0.4733939792798913,0.468880031419837,-0.11166249150815218,0.7371826171875,0.72601318359375,0.27105712890625,-0.30560302734375,0.5531005859375,0.91131591796875,-0.23834228515625,-0.12872314453125,0.30987548828125
170,0.8410522052675585,-0.24694211825877926,-0.22412109375,-0.42580574571488294,0.12021476209761707,0.25914302558005853,0.29681396484375,0.9111389364287207,0.7791015216738085,0.40106201171875,0.08606569424122074,0.4739563600674122,0.47360831678511706,0.46869508877247074,-0.11132200107127926,0.7372009889736622,0.7261840412050585,0.27088627129494147,-0.30523681640625,0.5531189577236622,0.91131591796875,-0.23834840908497074,-0.12871089667380853,0.30988161220997074
171,0.8409423828125,-0.24688720703125,-0.22412109375,-0.426025390625,0.12017822265625,0.25927734375,0.29681396484375,0.9111328125,0.7791717427231396,0.4004618667041179,0.08702082299069817,0.4741811082514632,0.473388671875,0.46875,-0.11126708984375,0.73736572265625,0.72607421875,0.27099609375,-0.30523681640625,0.55328369140625,0.91131591796875,-0.2384033203125,-0.12860107421875,0.3099365234375
172,0.8409423828125,-0.24688720703125,-0.22412109375,-0.426025390625,0.12017822265625,0.25927734375,0.29681396484375,0.9111328125,0.7791748046875,0.40045166015625,0.0870361328125,0.47418212890625,0.4736328125,0.46881103515625,-0.11102294921875,0.7371826171875,0.7262856984218228,0.27099609375,-0.30507820665238294,0.5530193418164716,0.91131591796875,-0.2384033203125,-0.12860107421875,0.3099365234375
173,0.84075927734375,-0.2469482421875,-0.2244873046875,-0.42620849609375,0.119873046875,0.25970458984375,0.29669189453125,0.91107177734375,0.7790831498876463,0.40007075178982027,0.08819498425742052,0.47438034006584445,0.47358688303459445,0.46910090111569813,-0.1107177734375,0.7370454411841555,0.72625732421875,0.27130126953125,-0.30474853515625,0.55316162109375,0.91143798828125,-0.23822021484375,-0.12823486328125,0.30987548828125
174,0.8406821158418687,-0.24690966143655937,-0.2247187891931438,-0.42624707684469065,0.11971872387123747,0.2598203320965719,0.29684621753501256,0.9109946158418687,0.7790751887803093,0.39990234375,0.08867142591189381,0.47446485028219065,0.47359423174905935,0.4692319531903219,-0.11052486968279683,0.73699951171875,0.72650146484375,0.27131739587688125,-0.30449459624529684,0.5529946419706313,0.9113994075303093,-0.23822021484375,-0.12808054027748747,0.31002981128501256
175,0.84063720703125,-0.24688720703125,-0.224853515625,-0.42626953125,0.11962890625,0.25994873046875,0.2967529296875,0.9110107421875,0.7791470428772993,0.39902213106187295,0.08978067353417639,0.47489597486413043,0.4736032135111831,0.4691735717365176,-0.11031828915395067,0.7370623840536162,0.72650146484375,0.2713623046875,-0.30438232421875,0.55303955078125,0.9114990234375,-0.23797607421875,-0.1279296875,0.30987548828125
176,0.84063720703125,-0.24688720703125,-0.22490209879285117,-0.42626953125,0.11960461466607442,0.2599730220526756,0.2967772212714256,0.9110107421875,0.77923583984375,0.398193359375,0.09074682535535117,0.47528076171875,0.4736571040839256,0.4690794673651756,-0.11018090901964883,0.73712158203125,0.7265257564276756,0.2713255611151756,-0.30415063558214883,0.5530638423651756,0.9114990234375,-0.23797607421875,-0.12783252116429766,0.30992407144910117
177,0.84063720703125,-0.24688720703125,-0.2249755859375,-0.42626953125,0.11944580078125,0.260009765625,0.2967529296875,0.9110107421875,0.779296875,0.3968505859375,0.0924072265625,0.47601318359375,0.47367670065583195,0.46901332893499165,-0.11003883387332777,0.7372073170333403,0.7265625,0.2713623046875,-0.3040771484375,0.5531005859375,0.9114990234375,-0.23797607421875,-0.127685546875,0.30999755859375
178,0.8406472094481605,-0.24687720461433946,-0.2249755859375,-0.4262395239992684,0.1194758080319816,0.2600197680419105,0.2967629321044105,0.9110007397705895,0.779316879833821,0.3968405835205895,0.09239722414558947,0.4759931787599289,0.4736628197507316,0.4687399975830895,-0.10985327883308947,0.7374167553955895,0.726521469677571,0.2709760889161789,-0.303955078125,0.5533957593018395,0.9114990234375,-0.23799607905257106,-0.12763553479044734,0.3100275658444816
179,0.8406982421875,-0.246826171875,-0.2249755859375,-0.42608642578125,0.119384765625,0.260009765625,0.29693603515625,0.91094970703125,0.779296875,0.39630126953125,0.09307861328125,0.47625732421875,0.4737548828125,0.4683837890625,-0.10986328125,0.737548828125,0.72662353515625,0.2708740234375,-0.303955078125,0.5533447265625,0.9114990234375,-0.23809814453125,-0.12738037109375,0.3101806640625
180,0.8406982421875,-0.246826171875,-0.2249755859375,-0.42608642578125,0.119384765625,0.260009765625,0.29693603515625,0.91094970703125,0.779296875,0.39630126953125,0.09307861328125,0.47625732421875,0.4737548828125,0.4683837890625,-0.10986328125,0.737548828125,0.726510038343959,0.27104426865593645,-0.30412532334343645,0.5532879781563546,0.9114990234375,-0.23809814453125,-0.12738037109375,0.3101806640625
181,0.8408203125,-0.2467041015625,-0.2252197265625,-0.42584228515625,0.11944580078125,0.260009765625,0.296875,0.9110107421875,0.7793807728234741,0.3960303877508361,0.0935707730194398,0.47626120270693983,0.47396085094847407,0.46822354626097407,-0.10942072533444815,0.7375755692804139,0.72674560546875,0.2708740234375,-0.30389404296875,0.55322265625,0.9114990234375,-0.238037109375,-0.1275634765625,0.31005859375
182,0.8408203125,-0.2467041015625,-0.2252197265625,-0.42584228515625,0.11944580078125,0.260009765625,0.296875,0.9110107421875,0.77935791015625,0.39599609375,0.0936279296875,0.476318359375,0.47393798828125,0.46820068359375,-0.109375,0.73760986328125,0.7267031462296195,0.27091648267663043,-0.30393650220788043,0.5531801970108695,0.9114990234375,-0.238037109375,-0.1275634765625,0.31005859375
183,0.8408203125,-0.24676513671875,-0.2255859375,-0.42559814453125,0.11962890625,0.2603759765625,0.29669189453125,0.910888671875,0.77947998046875,0.39598649959500415,0.09395882596937709,0.47614484806124585,0.47407618493938125,0.4683837890625,-0.10930743265311456,0.7374267578125,0.7269287109375,0.27099609375,-0.30364990234375,0.55303955078125,0.91156005859375,-0.23797607421875,-0.12713623046875,0.30999755859375
184,0.8408203125,-0.24676513671875,-0.2255859375,-0.42559814453125,0.11962890625,0.2603759765625,0.29669189453125,0.910888671875,0.77947998046875,0.39593505859375,0.09393310546875,0.4761962890625,0.4739990234375,0.4683837890625,-0.10943603515625,0.7374267578125,0.7269005408653846,0.2711369441105769,-0.3037907527043269,0.552898700420673,0.91156005859375,-0.23797607421875,-0.12713623046875,0.30999755859375
185,0.8408203125,-0.24688720703125,-0.2259521484375,-0.4254150390625,0.1201171875,0.26055908203125,0.2962646484375,0.91094970703125,0.77947998046875,0.39605712890625,0.093994140625,0.47607421875,0.4739990234375,0.468994140625,-0.1094970703125,0.737060546875,0.72711181640625,0.27142333984375,-0.30364990234375,0.55255126953125,0.91162109375,-0.23797607421875,-0.12713623046875,0.30987548828125
186,0.8408064315948997,-0.2469566115567517,-0.22600767205790134,-0.42535951544209866,0.1201171875,0.2606701292720527,0.2962368866272993,0.9109219452210493,0.77947998046875,0.3961265334317517,0.09403578334030102,0.4760048142244983,0.4740267852477007,0.46907742605560204,-0.10948318940739966,0.7369911423494983,0.727092423965301,0.27160093377665134,-0.303974470565949,0.5523126404420986,0.911662736465301,-0.23793443150344898,-0.12705294503814796,0.3098477264710493
187,0.84075927734375,-0.2471923828125,-0.2261962890625,-0.4251708984375,0.12060546875,0.26116943359375,0.29583740234375,0.91082763671875,0.77947998046875,0.3958740234375,0.0941162109375,0.47613525390625,0.47412109375,0.4691162109375,-0.10992431640625,0.73687744140625,0.72723388671875,0.27178955078125,-0.3038330078125,0.5521240234375,0.9117431640625,-0.23785400390625,-0.12701416015625,0.3096923828125
188,0.84075927734375,-0.2471923828125,-0.2261962890625,-0.4251708984375,0.12060546875,0.26116943359375,0.29583740234375,0.91082763671875,0.77947998046875,0.3958740234375,0.0941162109375,0.47613525390625,0.47412109375,0.4691162109375,-0.10992431640625,0.73687744140625,0.7271732598244147,0.2715470432039089,-0.3041361422841764,0.5521846503318353,0.9117431640625,-0.23785400390625,-0.12701416015625,0.3096923828125
189,0.8408203125,-0.24737548828125,-0.22607421875,-0.42498779296875,0.12066650390625,0.26123046875,0.29559326171875,0.910888671875,0.7794875333141722,0.39578971735211116,0.09410110524665552,0.4762730423024666,0.4740827171300167,0.4689557640050167,-0.11027542165290552,0.7369158180262333,0.727294921875,0.2716064453125,-0.30426025390625,0.55194091796875,0.91180419921875,-0.23779296875,-0.1270751953125,0.30950927734375
190,0.8408203125,-0.24737548828125,-0.22607421875,-0.42498779296875,0.12066650390625,0.26123046875,0.29559326171875,0.910888671875,0.77947998046875,0.395751953125,0.0941162109375,0.476318359375,0.47406005859375,0.46893310546875,-0.11029052734375,0.7369384765625,0.727109570965719,0.2715137698578595,-0.3043992670882107,0.552126268878031,0.91180419921875,-0.23779296875,-0.1270751953125,0.30950927734375
191,0.8409423828125,-0.24725341796875,-0.22601318359375,-0.42486572265625,0.1209716796875,0.26104736328125,0.2957763671875,0.91082763671875,0.7795628576374373,0.3954120750809991,0.0943687209317517,0.47637490365018814,0.4742605151938754,0.4683580685618729,-0.11009456162468644,0.737212828569189,0.7271728515625,0.27130126953125,-0.30450439453125,0.5521240234375,0.91168212890625,-0.238037109375,-0.127197265625,0.30963134765625
192,0.8409744313728051,-0.24725341796875,-0.22588498935252926,-0.42486572265625,0.12103577680811037,0.26095121760033446,0.2957122700668896,0.9108596852790551,0.779541015625,0.39532470703125,0.09441526279002926,0.4764404296875,0.47430419921875,0.4680755513168896,-0.11008149724341555,0.73736572265625,0.7271728515625,0.27104488104880853,-0.30437620029002926,0.5522842662390259,0.91168212890625,-0.238037109375,-0.12729341130591557,0.3095672505356396
193,0.84100341796875,-0.24725341796875,-0.22576904296875,-0.42486572265625,0.1209716796875,0.260986328125,0.29583740234375,0.91082763671875,0.77947998046875,0.39501953125,0.0948486328125,0.4766845703125,0.4742431640625,0.4678955078125,-0.1099853515625,0.737548828125,0.7271728515625,0.27081298828125,-0.30426025390625,0.55242919921875,0.9117431640625,-0.23797607421875,-0.12725830078125,0.30950927734375
194,0.8410211773620402,-0.24718238039558946,-0.22578680236204013,-0.42488348204954013,0.1209716796875,0.26095080933841974,0.2959084399169105,0.91082763671875,0.7794977398620402,0.3949662530701296,0.09488415159908027,0.47670232970579013,0.47426092345579013,0.4678422296326296,-0.1099320733826296,0.7375843469115803,0.7271550921692098,0.2707241913147993,-0.30424249451295987,0.5525002367919105,0.9117076452759197,-0.23802935239862041,-0.12727606017454013,0.30954479613033026
195,0.841064453125,-0.24700927734375,-0.225830078125,-0.4249267578125,0.12103271484375,0.2608642578125,0.296142578125,0.9107666015625,0.7796630859375,0.39422607421875,0.09539794921875,0.47698974609375,0.47442626953125,0.46722412109375,-0.1094970703125,0.7379150390625,0.72711181640625,0.2705078125,-0.30419921875,0.55267333984375,0.91162109375,-0.23834228515625,-0.127197265625,0.3096923828125
196,0.841064453125,-0.24700927734375,-0.22581966744617474,-0.42493022803877506,0.12103271484375,0.26085384713367477,0.29613910789872494,0.9107700717887751,0.7796596157112249,0.39422607421875,0.09538753853992474,0.4769966865463002,0.47442279930497494,0.46722065086747494,-0.10950401076505017,0.7379185092887751,0.7271152866325251,0.2704800506897993,-0.30418880807117477,0.5526872207488503,0.91162109375,-0.23834228515625,-0.12720767630382526,0.30968891258622494
197,0.841064453125,-0.24700927734375,-0.22564697265625,-0.42498779296875,0.12120479724080269,0.2609679563388378,0.2960241821697324,0.9107702759197325,0.77960205078125,0.39399663102267973,0.09561636934312294,0.4771691772052676,0.4744225951740176,0.4671057251384824,-0.10967650142401757,0.73797607421875,0.7271728515625,0.27001953125,-0.30401611328125,0.55291748046875,0.91156005859375,-0.2384033203125,-0.12701416015625,0.30975341796875
198,0.84101423690949,-0.24690884491272994,-0.2257976213027801,-0.42503800918426005,0.12111538788147994,0.260986328125,0.2961711564590301,0.91071638534699,0.77960205078125,0.3938815011627299,0.09584295470579014,0.4772732839935201,0.47437605331573995,0.46715226699676005,-0.10947931091920986,0.73797607421875,0.7271728515625,0.2702706123275502,-0.3041165457122701,0.5527668318222199,0.91150984237824,-0.23850375274352006,-0.12696394394073995,0.3099040666152801
199,0.84100341796875,-0.24688720703125,-0.225830078125,-0.425048828125,0.12117989326400502,0.260900184860995,0.296117470017245,0.9107486380382525,0.77960205078125,0.3938167916492475,0.09614466026076506,0.477294921875,0.4744083060070025,0.4671200143054975,-0.10939296352424749,0.73797607421875,0.7271728515625,0.27032470703125,-0.30413818359375,0.552734375,0.91162109375,-0.23828125,-0.12713623046875,0.30963134765625
200,0.840967490920255,-0.24688720703125,-0.22575822402801002,-0.42512068222198995,0.12114396621551003,0.26079240371551005,0.296045615920255,0.910802528610995,0.779566123732755,0.393798828125,0.09618058730926003,0.47736677597198995,0.47435441543426005,0.46710205078125,-0.10941092704849499,0.73804792831574,0.7271728515625,0.27018099883727004,-0.30395854835127506,0.5528780831939799,0.91162109375,-0.23824532295150502,-0.12724401161423496,0.309667274704745
201,0.8409423828125,-0.24688720703125,-0.2257080078125,-0.4251708984375,0.12115478515625,0.260986328125,0.29620361328125,0.91070556640625,0.779541015625,0.3935973508700878,0.09644697820861203,0.4775033395824624,0.4744873046875,0.4664306640625,-0.109130859375,0.73846435546875,0.7271728515625,0.27008056640625,-0.3038330078125,0.552978515625,0.91156005859375,-0.23834228515625,-0.1268310546875,0.30987548828125
202,0.8409640206939799,-0.2468222933868102,-0.22555654264214045,-0.42525744996341974,0.12115478515625,0.2608132250731605,0.29616033751829013,0.9107704800506898,0.779541015625,0.39328503050533026,0.09667193052362039,0.47770828706364965,0.4744223910430602,0.4663008367736204,-0.10921741090091974,0.7385509069946697,0.7271079379180602,0.2699074633544105,-0.3038979214569398,0.5531299807953596,0.9115384207122701,-0.23838556091920987,-0.12700415773933948,0.3098538503997701
203,0.84100341796875,-0.2467041015625,-0.22528076171875,-0.4254150390625,0.12103271484375,0.2607421875,0.2965087890625,0.91070556640625,0.779541015625,0.392822265625,0.09710693359375,0.47796630859375,0.47442626953125,0.4656982421875,-0.10888671875,0.73895263671875,0.72698974609375,0.26959228515625,-0.30401611328125,0.55340576171875,0.9114990234375,-0.23846435546875,-0.12701416015625,0.3099365234375
204,0.8410107666832148,-0.2466600092757107,-0.22524401814642558,-0.4254517826348244,0.12102536612928512,0.260676049069816,0.2965234864914298,0.9107202638351798,0.779541015625,0.3927781733382107,0.09707753873589046,0.4780104008805393,0.4744042233878553,0.4656541499007107,-0.10888671875,0.7389967290055394,0.7269676999503554,0.2695114492971363,-0.3039867184233905,0.5534939462923286,0.9114769772941054,-0.23848640161214466,-0.12707294987196907,0.3099512208664298
205,0.841064453125,-0.246337890625,-0.2249755859375,-0.42572021484375,0.12091064453125,0.26043701171875,0.29693603515625,0.91064453125,0.77960205078125,0.392333984375,0.097412109375,0.47821044921875,0.474365234375,0.46502685546875,-0.1085205078125,0.739501953125,0.726806640625,0.2689208984375,-0.30377197265625,0.55413818359375,0.91131591796875,-0.23870849609375,-0.1268310546875,0.310302734375
206,0.841064453125,-0.246013322402801,-0.2248133018264005,-0.4259906883622492,0.12080245512385034,0.26005834879285117,0.29709831926734953,0.9106986259536999,0.77960205078125,0.3920635108565008,0.09730391996760034,0.478535017440949,0.47420295026390047,0.4647563819502508,-0.10841231840510034,0.7397724266434992,0.7266984512176003,0.26875861432640047,-0.30366378324885035,0.5543545624085493,0.9111536338576505,-0.23892487490854933,-0.127155622909699,0.31051911318979936
207,0.841064453125,-0.2459716796875,-0.22479248046875,-0.426025390625,0.12069467397836539,0.26029146634615385,0.29721304086538464,0.9106116661658654,0.7796490009014423,0.3920757587139423,0.09761868990384616,0.47834190955528844,0.4743229792668269,0.4647216796875,-0.10811673677884616,0.7397601787860577,0.7266845703125,0.26873779296875,-0.30364990234375,0.55438232421875,0.91131591796875,-0.23870849609375,-0.12689208984375,0.3104248046875
208,0.8410246475883152,-0.2457328464673913,-0.22471286939538043,-0.4262642238451087,0.12054708729619565,0.2600973378057065,0.2973606275475544,0.9106631071671196,0.7795834748641304,0.39189081606657605,0.09771728515625,0.4785501231317935,0.47420601222826086,0.46456245754076086,-0.10795261548913043,0.7399849269701088,0.7267243758491848,0.26853876528532605,-0.3032916525135869,0.5546609629755435,0.9111566958220109,-0.23886771824048914,-0.1271309230638587,0.31058402683423914
209,0.84100341796875,-0.24560546875,-0.22467041015625,-0.4263916015625,0.12045073748432274,0.2601120352346363,0.29762028212531355,0.910574922593541,0.7796389984845318,0.3916866851092182,0.09807655564119984,0.47856808665604095,0.4742843985158863,0.4643142342966137,-0.10764886862458194,0.7401123046875,0.72674560546875,0.2684326171875,-0.3031005859375,0.5548095703125,0.9111328125,-0.239013671875,-0.12664794921875,0.31072998046875
210,0.8409779015990803,-0.2455289196409908,-0.2245173119382316,-0.42657021615018814,0.1203458141722408,0.2600497752926421,0.29776501097408026,0.910563491259929,0.7796475719847408,0.3915250133909908,0.09826109002665133,0.47863320443143814,0.47429868768290134,0.4640702978025711,-0.1074984241090092,0.7402654029055185,0.7266945727294105,0.2681774534908027,-0.30307506956783026,0.5550137012698578,0.9110817797606605,-0.239013671875,-0.1268775965457776,0.3108065295777592
211,0.8409423828125,-0.24542236328125,-0.22430419921875,-0.42681884765625,0.12018414245401338,0.25987585571697325,0.29785809469063546,0.9106320792616012,0.7795777591973244,0.39128985452811454,0.09828558574153429,0.4788818359375,0.47442626953125,0.4635009765625,-0.10711669921875,0.7406005859375,0.72662353515625,0.267822265625,-0.30303955078125,0.5552978515625,0.9110107421875,-0.2392578125,-0.12652587890625,0.3109130859375
212,0.8409423828125,-0.2453662272679766,-0.22422560880016723,-0.4268862108721781,0.12003369793844064,0.2600195639109532,0.29815673828125,0.910495107389214,0.7796518587348453,0.3909350749242266,0.09868751959657192,0.47897165355873744,0.4743701335179766,0.4634336133465719,-0.10713915362405936,0.7406791763560827,0.726589853548286,0.26769876639579854,-0.303005869173286,0.5554213507917015,0.9109882877821907,-0.23928026690530935,-0.1266381509327968,0.31093554034280935
213,0.8409423828125,-0.2451171875,-0.223876953125,-0.42718505859375,0.11992999941210285,0.25954598008988294,0.2981934818535744,0.9106282007734113,0.7796102160195443,0.3906492915839256,0.09844582854306021,0.47937419980664714,0.474365234375,0.4625244140625,-0.10662841796875,0.7413330078125,0.7264404296875,0.26715087890625,-0.3028564453125,0.55596923828125,0.910888671875,-0.239501953125,-0.1263427734375,0.31121826171875
214,0.8410003560043896,-0.24482732154055184,-0.22335519439799334,-0.42747492455319813,0.119873046875,0.2592499902017141,0.2986480814956104,0.9105743102006689,0.77972412109375,0.38984685279055187,0.09877937852738296,0.4798369646869774,0.47419131479933113,0.46206062852738294,-0.10686031073630851,0.7416808469638377,0.7261505637280519,0.26686101294680187,-0.30332023084761706,0.5562011310488085,0.9107727254912208,-0.2396758727006689,-0.12698047854828592,0.31121826171875
215,0.84100341796875,-0.24481201171875,-0.22332763671875,-0.427490234375,0.11961890383308946,0.25952128024404264,0.29884833396477845,0.9104818388769857,0.7795716352686036,0.38962822853522155,0.09972062637176005,0.4800108842626463,0.4742431640625,0.4615478515625,-0.106201171875,0.7420654296875,0.7261962890625,0.26654052734375,-0.302734375,0.55657958984375,0.91070556640625,-0.2396240234375,-0.1265869140625,0.3115234375
216,0.8410907860184992,-0.24441885549487877,-0.2231529006192517,-0.4276649704744983,0.11961155511862458,0.2591893633073788,0.2991075802806229,0.9105051098061245,0.7795846996498745,0.3891942461198788,0.09978349870662626,0.4803036080554975,0.4741994800376254,0.4611546953386288,-0.10615748785012542,0.7423275338367474,0.7260215529630016,0.2661036870950042,-0.3026033229253763,0.557103798142245,0.9105745143316263,-0.23992981161162205,-0.12689270223662205,0.3116108055497492
217,0.84112548828125,-0.2442626953125,-0.22308349609375,-0.427734375,0.11966544569136706,0.2591793608904682,0.2993404937029682,0.9104128426133988,0.7796385902226171,0.3887092309651965,0.10020645805027176,0.48051733316785117,0.4742431640625,0.4605712890625,-0.105712890625,0.74273681640625,0.7259521484375,0.26593017578125,-0.30255126953125,0.55731201171875,0.9105224609375,-0.23992919921875,-0.126708984375,0.31170654296875
218,0.8410960934233904,-0.24429209017035952,-0.2229953115201714,-0.42782255957357856,0.11963115169053094,0.25918915917642144,0.29937968684678096,0.9103687503266096,0.779604296221781,0.3885181643891095,0.10046611262803094,0.48067900488607856,0.47415497948892144,0.4605712890625,-0.10577168034071906,0.742795606121969,0.7259521484375,0.26587138606553096,-0.30249247981553096,0.5573414065766096,0.9105224609375,-0.23987040950303093,-0.1267971689485786,0.3117359378266095
219,0.841064453125,-0.24432373046875,-0.222900390625,-0.42791748046875,0.11965687219115803,0.25913873882995403,0.299294155975648,0.910400390625,0.779585516173704,0.388527554413148,0.10042508230560201,0.480707174958194,0.4742431640625,0.4605712890625,-0.105712890625,0.74273681640625,0.7259521484375,0.26580810546875,-0.30242919921875,0.557373046875,0.91064453125,-0.23980712890625,-0.12652587890625,0.31158447265625
220,0.84100341796875,-0.244384765625,-0.2230224609375,-0.427978515625,0.11968994140625,0.25927734375,0.29931640625,0.910400390625,0.77960205078125,0.3885498046875,0.1005859375,0.4805908203125,0.47418212890625,0.460693359375,-0.1055908203125,0.74273681640625,0.725982359819189,0.26597549285378347,-0.30232284698996653,0.557403870649561,0.91064453125,-0.23974609375,-0.12646484375,0.31170654296875
221,0.84100341796875,-0.244384765625,-0.2230224609375,-0.427978515625,0.11962890625,0.2593994140625,0.2991943359375,0.910400390625,0.779541015625,0.38848876953125,0.100830078125,0.48077392578125,0.47418212890625,0.460693359375,-0.10546875,0.74273681640625,0.72607421875,0.26611328125,-0.30218505859375,0.55731201171875,0.91070556640625,-0.2396240234375,-0.1265869140625,0.3115234375
222,0.84100341796875,-0.244384765625,-0.22296142578125,-0.42791748046875,0.1197509765625,0.2593994140625,0.2991943359375,0.910400390625,0.77960205078125,0.38848876953125,0.10076904296875,0.480712890625,0.4742431640625,0.460693359375,-0.10552978515625,0.74273681640625,0.7260717691785117,0.26605224609375,-0.3022477267976589,0.5572534261339883,0.91070556640625,-0.23968505859375,-0.1265869140625,0.31146240234375
223,0.84100341796875,-0.244384765625,-0.22296142578125,-0.42791748046875,0.11931331978992478,0.2594541211590719,0.2991943359375,0.910400390625,0.7793832223949624,0.3882699411449624,0.10120669974132522,0.4810411332044314,0.4739990234375,0.46063232421875,-0.10546875,0.74285888671875,0.72589111328125,0.26605224609375,-0.3023681640625,0.55743408203125,0.91064453125,-0.23968505859375,-0.126708984375,0.3116455078125
224,0.8411461055079431,-0.24428964059887123,-0.22296142578125,-0.42777479292955684,0.11945294536475752,0.25946044921875,0.29928946096362874,0.9103528281119356,0.7795005976954431,0.38814950388012126,0.10120976170568562,0.48098397653637126,0.47418927348975753,0.46053719919262126,-0.10546875,0.74285888671875,0.7260338008204431,0.26586199604149247,-0.3023681640625,0.5573865195181856,0.91064453125,-0.23987530864600753,-0.12661385934887123,0.31150282027330684
225,0.8411865234375,-0.2442626953125,-0.22296142578125,-0.427734375,0.11910265664193147,0.25946044921875,0.29927598832044316,0.9104201913278637,0.7793793439067725,0.3883246482415343,0.10111545320338629,0.48107828503867056,0.473876953125,0.46051025390625,-0.10540771484375,0.7430419921875,0.72589111328125,0.26580810546875,-0.30224609375,0.55767822265625,0.91058349609375,-0.23980712890625,-0.12677001953125,0.3116455078125
226,0.8412530701295987,-0.24419614862040134,-0.22299469912729933,-0.42756800826975333,0.11902957775919733,0.25952699591084866,0.29932191778584866,0.9103948790891513,0.7794299683841973,0.38836118768290134,0.10110749209604933,0.4810070433345527,0.47407659320129597,0.46044370721415134,-0.10537444149770067,0.7429754454954013,0.725990933319398,0.2656750120845527,-0.30221282040395064,0.5576116759641513,0.9106167694397993,-0.2399402222904473,-0.12667019949310201,0.3115124144283027
227,0.84130859375,-0.244140625,-0.2230224609375,-0.42742919921875,0.11895772366220739,0.2595563907687082,0.29927292635608277,0.9103916129938336,0.779410371812291,0.38841017911266723,0.10116138266879181,0.48100051114391723,0.473876953125,0.4605712890625,-0.1053466796875,0.7430419921875,0.72589111328125,0.26580810546875,-0.30224609375,0.55767822265625,0.91064453125,-0.23980712890625,-0.126708984375,0.3115234375
228,0.84149169921875,-0.24407958984375,-0.2232666015625,-0.4271240234375,0.11895751953125,0.259765625,0.29931640625,0.91033935546875,0.7794189453125,0.38848876953125,0.10137939453125,0.48077392578125,0.47418212890625,0.4605712890625,-0.10516357421875,0.74285888671875,0.7260783013691472,0.26568195253710286,-0.30207788984113715,0.5575141013665342,0.91070556640625,-0.239990234375,-0.1263427734375,0.31134033203125
229,0.84149169921875,-0.24407958984375,-0.2232666015625,-0.4271240234375,0.11865234375,0.2596435546875,0.29888916015625,0.9105224609375,0.77923583984375,0.388671875,0.101318359375,0.4810791015625,0.473876953125,0.460693359375,-0.10528564453125,0.742919921875,0.7259521484375,0.26580810546875,-0.30224609375,0.55755615234375,0.91070556640625,-0.23992919921875,-0.12677001953125,0.311279296875
230,0.841552734375,-0.24420166015625,-0.2236328125,-0.42669677734375,0.118896484375,0.2601318359375,0.29901123046875,0.91033935546875,0.77935791015625,0.3887939453125,0.10162353515625,0.4805908203125,0.4742431640625,0.4609375,-0.1051025390625,0.74261474609375,0.7263089693509616,0.2658221905048077,-0.30190805288461536,0.5572415865384616,0.91082763671875,-0.23992919921875,-0.12628173828125,0.31109619140625
231,0.841552734375,-0.24420166015625,-0.2236328125,-0.42669677734375,0.11860355645119146,0.2599560791832149,0.29877688812970316,0.9104565266382734,0.7791821534019648,0.3887939453125,0.10138919281720317,0.48094233382107027,0.4739990234375,0.4610595703125,-0.10540771484375,0.74261474609375,0.7261962890625,0.2659912109375,-0.30224609375,0.55712890625,0.91082763671875,-0.239990234375,-0.126708984375,0.31097412109375
232,0.8416041753762542,-0.24435598316001256,-0.22373569450250838,-0.4263881313362249,0.11879707259876675,0.2602573764762751,0.2987156488424958,0.9104099847799958,0.7793291276912626,0.38894826831626256,0.10143083553250419,0.4806483852424749,0.4742562284437709,0.46121389331626256,-0.10545915584500419,0.7423575410874791,0.7264534940687709,0.2660426519387542,-0.30214321174749165,0.5568717012437291,0.9109305187212584,-0.23993879337374582,-0.12640033836747488,0.31076835708873324
233,0.84161376953125,-0.244384765625,-0.2237548828125,-0.42633056640625,0.11870255996551002,0.26000486648202337,0.29879464752299334,0.9104889834604933,0.77922502090301,0.38888845794575666,0.1012189475987667,0.48085659881897996,0.47406005859375,0.461181640625,-0.105712890625,0.74249267578125,0.72625732421875,0.2659912109375,-0.30255126953125,0.55694580078125,0.91082763671875,-0.24005126953125,-0.12664794921875,0.3109130859375
234,0.841796875,-0.24462890625,-0.2235107421875,-0.42596435546875,0.11907958984375,0.260009765625,0.29852294921875,0.9105224609375,0.77935791015625,0.3890380859375,0.100830078125,0.4805908203125,0.47430419921875,0.461181640625,-0.10614013671875,0.74224853515625,0.7264404296875,0.26593017578125,-0.30279541015625,0.5565185546875,0.9110107421875,-0.239990234375,-0.12664794921875,0.3104248046875
235,0.841796875,-0.24462890625,-0.2235107421875,-0.42596435546875,0.11889954633936034,0.25988973662207354,0.2986129709709448,0.9105524681882317,0.7792978956547868,0.38891805693457354,0.10080007087426839,0.48080087106762126,0.4739990234375,0.4609375,-0.1064453125,0.74261474609375,0.72613525390625,0.2657470703125,-0.3031005859375,0.556884765625,0.9107666015625,-0.2401123046875,-0.12701416015625,0.31085205078125
236,0.842041015625,-0.2445068359375,-0.22332763671875,-0.42572021484375,0.119140625,0.2596435546875,0.2987060546875,0.9105224609375,0.77947998046875,0.38861083984375,0.10052490234375,0.4808349609375,0.4742431640625,0.460693359375,-0.1065673828125,0.7425537109375,0.72625732421875,0.26544189453125,-0.30328369140625,0.5567626953125,0.91082763671875,-0.2403564453125,-0.1270751953125,0.310546875
237,0.842041015625,-0.2445068359375,-0.22332763671875,-0.42572021484375,0.11909347074885032,0.25959640043635035,0.2987374908549331,0.9105381790212166,0.7794485443013169,0.38854796750888376,0.10058777467861624,0.48091355135608277,0.47406005859375,0.46051025390625,-0.1065673828125,0.7427978515625,0.72607421875,0.265380859375,-0.30340576171875,0.5570068359375,0.9107666015625,-0.24017333984375,-0.12701416015625,0.31072998046875
238,0.84210205078125,-0.24444580078125,-0.22320556640625,-0.4256591796875,0.11907958984375,0.2593994140625,0.29876708984375,0.91058349609375,0.77947998046875,0.38824462890625,0.10064697265625,0.4810791015625,0.47412109375,0.4603624630931229,-0.10668087962479098,0.7428149985629181,0.72607421875,0.2652587890625,-0.3035021115306229,0.5569715212818771,0.9107666015625,-0.24029541015625,-0.1270751953125,0.31060791015625
239,0.84210205078125,-0.24444580078125,-0.22320556640625,-0.4256591796875,0.1190810187604515,0.25940227189590304,0.2987656609270485,0.91058349609375,0.77947998046875,0.38824891565635455,0.10064411482284698,0.48107624372909696,0.47412109375,0.460205078125,-0.10662841796875,0.742919921875,0.72607421875,0.2652587890625,-0.3033447265625,0.55712890625,0.91082763671875,-0.240234375,-0.12689208984375,0.31060791015625
240,0.842041015625,-0.2445068359375,-0.2232666015625,-0.42572021484375,0.1190185546875,0.25958251953125,0.2987060546875,0.91058349609375,0.7794189453125,0.38848876953125,0.1005859375,0.48101806640625,0.47406005859375,0.46026611328125,-0.10662841796875,0.742919921875,0.72601318359375,0.26531982421875,-0.30328369140625,0.55712890625,0.91082763671875,-0.24017333984375,-0.1268310546875,0.3106689453125
241,0.842041015625,-0.2445068359375,-0.2232666015625,-0.42572021484375,0.11911490449937291,0.25958251953125,0.2987060546875,0.9105353211878136,0.7794671202184364,0.38848876953125,0.10063411240593646,0.4809217165943771,0.47412109375,0.46038818359375,-0.10650634765625,0.7427978515625,0.7261962890625,0.265380859375,-0.30303955078125,0.55694580078125,0.910888671875,-0.24017333984375,-0.12677001953125,0.31048583984375
242,0.84197998046875,-0.24462890625,-0.22314453125,-0.42578125,0.11907958984375,0.259521484375,0.298583984375,0.91064453125,0.7794189453125,0.38861083984375,0.10052490234375,0.48095703125,0.47406005859375,0.46044921875,-0.106689453125,0.7427978515625,0.72613525390625,0.2655029296875,-0.30316162109375,0.55694580078125,0.91094970703125,-0.239990234375,-0.1268310546875,0.3104248046875
243,0.84197998046875,-0.24462890625,-0.22314453125,-0.42578125,0.11904570410482859,0.25955537011392144,0.29878729880852845,0.9105428740332357,0.7794867167903429,0.3882380967156145,0.10069433103835705,0.48109257420568563,0.47418212890625,0.46026611328125,-0.106689453125,0.74285888671875,0.7261962890625,0.26531982421875,-0.3033447265625,0.556884765625,0.91094970703125,-0.240234375,-0.1265869140625,0.3104248046875
244,0.84197998046875,-0.24468994140625,-0.22271728515625,-0.42596435546875,0.11907958984375,0.25927734375,0.29864501953125,0.91064453125,0.7794189453125,0.38800048828125,0.1004638671875,0.4814453125,0.47405250574832775,0.4598498902591973,-0.10700218175167224,0.7431414039637333,0.72601318359375,0.26505241266461116,-0.30369174919000835,0.5570452125574833,0.91094970703125,-0.2401123046875,-0.12701416015625,0.31036376953125
245,0.84197998046875,-0.24468994140625,-0.22271728515625,-0.42596435546875,0.11902080012803093,0.25931653689381273,0.2988017921065009,0.9106053381061873,0.7794581384563127,0.38782411913409276,0.10060104319084451,0.4815041022157191,0.47412109375,0.45947265625,-0.10693359375,0.74334716796875,0.72601318359375,0.26470947265625,-0.3035888671875,0.5572509765625,0.9107666015625,-0.240478515625,-0.1268310546875,0.3106689453125
246,0.842041015625,-0.2445068359375,-0.22235107421875,-0.4261474609375,0.11895751953125,0.25897216796875,0.299072265625,0.91064453125,0.779541015625,0.38726806640625,0.10052490234375,0.4818115234375,0.4740363794026965,0.45910522052675584,-0.10715283039820234,0.7436037605821488,0.7258549821017977,0.26446410724550584,-0.3039177221598035,0.5574465340196488,0.91064453125,-0.2406005859375,-0.12725830078125,0.3106689453125
247,0.842041015625,-0.2445068359375,-0.22235107421875,-0.4261474609375,0.11898405655570651,0.2589880901834239,0.2990934952445652,0.910628609035326,0.779556937839674,0.38724152938179346,0.10056205417798912,0.4818009086277174,0.47418212890625,0.4588623046875,-0.1070556640625,0.74365234375,0.7259521484375,0.26422119140625,-0.30377197265625,0.5574951171875,0.91070556640625,-0.24078369140625,-0.1268310546875,0.3106689453125
248,0.84197998046875,-0.24432373046875,-0.22222900390625,-0.42645263671875,0.11907958984375,0.25885009765625,0.29937744140625,0.91058349609375,0.77960205078125,0.38677978515625,0.100830078125,0.48199462890625,0.4742931761470527,0.4584424073082149,-0.10658208024142975,0.7439556823526338,0.7257080078125,0.26416015625,-0.30389404296875,0.55780029296875,0.9105224609375,-0.24078369140625,-0.12713623046875,0.3109130859375
249,0.84197998046875,-0.24432373046875,-0.22222900390625,-0.42645263671875,0.11907958984375,0.25885009765625,0.29937744140625,0.91058349609375,0.7796541041753763,0.38683183855037623,0.10135061206626254,0.48173436193561875,0.47430419921875,0.45843505859375,-0.1065673828125,0.74395751953125,0.72601318359375,0.2640380859375,-0.30328369140625,0.55780029296875,0.9106786211198787,-0.24073163801212374,-0.12687596349811872,0.310704872360995
250,0.84185791015625,-0.24395751953125,-0.2222900390625,-0.4268798828125,0.11871337890625,0.25897216796875,0.29974365234375,0.91046142578125,0.779541015625,0.38653564453125,0.10162353515625,0.48211669921875,0.47408884105873744,0.45847649717809363,-0.10596397170255015,0.7440830600700251,0.7257080078125,0.263916015625,-0.30316162109375,0.55828857421875,0.91046142578125,-0.24090576171875,-0.12701416015625,0.31109619140625
251,0.84185791015625,-0.24395751953125,-0.2222900390625,-0.4268798828125,0.11882667158758362,0.259160989104306,0.29981918079797243,0.9103481330999164,0.7795787798521112,0.3866489372125836,0.10188788474602843,0.481927878083194,0.47412109375,0.45855712890625,-0.1058349609375,0.7440185546875,0.7259521484375,0.26397705078125,-0.30303955078125,0.5579833984375,0.91064453125,-0.2408447265625,-0.12652587890625,0.31085205078125
252,0.841796875,-0.243896484375,-0.2220458984375,-0.42718505859375,0.1187744140625,0.25897216796875,0.29974365234375,0.91046142578125,0.77947998046875,0.38665771484375,0.10186767578125,0.48211669921875,0.4740300513430184,0.4583125800193353,-0.10583455267558527,0.7442626953125,0.7257080078125,0.26397705078125,-0.30322265625,0.5582275390625,0.9105224609375,-0.24078369140625,-0.12689208984375,0.31103515625
253,0.841796875,-0.243896484375,-0.2220458984375,-0.42718505859375,0.1187274639423077,0.25906606820913464,0.2998610276442308,0.9103910006009616,0.7795504056490384,0.38658728966346156,0.10189115084134616,0.48204627403846156,0.47418212890625,0.45819091796875,-0.105712890625,0.7442626953125,0.7259521484375,0.26348876953125,-0.3028564453125,0.558349609375,0.91046142578125,-0.24114990234375,-0.1265869140625,0.31109619140625
254,0.84173583984375,-0.24383544921875,-0.22186279296875,-0.42742919921875,0.1185302734375,0.25897216796875,0.29998779296875,0.910400390625,0.779541015625,0.38641357421875,0.101806640625,0.482177734375,0.47412109375,0.45806884765625,-0.1058349609375,0.744384765625,0.7257853734453387,0.2634561085780727,-0.3030275070547659,0.5585000538905728,0.910400390625,-0.24114990234375,-0.1268310546875,0.31121826171875
255,0.84173583984375,-0.24383544921875,-0.22186279296875,-0.42742919921875,0.1185394593305811,0.25897216796875,0.3000061647549122,0.9103912047319189,0.7795502015180811,0.3864319460049122,0.101806640625,0.4821501766957567,0.47412109375,0.45806884765625,-0.1058349609375,0.744384765625,0.725830078125,0.26336669921875,-0.30316162109375,0.55841064453125,0.910400390625,-0.2410888671875,-0.12677001953125,0.3111572265625
256,0.84161376953125,-0.243896484375,-0.2218017578125,-0.42767333984375,0.11834716796875,0.2589111328125,0.29998779296875,0.910400390625,0.77947998046875,0.3865966796875,0.10174560546875,0.48223876953125,0.47406005859375,0.4581298828125,-0.1058349609375,0.744384765625,0.7256490139658236,0.26353959813963207,-0.30321449101170567,0.5585367974628972,0.910400390625,-0.240966796875,-0.12689208984375,0.31134033203125
257,0.84161376953125,-0.243896484375,-0.2218017578125,-0.42767333984375,0.11834716796875,0.2589111328125,0.29998779296875,0.910400390625,0.7796477761156981,0.3862610883936037,0.10213712864496238,0.48218283764893394,0.47406005859375,0.4581298828125,-0.1058349609375,0.744384765625,0.7257080078125,0.26324462890625,-0.302978515625,0.55865478515625,0.910400390625,-0.24113459252194816,-0.12661243043216974,0.31134033203125
258,0.84149169921875,-0.2440185546875,-0.22161865234375,-0.4278564453125,0.11834716796875,0.2589111328125,0.29986572265625,0.91046142578125,0.77947998046875,0.3863525390625,0.10198974609375,0.4822998046875,0.47406005859375,0.45794677734375,-0.10577392578125,0.7445068359375,0.72552490234375,0.263427734375,-0.30316162109375,0.5587158203125,0.910400390625,-0.24090576171875,-0.12677001953125,0.3114013671875
259,0.84149169921875,-0.2440185546875,-0.22161865234375,-0.4278564453125,0.11834716796875,0.2589111328125,0.29986572265625,0.91046142578125,0.77947998046875,0.386435824493102,0.10207303152435201,0.482216519256898,0.47406005859375,0.45794677734375,-0.10577392578125,0.7445068359375,0.72576904296875,0.26348876953125,-0.302978515625,0.55853271484375,0.910400390625,-0.24098904714935201,-0.12677001953125,0.311318081756898
260,0.8414306640625,-0.24395751953125,-0.22174072265625,-0.427978515625,0.1180419921875,0.259033203125,0.30010986328125,0.910400390625,0.7794189453125,0.38641357421875,0.10223388671875,0.4822998046875,0.4739990234375,0.4578857421875,-0.10552978515625,0.74456787109375,0.72564697265625,0.2635498046875,-0.3028564453125,0.55865478515625,0.91033935546875,-0.24102783203125,-0.12677001953125,0.3114013671875
261,0.8414306640625,-0.24395751953125,-0.22174072265625,-0.427978515625,0.1180419921875,0.259060556673286,0.3000551561846781,0.910400390625,0.7794189453125,0.3864682813153219,0.10220653317046405,0.4822450975909281,0.4739990234375,0.4578857421875,-0.10552978515625,0.74456787109375,0.72576904296875,0.26336669921875,-0.30279541015625,0.55865478515625,0.91046142578125,-0.2410888671875,-0.1265869140625,0.31121826171875
262,0.84136962890625,-0.24407958984375,-0.221923828125,-0.42803955078125,0.11785888671875,0.25921630859375,0.29998779296875,0.910400390625,0.77935791015625,0.38671875,0.10235595703125,0.482177734375,0.473876953125,0.4581298828125,-0.105224609375,0.74456787109375,0.72576904296875,0.2635498046875,-0.30267333984375,0.55865478515625,0.91046142578125,-0.240966796875,-0.12646484375,0.31134033203125
263,0.84136962890625,-0.24407958984375,-0.221923828125,-0.42803955078125,0.11787195110002091,0.25917711544993727,0.2999224710623955,0.9104265193875418,0.77923583984375,0.3868408203125,0.10235595703125,0.4822998046875,0.473876953125,0.4581298828125,-0.105224609375,0.74456787109375,0.72576904296875,0.26385498046875,-0.30267333984375,0.5584716796875,0.9105224609375,-0.24072265625,-0.12689208984375,0.31109619140625
264,0.84130859375,-0.24420166015625,-0.2220458984375,-0.42791748046875,0.117919921875,0.25927734375,0.2996826171875,0.91046142578125,0.77923583984375,0.386962890625,0.10247802734375,0.482177734375,0.4737548828125,0.45843505859375,-0.10552978515625,0.744384765625,0.7258182385294732,0.2639829705790134,-0.30264782347408026,0.558349609375,0.91058349609375,-0.2406005859375,-0.126708984375,0.31103515625
265,0.84130859375,-0.24420166015625,-0.2220458984375,-0.42791748046875,0.117919921875,0.25927734375,0.2996826171875,0.91046142578125,0.7791760294732442,0.38690308025449416,0.10211916512071488,0.4823571654865176,0.4737548828125,0.45843505859375,-0.10552978515625,0.744384765625,0.7257080078125,0.2640380859375,-0.302978515625,0.558349609375,0.9105236857232442,-0.24078001704901755,-0.12694822585702342,0.31103515625
266,0.84136962890625,-0.24462890625,-0.22198486328125,-0.4276123046875,0.11822509765625,0.25933837890625,0.29925537109375,0.91058349609375,0.77923583984375,0.38726806640625,0.1019287109375,0.48199462890625,0.47381591796875,0.4586181640625,-0.10614013671875,0.744140625,0.72589111328125,0.26422119140625,-0.3031005859375,0.55792236328125,0.9107666015625,-0.240478515625,-0.12677001953125,0.31072998046875
267,0.84136962890625,-0.24462890625,-0.22198486328125,-0.4276123046875,0.11822509765625,0.25933837890625,0.29925537109375,0.91058349609375,0.77923583984375,0.3870859815922868,0.10161006251306437,0.48222223492370403,0.47381591796875,0.4586181640625,-0.10614013671875,0.744140625,0.7257080078125,0.2642822265625,-0.30364990234375,0.557861328125,0.9105845167485368,-0.24070612164245403,-0.12731627397313966,0.31077550167224083
268,0.8414306640625,-0.24493408203125,-0.22198486328125,-0.4273681640625,0.11859130859375,0.25909423828125,0.29901123046875,0.91064453125,0.779296875,0.3873291015625,0.1014404296875,0.48199462890625,0.4737548828125,0.458740234375,-0.10693359375,0.7440185546875,0.725830078125,0.264404296875,-0.3037109375,0.55755615234375,0.91070556640625,-0.2406005859375,-0.1273193359375,0.31048583984375
269,0.8414306640625,-0.24493408203125,-0.22198486328125,-0.4273681640625,0.11859130859375,0.25909423828125,0.29901123046875,0.91064453125,0.7792656429635243,0.3872666374895485,0.10134673357807275,0.482119557052153,0.4737548828125,0.458740234375,-0.10693359375,0.7440185546875,0.72564697265625,0.26422119140625,-0.30419921875,0.5576171875,0.9106743343697743,-0.24069428204692725,-0.127444264083403,0.31048583984375
270,0.8414306640625,-0.2452392578125,-0.22198486328125,-0.42718505859375,0.11859130859375,0.2591552734375,0.29876708984375,0.91070556640625,0.77923583984375,0.38751220703125,0.1011962890625,0.48199462890625,0.4737548828125,0.45916748046875,-0.10736083984375,0.74371337890625,0.72576904296875,0.264404296875,-0.30426025390625,0.557373046875,0.9107666015625,-0.24053955078125,-0.12744140625,0.310302734375
271,0.8414306640625,-0.2452392578125,-0.22198486328125,-0.42718505859375,0.11859130859375,0.2591552734375,0.29876708984375,0.91070556640625,0.7792188969742893,0.3875460927701714,0.10114546045411789,0.48199462890625,0.4737548828125,0.45916748046875,-0.10736083984375,0.74371337890625,0.7257080078125,0.26458740234375,-0.304443359375,0.5572509765625,0.9107666015625,-0.24053955078125,-0.12750917772784282,0.3102688486360786
272,0.8414306640625,-0.2452392578125,-0.22216796875,-0.427001953125,0.11865234375,0.25927734375,0.29864501953125,0.91070556640625,0.77923583984375,0.38763427734375,0.1011962890625,0.48187255859375,0.4737548828125,0.45928955078125,-0.1072998046875,0.74359130859375,0.72589111328125,0.26458740234375,-0.30426025390625,0.55712890625,0.91082763671875,-0.2406005859375,-0.12744140625,0.3101806640625
273,0.8414306640625,-0.2452392578125,-0.22216796875,-0.427001953125,0.1186470363451087,0.2592720363451087,0.2986476732336957,0.9107082201086957,0.77911376953125,0.38775634765625,0.10125732421875,0.48193359375,0.4737548828125,0.45928955078125,-0.1072998046875,0.74359130859375,0.725830078125,0.2646484375,-0.30426025390625,0.55718994140625,0.9107666015625,-0.2406005859375,-0.12750244140625,0.31024169921875
274,0.84161376953125,-0.24517822265625,-0.2220458984375,-0.4268798828125,0.1187744140625,0.25909423828125,0.2987060546875,0.9107666015625,0.77923583984375,0.3876953125,0.10107421875,0.4818115234375,0.47369384765625,0.45904541015625,-0.1072998046875,0.7437744140625,0.72589111328125,0.26446533203125,-0.30438232421875,0.55712890625,0.9107666015625,-0.24072265625,-0.12750244140625,0.31005859375
275,0.84161376953125,-0.24517822265625,-0.2220458984375,-0.4268798828125,0.1187744140625,0.25909423828125,0.2987060546875,0.9107666015625,0.7791370404603888,0.387448314041597,0.1012224178250418,0.4822067209709448,0.47369384765625,0.45904541015625,-0.1072998046875,0.7437744140625,0.72564697265625,0.2642822265625,-0.30450439453125,0.55743408203125,0.9106678021791388,-0.24072265625,-0.1276012407896112,0.3103549919000836
276,0.841796875,-0.2449951171875,-0.221923828125,-0.4266357421875,0.1187744140625,0.25885009765625,0.29888916015625,0.91070556640625,0.779296875,0.38720703125,0.10113525390625,0.48211669921875,0.4737548828125,0.45831298828125,-0.10736083984375,0.74420166015625,0.725830078125,0.26397705078125,-0.3045654296875,0.557373046875,0.91070556640625,-0.24102783203125,-0.12762451171875,0.31011962890625
277,0.841796875,-0.2449951171875,-0.221923828125,-0.4266357421875,0.1187744140625,0.25885009765625,0.29888916015625,0.91070556640625,0.7792266539506689,0.3869612575773412,0.10131080652957775,0.4823975834160744,0.4737548828125,0.45831298828125,-0.10736083984375,0.74420166015625,0.72552490234375,0.26373291015625,-0.30474853515625,0.55780029296875,0.9105651243075878,-0.24113316360524664,-0.1276947327680811,0.3103654025789088
278,0.84197998046875,-0.244873046875,-0.2216796875,-0.42645263671875,0.11871337890625,0.2586669921875,0.29913330078125,0.91070556640625,0.77935791015625,0.38665771484375,0.1011962890625,0.48248291015625,0.47381591796875,0.45782470703125,-0.10748291015625,0.74444580078125,0.7255859375,0.263427734375,-0.304931640625,0.55767822265625,0.9105224609375,-0.24139404296875,-0.12786865234375,0.31024169921875
279,0.84197998046875,-0.244873046875,-0.2216796875,-0.42645263671875,0.11871337890625,0.2586669921875,0.29913330078125,0.91070556640625,0.7793370887985995,0.386699357559051,0.1011338249895485,0.48248291015625,0.47381591796875,0.45782470703125,-0.10748291015625,0.74444580078125,0.72552490234375,0.2633056640625,-0.30499267578125,0.55780029296875,0.9105224609375,-0.24139404296875,-0.127910295059051,0.31024169921875
280,0.84197998046875,-0.2449951171875,-0.22186279296875,-0.42633056640625,0.11865234375,0.2589111328125,0.29888916015625,0.9107666015625,0.779296875,0.38690185546875,0.1011962890625,0.48236083984375,0.47381591796875,0.45819091796875,-0.10772705078125,0.74420166015625,0.72564697265625,0.263427734375,-0.30487060546875,0.55767822265625,0.9105224609375,-0.2413330078125,-0.12774658203125,0.31024169921875
281,0.84197998046875,-0.2449951171875,-0.22186279296875,-0.42633056640625,0.1186654081312709,0.25890460062186454,0.29886956358434363,0.9107731337531354,0.779296875,0.386962890625,0.10107421875,0.48236083984375,0.47381591796875,0.45819091796875,-0.10772705078125,0.74420166015625,0.7257080078125,0.26373291015625,-0.30517578125,0.55731201171875,0.91064453125,-0.2412109375,-0.12811279296875,0.309814453125
282,0.84185791015625,-0.24493408203125,-0.22210693359375,-0.42633056640625,0.11865234375,0.25897216796875,0.29888916015625,0.91070556640625,0.77923583984375,0.386962890625,0.101318359375,0.48236083984375,0.47381591796875,0.45843505859375,-0.107421875,0.74407958984375,0.7257080078125,0.2637939453125,-0.304931640625,0.557373046875,0.91058349609375,-0.24127197265625,-0.1279296875,0.30999755859375
283,0.84185791015625,-0.24493408203125,-0.22210693359375,-0.42633056640625,0.11865234375,0.25897216796875,0.29888916015625,0.91070556640625,0.7793423962034908,0.386962890625,0.1013716375548704,0.4822010053041388,0.47381591796875,0.45843505859375,-0.107421875,0.74407958984375,0.725830078125,0.263671875,-0.30462646484375,0.55743408203125,0.91058349609375,-0.24148508537573163,-0.12761001842077757,0.31010411495349083
284,0.84185791015625,-0.2449951171875,-0.22186279296875,-0.426513671875,0.1185302734375,0.25872802734375,0.299072265625,0.9107666015625,0.77923583984375,0.38702392578125,0.10113525390625,0.48236083984375,0.47381591796875,0.4581298828125,-0.10748291015625,0.7442626953125,0.72564697265625,0.263671875,-0.304931640625,0.5574951171875,0.91058349609375,-0.24139404296875,-0.12786865234375,0.31011962890625
285,0.84185791015625,-0.2449951171875,-0.22186279296875,-0.426513671875,0.1185302734375,0.25872802734375,0.299072265625,0.9107666015625,0.7792748288566054,0.38690695874268394,0.10140817699623748,0.48236083984375,0.47381591796875,0.4581298828125,-0.10748291015625,0.7442626953125,0.72564697265625,0.26336669921875,-0.30474853515625,0.5577392578125,0.9105445070808946,-0.24147202099446072,-0.12775168530518394,0.3101976069319607
286,0.84185791015625,-0.24493408203125,-0.22149658203125,-0.42681884765625,0.11846923828125,0.25836181640625,0.29931640625,0.9107666015625,0.7791748046875,0.38671875,0.1011962890625,0.482666015625,0.47369384765625,0.4576416015625,-0.107421875,0.74468994140625,0.72540283203125,0.26336669921875,-0.30511474609375,0.55792236328125,0.91046142578125,-0.241455078125,-0.128173828125,0.31024169921875
287,0.84185791015625,-0.24493408203125,-0.22149658203125,-0.42681884765625,0.11846923828125,0.25836181640625,0.29931640625,0.9107666015625,0.7792489042250209,0.3865952507707985,0.10129508844586121,0.4826166159333194,0.47369384765625,0.4576416015625,-0.107421875,0.74468994140625,0.72552490234375,0.26287841796875,-0.30499267578125,0.55804443359375,0.9104120260895694,-0.24160327720004182,-0.12800092920411787,0.3103157987562709
288,0.84173583984375,-0.24481201171875,-0.22125244140625,-0.42718505859375,0.11834716796875,0.25823974609375,0.29949951171875,0.9107666015625,0.77923583984375,0.3863525390625,0.10125732421875,0.48291015625,0.4736328125,0.457275390625,-0.10748291015625,0.744873046875,0.72515869140625,0.26287841796875,-0.30517578125,0.558349609375,0.91021728515625,-0.24176025390625,-0.128173828125,0.31060791015625
289,0.84173583984375,-0.24481201171875,-0.22125244140625,-0.42718505859375,0.11834716796875,0.25823974609375,0.29949951171875,0.9107666015625,0.7792670718802258,0.3863317177048495,0.1013301989705268,0.4828581028558737,0.4736328125,0.457275390625,-0.10748291015625,0.744873046875,0.72552490234375,0.2628173828125,-0.30487060546875,0.55810546875,0.910258927871551,-0.24173943254859948,-0.12813218540969898,0.3105454460832985
290,0.84149169921875,-0.24493408203125,-0.22113037109375,-0.42767333984375,0.1181640625,0.25836181640625,0.29937744140625,0.91082763671875,0.779052734375,0.3863525390625,0.10162353515625,0.4830322265625,0.4736328125,0.45721435546875,-0.107177734375,0.7449951171875,0.72515869140625,0.26318359375,-0.30499267578125,0.558349609375,0.91033935546875,-0.2413330078125,-0.12823486328125,0.31060791015625
291,0.84149169921875,-0.24493408203125,-0.22113037109375,-0.42767333984375,0.1181640625,0.25836181640625,0.29937744140625,0.91082763671875,0.779338517715301,0.3861810690583194,0.10173784849237041,0.48274644322219895,0.4736328125,0.45721435546875,-0.107177734375,0.7449951171875,0.72552490234375,0.2626953125,-0.30474853515625,0.5582275390625,0.91033935546875,-0.2413330078125,-0.12823486328125,0.31060791015625
292,0.84124755859375,-0.2449951171875,-0.2210693359375,-0.4281005859375,0.11810302734375,0.25848388671875,0.29931640625,0.91082763671875,0.779052734375,0.38623046875,0.10174560546875,0.48309326171875,0.47357177734375,0.4571533203125,-0.1070556640625,0.7451171875,0.72515869140625,0.26300048828125,-0.3048095703125,0.55853271484375,0.9102783203125,-0.241455078125,-0.1280517578125,0.310791015625
293,0.84124755859375,-0.2449951171875,-0.2210693359375,-0.4281005859375,0.11810302734375,0.25848388671875,0.29931640625,0.91082763671875,0.7791813368781355,0.38601613124477424,0.1021314129781564,0.4830075267166597,0.47357177734375,0.4571533203125,-0.1070556640625,0.7451171875,0.72540283203125,0.26287841796875,-0.30450439453125,0.55841064453125,0.9103640553145903,-0.241455078125,-0.12788028780831937,0.3106195456208194
294,0.84112548828125,-0.24493408203125,-0.22100830078125,-0.428466796875,0.117919921875,0.258544921875,0.29931640625,0.91082763671875,0.779052734375,0.3858642578125,0.102294921875,0.48333740234375,0.47357177734375,0.456787109375,-0.106689453125,0.745361328125,0.72515869140625,0.26300048828125,-0.3045654296875,0.55865478515625,0.9102783203125,-0.24139404296875,-0.1280517578125,0.310791015625
295,0.84112548828125,-0.24493408203125,-0.22100830078125,-0.428466796875,0.117919921875,0.258544921875,0.29931640625,0.91082763671875,0.779052734375,0.3858071011444398,0.10255212688127092,0.4833088240097199,0.47357177734375,0.456787109375,-0.106689453125,0.745361328125,0.725341796875,0.26275634765625,-0.3043212890625,0.55865478515625,0.9103068986465301,-0.2414511996368102,-0.1278802878083194,0.310791015625
296,0.841064453125,-0.2447509765625,-0.2208251953125,-0.42877197265625,0.11761474609375,0.258544921875,0.29949951171875,0.9107666015625,0.77899169921875,0.38555908203125,0.10272216796875,0.48358154296875,0.4735107421875,0.45623779296875,-0.106201171875,0.74578857421875,0.72509765625,0.2626953125,-0.304443359375,0.5589599609375,0.91021728515625,-0.2415771484375,-0.12799072265625,0.31097412109375
297,0.841064453125,-0.2447509765625,-0.2208251953125,-0.42877197265625,0.11761474609375,0.258544921875,0.29949951171875,0.9107666015625,0.77899169921875,0.3855876603652801,0.10277932463681022,0.4835529646347199,0.4735107421875,0.45623779296875,-0.106201171875,0.74578857421875,0.72509765625,0.2626953125,-0.3043212890625,0.55902099609375,0.9102029959892349,-0.2415771484375,-0.12797643348923496,0.31098841026076507
298,0.84100341796875,-0.2445068359375,-0.220947265625,-0.428955078125,0.11749267578125,0.258544921875,0.2998046875,0.91070556640625,0.7789306640625,0.385498046875,0.1031494140625,0.483642578125,0.47344970703125,0.45599365234375,-0.10546875,0.74615478515625,0.72503662109375,0.2625732421875,-0.30413818359375,0.55926513671875,0.9100341796875,-0.24176025390625,-0.12799072265625,0.311279296875
299,0.84100341796875,-0.2445068359375,-0.220947265625,-0.428955078125,0.11749267578125,0.258544921875,0.2998046875,0.91070556640625,0.7789306640625,0.385498046875,0.1031494140625,0.483642578125,0.47344970703125,0.45599365234375,-0.10546875,0.74615478515625,0.72528076171875,0.2625732421875,-0.303955078125,0.55908203125,0.9100341796875,-0.24176025390625,-0.12799072265625,0.311279296875
