timestep,imu0_w,imu0_x,imu0_y,imu0_z,imu1_w,imu1_x,imu1_y,imu1_z,imu2_w,imu2_x,imu2_y,imu2_z,imu3_w,imu3_x,imu3_y,imu3_z,imu4_w,imu4_x,imu4_y,imu4_z,imu5_w,imu5_x,imu5_y,imu5_z
0,0.07623291015625,-0.7254638671875,0.0478515625,-0.6822509765625,0.272216796875,0.9241943359375,0.2508544921875,0.09368896484375,0.49267578125,0.29864501953125,0.71820068359375,0.3900146484375,0.68353271484375,0.716064453125,0.017822265625,0.1402587890625,0.93829345703125,0.33636474609375,-0.07293701171875,0.032470703125,0.9737548828125,-0.17803955078125,0.06439208984375,0.12591552734375
1,0.0760498046875,-0.72509765625,0.04766845703125,-0.68267822265625,0.27215576171875,0.92401123046875,0.25140380859375,0.0938720703125,0.49298095703125,0.2982177734375,0.718017578125,0.39031982421875,0.68353271484375,0.7159423828125,0.01763916015625,0.14080810546875,0.938232421875,0.33636474609375,-0.0733642578125,0.03289794921875,0.9737548828125,-0.17816162109375,0.0638427734375,0.12603759765625
2,0.0760498046875,-0.72509765625,0.04766845703125,-0.68267822265625,0.27215576171875,0.92401123046875,0.25140380859375,0.0938720703125,0.49237060546875,0.29864501953125,0.71826171875,0.39031982421875,0.683349609375,0.716064453125,0.01837158203125,0.14093017578125,0.93829345703125,0.33636474609375,-0.07275390625,0.03289794921875,0.973876953125,-0.1778564453125,0.0640869140625,0.125732421875
3,0.075927734375,-0.72479248046875,0.04742431640625,-0.68310546875,0.27191162109375,0.92401123046875,0.25177001953125,0.0938720703125,0.49267578125,0.2982177734375,0.7181396484375,0.3905029296875,0.68341064453125,0.71588134765625,0.01824951171875,0.1414794921875,0.93829345703125,0.33624267578125,-0.0731201171875,0.03338623046875,0.97381591796875,-0.17803955078125,0.06353759765625,0.12591552734375
4,0.075927734375,-0.72479248046875,0.04742431640625,-0.68310546875,0.27191162109375,0.92401123046875,0.25177001953125,0.0938720703125,0.49176025390625,0.2991943359375,0.7183837890625,0.3905029296875,0.68316650390625,0.71600341796875,0.018798828125,0.1419677734375,0.93829345703125,0.33636474609375,-0.07232666015625,0.0338134765625,0.973876953125,-0.177734375,0.06390380859375,0.12591552734375
5,0.07586669921875,-0.724365234375,0.04730224609375,-0.68353271484375,0.27142333984375,0.92401123046875,0.25213623046875,0.09417724609375,0.49212646484375,0.298828125,0.7181396484375,0.39068603515625,0.6832275390625,0.71588134765625,0.01849365234375,0.14251708984375,0.93829345703125,0.3363037109375,-0.07281494140625,0.0341796875,0.973876953125,-0.17791748046875,0.0633544921875,0.12591552734375
6,0.07586669921875,-0.724365234375,0.04730224609375,-0.68353271484375,0.27142333984375,0.92401123046875,0.25213623046875,0.09417724609375,0.49127197265625,0.29925537109375,0.7183837890625,0.39111328125,0.68280029296875,0.71612548828125,0.01904296875,0.14306640625,0.938232421875,0.33660888671875,-0.07208251953125,0.03472900390625,0.97393798828125,-0.17730712890625,0.06396484375,0.125732421875
7,0.0760498046875,-0.7239990234375,0.04718017578125,-0.68389892578125,0.27117919921875,0.9239501953125,0.25250244140625,0.09466552734375,0.49169921875,0.2989501953125,0.71820068359375,0.39105224609375,0.6829833984375,0.71588134765625,0.01873779296875,0.1434326171875,0.938232421875,0.3363037109375,-0.07257080078125,0.03485107421875,0.97393798828125,-0.1776123046875,0.06353759765625,0.1256103515625
8,0.0760498046875,-0.7239990234375,0.04718017578125,-0.68389892578125,0.27117919921875,0.9239501953125,0.25250244140625,0.09466552734375,0.49127197265625,0.298828125,0.71826171875,0.3916015625,0.68267822265625,0.71600341796875,0.0191650390625,0.14422607421875,0.938232421875,0.33648681640625,-0.07208251953125,0.03570556640625,0.97393798828125,-0.1771240234375,0.0638427734375,0.1260986328125
9,0.0762939453125,-0.72381591796875,0.04681396484375,-0.68414306640625,0.27117919921875,0.92376708984375,0.25286865234375,0.09515380859375,0.49151611328125,0.29840087890625,0.71832275390625,0.39141845703125,0.6829833984375,0.71563720703125,0.01910400390625,0.14453125,0.9383544921875,0.3360595703125,-0.072265625,0.03594970703125,0.973876953125,-0.1776123046875,0.0635986328125,0.12615966796875
10,0.0762939453125,-0.72381591796875,0.04681396484375,-0.68414306640625,0.27117919921875,0.92376708984375,0.25286865234375,0.09515380859375,0.4913217806098453,0.29844946207410117,0.7182741707383988,0.3917585392062082,0.6828862321017977,0.7156857901991012,0.01929833657765468,0.14491991534280937,0.938232421875,0.33636474609375,-0.07183837890625,0.03619384765625,0.97393798828125,-0.17730712890625,0.06341552734375,0.12628173828125
11,0.07635498046875,-0.72381591796875,0.04656982421875,-0.68414306640625,0.2711181640625,0.92376708984375,0.25299072265625,0.09527587890625,0.49127197265625,0.29827880859375,0.71844482421875,0.3917236328125,0.6829833984375,0.715576171875,0.01947021484375,0.14508056640625,0.93829345703125,0.336181640625,-0.07177734375,0.03631591796875,0.973876953125,-0.177490234375,0.0634765625,0.12640380859375
12,0.07635498046875,-0.72381591796875,0.04656982421875,-0.68414306640625,0.2711181640625,0.92376708984375,0.25299072265625,0.09527587890625,0.4912042011784072,0.298448237288357,0.7184109384798286,0.3917236328125,0.6829833984375,0.71551513671875,0.01983642578125,0.145263671875,0.9383544921875,0.33612060546875,-0.07147216796875,0.03643798828125,0.97393798828125,-0.1773681640625,0.06353759765625,0.1260986328125
13,0.076171875,-0.72381591796875,0.0465087890625,-0.68414306640625,0.27093505859375,0.923828125,0.25299072265625,0.0950927734375,0.4910888671875,0.29852294921875,0.7183837890625,0.391845703125,0.682861328125,0.715576171875,0.0198974609375,0.1453857421875,0.93829345703125,0.336181640625,-0.0714111328125,0.03656005859375,0.97393798828125,-0.17730712890625,0.0634765625,0.12628173828125
14,0.076171875,-0.72381591796875,0.0465087890625,-0.68414306640625,0.27093505859375,0.923828125,0.25299072265625,0.0950927734375,0.49090576171875,0.29888916015625,0.71844482421875,0.3917236328125,0.682861328125,0.71551513671875,0.02044677734375,0.14544677734375,0.93841552734375,0.33612060546875,-0.07073974609375,0.03656005859375,0.9739990234375,-0.1771240234375,0.0638427734375,0.1258544921875
15,0.076171875,-0.7236328125,0.04644775390625,-0.684326171875,0.27081298828125,0.923828125,0.2530517578125,0.09515380859375,0.4910888671875,0.2987060546875,0.71832275390625,0.39178466796875,0.68292236328125,0.7154541015625,0.02032470703125,0.14569091796875,0.93841552734375,0.3360595703125,-0.07098388671875,0.0367431640625,0.9739990234375,-0.17724609375,0.0635986328125,0.1258544921875
16,0.076171875,-0.7236328125,0.04644775390625,-0.684326171875,0.27081298828125,0.923828125,0.2530517578125,0.09515380859375,0.49072265625,0.298828125,0.71832275390625,0.3922119140625,0.6826171875,0.71563720703125,0.02069091796875,0.14617919921875,0.93829345703125,0.3363037109375,-0.0706787109375,0.03717041015625,0.9739990234375,-0.17681884765625,0.06390380859375,0.1259765625
17,0.07659912109375,-0.7235107421875,0.04608154296875,-0.6844482421875,0.27081298828125,0.9237060546875,0.25341796875,0.095458984375,0.490966796875,0.29852294921875,0.71844482421875,0.391845703125,0.68304443359375,0.7152099609375,0.02069091796875,0.146240234375,0.9384765625,0.33575439453125,-0.07080078125,0.0372314453125,0.97393798828125,-0.17742919921875,0.0638427734375,0.12591552734375
18,0.07659912109375,-0.7235107421875,0.04608154296875,-0.6844482421875,0.27081298828125,0.9237060546875,0.25341796875,0.095458984375,0.4908651396582358,0.2984212920019858,0.7182923383936036,0.3923539892088211,0.6827392578125,0.71539306640625,0.02081298828125,0.14697265625,0.9383544921875,0.336181640625,-0.07061767578125,0.037841796875,0.97406005859375,-0.1767578125,0.0634765625,0.12615966796875
19,0.076904296875,-0.72344970703125,0.0457763671875,-0.68450927734375,0.2708740234375,0.923583984375,0.25360107421875,0.09564208984375,0.490966796875,0.29815673828125,0.7183837890625,0.39215087890625,0.68304443359375,0.71502685546875,0.02081298828125,0.14703369140625,0.9384765625,0.33575439453125,-0.07061767578125,0.03790283203125,0.97393798828125,-0.17718505859375,0.0634765625,0.1260986328125
20,0.076904296875,-0.72344970703125,0.0457763671875,-0.68450927734375,0.2708740234375,0.923583984375,0.25360107421875,0.09564208984375,0.490966796875,0.29830126299905935,0.7183476578830477,0.39218701008570234,0.682861328125,0.7152099609375,0.02105712890625,0.147216796875,0.9384765625,0.3358154296875,-0.0704345703125,0.0379638671875,0.97406005859375,-0.1768798828125,0.06365966796875,0.125732421875
21,0.0767822265625,-0.72344970703125,0.04571533203125,-0.68450927734375,0.27093505859375,0.923583984375,0.25360107421875,0.0955810546875,0.4908447265625,0.29833984375,0.71832275390625,0.392333984375,0.68280029296875,0.7152099609375,0.0211181640625,0.14727783203125,0.9384765625,0.33587646484375,-0.0704345703125,0.0380859375,0.97406005859375,-0.1768798828125,0.06365966796875,0.1258544921875
22,0.0767822265625,-0.72344970703125,0.04571533203125,-0.68450927734375,0.27093505859375,0.923583984375,0.25360107421875,0.0955810546875,0.49066162109375,0.2989501953125,0.7183837890625,0.39208984375,0.68280029296875,0.71527099609375,0.0213623046875,0.147216796875,0.93853759765625,0.3358154296875,-0.0699462890625,0.0380859375,0.97406005859375,-0.1767578125,0.063720703125,0.12554931640625
23,0.07672119140625,-0.723388671875,0.045654296875,-0.6845703125,0.27081298828125,0.92364501953125,0.25372314453125,0.095458984375,0.49072265625,0.298828125,0.71832275390625,0.39215087890625,0.68280029296875,0.7152099609375,0.02142333984375,0.1473388671875,0.9384765625,0.3358154296875,-0.07000732421875,0.03814697265625,0.97406005859375,-0.17681884765625,0.0635986328125,0.1256103515625
24,0.07672119140625,-0.723388671875,0.045654296875,-0.6845703125,0.27081298828125,0.92364501953125,0.25372314453125,0.095458984375,0.49029541015625,0.29925537109375,0.7183837890625,0.3922119140625,0.6827392578125,0.7152099609375,0.021728515625,0.14752197265625,0.93853759765625,0.3358154296875,-0.06964111328125,0.03826904296875,0.97412109375,-0.17669677734375,0.0635986328125,0.12548828125
25,0.07666015625,-0.72320556640625,0.04559326171875,-0.684814453125,0.2706298828125,0.92352294921875,0.254150390625,0.0958251953125,0.490478515625,0.299072265625,0.71826171875,0.392333984375,0.6827392578125,0.71514892578125,0.02154541015625,0.1478271484375,0.93853759765625,0.33575439453125,-0.0699462890625,0.03851318359375,0.97412109375,-0.17681884765625,0.06329345703125,0.12554931640625
26,0.07666015625,-0.72320556640625,0.04559326171875,-0.684814453125,0.2706298828125,0.92352294921875,0.254150390625,0.0958251953125,0.4900008491847826,0.299072265625,0.7185801630434783,0.3924401324728261,0.6827392578125,0.71502685546875,0.0220947265625,0.1484375,0.93853759765625,0.335693359375,-0.0694580078125,0.0390625,0.97406005859375,-0.1767578125,0.0635986328125,0.12579345703125
27,0.07647705078125,-0.72296142578125,0.0457763671875,-0.68505859375,0.2705078125,0.9234619140625,0.25445556640625,0.095947265625,0.49017333984375,0.29901123046875,0.71832275390625,0.3927001953125,0.68255615234375,0.71514892578125,0.02178955078125,0.148681640625,0.9384765625,0.33587646484375,-0.06982421875,0.03912353515625,0.97412109375,-0.17657470703125,0.063232421875,0.125732421875
28,0.07647705078125,-0.72296142578125,0.0457763671875,-0.68505859375,0.2705078125,0.9234619140625,0.25445556640625,0.095947265625,0.4898279502639005,0.29908798370871653,0.7185530136261497,0.39262344207253347,0.68267822265625,0.71490478515625,0.0223388671875,0.1490478515625,0.93853759765625,0.335693359375,-0.0692138671875,0.0396728515625,0.97406005859375,-0.17669677734375,0.0638427734375,0.1259765625
29,0.07635498046875,-0.72271728515625,0.04583740234375,-0.685302734375,0.2703857421875,0.92340087890625,0.25469970703125,0.09600830078125,0.4898681640625,0.29901123046875,0.718505859375,0.39276123046875,0.6826171875,0.7149658203125,0.0220947265625,0.1492919921875,0.9384765625,0.3358154296875,-0.06951904296875,0.039794921875,0.97406005859375,-0.1766357421875,0.0634765625,0.1259765625
30,0.07635498046875,-0.72271728515625,0.04583740234375,-0.685302734375,0.2703857421875,0.92340087890625,0.25469970703125,0.09600830078125,0.48944091796875,0.29937744140625,0.7186279296875,0.39276123046875,0.68255615234375,0.71490478515625,0.02252197265625,0.14959716796875,0.9384765625,0.3359375,-0.06915283203125,0.0399169921875,0.97412109375,-0.1763916015625,0.0635986328125,0.12591552734375
31,0.07635498046875,-0.7225341796875,0.045654296875,-0.68548583984375,0.270263671875,0.92333984375,0.25506591796875,0.09600830078125,0.4896240234375,0.299072265625,0.7186279296875,0.392822265625,0.68267822265625,0.71478271484375,0.0224609375,0.14984130859375,0.9384765625,0.3358154296875,-0.06927490234375,0.0401611328125,0.97406005859375,-0.17657470703125,0.0633544921875,0.12603759765625
32,0.07635498046875,-0.7225341796875,0.045654296875,-0.68548583984375,0.270263671875,0.92333984375,0.25506591796875,0.09600830078125,0.4892578125,0.2994384765625,0.71856689453125,0.39300537109375,0.68243408203125,0.7149658203125,0.0225830078125,0.1497802734375,0.9383544921875,0.33624267578125,-0.06915283203125,0.0400390625,0.97418212890625,-0.17620849609375,0.06304931640625,0.1259765625
33,0.07635498046875,-0.7222900390625,0.04541015625,-0.685791015625,0.26995849609375,0.9232177734375,0.2557373046875,0.09619140625,0.48956298828125,0.29901123046875,0.71856689453125,0.39306640625,0.68255615234375,0.71478271484375,0.0224609375,0.15020751953125,0.9383544921875,0.3360595703125,-0.0694580078125,0.04034423828125,0.97412109375,-0.176513671875,0.06268310546875,0.1260986328125
34,0.07635498046875,-0.7222900390625,0.04541015625,-0.685791015625,0.26995849609375,0.9232177734375,0.2557373046875,0.09619140625,0.4890097933868102,0.29912186944763797,0.7187881724890259,0.39317704522888797,0.682373046875,0.71490478515625,0.02313232421875,0.15057373046875,0.9383544921875,0.33617020929138797,-0.06901545189694816,0.04067615521791388,0.97418212890625,-0.17620849609375,0.06317138671875,0.12615966796875
35,0.0762939453125,-0.72186279296875,0.04547119140625,-0.68621826171875,0.26995849609375,0.92303466796875,0.25628662109375,0.096435546875,0.4893798828125,0.2989501953125,0.718505859375,0.3934326171875,0.682373046875,0.71484375,0.022705078125,0.1510009765625,0.93829345703125,0.33624267578125,-0.06951904296875,0.0408935546875,0.97418212890625,-0.17620849609375,0.06256103515625,0.12603759765625
36,0.0762939453125,-0.72186279296875,0.04547119140625,-0.68621826171875,0.26995849609375,0.92303466796875,0.25628662109375,0.096435546875,0.48883056640625,0.298828125,0.71893310546875,0.39349365234375,0.68231201171875,0.7147216796875,0.02325439453125,0.15155029296875,0.93829345703125,0.3363037109375,-0.06890869140625,0.04168701171875,0.97412109375,-0.17608642578125,0.06341552734375,0.12640380859375
37,0.07635498046875,-0.721435546875,0.0455322265625,-0.68670654296875,0.27001953125,0.9228515625,0.25677490234375,0.0968017578125,0.48931884765625,0.298583984375,0.71856689453125,0.39361572265625,0.682373046875,0.714599609375,0.02276611328125,0.1519775390625,0.938232421875,0.336181640625,-0.06951904296875,0.0418701171875,0.97418212890625,-0.17620849609375,0.06280517578125,0.126220703125
38,0.07635498046875,-0.721435546875,0.0455322265625,-0.68670654296875,0.27001953125,0.9228515625,0.25677490234375,0.0968017578125,0.48876953125,0.29852294921875,0.71893310546875,0.39373779296875,0.6822509765625,0.714599609375,0.023193359375,0.15252685546875,0.93817138671875,0.33648681640625,-0.0692138671875,0.04229736328125,0.97418212890625,-0.17584228515625,0.0628662109375,0.12646484375
39,0.07635498046875,-0.7210693359375,0.04547119140625,-0.68707275390625,0.26995849609375,0.9227294921875,0.25732421875,0.09722900390625,0.4891357421875,0.29827880859375,0.71868896484375,0.39385986328125,0.6822934358016305,0.7144589631453805,0.022925335427989132,0.15298594599184784,0.9381103515625,0.33636474609375,-0.0697021484375,0.04248046875,0.97418212890625,-0.17596435546875,0.0623779296875,0.12640380859375
40,0.07635498046875,-0.7210693359375,0.04547119140625,-0.68707275390625,0.26995849609375,0.9227294921875,0.25732421875,0.09722900390625,0.48876953125,0.29827880859375,0.71893310546875,0.39398193359375,0.6822509765625,0.71441650390625,0.02301025390625,0.1531982421875,0.9381103515625,0.33642578125,-0.06939697265625,0.04290771484375,0.97418212890625,-0.17578125,0.0628662109375,0.1265869140625
41,0.07635498046875,-0.72064208984375,0.0455322265625,-0.6875,0.26983642578125,0.92254638671875,0.25775146484375,0.09747314453125,0.48919677734375,0.29803466796875,0.7186279296875,0.39410400390625,0.6822432195861204,0.71435546875,0.02262567118258778,0.15366039467495818,0.9381103515625,0.33636474609375,-0.07000732421875,0.0430908203125,0.9742431640625,-0.17584228515625,0.062255859375,0.12640380859375
42,0.07635498046875,-0.72064208984375,0.0455322265625,-0.6875,0.26983642578125,0.92254638671875,0.25775146484375,0.09747314453125,0.4887938228339256,0.2977468433188754,0.7188581894073997,0.39433426362614965,0.68212890625,0.71435546875,0.02325439453125,0.1541748046875,0.9380527866325251,0.3364798759536998,-0.06937410998902593,0.04360890468227424,0.9741855991325251,-0.17566959036632526,0.06277394374477424,0.12669163324362456
43,0.0762939453125,-0.72027587890625,0.04559326171875,-0.68792724609375,0.2698580636627299,0.9223957380722199,0.25828220533288043,0.09777137985994984,0.48919677734375,0.29754638671875,0.7186279296875,0.39453125,0.68212890625,0.71429443359375,0.02288818359375,0.154541015625,0.93798828125,0.3365478515625,-0.06988525390625,0.04388427734375,0.9742431640625,-0.17572021484375,0.062255859375,0.12664794921875
44,0.0762939453125,-0.72027587890625,0.04559326171875,-0.68792724609375,0.26983642578125,0.92236328125,0.2584228515625,0.09771728515625,0.48883056640625,0.29730224609375,0.7188720703125,0.39459228515625,0.68206787109375,0.71417236328125,0.0233154296875,0.15509033203125,0.93798828125,0.3365478515625,-0.06958518139893395,0.044270084853156345,0.97418212890625,-0.17559814453125,0.06268310546875,0.1270751953125
45,0.0762939453125,-0.719970703125,0.04559326171875,-0.688232421875,0.2698874585205895,0.92230224609375,0.2585138939694816,0.09801245852058946,0.48919677734375,0.297119140625,0.71868896484375,0.39471435546875,0.6820578686768395,0.714111328125,0.023294404198892144,0.1556086205319816,0.93798828125,0.33648681640625,-0.06988525390625,0.04461669921875,0.97418212890625,-0.1756591796875,0.062255859375,0.12701416015625
46,0.0762939453125,-0.719970703125,0.04559326171875,-0.688232421875,0.26983642578125,0.92230224609375,0.2586669921875,0.09796142578125,0.48907470703125,0.2969970703125,0.71875,0.3948974609375,0.6820068359375,0.714111328125,0.02349853515625,0.15576171875,0.93792724609375,0.336669921875,-0.06939697265625,0.04486083984375,0.9742431640625,-0.1754150390625,0.06243896484375,0.12689208984375
47,0.076416015625,-0.7198486328125,0.0455322265625,-0.6883544921875,0.269936245819398,0.9222412109375,0.258647599746551,0.0980224609375,0.48919677734375,0.296875,0.71868896484375,0.394775390625,0.6821080848923495,0.7139684364548495,0.023418107559051004,0.1559268606945025,0.93798828125,0.33648681640625,-0.069580078125,0.04486083984375,0.9742431640625,-0.175537109375,0.06231689453125,0.1268310546875
48,0.076416015625,-0.7198486328125,0.0455322265625,-0.6883544921875,0.269775390625,0.9222412109375,0.25872802734375,0.0980224609375,0.48919677734375,0.296875,0.7186279296875,0.39495849609375,0.68206787109375,0.71392822265625,0.02349853515625,0.1561279296875,0.93792724609375,0.3365478515625,-0.06964111328125,0.04522705078125,0.9742431640625,-0.17535400390625,0.0623779296875,0.1270751953125
49,0.07672119140625,-0.7198486328125,0.0455322265625,-0.68829345703125,0.26995849609375,0.9222350870087792,0.25855104580372074,0.09788222296979515,0.4892578125,0.29693603515625,0.71868896484375,0.39471435546875,0.6822387287050585,0.7138184002011915,0.023351969128867053,0.15597544386235368,0.93804931640625,0.33636474609375,-0.06964111328125,0.04498291015625,0.9742431640625,-0.175537109375,0.0625,0.1268310546875
50,0.07672119140625,-0.7198486328125,0.0455322265625,-0.68829345703125,0.26995849609375,0.92218017578125,0.25860595703125,0.0982666015625,0.4894372436115176,0.29699584552675584,0.7184497233617266,0.3948937865802676,0.68212890625,0.71392822265625,0.02313232421875,0.15625,0.9379296956652383,0.3365441772052676,-0.06994016513377926,0.045281962008779264,0.9742431640625,-0.17529786789297658,0.06214113777696489,0.12707029616952342
51,0.07708740234375,-0.71990966796875,0.0455322265625,-0.688232421875,0.27020263671875,0.9222412109375,0.25831792825041805,0.09834580437395485,0.489501953125,0.29705810546875,0.71856689453125,0.39459228515625,0.682259550062709,0.713797578843541,0.022704057470213215,0.15611078268708195,0.93804931640625,0.3363037109375,-0.0699462890625,0.04498291015625,0.9742431640625,-0.17547607421875,0.06231689453125,0.1268310546875
52,0.07708740234375,-0.71990966796875,0.0455322265625,-0.688232421875,0.27020263671875,0.9222412109375,0.25830078125,0.098388671875,0.48968505859375,0.2969970703125,0.7183837890625,0.394775390625,0.6822509765625,0.71380615234375,0.02264404296875,0.1561279296875,0.9379590905230978,0.33643904976222827,-0.07021696671195651,0.04493779721467391,0.974288277004076,-0.17538584833559784,0.06204621688179348,0.1268310546875
53,0.07708740234375,-0.71990966796875,0.0455322265625,-0.68817138671875,0.27020263671875,0.9222034467103888,0.25836181640625,0.0984264361021112,0.48968505859375,0.2969970703125,0.7183837890625,0.39471435546875,0.6822887407896112,0.7137683881166388,0.02275733565008361,0.15618018721258362,0.93792724609375,0.33648681640625,-0.07025146484375,0.044921875,0.97430419921875,-0.17535400390625,0.06195068359375,0.1268310546875
54,0.07708740234375,-0.71990966796875,0.0455322265625,-0.68817138671875,0.27020263671875,0.92218017578125,0.25836181640625,0.09844970703125,0.48974609375,0.296875,0.71844482421875,0.3946533203125,0.68231201171875,0.7137451171875,0.0228271484375,0.15625,0.9379576616063964,0.33642598538095736,-0.07012980279316472,0.04501312153793896,0.9742431640625,-0.175537109375,0.06201171875,0.12689208984375
55,0.07696533203125,-0.7198486328125,0.0457763671875,-0.688232421875,0.27008873164454433,0.9222412109375,0.25823974609375,0.09852564374738712,0.48980712890625,0.29705810546875,0.71826171875,0.394775390625,0.6821981066445443,0.7138590222617057,0.02275937695965719,0.15627306679818143,0.93792724609375,0.33660888671875,-0.07012939453125,0.0450439453125,0.97430419921875,-0.17529296875,0.0618896484375,0.1268310546875
56,0.07696533203125,-0.7198486328125,0.0457763671875,-0.688232421875,0.27020263671875,0.9222412109375,0.25823974609375,0.09844970703125,0.4898681640625,0.296875,0.71832275390625,0.39471435546875,0.68231201171875,0.7137451171875,0.02294921875,0.15631103515625,0.9379429641774666,0.3365774505513169,-0.07003508602895067,0.04510681764736622,0.9742431640625,-0.1754150390625,0.0623779296875,0.12689208984375
57,0.0770263671875,-0.71978759765625,0.04583740234375,-0.68829345703125,0.270238563767245,0.9222412109375,0.25815115325825666,0.09853585029525501,0.48992919921875,0.296875,0.71826171875,0.39471435546875,0.6822952729802466,0.7137451171875,0.022843887176003344,0.15635288200250835,0.93798828125,0.33642578125,-0.06982421875,0.0452880859375,0.9742431640625,-0.1754150390625,0.06231689453125,0.1268310546875
58,0.0770263671875,-0.71978759765625,0.04583740234375,-0.68829345703125,0.27008056640625,0.9222412109375,0.25836181640625,0.09869384765625,0.4898681640625,0.296875,0.71807861328125,0.3951416015625,0.68218994140625,0.7137451171875,0.02294921875,0.1566162109375,0.93780517578125,0.3367919921875,-0.07012939453125,0.04547119140625,0.97430419921875,-0.175048828125,0.06201171875,0.126953125
59,0.077392578125,-0.71966552734375,0.045654296875,-0.68841552734375,0.2705078125,0.922119140625,0.25823974609375,0.09869384765625,0.49017333984375,0.29669189453125,0.7181396484375,0.39483642578125,0.6822762888012124,0.7136040626959658,0.022608320051212372,0.15699916061350336,0.93792724609375,0.33636474609375,-0.0703125,0.04541015625,0.97430419921875,-0.1754150390625,0.06195068359375,0.1268310546875
60,0.077392578125,-0.71966552734375,0.045654296875,-0.68841552734375,0.270263671875,0.92205810546875,0.25848388671875,0.09918212890625,0.49005126953125,0.29669189453125,0.718017578125,0.3951416015625,0.6822509765625,0.713623046875,0.0225830078125,0.15704345703125,0.93792724609375,0.336412104475857,-0.07040721676421405,0.045599589778428096,0.97430419921875,-0.17527296391617891,0.06180860844742893,0.12697312983382109
61,0.07745361328125,-0.7196044921875,0.04559326171875,-0.6884765625,0.2703857421875,0.92205810546875,0.25848388671875,0.0992431640625,0.49017333984375,0.29656982421875,0.718017578125,0.39508056640625,0.6823920310540342,0.7134419827158236,0.022663027147784284,0.15730454052571072,0.93792724609375,0.3363037109375,-0.07049560546875,0.045654296875,0.97430419921875,-0.17535400390625,0.06170654296875,0.126953125
62,0.07745361328125,-0.7196044921875,0.04559326171875,-0.6884765625,0.27056884765625,0.92193603515625,0.258544921875,0.09918212890625,0.49017333984375,0.296630859375,0.71820068359375,0.394775390625,0.68243408203125,0.71337890625,0.022705078125,0.15740966796875,0.9380252289532818,0.33610774521843645,-0.0702669787965092,0.045850262594063544,0.97418212890625,-0.1756591796875,0.06195068359375,0.126953125
63,0.07720947265625,-0.7196044921875,0.04583740234375,-0.68853759765625,0.27047658046352424,0.9220327932300376,0.2584585744800376,0.0992639854201505,0.4901123046875,0.2967529296875,0.718017578125,0.39501953125,0.6822911903610995,0.7134607627639005,0.02281081796091137,0.15752132760242474,0.93798828125,0.33624267578125,-0.07012939453125,0.0460205078125,0.97430419921875,-0.17535400390625,0.06182861328125,0.12701416015625
64,0.07720947265625,-0.7196044921875,0.04583740234375,-0.68853759765625,0.27069091796875,0.9219970703125,0.2584228515625,0.09912109375,0.49005126953125,0.29681396484375,0.71826171875,0.39459228515625,0.68243408203125,0.71331787109375,0.02313232421875,0.1575927734375,0.93806013534699,0.3360810040630226,-0.06998568633727006,0.0460205078125,0.97418212890625,-0.17584228515625,0.06231689453125,0.12689208984375
65,0.07684326171875,-0.71954345703125,0.04608154296875,-0.6885986328125,0.27034593665081524,0.92205810546875,0.2583724312160326,0.09931216032608696,0.489990234375,0.29693603515625,0.71807861328125,0.39495849609375,0.682373046875,0.71331787109375,0.0233154296875,0.15771484375,0.93804931640625,0.33612060546875,-0.06976318359375,0.046142578125,0.9742431640625,-0.17547607421875,0.0621337890625,0.12701416015625
66,0.07684326171875,-0.71954345703125,0.04608154296875,-0.6885986328125,0.27044677734375,0.92205810546875,0.2584228515625,0.09906005859375,0.4898681640625,0.297119140625,0.71820068359375,0.394775390625,0.682373046875,0.71331787109375,0.0233154296875,0.15771484375,0.9380558485968854,0.3361075410874791,-0.06973052264057274,0.046152376410953176,0.9742431640625,-0.17547607421875,0.06256103515625,0.1268310546875
67,0.07672119140625,-0.71942138671875,0.04620361328125,-0.688720703125,0.2703857421875,0.92205810546875,0.25836181640625,0.0992431640625,0.48992919921875,0.297119140625,0.718017578125,0.39495849609375,0.6823648816367057,0.7132690837949415,0.023364216986308528,0.15812167674801422,0.9381103515625,0.33599853515625,-0.0693359375,0.04638671875,0.9742431640625,-0.17535400390625,0.0623779296875,0.12677001953125
68,0.07672119140625,-0.71942138671875,0.04620361328125,-0.688720703125,0.27032470703125,0.9219970703125,0.25860595703125,0.0992431640625,0.48968505859375,0.297119140625,0.7181396484375,0.39508056640625,0.682373046875,0.7132568359375,0.02337646484375,0.15814208984375,0.938060747739862,0.33604813897888797,-0.06928633367736205,0.04673394550846572,0.9742431640625,-0.17530440008361203,0.06242753351013796,0.12706764246707775
69,0.076904296875,-0.71923828125,0.046142578125,-0.6888427734375,0.27035757211538464,0.92193603515625,0.25873741736778844,0.0995342548076923,0.48992919921875,0.2969970703125,0.71807861328125,0.39501953125,0.682373046875,0.71307373046875,0.02349853515625,0.1588134765625,0.9381103515625,0.33587646484375,-0.06951904296875,0.04681396484375,0.9742431640625,-0.17547607421875,0.06231689453125,0.12701416015625
70,0.076904296875,-0.71923828125,0.046142578125,-0.6888427734375,0.270263671875,0.92193603515625,0.25885009765625,0.099609375,0.48956298828125,0.29705810546875,0.71820068359375,0.3951416015625,0.682373046875,0.71307373046875,0.02349853515625,0.1588134765625,0.9380754451687918,0.3359811840248746,-0.06934451100020904,0.04705830959970735,0.9742431640625,-0.17533644864391723,0.06228198813754181,0.12715378573108277
71,0.0770263671875,-0.7191162109375,0.04620361328125,-0.68896484375,0.2703857421875,0.9218809197977633,0.2588047805837166,0.09969796783549331,0.48974609375,0.29705810546875,0.7181396484375,0.39508056640625,0.68243408203125,0.7130126953125,0.0234375,0.15911865234375,0.9381103515625,0.3359375,-0.06939697265625,0.04718017578125,0.9742431640625,-0.17529296875,0.0621337890625,0.1270751953125
72,0.0770263671875,-0.7191162109375,0.04620361328125,-0.68896484375,0.2703857421875,0.92181396484375,0.25897216796875,0.0997314453125,0.489501953125,0.29718017578125,0.71820068359375,0.39508056640625,0.68243408203125,0.7130126953125,0.0234375,0.15911865234375,0.9381103515625,0.3359375,-0.06939697265625,0.04724080267558529,0.9742431640625,-0.17529296875,0.06219441595683529,0.12715603117161373
73,0.0770263671875,-0.71905517578125,0.04620361328125,-0.6890869140625,0.27045963759406355,0.92181396484375,0.2589368533131271,0.09982779512437291,0.4896240234375,0.297119140625,0.7181396484375,0.39508056640625,0.6824951171875,0.71282958984375,0.02349853515625,0.1595458984375,0.9381103515625,0.33587646484375,-0.06951904296875,0.04742431640625,0.9742431640625,-0.17535400390625,0.06219482421875,0.1273193359375
74,0.0770263671875,-0.71905517578125,0.04620361328125,-0.6890869140625,0.2705078125,0.92181396484375,0.259033203125,0.0997314453125,0.489501953125,0.297119140625,0.71832275390625,0.39495849609375,0.6824951171875,0.71282958984375,0.02349853515625,0.1595458984375,0.9381158630983487,0.3358654417720527,-0.06948597375365803,0.047429827942098664,0.97418212890625,-0.17535400390625,0.06231689453125,0.12725830078125
75,0.07696533203125,-0.71893310546875,0.04632568359375,-0.68914794921875,0.27044677734375,0.92181396484375,0.2589111328125,0.099853515625,0.48956298828125,0.297119140625,0.71820068359375,0.39508056640625,0.68243408203125,0.712890625,0.02374267578125,0.15960693359375,0.9381103515625,0.33587646484375,-0.0693359375,0.0474853515625,0.9742431640625,-0.17529296875,0.06219482421875,0.127197265625
76,0.07696533203125,-0.71893310546875,0.04632568359375,-0.68914794921875,0.2706298828125,0.92181396484375,0.2589111328125,0.099609375,0.48956298828125,0.297119140625,0.71826171875,0.39495849609375,0.68243408203125,0.712890625,0.02374267578125,0.15960693359375,0.9381103515625,0.33587646484375,-0.0693359375,0.0474853515625,0.9741913147993311,-0.1753448180131689,0.062402221271425584,0.1272491148881689
77,0.076904296875,-0.7188720703125,0.04638671875,-0.68927001953125,0.27056884765625,0.92181396484375,0.25885009765625,0.0997314453125,0.4896240234375,0.29705810546875,0.71820068359375,0.39501953125,0.682373046875,0.71282958984375,0.02386474609375,0.1597900390625,0.9381103515625,0.3358154296875,-0.06927490234375,0.04779052734375,0.9742431640625,-0.17529296875,0.06231689453125,0.12725830078125
78,0.076904296875,-0.7188720703125,0.04638671875,-0.68927001953125,0.27044677734375,0.9217529296875,0.25909423828125,0.09979248046875,0.489501953125,0.29718017578125,0.71820068359375,0.3951416015625,0.682373046875,0.71282958984375,0.02386474609375,0.1597900390625,0.9381103515625,0.33585258152173914,-0.06920059867527174,0.04786483101222826,0.9742431640625,-0.17521866508152173,0.06231689453125,0.12729545261548914
79,0.07696533203125,-0.71881103515625,0.04632568359375,-0.6893310546875,0.2704794382969273,0.9217529296875,0.2591836476405727,0.099853515625,0.48956298828125,0.297119140625,0.71820068359375,0.3951416015625,0.68243408203125,0.71270751953125,0.02392578125,0.16021728515625,0.9381103515625,0.33575439453125,-0.0692138671875,0.04791259765625,0.9742431640625,-0.17523193359375,0.062255859375,0.1273193359375
80,0.07696533203125,-0.71881103515625,0.04632568359375,-0.6893310546875,0.2703857421875,0.9217529296875,0.25927734375,0.099853515625,0.48944091796875,0.29718017578125,0.71826171875,0.3951416015625,0.68243408203125,0.71270751953125,0.02392578125,0.16021728515625,0.9381103515625,0.33577684893655935,-0.0692138671875,0.04795750646686873,0.9742431640625,-0.17523193359375,0.062255859375,0.1273193359375
81,0.076904296875,-0.71868896484375,0.0462646484375,-0.689453125,0.2703706364966555,0.92169189453125,0.25932266082253347,0.10002151540290552,0.48956298828125,0.29705810546875,0.71820068359375,0.39520263671875,0.68243408203125,0.712646484375,0.02423095703125,0.16058349609375,0.9381103515625,0.33575439453125,-0.0693359375,0.04815673828125,0.9742431640625,-0.17523193359375,0.06207275390625,0.12738037109375
82,0.076904296875,-0.71868896484375,0.0462646484375,-0.689453125,0.27032470703125,0.92169189453125,0.25946044921875,0.0999755859375,0.4893798828125,0.2969970703125,0.71832275390625,0.395263671875,0.68243408203125,0.712646484375,0.02423095703125,0.16058349609375,0.9381103515625,0.3357621515076296,-0.06926612471258363,0.04818000921038879,0.9742431640625,-0.17520866266461121,0.06211929576452758,0.12738037109375
83,0.0767822265625,-0.71856689453125,0.04608154296875,-0.68963623046875,0.2703853339255853,0.92156982421875,0.2596451877351589,0.10021727699101171,0.48944091796875,0.2967529296875,0.71832275390625,0.3953857421875,0.68243408203125,0.71246337890625,0.02459716796875,0.1611328125,0.9381103515625,0.33575439453125,-0.06884765625,0.048583984375,0.9742431640625,-0.17510986328125,0.062255859375,0.1275634765625
84,0.0767822265625,-0.71856689453125,0.04608154296875,-0.68963623046875,0.27032470703125,0.92156982421875,0.2598876953125,0.099853515625,0.48907470703125,0.29705810546875,0.718505859375,0.39520263671875,0.68243408203125,0.71246337890625,0.02459716796875,0.1611328125,0.9381103515625,0.33575439453125,-0.06884765625,0.048583984375,0.9742431640625,-0.17510986328125,0.062255859375,0.1275634765625
85,0.07659912109375,-0.71844482421875,0.0460205078125,-0.68975830078125,0.270263671875,0.9215087890625,0.260009765625,0.10009765625,0.48907470703125,0.296875,0.71844482421875,0.3953857421875,0.68231201171875,0.7125244140625,0.025146484375,0.16143798828125,0.93804931640625,0.33587646484375,-0.0687255859375,0.04888916015625,0.9742431640625,-0.175048828125,0.062255859375,0.12744140625
86,0.07659912109375,-0.71844482421875,0.0460205078125,-0.68975830078125,0.27008056640625,0.92156982421875,0.26019287109375,0.099609375,0.48883056640625,0.29730224609375,0.71856689453125,0.39520263671875,0.68231201171875,0.7125244140625,0.025146484375,0.16143798828125,0.93804931640625,0.33587646484375,-0.0687255859375,0.04888916015625,0.9742431640625,-0.17500943085022994,0.06257103757316053,0.12740200897522994
87,0.07635498046875,-0.71826171875,0.0458984375,-0.69000244140625,0.27008056640625,0.9215087890625,0.2603759765625,0.0999755859375,0.4888916015625,0.2969970703125,0.718505859375,0.3955078125,0.68218994140625,0.7125244140625,0.0257568359375,0.161865234375,0.93804931640625,0.33599853515625,-0.0682373046875,0.04925537109375,0.9742431640625,-0.17498779296875,0.0623779296875,0.1275634765625
88,0.07635498046875,-0.71826171875,0.0458984375,-0.69000244140625,0.269775390625,0.92156982421875,0.26068115234375,0.0994873046875,0.488525390625,0.29718017578125,0.71875,0.3953857421875,0.68218994140625,0.7125244140625,0.0257568359375,0.161865234375,0.93804931640625,0.33599853515625,-0.0682373046875,0.04925537109375,0.9742184642166597,-0.1749630931229097,0.0625755284542224,0.1276375761000209
89,0.07623291015625,-0.71795654296875,0.0458984375,-0.6903076171875,0.26983642578125,0.9215087890625,0.26068115234375,0.0999755859375,0.48876953125,0.29693603515625,0.71856689453125,0.39556884765625,0.68212890625,0.71240234375,0.0260009765625,0.16241455078125,0.93804931640625,0.3360595703125,-0.068115234375,0.04974365234375,0.97418212890625,-0.1749267578125,0.06243896484375,0.12774658203125
90,0.07623291015625,-0.71795654296875,0.0458984375,-0.6903076171875,0.269775390625,0.92138671875,0.2611083984375,0.0997314453125,0.4884033203125,0.296875,0.71881103515625,0.39569091796875,0.68212890625,0.71240234375,0.0260009765625,0.16241455078125,0.93804931640625,0.3360595703125,-0.068115234375,0.04974365234375,0.97418212890625,-0.17491675539558946,0.06249897934521321,0.12776658686507106
91,0.076171875,-0.71771240234375,0.04595947265625,-0.69061279296875,0.26983642578125,0.92138671875,0.26104736328125,0.10009765625,0.4886474609375,0.29669189453125,0.71856689453125,0.39581298828125,0.68212890625,0.7122802734375,0.026123046875,0.1632080078125,0.93798828125,0.3360595703125,-0.0679931640625,0.05029296875,0.9742431640625,-0.17486572265625,0.06243896484375,0.12786865234375
92,0.076171875,-0.71771240234375,0.04595947265625,-0.69061279296875,0.269775390625,0.92132568359375,0.2613525390625,0.10009765625,0.48858642578125,0.29638671875,0.71868896484375,0.39599609375,0.68212890625,0.7122802734375,0.026123046875,0.1632080078125,0.93798828125,0.3360595703125,-0.0679931640625,0.05029296875,0.9742431640625,-0.17486572265625,0.06243896484375,0.12786865234375
93,0.07623291015625,-0.71746826171875,0.0460205078125,-0.6907958984375,0.2698974609375,0.9212646484375,0.26116943359375,0.100341796875,0.48883056640625,0.29632568359375,0.71856689453125,0.39599609375,0.6822509765625,0.71197509765625,0.0260009765625,0.16387939453125,0.93798828125,0.3359375,-0.068115234375,0.05096435546875,0.97418212890625,-0.1749267578125,0.0625,0.1280517578125
94,0.07623291015625,-0.71746826171875,0.0460205078125,-0.6907958984375,0.269775390625,0.9212646484375,0.261474609375,0.100341796875,0.48858642578125,0.296142578125,0.71868896484375,0.39617919921875,0.6822509765625,0.71197509765625,0.0260009765625,0.16387939453125,0.93798828125,0.3359375,-0.068115234375,0.05096435546875,0.97418212890625,-0.1749267578125,0.0625,0.1280517578125
95,0.07611083984375,-0.71728515625,0.04595947265625,-0.69097900390625,0.269775390625,0.92120361328125,0.26153564453125,0.10064697265625,0.48870849609375,0.29595947265625,0.71856689453125,0.39630126953125,0.68218994140625,0.7119140625,0.02630615234375,0.16436767578125,0.93798828125,0.33587646484375,-0.06787109375,0.0513916015625,0.97418212890625,-0.17486572265625,0.06231689453125,0.128173828125
96,0.07611083984375,-0.71728515625,0.04595947265625,-0.69097900390625,0.269775390625,0.921142578125,0.26171875,0.10040283203125,0.48846435546875,0.29608154296875,0.7188720703125,0.39605712890625,0.68218994140625,0.7119140625,0.02630615234375,0.16436767578125,0.93798828125,0.33587646484375,-0.06787109375,0.0513916015625,0.9741551836198787,-0.17489266794262123,0.06264023796770486,0.12814688283862877
97,0.07586669921875,-0.71710205078125,0.0460205078125,-0.69122314453125,0.2696533203125,0.921142578125,0.26171875,0.10076904296875,0.48858642578125,0.29595947265625,0.7186279296875,0.3963623046875,0.68218994140625,0.71185302734375,0.026611328125,0.1646728515625,0.93798828125,0.3359375,-0.0675048828125,0.05169677734375,0.97418212890625,-0.1748046875,0.062744140625,0.128173828125
98,0.07586669921875,-0.71710205078125,0.0460205078125,-0.69122314453125,0.26971435546875,0.92108154296875,0.26214599609375,0.100341796875,0.48828125,0.29595947265625,0.71893310546875,0.39617919921875,0.68218994140625,0.71185302734375,0.026611328125,0.1646728515625,0.93798828125,0.3359375,-0.0675048828125,0.05169677734375,0.9741698810488085,-0.17479243964255853,0.06280537991220736,0.128173828125
99,0.07562255859375,-0.71685791015625,0.0460205078125,-0.6915283203125,0.26971435546875,0.9210205078125,0.26214599609375,0.10076904296875,0.48846435546875,0.2957763671875,0.71875,0.39654541015625,0.68206787109375,0.7117919921875,0.027099609375,0.1654052734375,0.93792724609375,0.3360595703125,-0.0672607421875,0.05230712890625,0.97418212890625,-0.1746826171875,0.0626220703125,0.1282958984375
100,0.07562255859375,-0.71685791015625,0.0460205078125,-0.6915283203125,0.26971435546875,0.9208984375,0.26263427734375,0.10064697265625,0.4881591796875,0.29547119140625,0.718994140625,0.39654541015625,0.68206787109375,0.7117919921875,0.027099609375,0.1654052734375,0.93792724609375,0.3360595703125,-0.0672607421875,0.05230712890625,0.97418212890625,-0.1746826171875,0.0626220703125,0.1282958984375
101,0.075439453125,-0.7166748046875,0.04595947265625,-0.69171142578125,0.26971435546875,0.92083740234375,0.26275634765625,0.1009521484375,0.48828125,0.2952880859375,0.71893310546875,0.39678955078125,0.6820068359375,0.711669921875,0.0277099609375,0.16607666015625,0.93792724609375,0.3360595703125,-0.0670166015625,0.05279541015625,0.97418212890625,-0.174560546875,0.06268310546875,0.12847900390625
102,0.075439453125,-0.7166748046875,0.04595947265625,-0.69171142578125,0.2698974609375,0.9207763671875,0.26287841796875,0.10064697265625,0.48828125,0.29510498046875,0.7191162109375,0.3966064453125,0.6820068359375,0.711669921875,0.0277099609375,0.16607666015625,0.93792724609375,0.3360595703125,-0.0670166015625,0.05279541015625,0.97418212890625,-0.174560546875,0.06268310546875,0.12847900390625
103,0.0751953125,-0.716552734375,0.04595947265625,-0.69183349609375,0.269775390625,0.9207763671875,0.262939453125,0.10089111328125,0.48828125,0.29498291015625,0.718994140625,0.3968505859375,0.68194580078125,0.7115478515625,0.0283203125,0.1666259765625,0.93792724609375,0.3360595703125,-0.06658935546875,0.05328369140625,0.97418212890625,-0.17449951171875,0.06280517578125,0.12860107421875
104,0.0751953125,-0.716552734375,0.04595947265625,-0.69183349609375,0.2698974609375,0.92071533203125,0.262939453125,0.10064697265625,0.48834228515625,0.29510498046875,0.71905517578125,0.3966064453125,0.68194580078125,0.7115478515625,0.0283203125,0.1666259765625,0.93792724609375,0.3360595703125,-0.06658935546875,0.05328369140625,0.97418212890625,-0.17449951171875,0.06280517578125,0.12860107421875
105,0.0750732421875,-0.716552734375,0.04595947265625,-0.69189453125,0.26983642578125,0.92071533203125,0.26300048828125,0.10076904296875,0.48828125,0.2950439453125,0.71905517578125,0.396728515625,0.68194580078125,0.71142578125,0.02862548828125,0.1668701171875,0.93792724609375,0.336181640625,-0.06622314453125,0.05340576171875,0.97418212890625,-0.1744384765625,0.06317138671875,0.12841796875
106,0.0750732421875,-0.716552734375,0.04595947265625,-0.69189453125,0.2696533203125,0.9207763671875,0.26312255859375,0.10064697265625,0.4881591796875,0.2952880859375,0.71893310546875,0.3968505859375,0.68194580078125,0.71142578125,0.02862548828125,0.1668701171875,0.93792724609375,0.336181640625,-0.06622314453125,0.05340576171875,0.97418212890625,-0.1744384765625,0.06317138671875,0.12841796875
107,0.07513427734375,-0.71636962890625,0.04583740234375,-0.69207763671875,0.26983642578125,0.92071533203125,0.26312255859375,0.100830078125,0.48834228515625,0.2950439453125,0.71893310546875,0.3968505859375,0.68194580078125,0.71136474609375,0.02886962890625,0.16741943359375,0.93792724609375,0.336181640625,-0.066162109375,0.05364990234375,0.9742431640625,-0.17431640625,0.06298828125,0.12835693359375
108,0.07513427734375,-0.71636962890625,0.04583740234375,-0.69207763671875,0.2695322706547868,0.9206545010059574,0.2635483757707985,0.10089090915029264,0.48797729900449416,0.29498311428720736,0.7190547675193353,0.3971547410639632,0.68194580078125,0.71136474609375,0.02886962890625,0.16741943359375,0.93792724609375,0.336181640625,-0.066162109375,0.05364990234375,0.9742431640625,-0.17431640625,0.06298828125,0.12835693359375
109,0.0751953125,-0.716064453125,0.0457763671875,-0.6923828125,0.269775390625,0.92059326171875,0.26348876953125,0.10125732421875,0.48834228515625,0.29473876953125,0.7188720703125,0.39715576171875,0.6820068359375,0.7110595703125,0.0289306640625,0.16827392578125,0.93792724609375,0.33599853515625,-0.06622314453125,0.0543212890625,0.97418212890625,-0.17431640625,0.06298828125,0.1285400390625
110,0.0751953125,-0.716064453125,0.0457763671875,-0.6923828125,0.26972925702863715,0.9205009945260243,0.26385783830215304,0.10116505702602424,0.4880654835780727,0.2944619679530727,0.7191488718906772,0.39720189531511285,0.6820068359375,0.7110595703125,0.0289306640625,0.16827392578125,0.93792724609375,0.33599853515625,-0.06622314453125,0.0543212890625,0.97418212890625,-0.17431640625,0.06298828125,0.1285400390625
111,0.07513427734375,-0.71575927734375,0.04595947265625,-0.69268798828125,0.26971435546875,0.92047119140625,0.26373291015625,0.1015625,0.48828125,0.2943115234375,0.718994140625,0.39739990234375,0.68206787109375,0.7108154296875,0.02923583984375,0.16925048828125,0.93792724609375,0.33587646484375,-0.0657958984375,0.05523681640625,0.97412109375,-0.17431640625,0.0635986328125,0.12884521484375
112,0.07513427734375,-0.71575927734375,0.04595947265625,-0.69268798828125,0.2698086639710493,0.9204397552388169,0.26389009099341554,0.10143675533026757,0.4881869414977007,0.2943115234375,0.7190884491272993,0.39733703000888376,0.68206787109375,0.7108154296875,0.02923583984375,0.16925048828125,0.93792724609375,0.33587646484375,-0.0657958984375,0.05523681640625,0.97412109375,-0.17431640625,0.0635986328125,0.12884521484375
113,0.0750732421875,-0.715576171875,0.0460205078125,-0.69287109375,0.2698974609375,0.92034912109375,0.26397705078125,0.1015625,0.48822021484375,0.294189453125,0.71905517578125,0.39739990234375,0.68206787109375,0.71063232421875,0.02947998046875,0.16986083984375,0.93792724609375,0.3359375,-0.0654296875,0.05572509765625,0.97412109375,-0.1741943359375,0.06378173828125,0.12884521484375
114,0.0750732421875,-0.715576171875,0.0460205078125,-0.69287109375,0.2698974609375,0.9202880859375,0.26409912109375,0.10162353515625,0.48828125,0.2940673828125,0.71905517578125,0.39739990234375,0.68206787109375,0.71063232421875,0.02947998046875,0.16986083984375,0.93792724609375,0.3359375,-0.0654296875,0.05572509765625,0.97412109375,-0.1741943359375,0.06378173828125,0.12884521484375
115,0.07501220703125,-0.71551513671875,0.0460205078125,-0.69293212890625,0.2698974609375,0.9202880859375,0.26409912109375,0.1016845703125,0.48828125,0.29400634765625,0.71905517578125,0.3974609375,0.68218994140625,0.71038818359375,0.02960205078125,0.17022705078125,0.93792724609375,0.3358154296875,-0.06524658203125,0.05609130859375,0.97412109375,-0.17413330078125,0.06365966796875,0.12890625
116,0.07501220703125,-0.71551513671875,0.0460205078125,-0.69293212890625,0.2701416015625,0.92022705078125,0.2642822265625,0.1014404296875,0.48822021484375,0.29400634765625,0.71923828125,0.397216796875,0.68218994140625,0.71038818359375,0.02960205078125,0.17022705078125,0.93792724609375,0.3358154296875,-0.06524658203125,0.05609130859375,0.97412109375,-0.17413330078125,0.06365966796875,0.12890625
117,0.07476806640625,-0.7154541015625,0.04620361328125,-0.69305419921875,0.2698974609375,0.9202880859375,0.2642822265625,0.1016845703125,0.48822021484375,0.2940673828125,0.71905517578125,0.39752197265625,0.68206787109375,0.71038818359375,0.02996826171875,0.17047119140625,0.93792724609375,0.3358154296875,-0.06512451171875,0.05621337890625,0.97412109375,-0.1741943359375,0.06378173828125,0.12896728515625
118,0.07476806640625,-0.7154541015625,0.04620361328125,-0.69305419921875,0.2700425980481814,0.9202397069006062,0.2642338475256062,0.10149105416492474,0.48822021484375,0.2941157618493938,0.7192003128919314,0.3972316984348871,0.68206787109375,0.71038818359375,0.02996826171875,0.17047119140625,0.93792724609375,0.3358154296875,-0.06512451171875,0.05621337890625,0.97412109375,-0.1741943359375,0.06378173828125,0.12896728515625
119,0.0745849609375,-0.71539306640625,0.0462646484375,-0.693115234375,0.26995849609375,0.9202880859375,0.26422119140625,0.1015625,0.48822021484375,0.29412841796875,0.7191162109375,0.3973388671875,0.68212890625,0.7103271484375,0.03009033203125,0.170654296875,0.93798828125,0.33575439453125,-0.06488037109375,0.056396484375,0.97406005859375,-0.17413330078125,0.0638427734375,0.12908935546875
120,0.0745849609375,-0.71539306640625,0.0462646484375,-0.693115234375,0.27005954091764217,0.9202207227215718,0.26432223623014217,0.10152881839203595,0.48811917001985783,0.29412841796875,0.7192172557613922,0.3972715039715719,0.68212890625,0.7103271484375,0.03009033203125,0.170654296875,0.93798828125,0.33575439453125,-0.06488037109375,0.056396484375,0.97406005859375,-0.17413330078125,0.0638427734375,0.12908935546875
121,0.07452392578125,-0.71527099609375,0.04632568359375,-0.6932373046875,0.2701416015625,0.920166015625,0.26434326171875,0.1016845703125,0.48809814453125,0.2940673828125,0.71917724609375,0.3973388671875,0.68212890625,0.710205078125,0.0302734375,0.17108154296875,0.93792724609375,0.3358154296875,-0.0648193359375,0.05670166015625,0.97412109375,-0.17401123046875,0.0638427734375,0.1290283203125
122,0.07452392578125,-0.71527099609375,0.04632568359375,-0.6932373046875,0.2701226173834657,0.9201280472669314,0.26445716679295567,0.10174152284960285,0.4880601761731814,0.29395347773829433,0.7192531828098871,0.3973768355455686,0.68212890625,0.710205078125,0.0302734375,0.17108154296875,0.93792724609375,0.3358154296875,-0.0648193359375,0.05670166015625,0.97412109375,-0.17401123046875,0.0638427734375,0.1290283203125
123,0.074462890625,-0.715087890625,0.04632568359375,-0.69342041015625,0.2701416015625,0.9200439453125,0.2646484375,0.10211181640625,0.48809814453125,0.2935791015625,0.71929931640625,0.3975830078125,0.68212890625,0.71002197265625,0.0303955078125,0.1717529296875,0.93792724609375,0.3358154296875,-0.064697265625,0.0572509765625,0.97406005859375,-0.17401123046875,0.06396484375,0.12921142578125
124,0.074462890625,-0.715087890625,0.04632568359375,-0.69342041015625,0.2701416015625,0.9200396585623954,0.26466558450041805,0.10210752965614549,0.48808099753083195,0.2935748148123955,0.7193121766565636,0.3975830078125,0.6821331930001046,0.710013399156041,0.030412654812918063,0.17177007668791808,0.93792724609375,0.3358154296875,-0.064697265625,0.0572509765625,0.97406005859375,-0.17401123046875,0.06396484375,0.12921142578125
125,0.074462890625,-0.71502685546875,0.04644775390625,-0.6934814453125,0.2701416015625,0.91998291015625,0.2647705078125,0.10211181640625,0.48797607421875,0.2935791015625,0.7193603515625,0.39764404296875,0.68218994140625,0.7099609375,0.030517578125,0.1719970703125,0.93792724609375,0.335693359375,-0.06475830078125,0.057373046875,0.97406005859375,-0.174072265625,0.06414794921875,0.1292724609375
126,0.074462890625,-0.71502685546875,0.04644775390625,-0.6934814453125,0.2701416015625,0.91998291015625,0.2647705078125,0.10211181640625,0.48797607421875,0.2935791015625,0.7193603515625,0.39764404296875,0.68218994140625,0.7099609375,0.030517578125,0.1719970703125,0.93792724609375,0.335693359375,-0.06475830078125,0.057373046875,0.97406005859375,-0.174072265625,0.06414794921875,0.1292724609375
127,0.07452392578125,-0.715087890625,0.04638671875,-0.69342041015625,0.2701416015625,0.9200439453125,0.2646484375,0.1019287109375,0.488037109375,0.29376220703125,0.71929931640625,0.39752197265625,0.68218994140625,0.7099609375,0.030517578125,0.171875,0.93792724609375,0.33575439453125,-0.064697265625,0.0572509765625,0.97412109375,-0.1739501953125,0.0640869140625,0.12896728515625
128,0.07452392578125,-0.715087890625,0.04638671875,-0.69342041015625,0.2701416015625,0.9200439453125,0.2646484375,0.1019287109375,0.488037109375,0.29376220703125,0.71929931640625,0.39752197265625,0.68218994140625,0.7099609375,0.030517578125,0.171875,0.93792724609375,0.33575439453125,-0.064697265625,0.0572509765625,0.97412109375,-0.1739501953125,0.0640869140625,0.12896728515625
129,0.07452392578125,-0.715087890625,0.04632568359375,-0.6934814453125,0.27001953125,0.9200439453125,0.2647705078125,0.1019287109375,0.48822021484375,0.29376220703125,0.71917724609375,0.39752197265625,0.68218994140625,0.70989990234375,0.0306396484375,0.17205810546875,0.93798828125,0.33563232421875,-0.06463623046875,0.05731201171875,0.97412109375,-0.1739501953125,0.0640869140625,0.12890625
130,0.07452392578125,-0.715087890625,0.04632568359375,-0.6934814453125,0.27001953125,0.9200439453125,0.2647705078125,0.1019287109375,0.48822021484375,0.29376220703125,0.71917724609375,0.39752197265625,0.68218994140625,0.70989990234375,0.0306396484375,0.17205810546875,0.93798828125,0.33563232421875,-0.06463623046875,0.05731201171875,0.97412109375,-0.1739501953125,0.0640869140625,0.12890625
131,0.0743408203125,-0.71484375,0.04644775390625,-0.6937255859375,0.26983642578125,0.91998291015625,0.2650146484375,0.102294921875,0.48809814453125,0.2935791015625,0.71917724609375,0.3978271484375,0.68218994140625,0.70977783203125,0.0306396484375,0.172607421875,0.93798828125,0.33563232421875,-0.064453125,0.05780029296875,0.97406005859375,-0.17401123046875,0.06427001953125,0.12908935546875
132,0.0743408203125,-0.71484375,0.04644775390625,-0.6937255859375,0.26983642578125,0.91998291015625,0.2650146484375,0.102294921875,0.48805895138743727,0.2935464406093227,0.7192164392375627,0.3978271484375,0.68218994140625,0.70977783203125,0.0306396484375,0.172607421875,0.93798828125,0.33563232421875,-0.064453125,0.05780029296875,0.97406005859375,-0.17401123046875,0.06427001953125,0.12908935546875
133,0.07422038304765886,-0.7146028754703178,0.046688628435932265,-0.6939664604671822,0.2697770236726589,0.9199210584761706,0.2653222737902383,0.10259438198944397,0.48797280812343224,0.29327392578125,0.7192423638691472,0.39806802296718224,0.6820695041414089,0.7097159803511706,0.030887871681647163,0.1732763590222617,0.9379280626175794,0.33557210558632944,-0.06439290636757944,0.058462697925376235,0.9739998399613294,-0.17401123046875,0.0644506754285117,0.1294506672632734
134,0.07421875,-0.714599609375,0.04669189453125,-0.6939697265625,0.269775390625,0.919921875,0.26531982421875,0.10260009765625,0.48797607421875,0.29327392578125,0.71923828125,0.3980712890625,0.68206787109375,0.709716796875,0.0308837890625,0.17327880859375,0.93792724609375,0.3355712890625,-0.06439208984375,0.0584716796875,0.9739990234375,-0.17401123046875,0.064453125,0.12945556640625
135,0.07421875,-0.7145540881715092,0.0467829369382316,-0.6940152477659908,0.26991297489025917,0.9197998046875,0.2654118872805184,0.1026456188597408,0.4880671166257316,0.29319737667224083,0.7192537952027592,0.39805577510974083,0.68218994140625,0.7095792126097408,0.030625155139527595,0.1734619140625,0.93792724609375,0.3355712890625,-0.064619695861204,0.0584261584840092,0.9740445446409908,-0.17401123046875,0.0642710401860368,0.12945556640625
136,0.07421875,-0.71453857421875,0.04681396484375,-0.69403076171875,0.2698974609375,0.9197998046875,0.265380859375,0.1026611328125,0.48809814453125,0.293212890625,0.71923828125,0.3980712890625,0.68218994140625,0.7095947265625,0.03057861328125,0.1734619140625,0.93792724609375,0.3355712890625,-0.064697265625,0.05841064453125,0.97406005859375,-0.17401123046875,0.064208984375,0.12945556640625
137,0.07403564453125,-0.7144775390625,0.04693603515625,-0.69403076171875,0.2698974609375,0.9197998046875,0.26544189453125,0.1026611328125,0.48822021484375,0.2930908203125,0.7191162109375,0.398193359375,0.68218994140625,0.7095947265625,0.03076171875,0.1734619140625,0.9379278584866221,0.33563109943300584,-0.06463561807587793,0.05841003213837793,0.97406005859375,-0.17401123046875,0.06402587890625,0.12939453125
138,0.07403564453125,-0.7144775390625,0.04693603515625,-0.69403076171875,0.2698974609375,0.9197998046875,0.26544189453125,0.1026611328125,0.48822021484375,0.2930908203125,0.7191162109375,0.398193359375,0.68218994140625,0.7095947265625,0.03076171875,0.1734619140625,0.93798828125,0.33551025390625,-0.0645751953125,0.058349609375,0.97406005859375,-0.17401123046875,0.06402587890625,0.12939453125
139,0.07379150390625,-0.7144775390625,0.04718017578125,-0.694091796875,0.2698974609375,0.91986083984375,0.265380859375,0.1026611328125,0.48822021484375,0.29315185546875,0.7191162109375,0.39813232421875,0.68218994140625,0.70953369140625,0.03082275390625,0.17352294921875,0.9378984636287625,0.3357186716137124,-0.06457172508622493,0.05838186206626254,0.97406005859375,-0.174072265625,0.06439208984375,0.12933349609375
140,0.07379150390625,-0.7144775390625,0.04718017578125,-0.694091796875,0.2698974609375,0.91986083984375,0.265380859375,0.1026611328125,0.4882114372125836,0.29315185546875,0.7191513214621655,0.3980796584317517,0.68218994140625,0.70953369140625,0.03082275390625,0.17352294921875,0.93798828125,0.33544921875,-0.06439208984375,0.0584716796875,0.97406005859375,-0.174072265625,0.06439208984375,0.12933349609375
141,0.073486328125,-0.71441650390625,0.04730224609375,-0.69415283203125,0.26995849609375,0.9197998046875,0.26544189453125,0.1026611328125,0.48809814453125,0.29315185546875,0.71917724609375,0.3980712890625,0.68218994140625,0.70947265625,0.031005859375,0.17376708984375,0.9378676398542015,0.3357501077811455,-0.06450844448944398,0.05859375,0.97406005859375,-0.1739501953125,0.0643310546875,0.12945556640625
142,0.073486328125,-0.71441650390625,0.04730224609375,-0.69415283203125,0.26995849609375,0.9197998046875,0.26544189453125,0.1026611328125,0.48809814453125,0.29315185546875,0.71917724609375,0.3980712890625,0.68218994140625,0.70947265625,0.031005859375,0.17376708984375,0.93792724609375,0.3355712890625,-0.06427001953125,0.05859375,0.97406005859375,-0.1739501953125,0.0643310546875,0.12945556640625
143,0.07330322265625,-0.71429443359375,0.04742431640625,-0.69427490234375,0.27001953125,0.91973876953125,0.26556396484375,0.10284423828125,0.48809814453125,0.29296875,0.71917724609375,0.398193359375,0.68218994140625,0.70941162109375,0.0311279296875,0.17413330078125,0.9379617442255435,0.3355155613111413,-0.06426205842391304,0.05884585173233696,0.9740122919497283,-0.17395815641983695,0.06437351392663043,0.12945556640625
144,0.07330322265625,-0.71429443359375,0.04742431640625,-0.69427490234375,0.27001953125,0.91973876953125,0.26556396484375,0.10284423828125,0.48809814453125,0.29296875,0.71917724609375,0.398193359375,0.68218994140625,0.70941162109375,0.0311279296875,0.17413330078125,0.93798828125,0.33544921875,-0.064208984375,0.05889892578125,0.9739990234375,-0.17401123046875,0.064453125,0.12945556640625
145,0.072998046875,-0.7142333984375,0.04754638671875,-0.69439697265625,0.27001953125,0.919677734375,0.2657470703125,0.102783203125,0.4879150390625,0.29290771484375,0.71929931640625,0.3983154296875,0.68212890625,0.7093505859375,0.03143310546875,0.17449951171875,0.937932349367684,0.33558904845579013,-0.06409957018185619,0.059054065308841976,0.97406005859375,-0.1738383315478679,0.06440229639161789,0.1294784290734741
146,0.072998046875,-0.7142333984375,0.04754638671875,-0.69439697265625,0.27001953125,0.919677734375,0.2657470703125,0.102783203125,0.4879150390625,0.29290771484375,0.71929931640625,0.3983154296875,0.68212890625,0.7093505859375,0.03143310546875,0.17449951171875,0.93798828125,0.33544921875,-0.06390380859375,0.05908203125,0.97406005859375,-0.1739501953125,0.06451416015625,0.12939453125
147,0.07269287109375,-0.714111328125,0.047607421875,-0.69451904296875,0.26995849609375,0.91961669921875,0.26605224609375,0.10272216796875,0.48785400390625,0.29290771484375,0.71929931640625,0.39837646484375,0.68218994140625,0.709228515625,0.0316162109375,0.1748046875,0.9379029545098244,0.33558312865802675,-0.06403179870401338,0.05928350850491221,0.9739990234375,-0.174072265625,0.064453125,0.12945556640625
148,0.07269287109375,-0.714111328125,0.047607421875,-0.69451904296875,0.26995849609375,0.91961669921875,0.26605224609375,0.10272216796875,0.48785400390625,0.29290771484375,0.71929931640625,0.39837646484375,0.68218994140625,0.709228515625,0.0316162109375,0.1748046875,0.93798828125,0.3353271484375,-0.06390380859375,0.059326171875,0.9739990234375,-0.174072265625,0.064453125,0.12945556640625
149,0.0721435546875,-0.71405029296875,0.0478515625,-0.69464111328125,0.2696533203125,0.919677734375,0.2662353515625,0.1025390625,0.4874267578125,0.29327392578125,0.7193603515625,0.3984375,0.6820068359375,0.7093505859375,0.03204345703125,0.17498779296875,0.9378161988529473,0.3357933835441054,-0.06397811226222827,0.05956663814276756,0.9739990234375,-0.1739501953125,0.064697265625,0.1295166015625
150,0.0721435546875,-0.71405029296875,0.0478515625,-0.69464111328125,0.2696533203125,0.919677734375,0.2662353515625,0.1025390625,0.4874267578125,0.29327392578125,0.7193603515625,0.3984375,0.6820068359375,0.7093505859375,0.03204345703125,0.17498779296875,0.93798828125,0.33544921875,-0.063232421875,0.05950927734375,0.9739990234375,-0.1739501953125,0.064697265625,0.1295166015625
151,0.07189349426473661,-0.71405029296875,0.04800159875365803,-0.6946911253658027,0.2695532961433946,0.9197277464595527,0.2662353515625,0.10223898999268394,0.4873157105716973,0.2935680784908027,0.7194544559338419,0.3981992791727634,0.6819288579117893,0.7093675288069607,0.03254276135294732,0.17496574682535534,0.9378882570808946,0.3356992791727634,-0.06328243395955267,0.05955928942830268,0.9739990234375,-0.17385017114339466,0.06499733813231606,0.1295166015625
152,0.07183837890625,-0.71405029296875,0.04803466796875,-0.6947021484375,0.26953125,0.91973876953125,0.2662353515625,0.1021728515625,0.4873046875,0.2935791015625,0.71942138671875,0.39825439453125,0.681884765625,0.70941162109375,0.03253173828125,0.17498779296875,0.93792724609375,0.33563232421875,-0.06292724609375,0.0596923828125,0.9739990234375,-0.173828125,0.0650634765625,0.1295166015625
153,0.0718994140625,-0.7139892578125,0.0479736328125,-0.6947021484375,0.26971435546875,0.91961669921875,0.26641845703125,0.10235595703125,0.48736572265625,0.293701171875,0.71942138671875,0.39813232421875,0.6820068359375,0.709228515625,0.03253173828125,0.1751708984375,0.93798828125,0.3355712890625,-0.06298828125,0.0596923828125,0.9740343380931229,-0.17381853084500418,0.06475523881688965,0.1294812869068771
154,0.0718994140625,-0.7139892578125,0.0479736328125,-0.6947021484375,0.26971435546875,0.91961669921875,0.26641845703125,0.10235595703125,0.48736572265625,0.293701171875,0.71942138671875,0.39813232421875,0.6820068359375,0.709228515625,0.03253173828125,0.1751708984375,0.93792724609375,0.3355712890625,-0.0633544921875,0.05963134765625,0.97406005859375,-0.17376708984375,0.0645751953125,0.12945556640625
155,0.07171630859375,-0.7139892578125,0.048095703125,-0.69476318359375,0.26971435546875,0.9195556640625,0.2666015625,0.1024169921875,0.48736572265625,0.29376220703125,0.71942138671875,0.39813232421875,0.68194580078125,0.709228515625,0.03253173828125,0.17547607421875,0.9378662109375,0.33575439453125,-0.06341552734375,0.0596923828125,0.9741004765233069,-0.1736870705084657,0.06457682836015888,0.1294753671091137
156,0.07171630859375,-0.7139892578125,0.048095703125,-0.69476318359375,0.26971435546875,0.9195556640625,0.2666015625,0.1024169921875,0.48736572265625,0.29376220703125,0.71942138671875,0.39813232421875,0.6819856063179348,0.7091754415760869,0.03267769191576084,0.1755026112432065,0.93798828125,0.33544921875,-0.0631103515625,0.05987548828125,0.97406005859375,-0.17388916015625,0.0648193359375,0.12939453125
157,0.07135009765625,-0.7138671875,0.04833984375,-0.69488525390625,0.2696533203125,0.9195556640625,0.2667236328125,0.10223388671875,0.48712158203125,0.29400634765625,0.719482421875,0.3980712890625,0.68182373046875,0.709228515625,0.03302001953125,0.17584228515625,0.9378170153767768,0.3357917504964465,-0.06325793824466974,0.06000939818927675,0.9741092541544732,-0.1735466284098035,0.06460479430131688,0.12946740600177675
158,0.07135009765625,-0.7138671875,0.04833984375,-0.69488525390625,0.2696533203125,0.9195556640625,0.2667236328125,0.10223388671875,0.48712158203125,0.29400634765625,0.719482421875,0.3980712890625,0.68182373046875,0.709228515625,0.03302001953125,0.17584228515625,0.93792724609375,0.3355712890625,-0.06292724609375,0.06011962890625,0.9739990234375,-0.17376708984375,0.06488037109375,0.12957763671875
159,0.07135009765625,-0.7138149299749164,0.04833984375,-0.6949375114313336,0.2696533203125,0.9195034065374164,0.26682814786266723,0.10233840176891723,0.4871128044000836,0.2940151252874164,0.7195522346624164,0.39801025390625,0.681884765625,0.7091152229436664,0.033211902631166385,0.17607764815008362,0.93792724609375,0.3355712890625,-0.06297950361883362,0.060171886431333615,0.9740512809625836,-0.17361031726849915,0.06456682594324832,0.12952537919366638
160,0.07135009765625,-0.71380615234375,0.04833984375,-0.6949462890625,0.2696533203125,0.91949462890625,0.266845703125,0.10235595703125,0.48712158203125,0.29400634765625,0.71954345703125,0.39801025390625,0.681884765625,0.7091064453125,0.033203125,0.17608642578125,0.9378662109375,0.335693359375,-0.063232421875,0.06005859375,0.97406005859375,-0.173583984375,0.06451416015625,0.1295166015625
161,0.0714111328125,-0.7137451171875,0.0482177734375,-0.69500732421875,0.26983642578125,0.91937255859375,0.26702880859375,0.10247802734375,0.48712158203125,0.29376220703125,0.7196044921875,0.39801025390625,0.6820068359375,0.70892333984375,0.03302001953125,0.176513671875,0.93792724609375,0.3355712890625,-0.06329345703125,0.06011962890625,0.97406005859375,-0.17384221003605768,0.064453125,0.1295166015625
162,0.0714111328125,-0.7137451171875,0.0482177734375,-0.69500732421875,0.26983642578125,0.91937255859375,0.26702880859375,0.10247802734375,0.48712158203125,0.29376220703125,0.7196044921875,0.39801025390625,0.6819464131741221,0.7088327056986831,0.03368466992840717,0.1769970539820234,0.93798828125,0.33526611328125,-0.063232421875,0.06024169921875,0.97406005859375,-0.17388916015625,0.064453125,0.1295166015625
163,0.071044921875,-0.7135009765625,0.04852294921875,-0.6953125,0.26959228515625,0.91937255859375,0.26727294921875,0.10272216796875,0.4869384765625,0.29376220703125,0.7196044921875,0.39825439453125,0.68157958984375,0.70892333984375,0.03399658203125,0.17779541015625,0.9378662109375,0.33563232421875,-0.06365966796875,0.0604248046875,0.9740982310827759,-0.17359153722042225,0.06428492109113713,0.1295166015625
164,0.071044921875,-0.7135009765625,0.04852294921875,-0.6953125,0.26959228515625,0.91937255859375,0.26727294921875,0.10272216796875,0.4869384765625,0.29376220703125,0.7196044921875,0.39825439453125,0.6816106177492683,0.7088302561271949,0.0342292913226379,0.1779660636366011,0.93798828125,0.33538818359375,-0.06280517578125,0.06072998046875,0.97406005859375,-0.1737060546875,0.0648193359375,0.1295166015625
165,0.07086181640625,-0.7132568359375,0.04864501953125,-0.695556640625,0.26959228515625,0.91925048828125,0.26763916015625,0.10284423828125,0.4866943359375,0.29345703125,0.7198486328125,0.3983154296875,0.68157958984375,0.7086181640625,0.03460693359375,0.17877197265625,0.9378662109375,0.3355712890625,-0.0631103515625,0.0609130859375,0.9741047632734113,-0.1736003148515886,0.06451028166806018,0.1295329320390886
166,0.07086181640625,-0.7132568359375,0.04864501953125,-0.695556640625,0.26959228515625,0.91925048828125,0.26763916015625,0.10284423828125,0.48669351941367056,0.29345621472617056,0.7198502658601589,0.3983154296875,0.68157958984375,0.70843505859375,0.03515625,0.17950439453125,0.93798828125,0.335205078125,-0.0628662109375,0.0614013671875,0.9739990234375,-0.1737060546875,0.06488037109375,0.129638671875
167,0.07086181640625,-0.71319580078125,0.04864501953125,-0.69561767578125,0.26959228515625,0.91925048828125,0.2677001953125,0.1029052734375,0.4866943359375,0.29339599609375,0.71990966796875,0.39837646484375,0.68157958984375,0.70843505859375,0.03515625,0.1795654296875,0.93798828125,0.335205078125,-0.06298828125,0.06146240234375,0.9739990234375,-0.1737060546875,0.0648193359375,0.129638671875
168,0.07086181640625,-0.71319580078125,0.04864501953125,-0.69561767578125,0.26959228515625,0.91925048828125,0.2677001953125,0.1029052734375,0.4866943359375,0.29339599609375,0.71990966796875,0.39837646484375,0.68157958984375,0.7083879043426003,0.035439175506897964,0.17961258393864965,0.93798828125,0.335205078125,-0.06280517578125,0.061279296875,0.97406005859375,-0.1737060546875,0.06475830078125,0.1292724609375
169,0.07073974609375,-0.71319580078125,0.048583984375,-0.69561767578125,0.26953125,0.91925048828125,0.26763916015625,0.102783203125,0.486572265625,0.29345703125,0.719970703125,0.3983154296875,0.68157958984375,0.7083740234375,0.03558349609375,0.1796875,0.93798828125,0.33526611328125,-0.062744140625,0.0614013671875,0.97406005859375,-0.1737060546875,0.064697265625,0.12945556640625
170,0.07073974609375,-0.71319580078125,0.048583984375,-0.69561767578125,0.26953125,0.91925048828125,0.26763916015625,0.102783203125,0.486572265625,0.29345703125,0.719970703125,0.3983154296875,0.68157958984375,0.7083415666152801,0.035680866560409696,0.1797848704666597,0.93804931640625,0.3350830078125,-0.0625,0.0614013671875,0.97406005859375,-0.173828125,0.0648193359375,0.12939453125
171,0.07061767578125,-0.71319580078125,0.04864501953125,-0.69561767578125,0.26934814453125,0.9193115234375,0.2677001953125,0.10272216796875,0.4864501953125,0.293701171875,0.719970703125,0.39825439453125,0.68145751953125,0.70843505859375,0.0357666015625,0.179931640625,0.93798828125,0.335205078125,-0.0625,0.06146240234375,0.974085166701505,-0.1737060546875,0.06480851699676003,0.1293300258674749
172,0.07061767578125,-0.71319580078125,0.04864501953125,-0.69561767578125,0.26934814453125,0.9193115234375,0.2677001953125,0.10272216796875,0.48641467652591974,0.29373669066158026,0.719970703125,0.39827215392454013,0.681396484375,0.70843505859375,0.03607177734375,0.17999267578125,0.93804931640625,0.33514404296875,-0.0625,0.06134033203125,0.97412109375,-0.1737060546875,0.06488037109375,0.129150390625
173,0.07061767578125,-0.713134765625,0.04864501953125,-0.6956787109375,0.269287109375,0.91925048828125,0.267822265625,0.1029052734375,0.48638916015625,0.2938232421875,0.71990966796875,0.3983154296875,0.681396484375,0.70843505859375,0.0360107421875,0.1800537109375,0.93804931640625,0.33514404296875,-0.06256103515625,0.06134033203125,0.9741106830711748,-0.17371646536632523,0.06482974661632525,0.12916080130382523
174,0.07061767578125,-0.713134765625,0.04864501953125,-0.6956787109375,0.269287109375,0.91925048828125,0.267822265625,0.1029052734375,0.4863707883700878,0.2938232421875,0.7199219158261915,0.3983154296875,0.681396484375,0.7083740234375,0.03631591796875,0.18035888671875,0.9381103515625,0.3349609375,-0.06256103515625,0.06158447265625,0.97406005859375,-0.17376708984375,0.06488037109375,0.12921142578125
175,0.07049560546875,-0.71295166015625,0.04876708984375,-0.69586181640625,0.26922607421875,0.919189453125,0.2681884765625,0.10302734375,0.4862060546875,0.29376220703125,0.719970703125,0.3985595703125,0.6812744140625,0.7083740234375,0.03607177734375,0.1805419921875,0.93798828125,0.3350830078125,-0.0628662109375,0.06170654296875,0.97412109375,-0.17364501953125,0.0645751953125,0.129150390625
176,0.07049560546875,-0.71295166015625,0.04876708984375,-0.69586181640625,0.26922607421875,0.919189453125,0.2681884765625,0.10302734375,0.4862060546875,0.29376220703125,0.719970703125,0.3985595703125,0.6814226131375418,0.7081764246707776,0.036516374568875375,0.1808383903375836,0.9381103515625,0.3348388671875,-0.06219482421875,0.0618896484375,0.97406005859375,-0.17376708984375,0.06512451171875,0.12921142578125
177,0.0703125,-0.7127685546875,0.04901123046875,-0.69610595703125,0.269287109375,0.91912841796875,0.268310546875,0.10308837890625,0.486083984375,0.29376220703125,0.72003173828125,0.3985595703125,0.6812744140625,0.708251953125,0.03631591796875,0.18115234375,0.93804931640625,0.3350830078125,-0.06256103515625,0.06195068359375,0.97412109375,-0.173583984375,0.0648193359375,0.129150390625
178,0.0703125,-0.7127685546875,0.04901123046875,-0.69610595703125,0.269287109375,0.91912841796875,0.268310546875,0.10308837890625,0.486083984375,0.29376220703125,0.72003173828125,0.3985595703125,0.6812744140625,0.708251953125,0.03659353607075667,0.18118704601275085,0.9381103515625,0.33489990234375,-0.062255859375,0.06219482421875,0.97406005859375,-0.17376708984375,0.065185546875,0.12908935546875
179,0.0701904296875,-0.71270751953125,0.04901123046875,-0.6961669921875,0.26934814453125,0.9190673828125,0.26849365234375,0.10308837890625,0.48602294921875,0.29345703125,0.72021484375,0.3985595703125,0.68121337890625,0.708251953125,0.03680419921875,0.18133544921875,0.93804931640625,0.33502197265625,-0.06231689453125,0.06231689453125,0.97406005859375,-0.1737060546875,0.0650634765625,0.129150390625
180,0.0701904296875,-0.71270751953125,0.04901123046875,-0.6961669921875,0.26934814453125,0.9190673828125,0.26849365234375,0.10308837890625,0.48602294921875,0.29345703125,0.72021484375,0.3985195606448579,0.68121337890625,0.70819091796875,0.03692626953125,0.1815185546875,0.93804931640625,0.33502197265625,-0.0621337890625,0.06231689453125,0.97406005859375,-0.1737060546875,0.0650634765625,0.129150390625
181,0.070068359375,-0.712646484375,0.04901123046875,-0.69622802734375,0.2694091796875,0.91900634765625,0.2686767578125,0.10308837890625,0.48602294921875,0.29339599609375,0.72021484375,0.3985595703125,0.68115234375,0.708251953125,0.036865234375,0.181640625,0.93798828125,0.3350830078125,-0.06219482421875,0.06243896484375,0.97406005859375,-0.1736576756506062,0.06497937460806856,0.12918611354253762
182,0.070068359375,-0.712646484375,0.04901123046875,-0.69622802734375,0.2694091796875,0.91900634765625,0.2686767578125,0.10308837890625,0.4860123344089674,0.29341191830842395,0.720230765964674,0.39853834069293476,0.68121337890625,0.70819091796875,0.0372314453125,0.18170166015625,0.93804931640625,0.3349609375,-0.06201171875,0.0625,0.97406005859375,-0.1737060546875,0.06512451171875,0.12908935546875
183,0.06988525390625,-0.7125244140625,0.0491943359375,-0.69635009765625,0.26934814453125,0.91900634765625,0.26873779296875,0.10308837890625,0.4859619140625,0.2935791015625,0.72021484375,0.39849853515625,0.6810302734375,0.70831298828125,0.03704833984375,0.18182373046875,0.93798828125,0.33514404296875,-0.06219482421875,0.06256103515625,0.97412109375,-0.1734619140625,0.06494140625,0.1290283203125
184,0.06988525390625,-0.7125244140625,0.0491943359375,-0.69635009765625,0.26934814453125,0.91900634765625,0.26873779296875,0.10308837890625,0.4856520432692308,0.2935791015625,0.7204730694110577,0.39844689002403844,0.68115234375,0.70819091796875,0.03741455078125,0.18182373046875,0.93804931640625,0.3349609375,-0.06182861328125,0.0626220703125,0.97406005859375,-0.1737060546875,0.0654296875,0.1290283203125
185,0.06964111328125,-0.71234130859375,0.04931640625,-0.69659423828125,0.26922607421875,0.91888427734375,0.26910400390625,0.10345458984375,0.4857177734375,0.29351806640625,0.72027587890625,0.39874267578125,0.68096923828125,0.708251953125,0.0372314453125,0.18212890625,0.93798828125,0.33514404296875,-0.0621337890625,0.06280517578125,0.97412109375,-0.17352294921875,0.0650634765625,0.12908935546875
186,0.06964111328125,-0.71234130859375,0.04931640625,-0.69659423828125,0.26922607421875,0.91888427734375,0.26910400390625,0.10345458984375,0.4856069303276547,0.2934072232964047,0.7204236697193771,0.3987057280779682,0.68096923828125,0.7081298828125,0.03765869140625,0.18255615234375,0.93798828125,0.33502197265625,-0.061767578125,0.06317138671875,0.97406005859375,-0.173583984375,0.0653076171875,0.1292724609375
187,0.06951904296875,-0.712158203125,0.0494384765625,-0.69671630859375,0.26922607421875,0.91876220703125,0.269287109375,0.10345458984375,0.48565673828125,0.2933349609375,0.7203369140625,0.3988037109375,0.68084716796875,0.70819091796875,0.0374755859375,0.1827392578125,0.93792724609375,0.33514404296875,-0.06201171875,0.063232421875,0.97412109375,-0.1734619140625,0.0650634765625,0.12921142578125
188,0.06951904296875,-0.712158203125,0.0494384765625,-0.69671630859375,0.26922607421875,0.91876220703125,0.269287109375,0.10345458984375,0.485634488006898,0.293357211211852,0.720381414611204,0.398736960114444,0.68084716796875,0.70819091796875,0.0377197265625,0.18267822265625,0.93792724609375,0.33514404296875,-0.06195068359375,0.0633544921875,0.97412109375,-0.1734619140625,0.0654296875,0.129150390625
189,0.06951904296875,-0.71209716796875,0.049560546875,-0.69677734375,0.269287109375,0.9188232421875,0.26922607421875,0.103271484375,0.4857177734375,0.29345703125,0.7203369140625,0.398681640625,0.68084716796875,0.708251953125,0.03753662109375,0.18267822265625,0.93792724609375,0.335205078125,-0.06207275390625,0.06329345703125,0.97412109375,-0.17333984375,0.06536865234375,0.1290283203125
190,0.06951904296875,-0.71209716796875,0.049560546875,-0.69677734375,0.269287109375,0.9188232421875,0.26922607421875,0.103271484375,0.48572532628292225,0.2934796897862667,0.7203369140625,0.3986589820887333,0.6806640625,0.70843505859375,0.03765869140625,0.182373046875,0.93780517578125,0.3355712890625,-0.06219482421875,0.06317138671875,0.97418212890625,-0.17327880859375,0.06512451171875,0.12908935546875
191,0.06951904296875,-0.71209716796875,0.04962158203125,-0.69683837890625,0.26934814453125,0.91876220703125,0.26922607421875,0.1033935546875,0.48583984375,0.29364013671875,0.72027587890625,0.39849853515625,0.6806640625,0.70843505859375,0.03753662109375,0.182373046875,0.93780517578125,0.3355712890625,-0.062255859375,0.0631103515625,0.97418212890625,-0.17321716104462792,0.06506470134824416,0.1290283203125
192,0.06951904296875,-0.71209716796875,0.04962158203125,-0.69683837890625,0.26934814453125,0.91876220703125,0.26922607421875,0.1033935546875,0.48578595317725753,0.29353235557326507,0.7204375506244775,0.3983368634380226,0.68072509765625,0.70843505859375,0.03759765625,0.18231201171875,0.937744140625,0.3358154296875,-0.0616455078125,0.06292724609375,0.97418212890625,-0.17303466796875,0.0654296875,0.1290283203125
193,0.06939697265625,-0.71197509765625,0.0498046875,-0.69696044921875,0.269287109375,0.91876220703125,0.26947021484375,0.10333251953125,0.48590087890625,0.2935791015625,0.72027587890625,0.39849853515625,0.6805419921875,0.70855712890625,0.03741455078125,0.18243408203125,0.93768310546875,0.33599853515625,-0.06182861328125,0.06292724609375,0.9742431640625,-0.1728515625,0.06524658203125,0.12896728515625
194,0.06939697265625,-0.71197509765625,0.0498046875,-0.69696044921875,0.269287109375,0.91876220703125,0.26947021484375,0.10333251953125,0.4857441063309992,0.29346152213106186,0.7204326514815008,0.39845934201243727,0.6805419921875,0.70855712890625,0.0379638671875,0.1824951171875,0.937744140625,0.3358154296875,-0.06170654296875,0.06317138671875,0.97412109375,-0.173095703125,0.0657958984375,0.12921142578125
195,0.0693359375,-0.71173095703125,0.05010986328125,-0.6971435546875,0.26922607421875,0.918701171875,0.26953125,0.10369873046875,0.48590087890625,0.29351806640625,0.72021484375,0.39862060546875,0.680419921875,0.7086181640625,0.03759765625,0.1826171875,0.9376220703125,0.33599853515625,-0.06207275390625,0.0631103515625,0.9742431640625,-0.17291259765625,0.06549072265625,0.12896728515625
196,0.0693359375,-0.71173095703125,0.05010986328125,-0.6971435546875,0.26922607421875,0.918701171875,0.26953125,0.10369873046875,0.4858518874764841,0.2933955878318353,0.7202393394648829,0.3987430840431647,0.68035888671875,0.7086181640625,0.03778076171875,0.1829833984375,0.9376220703125,0.3359375,-0.06182861328125,0.0635986328125,0.97418212890625,-0.1728515625,0.0657958984375,0.1292724609375
197,0.0694580078125,-0.71160888671875,0.05010986328125,-0.697265625,0.269287109375,0.9185791015625,0.269775390625,0.104248046875,0.4859619140625,0.29315185546875,0.72021484375,0.39886474609375,0.680419921875,0.70849609375,0.03759765625,0.18304443359375,0.93768310546875,0.33587646484375,-0.06201171875,0.0635986328125,0.97418212890625,-0.1729736328125,0.065673828125,0.129150390625
198,0.06948740267035954,-0.7115892901468437,0.050119661567203176,-0.6972754232859532,0.2693165042328595,0.9185791015625,0.2697459957671405,0.10425784516095318,0.4859913089203595,0.29296875,0.7201440103077968,0.39908929014684363,0.6803784832906563,0.7084252603077968,0.037568261392140465,0.18359375,0.9376318685984532,0.33574459624529684,-0.062346289389109535,0.06400628233434365,0.97418212890625,-0.17287115907190637,0.06541009092809365,0.1294163732624373
199,0.06964111328125,-0.71148681640625,0.0501708984375,-0.69732666015625,0.26953125,0.91845703125,0.269775390625,0.1044921875,0.48614501953125,0.29296875,0.7200927734375,0.39898681640625,0.68048095703125,0.7083740234375,0.03741455078125,0.18359375,0.93768310546875,0.335693359375,-0.0625,0.06390380859375,0.97418212890625,-0.1729736328125,0.0653076171875,0.12921142578125
200,0.06964111328125,-0.71148681640625,0.0501708984375,-0.69732666015625,0.26953125,0.91845703125,0.269775390625,0.1044921875,0.4862011555445234,0.2928003419601798,0.7201489094507734,0.39887454437970316,0.68060302734375,0.70819091796875,0.037353515625,0.18377685546875,0.937744140625,0.33551025390625,-0.0625,0.06414794921875,0.97418212890625,-0.17303466796875,0.0653076171875,0.12939453125
201,0.06964111328125,-0.71148681640625,0.05035400390625,-0.69732666015625,0.26971415133779264,0.9184692791074415,0.2696533203125,0.10439461290238294,0.48626708984375,0.29296875,0.7200927734375,0.39892578125,0.68048095703125,0.70831298828125,0.03717041015625,0.1837158203125,0.93768310546875,0.33563232421875,-0.06256103515625,0.06402587890625,0.97418212890625,-0.17291259765625,0.0653076171875,0.1292724609375
202,0.06964111328125,-0.71148681640625,0.05035400390625,-0.69732666015625,0.269775390625,0.91845703125,0.2696533203125,0.1043701171875,0.48634996701243727,0.2928029956626254,0.7201342120218437,0.39880146549696904,0.6806640625,0.70806884765625,0.0372314453125,0.183837890625,0.937744140625,0.33538818359375,-0.06256103515625,0.064208984375,0.97412109375,-0.173095703125,0.06524658203125,0.12945556640625
203,0.06964111328125,-0.71148681640625,0.05047607421875,-0.6973876953125,0.269775390625,0.91845703125,0.26959228515625,0.1043701171875,0.4864501953125,0.29278564453125,0.72003173828125,0.3988037109375,0.68060302734375,0.7081298828125,0.037109375,0.183837890625,0.937744140625,0.33544921875,-0.0626220703125,0.06414794921875,0.97418212890625,-0.1729736328125,0.065185546875,0.12933349609375
204,0.06964111328125,-0.71148681640625,0.05050281537416388,-0.6973609541570861,0.2697486494695861,0.91845703125,0.26959228515625,0.1043701171875,0.4864501953125,0.29286586799749165,0.7200049971258361,0.3988037109375,0.68060302734375,0.7081566239679139,0.03717041015625,0.18393321978208613,0.937744140625,0.33538818359375,-0.062744140625,0.06424327837583613,0.97418212890625,-0.17294689165708613,0.06524658203125,0.12933349609375
205,0.06964111328125,-0.71148681640625,0.050537109375,-0.69732666015625,0.269775390625,0.91851806640625,0.2694091796875,0.1043701171875,0.4864501953125,0.29296875,0.719970703125,0.3988037109375,0.68060302734375,0.70819091796875,0.03717041015625,0.18389892578125,0.937744140625,0.33538818359375,-0.062744140625,0.064208984375,0.97418212890625,-0.17291259765625,0.06524658203125,0.12933349609375
206,0.06964111328125,-0.7115109038592182,0.05054915310148411,-0.6973025727032818,0.2697513031720318,0.91851806640625,0.2694091796875,0.10434602973453178,0.4864381515860159,0.29302896863242056,0.7199586593985159,0.3987796234845318,0.68060302734375,0.7082150054217182,0.03699934841398411,0.18356966254703178,0.937744140625,0.3354002273202341,-0.06272005317203178,0.06406282660953178,0.97418212890625,-0.1729005539297659,0.06539273979671822,0.12921142578125
207,0.06964111328125,-0.71160888671875,0.05059814453125,-0.69720458984375,0.26953125,0.91864013671875,0.26922607421875,0.104248046875,0.48638916015625,0.29327392578125,0.71990966796875,0.398681640625,0.6805983323317307,0.7083176832932693,0.03704833984375,0.18345759465144232,0.937744140625,0.33544921875,-0.0626220703125,0.06396484375,0.9741868239182693,-0.1728515625,0.06546724759615384,0.12920203575721154
208,0.06964111328125,-0.71160888671875,0.05059814453125,-0.69720458984375,0.26953125,0.91864013671875,0.26922607421875,0.104248046875,0.48638916015625,0.2933906886888587,0.7197929050611414,0.3987984035326087,0.6805419921875,0.7083740234375,0.03704833984375,0.18328857421875,0.937744140625,0.33551025390625,-0.06280517578125,0.063720703125,0.9742431640625,-0.1728515625,0.065185546875,0.12908935546875
209,0.0697021484375,-0.71173095703125,0.050537109375,-0.6971435546875,0.2694802172606605,0.91864013671875,0.269287109375,0.10427907478051839,0.486328125,0.29345703125,0.71990966796875,0.39874267578125,0.68060302734375,0.7083740234375,0.037109375,0.1832275390625,0.937744140625,0.33544921875,-0.0626220703125,0.06365966796875,0.9742431640625,-0.17291259765625,0.06536865234375,0.12908935546875
210,0.0697021484375,-0.71173095703125,0.050537109375,-0.6971435546875,0.26947021484375,0.91864013671875,0.269287109375,0.10430908203125,0.4864154930497492,0.2934133472251254,0.7198659839438755,0.3987863598061246,0.6805419921875,0.7083740234375,0.0369873046875,0.183349609375,0.937744140625,0.33551025390625,-0.0626220703125,0.063720703125,0.9742431640625,-0.1728515625,0.06536865234375,0.129150390625
211,0.06982421875,-0.711669921875,0.050537109375,-0.6971435546875,0.26959228515625,0.9186038014083403,0.26922607421875,0.1044180879624791,0.48651123046875,0.29339599609375,0.7198486328125,0.398681640625,0.68060302734375,0.7082766529708403,0.036889934220840304,0.18343391546038879,0.93780517578125,0.33538818359375,-0.06268310546875,0.06365966796875,0.9742431640625,-0.17291259765625,0.0653076171875,0.1290283203125
212,0.06988219194188963,-0.711669921875,0.050537109375,-0.6971435546875,0.2696212717521948,0.9185791015625,0.2691970876228052,0.10446320090405518,0.4865692036606396,0.29325106311402593,0.7198196462165551,0.3987396138168896,0.6806320139396949,0.7082229665290551,0.036865234375,0.1835037282478052,0.9377731272209449,0.3353591969978052,-0.062744140625,0.06378480024561037,0.97418212890625,-0.1729415842521948,0.06524658203125,0.1291214040290552
213,0.0699462890625,-0.711669921875,0.050537109375,-0.6971435546875,0.2696749581939799,0.9185791015625,0.2691866769439799,0.10449606598818979,0.48663330078125,0.2930908203125,0.71978759765625,0.3988037109375,0.6807073382629598,0.7081476422057902,0.036865234375,0.18355823121341971,0.93780517578125,0.3353271484375,-0.062744140625,0.063720703125,0.97418212890625,-0.1729736328125,0.06524658203125,0.12908935546875
214,0.0699462890625,-0.7116556327079849,0.050579976876045145,-0.6971578438545151,0.2696857771347199,0.9185933907295151,0.2691974958847199,0.10462854697951504,0.48664758994826507,0.29310510947951507,0.7197733084892349,0.39881800010451507,0.6807718436454849,0.7080831368232651,0.036822366873954855,0.1837158203125,0.93780517578125,0.3351726213027801,-0.0629558244277801,0.06401158973923496,0.97418212890625,-0.17306712479096992,0.06517125770798496,0.12929062859270485
215,0.0699462890625,-0.71160888671875,0.05072021484375,-0.69720458984375,0.2696131065139005,0.9186262558136497,0.2691109443588002,0.10467529296875,0.4866943359375,0.29315185546875,0.7197265625,0.39886474609375,0.6807389785613503,0.7081160019073997,0.036696009811350336,0.18372970121760032,0.93780517578125,0.33526611328125,-0.06304931640625,0.06396484375,0.97418212890625,-0.1729736328125,0.06512451171875,0.129150390625
216,0.0699462890625,-0.71160888671875,0.05072021484375,-0.69720458984375,0.269775390625,0.91851806640625,0.2691650390625,0.10467529296875,0.4866943359375,0.2930912285744147,0.7198478162886706,0.39868286541074416,0.68084716796875,0.7080078125,0.03680419921875,0.183837890625,0.9378662109375,0.3350830078125,-0.0628662109375,0.06402587890625,0.97412109375,-0.17315673828125,0.06536865234375,0.12933349609375
217,0.06988525390625,-0.7115478515625,0.0509033203125,-0.69720458984375,0.2698131548521112,0.9185791015625,0.2689364123902592,0.104736328125,0.48675537109375,0.293212890625,0.7197265625,0.3988037109375,0.6807783758361204,0.7079622912965092,0.0367354070861204,0.1839899681882316,0.93780517578125,0.33526611328125,-0.06298828125,0.06396484375,0.97418212890625,-0.17303466796875,0.0653076171875,0.12921142578125
218,0.06993118337165552,-0.7115478515625,0.0509033203125,-0.69720458984375,0.2698823552466555,0.9185791015625,0.2688749689720945,0.104736328125,0.48684723002456104,0.2931669611595945,0.7196806330345945,0.3987577814720945,0.6808320622779055,0.70794677734375,0.03669723459709449,0.18397506662834448,0.93780517578125,0.3351591486595945,-0.0631103515625,0.06404098459709448,0.97418212890625,-0.17303466796875,0.06524658203125,0.12934860178459448
219,0.0699462890625,-0.7115478515625,0.0509033203125,-0.69720458984375,0.26993604168844065,0.9185405208115593,0.26893702478313125,0.10481348962688126,0.48687744140625,0.29315185546875,0.71966552734375,0.39874267578125,0.6808085872178093,0.70794677734375,0.03660496740436873,0.18399854168844063,0.93780517578125,0.33514404296875,-0.0631103515625,0.06402587890625,0.97418212890625,-0.17303466796875,0.06524658203125,0.12933349609375
220,0.06991505702602424,-0.7115478515625,0.05087208827602425,-0.69720458984375,0.26995849609375,0.91851806640625,0.26901316563022576,0.10488963047397576,0.48690867344272576,0.29302692732284696,0.71966552734375,0.39877390781772576,0.6807861328125,0.70794677734375,0.03659129063022575,0.18405222813022576,0.93780517578125,0.335205078125,-0.06326222499477424,0.06393504063022576,0.9742119320260243,-0.1729736328125,0.06484913905727424,0.12927388985420152
221,0.06988525390625,-0.7115478515625,0.05084228515625,-0.69720458984375,0.2700301460597826,0.9184941830842391,0.26901908542798914,0.10487166694972827,0.4869384765625,0.29290771484375,0.71966552734375,0.3988037109375,0.6808577827785326,0.7078990106997283,0.03666886039402173,0.18403426460597827,0.93780517578125,0.335205078125,-0.063232421875,0.06396484375,0.97418212890625,-0.1729736328125,0.0648193359375,0.12933349609375
222,0.0697860462609741,-0.7115478515625,0.05090842358643394,-0.697221124451296,0.2700423939172241,0.918473565857546,0.26898193359375,0.10486350171143394,0.48688887273986203,0.29294078405884194,0.719682061951296,0.3988037109375,0.6808865652435201,0.7079073800689799,0.036726629454954016,0.18399303015259197,0.9378941768786581,0.3349380748327759,-0.06300481585754598,0.06398137835754598,0.974137628357546,-0.17322410149717812,0.06531904852111205,0.12912242468384197
223,0.06951904296875,-0.7115478515625,0.05108642578125,-0.697265625,0.2698213200904055,0.91851806640625,0.26898193359375,0.1050047603339256,0.48675537109375,0.29302978515625,0.7197265625,0.3988037109375,0.6806824342861622,0.7081023251332567,0.03673724426473661,0.1840728453569189,0.93780517578125,0.335205078125,-0.06304931640625,0.06402587890625,0.97418212890625,-0.17291259765625,0.065185546875,0.12921142578125
224,0.06951536861151755,-0.7115496887411162,0.05109010013848244,-0.6972637878213838,0.27007505487040134,0.9185199035848662,0.26898193359375,0.10479552610263378,0.48675537109375,0.29302794797763376,0.7197265625,0.3988037109375,0.6807824584552675,0.7079504517009825,0.03704833984375,0.1840191589151338,0.9378643737588838,0.33502748419209866,-0.06268126829013378,0.06408507688388378,0.97418212890625,-0.17309019158915134,0.06537048952236622,0.129150390625
225,0.06939697265625,-0.71160888671875,0.05120849609375,-0.69720458984375,0.2698974609375,0.9185791015625,0.26898193359375,0.104736328125,0.48675537109375,0.29296875,0.7197265625,0.3988037109375,0.6807195861204013,0.7080133240358487,0.03704833984375,0.18401548455790134,0.93780517578125,0.335205078125,-0.0626220703125,0.06402587890625,0.97418212890625,-0.17291259765625,0.0654296875,0.129150390625
226,0.06939697265625,-0.71160888671875,0.05120849609375,-0.69720458984375,0.27001953125,0.91851806640625,0.2689208984375,0.1048583984375,0.48675537109375,0.29296875,0.7197265625,0.3988037109375,0.68072509765625,0.7080078125,0.03704833984375,0.18402099609375,0.93780517578125,0.33525325303093645,-0.06286294484218226,0.06402587890625,0.97418212890625,-0.17291259765625,0.06536865234375,0.1292724609375
227,0.06951904296875,-0.711669921875,0.0511474609375,-0.6971435546875,0.2701416015625,0.91851806640625,0.2689208984375,0.104736328125,0.4869384765625,0.29290771484375,0.71966552734375,0.3988037109375,0.6807861328125,0.7079876035352216,0.03690524404264215,0.18385809958977842,0.9378662109375,0.33514404296875,-0.0628662109375,0.06396484375,0.97418212890625,-0.17303466796875,0.06549072265625,0.12921142578125
228,0.06951904296875,-0.7117033993520067,0.05118093841450669,-0.6971100772104933,0.27016915924174334,0.9185515438832567,0.26870431549174334,0.10482492096049331,0.48690499908549334,0.2930751022287834,0.71966552734375,0.3987367559834866,0.6807526553354933,0.7080412899770067,0.03680419921875,0.18377093567098662,0.93780517578125,0.335205078125,-0.06307687408549331,0.06368722564799331,0.9742431640625,-0.1729401553354933,0.06513043151651338,0.1290283203125
229,0.06951904296875,-0.71173095703125,0.05120849609375,-0.69708251953125,0.2701416015625,0.9185791015625,0.2686767578125,0.1047712345187082,0.48687744140625,0.293212890625,0.71966552734375,0.398681640625,0.6807512264187918,0.7080427188937082,0.0368303279812918,0.1837419490750418,0.93780517578125,0.335205078125,-0.06304931640625,0.06365966796875,0.9742431640625,-0.17291259765625,0.065185546875,0.1290283203125
230,0.06951904296875,-0.71173095703125,0.05124605618990384,-0.69708251953125,0.27010404146634615,0.9185978816105769,0.2686579777644231,0.104736328125,0.4868586613581731,0.29328801081730765,0.7196467472956731,0.398681640625,0.6807673527644231,0.7080265925480769,0.03682767427884616,0.18375807542067307,0.9378474308894231,0.33512056790865385,-0.06282395582932691,0.06394606370192309,0.97418212890625,-0.17299710787259617,0.06524658203125,0.12919264573317307
231,0.06951904296875,-0.71173095703125,0.05133056640625,-0.69708251953125,0.27000809991638797,0.918628705385138,0.26863858532347407,0.10475919079222408,0.48681640625,0.29345703125,0.7196044921875,0.398681640625,0.6807861328125,0.7080078125,0.03680419921875,0.18377685546875,0.93780517578125,0.335205078125,-0.0628662109375,0.06390380859375,0.97418212890625,-0.17291259765625,0.06524658203125,0.129150390625
232,0.06951496034960283,-0.7117227917929557,0.05133056640625,-0.6970866021503972,0.26995849609375,0.9185791015625,0.26873779296875,0.10486656367579432,0.48681640625,0.29343253553511706,0.7196044921875,0.39869388848244147,0.6807861328125,0.7080078125,0.03680011659960284,0.18378502070704433,0.9378621283183528,0.33514812558789714,-0.06293132871289717,0.06396892636914717,0.97418212890625,-0.17296955019335283,0.06542152226170568,0.12915447324414717
233,0.0694580078125,-0.71160888671875,0.05133056640625,-0.6971435546875,0.26995849609375,0.9185791015625,0.26873779296875,0.10498046875,0.48681640625,0.2930908203125,0.7196044921875,0.39886474609375,0.6809016709343646,0.7077767362562709,0.03685870218436455,0.18418777108591136,0.93780517578125,0.335205078125,-0.06298828125,0.06402587890625,0.97418212890625,-0.17291259765625,0.0653076171875,0.12921142578125
234,0.0694580078125,-0.71160888671875,0.05133056640625,-0.6971435546875,0.2701416015625,0.91845703125,0.26898193359375,0.1048583984375,0.48681640625,0.2930908203125,0.7196044921875,0.39886474609375,0.680908203125,0.707763671875,0.036865234375,0.1842041015625,0.9379060164741848,0.3349025560461956,-0.06278659986413043,0.06407629925271739,0.97412109375,-0.17315673828125,0.06549072265625,0.12921142578125
235,0.06915283203125,-0.71160888671875,0.051513671875,-0.69720458984375,0.27009485557326507,0.9184749947742475,0.2689998971179975,0.10469693085022991,0.4866943359375,0.29315185546875,0.7197265625,0.3988037109375,0.68084716796875,0.7078857421875,0.0372314453125,0.18408203125,0.93780517578125,0.33514404296875,-0.06280517578125,0.06414794921875,0.97418212890625,-0.1728515625,0.06536865234375,0.1292724609375
236,0.06893849452602423,-0.71160888671875,0.051620840627612886,-0.6972403127612876,0.26998829921352424,0.9184927541675376,0.2690176565112876,0.10469611432640051,0.48662289010242477,0.2932947471389005,0.7197622854175376,0.39873226510242477,0.6806685533810618,0.7080286338576505,0.0372314453125,0.18415347708507526,0.93780517578125,0.33521548880382523,-0.0626980070286371,0.06414794921875,0.9741568166675376,-0.1729424007760242,0.0656276945286371,0.12916080130382526
237,0.06878662109375,-0.71160888671875,0.05169677734375,-0.697265625,0.2698931741873955,0.91851806640625,0.2690145945469273,0.10471224067203178,0.486572265625,0.29339599609375,0.71978759765625,0.398681640625,0.68060302734375,0.7081298828125,0.03741455078125,0.18402099609375,0.93780517578125,0.33526611328125,-0.0626220703125,0.06414794921875,0.97418212890625,-0.17279052734375,0.0655517578125,0.12921142578125
238,0.06880764658235786,-0.71160888671875,0.05169677734375,-0.6972445995113922,0.2699795215823579,0.9185390918948578,0.26898193359375,0.10457220683528427,0.4866143166022157,0.2934800980481814,0.7197665721676422,0.3986395896477843,0.68060302734375,0.7081298828125,0.03741455078125,0.18399997060514214,0.9377651661136078,0.3353671581051421,-0.06247897451139214,0.06406588857389214,0.9742431640625,-0.1727294921875,0.06551174814485786,0.12900729482389214
239,0.06884765625,-0.71160888671875,0.05169677734375,-0.69720458984375,0.270033208024143,0.918565424788357,0.268995610367893,0.10451954104828595,0.4866943359375,0.29364013671875,0.7197265625,0.3985595703125,0.6805419921875,0.70819091796875,0.0372314453125,0.1839599609375,0.93780517578125,0.3353271484375,-0.06243896484375,0.06402587890625,0.9742431640625,-0.1727294921875,0.0655517578125,0.12896728515625
240,0.06886664042903429,-0.7115962305993938,0.05169677734375,-0.6972172459631062,0.2700995505852843,0.9185117383465718,0.2690239845709657,0.1046205858721781,0.4867006639971781,0.2936211525397157,0.7197265625,0.3985595703125,0.6805546483068562,0.7081782618493938,0.03721878919314381,0.1839662889971781,0.9377504686846782,0.3353691994147157,-0.06270208964778429,0.0642026563153219,0.9742431640625,-0.1726811131506062,0.06541703138064381,0.1291377345056438
241,0.06903076171875,-0.71148681640625,0.05169677734375,-0.69732666015625,0.270263671875,0.91845703125,0.26885986328125,0.10467529296875,0.48675537109375,0.29345703125,0.7197265625,0.3985595703125,0.6806640625,0.70794677734375,0.03704833984375,0.18450927734375,0.93780517578125,0.335205078125,-0.0628662109375,0.06414794921875,0.9742431640625,-0.17279052734375,0.0653076171875,0.1290283203125
242,0.06908342750574833,-0.7114341506192516,0.05169677734375,-0.6973793259432484,0.2702553025057483,0.9184043654630016,0.2689903029630017,0.10497209938074833,0.48665003951975333,0.29345703125,0.7197265625,0.39866490188649667,0.6806640625,0.7078941115567516,0.03699567405675167,0.18456194313074833,0.93780517578125,0.3351524123380017,-0.06302420829849499,0.06446394394073997,0.9742431640625,-0.17278215797449833,0.06531598655675167,0.12909772483800167
243,0.069091796875,-0.71142578125,0.05169677734375,-0.6973876953125,0.270263671875,0.91839599609375,0.26898193359375,0.10498046875,0.48663330078125,0.29345703125,0.7197265625,0.398681640625,0.6806640625,0.7078857421875,0.03704833984375,0.18475341796875,0.93780517578125,0.33514404296875,-0.06304931640625,0.06451416015625,0.9742431640625,-0.17279052734375,0.0653076171875,0.12908935546875
244,0.06901586015886287,-0.7113878128919314,0.05165880898568143,-0.6974256636705686,0.2701646683606814,0.9183580277356814,0.26924097577863715,0.10511744062238713,0.4865953324231814,0.2934190628919314,0.7197645308580686,0.398681640625,0.6806260941419314,0.7078857421875,0.03708630820181857,0.1848673230429557,0.93780517578125,0.33514404296875,-0.0629354113320443,0.06459009687238713,0.9742431640625,-0.17279052734375,0.06545275429818144,0.12916529218488712
245,0.0689697265625,-0.71136474609375,0.0516357421875,-0.69744873046875,0.27020284084970736,0.9183349609375,0.2692564897313963,0.10501047600073161,0.486572265625,0.29339599609375,0.71978759765625,0.398681640625,0.68072509765625,0.70782470703125,0.03729248046875,0.18487548828125,0.93780517578125,0.33514404296875,-0.0628662109375,0.06463623046875,0.9742431640625,-0.17279052734375,0.0654296875,0.12921142578125
246,0.06885337191680602,-0.7113414751646112,0.0516357421875,-0.6974952723270276,0.2701938590875836,0.9183349609375,0.26927261607702757,0.10495148215405518,0.4864791819084448,0.29344253795202757,0.7198341395145276,0.398681640625,0.6806552848688336,0.7078479779603888,0.03729248046875,0.18496857199780517,0.93780517578125,0.33514404296875,-0.06281966907922241,0.0646595013978888,0.97418212890625,-0.1729270909542224,0.06542090986883362,0.12915916825616638
247,0.06866455078125,-0.7113037109375,0.0516357421875,-0.69757080078125,0.2700964886209239,0.9183349609375,0.2693640667459239,0.10499108355978261,0.486328125,0.29351806640625,0.71990966796875,0.398681640625,0.68048095703125,0.7080078125,0.03765869140625,0.18475341796875,0.93780517578125,0.33514404296875,-0.062744140625,0.064697265625,0.97418212890625,-0.1728515625,0.0653076171875,0.1292724609375
248,0.06862168328020483,-0.711295137437291,0.05162716868729097,-0.697579374281459,0.2701158810618729,0.9183349609375,0.26944347368833615,0.1047010134693771,0.48628525749895485,0.29355236040708615,0.7199353884693771,0.39867306712479095,0.6804638100308319,0.708016386000209,0.037675838406668063,0.18479628546979515,0.937796602281041,0.33516118996916805,-0.06269269962374581,0.06470583912520904,0.9742431640625,-0.17283441549958192,0.0655870724681229,0.12900157915708613
249,0.068359375,-0.71124267578125,0.05157470703125,-0.6976318359375,0.26995727130800584,0.9183361857232442,0.26965209552675584,0.10485349929452342,0.48602294921875,0.29376220703125,0.7200927734375,0.39862060546875,0.68035888671875,0.70806884765625,0.0382080078125,0.18487548828125,0.937744140625,0.33526611328125,-0.0623779296875,0.06475830078125,0.9742431640625,-0.1727294921875,0.0654296875,0.12921142578125
250,0.068359375,-0.71124267578125,0.05157470703125,-0.6976318359375,0.2698974609375,0.91839599609375,0.26959228515625,0.1046142578125,0.48602294921875,0.29376220703125,0.7200927734375,0.39862060546875,0.68035888671875,0.70806884765625,0.0382080078125,0.18487548828125,0.9377990518525292,0.33526611328125,-0.06221319600491221,0.06475830078125,0.9742431640625,-0.17261966973244147,0.06564933241011706,0.1290466920986622
251,0.06829833984375,-0.711181640625,0.0513916015625,-0.69769287109375,0.26995849609375,0.9183349609375,0.269775390625,0.104736328125,0.48583984375,0.2938232421875,0.7200927734375,0.3988037109375,0.6802978515625,0.70806884765625,0.0382080078125,0.1851806640625,0.93780517578125,0.335205078125,-0.06219482421875,0.06494140625,0.9742431640625,-0.1727294921875,0.0655517578125,0.129150390625
252,0.0682581260451505,-0.711101213027801,0.051311173965301,-0.6978135124895485,0.269733747909699,0.9182337119826505,0.2701207802048495,0.105080288788148,0.4857192023542015,0.293581959395903,0.720173201034699,0.398964566131898,0.6802978515625,0.7080286338576505,0.0381677940139005,0.185341519256898,0.9377649619826505,0.335205078125,-0.062355679413148,0.065021833847199,0.9742431640625,-0.1727086708298495,0.065207797149352,0.129230818222199
253,0.0682373046875,-0.7110595703125,0.05126953125,-0.6978759765625,0.269775390625,0.918212890625,0.2701416015625,0.10516357421875,0.48565673828125,0.29345703125,0.72021484375,0.3990478515625,0.6802978515625,0.70794677734375,0.03857421875,0.18560791015625,0.937744140625,0.335205078125,-0.06243896484375,0.0650634765625,0.9742431640625,-0.1727294921875,0.06512451171875,0.1292724609375
254,0.06813523920882107,-0.7109830212034908,0.05137159672867892,-0.6979525256715092,0.26975987667224083,0.918212890625,0.2702126391356605,0.10488942634301839,0.48563122191158026,0.2935080639893395,0.7201893273803303,0.3990478515625,0.680195786083821,0.7079978100830895,0.03844663690165134,0.18570997563492891,0.937744140625,0.335205078125,-0.062285866625731615,0.06524209115018811,0.9741466101196697,-0.17290708612040134,0.06582590568823161,0.12933349609375
255,0.0679931640625,-0.71087646484375,0.051513671875,-0.69805908203125,0.2696533203125,0.918212890625,0.2701416015625,0.1051025390625,0.485595703125,0.2935791015625,0.72015380859375,0.3990478515625,0.68011474609375,0.7080078125,0.03875732421875,0.185791015625,0.937744140625,0.335205078125,-0.06207275390625,0.06549072265625,0.97418212890625,-0.1727294921875,0.06561279296875,0.12933349609375
256,0.06803643982545987,-0.71086564590301,0.051492033993520064,-0.69806990097199,0.26963556091920987,0.91820207168426,0.27025285293426005,0.10509172012176003,0.48561734100647996,0.29355746368102004,0.72014298965301,0.39906948944397996,0.6801580218567099,0.7079753556777801,0.03874650527801003,0.185791015625,0.937744140625,0.33519425918426005,-0.06208357284698997,0.06554481735994984,0.97418212890625,-0.17258966248170987,0.065673828125,0.12943392852477006
257,0.0682373046875,-0.7108154296875,0.0513916015625,-0.6981201171875,0.26983642578125,0.91815185546875,0.27020263671875,0.10504150390625,0.4857177734375,0.29345703125,0.7200927734375,0.399169921875,0.68011474609375,0.70794677734375,0.038330078125,0.18621826171875,0.937744140625,0.33514404296875,-0.0621337890625,0.0657958984375,0.97418212890625,-0.17279052734375,0.065673828125,0.12933349609375
258,0.0682373046875,-0.7108154296875,0.0513916015625,-0.6981201171875,0.2696533203125,0.9180908203125,0.2703857421875,0.10552978515625,0.4857177734375,0.29345703125,0.7200927734375,0.399169921875,0.68011474609375,0.70794677734375,0.038330078125,0.18621826171875,0.937744140625,0.33514404296875,-0.0621337890625,0.0657958984375,0.9742392855743102,-0.1724475873353888,0.0651594181124582,0.1295621227659908
259,0.068603515625,-0.7108154296875,0.05108642578125,-0.6981201171875,0.27008056640625,0.91802978515625,0.27044677734375,0.1053466796875,0.48590087890625,0.2930908203125,0.72003173828125,0.3992919921875,0.68023681640625,0.70782470703125,0.0382080078125,0.1864013671875,0.937744140625,0.3350830078125,-0.06256103515625,0.065673828125,0.97418212890625,-0.17291259765625,0.065185546875,0.1295166015625
260,0.06851859714673914,-0.7107729704483695,0.05108642578125,-0.6981201171875,0.26997707201086957,0.91802978515625,0.27048923658288043,0.10557224439538043,0.48581596042798914,0.29304836107336957,0.7201166567595109,0.39924953294836957,0.6801943571671195,0.7078671662703805,0.0382080078125,0.18644382642663043,0.9377865998641305,0.33504054857336957,-0.06256103515625,0.06575874660326086,0.97418212890625,-0.17287013841711957,0.06522800611413043,0.1295166015625
261,0.0684814453125,-0.71075439453125,0.05108642578125,-0.6981201171875,0.26995849609375,0.91802978515625,0.2705078125,0.1055908203125,0.48577880859375,0.29302978515625,0.72015380859375,0.39923095703125,0.6802978515625,0.70770263671875,0.03851318359375,0.18634033203125,0.93780517578125,0.33502197265625,-0.06256103515625,0.0657958984375,0.97418212890625,-0.1728515625,0.06524658203125,0.1295166015625
262,0.068314874451296,-0.7107266327210493,0.051169711211852,-0.6981756408079013,0.26988072219899667,0.9179965118102007,0.2706298828125,0.10536341842600333,0.4856677613529473,0.29305754696645064,0.7201815704039507,0.39928648065165134,0.6801868043216973,0.7078136839595527,0.038457659973348664,0.18645137927205266,0.9377774139710493,0.335105258086852,-0.06233894067464467,0.06582366024770067,0.97418212890625,-0.172768277069398,0.06538539108225333,0.12948883975229933
263,0.068115234375,-0.710693359375,0.05126953125,-0.6982421875,0.26971435546875,0.91802978515625,0.2706298828125,0.10552978515625,0.48553466796875,0.2930908203125,0.72021484375,0.39935302734375,0.68011474609375,0.7078857421875,0.03887939453125,0.18646240234375,0.937744140625,0.335205078125,-0.06207275390625,0.06585693359375,0.97418212890625,-0.17266845703125,0.0655517578125,0.12945556640625
264,0.0681021699937291,-0.710693359375,0.051256466868729096,-0.6982421875,0.26971435546875,0.9180777559312291,0.2705339412625418,0.10540771484375,0.4855085392062082,0.2931169490750418,0.72021484375,0.3993660917250209,0.6800886173312082,0.7078988065687709,0.03887939453125,0.1864885311062918,0.937744140625,0.3351920137437291,-0.062059689524979096,0.06590919111883362,0.97418212890625,-0.17266845703125,0.0656607637437291,0.1295296659437709
265,0.06805419921875,-0.710693359375,0.05120849609375,-0.6982421875,0.26971435546875,0.91802978515625,0.2706298828125,0.10540771484375,0.48541259765625,0.293212890625,0.72021484375,0.3994140625,0.67999267578125,0.70794677734375,0.03887939453125,0.18658447265625,0.937744140625,0.33514404296875,-0.06201171875,0.06610107421875,0.97418212890625,-0.17266845703125,0.06561279296875,0.12957763671875
266,0.06805419921875,-0.710693359375,0.05120849609375,-0.6982421875,0.26959228515625,0.9180908203125,0.2705078125,0.10546875,0.48541259765625,0.293212890625,0.72021484375,0.3994140625,0.67999267578125,0.70794677734375,0.03887939453125,0.18658447265625,0.937744140625,0.33514404296875,-0.06201171875,0.06610107421875,0.9743009331234322,-0.17243084859688546,0.06519697820861206,0.12922122406720318
267,0.06805419921875,-0.71087646484375,0.05084228515625,-0.6981201171875,0.26971435546875,0.91796875,0.2708740234375,0.10528564453125,0.48529052734375,0.29315185546875,0.72039794921875,0.39935302734375,0.67999267578125,0.70794677734375,0.039306640625,0.18634033203125,0.937744140625,0.33526611328125,-0.0618896484375,0.0657958984375,0.97418212890625,-0.17266845703125,0.0654296875,0.12945556640625
268,0.06796478985942726,-0.7109211695234113,0.05088698983591137,-0.6980307078281772,0.2697470164219273,0.9180744898359113,0.2706135523359114,0.10505783438283862,0.48529052734375,0.2934200835467182,0.72039794921875,0.3991742086251045,0.6799479711015887,0.7080361867030728,0.03935134530466137,0.18629562735158864,0.9377888453046613,0.33526611328125,-0.061666125039193144,0.06566178439851589,0.97418212890625,-0.17262375235158864,0.06560850621864549,0.12941086172658864
269,0.06793212890625,-0.7109375,0.0509033203125,-0.697998046875,0.26971435546875,0.9180908203125,0.2706298828125,0.10504150390625,0.48529052734375,0.29351806640625,0.72039794921875,0.39910888671875,0.67999267578125,0.70806884765625,0.039306640625,0.1859130859375,0.93780517578125,0.33526611328125,-0.06158447265625,0.06561279296875,0.97418212890625,-0.172607421875,0.065673828125,0.12939453125
270,0.0679621361569816,-0.7109675072507317,0.0509333275632316,-0.697998046875,0.2696533203125,0.91815185546875,0.2705388404055184,0.1049504614992684,0.4852605200930184,0.2936080881584448,0.7203679419680183,0.39910888671875,0.67999267578125,0.70806884765625,0.039306640625,0.1858830786867684,0.93780517578125,0.3352361060305184,-0.0615244581547868,0.0656728074702132,0.97418212890625,-0.172607421875,0.065823864378658,0.1293645239992684
271,0.0679931640625,-0.71099853515625,0.05096435546875,-0.697998046875,0.2696533203125,0.91815185546875,0.2705078125,0.10491943359375,0.4852294921875,0.293701171875,0.7203369140625,0.39910888671875,0.679931640625,0.70806884765625,0.03948974609375,0.1861572265625,0.93780517578125,0.335205078125,-0.06146240234375,0.06573486328125,0.97418212890625,-0.172607421875,0.06597900390625,0.12933349609375
272,0.06808502299331103,-0.7109832253344481,0.05094904564694816,-0.697998046875,0.26948572879650917,0.918212890625,0.2704618830345945,0.10507191941889632,0.48529073147470736,0.2937164816968018,0.7202909845970945,0.39910888671875,0.6800081897340092,0.7080229181908445,0.03945912645014632,0.18612660691889632,0.93780517578125,0.3351591486595945,-0.06153895145275919,0.06573486328125,0.97418212890625,-0.17263804151860368,0.06594838426264632,0.12931818627194816
273,0.068359375,-0.7109375,0.0509033203125,-0.697998046875,0.26971435546875,0.918212890625,0.27032470703125,0.10498046875,0.4854736328125,0.29376220703125,0.72015380859375,0.39910888671875,0.6800537109375,0.70794677734375,0.03900146484375,0.18621826171875,0.93780517578125,0.33502197265625,-0.061767578125,0.06573486328125,0.97418212890625,-0.1727294921875,0.06585693359375,0.1292724609375
274,0.06836304935723242,-0.7109381123928721,0.05090148313388379,-0.6979974344821279,0.2694738892009824,0.91815185546875,0.2704461649508779,0.10540526527226173,0.4854754699911162,0.29376098224550584,0.7201531962008779,0.39910888671875,0.6800561605089883,0.7079443277722617,0.038999015272261725,0.18622132368311034,0.93780517578125,0.3350213602633779,-0.06177064008936035,0.06573486328125,0.97418212890625,-0.1727294921875,0.06585264684364552,0.12927368572324413
275,0.0687255859375,-0.71099853515625,0.05072021484375,-0.69793701171875,0.26983642578125,0.91815185546875,0.2703857421875,0.10516357421875,0.48565673828125,0.29364013671875,0.7200927734375,0.39910888671875,0.6802978515625,0.70770263671875,0.03875732421875,0.1865234375,0.93780517578125,0.3349609375,-0.06207275390625,0.06573486328125,0.97418212890625,-0.1727294921875,0.0654296875,0.12939453125
276,0.0687255859375,-0.71099853515625,0.05072021484375,-0.69793701171875,0.26993032602163464,0.9181049053485577,0.27029184194711536,0.10530442457932691,0.48565673828125,0.29364013671875,0.7200927734375,0.39910888671875,0.6802978515625,0.70770263671875,0.03875732421875,0.1865234375,0.93780517578125,0.3349609375,-0.06207275390625,0.06573486328125,0.97418212890625,-0.1727294921875,0.0654296875,0.12939453125
277,0.06878662109375,-0.7110595703125,0.05084228515625,-0.6978759765625,0.2698974609375,0.91815185546875,0.2701416015625,0.105224609375,0.48583984375,0.2935791015625,0.72003173828125,0.39898681640625,0.68035888671875,0.7076416015625,0.0386962890625,0.1864013671875,0.93792724609375,0.3348388671875,-0.06201171875,0.06561279296875,0.97418212890625,-0.17279052734375,0.065673828125,0.12939453125
278,0.06872211571122493,-0.7110918230037625,0.05087453784751254,-0.6978114711799749,0.2700448434887124,0.91815185546875,0.27005178394126256,0.10513132152748746,0.48583984375,0.29361135425376256,0.72003173828125,0.39898681640625,0.6803266340274875,0.7077061069450251,0.03872854175376254,0.18636911449623747,0.93792724609375,0.33480661449623744,-0.06197946605873746,0.06558054027748746,0.97418212890625,-0.17279052734375,0.06570608081626254,0.1293300258674749
279,0.06866455078125,-0.71112060546875,0.0509033203125,-0.69775390625,0.26995849609375,0.91815185546875,0.27008056640625,0.1051025390625,0.48583984375,0.29364013671875,0.72003173828125,0.39898681640625,0.68035888671875,0.70770263671875,0.03875732421875,0.186279296875,0.93792724609375,0.33477783203125,-0.06195068359375,0.0655517578125,0.97418212890625,-0.17279052734375,0.06573486328125,0.1292724609375
280,0.06861188499425168,-0.7111381607310828,0.0509033203125,-0.69775390625,0.26998442072533446,0.91815185546875,0.27011567693091554,0.10499802401233277,0.48580473322533446,0.29365769198108277,0.7200492935435828,0.39896926114391723,0.6803413314564172,0.70770263671875,0.03884510053041387,0.186279296875,0.93792724609375,0.33479538729358277,-0.06189801780675168,0.06551664728783445,0.97418212890625,-0.17277297208141723,0.06573486328125,0.12925490567516723
281,0.0684814453125,-0.711181640625,0.0509033203125,-0.69775390625,0.2698974609375,0.91815185546875,0.27020263671875,0.10504150390625,0.4857177734375,0.293701171875,0.7200927734375,0.39892578125,0.6802978515625,0.70770263671875,0.0390625,0.186279296875,0.93792724609375,0.3348388671875,-0.061767578125,0.0654296875,0.97418212890625,-0.1727294921875,0.06573486328125,0.12921142578125
282,0.06847287181229096,-0.711190214125209,0.05090617814590301,-0.697745332749791,0.27000809991638797,0.918215748458403,0.269903176604306,0.10491371792694398,0.48570919993729095,0.29371831887541805,0.7200927734375,0.39892292341659696,0.680294993729097,0.707711210218959,0.03906535783340301,0.18626214987458192,0.93792724609375,0.33484172502090304,-0.061753288957984945,0.06542682966659699,0.97418212890625,-0.1727294921875,0.06574629461486205,0.12921714144805602
283,0.06829833984375,-0.71136474609375,0.05096435546875,-0.69757080078125,0.269775390625,0.91827392578125,0.27001953125,0.10479736328125,0.48553466796875,0.2940673828125,0.7200927734375,0.39886474609375,0.68023681640625,0.7078857421875,0.03912353515625,0.1859130859375,0.93792724609375,0.33489990234375,-0.06146240234375,0.06536865234375,0.97418212890625,-0.1727294921875,0.06597900390625,0.12933349609375
284,0.06829833984375,-0.71136474609375,0.05096435546875,-0.69757080078125,0.269775390625,0.91827392578125,0.26987194456783026,0.10494494996341974,0.48553466796875,0.2940673828125,0.7200927734375,0.39886474609375,0.68023681640625,0.7078857421875,0.03912353515625,0.1859130859375,0.93792724609375,0.33489990234375,-0.06146240234375,0.06536865234375,0.97418212890625,-0.1727294921875,0.06597900390625,0.12933349609375
285,0.0682373046875,-0.7115478515625,0.05078125,-0.6973876953125,0.269775390625,0.91827392578125,0.27008056640625,0.104736328125,0.48541259765625,0.29412841796875,0.72015380859375,0.39886474609375,0.68017578125,0.70794677734375,0.03936767578125,0.1856689453125,0.93792724609375,0.3349609375,-0.061279296875,0.06512451171875,0.97418212890625,-0.17266845703125,0.06591796875,0.129150390625
286,0.0682373046875,-0.7115478515625,0.05078125,-0.6973876953125,0.269844386888587,0.9183084239130435,0.2699080757472826,0.10470182999320653,0.48541259765625,0.29412841796875,0.72015380859375,0.39886474609375,0.68017578125,0.70794677734375,0.03936767578125,0.1856689453125,0.93792724609375,0.3349609375,-0.061279296875,0.06512451171875,0.97418212890625,-0.17266845703125,0.06591796875,0.129150390625
287,0.068115234375,-0.71173095703125,0.05072021484375,-0.697265625,0.26971435546875,0.9183349609375,0.26995849609375,0.10455322265625,0.48541259765625,0.29449462890625,0.72015380859375,0.398681640625,0.68011474609375,0.7081298828125,0.03955078125,0.185302734375,0.93792724609375,0.3349609375,-0.06109619140625,0.06494140625,0.97418212890625,-0.1727294921875,0.06591796875,0.129150390625
288,0.068115234375,-0.71173095703125,0.05072021484375,-0.697265625,0.26971435546875,0.9183547616403637,0.2698990939851589,0.10455322265625,0.48541259765625,0.29449462890625,0.72015380859375,0.398681640625,0.68011474609375,0.7081298828125,0.03955078125,0.185302734375,0.93792724609375,0.3349609375,-0.06109619140625,0.06494140625,0.97418212890625,-0.1727294921875,0.06591796875,0.129150390625
289,0.06805419921875,-0.71185302734375,0.0506591796875,-0.6971435546875,0.2696533203125,0.91839599609375,0.2698974609375,0.10443115234375,0.4853515625,0.29461669921875,0.72015380859375,0.39862060546875,0.68011474609375,0.70819091796875,0.0396728515625,0.18505859375,0.93792724609375,0.33502197265625,-0.06097412109375,0.06475830078125,0.9742431640625,-0.172607421875,0.0660400390625,0.12908935546875
290,0.06805419921875,-0.71185302734375,0.0506591796875,-0.6971435546875,0.2696533203125,0.91839599609375,0.2698974609375,0.10443625561768395,0.4853515625,0.29461669921875,0.72015380859375,0.39862060546875,0.68011474609375,0.70819091796875,0.0396728515625,0.18505859375,0.93792724609375,0.33502197265625,-0.06097412109375,0.06475830078125,0.9742431640625,-0.172607421875,0.0660400390625,0.12908935546875
291,0.06805419921875,-0.71185302734375,0.05059814453125,-0.69708251953125,0.26971435546875,0.91839599609375,0.2698974609375,0.1044921875,0.4853515625,0.294677734375,0.72015380859375,0.39862060546875,0.68011474609375,0.708251953125,0.0396728515625,0.1849365234375,0.93798828125,0.3349609375,-0.06109619140625,0.064697265625,0.9742431640625,-0.172607421875,0.06597900390625,0.12908935546875
292,0.06805419921875,-0.71185302734375,0.05059814453125,-0.69708251953125,0.26971435546875,0.91839599609375,0.2698974609375,0.1044921875,0.4853515625,0.294677734375,0.72015380859375,0.39862060546875,0.68011474609375,0.708251953125,0.0396728515625,0.1849365234375,0.93798828125,0.3349609375,-0.06109619140625,0.064697265625,0.9742431640625,-0.172607421875,0.06597900390625,0.12908935546875
293,0.06793212890625,-0.7117919921875,0.05072021484375,-0.6971435546875,0.26959228515625,0.91839599609375,0.2698974609375,0.10443115234375,0.4852294921875,0.2947998046875,0.72021484375,0.39862060546875,0.6800537109375,0.708251953125,0.0399169921875,0.18505859375,0.93798828125,0.33502197265625,-0.06085205078125,0.0648193359375,0.9742431640625,-0.17254638671875,0.06610107421875,0.129150390625
294,0.06793212890625,-0.7117919921875,0.05072021484375,-0.6971435546875,0.26959228515625,0.91839599609375,0.2698974609375,0.10443115234375,0.4852294921875,0.2947998046875,0.72021484375,0.39862060546875,0.6800537109375,0.708251953125,0.0399169921875,0.18505859375,0.93798828125,0.33502197265625,-0.06085205078125,0.0648193359375,0.9742431640625,-0.17254638671875,0.06610107421875,0.129150390625
295,0.06805419921875,-0.7117919921875,0.05078125,-0.6971435546875,0.269775390625,0.91839599609375,0.26971435546875,0.10443115234375,0.48529052734375,0.29498291015625,0.7200927734375,0.3984375,0.68011474609375,0.70819091796875,0.03973388671875,0.1851806640625,0.93798828125,0.33489990234375,-0.06097412109375,0.0648193359375,0.97418212890625,-0.172607421875,0.06622314453125,0.1290283203125
296,0.06805419921875,-0.7117919921875,0.05078125,-0.6971435546875,0.269775390625,0.91839599609375,0.26971435546875,0.10443115234375,0.48529052734375,0.29498291015625,0.7200927734375,0.3984375,0.68011474609375,0.70819091796875,0.03973388671875,0.1851806640625,0.93798828125,0.33489990234375,-0.06097412109375,0.0648193359375,0.97418212890625,-0.172607421875,0.06622314453125,0.1290283203125
297,0.068115234375,-0.71185302734375,0.0506591796875,-0.69708251953125,0.269775390625,0.91839599609375,0.26971435546875,0.1044921875,0.48541259765625,0.29486083984375,0.7200927734375,0.39849853515625,0.68017578125,0.70806884765625,0.0396728515625,0.185302734375,0.93798828125,0.3349609375,-0.06097412109375,0.06488037109375,0.9742431640625,-0.172607421875,0.0660400390625,0.12908935546875
298,0.068115234375,-0.71185302734375,0.0506591796875,-0.69708251953125,0.269775390625,0.91839599609375,0.26971435546875,0.1044921875,0.48541259765625,0.29486083984375,0.7200927734375,0.39849853515625,0.68017578125,0.70806884765625,0.0396728515625,0.185302734375,0.93798828125,0.3349609375,-0.06097412109375,0.06488037109375,0.9742431640625,-0.172607421875,0.0660400390625,0.12908935546875
299,0.068115234375,-0.71197509765625,0.0506591796875,-0.69696044921875,0.269775390625,0.91851806640625,0.26947021484375,0.1041259765625,0.48541259765625,0.295166015625,0.72015380859375,0.398193359375,0.68011474609375,0.70819091796875,0.039794921875,0.184814453125,0.93798828125,0.33502197265625,-0.06085205078125,0.064453125,0.9742431640625,-0.172607421875,0.0660400390625,0.12890625
