timestep,imu0_w,imu0_x,imu0_y,imu0_z,imu1_w,imu1_x,imu1_y,imu1_z,imu2_w,imu2_x,imu2_y,imu2_z,imu3_w,imu3_x,imu3_y,imu3_z,imu4_w,imu4_x,imu4_y,imu4_z,imu5_w,imu5_x,imu5_y,imu5_z
0,0.73291015625,0.4432373046875,-0.50067138671875,-0.125,0.8804931640625,0.31298828125,0.31512451171875,0.165283203125,0.49505615234375,-0.4306640625,0.73004150390625,-0.19091796875,0.91357421875,-0.227294921875,0.33709716796875,0.0057373046875,0.87518310546875,-0.4503173828125,0.163818359375,0.0657958984375,0.74810791015625,-0.65875244140625,0.0772705078125,-0.01788330078125
1,0.73291015625,0.4432373046875,-0.50067138671875,-0.125,0.8804931640625,0.31298828125,0.31512451171875,0.165283203125,0.49474015762176005,-0.4304533993520067,0.73035749862824,-0.19086530296300167,0.9133635556020067,-0.2270842587270067,0.33778182319972827,0.005315978391513378,0.8751304396817516,-0.450159385451505,0.16466101196697325,0.06547990371551003,0.7481605759432484,-0.658594444045255,0.07790249725647994,-0.018462624438231604
2,0.73304304550324,0.44328160110524667,-0.5004499046300167,-0.125,0.8804045712270067,0.3130768740854933,0.3153016973897366,0.165283203125,0.4949114234949833,-0.430419921875,0.7302305291727634,-0.19085693359375,0.9134186709604933,-0.22705078125,0.3376248464935201,0.005337616272993311,0.8752106631479933,-0.45008998092600333,0.16452914336852006,0.0654296875,0.7481246488947534,-0.6586136323552466,0.07831300461172659,-0.018687576753239968
3,0.73309326171875,0.44329833984375,-0.5003662109375,-0.125,0.88037109375,0.3131103515625,0.31536865234375,0.165283203125,0.4947436278480351,-0.43034806777801005,0.7304150635582148,-0.19082100654525502,0.9133084402435201,-0.22701485420150502,0.3378836845474498,0.005335166701505017,0.8751004324310201,-0.45014509628448995,0.1650753978104097,0.06517819816053512,0.74810791015625,-0.65863037109375,0.07843017578125,-0.01873779296875
4,0.7332310501149666,0.4432432244852634,-0.5002008648620402,-0.12494488464151338,0.8803986514292433,0.3130827938832567,0.3153135369852634,0.16533831848348662,0.4945403134145067,-0.4302702938832567,0.7305908203125,-0.19090612915447325,0.9131528924540134,-0.22712753448996656,0.33827255402121653,0.00531005859375,0.8748070962452968,-0.4504157739339465,0.16594070893864968,0.06491976836852006,0.7477496603260869,-0.6589886209239131,0.07881598329065635,-0.018820466006479932
5,0.7335135673599499,0.44311870460127506,-0.4999040584500418,-0.12480117644753344,0.8804705055262333,0.31310688133622494,0.3150930755513169,0.16542446174749165,0.49464115410744147,-0.4301216865463002,0.7305524436925167,-0.19107841568248327,0.9131435024299749,-0.22721816863503344,0.33830562323630853,0.005252493663775084,0.8746303188362249,-0.45062602882002506,0.16632774123380017,0.06470420607755016,0.7473528297449833,-0.6593662631950251,0.07920791472878344,-0.019055216607441472
6,0.7337646484375,0.4429931640625,-0.49969482421875,-0.1246337890625,0.8805758371002299,0.3131566892898202,0.31480157654420987,0.16541221389005017,0.4948042547423704,-0.4298922433502299,0.7305228447036999,-0.1912270230194398,0.9132041293243102,-0.2271156948944398,0.3381425226013796,0.005062039480560201,0.8746909457305602,-0.4505654019256898,0.1662714010895694,0.06444230605926003,0.7472093256819607,-0.6594787393525293,0.07927854404002926,-0.0192832308868102
7,0.7337768962949415,0.4429882649195234,-0.49968257636130853,-0.12463133949101171,0.8806787191027383,0.31280517578125,0.3149950926917851,0.1651537840980351,0.4942163575851798,-0.4299853270667851,0.7307690266382734,-0.1915283203125,0.9129101807457148,-0.2274096434730351,0.3387304197585702,0.0047607421875,0.8743969971519648,-0.4508593505042851,0.16716059553982024,0.06438719070077341,0.7461621338707148,-0.6605761473792852,0.08037350249529682,-0.018991731879703176
8,0.7340402252299331,0.44288293334552675,-0.4994192474263169,-0.12457867370401338,0.8807313848897366,0.31280517578125,0.31483709533079013,0.16499578673704013,0.49453235230716974,-0.42982732970579013,0.7306636950642768,-0.1915283203125,0.9130681781067098,-0.22725164611204013,0.33841442503658026,0.0047607421875,0.8745549945129598,-0.45070135314329013,0.16684460081783026,0.06428185912677675,0.7463201312317098,-0.6604181500182902,0.0801628393473035,-0.019202395027696488
9,0.73406982421875,0.44287109375,-0.4993896484375,-0.12457275390625,0.8807373046875,0.31280517578125,0.3148193359375,0.16497802734375,0.49414715719063546,-0.42966933234479515,0.7309790773933946,-0.19166855828020485,0.9130859375,-0.22700015677257526,0.33851914421770485,0.00462050421979515,0.8744325159385451,-0.45068359375,0.1673700339020694,0.0639895435958403,0.7458704307326505,-0.6607276125496446,0.0813545558763587,-0.019459804164924748
10,0.7342617073186664,0.44287109375,-0.49912101209761706,-0.12445762404630016,0.8807373046875,0.31288192902121653,0.31474258269753347,0.16497802734375,0.49432556764736624,-0.4295113349838002,0.7309255950825669,-0.19182655564119983,0.9132394439799331,-0.22689033431751673,0.33825499875888376,0.004539260098766722,0.8745047782974499,-0.45068359375,0.1672344909463838,0.0637503021138169,0.7459194221624164,-0.6606741302388169,0.0815725677388169,-0.0191858604201505
11,0.734375,0.44287109375,-0.49896240234375,-0.1243896484375,0.8807373046875,0.31292724609375,0.314697265625,0.16497802734375,0.49426677793164714,-0.4293833448735368,0.7310450116926213,-0.1918345167485368,0.9133000708742683,-0.22671763952759197,0.3382537739731396,0.0045166015625,0.8746627756584449,-0.45044353574414714,0.1670832299069816,0.06392973322533445,0.74603271484375,-0.66058349609375,0.08148193359375,-0.01898193359375
12,0.7344182757629598,0.4428927316314799,-0.49887585081783026,-0.12436801055602006,0.8807373046875,0.31301379761966974,0.3146323519805602,0.16502130310670987,0.4940834683319398,-0.4292563754180602,0.73126220703125,-0.1917724609375,0.9133339566131898,-0.22645431059260032,0.3382884762358905,0.004538239443979933,0.8747774972564799,-0.4501953125,0.16700606840510032,0.06418734649352006,0.7460976284881898,-0.6605185824493102,0.08146029571227006,-0.0189170199493102
13,0.7345236073369565,0.44291886039402173,-0.49870499320652173,-0.12431534476902174,0.8807373046875,0.31318465523097827,0.31447435461956524,0.16510009765625,0.49422819718070654,-0.42911164656929346,0.7312489385190217,-0.19178572944972827,0.9134654169497283,-0.22624405570652173,0.33798615828804346,0.004564368206521739,0.8748699685801631,-0.4500891644021739,0.16682235054347827,0.06413468070652174,0.7462290888247283,-0.6603871221127717,0.08140762992527174,-0.01882536514945652
14,0.734619140625,0.44287109375,-0.4986572265625,-0.124267578125,0.8807422038304766,0.3132373210179766,0.31431145811559363,0.16510499679922658,0.49433352875470316,-0.4290210124242266,0.7311962727320234,-0.19182859695077342,0.9135180827367266,-0.22618159163357024,0.337890625,0.004521500705476589,0.8750659342992266,-0.44968743467809363,0.16687501633047658,0.06411630892035954,0.7462866537547032,-0.6603246580398202,0.08135986328125,-0.018906201008570236
15,0.734619140625,0.44287109375,-0.4986572265625,-0.124267578125,0.8807948696174749,0.31328998680497494,0.31410079496760035,0.1651576625862249,0.4944388603286998,-0.42907367821122494,0.7311436069450251,-0.1917759311637751,0.9135707485237249,-0.22602359427257526,0.337890625,0.004574166492474916,0.8751186000862249,-0.44947677153010035,0.1669276821174749,0.0644323036423495,0.7463919853286999,-0.6601666606788252,0.08135986328125,-0.018748203647575252
16,0.7346683361857232,0.44282189818927675,-0.4986572265625,-0.1241691870035535,0.8808967309651965,0.31324426147052675,0.3139885229410535,0.16511193725177675,0.49444580078125,-0.4289787573160535,0.73114013671875,-0.1918708520589465,0.9136234143107232,-0.22596398803302675,0.33784142943927675,0.004430050036580268,0.8751220703125,-0.449462890625,0.16693115234375,0.06430553831783027,0.74639892578125,-0.66015625,0.08140905884197325,-0.018885379650919732
17,0.73468017578125,0.44281005859375,-0.4986572265625,-0.1241455078125,0.88092041015625,0.313232421875,0.31396484375,0.16510009765625,0.49440497458977845,-0.4291592090823579,0.7310584843358069,-0.19185370505852842,0.9135944277147784,-0.22591132224602842,0.3379928946096363,0.00439453125,0.8752853750783863,-0.4490546287102843,0.16713528330110786,0.06467828144596571,0.7465622305471363,-0.6599521190426422,0.08158420320338629,-0.018594288905727424
18,0.7346477189590301,0.4429074290604097,-0.4986247697402801,-0.1240481373458403,0.8810177806229097,0.31297276729724083,0.3139323869277801,0.1649378135451505,0.494384765625,-0.4293251675506898,0.7309531527618102,-0.19196332338262959,0.9135417619277801,-0.22602094057012959,0.3380088168243102,0.004329617605560201,0.8753337541152801,-0.4489499095291597,0.1671714144805602,0.06481545744931021,0.7467728936951296,-0.6597212469298704,0.08172995270693979,-0.017945764854201504
19,0.734619140625,0.44304133896843645,-0.4985721039532818,-0.12386605253187709,0.8811757779839047,0.3126718782660953,0.31385563368781355,0.16477083442203178,0.49433659071906355,-0.4295750238424958,0.7307996462818771,-0.19214989907765467,0.9136336208585911,-0.22601481664140885,0.337734873079536,0.004296548390468227,0.8754497004990593,-0.44874659509563125,0.1670179080006271,0.06507143766983696,0.7468390321253136,-0.6596551084996864,0.08173893446906355,-0.017589352202654684
20,0.734619140625,0.443115234375,-0.49853515625,-0.12371826171875,0.8813337753448997,0.31246672665395064,0.31376602019753347,0.16463957821645067,0.4942312591450669,-0.4300435043896321,0.7305732650501672,-0.19224502410378344,0.9139283859610159,-0.22573576962270067,0.3371508544105351,0.004474958847198995,0.87567138671875,-0.44830322265625,0.1668701171875,0.0655517578125,0.7469537537233487,-0.6595403869016513,0.08155501247648411,-0.017354397470735788
21,0.7346411867683946,0.443115234375,-0.4985131101066054,-0.12369621557535534,0.8814844239914298,0.31219482421875,0.3136839595526756,0.16436767578125,0.4941626711433946,-0.4305272947585702,0.7303393309730352,-0.19221440446017976,0.9142603028976798,-0.2254565184730351,0.3363963863921405,0.004868115071070234,0.8758110122935828,-0.4481048073656982,0.16658351732336957,0.06572812695965718,0.7475049073082148,-0.6589892333167852,0.08121574682535534,-0.016394165447324416
22,0.7347991841293896,0.443115234375,-0.49835511274561034,-0.12353821821436037,0.8815897555654264,0.31219482421875,0.31342063061768394,0.16436767578125,0.49432066850438966,-0.4304219631845736,0.7302866651860368,-0.19231973603417643,0.9143656344716764,-0.2254038526860368,0.33618572324414714,0.004762783497073579,0.876811662246551,-0.4466828311167433,0.16452955163043478,0.06699210584761706,0.7475575730952132,-0.6589365675297868,0.08105774946436037,-0.016657494382316052
23,0.73480224609375,0.443115234375,-0.49835205078125,-0.12353515625,0.8816434420072116,0.31214317908653844,0.3135188176081731,0.16395451472355768,0.49447866586538464,-0.43062650240384615,0.7301307091346154,-0.19206355168269232,0.9147808368389423,-0.22519625150240385,0.3352520282451923,0.005277193509615386,0.8776057316706731,-0.44577730618990385,0.1624755859375,0.06804950420673077,0.7479201096754807,-0.6586256760817307,0.08084810697115384,-0.01593956580528846
24,0.7348887976196697,0.44302868284908026,-0.49830877501829013,-0.12344860472408027,0.8816961077942098,0.31222034058841974,0.3134077703673704,0.16387939453125,0.49459338746341974,-0.4305342352111204,0.7301025390625,-0.19205987732545987,0.9148992327942098,-0.22507213988033026,0.33499645628658026,0.005284542224080268,0.8777898577942098,-0.44553112425533026,0.16206609923704013,0.06815075316158027,0.7480291156067098,-0.6584827844115803,0.080810546875,-0.0159379327576296
25,0.73492431640625,0.4429931640625,-0.498291015625,-0.1234130859375,0.8816789607937918,0.3122907657687082,0.31349411776233277,0.16366995616900085,0.4945939998562918,-0.4305507698186664,0.7301025390625,-0.1919729175376254,0.9150217113686245,-0.2249319019126254,0.33468168635033446,0.005388649012332776,0.8780519619434574,-0.44521635431908446,0.16135021196958613,0.06842939191837374,0.7481865005748328,-0.6583425464438755,0.08042657654420987,-0.015572334213001672
26,0.7350039274796195,0.442940090013587,-0.49821140455163043,-0.12343962296195653,0.88165283203125,0.31239650560461957,0.3135986328125,0.16332742442255435,0.4946740191915761,-0.430549953294837,0.7300760020380435,-0.19184145720108695,0.9151797087296195,-0.22472083050271738,0.3343665081521739,0.005413552989130435,0.8782879373301631,-0.44492771314538043,0.16074802564538043,0.06866455078125,0.748397163722826,-0.658158012058424,0.08016569718070653,-0.015471085258152174
27,0.7351800924958194,0.4428347584395903,-0.49801707188022576,-0.12349228874895485,0.88165283203125,0.3125363353104097,0.31350779453647576,0.1631586081208194,0.4948483470291597,-0.4304082864104306,0.7300596715614549,-0.19175429328229515,0.9153377060906146,-0.22449383687813546,0.33413767734897576,0.005346393904159699,0.8784477718697743,-0.44473338047397576,0.16046285469795152,0.0685555448500209,0.7485896592156146,-0.6579473489104306,0.08010935703647576,-0.015765237967704848
28,0.7353515625,0.4427490234375,-0.497802734375,-0.12353515625,0.8816626303172032,0.31263186859845316,0.31328365874529684,0.16327128840928093,0.49489488888743727,-0.43023681640625,0.7301221356344063,-0.19174082063910952,0.9154369137358904,-0.22439462923285952,0.3339723312735159,0.00536354090457776,0.878662109375,-0.44451904296875,0.1600341796875,0.06829833984375,0.7487084634327968,-0.6577856771922032,0.07992441438910954,-0.015886491756375416
29,0.735354420333403,0.44274616560409696,-0.497802734375,-0.1235365851667015,0.8817138671875,0.31268596330215304,0.3132309929582985,0.1629638671875,0.49469279923965304,-0.4302353874895485,0.730224609375,-0.191891673416597,0.9152846320417015,-0.22454405309364547,0.334228515625,0.0050048828125,0.8786563937081939,-0.444524758635556,0.16005132668791805,0.06828833742683947,0.748660084395903,-0.657834056229097,0.080078125,-0.016297815635451504
30,0.7354597519073997,0.44264083403010035,-0.497802734375,-0.12358925095369984,0.8817138671875,0.31279129487614965,0.3131783271713002,0.1629638671875,0.49479813081364965,-0.4301827217025502,0.730224609375,-0.19178634184260032,0.9153372978286999,-0.2243860557326505,0.334228515625,0.0050048828125,0.8784457305602007,-0.44473542178354936,0.16068331613189799,0.06791967691785117,0.7487654159698997,-0.6577287246551003,0.080078125,-0.016350481422449832
31,0.7354736328125,0.442626953125,-0.497802734375,-0.12359619140625,0.8817595925219481,0.3127594504468018,0.3132171120531982,0.16282669118415552,0.4946748357154055,-0.4303129572533445,0.730224609375,-0.1917724609375,0.9152527876123536,-0.22441095970944816,0.3343656916283445,0.0050048828125,0.87841796875,-0.4447174582593018,0.16108667890363712,0.06773391774665552,0.7487335715405519,-0.65771484375,0.08035247700668896,-0.016677499216137124
32,0.7355109887776965,0.4426643090901965,-0.4976906664794105,-0.1235588354410535,0.8818122583089465,0.3127067846598035,0.313157709944607,0.162855473649143,0.494703618180393,-0.43035888671875,0.730149897444607,-0.1918098169026965,0.9152595239339465,-0.2244636254964465,0.3342995531981605,0.0050048828125,0.87841796875,-0.4447021484375,0.16108177976066054,0.0676506323160535,0.74871826171875,-0.6577521997151965,0.08033226804191053,-0.016859379899142976
33,0.73553466796875,0.44268798828125,-0.49761962890625,-0.12353515625,0.8818649240959449,0.3126251322768604,0.3131103515625,0.16278688564747074,0.49463503017872074,-0.43047483310252926,0.7301315256584449,-0.19183349609375,0.9152252299331104,-0.22440034489966557,0.3344314217966137,0.00485994983277592,0.8783889821540551,-0.4447021484375,0.16132959474289296,0.0674530335493311,0.7488342081025292,-0.6576019593305811,0.0804351500444189,-0.01705167126097408
34,0.7355759024221363,0.44270860550794316,-0.49753715999947745,-0.12349392179661371,0.8820000587897158,0.3124373317960911,0.3129866482023411,0.1625556052727843,0.4944656014841137,-0.4307267307039089,0.7301017225386706,-0.19191596500052258,0.9151817500391931,-0.22432481644544314,0.33463514449205684,0.004679089804556856,0.87835693359375,-0.44472276566419316,0.1615790427727843,0.06721950773411371,0.7490036367971363,-0.6573271990619775,0.08075114476640886,-0.017459320782817724
35,0.7356934818535744,0.44276127129494147,-0.4973264968514841,-0.12340083808005853,0.8822143962949415,0.31218257636130853,0.31268290133779264,0.16239025919732442,0.4944337570547659,-0.43096923828125,0.7299437251776756,-0.19208988457619147,0.9152344158261915,-0.224365234375,0.3345457351327341,0.004650919732441471,0.87835693359375,-0.44477543145119147,0.16138920098244147,0.06711417616011706,0.7490967205136915,-0.65716552734375,0.08094466091398411,-0.017968831652382944
36,0.73583984375,0.44281005859375,-0.49713134765625,-0.12335205078125,0.8822786975465092,0.3121066396451714,0.31243896484375,0.1625249856291806,0.4946056353208612,-0.4309963876985786,0.7297934847930602,-0.1921425503631898,0.9152754461486204,-0.22437299135137959,0.334369978378449,0.004684193078490802,0.87835693359375,-0.44482421875,0.16143798828125,0.0670166015625,0.7491416293243102,-0.6571616488555602,0.08079217508883779,-0.018101312643708196
37,0.73583984375,0.44281005859375,-0.49713134765625,-0.12335205078125,0.8824893606945025,0.3117379791361831,0.31243896484375,0.16236698826818563,0.49428964059887126,-0.4313650482075669,0.7297408190060619,-0.19219521615018811,0.9151701145746237,-0.22447832292537626,0.33463330731344065,0.004473529930497491,0.87835693359375,-0.44482421875,0.16143798828125,0.0670166015625,0.7490889635373119,-0.6571089830685619,0.08137149874581939,-0.018575304726693144
38,0.7359843684678093,0.44266553387594065,-0.49708317275031355,-0.12325570096937709,0.88250732421875,0.3118028927806229,0.3122462652200042,0.16230534071906355,0.49440722003030935,-0.4312037847512542,0.7297845030309364,-0.19224788193718645,0.9152093077184364,-0.22429460506375418,0.3345594119068771,0.004311041688440636,0.8782605837818771,-0.44482421875,0.16191973734061454,0.0665830274090719,0.7491808224681229,-0.6569599674696907,0.0814208984375,-0.018760247374059364
39,0.73602294921875,0.442626953125,-0.4970703125,-0.12322998046875,0.8825471297554348,0.31174900220788043,0.31223462975543476,0.16221286939538043,0.49428657863451086,-0.43123195482336957,0.7298371688179348,-0.19230054772418478,0.9151425568953805,-0.22436258067255435,0.3347327190896739,0.004232655400815218,0.8781950577445652,-0.44490382982336957,0.16224736752717392,0.06638767408288043,0.74920654296875,-0.65692138671875,0.0816199261209239,-0.01911727241847826
40,0.7360858215536162,0.44256408079013376,-0.4970388763325669,-0.1231985443013169,0.8825997955424331,0.31176941530361624,0.31216155087270064,0.16217041015625,0.49426453249111624,-0.43121154172763376,0.7298583984375,-0.19232177734375,0.9151315338236831,-0.2243633971963838,0.3348074310200669,0.00417998961381689,0.8782052642924331,-0.44488341672763376,0.1622906432901338,0.06628234250888378,0.7492694153036162,-0.6568585143838838,0.0816946380513169,-0.01934998170986622
41,0.7361911531276129,0.44245874921613715,-0.4969862105455686,-0.12312281171613712,0.8826063277330686,0.31189781367579433,0.31202662030988715,0.1621012097617057,0.49436986406511285,-0.43106007655727424,0.7298814652356814,-0.19229871054556857,0.9151149992161371,-0.22430419921875,0.33487009922397576,0.004081190230455686,0.87823486328125,-0.4448011519518186,0.16232371250522576,0.06617701093488712,0.7493516800794314,-0.6567531828098871,0.08175730625522576,-0.019616780871132944
42,0.73626708984375,0.4423828125,-0.4969482421875,-0.123046875,0.8825536619460702,0.3120411136078595,0.31200947330946904,0.16197260725857024,0.49444580078125,-0.430908203125,0.72991943359375,-0.1922607421875,0.9150537599289298,-0.22430419921875,0.3349925777983905,0.003996680014109531,0.87823486328125,-0.44476318359375,0.1624755859375,0.06610107421875,0.7493602535796404,-0.6566919435226798,0.08198266683214883,-0.019987890951609532
43,0.7362797459631062,0.4423764844403219,-0.4969419141278219,-0.12302789082096571,0.882513652278428,0.3121337890625,0.3121758400397157,0.1619199414715719,0.4944647849602843,-0.4308828908862876,0.72991943359375,-0.1922607421875,0.915106425715928,-0.2242978711590719,0.3348872462243938,0.00407037128971572,0.8782222071618938,-0.4447821677727843,0.16251355429556857,0.06607576198003763,0.749273906184678,-0.65673828125,0.08221435546875,-0.020105878644962372
44,0.7363850775371028,0.4423238186533236,-0.4968892483408236,-0.12286989345997074,0.8825663180654264,0.3121337890625,0.31201784267872074,0.16186727568457357,0.49462278232127926,-0.43067222773829433,0.72991943359375,-0.1922607421875,0.9151590915029264,-0.22424520537207357,0.33478191465039714,0.003912373928720736,0.8781168755878972,-0.44494016513377926,0.16282954901755853,0.06586509883204432,0.7493265719716764,-0.65673828125,0.08221435546875,-0.020316541792955684
45,0.73638916015625,0.44232177734375,-0.49688720703125,-0.12286376953125,0.8825177348975752,0.31218441353992477,0.31216359218227424,0.1617639854201505,0.49457828177257523,-0.4305628135451505,0.7300206825485995,-0.1922607421875,0.9151105083350752,-0.22439503749477424,0.33477783203125,0.004007498954849499,0.87811279296875,-0.4449462890625,0.162841796875,0.06585693359375,0.7492779888038252,-0.65673828125,0.08241685337844899,-0.02032470703125
46,0.7364736703725961,0.4422795222355769,-0.4968449519230769,-0.12273700420673077,0.8825495793269231,0.3122370793269231,0.3120258037860577,0.16170090895432693,0.49465238131009615,-0.43045748197115385,0.73004150390625,-0.19234525240384615,0.9151423527644231,-0.22438401442307693,0.33469332181490385,0.0039015549879807686,0.8780705378605769,-0.4449885441706731,0.16288405198317307,0.06589918870192307,0.749267578125,-0.65673828125,0.08241624098557693,-0.020493727463942308
47,0.73651123046875,0.4422607421875,-0.496826171875,-0.1226806640625,0.8825344736360786,0.3121880878971572,0.31208622654943563,0.16174990038409282,0.4946560556673286,-0.4304538076139214,0.73004150390625,-0.19231504102215718,0.9151272470735786,-0.224365234375,0.3347574189355142,0.00391298632159281,0.8781534150292643,-0.44480400978522155,0.1628689462923286,0.06608739744460702,0.7493692353417643,-0.6566027382943144,0.08232968945965718,-0.020399418961642976
48,0.7364857140990803,0.4423628076661789,-0.49680065550533026,-0.12262963132316053,0.8825583569580895,0.3120317235838211,0.31219482421875,0.16180419921875,0.49460338988033026,-0.43055750614025917,0.7299904711669105,-0.19236280766617894,0.9151511303955895,-0.22433971800533026,0.33471128533915134,0.003992801525919732,0.8781838305419105,-0.4447431787599289,0.16279076413566054,0.06619762816158027,0.7493996508544105,-0.656596206103679,0.08222435788566053,-0.020263671875
49,0.7363816073108278,0.4425563238137542,-0.4967994307195861,-0.12249000574832776,0.8826636885320861,0.31178676643499165,0.31217767721833195,0.16180419921875,0.49455072409333195,-0.43068120950041805,0.72991943359375,-0.19255632381375418,0.9151878739679139,-0.22440708122125835,0.3345679854070861,0.00397687931124582,0.8780784989679139,-0.4449366949075042,0.1628054615645903,0.06602493337165552,0.7493114662808319,-0.65673828125,0.08218761431333613,-0.0203494068770903
50,0.7362060546875,0.44268798828125,-0.49688720703125,-0.122314453125,0.8827339095814172,0.31154099276233277,0.3121337890625,0.16185686500574833,0.4945068359375,-0.43072509765625,0.72991943359375,-0.19268798828125,0.9151176529185828,-0.22466163252508362,0.33462065119408446,0.0038891029995819404,0.87799072265625,-0.445068359375,0.16302490234375,0.065673828125,0.7492763557561664,-0.6567295036188336,0.08225783536266722,-0.02056884765625
51,0.7362052381636706,0.44268880480507944,-0.49688843181699416,-0.12231282007734114,0.8826302110550794,0.31164428302675584,0.3121341973244147,0.16216836884667643,0.4945072441994147,-0.4307246893943353,0.7299190253318353,-0.19268798828125,0.9152213514449206,-0.22461059978574416,0.33441243761757944,0.004148757577341137,0.8779899061324206,-0.4450699924226589,0.16302531060566472,0.06567586943457358,0.7493273884955058,-0.6566788791414089,0.08215413683632942,-0.020569664180079432
52,0.736099906589674,0.4427941363790761,-0.49704642917798914,-0.12210215692934782,0.882735542629076,0.31148628566576086,0.312186863111413,0.16190503991168478,0.494559909986413,-0.430672023607337,0.7298663595448369,-0.19268798828125,0.915116019870924,-0.22476859714673914,0.3345177691915761,0.003938094429347827,0.877884574558424,-0.44528065557065216,0.16307797639266305,0.06593919836956522,0.7491693911345109,-0.6568895422894022,0.08225946841032608,-0.020674995754076088
53,0.736083984375,0.44281005859375,-0.4970703125,-0.1220703125,0.8826620554844272,0.3114176976640886,0.3123289382577341,0.16213346245296822,0.4947019851327341,-0.4307534718593227,0.7297689890781772,-0.19250916956260453,0.91510009765625,-0.22488188982807275,0.3344889867265886,0.004219182757629599,0.87786865234375,-0.4453125,0.1630859375,0.06597900390625,0.7491902124921613,-0.6568766820390887,0.08214127658601589,-0.020422689890781772
54,0.7360476490645903,0.4427373879729306,-0.4972156537416388,-0.1219249712583612,0.88262939453125,0.3114377024979097,0.3123779296875,0.1620134334500418,0.4946419706312709,-0.4306771268812709,0.7298453340562291,-0.1925528535874791,0.9150274270354306,-0.2250235567124791,0.3345816621812291,0.004260825472930602,0.8777596464125209,-0.4453851706208194,0.1633766199832776,0.06597900390625,0.7491702076583403,-0.6568603515625,0.0822739617082985,-0.020433712962479096
55,0.73602294921875,0.44268798828125,-0.497314453125,-0.121826171875,0.8826573604724081,0.31129460669680187,0.3124897934521321,0.16192116625731606,0.49456787109375,-0.43074285704954013,0.7298355357702759,-0.19259898718384197,0.91497802734375,-0.22509765625,0.33465576171875,0.00421142578125,0.877685546875,-0.4454345703125,0.16357421875,0.06597900390625,0.749089575930184,-0.6569442493859741,0.08245339281981605,-0.020479846558841972
56,0.73602294921875,0.4425900054217182,-0.4974124359845318,-0.1217869787311873,0.8826708331155937,0.3111745776938754,0.31264166688440637,0.16186972525606189,0.49450908137803096,-0.4308298168373746,0.7298343109845318,-0.19256591796875,0.9149584307718437,-0.2251368493938127,0.33467535829065637,0.004191829209343646,0.8777051434469063,-0.44541497374059363,0.16357421875,0.06599860047815635,0.7490430340719063,-0.6570042638874373,0.08263711068143813,-0.020485970487562708
57,0.7360004948134407,0.44233790368938125,-0.49769821932483277,-0.1217041015625,0.8826406217339047,0.31131787762594065,0.31268310546875,0.16163232095265467,0.4943959928276547,-0.4306528352973453,0.73004150390625,-0.19255469076609533,0.9149057649848453,-0.22518604495453595,0.33480661449623744,0.004127936219690636,0.8777353548285953,-0.4453623079535953,0.16361912756061872,0.06606249346780936,0.7490620182509407,-0.6569438411240593,0.08293065099811872,-0.020535166048285956
58,0.73590087890625,0.442138671875,-0.498046875,-0.1217041015625,0.8826904296875,0.31120968821854095,0.31268024763534696,0.16169927590666805,0.49445723211486203,-0.430597311676944,0.7300357882394439,-0.192507740645903,0.914858814864653,-0.225033763260347,0.33519078895798493,0.00403689381270903,0.877685546875,-0.4453125,0.163818359375,0.066162109375,0.7489766915107651,-0.6570291678642349,0.08311559364548494,-0.0203857421875
59,0.73590087890625,0.442138671875,-0.498046875,-0.1217041015625,0.8826904296875,0.31105169085754597,0.31262758184834866,0.16201527062865803,0.4946678952628554,-0.4304919801029473,0.7299304566654473,-0.19256040643290134,0.9149114806516513,-0.22498109747334866,0.3349274600229933,0.004194891173704014,0.877685546875,-0.4453125,0.163818359375,0.066162109375,0.7492400204457567,-0.6567658389292433,0.08285226471049331,-0.0203857421875
60,0.7357122619016513,0.44232728887959866,-0.49814118350229936,-0.1217041015625,0.8827375839386497,0.31084653924540134,0.31281068731709866,0.16200118559260032,0.49450132440165134,-0.43066957403584866,0.7298722793426003,-0.19261307221989968,0.9148226836852007,-0.22521135719324833,0.335041365097199,0.004258580032399666,0.8777327011261497,-0.44521819149770064,0.16391266787729933,0.06611495512385034,0.7490789611204013,-0.656879744003449,0.08287186128239966,-0.020244279434051004
61,0.73565673828125,0.4423828125,-0.4981689453125,-0.1217041015625,0.88275146484375,0.310674660979306,0.312749856291806,0.16214244421509197,0.49467851007263797,-0.43064752789245403,0.729819613555602,-0.19258816824310201,0.9149500614025919,-0.22497048266356606,0.33488908340301005,0.0042724609375,0.87774658203125,-0.4451904296875,0.1639404296875,0.06610107421875,0.74921736190949,-0.6567662471911581,0.08269181777801003,-0.020357776246341972
62,0.7355350762306647,0.4425348900632316,-0.49826019185043896,-0.1217041015625,0.8827818803563964,0.3104558325930184,0.3128351830319816,0.16220102979985368,0.4946599341555184,-0.4307551049069816,0.72979736328125,-0.19259633348139632,0.9149782314747074,-0.22491414251933528,0.3348082475438963,0.004211629912207358,0.87774658203125,-0.4452208452001463,0.16391001417485368,0.06604024319345736,0.7492069512306647,-0.6567989081443353,0.08261098191889632,-0.020355530805811036
63,0.735346459226066,0.44268798828125,-0.49841818921143394,-0.1217041015625,0.8828345461433946,0.31014841137123744,0.31305441968018394,0.1622145024430393,0.4944627436507107,-0.4309302492683946,0.7297753171378554,-0.1927151376985786,0.9148949460441054,-0.22505866723714466,0.3349270517610786,0.004128344481605351,0.8777024897444607,-0.4453396494173286,0.16390144067464466,0.06606718847982859,0.7491065187996446,-0.6568993405753554,0.0826856938492893,-0.0202195795882107
64,0.7352294921875,0.44268798828125,-0.49853515625,-0.1217041015625,0.88287353515625,0.30987548828125,0.31317138671875,0.16229248046875,0.494384765625,-0.43096923828125,0.729736328125,-0.19287109375,0.914883310579536,-0.22513868657242894,0.3349872703934992,0.00417141611360786,0.87762451171875,-0.44549560546875,0.1639404296875,0.06622314453125,0.7491455078125,-0.6568603515625,0.082763671875,-0.0201416015625
65,0.7352294921875,0.4426720660665761,-0.49855638586956524,-0.1217041015625,0.8828788425611414,0.30984895125679346,0.3131766941236413,0.16230840268342392,0.4943741508152174,-0.4309639308763587,0.7297469429347826,-0.1928764011548913,0.9149727199388586,-0.22526483950407608,0.33467699133831524,0.004444951596467391,0.8776298191236414,-0.44547437584918476,0.16397227411684784,0.06620722231657608,0.7491561226222826,-0.656844429347826,0.08279020889945653,-0.020146908967391304
66,0.7352294921875,0.44251406870558113,-0.49876704901755853,-0.1217041015625,0.8829315083481396,0.30958562232180187,0.3132293599106396,0.1624664000444189,0.49426881924122074,-0.4309112650893604,0.7298522745087792,-0.19292906694188963,0.9149200541518604,-0.2251068421430811,0.33488765448630853,0.004339620022470736,0.8776824849106396,-0.44526371270119147,0.1642882688388378,0.0660492249555811,0.7492614541962792,-0.6566864319868311,0.08305353783444816,-0.020199574754389632
67,0.7352294921875,0.4425048828125,-0.498779296875,-0.1217041015625,0.8829345703125,0.3095703125,0.313232421875,0.1624755859375,0.4942626953125,-0.430908203125,0.7298583984375,-0.19293212890625,0.9149169921875,-0.22494884478208613,0.33499910998902593,0.00433349609375,0.877685546875,-0.44525146484375,0.164306640625,0.0660400390625,0.749267578125,-0.65667724609375,0.08306884765625,-0.02020263671875
68,0.7352294921875,0.4425461172658863,-0.49869682796822745,-0.12162163265572742,0.8829345703125,0.30940537468645485,0.31339735968854515,0.16259928929765885,0.4941389919523411,-0.4309494375783863,0.7298996328908863,-0.19293212890625,0.9149582266408863,-0.22474961296770485,0.33502197265625,0.004415965000522575,0.8777680157817725,-0.44508652703020485,0.164306640625,0.06608127351588629,0.7494325159385451,-0.6565123082802049,0.08302761320286371,-0.020120167811977424
69,0.7352294921875,0.44256591796875,-0.4986572265625,-0.12158203125,0.8828359750600961,0.30929330679086536,0.3137066180889423,0.16259296123798078,0.49394812950721156,-0.4310349684495192,0.7300180288461539,-0.19280066856971154,0.91497802734375,-0.22467041015625,0.33502197265625,0.00445556640625,0.8778076171875,-0.44500732421875,0.164306640625,0.06610107421875,0.7495774489182693,-0.6563345102163461,0.08297494741586539,-0.019981971153846156
70,0.7352784836172659,0.44263940511339883,-0.4985347479880853,-0.12148404839046822,0.8828249519883988,0.3091671538592182,0.31375683430445234,0.1625856125235159,0.4939334320782818,-0.43109130859375,0.7300045562029682,-0.19281046685566472,0.9149535316288671,-0.22479288873066472,0.33502197265625,0.004333087831835286,0.8777831214726171,-0.4450563156485159,0.16428214491011706,0.06610107421875,0.7496092933476171,-0.6562989914297659,0.08282429876933528,-0.020019939511914716
71,0.7353999415368938,0.44273289709186875,-0.49831979808998744,-0.12128951158810619,0.8829506966581313,0.30900486974811875,0.31355372400188125,0.1626103123693562,0.49406346349811875,-0.43105905590248744,0.7298745247831313,-0.1930415430993938,0.9149331185331313,-0.22495945959186872,0.3349735936193562,0.004118137933737458,0.8776820766487249,-0.4452422789506689,0.1643101108512751,0.06603656883622491,0.7494921221780937,-0.6564527020406563,0.08268998059939381,-0.020267142101275084
72,0.73553466796875,0.44268798828125,-0.49822998046875,-0.12115478515625,0.88299560546875,0.3089599609375,0.3135986328125,0.1624755859375,0.4940185546875,-0.43096923828125,0.72991943359375,-0.19317626953125,0.9149469994382317,-0.2249610926395276,0.33488540904577757,0.004012806359740802,0.87750244140625,-0.445556640625,0.16448974609375,0.06585693359375,0.749267578125,-0.65667724609375,0.08282470703125,-0.02044677734375
73,0.73553466796875,0.44268798828125,-0.49822998046875,-0.12115478515625,0.88299560546875,0.3089599609375,0.3135986328125,0.1624755859375,0.4940185546875,-0.43096923828125,0.72991943359375,-0.19317626953125,0.9147363362902383,-0.22527708736151755,0.3352014037677676,0.003907474785744147,0.87750244140625,-0.445556640625,0.16448974609375,0.06585693359375,0.749267578125,-0.65667724609375,0.08282470703125,-0.02044677734375
74,0.7356908281511287,0.442479774704745,-0.49822998046875,-0.12099862497387123,0.8830476588628763,0.3090640677257525,0.3134945260242475,0.16231942575512123,0.4939144478992475,-0.430761024704745,0.7300755937761287,-0.1932803763195025,0.9148379935070025,-0.22507254814224498,0.33515302473087377,0.0038541966058737455,0.8775544948003763,-0.4454525338367475,0.1645938528820025,0.06564872001724498,0.7491114179426213,-0.6567813528820025,0.08303292060775502,-0.020602937526128764
75,0.7357177734375,0.44244384765625,-0.49822998046875,-0.1209716796875,0.883056640625,0.30908203125,0.3134765625,0.16229248046875,0.4938091163252508,-0.4308998337557483,0.7301025390625,-0.19312360374425167,0.91485595703125,-0.22503662109375,0.33514404296875,0.00384521484375,0.8775634765625,-0.4454345703125,0.16461181640625,0.06561279296875,0.74908447265625,-0.65679931640625,0.08306884765625,-0.0206298828125
76,0.7357530880931229,0.4423732183450042,-0.49822998046875,-0.12090105037625418,0.8829860113137542,0.3091173459056229,0.3135471918112458,0.1623277951243729,0.4938097287181229,-0.43086329431438125,0.7301378537181229,-0.19312482852999582,0.9148912716868729,-0.22493067712688128,0.3351087283131271,0.003951158810618729,0.8776341058737458,-0.44532862634563125,0.16454118709500418,0.06557747831312709,0.7491904166231187,-0.6567286870950042,0.08303353300062709,-0.020735826779368728
77,0.73577880859375,0.44232177734375,-0.49822998046875,-0.120849609375,0.8829076250261287,0.30908917583350753,0.31370641395798493,0.16246129677048496,0.49386239450512126,-0.4308669686716137,0.7301096836460075,-0.19306848838576504,0.9149169921875,-0.224853515625,0.3350830078125,0.0040283203125,0.877685546875,-0.44525146484375,0.16448974609375,0.0655517578125,0.7492406328386287,-0.6567041913801213,0.08306170307274248,-0.020759097708507524
78,0.7357602326766305,0.44234035326086957,-0.49826713230298914,-0.12073815387228261,0.8829106869904891,0.3089652683423913,0.31382419752038043,0.1625047766644022,0.49385933254076086,-0.43093208644701086,0.7300600798233695,-0.19304358440896738,0.9148612644361414,-0.22498354704483695,0.33515731148097827,0.003972592561141306,0.8775926672894022,-0.445381496263587,0.16460120159646738,0.06549603006114131,0.7491508152173914,-0.6567940090013586,0.08316703464673914,-0.02076522163722826
79,0.7357381865332357,0.4423726059521321,-0.4983418442333821,-0.12045277879389632,0.8830058120166179,0.3088072709813963,0.3137919448291179,0.16229248046875,0.4937642075146321,-0.4308777876123537,0.7300923325146321,-0.1933085463916179,0.9147440932666179,-0.2252705551708821,0.3353067353417642,0.0038145952001463223,0.8773599579980143,-0.4457093305811037,0.16487637012698578,0.06539927198735368,0.7489826113085284,-0.6569520063623536,0.08328257276860368,-0.02093505859375
80,0.73583984375,0.44232177734375,-0.498291015625,-0.12030029296875,0.883056640625,0.30865478515625,0.3138427734375,0.16229248046875,0.49371337890625,-0.4310302734375,0.73004150390625,-0.193359375,0.9147894103391513,-0.2252270752769649,0.33521426401808113,0.003662109375,0.87725830078125,-0.44586181640625,0.16497802734375,0.0655517578125,0.748779296875,-0.6571044921875,0.08343505859375,-0.02093505859375
81,0.73583984375,0.44232177734375,-0.498291015625,-0.12030029296875,0.883056640625,0.30865478515625,0.3138427734375,0.16229248046875,0.49371337890625,-0.4310302734375,0.73004150390625,-0.193359375,0.9146314129781563,-0.2254377384249582,0.3354775929530727,0.003662109375,0.87725830078125,-0.44586181640625,0.16497802734375,0.0655517578125,0.748779296875,-0.6571044921875,0.08343505859375,-0.02093505859375
82,0.7359321109427257,0.44209110936193563,-0.49833714922136285,-0.12025415937238712,0.8830105070286371,0.3088393195417015,0.31388890703386285,0.16210794608329848,0.4935288445207985,-0.43093800624477424,0.7302260382917015,-0.193359375,0.9145656828098871,-0.22527933280204848,0.3356947882917015,0.003477574989548495,0.8773505679739757,-0.44563114842443563,0.16525482892192725,0.06532108983068562,0.7488715640677257,-0.6570122249947743,0.08380412736465301,-0.021073459382838628
83,0.7359619140625,0.4420166015625,-0.49835205078125,-0.1202392578125,0.88299560546875,0.30889892578125,0.31390380859375,0.16204833984375,0.4933559455999164,-0.430908203125,0.7303611729854724,-0.19339713922711121,0.91455078125,-0.2252197265625,0.33575439453125,0.00341796875,0.87738037109375,-0.445556640625,0.16534423828125,0.06524658203125,0.7489013671875,-0.656982421875,0.08392333984375,-0.0211181640625
84,0.736020703778219,0.4419872067046405,-0.4983226559233905,-0.12026865267035954,0.8829662106108904,0.30895771549696904,0.3139332034516095,0.16204833984375,0.4933155276703595,-0.4308788082671405,0.73040771484375,-0.19339101529839048,0.9145801761078596,-0.22510214713106189,0.33575439453125,0.003359179034280937,0.87738037109375,-0.44549785090928096,0.16546181771268811,0.06521718717339046,0.7489895517610786,-0.6568648424435619,0.08398212955946906,-0.021176953778219064
85,0.736083984375,0.44195556640625,-0.498291015625,-0.12030029296875,0.8829345703125,0.3090420215823579,0.3139438182613921,0.16206936533235786,0.4933892189459657,-0.4308051169915343,0.73040771484375,-0.19333834951139214,0.91461181640625,-0.2249755859375,0.33575439453125,0.0032958984375,0.87738037109375,-0.4454345703125,0.16558837890625,0.065185546875,0.7491054981448578,-0.6566962302727842,0.08404541015625,-0.02126125986360786
86,0.7360713282556438,0.4419682225256062,-0.498291015625,-0.12027498073003763,0.8829472264318562,0.3090693751306438,0.3138911524743938,0.1620967188806438,0.4934565821618938,-0.4307377537756062,0.7303950587243938,-0.19332365208246238,0.9146244725256062,-0.2249755859375,0.3357417384118938,0.0032958984375,0.8773930272131062,-0.4454345703125,0.16558837890625,0.06514757851693144,0.7491328516931438,-0.6566415231762124,0.08404541015625,-0.021313925650606188
87,0.73602294921875,0.4420166015625,-0.498291015625,-0.12016964915604098,0.882987031968541,0.30902956959395905,0.3138470601876045,0.16205262659385453,0.49342106337531355,-0.43076898581208195,0.730355253187709,-0.19340754990593645,0.9146685648123954,-0.22496701243729098,0.33571050637541805,0.0032830381871864567,0.877432832749791,-0.4454388570626045,0.16561409940687707,0.06497672090562291,0.74908447265625,-0.6567339944998954,0.08405827040656354,-0.021383738438022572
88,0.73602294921875,0.4420166015625,-0.498291015625,-0.12006431758204432,0.8828817003945443,0.30913490116795567,0.31389972597460286,0.16210529238085283,0.49357906073630853,-0.4305583226640886,0.7304605847617057,-0.19324955254494147,0.9146158990253972,-0.2248616808632943,0.3359211695234114,0.0031250408261914715,0.8773275011757943,-0.44549152284960286,0.16593009412886706,0.06466072618363294,0.74908447265625,-0.6566813287128972,0.08421626776755853,-0.021647067373014212
89,0.73602294921875,0.4420166015625,-0.498291015625,-0.12005615234375,0.88287353515625,0.30914306640625,0.31390380859375,0.162109375,0.49359130859375,-0.4305419921875,0.73046875,-0.1932373046875,0.91461181640625,-0.224853515625,0.3359375,0.00311279296875,0.8773193359375,-0.44549560546875,0.16595458984375,0.06463623046875,0.74908447265625,-0.65667724609375,0.084228515625,-0.02166748046875
90,0.7361435906145485,0.442097029159699,-0.498130160430602,-0.11997572474655101,0.88287353515625,0.30914306640625,0.3139440223923495,0.162109375,0.49359130859375,-0.4305017783889005,0.73046875,-0.1932775184860995,0.9145716026076505,-0.2248937294235995,0.3359777137985995,0.002992151572951503,0.877238908340301,-0.445576033065949,0.16611544503814799,0.064475375274352,0.74908447265625,-0.6566370322951505,0.084389370819398,-0.02198919085754599
91,0.7362060546875,0.442138671875,-0.498046875,-0.11993408203125,0.88287353515625,0.30914306640625,0.31396484375,0.162109375,0.4934639308763587,-0.43048095703125,0.7305642832880435,-0.19326649541440216,0.91455078125,-0.22491455078125,0.33599853515625,0.0029296875,0.877197265625,-0.44561767578125,0.16619873046875,0.06439208984375,0.74908447265625,-0.6566162109375,0.08447265625,-0.02215576171875
92,0.7362530048076923,0.44211519681490385,-0.49802339993990385,-0.1198871319110577,0.88287353515625,0.30914306640625,0.3140117938701923,0.16206242487980768,0.4933941180889423,-0.4304340069110577,0.7306283804086539,-0.19328425480769232,0.91455078125,-0.22496150090144232,0.33597506009615385,0.0029766376201923084,0.8772207406850961,-0.44561767578125,0.16617525540865385,0.06446251502403846,0.7490140474759616,-0.6566631610576923,0.08461350661057693,-0.02215576171875
93,0.736328125,0.44204742533706104,-0.4980009455345945,-0.11976669464621656,0.88287353515625,0.30911285502456104,0.3141020197533445,0.16200241037834448,0.4934088155178721,-0.4303437810279055,0.730621031694189,-0.19340469207253344,0.91455078125,-0.22502151540290552,0.3359526056908445,0.003006440739966554,0.87725830078125,-0.4456025700904055,0.16615280100334448,0.06452987823996656,0.7489164728783445,-0.6567231755591555,0.08489928995087792,-0.022216184482127928
94,0.736328125,0.44195556640625,-0.498046875,-0.11962890625,0.88287353515625,0.30902099609375,0.31414794921875,0.16204833984375,0.49322509765625,-0.4302978515625,0.730712890625,-0.19354248046875,0.9145373086068144,-0.22498232225909282,0.33602548044262126,0.0028619160221571905,0.8772448281380644,-0.44557011326818563,0.16624588471989968,0.06437861720056438,0.74896240234375,-0.65667724609375,0.0850830078125,-0.02239990234375
95,0.736328125,0.44195556640625,-0.498046875,-0.11962890625,0.88287353515625,0.30902099609375,0.31414794921875,0.16204833984375,0.49322509765625,-0.4302978515625,0.730712890625,-0.19354248046875,0.9144319770328178,-0.22503498804609115,0.33623614359061454,0.002809250235158863,0.8771394965640678,-0.4456754448421823,0.16661454522888797,0.06427328562656773,0.74896240234375,-0.65667724609375,0.0850830078125,-0.02239990234375
96,0.736328125,0.4420576318849289,-0.4979448095213211,-0.11952684077132107,0.88287353515625,0.3088678978757316,0.3142500146974289,0.16209937258308946,0.4931740649169105,-0.4303488843018395,0.730712890625,-0.19359351320808946,0.9144797436768395,-0.22498558835441054,0.33624267578125,0.0028076171875,0.8771872632080895,-0.4456276781981605,0.16657494382316054,0.06432105227058947,0.7489113696044105,-0.65667724609375,0.0852361060305184,-0.02239990234375
97,0.736328125,0.44207763671875,-0.4979248046875,-0.1195068359375,0.88287353515625,0.308837890625,0.31427001953125,0.162109375,0.4931640625,-0.43035888671875,0.730712890625,-0.193603515625,0.91448974609375,-0.2249755859375,0.33624267578125,0.0028076171875,0.877197265625,-0.44561767578125,0.16656494140625,0.0643310546875,0.7489013671875,-0.65667724609375,0.08526611328125,-0.02239990234375
98,0.7363624190008361,0.44214622472042225,-0.4978905106866639,-0.11936965993415552,0.8829078291570861,0.3087007146216555,0.3143043135320861,0.162109375,0.49309547449832775,-0.43046176872125835,0.730712890625,-0.19363780962583613,0.91448974609375,-0.22504417393917225,0.33613979377874165,0.0028076171875,0.8771629716241639,-0.44568626378292225,0.16646205940374165,0.06429676068666387,0.7489356611883361,-0.65667724609375,0.08512893727790552,-0.02239990234375
99,0.73638916015625,0.44219970703125,-0.49786376953125,-0.1192626953125,0.8829345703125,0.30859375,0.3143310546875,0.162109375,0.4930419921875,-0.43056791681908446,0.7306610413618311,-0.19374232467600336,0.91448974609375,-0.22509765625,0.3360595703125,0.0028076171875,0.87713623046875,-0.44573974609375,0.1663818359375,0.06427001953125,0.74896240234375,-0.65667724609375,0.08502197265625,-0.02239990234375
100,0.7364067154185828,0.44212948598191887,-0.4979164353182483,-0.1191924742631689,0.8829521255748328,0.30857619473766723,0.31431349942516723,0.16207426447533443,0.49302443692516723,-0.4305152510320861,0.7306434860994984,-0.19388276677466557,0.9144195250444189,-0.22518543256166387,0.33618245714882944,0.0026847303511705668,0.8770484541570861,-0.44584507766774667,0.16661005434782608,0.0641997984819189,0.7488921812944189,-0.6567474671430811,0.08517997001724499,-0.022505233917746656
101,0.7364777529917433,0.4419096369408445,-0.4980560608930811,-0.11899099700825669,0.8829864195756689,0.3085419007368311,0.3143067631035744,0.1619689329013378,0.4929533993520067,-0.4303070374555811,0.7307922975674122,-0.1939513547763378,0.9142731631479933,-0.22536608845892558,0.3364408869408445,0.0024446723453177264,0.8768494264736622,-0.4460692134589256,0.1671844788618311,0.06397994944084448,0.7487090758256689,-0.65692138671875,0.0855804749555811,-0.022747741495087792
102,0.73663330078125,0.441650390625,-0.49810791015625,-0.11883544921875,0.8829345703125,0.30859375,0.31451416015625,0.161865234375,0.4927978515625,-0.43035888671875,0.73089599609375,-0.19384765625,0.9144287109375,-0.22515869140625,0.336181640625,0.0028076171875,0.8769555745714883,-0.4458593668347617,0.1672289794105351,0.06372805183946488,0.7486572265625,-0.65692138671875,0.08563232421875,-0.02264404296875
103,0.73663330078125,0.441650390625,-0.49810791015625,-0.11883544921875,0.8829345703125,0.30859375,0.31451416015625,0.161865234375,0.4927978515625,-0.43035888671875,0.73089599609375,-0.19384765625,0.9144287109375,-0.22515869140625,0.336181640625,0.0028076171875,0.8771135719324833,-0.4457013694737667,0.16675498732755017,0.06420204392244983,0.7486572265625,-0.65692138671875,0.08563232421875,-0.02264404296875
104,0.736588187839674,0.44156016474184784,-0.49824324898097827,-0.11870011039402174,0.8828443444293478,0.3085486370584239,0.3146946119225543,0.16195546025815216,0.4927978515625,-0.43035888671875,0.730941109035326,-0.19375743036684784,0.914383597995924,-0.22511357846467392,0.33631697944972827,0.0027173913043478264,0.8770460045855978,-0.44576893682065216,0.1670479152513587,0.06417979364809782,0.748702339504076,-0.656876273777174,0.08558721127717392,-0.022553817085597828
105,0.736572265625,0.4415283203125,-0.498291015625,-0.11865234375,0.8828125,0.30853271484375,0.31475830078125,0.1619873046875,0.4927978515625,-0.43035888671875,0.73095703125,-0.1937255859375,0.91436767578125,-0.22509765625,0.33636474609375,0.002685546875,0.87701416015625,-0.44580078125,0.16717529296875,0.06414794921875,0.74871826171875,-0.6568603515625,0.0855712890625,-0.02252197265625
106,0.7366006398280728,0.4415283203125,-0.4982626414219273,-0.11856722114078178,0.8828125,0.3085043406406773,0.3148150491873955,0.1619873046875,0.4927694773594273,-0.4303305125156773,0.7309854054530728,-0.19375396014057275,0.9143393015781772,-0.22515440465614547,0.3363931202968227,0.002685546875,0.8769857859531772,-0.4458291554530727,0.16720366717182275,0.06411957501567726,0.7486615133126046,-0.6569170999686454,0.08568478587479098,-0.022607095265468228
107,0.73663330078125,0.4415283203125,-0.49822998046875,-0.11846923828125,0.8828125,0.3084716796875,0.31488037109375,0.1619873046875,0.4926968067386079,-0.4302778467286789,0.7310580760738922,-0.19374661142610786,0.914306640625,-0.2252197265625,0.33642578125,0.002685546875,0.876953125,-0.44586181640625,0.167236328125,0.0640869140625,0.74859619140625,-0.656982421875,0.0858154296875,-0.022705078125
108,0.7366565717103888,0.4415283203125,-0.4982067095396112,-0.11845760281668061,0.8827892290708612,0.3085065860812082,0.3148920065583194,0.16201057561663879,0.4926380170228888,-0.4302251809416806,0.7311285012541806,-0.1936761862458194,0.914306640625,-0.2252080910979306,0.3364374167145694,0.002662275945861204,0.876953125,-0.4458501809416806,0.1672828699832776,0.0640636431333612,0.7486194623353888,-0.6569591509458612,0.0857921587583612,-0.022705078125
109,0.7367586371890678,0.4415283203125,-0.49810137796561454,-0.118408203125,0.8826904296875,0.30866458344220316,0.3149381401546823,0.162109375,0.49274334859688546,-0.4301627168687291,0.7310856337531354,-0.1937255859375,0.9143033745296822,-0.22515215921561454,0.33650641297815637,0.0025438799905936455,0.876953125,-0.44580078125,0.16747393655936454,0.06396484375,0.74871826171875,-0.6568570854671822,0.08570315766095318,-0.022724674696906356
110,0.736811302976066,0.4415283203125,-0.4979960463916179,-0.118408203125,0.8826904296875,0.30882258080319813,0.31488547436768394,0.162109375,0.4928486801708821,-0.4299520537207358,0.7311909653271321,-0.1937255859375,0.914250708742684,-0.2250468276416179,0.3368224077001463,0.00222788526860368,0.876953125,-0.44580078125,0.1673686049853679,0.06396484375,0.74871826171875,-0.656804419680184,0.08586115502194816,-0.02304066941889632
111,0.73681640625,0.4415283203125,-0.49798583984375,-0.118408203125,0.8826904296875,0.308837890625,0.31488037109375,0.162109375,0.49285888671875,-0.429931640625,0.731201171875,-0.1937255859375,0.91424560546875,-0.22503662109375,0.33685302734375,0.002197265625,0.8768579999738713,-0.44580078125,0.16802427362040134,0.06358434364548496,0.74871826171875,-0.65679931640625,0.08587646484375,-0.0230712890625
112,0.7369339856814381,0.44164589974393814,-0.49775068098087377,-0.1183690099811873,0.8827296228313127,0.30872031119356186,0.31488037109375,0.1620309887123746,0.4927021141434992,-0.4300100269126254,0.731201171875,-0.19384316536893811,0.91424560546875,-0.22503662109375,0.33685302734375,0.0020796861935618743,0.8767918615436873,-0.44583997439381273,0.1682912769126254,0.06331978992474917,0.7487574548625627,-0.6567601232624373,0.08587646484375,-0.023267254781563544
113,0.73699951171875,0.44171142578125,-0.49761962890625,-0.11834716796875,0.88275146484375,0.30865478515625,0.31488037109375,0.1619873046875,0.49261474609375,-0.4300537109375,0.731201171875,-0.19390869140625,0.91424560546875,-0.22503662109375,0.33685302734375,0.00201416015625,0.87677001953125,-0.44586181640625,0.1683349609375,0.063232421875,0.748779296875,-0.65673828125,0.08587646484375,-0.02337646484375
114,0.7370444205293687,0.44171142578125,-0.4975522656903219,-0.11830225915813128,0.8827739192490593,0.30865478515625,0.3148130078778219,0.1619873046875,0.49263720049905935,-0.43003125653219065,0.7311787174696907,-0.1939760546221781,0.9142231510634407,-0.22503662109375,0.33689793615436875,0.0019243425350125446,0.8767475651259407,-0.44590672521686875,0.16842477855873744,0.06320996746969064,0.7487343880643813,-0.6567831900606187,0.08589891924905936,-0.02348873687029682
115,0.73712158203125,0.44171142578125,-0.4974365234375,-0.11822509765625,0.8828125,0.30865478515625,0.314697265625,0.1619873046875,0.4926616962139423,-0.42996450570913464,0.7311683067908654,-0.194091796875,0.9141845703125,-0.22503662109375,0.33697509765625,0.00177001953125,0.876708984375,-0.44598388671875,0.1685791015625,0.06317138671875,0.7486572265625,-0.6568603515625,0.0859375,-0.023681640625
116,0.7371272976980561,0.441717141448056,-0.49742509210388797,-0.11821366632263795,0.8828182156668061,0.30863192248902593,0.314697265625,0.16199873602111203,0.492620461760556,-0.42987060546875,0.7312564913644439,-0.19410322820861203,0.9141788546456939,-0.22505376809416805,0.336969381989444,0.00177573519805602,0.8767032687081939,-0.44599531805236203,0.16858481722930602,0.06316567105194398,0.7486515108956939,-0.6568660672293061,0.08594321566680602,-0.02370450329222408
117,0.7371799634850543,0.4417698072350543,-0.4973197605298913,-0.1181083347486413,0.8828708814538043,0.3084212593410326,0.314697265625,0.1621040675951087,0.4926731275475543,-0.42987060546875,0.7312038255774457,-0.1942085597826087,0.9141261888586957,-0.22521176545516305,0.3369167162024457,0.0018284009850543484,0.8766506029211957,-0.4461006496263587,0.16863748301630435,0.06311300526494565,0.7485988451086957,-0.6569187330163043,0.08599588145380435,-0.023915166440217395
118,0.7372326292720527,0.4416724367683946,-0.4973644652095527,-0.11800300317464464,0.88287353515625,0.308260608277592,0.3147972897941054,0.162109375,0.4924757329117893,-0.4297705812996446,0.7313512081286581,-0.19436390344115803,0.91412353515625,-0.2252197265625,0.3369640745845527,0.0017310305183946477,0.87664794921875,-0.4460059328621446,0.1686901488033027,0.06296031530884197,0.7485461793216973,-0.65692138671875,0.08624859557901338,-0.024125829588210704
119,0.73724365234375,0.441650390625,-0.49737548828125,-0.11798095703125,0.88287353515625,0.3082275390625,0.3148193359375,0.162109375,0.492431640625,-0.42974853515625,0.73138427734375,-0.19439697265625,0.91412353515625,-0.2252197265625,0.33697509765625,0.001708984375,0.876564663788148,-0.44615045757995403,0.16890938545150502,0.063010531524352,0.74853515625,-0.65692138671875,0.0863037109375,-0.024169921875
120,0.7373101990358487,0.441550570586852,-0.49737548828125,-0.11791441033915134,0.8829068085022993,0.30826081240854936,0.31478606259145064,0.16204282830790134,0.49239836727895064,-0.42968198846415134,0.7314508240358487,-0.19446351934834866,0.9140902618102007,-0.2252197265625,0.3371081910404473,0.0016091643368520059,0.8764926055602007,-0.44619475399770064,0.16923926107859533,0.06291622302205267,0.7484686095579013,-0.6569879334108487,0.08656989770589466,-0.024236468567098664
121,0.73736572265625,0.44146728515625,-0.49737548828125,-0.11785888671875,0.8829345703125,0.30828857421875,0.31475830078125,0.1619873046875,0.49237060546875,-0.42962646484375,0.73150634765625,-0.19451904296875,0.9140625,-0.2252197265625,0.33721923828125,0.00152587890625,0.87646484375,-0.4461669921875,0.16943359375,0.06280517578125,0.7484130859375,-0.65704345703125,0.0867919921875,-0.0242919921875
122,0.737415326478888,0.44145075054870403,-0.497342419066158,-0.11780928289611203,0.882918035704954,0.30830510882629597,0.31475830078125,0.161970770079954,0.49235407086120403,-0.42956032641356606,0.731522882263796,-0.19455211218384197,0.9140625,-0.225203191954954,0.33723577288879597,0.00147627508361204,0.876481378357546,-0.44611738836486203,0.16948319757263797,0.06278864117370402,0.748429620545046,-0.6570103878161581,0.08685813061768395,-0.024325061402591972
123,0.7375324976484113,0.44143074571488294,-0.49725341796875,-0.11765945077341138,0.8828898656328387,0.3083169484218227,0.31476646601954433,0.1619181042929557,0.4922932398359114,-0.4293986546953386,0.7315755480507943,-0.1946329480429557,0.9140543347617057,-0.22518318712113294,0.3372802734375,0.0013672691523829428,0.8765095484296613,-0.4460165476719273,0.16961669921875,0.062744140625,0.7484822863320443,-0.6569132214804557,0.08699530662102843,-0.024389566785117056
124,0.7374271660744147,0.4415887430758779,-0.49725341796875,-0.11755411919941472,0.8829951972068353,0.30810628527382944,0.31481913180654264,0.16186543850595736,0.4921879082619147,-0.4295039862693353,0.7316282138377926,-0.19458028225595736,0.9140016689747074,-0.22534118448212792,0.3372802734375,0.0015252665133779258,0.8764042168556647,-0.44622721081992056,0.16961669921875,0.062744140625,0.7485349521190426,-0.6568605556934574,0.08673197768603678,-0.024231569424122076
125,0.7374267578125,0.44158935546875,-0.49725341796875,-0.1175537109375,0.8828906821566681,0.30815793040604095,0.3149767209056229,0.1620226193431229,0.4921875,-0.42950439453125,0.73162841796875,-0.194580078125,0.91400146484375,-0.225341796875,0.3372802734375,0.00152587890625,0.8765087319058319,-0.4460706423756271,0.16930192928250418,0.06295398724916389,0.74853515625,-0.6568603515625,0.08673095703125,-0.02423095703125
126,0.7372944809521321,0.4416775400423286,-0.4973856948291179,-0.11746552636392141,0.88287353515625,0.3079901347590928,0.3150906259798286,0.1621806167041179,0.4922756845735786,-0.4295484868180393,0.7315843256819607,-0.1945359858382107,0.9139132802701714,-0.2254740737353679,0.3373243657242893,0.001481786619460702,0.8764376943326714,-0.4461771987353679,0.1693827651416179,0.06298828125,0.7484469716764214,-0.6569485361360786,0.0867750493180393,-0.0242750493180393
127,0.73724365234375,0.44171142578125,-0.4974365234375,-0.117431640625,0.88287353515625,0.30792236328125,0.31512451171875,0.1622314453125,0.4923095703125,-0.4295654296875,0.7315673828125,-0.19451904296875,0.91387939453125,-0.22552490234375,0.33734130859375,0.00146484375,0.8763680856762124,-0.4462637502612876,0.1695764854201505,0.06291683541492475,0.7484130859375,-0.656982421875,0.0867919921875,-0.0242919921875
128,0.737216298795464,0.441738779329536,-0.497463876985786,-0.11740428707671405,0.882900888704536,0.3078129490881062,0.3151792188153219,0.1622314453125,0.4922548632159281,-0.4295654296875,0.7315673828125,-0.19460110361360786,0.91387939453125,-0.2256343165368938,0.33734130859375,0.00146484375,0.8762607127926422,-0.4463984766931438,0.16975979501985786,0.0628115038409281,0.7483310252926422,-0.6570644825198578,0.08690140638064381,-0.024319345735785952
129,0.7371826171875,0.4417724609375,-0.49749755859375,-0.11737060546875,0.8829345703125,0.30767822265625,0.31524658203125,0.1622314453125,0.4921875,-0.4295654296875,0.7315483986334658,-0.19474011679556857,0.91387939453125,-0.22576904296875,0.33734130859375,0.00146484375,0.87615966796875,-0.446533203125,0.16986083984375,0.062744140625,0.74822998046875,-0.65716552734375,0.0870361328125,-0.02435302734375
130,0.7371932319972826,0.4417087720788043,-0.49754001783288043,-0.11738122027853261,0.8829027258831522,0.30772068189538043,0.31528904127038043,0.16224206012228262,0.4921768851902174,-0.42952297044836957,0.7315594217051631,-0.19479237432065216,0.9138687797214674,-0.22573719853940216,0.33738376783288043,0.00146484375,0.8761490531589674,-0.4465225883152174,0.1699563731317935,0.06273352581521739,0.74822998046875,-0.6571549125339674,0.08706797724184782,-0.024363642153532608
131,0.737245897784281,0.44140175911893814,-0.49774169921875,-0.11743388606553094,0.882749219403219,0.30792685416231186,0.31549072265625,0.16229248046875,0.49212871028428096,-0.4293100618598453,0.7318160143185619,-0.19463662240018811,0.913816113934469,-0.22558369205946907,0.3375921855403428,0.0014625983094690637,0.876100878253031,-0.44646767708768814,0.17041015625,0.06268310546875,0.748227735028219,-0.6571044921875,0.08724618356762123,-0.024434271464778425
132,0.7372985635712792,0.44129642754494147,-0.49774169921875,-0.11748655185252926,0.8826965536162208,0.30803218573630853,0.31549072265625,0.16229248046875,0.49218137607127926,-0.4290467329248537,0.7319213458925585,-0.19453129082619147,0.9137634481474708,-0.22553102627247074,0.3377501829013378,0.0014099325224707362,0.8761535440400292,-0.44636234551369147,0.17041015625,0.06268310546875,0.7481750692412208,-0.6571044921875,0.08787817301160117,-0.024908263547763376
133,0.7373046875,0.4412841796875,-0.49774169921875,-0.11749267578125,0.8825973459709449,0.3081375173103052,0.31563034823108277,0.16229248046875,0.4921875,-0.42901611328125,0.73193359375,-0.19451904296875,0.91375732421875,-0.22552490234375,0.3377685546875,0.00140380859375,0.87615966796875,-0.44630355579797243,0.17082903297449833,0.06240385431908445,0.7481689453125,-0.6571044921875,0.08795166015625,-0.02496337890625
134,0.7373428599890259,0.44132235217652593,-0.4976653542406982,-0.11745450329222408,0.8824920143969481,0.30828102137332775,0.31571200061402593,0.16236882544680184,0.49222567248902593,-0.4288252508361204,0.7320481112170778,-0.19451904296875,0.91375732421875,-0.22541038487667225,0.33780672717652593,0.0012129461486204045,0.87615966796875,-0.44632723498902593,0.17088312767819816,0.06227872204222408,0.7483216352686036,-0.6569518022313964,0.08791348766722408,-0.025116068862353676
135,0.73736572265625,0.44134521484375,-0.49761962890625,-0.117431640625,0.8824462890625,0.308349609375,0.31573486328125,0.16241455078125,0.49224853515625,-0.4287109375,0.73211669921875,-0.19451904296875,0.91375732421875,-0.225341796875,0.33782958984375,0.0010986328125,0.8761894710885243,-0.44623088517715304,0.170956614822847,0.06222605625522575,0.7484130859375,-0.6568603515625,0.087890625,-0.02520751953125
136,0.7373442889057275,0.4414095160953177,-0.49759819515572745,-0.11741020687447742,0.8824462890625,0.30824244062238715,0.31584203203386285,0.1625002857833403,0.49226996890677255,-0.42868950374947745,0.73211669921875,-0.19451904296875,0.9137358904682275,-0.2254275318770903,0.33782958984375,0.0011629340640677258,0.8761349681229097,-0.44621312578386285,0.1711672779708403,0.06223769171979515,0.7483702184364549,-0.6569032190635451,0.08791205875052258,-0.025271820782817724
137,0.7373046875,0.4415283203125,-0.49755859375,-0.11737060546875,0.8824462890625,0.30804443359375,0.3160400390625,0.16265869140625,0.4922965059312291,-0.4286629667250209,0.7321036348374791,-0.1945321073500209,0.9136962890625,-0.2255859375,0.33782958984375,0.00128173828125,0.8759765625,-0.4464111328125,0.17132568359375,0.06231689453125,0.748291015625,-0.656982421875,0.08795166015625,-0.025390625
138,0.7373093825120193,0.4415142352764423,-0.4975632887620192,-0.11735182542067307,0.8824462890625,0.30801156850961536,0.31606351412259615,0.16265869140625,0.49224853515625,-0.4286921574519231,0.7320650540865384,-0.19459416316105768,0.9136868990384616,-0.22560002253605768,0.3378483698918269,0.001272348257211539,0.8759624774639423,-0.44643460787259615,0.1713538536658654,0.06233097956730769,0.7482675405649039,-0.6570012019230769,0.08799391526442307,-0.025395320012019232
139,0.7373620482990175,0.4413562379154473,-0.4976159545490176,-0.11714116227267976,0.8824462890625,0.3076429080006271,0.3163268430575878,0.16265869140625,0.49224853515625,-0.4284814943039298,0.7321703856605352,-0.1947521605220527,0.9135815674644648,-0.2257580198970527,0.3380590330398202,0.0011670166832148836,0.8758044801029473,-0.4466979368075878,0.17166984838785534,0.06248897692830267,0.7480042116299123,-0.6572118650710702,0.08846790734740802,-0.02544798579901756
140,0.7374637055157818,0.4412962234139841,-0.4975706374764841,-0.11693049912468646,0.8825442719220318,0.3076661789297659,0.31614924912468645,0.16256070854671822,0.49210156086695234,-0.428466796875,0.7322267258047659,-0.19495914931281355,0.9134762358904682,-0.22606299154734533,0.3381227218985159,0.0012086593985158858,0.87579345703125,-0.4466673171639841,0.1716429031014841,0.06225504285117057,0.7478388655544523,-0.6573245453595318,0.08869694228156354,-0.025402668726484116
141,0.73748779296875,0.4412841796875,-0.49755859375,-0.11688232421875,0.8825277373144857,0.3073126241116221,0.3164666727633779,0.16265848727529264,0.4920654296875,-0.428466796875,0.73223876953125,-0.19500732421875,0.9134521484375,-0.22613525390625,0.338134765625,0.001220703125,0.8757528349707357,-0.44673651755852845,0.17167148143551422,0.06239793452132107,0.747802734375,-0.6573486328125,0.0887451171875,-0.025390625
142,0.7375522983512751,0.4411551689224498,-0.49762309913252506,-0.11678556614496237,0.8824428188362249,0.30712890625,0.31681165408131273,0.16281648463628762,0.49203317699623744,-0.4282410280361622,0.7323677802963001,-0.19500732421875,0.9134844011287625,-0.22603849583246238,0.338134765625,0.001188450433737458,0.8757646745662625,-0.4466805856762124,0.1717563999137751,0.06237098923494983,0.7478994924487876,-0.6572841274299749,0.0887451171875,-0.025293866926212376
143,0.73760986328125,0.4410400390625,-0.4976806640625,-0.11669921875,0.88238525390625,0.30712890625,0.31695556640625,0.16290283203125,0.49200439453125,-0.42803955078125,0.73248291015625,-0.19500732421875,0.91351318359375,-0.2259521484375,0.338134765625,0.00115966796875,0.8758412236752717,-0.4465225883152174,0.17174231487771738,0.06237527598505435,0.74798583984375,-0.6572265625,0.0887451171875,-0.02520751953125
144,0.73760986328125,0.4410400390625,-0.49769617801525917,-0.1166526768917224,0.8823387120479724,0.3070978783444816,0.3170486501228052,0.1629648878422868,0.49201990848400917,-0.4279774949702132,0.7325294520145276,-0.1949918102659908,0.9135286975465092,-0.2259211205319816,0.33811925167224083,0.0012062098270275942,0.8759310412965092,-0.44639561885974083,0.171630859375,0.0625920630617684,0.7480168677492683,-0.6571955345944817,0.0887140892819816,-0.025160977672972405
145,0.7375955741142349,0.4410400390625,-0.4977631329692726,-0.11649467953072742,0.8822092930210075,0.30699969135399247,0.31732892192725753,0.1631183943222199,0.49205114052048493,-0.42778826557274247,0.7326803047920151,-0.19493914447899247,0.9135599295829849,-0.22585151187552258,0.3380951642192726,0.0013427734375,0.8759622733329849,-0.44635724223975753,0.1716594377090301,0.06266167171822742,0.7480936209892349,-0.6571187813545151,0.0886516252090301,-0.025031558646007524
146,0.7374902425402383,0.4410400390625,-0.4979211303302676,-0.11633668216973243,0.8822619588080058,0.30694702556699416,0.31738158771425584,0.16290773117422658,0.4919458089464883,-0.42773559978574416,0.7327856363660117,-0.19488647869199416,0.9134545980089883,-0.22600950923651755,0.3382531615802676,0.0013427734375,0.8758569417589883,-0.44640990802675584,0.17187010085702342,0.06250367435723243,0.7479882894152383,-0.6572241129285117,0.08886228835702341,-0.025084224433005852
147,0.73748779296875,0.4410400390625,-0.4979248046875,-0.1163330078125,0.8821088605899875,0.30679147777748744,0.31774289950877926,0.16326291904002926,0.491943359375,-0.427734375,0.7327880859375,-0.19488525390625,0.9134521484375,-0.22601318359375,0.3382568359375,0.0013427734375,0.8758544921875,-0.4464111328125,0.171875,0.0625,0.7480372808450042,-0.6572265625,0.08860998249372909,-0.024622480207462372
148,0.73748779296875,0.4409969674304975,-0.498010947951505,-0.11628993618049749,0.882080078125,0.3068057669445025,0.31781005859375,0.16320086322899247,0.491857216110995,-0.4277774466320025,0.7328311575695025,-0.19488525390625,0.9134090768054975,-0.22622854175376253,0.3382568359375,0.0014719883335075257,0.8758114205554975,-0.44654034770850753,0.17178885673599498,0.06280150142401757,0.74787458847199,-0.65739884902801,0.08847586845474498,-0.024449989548494984
149,0.73748779296875,0.44097900390625,-0.498046875,-0.11627197265625,0.882080078125,0.3067543259432483,0.3178447608565008,0.16332048397000418,0.4918212890625,-0.42779541015625,0.73284912109375,-0.19488525390625,0.91339111328125,-0.226318359375,0.3382568359375,0.00152587890625,0.8757240525057484,-0.44673304733225333,0.17168352516199833,0.06292724609375,0.747802734375,-0.657470703125,0.08843994140625,-0.0244140625
150,0.7374614600752508,0.4408473394387542,-0.4981785394674958,-0.11629830554974917,0.8820274123380016,0.3067806588367475,0.3179500924304975,0.1634521484375,0.4917949561690008,-0.4276637456887542,0.7329281197742475,-0.19488525390625,0.9133647803877508,-0.22626569358800167,0.3383358346179975,0.0014995460127508362,0.8756977196122492,-0.44673304733225333,0.17178885673599498,0.06290091320025083,0.7478290672684992,-0.6574180373380016,0.08859793876724498,-0.024466728286998328
151,0.7374267578125,0.440673828125,-0.49835205078125,-0.1163330078125,0.8819580078125,0.306884765625,0.31805419921875,0.1634521484375,0.49176025390625,-0.427490234375,0.7330322265625,-0.19488525390625,0.913330078125,-0.2261962890625,0.33843994140625,0.00146484375,0.875732421875,-0.4465762747570025,0.17203299736099498,0.06283028388900502,0.74786376953125,-0.6573486328125,0.08880615234375,-0.0245361328125
152,0.7374363519674958,0.4406642339700042,-0.4983424566262542,-0.11635219612249163,0.8819388195025084,0.30690395393499165,0.31807338752874165,0.16346174259249582,0.4917506597512542,-0.42747104606500835,0.7330514148724916,-0.19487565975125418,0.913330078125,-0.22616750659751253,0.3384495355612458,0.001455249595004181,0.8757612043399875,-0.4464852323500209,0.17209995231500835,0.062744140625,0.7478829578412416,-0.6573294445025084,0.08879655818875418,-0.02452653865750418
153,0.73748779296875,0.4406152425402383,-0.49828979083925584,-0.11645630291074414,0.8818359375,0.3070043863660117,0.31817626953125,0.1635156331652383,0.49169921875,-0.4273644897052676,0.7331555216607442,-0.1948266683214883,0.9133325276964883,-0.2260107340222617,0.3384973022052676,0.0014025838080058532,0.87591552734375,-0.44622925212949416,0.17199584552675584,0.06274659019648829,0.74798583984375,-0.6572265625,0.08874266761601171,-0.024472648084761708
154,0.73748779296875,0.44072057411423493,-0.49823712505225753,-0.11650896869774248,0.8818359375,0.30689905479201507,0.31817626953125,0.16362096473923496,0.49169921875,-0.4272064923442726,0.7332081874477425,-0.19493199989548496,0.9134378592704849,-0.22590540244826504,0.3383393048442726,0.0013499180210075257,0.87591552734375,-0.44628191791649247,0.17194317973975753,0.06285192177048494,0.74798583984375,-0.6572265625,0.08863733604201506,-0.024367316510765052
155,0.73748779296875,0.44073486328125,-0.49822998046875,-0.11651611328125,0.8818814587034908,0.30693028682849083,0.3180852271242684,0.1637262963132316,0.49169921875,-0.42718505859375,0.73321533203125,-0.1949462890625,0.9134521484375,-0.22589111328125,0.33831787109375,0.0013427734375,0.87591552734375,-0.4462890625,0.17193603515625,0.0628662109375,0.7481224034542224,-0.6570899988895276,0.0885775256715092,-0.024444069750731604
156,0.7374506411345109,0.44073486328125,-0.49822998046875,-0.11651611328125,0.88189697265625,0.30694580078125,0.31809135105298914,0.16372017238451086,0.49177352241847827,-0.4270736030910326,0.7332524838654891,-0.1949462890625,0.9134521484375,-0.22577965777853262,0.3384293265964674,0.0011941661005434815,0.8759898310122283,-0.4461776069972826,0.17193603515625,0.06275475543478261,0.7482432489809783,-0.6569691533627717,0.08852485988451086,-0.02440079398777174
157,0.7374267578125,0.44073486328125,-0.49822998046875,-0.11651611328125,0.8818681901912625,0.30697458324623744,0.318115234375,0.16372507152748747,0.4918212890625,-0.427001953125,0.7332763671875,-0.1949462890625,0.9134521484375,-0.2257080078125,0.3385009765625,0.0010986328125,0.8760088151912625,-0.44610595703125,0.1720799474811873,0.06262554053877509,0.748291015625,-0.65692138671875,0.0885009765625,-0.02435302734375
158,0.7374471709082357,0.4407552763769858,-0.49818915427727845,-0.11649570018551421,0.8818359375,0.30696600974602845,0.3181356474707358,0.16377773731448578,0.4918417021582358,-0.42692030074205684,0.7332967802832357,-0.19496670215823578,0.9134521484375,-0.22572842090823578,0.3385009765625,0.0010169804295568582,0.8759765625,-0.4461263701269858,0.17217997165029264,0.06254062206051421,0.748291015625,-0.65692138671875,0.08856221584970736,-0.024373440439485784
159,0.73748779296875,0.4407958984375,-0.49810791015625,-0.116455078125,0.8818359375,0.306884765625,0.31817626953125,0.163818359375,0.49188232421875,-0.4267578125,0.73333740234375,-0.19500732421875,0.9134521484375,-0.22576904296875,0.3385009765625,0.0008544921875,0.8759645187735159,-0.4461790359139841,0.1720701491952341,0.06253613117945234,0.748291015625,-0.65692138671875,0.08868408203125,-0.0244140625
160,0.7374951416832148,0.4407848753658027,-0.49810791015625,-0.11644772941053512,0.8818359375,0.3068810912677676,0.3181799438884824,0.163818359375,0.49188232421875,-0.4267394407138378,0.7333447510582148,-0.1950183472904473,0.9134447997230352,-0.2257763916832149,0.3385083252769649,0.0008508178302675582,0.8759045042720527,-0.4462427247726798,0.17213383805392976,0.06268310546875,0.7482763181960702,-0.6569324097904473,0.08869510510294733,-0.024421411214464884
161,0.7376004732572116,0.4406268780048077,-0.49810791015625,-0.11634239783653846,0.8818359375,0.3068284254807692,0.3182326096754808,0.163818359375,0.49188232421875,-0.42647611177884615,0.7334500826322116,-0.19517634465144232,0.9133394681490384,-0.22588172325721154,0.33861365685096156,0.0007981520432692305,0.8757465069110577,-0.4464533879206731,0.17234450120192307,0.06268310546875,0.7480656550480769,-0.6570904071514423,0.0888531024639423,-0.02452674278846154
162,0.7377058048312082,0.4404209098688336,-0.4981558809312291,-0.1162850370375209,0.8818359375,0.3070156135686664,0.3181893339125209,0.1637224178250418,0.49188232421875,-0.42630872439381273,0.7335554142062082,-0.1952384004624791,0.9132341365750418,-0.2260350256061873,0.3388629007498955,0.0006495447063127086,0.8758283634249582,-0.44632825564381273,0.1724592227999582,0.0625391931438127,0.7481907873249373,-0.6569605798625627,0.08896312904995819,-0.024632074362458196
163,0.73773193359375,0.44036865234375,-0.4981689453125,-0.11627197265625,0.8818359375,0.30702826968802255,0.31821587093697745,0.1636962890625,0.49188232421875,-0.42626953125,0.73358154296875,-0.19525146484375,0.9132080078125,-0.22607421875,0.33892822265625,0.0006103515625,0.8758544921875,-0.4462890625,0.1724853515625,0.0625,0.7480715748458403,-0.6570797923416597,0.0891476634354097,-0.024618601719272576
164,0.7378256297031772,0.4402749562343227,-0.49813771327602424,-0.11627197265625,0.8818047054635243,0.3071005320469273,0.3181436085780727,0.1636962890625,0.49188232421875,-0.42611337106762126,0.7336752390781772,-0.19525146484375,0.9131455437395485,-0.22601175467704848,0.33908438283862874,0.00045419138012123804,0.8758544921875,-0.4462265984270485,0.17267274378135453,0.062406303890572744,0.748110767989653,-0.6570093671613713,0.08932709454692726,-0.02475332815112876
165,0.7379150390625,0.440185546875,-0.49810791015625,-0.11627197265625,0.88177490234375,0.30721280407347407,0.31809992455319813,0.16365056372805184,0.49188232421875,-0.42596435546875,0.7337646484375,-0.19525146484375,0.9130859375,-0.2259521484375,0.3392333984375,0.00030517578125,0.8758544921875,-0.44612126685305187,0.17294301316889632,0.06224830652957776,0.74822998046875,-0.6568603515625,0.08941650390625,-0.02490234375
166,0.7379295323604724,0.44017105357702757,-0.49809341685827757,-0.11627197265625,0.8817604090457776,0.3072509765625,0.31817626953125,0.16361769864391723,0.49189681751672243,-0.42587739568091554,0.7337936350334449,-0.1952659581417224,0.9131004307979724,-0.2259376551395276,0.33921890513952757,0.00030517578125,0.8758689854854724,-0.44603042857702757,0.1730812098270276,0.0621337890625,0.74822998046875,-0.6568458582645276,0.08941650390625,-0.024945823643917224
167,0.73797607421875,0.44012451171875,-0.498046875,-0.11627197265625,0.8817138671875,0.3072509765625,0.31817626953125,0.16375732421875,0.491943359375,-0.42559814453125,0.73388671875,-0.1953125,0.9131530965849707,-0.22589111328125,0.3391539914950878,0.0003174236386914706,0.8759216512724707,-0.44597776279002926,0.17300404832514632,0.06215216084866221,0.74822998046875,-0.65679931640625,0.08941650390625,-0.02508544921875
168,0.73797607421875,0.44012451171875,-0.498046875,-0.11627197265625,0.8817138671875,0.3072509765625,0.31817626953125,0.16375732421875,0.491943359375,-0.42559814453125,0.73388671875,-0.1953125,0.913205762371969,-0.22589111328125,0.3389959941340928,0.0004227552126881258,0.875974317059469,-0.44592509700303096,0.17274071939015467,0.06231015820965719,0.74822998046875,-0.65679931640625,0.08941650390625,-0.02508544921875
169,0.7379256538722826,0.44012451171875,-0.4980972953464674,-0.11627197265625,0.8816634468410326,0.30704929517663043,0.31837795091711957,0.16395900560461957,0.49204420006793476,-0.425346042798913,0.7339875594429348,-0.19536292034646738,0.9132080078125,-0.22589111328125,0.3390396781589674,0.00042724609375,0.8759261421535326,-0.4459732719089674,0.17283033288043478,0.06231689453125,0.74822998046875,-0.65679931640625,0.08946692425271739,-0.025135869565217392
170,0.7379991410169314,0.4400824607415343,-0.4980238082018186,-0.11631402363346571,0.88165283203125,0.3070909378919314,0.3183783591790343,0.16408556679818143,0.49189722577863715,-0.42512476484113715,0.7341349419941472,-0.19554173906511288,0.9131239058580686,-0.22597521523568143,0.33917644590039714,0.00025904218488712733,0.8758734763665342,-0.4460259376959657,0.17297771543164717,0.06214869062238713,0.7483140824231814,-0.6567572654290342,0.08939343710806856,-0.025146484375
171,0.738037109375,0.4400634765625,-0.49798583984375,-0.1163330078125,0.881686513639214,0.3069268166022157,0.3184604198238921,0.1640561719403219,0.4918212890625,-0.425048828125,0.73419189453125,-0.19561767578125,0.9130859375,-0.22601318359375,0.3392333984375,0.00018310546875,0.8758544921875,-0.446044921875,0.17303466796875,0.06207275390625,0.7482510059573578,-0.656805644465928,0.08965860322167642,-0.025247529198892137
172,0.7381383583298495,0.4399622276076505,-0.4979099031276129,-0.11638363228992475,0.8816885549487876,0.30688925650606186,0.3184665437526129,0.16407740155988712,0.4917959768237876,-0.4249475791701505,0.7342678312473871,-0.19566830025867474,0.9131112497387124,-0.2259119346389005,0.3392587106762124,0.00013248099132525312,0.8759051166649248,-0.4459436729201505,0.1731359169235995,0.06199681719011288,0.7482701942673495,-0.6567337903689381,0.08985416067882525,-0.02540552655988712
173,0.73828125,0.4398193359375,-0.497802734375,-0.116455078125,0.8816697749007107,0.3069831567464465,0.3183932607389214,0.1641845703125,0.49176025390625,-0.4248046875,0.734375,-0.19573974609375,0.9131130869173286,-0.2258029287076714,0.3393622050715928,1.0206547867896798e-05,0.8759426767610786,-0.4458346669889214,0.1733296372021321,0.061872705568039296,0.7484130859375,-0.65655517578125,0.08978271484375,-0.0255126953125
174,0.7382983970004181,0.43980218893708195,-0.49779416087479095,-0.11647222512541806,0.881705293687291,0.30677984231291805,0.31847287181229095,0.16420171731291805,0.49174310690583195,-0.4247703934991639,0.7344007205006271,-0.19575689309416805,0.913033475843959,-0.22586539278062293,0.33953000071854095,-0.0001134968122909713,0.8758716391879181,-0.4458971310618729,0.17345334056229098,0.06183718678145903,0.7484130859375,-0.656546602281041,0.08982558234479514,-0.025538415813127085
175,0.7384037285744147,0.439697265625,-0.4977410868258779,-0.1165771484375,0.8816530361622074,0.30688456149404264,0.3184197977633779,0.16430684475595736,0.4916377753318353,-0.424560546875,0.73455810546875,-0.19586242879912208,0.9130857333690426,-0.22570841607441472,0.3394779473244147,-6.205581103678167e-05,0.8759763583690426,-0.44573995022470736,0.17340189956103677,0.06188842365175586,0.7484132900684574,-0.6564939364940426,0.09008727823212793,-0.025696004912207356
176,0.7385090601484113,0.439697265625,-0.49758308946488294,-0.1165771484375,0.8817057019492057,0.30683189570704433,0.31826180040238294,0.1643595105429557,0.4915324437578386,-0.424560546875,0.73455810546875,-0.19602042616011706,0.9130330675820443,-0.22581374764841136,0.3395832788984114,-0.00032538474602842736,0.8759236925820443,-0.44579261601170567,0.17366522849602842,0.06157242892976589,0.7484659558554557,-0.6564412707070443,0.08992928087113294,-0.025748670699205684
177,0.738525390625,0.439697265625,-0.49755859375,-0.1165771484375,0.8817138671875,0.30682373046875,0.31837080633361203,0.16418967358643394,0.49151611328125,-0.424560546875,0.73455810546875,-0.196044921875,0.91302490234375,-0.225830078125,0.339599609375,-0.0003662109375,0.87591552734375,-0.44580078125,0.1737060546875,0.0615234375,0.748429620545046,-0.656477606017454,0.08994928570495402,-0.025667834840091972
178,0.7385976529839047,0.4396250032660953,-0.4974863313910953,-0.11664941079640469,0.8816777360080477,0.306932124007107,0.31838427897679766,0.164231928694607,0.491624506819607,-0.424452153336643,0.73455810546875,-0.19600879069554766,0.9129887711642977,-0.225830078125,0.3396718717339047,-0.00040234211695234096,0.8758793961642977,-0.44583691242945234,0.17374218586695234,0.06159569985890468,0.748521479475857,-0.656385747086643,0.08989355795359531,-0.025634765625
179,0.7386474609375,0.4395751953125,-0.4974365234375,-0.11669921875,0.8816805938414507,0.30695131231709866,0.318359375,0.16425111700459866,0.49169921875,-0.42437744140625,0.73455810546875,-0.19598388671875,0.9129638671875,-0.225830078125,0.3397216796875,-0.00042724609375,0.8758544921875,-0.44586181640625,0.17376708984375,0.0616455078125,0.7485684295960493,-0.6563387969664507,0.08989927362040134,-0.025718051055602004
180,0.738666853378449,0.439536410430602,-0.4974365234375,-0.11671861119094899,0.881694474746551,0.306942942947847,0.318359375,0.1641845703125,0.49169921875,-0.42429987164245403,0.734596890350648,-0.19602267160064799,0.913002652069398,-0.225752508361204,0.339682894805602,-0.000446638534698998,0.875893277069398,-0.445803639083403,0.17372830496185201,0.06156793804870401,0.748573941131898,-0.656313892989653,0.090004605194398,-0.025876048416596995
181,0.73870849609375,0.439453125,-0.4974365234375,-0.11676025390625,0.88165283203125,0.3070458249503554,0.318392444215092,0.16416252416910534,0.49169921875,-0.42413330078125,0.73468017578125,-0.19610595703125,0.9130638913566054,-0.2255859375,0.3396437016617893,-0.0005544196801839537,0.8759765625,-0.4456676878658027,0.17372218103313128,0.061368297972408024,0.7486572265625,-0.65618896484375,0.090087890625,-0.0260009765625
182,0.7387111497961957,0.439461086107337,-0.4974259086277174,-0.11676556131114131,0.88165283203125,0.3069404933763587,0.3185398267663043,0.16407576851222827,0.4916965650475543,-0.4241359544836957,0.73468017578125,-0.19611391813858697,0.9129665208899457,-0.22558859120244565,0.3398331351902174,-0.0008465310801630402,0.8759765625,-0.4456203294836957,0.17405899711277173,0.06122622282608696,0.7486572265625,-0.65618896484375,0.090087890625,-0.026006283967391308
183,0.7387638155831939,0.43961908346833195,-0.49721524547972407,-0.11687089288513797,0.88165283203125,0.30683516180236203,0.318487160979306,0.16433909744721992,0.491643899260556,-0.424188620270694,0.73468017578125,-0.19627191549958195,0.9130191866769439,-0.22564125698944398,0.33962247204222407,-0.0006885337191680574,0.8759765625,-0.445672995270694,0.17379566817778008,0.06138422018708194,0.7486572265625,-0.65618896484375,0.090087890625,-0.026111615541387963
184,0.7388634314903846,0.43963623046875,-0.4970045823317308,-0.1169292743389423,0.8816997821514423,0.3067767803485577,0.31838754507211536,0.16436767578125,0.49163818359375,-0.4240534855769231,0.7347271259014423,-0.19633601262019232,0.9130718524639423,-0.2255530724158654,0.339599609375,-0.000765286959134617,0.8759765625,-0.4456317608173077,0.17381403996394232,0.06121356670673077,0.7487511268028846,-0.6561420147235577,0.08990009014423077,-0.026169996995192308
185,0.7388916015625,0.43963623046875,-0.4969482421875,-0.116943359375,0.8817138671875,0.30668553381061875,0.31843653650188125,0.16436767578125,0.49163818359375,-0.42401123046875,0.7347412109375,-0.19635009765625,0.9130859375,-0.22552490234375,0.339599609375,-0.00079345703125,0.8759765625,-0.44561767578125,0.173828125,0.0611572265625,0.748779296875,-0.6560893489365593,0.0899594922528219,-0.026222662782190636
186,0.738921812944189,0.43960601908706104,-0.49691803080581104,-0.116943359375,0.8817138671875,0.30667083638168896,0.31845123393081104,0.16439788716293896,0.4915475494486831,-0.4240716532321279,0.734771422319189,-0.19638030903793896,0.913055726118311,-0.22552490234375,0.3396600321383779,-0.000914302558005855,0.876006773881689,-0.44558746439956104,0.17379791361831104,0.06124786070756689,0.748809508256689,-0.656036683149561,0.09002685546875,-0.026275328569188964
187,0.73895263671875,0.4395751953125,-0.49688720703125,-0.116943359375,0.8816920251750627,0.30670166015625,0.31844225216868727,0.1644723949623746,0.491455078125,-0.42413330078125,0.73480224609375,-0.1964111328125,0.9130030603313127,-0.2255467443561873,0.33978720572481186,-0.001103123693561874,0.87603759765625,-0.445556640625,0.17376708984375,0.06134033203125,0.7488184900188127,-0.6560277013874373,0.09007053949362458,-0.02630615234375
188,0.7389391640755644,0.43960214059887126,-0.49688720703125,-0.116943359375,0.88165283203125,0.30667471486987874,0.31849491795568563,0.16455078125,0.49141466019544316,-0.42414677342443563,0.7348157187369356,-0.19642460545568563,0.9129503945443144,-0.22561288278637123,0.33990478515625,-0.001207230481814381,0.8760106523698787,-0.44558358591137126,0.17382098041649247,0.061326859388064384,0.748779296875,-0.65606689453125,0.09017587106762123,-0.02633309763012124
189,0.7388916015625,0.439697265625,-0.49688720703125,-0.116943359375,0.88165283203125,0.3065897963916179,0.31853737719481606,0.16455078125,0.49127197265625,-0.4241943359375,0.73486328125,-0.19647216796875,0.9129130385791179,-0.2256978012646321,0.3398945786083821,-0.0011647712426839467,0.875920630617684,-0.4456685043896321,0.17401633374268394,0.06126398705319816,0.748779296875,-0.65606689453125,0.09027099609375,-0.02642822265625
190,0.7388916015625,0.439697265625,-0.49688720703125,-0.116943359375,0.88165283203125,0.30669512796561454,0.3184847114078177,0.16455078125,0.49127197265625,-0.4241943359375,0.73486328125,-0.19647216796875,0.9130183701531146,-0.22559246969063546,0.33978924703438546,-0.0012174370296822742,0.8759732964046822,-0.44556317281563546,0.17406899952968227,0.061105989692203176,0.748779296875,-0.65606689453125,0.09027099609375,-0.02642822265625
191,0.7388422018708194,0.4398454647000418,-0.49688720703125,-0.116943359375,0.88165283203125,0.3065534610812082,0.3185308450041806,0.1646001809416806,0.4913213723479306,-0.4241943359375,0.7348138815583194,-0.19647216796875,0.9129755026520694,-0.22568473688336121,0.33978271484375,-0.001171303433319398,0.8759271628083194,-0.4457048397000418,0.1740228659333194,0.0611455910979306,0.748779296875,-0.6561162942229306,0.09002399763534699,-0.0263788229645694
192,0.73883056640625,0.4398393407713211,-0.49688720703125,-0.11702542001985786,0.88165283203125,0.3066006153323579,0.31854248046875,0.16465284672867894,0.4913740381349289,-0.4241122752926421,0.734843276416179,-0.19651319829117894,0.9129638671875,-0.2257080078125,0.33978271484375,-0.0011186376463210705,0.87591552734375,-0.4456987157713211,0.17405226079117894,0.06119825688492893,0.748820327197429,-0.656086899365071,0.0899658203125,-0.02628512685514214
193,0.73883056640625,0.4398193359375,-0.49688720703125,-0.1170654296875,0.8816854929844272,0.3065753030936455,0.3184444976092182,0.16470551251567725,0.49139404296875,-0.424072265625,0.73486328125,-0.196533203125,0.9130291890938546,-0.22567534685932275,0.3396847319842182,-0.001131293765677257,0.87591552734375,-0.4456787109375,0.174072265625,0.06121826171875,0.7487750101248954,-0.6560995554844272,0.09006380317203178,-0.026343100047031772
194,0.7388548579901756,0.43972216960179766,-0.49693579019910117,-0.11708972127142558,0.8816895756035744,0.30661572102320234,0.3183836665839256,0.16468530355089883,0.4913697513848244,-0.42397509928929766,0.7349118644178512,-0.19655749470892558,0.9130859375,-0.22554980632054766,0.33964819254285117,-0.0011839595526755848,0.8759398189276756,-0.44560583618572325,0.17409655720892558,0.06112109538304766,0.7487668448866012,-0.6560550549357232,0.09022180053302675,-0.02642822265625
195,0.7388916015625,0.4395751953125,-0.49700927734375,-0.11712646484375,0.88165283203125,0.30671492866847827,0.3184363323709239,0.16465958305027173,0.4913330078125,-0.423828125,0.7349853515625,-0.19659423828125,0.913070015285326,-0.22543467646059784,0.3397057574728261,-0.0012047809103260872,0.8759765625,-0.44549560546875,0.17413330078125,0.06097412109375,0.74884033203125,-0.655960746433424,0.09030018682065218,-0.02642822265625
196,0.7388916015625,0.43956764246707775,-0.49701683018917225,-0.11712646484375,0.88165283203125,0.30658714268917225,0.3184814453125,0.16478736902957775,0.49132545496707775,-0.4238130193091555,0.7349929044079222,-0.19659423828125,0.91302490234375,-0.22551734949832775,0.33966819737667225,-0.0011672208141722418,0.8759765625,-0.44549560546875,0.17413330078125,0.06098922678459448,0.74884033203125,-0.656005859375,0.09022506662834448,-0.026450881192516724
197,0.7388916015625,0.43951497668007944,-0.49706949597617056,-0.11712646484375,0.88165283203125,0.30663980847617056,0.3184814453125,0.16473470324257944,0.49127278918007944,-0.4237076877351589,0.7350455701949206,-0.19659423828125,0.91302490234375,-0.22546468371132944,0.33972086316367056,-0.0012198866011705694,0.8759765625,-0.44549560546875,0.17413330078125,0.061094558358591136,0.74884033203125,-0.656005859375,0.09033039820234114,-0.026608878553511708
198,0.7387879030361622,0.4396178586825878,-0.4970703125,-0.1171783141069189,0.88165283203125,0.3064850772104933,0.3186369931020067,0.1647857359819189,0.4911682741299122,-0.4238616024770067,0.73504638671875,-0.1966460875444189,0.9129730530805811,-0.2255675657138378,0.3397735289506689,-0.001220703125,0.8759765625,-0.44549560546875,0.1741851500444189,0.061044342143081104,0.7487366335049122,-0.6560577086381689,0.09033203125,-0.026507629598662204
199,0.73876953125,0.43963623046875,-0.4970703125,-0.1171875,0.88165283203125,0.30645751953125,0.31866455078125,0.164794921875,0.49114990234375,-0.42388916015625,0.73504638671875,-0.1966552734375,0.9129638671875,-0.2255859375,0.33978271484375,-0.001220703125,0.8759765625,-0.44549560546875,0.1741943359375,0.06103515625,0.74871826171875,-0.65606689453125,0.09033203125,-0.0264892578125
200,0.7386993102006689,0.43967134099341554,-0.49714053354933113,-0.1172577210493311,0.88165283203125,0.30638729848191887,0.31869966130591554,0.16490025344899667,0.49114990234375,-0.42392427068091554,0.7350112761940845,-0.1967254944868311,0.9129638671875,-0.22562104802466557,0.33981782536841554,-0.0011855926003344476,0.8759765625,-0.44553071599341554,0.1741943359375,0.061105377299331104,0.7487533722434155,-0.65606689453125,0.0902618102006689,-0.026524368337165552
201,0.7386474609375,0.439697265625,-0.4971923828125,-0.1173095703125,0.8816795731866639,0.3063087080633361,0.3185918801604306,0.16503150965457777,0.49114990234375,-0.4239501953125,0.7349853515625,-0.19677734375,0.9129906083429139,-0.22564697265625,0.33979026768917225,-0.0012666325904055198,0.8759765625,-0.445556640625,0.1741943359375,0.0611572265625,0.7487525557195861,-0.65606689453125,0.09023670209291389,-0.02663051643499164
202,0.7386290891513378,0.4396788938388378,-0.4972107545986622,-0.11736468567098662,0.8816954954013378,0.3062927858486622,0.3184755255147366,0.1651184694424122,0.4911315305575878,-0.42387670816785117,0.7350220951348244,-0.1967957155361622,0.9130065305575878,-0.2256286008700878,0.3397584232598244,-0.0013486932352633771,0.8759765625,-0.4455382688388378,0.17428619486831104,0.06108373941785117,0.7487366335049122,-0.6560485227450878,0.09028936787991221,-0.026678283079013376
203,0.73858642578125,0.43963623046875,-0.49725341796875,-0.11749267578125,0.88165283203125,0.30633544921875,0.3185835107911789,0.1651611328125,0.4910888671875,-0.4237060546875,0.735107421875,-0.19683837890625,0.9129738696044105,-0.22556593266617894,0.3398337475830895,-0.0012507103757316057,0.8759865649169105,-0.4454756006349289,0.17448950930183946,0.060903083520589464,0.7487892992919105,-0.6559958569580895,0.09033203125,-0.02659030263639214
204,0.7385880588289089,0.4396329643734323,-0.4972517849210911,-0.11749757492422659,0.8816511989835911,0.3063403483617266,0.3184814453125,0.16516439890781773,0.4910888671875,-0.4237044216398411,0.7351106879703178,-0.19683674585859115,0.9130265353914089,-0.22545896804452342,0.33978271484375,-0.0013989094507734115,0.8760392307039089,-0.4453686360132734,0.17443684351484115,0.06085531687656773,0.7488452311742266,-0.6559399250757734,0.09033039820234114,-0.026791167498432276
205,0.7386407246159072,0.43952763279943563,-0.4971991191340928,-0.11765557228522157,0.8815985331965928,0.30649834572272155,0.3184814453125,0.16526973048181437,0.4910888671875,-0.4236517558528428,0.7352160195443144,-0.19678408007159282,0.9130792011784072,-0.22530097068352842,0.33978271484375,-0.0012409120897784284,0.8760918964909072,-0.44521063865227845,0.17438417772784282,0.060960648450564384,0.7490032285352216,-0.6557819277147784,0.09027773241534282,-0.02668583592443562
206,0.738739319868311,0.4395600896216555,-0.49705459441628347,-0.11776764018081104,0.881591796875,0.30661041361831104,0.31834365691628347,0.16537506205581104,0.4910888671875,-0.42355316060043896,0.7352754216529055,-0.19677734375,0.9131318669654055,-0.22514297332253344,0.33969085591293896,-0.001266632590405518,0.8761445622779055,-0.44509857075668896,0.17456115926787208,0.06074447376672241,0.749115296430811,-0.655669859819189,0.09013320769753344,-0.02667236328125
207,0.73876953125,0.4395751953125,-0.49700927734375,-0.1177978515625,0.881591796875,0.306640625,0.31829833984375,0.1654052734375,0.4910888671875,-0.42352294921875,0.73529052734375,-0.19677734375,0.91314697265625,-0.22509765625,0.33966064453125,-0.00128173828125,0.87615966796875,-0.445068359375,0.17462158203125,0.0606689453125,0.7491455078125,-0.6556396484375,0.090087890625,-0.02667236328125
208,0.7388571034307065,0.4395751953125,-0.4968925144361413,-0.1177978515625,0.881591796875,0.30666981572690216,0.31829833984375,0.16534689198369565,0.4910888671875,-0.4234061863111413,0.7353489087975543,-0.19683572520380435,0.91314697265625,-0.22509765625,0.33968983525815216,-0.001427691915760867,0.8761304772418478,-0.44509755010190216,0.1747091542119565,0.06058137313179348,0.7492330799932065,-0.6555228855298914,0.09020465353260869,-0.02684750764266304
209,0.73895263671875,0.4395751953125,-0.49676513671875,-0.1177978515625,0.8816126182326505,0.3066391960832985,0.318339982559051,0.165241560409699,0.4910888671875,-0.42327880859375,0.73541259765625,-0.1968994140625,0.913105329940949,-0.22518094168060201,0.339804965118102,-0.001649378135451503,0.8760986328125,-0.44512939453125,0.1748046875,0.06048583984375,0.7492245064929975,-0.6554996146007525,0.090415316680602,-0.02703857421875
210,0.7389899926839465,0.4395253873589047,-0.49675268473035117,-0.11781030355089883,0.8816403800428512,0.30658081462949416,0.3183830541910535,0.16517358480089883,0.4910888671875,-0.4232290006401547,0.7354375016330477,-0.19692431803929766,0.9130373543321488,-0.22527953693300587,0.33995336832410117,-0.00177001953125,0.8760861808241012,-0.44512939453125,0.17485449545359533,0.06047338785535117,0.7490607934651965,-0.6556508756401547,0.090576171875,-0.027063478195547656
211,0.7391357421875,0.4393310546875,-0.4967041015625,-0.11785888671875,0.8815999621132943,0.30679923475386706,0.31824138730664714,0.1652140027304557,0.4910888671875,-0.42303466796875,0.73553466796875,-0.197021484375,0.9130777722617057,-0.22505703418948578,0.33991295039454433,-0.0017781847695443125,0.87603759765625,-0.44512939453125,0.175048828125,0.0604248046875,0.7491902124921613,-0.6554728734453387,0.09060066758988294,-0.027176975007838625
212,0.7391357421875,0.4393310546875,-0.4967041015625,-0.11785888671875,0.881705293687291,0.3064832400318771,0.3182940530936455,0.16510867115645902,0.4910888671875,-0.42303466796875,0.73553466796875,-0.197021484375,0.912972440687709,-0.22532036312447742,0.34001828196854095,-0.0018835163435409678,0.87603759765625,-0.44512939453125,0.175048828125,0.0604248046875,0.7489795493441681,-0.6556835365933319,0.0909166623118729,-0.027387638155831937
213,0.7392808792981814,0.43913753853992477,-0.4966073434887124,-0.11795564479253763,0.8816654881506062,0.30669941471571904,0.3182015817699624,0.16524523476693143,0.4909921091137124,-0.42284115182117477,0.7356314260425376,-0.19716662148568143,0.9129154881506062,-0.22519665976431857,0.34031712969011285,-0.0022307431020066903,0.87603759765625,-0.4450810154943562,0.17533910234636288,0.06013453046613712,0.7490591604175376,-0.6555071674461748,0.09128103607075669,-0.027791817451400504
214,0.7394388766591764,0.4390469043948579,-0.4963819829117893,-0.11806097636653429,0.8816928416988922,0.3066426663095736,0.3180962501959657,0.16524319345735786,0.4908467678720736,-0.42279052734375,0.7356967479488922,-0.19736462851431857,0.9129828513665342,-0.22503866240332357,0.3401930180680393,-0.002199306934573577,0.87603759765625,-0.4449883400397157,0.17565509706835283,0.059858545411789296,0.7492045016591764,-0.6553765236334658,0.0911695805680393,-0.02789306640625
215,0.739501953125,0.43902587890625,-0.49627685546875,-0.11810302734375,0.8817138671875,0.30657958984375,0.31805419921875,0.16522216796875,0.49078369140625,-0.42279052734375,0.7357177734375,-0.19744873046875,0.912961621746969,-0.22491230534071907,0.34034101301212377,-0.002326072259092811,0.87603759765625,-0.4449462890625,0.17578125,0.05975341796875,0.7492359378266096,-0.65533447265625,0.09112773372178094,-0.027924706704640468
216,0.7395717659124164,0.43907242076452757,-0.49613722989391723,-0.1181262982728888,0.8817836799749164,0.30641669333977845,0.31800765736047243,0.16522216796875,0.4907138786188336,-0.42283706920202757,0.7356945025083612,-0.19756508511444398,0.9129493738895276,-0.224853515625,0.34043654630016723,-0.0024558995479724076,0.8759910557979724,-0.44499283092077757,0.17592087557483277,0.059660334252194816,0.7492530848270276,-0.6553112017271112,0.09102362693352843,-0.027977372491638796
217,0.73968505859375,0.43914794921875,-0.49591064453125,-0.1181640625,0.8819416773359113,0.3060927375104515,0.31793212890625,0.16513275860942725,0.4906005859375,-0.42291259765625,0.73565673828125,-0.19775390625,0.9129801976640887,-0.22486841718488712,0.34031427185670987,-0.002469780453072743,0.87591552734375,-0.445068359375,0.1761474609375,0.05950927734375,0.7492839086015887,-0.6553032406197743,0.09084868670307274,-0.028119447637959868
218,0.7397046551656563,0.43914141702811454,-0.4958845157687082,-0.11818365907190635,0.8820735459343646,0.3059212675062709,0.3179190645249791,0.16488861798442725,0.49059405374686454,-0.42290606546561454,0.73565673828125,-0.19778656720317725,0.9128548612562709,-0.2249014863999791,0.3406110782687082,-0.0027269854593436455,0.8759089951531146,-0.44506182718436454,0.17619971846258362,0.059476616390572744,0.7491651043844063,-0.6553759112405937,0.09109935951870819,-0.028435850621864548
219,0.7398626525266513,0.43908875124111624,-0.4956738526207149,-0.11834165643290134,0.8820208801473662,0.3060265990802676,0.3178137329509824,0.1651519469194189,0.49054138795986624,-0.42285339967861624,0.73565673828125,-0.1980498961381689,0.9129601928302675,-0.22479615482598245,0.3404004151207149,-0.002568988098348663,0.8758563293661162,-0.44500916139736624,0.17662104475857024,0.059213287455581104,0.7493231017454013,-0.6552179138795987,0.09088869637071488,-0.02838318483486622
220,0.7399698212792643,0.4389344282373537,-0.4956156752978679,-0.11844882518551421,0.8820698715771321,0.3060302734375,0.3176575727686037,0.1651103042041179,0.49053955078125,-0.4225974194580895,0.7358092241063963,-0.19816073924801422,0.9128622099707357,-0.22463999464360368,0.34085052388168896,-0.0030209340379389604,0.8759053207958821,-0.4448548383936037,0.17704237105455686,0.05889912991220736,0.7494810991063963,-0.6550599165186037,0.09093217626463211,-0.028483004873014212
221,0.739990234375,0.43890380859375,-0.49560546875,-0.11846923828125,0.882080078125,0.3060302734375,0.317626953125,0.16510009765625,0.49053955078125,-0.42254638671875,0.73583984375,-0.19818115234375,0.912841796875,-0.224609375,0.3409423828125,-0.00311279296875,0.87591552734375,-0.44482421875,0.1771240234375,0.058837890625,0.74951171875,-0.655029296875,0.0909423828125,-0.02850341796875
222,0.7400243242448787,0.43890380859375,-0.49553728901024247,-0.11853741802100752,0.882080078125,0.30596209369774247,0.31766104299487874,0.16516827739600753,0.4904372811716137,-0.42254638671875,0.7359080234897575,-0.19821524221362877,0.9128077070051213,-0.22454119526024247,0.3410446524221363,-0.003146882838628762,0.87591552734375,-0.44475603901024247,0.17732856265677258,0.05887198049487876,0.7495458086198787,-0.6549952070051213,0.0909423828125,-0.028571597708507524
223,0.74005126953125,0.43890380859375,-0.4954833984375,-0.11859130859375,0.882080078125,0.305908203125,0.31768798828125,0.16522216796875,0.4903564453125,-0.42254638671875,0.7359619140625,-0.1982421875,0.91278076171875,-0.22438442268499165,0.34120264978313125,-0.0032767101275083584,0.87591552734375,-0.4447021484375,0.177490234375,0.05889892578125,0.7496241949075042,-0.6549168207174958,0.09091666231187291,-0.028522606278741643
224,0.7400859717940008,0.4389211597251254,-0.49543134504337377,-0.11859130859375,0.882080078125,0.30585614973087377,0.31774004167537623,0.16527422136287626,0.4902870407869983,-0.42254638671875,0.7359792651938755,-0.19829424089412626,0.9127981128501255,-0.2242431640625,0.34125654035587377,-0.003400617618624583,0.8759328784751255,-0.4446327439119983,0.17755963890050167,0.05893362804400083,0.74969482421875,-0.65484619140625,0.09081194313074833,-0.028398698787625416
225,0.74017333984375,0.43896484375,-0.49530029296875,-0.11859130859375,0.8820710963628763,0.30568018884563125,0.31792498432274247,0.16541425519962374,0.4901123046875,-0.42254638671875,0.73602294921875,-0.19842529296875,0.9128507786371237,-0.22421621877612877,0.3411075247570025,-0.0033210065452550204,0.8759765625,-0.4444580078125,0.177734375,0.05902099609375,0.7496858424566263,-0.6548551731683737,0.09065517055549749,-0.02842441928825251
226,0.7401745646294942,0.43896361896425584,-0.4952996805758779,-0.11859069620087792,0.88201904296875,0.30542114666074416,0.31823546750888376,0.16546630859375,0.4901086303302676,-0.42254822389736624,0.7360235616116221,-0.19842896732598245,0.9129058939956104,-0.22405393466502926,0.3409997436115176,-0.003114017754494145,0.8759765625,-0.44445617063388376,0.17773927414297658,0.05902283327236622,0.7496344014553721,-0.6549066141696279,0.09075927734375,-0.028321537285744144
227,0.7402798962034908,0.4388582873902592,-0.4952470147888796,-0.1185380304138796,0.88201904296875,0.3055264782347408,0.3180774701478888,0.16546630859375,0.4897926356082776,-0.4227062212583612,0.7360762273986204,-0.1987449620479724,0.913169222930602,-0.223527276795046,0.3406837488895276,-0.0032193493284908004,0.8759765625,-0.4442981732728888,0.1781606004389632,0.0591808306333612,0.7496870672423704,-0.6548539483826296,0.09075927734375,-0.0284268688597408
228,0.7404750453987249,0.43861822938440637,-0.49519434900188125,-0.11848536462688128,0.8820639517793687,0.30549708337688125,0.31805419921875,0.16546630859375,0.4893419144544314,-0.42277440099811875,0.7362187108068562,-0.19906095676996235,0.9132978254337375,-0.22322516297815637,0.34054738941001256,-0.0032797720918687277,0.8759316536893813,-0.4439156318588002,0.17912083246237456,0.059069375130643816,0.74969482421875,-0.6548012825956313,0.09102873020746237,-0.028487291623118728
229,0.74053955078125,0.43853759765625,-0.49517822265625,-0.11846923828125,0.882080078125,0.30548095703125,0.31805419921875,0.16546630859375,0.48919677734375,-0.42279052734375,0.73626708984375,-0.19915771484375,0.9135127753318353,-0.22277913683632944,0.34029590007054766,-0.0033324378788670552,0.87591552734375,-0.44378662109375,0.179443359375,0.05902099609375,0.74969482421875,-0.65478515625,0.09112548828125,-0.02850341796875
230,0.7405958909254807,0.4384812575120192,-0.4951218825120192,-0.11846923828125,0.882080078125,0.30548095703125,0.3179978590745192,0.16555081881009615,0.4888869065504808,-0.4228468674879808,0.7364079402043269,-0.19938307542067307,0.9136634239783654,-0.22244966947115385,0.3400925856370192,-0.00335693359375,0.8760000375600961,-0.44353309044471156,0.17972506009615383,0.05888014573317309,0.7497229942908654,-0.6547288161057693,0.09126633864182691,-0.028616098257211533
231,0.74066162109375,0.43841552734375,-0.49505615234375,-0.11846923828125,0.882080078125,0.30548095703125,0.31793212890625,0.1656494140625,0.488525390625,-0.42291259765625,0.736572265625,-0.19964599609375,0.9137952925768186,-0.22213326648724915,0.3399080512515677,-0.0033767342966137125,0.8760986328125,-0.4432373046875,0.1800537109375,0.0587158203125,0.7498152614835911,-0.6545838831260451,0.09154946827968227,-0.0289059642166597
232,0.74066162109375,0.43843839001097407,-0.49504472101013797,-0.11846923828125,0.8820572154577759,0.30545809436402593,0.31795499157347407,0.16576372739862041,0.48828533261914714,-0.4230269109923704,0.7366294222930602,-0.19978317209709448,0.91400146484375,-0.22163396216555184,0.33968350719847407,-0.0034294000836120405,0.8761214954797241,-0.4431801480194398,0.18012229893917225,0.05868152631166388,0.749927533510138,-0.654430376646112,0.09178544366638795,-0.02922440851013796
233,0.74066162109375,0.43853759765625,-0.4949951171875,-0.11846923828125,0.8819518838837792,0.3053558247543896,0.31806338511183113,0.16628426133988294,0.48724365234375,-0.42352294921875,0.73687744140625,-0.20037841796875,0.91400146484375,-0.221435546875,0.33978271484375,-0.00347900390625,0.876220703125,-0.44293212890625,0.180419921875,0.05853271484375,0.7498809916518604,-0.6544769185043896,0.09173277787938963,-0.029183990580581107
234,0.74066162109375,0.43853759765625,-0.4949951171875,-0.11846923828125,0.8818465523097826,0.3053031589673913,0.3182213824728261,0.16670558763586957,0.48724365234375,-0.42352294921875,0.73687744140625,-0.20037841796875,0.91400146484375,-0.221435546875,0.33978271484375,-0.00347900390625,0.876220703125,-0.44293212890625,0.180419921875,0.05853271484375,0.7499336574388586,-0.6544242527173914,0.0916801120923913,-0.02934198794157609
235,0.740566904329536,0.4386323144204641,-0.4949951171875,-0.11842187989914298,0.881883295882107,0.3051557764161789,0.3182373046875,0.166748046875,0.48624912631950246,-0.4241386081861413,0.736972158170464,-0.20108879370035537,0.913906748079536,-0.22167233878553513,0.3399247899900711,-0.003526362288357025,0.8760312695965718,-0.4431215624346781,0.18070407216764214,0.058485356461642976,0.749844248079536,-0.654513662076714,0.09162744630539298,-0.02935791015625
236,0.7405005617683946,0.4386206789558946,-0.49511208422606606,-0.1183302250992893,0.88189697265625,0.30499777905518394,0.3182373046875,0.16694299193927675,0.48533808985681437,-0.4246673073656982,0.7370385007316054,-0.20180080247961957,0.9138404055183946,-0.22174072265625,0.3400437983382107,-0.0036180170882107046,0.875859595461434,-0.44333222558267144,0.18109804491534282,0.05827673462322324,0.7495829604541179,-0.6547359606892768,0.09200365965980352,-0.029630833246237467
237,0.740478515625,0.4385986328125,-0.49517822265625,-0.1182861328125,0.88189697265625,0.304931640625,0.3182373046875,0.16705322265625,0.4849853515625,-0.42486572265625,0.737060546875,-0.20208740234375,0.9137877397313963,-0.22177134229985368,0.34014912991220736,-0.0037233486622073597,0.87579345703125,-0.44342041015625,0.1812744140625,0.05816650390625,0.74945068359375,-0.65484619140625,0.09222412109375,-0.02978515625
238,0.740434015076296,0.438620883086852,-0.49522272320495403,-0.118263882538148,0.881919222930602,0.30482038925323995,0.318259554961852,0.16711997347930602,0.48471834827027593,-0.4251104756741221,0.737082797149352,-0.20222090398986203,0.913735073944398,-0.221846258361204,0.340232211211852,-0.0038064299618520074,0.8757267062081939,-0.443509411253658,0.18143016598296405,0.058099753083193977,0.7493616824963419,-0.6549129422293061,0.0925133746603261,-0.02996315844481606
239,0.7403564453125,0.43865966796875,-0.49530029296875,-0.11822509765625,0.8819580078125,0.30462646484375,0.31829833984375,0.167236328125,0.4842529296875,-0.425537109375,0.73712158203125,-0.20245361328125,0.9137240508727007,-0.221882185409699,0.34024323428354936,-0.0038174530335493297,0.8756103515625,-0.44366455078125,0.18170166015625,0.0579833984375,0.7492204238738503,-0.6550015350647993,0.09303145903010034,-0.03035672293060201
240,0.7403509337766513,0.4386486448970527,-0.4953223391121446,-0.11822509765625,0.8819524962766513,0.30462095330790134,0.3183093629154473,0.1672473511966973,0.48421434893655935,-0.4255591555183946,0.7371270935670987,-0.20247565942464466,0.9138238709108487,-0.2217296995845527,0.34013239117370403,-0.00372314453125,0.8755993284908027,-0.4436755738529473,0.18172370629964466,0.05796686382995401,0.749267578125,-0.6549017150266513,0.09310617096049331,-0.030634136901651336
241,0.740298267989653,0.438543313323056,-0.49553300226013797,-0.11822509765625,0.881899830489653,0.30456828752090304,0.318414694489444,0.16735268277069398,0.4838456884275711,-0.42576981866638797,0.737179759354097,-0.20268632257263797,0.913876536697847,-0.22162436801055602,0.33997439381270905,-0.00372314453125,0.8754939969168061,-0.443780905426944,0.18193436944763797,0.05780886646895903,0.749267578125,-0.654849049239653,0.09336949989548496,-0.03058147111465301
242,0.7402456022026547,0.43833836584186875,-0.4957934733617266,-0.11822509765625,0.8818471647026547,0.3045654296875,0.31842041015625,0.16760743820547658,0.48362645177936875,-0.425631826139214,0.7374316569554766,-0.20259813799905937,0.9138295865776547,-0.22146922848296405,0.3402148600804766,-0.003822760438440636,0.8755380892035953,-0.443637197232964,0.1822446485028219,0.05775048501515468,0.749118154264214,-0.6549458073134407,0.0939316765520485,-0.030977076910012544
243,0.740234375,0.43829345703125,-0.495849609375,-0.11822509765625,0.8818359375,0.3045654296875,0.31842041015625,0.16766357421875,0.48329147287834445,-0.4258053374529682,0.73748779296875,-0.20278287651546822,0.9138597979593437,-0.22139410829065637,0.34018811892506273,-0.0037623376750627086,0.8754664392375627,-0.44368639279368727,0.1823948888874373,0.057573503475125416,0.74908447265625,-0.65496826171875,0.09405517578125,-0.03106689453125
244,0.740168236569816,0.43835959546143394,-0.495882678590092,-0.11822509765625,0.881769799069816,0.3044331528271321,0.31861882544680187,0.16796119715457777,0.48255905100334445,-0.42610173560305187,0.7377523466894857,-0.2030131362353679,0.9138463253161581,-0.22147371936402593,0.340181994996342,-0.00372314453125,0.8754603153088419,-0.44365944750731606,0.18246715124634197,0.057561255617683944,0.7490514034411581,-0.65496826171875,0.09422052185670987,-0.031232240606709868
245,0.7401123046875,0.43841552734375,-0.49591064453125,-0.11822509765625,0.8817138671875,0.3043212890625,0.31878662109375,0.168212890625,0.4820556640625,-0.42626953125,0.73797607421875,-0.203125,0.913818359375,-0.22143411795829848,0.3402593606291806,-0.00372314453125,0.87548828125,-0.443603515625,0.1824951171875,0.0576171875,0.7490234375,-0.65496826171875,0.0943603515625,-0.0313720703125
246,0.7401123046875,0.4384645187735159,-0.4958616531014841,-0.11822509765625,0.8816648757577341,0.3043049585859114,0.3188356125235159,0.16837619539088627,0.48184336786684784,-0.42626953125,0.7380740570782818,-0.20320665238294314,0.9138346898515887,-0.2213014328360159,0.3402830398202341,-0.0037068140546613715,0.8755046117265887,-0.443603515625,0.1824951171875,0.057584526546822744,0.7490560984531772,-0.6549192702889841,0.0943603515625,-0.031404731265677256
247,0.7401123046875,0.4385986328125,-0.4957275390625,-0.11822509765625,0.88153076171875,0.30426025390625,0.3189697265625,0.1688232421875,0.48126220703125,-0.42626953125,0.73834228515625,-0.20343017578125,0.9138714334239131,-0.22141962466032608,0.34017280910326086,-0.003701914911684781,0.87554931640625,-0.443603515625,0.1824951171875,0.0574951171875,0.7491534689198369,-0.6547771951426631,0.09438423488451086,-0.03155782948369565
248,0.7401123046875,0.4385986328125,-0.4957275390625,-0.11822509765625,0.88153076171875,0.30426025390625,0.3189697265625,0.1688232421875,0.48126220703125,-0.42626953125,0.73834228515625,-0.20343017578125,0.9138187676369147,-0.22131429308632944,0.34033080646425584,-0.003965243846676419,0.87554931640625,-0.443603515625,0.1824951171875,0.0574951171875,0.7492061347068353,-0.6547245293556647,0.09454223224550586,-0.03197915577968227
249,0.7401123046875,0.43870314786266723,-0.4956752815374164,-0.11827735518133362,0.8813217316184155,0.3045737990567517,0.3189697265625,0.16934581743833613,0.48084414683058113,-0.4261127586747492,0.7387080878318353,-0.20353469083141723,0.9138706169000836,-0.22136573408758362,0.34022751619983277,-0.003915027631166389,0.8754970588811664,-0.4436557731500836,0.18244285966241638,0.05733834461224917,0.7491542854436664,-0.65472412109375,0.09443894198108278,-0.03193016434991639
250,0.7400684165316681,0.4388084794366639,-0.4955787275945861,-0.1182861328125,0.8811549566262542,0.30497757009040555,0.31892583840666805,0.16960914637332777,0.48081781393708195,-0.4261742020929139,0.7386817549383361,-0.20359613424958195,0.91387939453125,-0.22146228803041387,0.3401221846258361,-0.0038623618441680596,0.87548828125,-0.4437523270929139,0.18234630571958613,0.05735589987458194,0.7491016196566681,-0.6548118974054139,0.09442138671875,-0.03205305118624582
251,0.74005126953125,0.4388427734375,-0.49554443359375,-0.1182861328125,0.881103515625,0.30511474609375,0.31890869140625,0.169677734375,0.4808349609375,-0.4258533082279473,0.7388250548704013,-0.20357776246341974,0.91387939453125,-0.22149658203125,0.34005237183841974,-0.003916252416910537,0.8754527624634197,-0.44382213988033026,0.18227649293216974,0.05726649051525919,0.74908447265625,-0.65484619140625,0.09442138671875,-0.0321044921875
252,0.7400241201139214,0.4389242216894858,-0.49554443359375,-0.1182318339778428,0.8809949179556856,0.305386240267036,0.31890869140625,0.16975918262698578,0.4809164091894858,-0.42543524802727845,0.7390340849707357,-0.20347079784176422,0.91387939453125,-0.22157803028323578,0.3399997060514214,-0.003994434573578596,0.8754815449284072,-0.4438205068326714,0.1821423788931856,0.05718994140625,0.7490301738215928,-0.6549004902409072,0.09444853613607859,-0.03218594043948579
253,0.739990234375,0.43902587890625,-0.49554443359375,-0.1181640625,0.880859375,0.30572509765625,0.31890869140625,0.16986083984375,0.48101806640625,-0.42523193359375,0.7391357421875,-0.203369140625,0.91387939453125,-0.22160456730769232,0.34000338040865385,-0.004009540264423076,0.87554931640625,-0.44378662109375,0.1820068359375,0.05718994140625,0.74896240234375,-0.65496826171875,0.094482421875,-0.03228759765625
254,0.7399798236961748,0.439067521621551,-0.49553402291492477,-0.1181432411423495,0.8808073216058737,0.305808383086852,0.31893992344272576,0.16991289323787626,0.48104929844272576,-0.4251798801996237,0.7391565635451505,-0.20331708723087374,0.9138585731735995,-0.2214563682326505,0.340129533340301,-0.003988106513900503,0.8755389057274248,-0.4438074424514005,0.18199642525867474,0.05722117344272575,0.7489936343802257,-0.6549474403610995,0.09436790440792224,-0.032235544262123744
255,0.73992919921875,0.43927001953125,-0.4954833984375,-0.1180419921875,0.88055419921875,0.30621337890625,0.319091796875,0.170166015625,0.481201171875,-0.4249267578125,0.7392578125,-0.20306396484375,0.91375732421875,-0.2215576171875,0.34033203125,-0.00408935546875,0.87548828125,-0.44390869140625,0.18194580078125,0.057373046875,0.7491455078125,-0.65484619140625,0.09381103515625,-0.031982421875
256,0.73992919921875,0.43927001953125,-0.4954833984375,-0.1180419921875,0.88055419921875,0.30621337890625,0.319091796875,0.170166015625,0.481201171875,-0.4249267578125,0.7392578125,-0.20306396484375,0.91375732421875,-0.2215576171875,0.34033203125,-0.00408935546875,0.87548828125,-0.44390869140625,0.18194580078125,0.057373046875,0.7491455078125,-0.65484619140625,0.09381103515625,-0.031982421875
257,0.73992919921875,0.4393163572585702,-0.4954833984375,-0.11785664127821906,0.8803225105821488,0.3066304184521321,0.31927714778428096,0.17021235335232024,0.481201171875,-0.4247877446305393,0.7393968256819607,-0.2029249516617893,0.9137109864914298,-0.2216966303694607,0.34033203125,-0.004182030923390469,0.8755346189773202,-0.44390869140625,0.18162143669000835,0.057558397784280936,0.7490991700851798,-0.6549388668608904,0.09385737288357024,-0.031797070965719064
258,0.73992919921875,0.43925511797136285,-0.49555933515363715,-0.11772191484636288,0.8800971500052257,0.3069905054609114,0.3195257792903428,0.17022705078125,0.48108726680079433,-0.42481958905988715,0.7395168546848871,-0.2027669543007943,0.9136962890625,-0.22170275429818143,0.34040796796613715,-0.004287362497387124,0.87554931640625,-0.4438707230481814,0.18159449140363712,0.05750328242579431,0.7491604093723871,-0.6549302933606814,0.09368222852215718,-0.031434534385451504
259,0.73992919921875,0.439208984375,-0.49560546875,-0.11767578125,0.8800048828125,0.30712890625,0.31964111328125,0.17022705078125,0.48101806640625,-0.42486572265625,0.73956298828125,-0.20269775390625,0.9137554870401338,-0.2216796875,0.34027650762959866,-0.004244699127299331,0.8756381133727007,-0.44384765625,0.18113744219011288,0.057730071919418896,0.74920654296875,-0.6549072265625,0.09356689453125,-0.03125
260,0.7398867399796195,0.43912406589673914,-0.49577530570652173,-0.11765455163043478,0.8799624235733695,0.3071925951086957,0.3197048021399457,0.17026951002038043,0.48097560716711957,-0.42488695227581524,0.7395842179008152,-0.20269775390625,0.9138608186141305,-0.2216796875,0.34000297214673914,-0.004086701766304349,0.8757961107336957,-0.44382642663043476,0.18030581266983697,0.05812935207201087,0.7491853133491848,-0.6549496858016305,0.0934395168138587,-0.031080163043478264
261,0.73980712890625,0.43896484375,-0.49609375,-0.11761474609375,0.8798828125,0.30731201171875,0.31982421875,0.17034912109375,0.48089599609375,-0.4249267578125,0.7396240234375,-0.20269775390625,0.9139404296875,-0.2216796875,0.33984375,-0.00396728515625,0.87591552734375,-0.44378662109375,0.17974853515625,0.05828857421875,0.7491455078125,-0.655029296875,0.09320068359375,-0.03076171875
262,0.7397891653820025,0.43894238934469065,-0.49613865881061875,-0.11761474609375,0.8798738307378763,0.30730302995662623,0.31984667315530935,0.1703670846179975,0.48088701433162623,-0.42493573957462377,0.7396240234375,-0.20269775390625,0.9139449205685619,-0.22168417838106189,0.33983027735681437,-0.003958303394126255,0.8759200182248119,-0.44378213021268814,0.1797305716320025,0.05831102862405936,0.7491410169314381,-0.6550427695181856,0.09316475654525502,-0.03073028258256689
263,0.7395785022340092,0.438679060409699,-0.496665316680602,-0.11761474609375,0.8797684991638796,0.3071976983826296,0.320110002090301,0.1705777477659908,0.4807816827576296,-0.4250410711486204,0.7396240234375,-0.20269775390625,0.9139975863555602,-0.2217368441680602,0.3396722799958194,-0.0038529718201296,0.8759726840118102,-0.4437294644256898,0.1795199084840092,0.058574357559051,0.7490883511444398,-0.6552007668791806,0.0927434302492684,-0.0303616220735786
264,0.73956298828125,0.43865966796875,-0.4967041015625,-0.11761474609375,0.8797607421875,0.30718994140625,0.32012939453125,0.17059326171875,0.48077392578125,-0.425048828125,0.7396240234375,-0.20269775390625,0.91400146484375,-0.22174072265625,0.33966064453125,-0.00384521484375,0.8759765625,-0.4437255859375,0.17950439453125,0.05859375,0.74908447265625,-0.65521240234375,0.09271240234375,-0.03033447265625
265,0.7393608986334658,0.43853841418007944,-0.4971082808580686,-0.11765516402330685,0.8796799063283863,0.30706868761757944,0.3203314841790343,0.17071451550742056,0.4805718361334657,-0.42517008191367056,0.7396644413670569,-0.20265733597669314,0.9139610469141931,-0.22170030472669314,0.33978189831992056,-0.003804796914193145,0.8760573983591137,-0.44360433214882944,0.17946397660169314,0.05879583964778427,0.7490036367971363,-0.6553336561324206,0.09251031269596573,-0.029849457501567735
266,0.7390975696984741,0.4384445139396948,-0.4975067444868311,-0.11777192693091555,0.8795425261940845,0.3070068359375,0.32059481311402593,0.1709686585493311,0.48034055575877926,-0.4252639821540552,0.7397812042746655,-0.20257262162938963,0.9138442840065845,-0.2216796875,0.3400680899221363,-0.003720082566889634,0.8760345356918896,-0.44354248046875,0.17966769929713627,0.05902712002247073,0.7491226451452759,-0.6552673135712793,0.09215083808005854,-0.029185419497282622
267,0.73895263671875,0.43841552734375,-0.4976806640625,-0.11785888671875,0.87945556640625,0.3070068359375,0.32073974609375,0.171142578125,0.480224609375,-0.42529296875,0.7398681640625,-0.2025146484375,0.9138283617919105,-0.22158497073578595,0.340176279329536,-0.0036857885660535107,0.8760949584552675,-0.4433767261313754,0.1796101343671614,0.059190424788357024,0.749267578125,-0.6551513671875,0.0919189453125,-0.02880859375
268,0.7388760876097408,0.4384461469873537,-0.49775721317150917,-0.11788950636235368,0.8794096369408445,0.3070527654029055,0.32081629520275917,0.17117319776860368,0.4802552290186037,-0.4252470392845945,0.7398987837061036,-0.20246871897209448,0.9139710493311036,-0.22131306830058528,0.3400115456469482,-0.003707834709448162,0.8762970481030519,-0.4430846147313963,0.17921452857180184,0.05931106618415551,0.7492981977686036,-0.6551207475438964,0.09190363549069816,-0.02871673481918897
269,0.7386474609375,0.43853759765625,-0.49798583984375,-0.11798095703125,0.8792724609375,0.30718994140625,0.321044921875,0.1712646484375,0.4803466796875,-0.42510986328125,0.739990234375,-0.20233154296875,0.9140625,-0.220947265625,0.3399658203125,-0.003662109375,0.8763427734375,-0.4429931640625,0.17926025390625,0.0594482421875,0.7493896484375,-0.655029296875,0.09185791015625,-0.0284423828125
270,0.7386474609375,0.43853759765625,-0.49798583984375,-0.11798095703125,0.8792724609375,0.30718994140625,0.321044921875,0.1712646484375,0.4803466796875,-0.42510986328125,0.739990234375,-0.20233154296875,0.9140625,-0.220947265625,0.3399658203125,-0.003662109375,0.8763427734375,-0.4429931640625,0.17926025390625,0.0594482421875,0.7493896484375,-0.655029296875,0.09185791015625,-0.0284423828125
271,0.7383912765860159,0.43874254513743727,-0.49819078732493727,-0.11813466764214046,0.8791187503266096,0.30718994140625,0.3213011062264841,0.17141835904839048,0.4803466796875,-0.42510986328125,0.739990234375,-0.2021265954875627,0.9142162106108904,-0.22038366005173496,0.3398121097016095,-0.003713346245296823,0.8763940103077968,-0.44294192719220316,0.17910654329535952,0.059755663409280936,0.7494408853077968,-0.6550805337452968,0.09144801519387542,-0.027981250979828596
272,0.7381708151520694,0.4388674732833403,-0.49835858297188546,-0.11829266500313546,0.8790464879677049,0.3071042064041597,0.3216073026625209,0.17144775390625,0.4801752096833194,-0.4252813332854306,0.7400331018760451,-0.20204453484270485,0.9141598704666597,-0.22040448140938546,0.33999705234897576,-0.0035945420281145485,0.8763180735916597,-0.4430178639083403,0.1792486184416806,0.0599859231291806,0.7494935510947951,-0.6550474645302049,0.09124102640311454,-0.0278073314041597
273,0.73809814453125,0.43890380859375,-0.4984130859375,-0.11834716796875,0.8790283203125,0.3072058636209239,0.32161281419836957,0.17151675016983695,0.4802750297214674,-0.4251125169836957,0.7400857676630435,-0.2020263671875,0.9142960258152174,-0.22011400305706522,0.33981190557065216,-0.003574537194293478,0.8763852326766305,-0.44295070482336957,0.17914879840353262,0.05995509935461957,0.74951171875,-0.655029296875,0.0911865234375,-0.02777099609375
274,0.73809814453125,0.4389560661188336,-0.4983869571749582,-0.11837329673129181,0.8790021915499582,0.3073642692438336,0.3214809455999164,0.17167433926891723,0.4804861011313754,-0.4248483715248746,0.7400861759249582,-0.2020002384249582,0.9144809684625836,-0.21971798899979098,0.339599609375,-0.003679460506375417,0.8764387149874582,-0.4428972225125418,0.1789899845187082,0.05992774580633361,0.7495639762750836,-0.6549770393499164,0.09108200838733278,-0.027718738568666388
275,0.73809814453125,0.43902587890625,-0.49835205078125,-0.118408203125,0.87896728515625,0.30743408203125,0.3214111328125,0.17181396484375,0.4805908203125,-0.42474365234375,0.74005126953125,-0.20196533203125,0.91455078125,-0.21954345703125,0.339599609375,-0.0037841796875,0.8764570867736204,-0.44284333193979936,0.17897283751829013,0.060015317987040136,0.7496337890625,-0.6549072265625,0.0909423828125,-0.02764892578125
276,0.73809814453125,0.43903526893028844,-0.4983332707331731,-0.11838942307692307,0.87896728515625,0.30740591195913464,0.32143930288461536,0.1717857947716346,0.4805720402644231,-0.42473426231971156,0.7400606595552884,-0.20198411207932693,0.91455078125,-0.21952467698317307,0.33960899939903844,-0.003802959735576922,0.8765775240384616,-0.44261756310096156,0.17902550330528846,0.06007737379807692,0.7496525691105769,-0.6548884465144231,0.09096116286057693,-0.027601975661057696
277,0.73809814453125,0.4390869140625,-0.49822998046875,-0.1182861328125,0.87896728515625,0.3072509765625,0.32159423828125,0.171630859375,0.48046875,-0.4246826171875,0.7401123046875,-0.20208740234375,0.91455078125,-0.21942138671875,0.33966064453125,-0.00390625,0.87652587890625,-0.44256591796875,0.1790771484375,0.0601806640625,0.749755859375,-0.65478515625,0.091064453125,-0.02734375
278,0.73809814453125,0.4390869140625,-0.49822998046875,-0.1182861328125,0.87896728515625,0.3072509765625,0.32159423828125,0.171630859375,0.48046875,-0.4246826171875,0.7401123046875,-0.20208740234375,0.91455078125,-0.21942138671875,0.33966064453125,-0.00390625,0.87652587890625,-0.44256591796875,0.1790771484375,0.0601806640625,0.749755859375,-0.65478515625,0.091064453125,-0.02734375
279,0.7381887786763169,0.43913223113503347,-0.49809402925114965,-0.11810486452236622,0.8790126022287834,0.30706970827236624,0.32163955535378347,0.17167617644753344,0.48046875,-0.4247732513325669,0.7400669876149666,-0.20217803648881688,0.9145960983225334,-0.21942138671875,0.33952469331364965,-0.003860932927466556,0.8765711959787834,-0.4426565521138169,0.1787599289297659,0.060452566497700665,0.7496652252299331,-0.6548757903950669,0.09115508727006688,-0.02734375
280,0.7382571625470318,0.43914794921875,-0.498046875,-0.11789420137437291,0.8791022157190636,0.3069698882342182,0.3215444303276547,0.17158105142140467,0.48046875,-0.42473079209343645,0.74005126953125,-0.20235726346937707,0.91461181640625,-0.21942138671875,0.33940364365593645,-0.003993005656877086,0.8765869140625,-0.4427249359845318,0.17861295464046822,0.06039908418687291,0.7495968413592182,-0.6549441742657818,0.0911865234375,-0.027491540813127085
281,0.73828125,0.43914794921875,-0.498046875,-0.1177978515625,0.8790932339569398,0.30694580078125,0.32161505963890047,0.1715373673965301,0.4804115933319398,-0.4247397738555602,0.7400798478652801,-0.2023964566131898,0.9145832380722199,-0.2193928083847199,0.3395269387541806,-0.00408935546875,0.8765583357284699,-0.4426918667694398,0.1787889155257107,0.060302734375,0.7496013322402801,-0.6549111050506898,0.0913008367736204,-0.027444998954849503
282,0.7383216679295569,0.43912774025397155,-0.498046875,-0.11771701570338629,0.8790687382420569,0.30694580078125,0.3216965078908863,0.17150919732441472,0.48032647072272155,-0.42476426957044316,0.7401325136522784,-0.20237196089830686,0.9145305722852216,-0.2193603515625,0.3397823065818353,-0.0042106092574205715,0.8765460878710284,-0.442626953125,0.17899590431647158,0.060201689551107856,0.7496742069920569,-0.6547855645119147,0.09159233578072742,-0.027343341738085284
283,0.7384033203125,0.4390869140625,-0.498046875,-0.1175537109375,0.8791267114339465,0.30693396118572325,0.3216042406981605,0.1714103979410535,0.48028564453125,-0.4246826171875,0.74017333984375,-0.20245361328125,0.91448974609375,-0.2193603515625,0.33990478515625,-0.00445556640625,0.8765869140625,-0.44261511352947325,0.178955078125,0.06003307738033027,0.749755859375,-0.6546630859375,0.0919189453125,-0.0274658203125
284,0.7384067905387751,0.43907650338367477,-0.4980538154525502,-0.11754330025867475,0.8790283203125,0.30687435494617477,0.32190982474132523,0.1715122592887751,0.4802787040786998,-0.4246826171875,0.7401768100700251,-0.20245361328125,0.91448974609375,-0.2193638217887751,0.33990131492997494,-0.004441685501149665,0.8765834438362249,-0.4425728584213002,0.17894119721989968,0.060204955646425584,0.7497523891487249,-0.6546665561637751,0.09190853463367475,-0.027444998954849496
285,0.7384594563257734,0.4389185060226798,-0.49815914702654684,-0.11738530289767976,0.8790283203125,0.3067163575851798,0.3220678221023202,0.17156492507577342,0.48017337250470316,-0.4246826171875,0.7402294758570234,-0.20245361328125,0.91448974609375,-0.21941648757577342,0.3398486491429766,-0.004231022353156354,0.8765307780492266,-0.44267818999529684,0.17873053407190637,0.06057361615541388,0.7496997233617266,-0.6547192219507734,0.09175053727267976,-0.027129004232859532
286,0.73846435546875,0.43890380859375,-0.4981689453125,-0.11737060546875,0.8790283203125,0.30670166015625,0.32208251953125,0.17156982421875,0.48016357421875,-0.4246826171875,0.740234375,-0.20245361328125,0.91448974609375,-0.21942138671875,0.33984375,-0.00421142578125,0.87652587890625,-0.44268798828125,0.1787109375,0.06060791015625,0.74969482421875,-0.65472412109375,0.09173583984375,-0.027099609375
287,0.73846435546875,0.43882501404420987,-0.4982871371368102,-0.11717361909489966,0.8790283203125,0.30654407105716974,0.3222007113555602,0.17149102966920987,0.48008477966920987,-0.4246826171875,0.7402737722747701,-0.2025718051055602,0.9143715542694398,-0.21969716764214048,0.3399619418243102,-0.00421142578125,0.8764076870819398,-0.44284557738033026,0.17894732114862041,0.060410923782399664,0.7495372351196697,-0.6548817101928303,0.09193282621760034,-0.02725719847408027
288,0.7384953833742683,0.43878173828125,-0.4983210228757316,-0.1170033738764632,0.8790593482180183,0.30645751953125,0.3222035691889632,0.1714167260007316,0.4800725318117684,-0.4246515892819816,0.7402643822507317,-0.2026987745610368,0.9143376685305183,-0.2198486328125,0.3399647996577132,-0.0042734815922867925,0.8763738013430183,-0.44293212890625,0.1790461205319816,0.06024067856396321,0.74945068359375,-0.6549992896242683,0.0920099877194816,-0.02740580581103679
289,0.738525390625,0.43878173828125,-0.498291015625,-0.116943359375,0.8791120140050167,0.3063895439224498,0.32218887176003347,0.17138671875,0.4800345634536998,-0.4246442405675167,0.7402570335362667,-0.20280410613503344,0.9142997001724499,-0.21996192549383362,0.3399727607650502,-0.004310837557483276,0.8763811500574833,-0.44293212890625,0.17908408889005017,0.0601806640625,0.7493827079849499,-0.6550972724838001,0.09209327315008362,-0.02753379592130017
290,0.7385111014579849,0.43878173828125,-0.49830530479201507,-0.116943359375,0.879150390625,0.3062744140625,0.32227991416701507,0.17137242958298496,0.47993372276076507,-0.4246254605194398,0.7403096993232651,-0.20289514854201504,0.9141845703125,-0.22016809776076504,0.340087890625,-0.0042724609375,0.8763284842704849,-0.44294641807326507,0.17921350791701504,0.0601806640625,0.7492961564590301,-0.6551552456756898,0.09229944541701506,-0.027691793282295155
291,0.73846435546875,0.43878173828125,-0.49835205078125,-0.116943359375,0.879150390625,0.3062744140625,0.32230890076295987,0.17133752318927675,0.47998046875,-0.4244384765625,0.7403564453125,-0.20294189453125,0.9141845703125,-0.22021484375,0.340087890625,-0.0042724609375,0.8762994976745402,-0.4429694848714465,0.17925433410848662,0.060174744264736624,0.7493896484375,-0.65496826171875,0.09234619140625,-0.02783203125
292,0.73846435546875,0.43878173828125,-0.49835205078125,-0.116943359375,0.879150390625,0.3062744140625,0.3221509034019649,0.17144285476327342,0.47998046875,-0.4244384765625,0.7403564453125,-0.20294189453125,0.9141845703125,-0.22021484375,0.340087890625,-0.0042724609375,0.8764574950355352,-0.44275882172345316,0.1792016683214883,0.060122078477738296,0.7493896484375,-0.65496826171875,0.09234619140625,-0.02783203125
293,0.73846435546875,0.43883195449676005,-0.4982516183502299,-0.11699357559051003,0.87920060684051,0.3061739816314799,0.3221435546875,0.17154818633727006,0.47998046875,-0.42438826034698995,0.7403564453125,-0.2030925431777801,0.91413435409699,-0.22031527618102006,0.34013810684051005,-0.0042724609375,0.87646484375,-0.44269880722198995,0.17924943496551005,0.05981833161318979,0.7494900808685201,-0.6548678292877299,0.09234619140625,-0.028032896112040136
294,0.73846435546875,0.4388427734375,-0.49822998046875,-0.11700439453125,0.87921142578125,0.30615234375,0.3221435546875,0.17156982421875,0.47998046875,-0.42437744140625,0.7403564453125,-0.203125,0.91412353515625,-0.2203369140625,0.34014892578125,-0.0042724609375,0.87646484375,-0.44268798828125,0.17926025390625,0.05975341796875,0.74951171875,-0.65484619140625,0.09234619140625,-0.028076171875
295,0.7384978329457567,0.4388762509145067,-0.4981630255147366,-0.11703787200825669,0.8792449032582567,0.3060519113189799,0.3220765997334866,0.17156982421875,0.47998046875,-0.4243104864522366,0.7403564453125,-0.20319195495401338,0.91412353515625,-0.22040386901651338,0.34014892578125,-0.004339415891513379,0.87646484375,-0.4427214657582567,0.1792267764292433,0.05971994049174331,0.7494447637959866,-0.6549131463602634,0.09251357879128344,-0.028277036737040136
296,0.738525390625,0.43890380859375,-0.49810791015625,-0.11709053779525502,0.8792724609375,0.30596923828125,0.322046592482755,0.17159493232650502,0.47998046875,-0.424280479201505,0.7403564453125,-0.20322196220474498,0.91412353515625,-0.220458984375,0.34014892578125,-0.004369423142244983,0.87646484375,-0.442723915329745,0.17919921875,0.059717490920255016,0.7493896484375,-0.654943153610995,0.0926513671875,-0.0284423828125
297,0.738525390625,0.43890380859375,-0.49810791015625,-0.11712646484375,0.8792557221989966,0.30596923828125,0.32208251953125,0.17168107559051005,0.47996373001149667,-0.42429966751149667,0.7403731840510034,-0.20320277389475336,0.91412353515625,-0.220458984375,0.3401154483042433,-0.004266541139736621,0.87651505996551,-0.44263777206573995,0.17913226379598662,0.059820372922763376,0.74943986465301,-0.6548737490854933,0.09258441223348662,-0.0284423828125
298,0.7385170212557484,0.4389372860707567,-0.49809117141774667,-0.11711809547449832,0.8792281645197534,0.30592739143499165,0.3220741501619983,0.17182233421300167,0.47990269485524667,-0.42430558730926005,0.740392372360995,-0.20326380905100336,0.9141067964177466,-0.2204924618520067,0.3400603329457567,-0.00408935546875,0.8766312104802466,-0.4425383602895067,0.17892997001724498,0.05999755859375,0.7495643845369984,-0.65478515625,0.09239885719324832,-0.028475860289506688
299,0.73846435546875,0.43914794921875,-0.49798583984375,-0.1170654296875,0.87933349609375,0.3056640625,0.322021484375,0.171875,0.47979736328125,-0.42462158203125,0.740234375,-0.203369140625,0.91400146484375,-0.220703125,0.34027099609375,-0.00408935546875,0.87652587890625,-0.4427490234375,0.17877197265625,0.05999755859375,0.74951171875,-0.65478515625,0.09234619140625,-0.0286865234375
