timestep,imu0_w,imu0_x,imu0_y,imu0_z,imu1_w,imu1_x,imu1_y,imu1_z,imu2_w,imu2_x,imu2_y,imu2_z,imu3_w,imu3_x,imu3_y,imu3_z,imu4_w,imu4_x,imu4_y,imu4_z,imu5_w,imu5_x,imu5_y,imu5_z
0,0.90625,-0.06549072265625,-0.1416015625,-0.392822265625,0.69818115234375,0.44622802734375,0.263916015625,0.49359130859375,-0.092529296875,-0.69793701171875,0.70489501953125,0.08575439453125,0.06121826171875,-0.8414306640625,0.5362548828125,0.02374267578125,0.2156982421875,0.714111328125,-0.66375732421875,-0.052978515625,-0.16552734375,-0.31927490234375,0.9202880859375,0.1539306640625
1,0.90625,-0.06549072265625,-0.1416015625,-0.392822265625,0.69818115234375,0.44622802734375,0.263916015625,0.49359130859375,-0.09246826171875,-0.697998046875,0.704833984375,0.0859375,0.06121826171875,-0.8414306640625,0.5362548828125,0.02374267578125,0.2156982421875,0.714111328125,-0.66375732421875,-0.052978515625,-0.16552734375,-0.31927490234375,0.9202880859375,0.1539306640625
2,0.90625,-0.06536865234375,-0.1417236328125,-0.39276123046875,0.6981201171875,0.4462890625,0.2640380859375,0.49359130859375,-0.0926513671875,-0.69793701171875,0.704833984375,0.08587646484375,0.06103515625,-0.84149169921875,0.5362548828125,0.0238037109375,0.21577397477267976,0.7141429684233904,-0.6637256839203596,-0.05301015592339047,-0.16552734375,-0.31927490234375,0.9202880859375,0.15386962890625
3,0.90625,-0.06536865234375,-0.1417236328125,-0.39276123046875,0.6981201171875,0.4462890625,0.2640380859375,0.49359130859375,-0.092529296875,-0.69793701171875,0.70489501953125,0.0859375,0.06103515625,-0.84149169921875,0.5362548828125,0.0238037109375,0.21575927734375,0.71417236328125,-0.6636962890625,-0.05303955078125,-0.16552734375,-0.31927490234375,0.9202880859375,0.15386962890625
4,0.90625,-0.06536865234375,-0.141845703125,-0.39276123046875,0.69805908203125,0.44647216796875,0.2640380859375,0.49346923828125,-0.0926513671875,-0.69793701171875,0.704833984375,0.08599853515625,0.06103515625,-0.8414306640625,0.5362548828125,0.02398681640625,0.2158203125,0.714111328125,-0.6636962890625,-0.05313447167642141,-0.16552734375,-0.31927490234375,0.9202880859375,0.15386962890625
5,0.90625,-0.06536865234375,-0.141845703125,-0.39276123046875,0.69805908203125,0.44647216796875,0.2640380859375,0.49346923828125,-0.09259033203125,-0.6978759765625,0.70489501953125,0.086181640625,0.06103515625,-0.8414306640625,0.5362548828125,0.02398681640625,0.2158203125,0.714111328125,-0.6636962890625,-0.05322265625,-0.16552734375,-0.31927490234375,0.9202880859375,0.15386962890625
6,0.90618896484375,-0.06536865234375,-0.1419677734375,-0.39276123046875,0.697998046875,0.44659423828125,0.26416015625,0.493408203125,-0.09271240234375,-0.69793701171875,0.704833984375,0.08624267578125,0.0609130859375,-0.8414306640625,0.5362548828125,0.024169921875,0.2159423828125,0.714111328125,-0.6636521967757107,-0.05325654198892141,-0.1656494140625,-0.31927490234375,0.92022705078125,0.1539306640625
7,0.90618896484375,-0.06536865234375,-0.1419677734375,-0.39276123046875,0.697998046875,0.44659423828125,0.26416015625,0.493408203125,-0.09271240234375,-0.6978759765625,0.704833984375,0.08624267578125,0.0609130859375,-0.8414306640625,0.5362548828125,0.024169921875,0.2159423828125,0.714111328125,-0.6636962890625,-0.0533447265625,-0.1656494140625,-0.31927490234375,0.92022705078125,0.1539306640625
8,0.90618896484375,-0.06536865234375,-0.1419677734375,-0.392822265625,0.697998046875,0.4466552734375,0.26422119140625,0.49334716796875,-0.09271240234375,-0.69793701171875,0.70477294921875,0.08624267578125,0.06085205078125,-0.84149169921875,0.5362548828125,0.024169921875,0.21594687369356189,0.71417236328125,-0.663633008465719,-0.0533447265625,-0.16571044921875,-0.3193359375,0.920166015625,0.154052734375
9,0.90618896484375,-0.06536865234375,-0.1419677734375,-0.392822265625,0.697998046875,0.4466552734375,0.26422119140625,0.49334716796875,-0.0927734375,-0.69793701171875,0.70477294921875,0.0863037109375,0.06085205078125,-0.84149169921875,0.5362548828125,0.024169921875,0.216064453125,0.71417236328125,-0.66357421875,-0.0533447265625,-0.16571044921875,-0.3193359375,0.920166015625,0.154052734375
10,0.90618896484375,-0.06524658203125,-0.1419677734375,-0.39288330078125,0.69805908203125,0.4464111328125,0.2642822265625,0.493408203125,-0.0927734375,-0.697998046875,0.70477294921875,0.086181640625,0.06072998046875,-0.841552734375,0.53607177734375,0.02410888671875,0.21616161946070234,0.7142333984375,-0.66351318359375,-0.05322265625,-0.165771484375,-0.31939697265625,0.920166015625,0.154052734375
11,0.90618896484375,-0.06524658203125,-0.1419677734375,-0.39288330078125,0.69805908203125,0.4464111328125,0.2642822265625,0.493408203125,-0.09295654296875,-0.697998046875,0.7047119140625,0.08624267578125,0.06072998046875,-0.841552734375,0.53607177734375,0.02410888671875,0.2161865234375,0.7142333984375,-0.66351318359375,-0.05322265625,-0.165771484375,-0.31939697265625,0.920166015625,0.154052734375
12,0.90618896484375,-0.065185546875,-0.141845703125,-0.3929443359375,0.69805908203125,0.4464111328125,0.2642822265625,0.49346923828125,-0.09283447265625,-0.69805908203125,0.7047119140625,0.08612060546875,0.0606689453125,-0.84161376953125,0.53607177734375,0.02398681640625,0.21613222460284282,0.7142333984375,-0.66351318359375,-0.05316162109375,-0.16571044921875,-0.31939697265625,0.920166015625,0.15399169921875
13,0.90618896484375,-0.065185546875,-0.141845703125,-0.3929443359375,0.69805908203125,0.4464111328125,0.2642822265625,0.49346923828125,-0.09295654296875,-0.697998046875,0.7047119140625,0.08612060546875,0.0606689453125,-0.84161376953125,0.53607177734375,0.02398681640625,0.2161865234375,0.7142333984375,-0.66351318359375,-0.05316162109375,-0.16571044921875,-0.31939697265625,0.920166015625,0.15399169921875
14,0.9061279296875,-0.06512451171875,-0.141845703125,-0.39300537109375,0.69805908203125,0.44635009765625,0.26434326171875,0.49346923828125,-0.09295654296875,-0.69805908203125,0.70465087890625,0.08612060546875,0.060546875,-0.8416748046875,0.5360107421875,0.02386474609375,0.21620571174749165,0.7142333984375,-0.6634713367474916,-0.0531005859375,-0.165771484375,-0.31939697265625,0.920166015625,0.1539306640625
15,0.9061279296875,-0.06512451171875,-0.141845703125,-0.39300537109375,0.69805908203125,0.44635009765625,0.26434326171875,0.49346923828125,-0.093017578125,-0.69805908203125,0.7047119140625,0.08612060546875,0.06053503540447324,-0.8416748046875,0.5359989025919732,0.02386474609375,0.21624755859375,0.7142333984375,-0.66351318359375,-0.0531005859375,-0.165771484375,-0.31939697265625,0.920166015625,0.1539306640625
16,0.9061279296875,-0.06512451171875,-0.1417236328125,-0.39300537109375,0.697998046875,0.4464111328125,0.26434326171875,0.4935302734375,-0.0928955078125,-0.69805908203125,0.7047119140625,0.0860595703125,0.06060791015625,-0.8416748046875,0.53594970703125,0.0238037109375,0.21619101431856189,0.7142378893185619,-0.6635086927126881,-0.05309609505643813,-0.165771484375,-0.3194580078125,0.920166015625,0.1539306640625
17,0.9061279296875,-0.06512451171875,-0.1417236328125,-0.39300537109375,0.697998046875,0.4464111328125,0.26434326171875,0.4935302734375,-0.09307861328125,-0.6981201171875,0.70465087890625,0.08612060546875,0.06060791015625,-0.8416748046875,0.53594970703125,0.0238037109375,0.21624755859375,0.71429443359375,-0.6634521484375,-0.05303955078125,-0.165771484375,-0.3194580078125,0.920166015625,0.1539306640625
18,0.90618896484375,-0.06500244140625,-0.14166259765625,-0.39300537109375,0.697998046875,0.4462890625,0.26446533203125,0.49346923828125,-0.093017578125,-0.6981201171875,0.70465087890625,0.0859375,0.06060791015625,-0.84173583984375,0.53594970703125,0.023681640625,0.21624755859375,0.7142333984375,-0.6634521484375,-0.05291748046875,-0.1656494140625,-0.31951904296875,0.920166015625,0.15386962890625
19,0.90618896484375,-0.06500244140625,-0.14166259765625,-0.39300537109375,0.697998046875,0.4462890625,0.26446533203125,0.49346923828125,-0.09307861328125,-0.6981201171875,0.70458984375,0.0859375,0.06060791015625,-0.8416923599498328,0.53594970703125,0.023681640625,0.21624755859375,0.7142333984375,-0.6634521484375,-0.05291748046875,-0.1656494140625,-0.31951904296875,0.920166015625,0.15386962890625
20,0.90618896484375,-0.06500244140625,-0.14166259765625,-0.39300537109375,0.69805908203125,0.4462890625,0.264404296875,0.49346923828125,-0.09307861328125,-0.6981201171875,0.70458984375,0.0859375,0.06060791015625,-0.8416748046875,0.53594970703125,0.023681640625,0.21621142741429766,0.7142333984375,-0.6634882796169523,-0.05291748046875,-0.16558837890625,-0.3194580078125,0.92022705078125,0.15374755859375
21,0.90618896484375,-0.06500244140625,-0.14166259765625,-0.39300537109375,0.69805908203125,0.4462890625,0.264404296875,0.49346923828125,-0.09295654296875,-0.69805908203125,0.7047119140625,0.0859375,0.06060791015625,-0.8416748046875,0.53594970703125,0.023681640625,0.2161865234375,0.7142333984375,-0.66351318359375,-0.05291748046875,-0.16558837890625,-0.3194580078125,0.92022705078125,0.15374755859375
22,0.9061279296875,-0.0650634765625,-0.1417236328125,-0.39306640625,0.69805908203125,0.4462890625,0.26434326171875,0.49346923828125,-0.093017578125,-0.6981201171875,0.70465087890625,0.08599853515625,0.06060791015625,-0.84173583984375,0.535888671875,0.0238037109375,0.21626899234427258,0.7142729998432275,-0.6634125470317725,-0.052999949375522576,-0.16571044921875,-0.3194580078125,0.920166015625,0.15386962890625
23,0.9061279296875,-0.06503530649038461,-0.1417236328125,-0.3930804912860577,0.6980731670673077,0.44626089242788464,0.2643573467548077,0.49346923828125,-0.09307861328125,-0.69805908203125,0.7046978290264423,0.08609243539663461,0.060471754807692304,-0.8416888897235577,0.5359356219951923,0.023775540865384616,0.21632267878605768,0.7142474834735577,-0.6634380634014423,-0.053011380709134616,-0.16569636418269232,-0.3194720928485577,0.920166015625,0.1538414588341346
24,0.9061279296875,-0.06494140625,-0.1417236328125,-0.39312744140625,0.69805908203125,0.44635009765625,0.26446533203125,0.493408203125,-0.09308534960284282,-0.69805908203125,0.70465087890625,0.08601200779943562,0.0604248046875,-0.84173583984375,0.535888671875,0.023681640625,0.21636962890625,0.7142876972721572,-0.66339111328125,-0.052930953111935616,-0.1656494140625,-0.3194580078125,0.920166015625,0.15386962890625
25,0.9061279296875,-0.06494140625,-0.1417236328125,-0.39312744140625,0.69805908203125,0.44635009765625,0.26446533203125,0.493408203125,-0.0931396484375,-0.69805908203125,0.70465087890625,0.08612060546875,0.060303959160744144,-0.84173583984375,0.535888671875,0.023802486151755852,0.21636962890625,0.7142333984375,-0.66339111328125,-0.05303955078125,-0.1656494140625,-0.3194580078125,0.920166015625,0.15386962890625
26,0.90606689453125,-0.0648193359375,-0.141845703125,-0.3931884765625,0.69805908203125,0.4462890625,0.2646484375,0.49334716796875,-0.09332275390625,-0.6981201171875,0.70458984375,0.0860595703125,0.0601806640625,-0.841796875,0.53582763671875,0.02374267578125,0.216552734375,0.71429443359375,-0.663330078125,-0.05291748046875,-0.165771484375,-0.31951904296875,0.920166015625,0.15380859375
27,0.90606689453125,-0.06477361060305184,-0.141845703125,-0.3932799272313963,0.69805908203125,0.4462433371655518,0.2646484375,0.4933928933031982,-0.09332275390625,-0.6981505327001464,0.7045441184155519,0.08601384497805184,0.06005859375,-0.8418426003344481,0.5357819113843019,0.02369695044680184,0.21661376953125,0.7142791237719481,-0.6632843527905519,-0.05293279029055184,-0.165771484375,-0.3195647683031982,0.9201202902905519,0.15376286841555184
28,0.90606689453125,-0.06475830078125,-0.141845703125,-0.393310546875,0.69793701171875,0.4464111328125,0.26470947265625,0.49334716796875,-0.09332275390625,-0.69818115234375,0.70452880859375,0.08599853515625,0.06005859375,-0.84185791015625,0.5357666015625,0.023681640625,0.21669052277121656,0.71429443359375,-0.66326904296875,-0.05295585708873328,-0.16583251953125,-0.3194580078125,0.920166015625,0.15380859375
29,0.90606689453125,-0.06469624497021322,-0.1418146752194816,-0.393310546875,0.6979680396242683,0.4463490770014632,0.26470947265625,0.4933781958742684,-0.09344482421875,-0.6981201171875,0.70452880859375,0.08608855690844482,0.0599365234375,-0.8419189453125,0.53570556640625,0.023649592064694816,0.21673583984375,0.71429443359375,-0.66326904296875,-0.05291645981396321,-0.1658014916257316,-0.3194580078125,0.920166015625,0.1537775658444816
30,0.90606689453125,-0.06463623046875,-0.14178466796875,-0.393310546875,0.6981201171875,0.4461669921875,0.2646484375,0.49334716796875,-0.0934685034098035,-0.6981437963785535,0.7045051294026965,0.0860222143473035,0.0599365234375,-0.8419189453125,0.53570556640625,0.0235595703125,0.21680687741691054,0.7143181127848035,-0.663221684586643,-0.05288012450355351,-0.1658935546875,-0.319580078125,0.92010498046875,0.15380859375
31,0.90606689453125,-0.06460356951557274,-0.14178466796875,-0.393310546875,0.6981364476640887,0.4461343312343227,0.2646647679765886,0.4933634984453386,-0.093505859375,-0.69818115234375,0.7044677734375,0.08604323983591138,0.05985915780466137,-0.84197998046875,0.5355671656171613,0.023587944515572744,0.2169189453125,0.71435546875,-0.66314697265625,-0.052884819515572744,-0.1658935546875,-0.319580078125,0.92010498046875,0.15377593279682275
32,0.90606689453125,-0.06451416015625,-0.14178466796875,-0.393310546875,0.6981201171875,0.446044921875,0.26483154296875,0.49334716796875,-0.09352382289924749,-0.6981901341058737,0.7044587916753763,0.08599853515625,0.059814453125,-0.84197998046875,0.5355224609375,0.02349853515625,0.21692792707462374,0.7143644505121237,-0.6631379908941263,-0.052786428394126256,-0.166015625,-0.31964111328125,0.92010498046875,0.15374755859375
33,0.9061279296875,-0.064453125,-0.1417236328125,-0.39324951171875,0.69818115234375,0.446044921875,0.2647705078125,0.49334716796875,-0.0936279296875,-0.69818115234375,0.7044677734375,0.0859375,0.0596923828125,-0.842041015625,0.5355224609375,0.02337646484375,0.2169189453125,0.71435546875,-0.66314697265625,-0.05267333984375,-0.1658935546875,-0.319580078125,0.92010498046875,0.15374755859375
34,0.9061279296875,-0.064453125,-0.1417236328125,-0.39324951171875,0.6981201171875,0.446044921875,0.264892578125,0.493408203125,-0.0936279296875,-0.69818115234375,0.7044677734375,0.0859375,0.0596923828125,-0.842041015625,0.5355224609375,0.02337646484375,0.2169189453125,0.71435546875,-0.66314697265625,-0.05267333984375,-0.16595458984375,-0.31964111328125,0.92010498046875,0.1536865234375
35,0.9061279296875,-0.064453125,-0.1416756620375209,-0.3932015409437709,0.6981201171875,0.446044921875,0.2648446073500209,0.4933602323500209,-0.0936409940687709,-0.6982421875,0.70440673828125,0.0859375,0.059801388743729096,-0.842041015625,0.5355093965562291,0.023389529225020904,0.2168709745375209,0.7143685331312709,-0.6631339082749791,-0.05267333984375,-0.1659066190687709,-0.3195931425062709,0.92010498046875,0.1536865234375
36,0.9061279296875,-0.064453125,-0.14166259765625,-0.3931884765625,0.69793701171875,0.4462890625,0.26483154296875,0.493408203125,-0.09358730762698579,-0.6982421875,0.70440673828125,0.08597812206051421,0.059814453125,-0.842041015625,0.5355224609375,0.02337646484375,0.21681728809573578,0.71435546875,-0.66314697265625,-0.05267333984375,-0.165771484375,-0.319580078125,0.92010498046875,0.15374755859375
37,0.9061279296875,-0.064453125,-0.14178466796875,-0.3931884765625,0.69793701171875,0.4462890625,0.26495361328125,0.49334716796875,-0.09368896484375,-0.6982421875,0.70440673828125,0.0860595703125,0.059814453125,-0.842041015625,0.5355224609375,0.0234375,0.2169189453125,0.71435546875,-0.66314697265625,-0.052734375,-0.1658935546875,-0.319580078125,0.92010498046875,0.15374755859375
38,0.9061279296875,-0.064453125,-0.14178466796875,-0.3931884765625,0.697998046875,0.44622802734375,0.264892578125,0.49334716796875,-0.09368896484375,-0.6982421875,0.70440673828125,0.0860595703125,0.059814453125,-0.842041015625,0.5355224609375,0.0234375,0.21694486994408446,0.71435546875,-0.66314697265625,-0.05270845036841555,-0.16595458984375,-0.31964111328125,0.92010498046875,0.15374755859375
39,0.9061279296875,-0.064453125,-0.1417236328125,-0.3931884765625,0.697998046875,0.44622802734375,0.26483154296875,0.49334716796875,-0.0936279296875,-0.6982421875,0.70440673828125,0.0860595703125,0.05975341796875,-0.842041015625,0.5355224609375,0.0234375,0.2169189453125,0.71435546875,-0.66314697265625,-0.05267333984375,-0.1658935546875,-0.31964111328125,0.92010498046875,0.15374755859375
40,0.9061279296875,-0.064453125,-0.1417236328125,-0.3931884765625,0.6978759765625,0.4464111328125,0.2650146484375,0.4932861328125,-0.09366161129546405,-0.6982534147026547,0.7043955110785953,0.08607079751515469,0.05975341796875,-0.842041015625,0.5355224609375,0.0234375,0.21693017251515467,0.71435546875,-0.66314697265625,-0.05267333984375,-0.1658935546875,-0.31964111328125,0.92010498046875,0.15374755859375
41,0.9061279296875,-0.06427001953125,-0.14178466796875,-0.39324951171875,0.69793701171875,0.4462890625,0.26513671875,0.49334716796875,-0.09393310546875,-0.6983642578125,0.70428466796875,0.0859375,0.0595703125,-0.84210205078125,0.535400390625,0.023193359375,0.21710205078125,0.71435546875,-0.6630859375,-0.052490234375,-0.16595458984375,-0.3197021484375,0.92010498046875,0.153564453125
42,0.9061279296875,-0.06427001953125,-0.14178466796875,-0.39324951171875,0.69793701171875,0.44622802734375,0.26519775390625,0.4932861328125,-0.09404823532869983,-0.6983066928825251,0.70428466796875,0.08587993507002509,0.0595703125,-0.84210205078125,0.535400390625,0.023193359375,0.21727474557117474,0.7144130336799749,-0.6630283725700251,-0.05243266944502509,-0.16619873046875,-0.31964111328125,0.9200439453125,0.153564453125
43,0.9061279296875,-0.064208984375,-0.1416015625,-0.39324951171875,0.697998046875,0.4461669921875,0.2650146484375,0.49334716796875,-0.0938720703125,-0.69830322265625,0.704345703125,0.0858154296875,0.0595703125,-0.8421630859375,0.53533935546875,0.02294921875,0.21710205078125,0.71441650390625,-0.6630859375,-0.05230712890625,-0.166015625,-0.3197021484375,0.92010498046875,0.153564453125
44,0.9061279296875,-0.064208984375,-0.1416015625,-0.39324951171875,0.69805908203125,0.44610595703125,0.26513671875,0.49322509765625,-0.09400067281563546,-0.69830322265625,0.7043028356239549,0.0857296946854097,0.0595703125,-0.8421630859375,0.53533935546875,0.02294921875,0.21723065328438546,0.7143736364052049,-0.6630859375,-0.05226426140520485,-0.16619873046875,-0.31964111328125,0.9200439453125,0.153564453125
45,0.9061279296875,-0.0640869140625,-0.14154052734375,-0.39337158203125,0.69805908203125,0.4459228515625,0.26519775390625,0.49334716796875,-0.09405517578125,-0.69842529296875,0.7042236328125,0.0855712890625,0.05938720703125,-0.84228515625,0.53521728515625,0.02276611328125,0.21728515625,0.71441650390625,-0.66302490234375,-0.05206298828125,-0.1661376953125,-0.31976318359375,0.9200439453125,0.1534423828125
46,0.9061279296875,-0.0640869140625,-0.14154052734375,-0.39337158203125,0.6981201171875,0.4459228515625,0.26531982421875,0.49322509765625,-0.09411151592548077,-0.6983971228966346,0.7042236328125,0.08559945913461539,0.05938720703125,-0.84228515625,0.53521728515625,0.02276611328125,0.21734149639423078,0.7143883338341346,-0.66302490234375,-0.05206298828125,-0.166259765625,-0.31964111328125,0.9200439453125,0.15350341796875
47,0.90606689453125,-0.06396484375,-0.14141845703125,-0.39349365234375,0.6981201171875,0.44580078125,0.26531982421875,0.493408203125,-0.0941162109375,-0.698486328125,0.70416259765625,0.08544921875,0.059326171875,-0.84228515625,0.53515625,0.0225830078125,0.21734619140625,0.7144775390625,-0.6629638671875,-0.0518798828125,-0.1661376953125,-0.31976318359375,0.9200439453125,0.15338134765625
48,0.90606689453125,-0.06396484375,-0.14141845703125,-0.39349365234375,0.69805908203125,0.4459228515625,0.26544189453125,0.49322509765625,-0.09415662886705686,-0.6984728554818144,0.7041760702994356,0.08546269139318562,0.05929922658862876,-0.84228515625,0.5351697226431856,0.0225830078125,0.21738660933580686,0.7144505937761287,-0.6629773398306856,-0.0518798828125,-0.166259765625,-0.31964111328125,0.92010498046875,0.1534423828125
49,0.90606689453125,-0.06390380859375,-0.141357421875,-0.3935546875,0.69805908203125,0.44586181640625,0.265380859375,0.4932861328125,-0.09423828125,-0.698486328125,0.70416259765625,0.08544921875,0.0592041015625,-0.84234619140625,0.53515625,0.0224609375,0.21746826171875,0.71441650390625,-0.6629638671875,-0.05181884765625,-0.16619873046875,-0.3197021484375,0.92010498046875,0.15338134765625
50,0.90606689453125,-0.06390380859375,-0.141357421875,-0.3935546875,0.69793701171875,0.446044921875,0.2655029296875,0.49322509765625,-0.09423828125,-0.698486328125,0.70416259765625,0.08544921875,0.0592041015625,-0.84234619140625,0.53515625,0.0224609375,0.21746826171875,0.71441650390625,-0.6629638671875,-0.05181884765625,-0.16625854083925584,-0.3197021484375,0.9200451700982442,0.15344115802675584
51,0.9061279296875,-0.0638427734375,-0.14117431640625,-0.3935546875,0.697998046875,0.44598388671875,0.26531982421875,0.4932861328125,-0.09423828125,-0.69842529296875,0.70416259765625,0.08544921875,0.0592041015625,-0.84234619140625,0.53509521484375,0.02227783203125,0.2174072265625,0.71441650390625,-0.66302490234375,-0.05169677734375,-0.16607666015625,-0.3197021484375,0.92010498046875,0.15338134765625
52,0.9061279296875,-0.0638427734375,-0.14117431640625,-0.3935546875,0.69805908203125,0.44586181640625,0.2655029296875,0.4932861328125,-0.09419316830842392,-0.698470405910326,0.70416259765625,0.08553944463315218,0.0592041015625,-0.842391304347826,0.535050101902174,0.022322944972826088,0.2174072265625,0.714461616847826,-0.6629346764605978,-0.05174189028532609,-0.16607666015625,-0.31988525390625,0.9200439453125,0.15350341796875
53,0.9061279296875,-0.0638427734375,-0.14111328125,-0.39349365234375,0.69805908203125,0.44586181640625,0.26544189453125,0.49322509765625,-0.09417724609375,-0.69842529296875,0.7042236328125,0.08551025390625,0.05926513671875,-0.84234619140625,0.53509521484375,0.02227783203125,0.21734619140625,0.71441650390625,-0.6629638671875,-0.0517578125,-0.166015625,-0.31982421875,0.9200439453125,0.15350341796875
54,0.9061279296875,-0.0638427734375,-0.14111328125,-0.39349365234375,0.6981201171875,0.4459228515625,0.265380859375,0.49322509765625,-0.09414683058110368,-0.69842529296875,0.7041932172998536,0.08557108493154264,0.05926513671875,-0.84234619140625,0.53509521484375,0.02230824754389632,0.21728536038095736,0.7144469194188964,-0.6629638671875,-0.0517578125,-0.16595458984375,-0.31988525390625,0.9200439453125,0.15350341796875
55,0.9061279296875,-0.06390380859375,-0.14117431640625,-0.39349365234375,0.6981201171875,0.44598388671875,0.26544189453125,0.4931640625,-0.09417724609375,-0.69842529296875,0.70416259765625,0.085693359375,0.05926513671875,-0.84234619140625,0.53509521484375,0.02239990234375,0.21722412109375,0.7144775390625,-0.6629638671875,-0.05181884765625,-0.166015625,-0.31988525390625,0.9200439453125,0.15350341796875
56,0.9061279296875,-0.06390380859375,-0.14117431640625,-0.39349365234375,0.697998046875,0.4461669921875,0.26544189453125,0.49310302734375,-0.0941458099263169,-0.6984095748850334,0.7041783157399666,0.08570907745871656,0.05929657288618311,-0.8423304733225334,0.5351109329274666,0.02243133851118311,0.21720840301003344,0.7144775390625,-0.6629638671875,-0.05183456573996655,-0.1658935546875,-0.31988525390625,0.9200439453125,0.15350341796875
57,0.9061279296875,-0.06402587890625,-0.1412353515625,-0.39349365234375,0.69793701171875,0.4462890625,0.26544189453125,0.49310302734375,-0.09405517578125,-0.6983642578125,0.7042236328125,0.08587646484375,0.05938720703125,-0.84228515625,0.53515625,0.02264404296875,0.2171630859375,0.7144775390625,-0.6629638671875,-0.052001953125,-0.16595458984375,-0.31988525390625,0.9200439453125,0.15362548828125
58,0.9061279296875,-0.06402587890625,-0.1412353515625,-0.39349365234375,0.6981201171875,0.44622802734375,0.26531982421875,0.49298095703125,-0.09405211381688963,-0.6983632371577132,0.7042246534672868,0.08587646484375,0.05938822768603679,-0.84228515625,0.5351572706547868,0.02264404296875,0.21716104462792643,0.7144775390625,-0.6629648878422868,-0.05200399443457358,-0.16583251953125,-0.31988525390625,0.9200439453125,0.15362548828125
59,0.90606689453125,-0.06402587890625,-0.141357421875,-0.3935546875,0.69805908203125,0.44622802734375,0.26544189453125,0.49298095703125,-0.093994140625,-0.6983642578125,0.7042236328125,0.0859375,0.059326171875,-0.84228515625,0.53515625,0.02276611328125,0.21710205078125,0.71453857421875,-0.6629638671875,-0.05218505859375,-0.16595458984375,-0.3199462890625,0.91998291015625,0.15362548828125
60,0.90606689453125,-0.06402587890625,-0.141357421875,-0.3935546875,0.69818115234375,0.4461669921875,0.26519775390625,0.492919921875,-0.093994140625,-0.6983642578125,0.7042236328125,0.0859375,0.059326171875,-0.84228515625,0.53515625,0.02276611328125,0.21710205078125,0.71453857421875,-0.6629638671875,-0.05218505859375,-0.16590723146164296,-0.319898930680393,0.920030268538357,0.15362548828125
61,0.906005859375,-0.06414794921875,-0.14141845703125,-0.3936767578125,0.69805908203125,0.4462890625,0.2652587890625,0.49298095703125,-0.09381103515625,-0.6983642578125,0.70428466796875,0.0860595703125,0.059326171875,-0.84234619140625,0.53509521484375,0.02294921875,0.21710205078125,0.714599609375,-0.662841796875,-0.0523681640625,-0.16595458984375,-0.3199462890625,0.91998291015625,0.15374755859375
62,0.906005859375,-0.06414794921875,-0.14141845703125,-0.3936767578125,0.6981201171875,0.44635009765625,0.2652587890625,0.49285888671875,-0.09381103515625,-0.6983642578125,0.70428466796875,0.0860595703125,0.059326171875,-0.84234619140625,0.53509521484375,0.02294921875,0.21710205078125,0.714599609375,-0.662841796875,-0.0523681640625,-0.16598725079692725,-0.3198809671561455,0.91998291015625,0.15378021954692725
63,0.90594482421875,-0.06402587890625,-0.14141845703125,-0.39373779296875,0.6981201171875,0.44622802734375,0.26531982421875,0.492919921875,-0.093994140625,-0.69830322265625,0.70428466796875,0.0860595703125,0.0592041015625,-0.84234619140625,0.53509521484375,0.02288818359375,0.21728515625,0.71453857421875,-0.662841796875,-0.05224609375,-0.166015625,-0.3199462890625,0.91998291015625,0.15374755859375
64,0.90594482421875,-0.06402587890625,-0.14141845703125,-0.39373779296875,0.69818115234375,0.44622802734375,0.26544189453125,0.49285888671875,-0.09401210414924749,-0.69830322265625,0.70428466796875,0.0860595703125,0.05915021098975753,-0.84234619140625,0.53509521484375,0.022870220069502508,0.21732108329849498,0.7145565377429975,-0.6628238333507525,-0.05222813022575251,-0.1661376953125,-0.31988525390625,0.91998291015625,0.15380859375
65,0.90594482421875,-0.06390380859375,-0.14129638671875,-0.393798828125,0.69818115234375,0.44610595703125,0.265380859375,0.492919921875,-0.093994140625,-0.6983642578125,0.7042236328125,0.08587646484375,0.05902099609375,-0.8424072265625,0.5350341796875,0.02264404296875,0.21734619140625,0.714599609375,-0.66278076171875,-0.05206298828125,-0.166015625,-0.3199462890625,0.91998291015625,0.1536865234375
66,0.90594482421875,-0.06390380859375,-0.14129638671875,-0.393798828125,0.6983642578125,0.4459228515625,0.26544189453125,0.4927978515625,-0.09399740672031773,-0.6983642578125,0.7042268989078178,0.08587319874843227,0.05901772999843227,-0.8424072265625,0.5350341796875,0.022640776873432276,0.21734945750156773,0.7145963432796822,-0.6627840278140678,-0.05206298828125,-0.1661376953125,-0.31988525390625,0.91998291015625,0.15374755859375
67,0.9058837890625,-0.06390380859375,-0.1412353515625,-0.39398193359375,0.6982421875,0.44586181640625,0.26544189453125,0.49298095703125,-0.093994140625,-0.698486328125,0.70416259765625,0.0858154296875,0.05902099609375,-0.84246826171875,0.534912109375,0.0225830078125,0.21734619140625,0.71466064453125,-0.6627197265625,-0.052001953125,-0.16607666015625,-0.320068359375,0.919921875,0.15374755859375
68,0.9058837890625,-0.06390380859375,-0.1412353515625,-0.39398193359375,0.698291791322638,0.44591142022888797,0.26544189453125,0.49288174938597407,-0.093994140625,-0.698486328125,0.70416259765625,0.0858154296875,0.05902099609375,-0.84246826171875,0.534912109375,0.0225830078125,0.21734619140625,0.71466064453125,-0.6627197265625,-0.052001953125,-0.16612626397888797,-0.31996915172972407,0.919971478822638,0.15369795477111203
69,0.9058837890625,-0.0638427734375,-0.14117431640625,-0.39410400390625,0.69830322265625,0.44586181640625,0.26544189453125,0.49298095703125,-0.0941162109375,-0.698486328125,0.70416259765625,0.08575439453125,0.0589599609375,-0.842529296875,0.534912109375,0.0224609375,0.2174072265625,0.714599609375,-0.66278076171875,-0.0518798828125,-0.16607666015625,-0.320068359375,0.919921875,0.15362548828125
70,0.9058837890625,-0.0638427734375,-0.14117431640625,-0.39410400390625,0.6982683162625418,0.4458967227999582,0.2654768009249582,0.4929460506375418,-0.0941162109375,-0.698486328125,0.70416259765625,0.08575439453125,0.058890148150083615,-0.8424943904812918,0.5349470157687082,0.022426031106291808,0.2174072265625,0.714599609375,-0.66278076171875,-0.0518798828125,-0.16614647294366638,-0.3199985465875836,0.9199567813937082,0.1536603946749582
71,0.90582275390625,-0.06378173828125,-0.14117431640625,-0.39422607421875,0.69818115234375,0.44586181640625,0.26556396484375,0.49298095703125,-0.09423828125,-0.69854736328125,0.7041015625,0.085693359375,0.058837890625,-0.842529296875,0.53485107421875,0.02239990234375,0.217529296875,0.714599609375,-0.6627197265625,-0.05181884765625,-0.16619873046875,-0.320068359375,0.919921875,0.15362548828125
72,0.90582275390625,-0.06378173828125,-0.14117431640625,-0.39422607421875,0.69818115234375,0.44588202537102845,0.26560438277330684,0.49296074806647155,-0.09423828125,-0.69854736328125,0.7041015625,0.085693359375,0.058797472695443144,-0.842529296875,0.53485107421875,0.022420111308528428,0.217529296875,0.714599609375,-0.6627197265625,-0.05181884765625,-0.16619873046875,-0.32004815041022155,0.919921875,0.15362548828125
73,0.90582275390625,-0.063720703125,-0.14111328125,-0.394287109375,0.69818115234375,0.44586181640625,0.265625,0.49298095703125,-0.09429931640625,-0.69854736328125,0.70404052734375,0.08563232421875,0.05877685546875,-0.84259033203125,0.5347900390625,0.0223388671875,0.21759033203125,0.714599609375,-0.6627197265625,-0.0517578125,-0.1661376953125,-0.320068359375,0.919921875,0.15362548828125
74,0.90582275390625,-0.063720703125,-0.14111328125,-0.394287109375,0.69818115234375,0.4459228515625,0.26568603515625,0.492919921875,-0.09431033947794733,-0.6985418517454013,0.7040460388795987,0.08563783575459866,0.058771343932901336,-0.84259033203125,0.5347900390625,0.0223388671875,0.2176013551029473,0.714599609375,-0.6627197265625,-0.051752300964151336,-0.16614320684834866,-0.32006284783915134,0.919921875,0.15362548828125
75,0.90582275390625,-0.063720703125,-0.14105224609375,-0.394287109375,0.69818115234375,0.4459228515625,0.265625,0.49298095703125,-0.0943603515625,-0.698486328125,0.7041015625,0.085693359375,0.05877685546875,-0.84259033203125,0.5347900390625,0.02227783203125,0.2176513671875,0.714599609375,-0.6627197265625,-0.05169677734375,-0.1661376953125,-0.32000732421875,0.919921875,0.15362548828125
76,0.90582275390625,-0.063720703125,-0.14105224609375,-0.394287109375,0.69818115234375,0.4459228515625,0.26567684926316887,0.49292910776808113,-0.0943603515625,-0.698486328125,0.7041015625,0.085693359375,0.05867315694241221,-0.8426421812944189,0.5347381897993311,0.022329681294418896,0.2176513671875,0.714599609375,-0.6627197265625,-0.05169677734375,-0.1662413938388378,-0.31995547495558113,0.919921875,0.1536773375444189
77,0.90582275390625,-0.06353759765625,-0.14105224609375,-0.39434814453125,0.6982421875,0.44573974609375,0.2657470703125,0.492919921875,-0.094482421875,-0.6986083984375,0.7039794921875,0.08551025390625,0.05853271484375,-0.8426513671875,0.53466796875,0.02215576171875,0.2177734375,0.71466064453125,-0.66259765625,-0.051513671875,-0.166259765625,-0.32000732421875,0.919921875,0.15350341796875
78,0.90582275390625,-0.06353759765625,-0.14105224609375,-0.39434814453125,0.6982793393342391,0.44570259425951086,0.26582137398097827,0.492919921875,-0.094482421875,-0.6986083984375,0.7039794921875,0.08551025390625,0.05845841117527174,-0.8426885190217391,0.53466796875,0.02211860988451087,0.2177734375,0.71466064453125,-0.66259765625,-0.051513671875,-0.166259765625,-0.31997017238451086,0.919921875,0.15354056980298914
79,0.90576171875,-0.0634765625,-0.1409912109375,-0.3944091796875,0.6982421875,0.44561767578125,0.265869140625,0.49298095703125,-0.094482421875,-0.6986083984375,0.7039794921875,0.08544921875,0.0584716796875,-0.8427734375,0.53460693359375,0.02203369140625,0.21783447265625,0.71466064453125,-0.66259765625,-0.05145263671875,-0.166259765625,-0.320068359375,0.919921875,0.15350341796875
80,0.90576171875,-0.0634765625,-0.1409912109375,-0.3944091796875,0.6982646419053093,0.4456850389971781,0.26584668621969065,0.4929135938153219,-0.094482421875,-0.6986083984375,0.7039794921875,0.08544921875,0.05844922528219064,-0.8427285286893813,0.5346518424043687,0.022078600216868725,0.21783447265625,0.71466064453125,-0.66259765625,-0.05145263671875,-0.166259765625,-0.3200009961590719,0.9199443294053093,0.15354832677936872
81,0.90570068359375,-0.0633544921875,-0.14105224609375,-0.39453125,0.69830322265625,0.4456787109375,0.2659912109375,0.49285888671875,-0.09466552734375,-0.6986083984375,0.7039794921875,0.08551025390625,0.05828857421875,-0.8427734375,0.53460693359375,0.0220947265625,0.218017578125,0.71466064453125,-0.66259765625,-0.051513671875,-0.16632080078125,-0.32000732421875,0.919921875,0.15350341796875
82,0.90570068359375,-0.0633544921875,-0.14105224609375,-0.39453125,0.69830322265625,0.44569422489025917,0.2659834539611204,0.4928356157896112,-0.09466552734375,-0.6985928844847408,0.7039950061402592,0.0855257678590092,0.0582808172423704,-0.8427579235472408,0.5346224475465092,0.022110240515259193,0.218017578125,0.71466064453125,-0.66259765625,-0.051513671875,-0.1663052868284908,-0.31999181026599083,0.9199296319763796,0.15351117494512959
83,0.9056396484375,-0.06329345703125,-0.1412353515625,-0.39471435546875,0.6982421875,0.44580078125,0.26617431640625,0.49273681640625,-0.0948486328125,-0.6986083984375,0.70391845703125,0.08563232421875,0.05804443359375,-0.8427734375,0.5345458984375,0.02227783203125,0.21820068359375,0.71466064453125,-0.6624755859375,-0.05169677734375,-0.16644287109375,-0.320068359375,0.919921875,0.15350341796875
84,0.9056396484375,-0.06329345703125,-0.1412353515625,-0.39471435546875,0.6982421875,0.44580078125,0.26617431640625,0.49273681640625,-0.0948486328125,-0.6986083984375,0.70391845703125,0.08563232421875,0.05804443359375,-0.8427734375,0.5345458984375,0.02227783203125,0.21820068359375,0.71466064453125,-0.6624755859375,-0.05169677734375,-0.16644287109375,-0.320068359375,0.919921875,0.15350341796875
85,0.90557861328125,-0.06329345703125,-0.141357421875,-0.39483642578125,0.69818115234375,0.4459228515625,0.2662353515625,0.49267578125,-0.094970703125,-0.6986083984375,0.70391845703125,0.08587646484375,0.057861328125,-0.8427734375,0.5345458984375,0.0224609375,0.21832275390625,0.71466064453125,-0.66241455078125,-0.05181884765625,-0.16644287109375,-0.32000732421875,0.91986083984375,0.153564453125
86,0.90557861328125,-0.06329345703125,-0.141357421875,-0.39483642578125,0.69818115234375,0.4459228515625,0.2662353515625,0.49267578125,-0.094970703125,-0.6986083984375,0.70391845703125,0.08587646484375,0.057821930850229936,-0.8427734375,0.5345852957122701,0.022539732049540132,0.21832275390625,0.71466064453125,-0.66241455078125,-0.05181884765625,-0.16644287109375,-0.32000732421875,0.91986083984375,0.153564453125
87,0.905517578125,-0.063232421875,-0.14141845703125,-0.3948974609375,0.6981201171875,0.446044921875,0.26629638671875,0.49261474609375,-0.09503173828125,-0.6986083984375,0.70391845703125,0.08587646484375,0.0577392578125,-0.84283447265625,0.5345458984375,0.0225830078125,0.2183837890625,0.7147216796875,-0.66229248046875,-0.05194091796875,-0.16644287109375,-0.320068359375,0.91986083984375,0.1536865234375
88,0.905517578125,-0.063232421875,-0.14141845703125,-0.3948974609375,0.6981201171875,0.446044921875,0.26629638671875,0.49261474609375,-0.09503173828125,-0.6986083984375,0.70391845703125,0.08587646484375,0.0577145579666597,-0.84283447265625,0.5345458984375,0.0226324075041806,0.2183837890625,0.7147216796875,-0.66229248046875,-0.05194091796875,-0.16644287109375,-0.320068359375,0.91986083984375,0.1536865234375
89,0.90545654296875,-0.06329345703125,-0.14154052734375,-0.39495849609375,0.6981201171875,0.446044921875,0.26629638671875,0.49261474609375,-0.09503173828125,-0.69854736328125,0.703857421875,0.08612060546875,0.0576171875,-0.84283447265625,0.53448486328125,0.0228271484375,0.21844482421875,0.7147216796875,-0.66229248046875,-0.05206298828125,-0.16650390625,-0.32012939453125,0.9197998046875,0.15380859375
90,0.90545654296875,-0.06329345703125,-0.14154052734375,-0.39495849609375,0.6981201171875,0.446044921875,0.26629638671875,0.49261474609375,-0.09503173828125,-0.69854736328125,0.703857421875,0.08612060546875,0.05763719233382107,-0.84283447265625,0.53448486328125,0.0228271484375,0.21844482421875,0.7147216796875,-0.66229248046875,-0.05206298828125,-0.16650390625,-0.32012939453125,0.9197998046875,0.15380859375
91,0.90545654296875,-0.0633544921875,-0.1414794921875,-0.39495849609375,0.6981201171875,0.44610595703125,0.26617431640625,0.49261474609375,-0.09490966796875,-0.6986083984375,0.70391845703125,0.0860595703125,0.05780029296875,-0.84283447265625,0.53448486328125,0.0228271484375,0.21832275390625,0.7147216796875,-0.662353515625,-0.05206298828125,-0.16644287109375,-0.320068359375,0.91986083984375,0.15380859375
92,0.90545654296875,-0.0633544921875,-0.1414794921875,-0.39495849609375,0.6981201171875,0.44610595703125,0.26617431640625,0.49261474609375,-0.09490966796875,-0.6986083984375,0.70391845703125,0.0860595703125,0.05780029296875,-0.8427781325120193,0.5345412034254807,0.0228271484375,0.21832275390625,0.7147216796875,-0.662353515625,-0.05206298828125,-0.16644287109375,-0.320068359375,0.91986083984375,0.15380859375
93,0.90545654296875,-0.06341552734375,-0.1414794921875,-0.39508056640625,0.697998046875,0.44610595703125,0.26617431640625,0.49273681640625,-0.094970703125,-0.6986083984375,0.703857421875,0.08612060546875,0.057861328125,-0.84283447265625,0.53448486328125,0.02288818359375,0.21832275390625,0.71478271484375,-0.6622314453125,-0.05206298828125,-0.16650390625,-0.32012939453125,0.9197998046875,0.15380859375
94,0.90545654296875,-0.06341552734375,-0.1414794921875,-0.39508056640625,0.697998046875,0.44610595703125,0.26617431640625,0.49273681640625,-0.094970703125,-0.6986083984375,0.703857421875,0.08612060546875,0.057819685409699,-0.84283447265625,0.534526505996551,0.022763255447846988,0.21832275390625,0.71478271484375,-0.6622314453125,-0.05206298828125,-0.16650390625,-0.32012939453125,0.9197998046875,0.15380859375
95,0.9053955078125,-0.06341552734375,-0.141357421875,-0.3951416015625,0.697998046875,0.446044921875,0.26617431640625,0.4927978515625,-0.09490966796875,-0.69866943359375,0.703857421875,0.08599853515625,0.05792236328125,-0.84283447265625,0.53448486328125,0.02264404296875,0.21826171875,0.71478271484375,-0.66229248046875,-0.0518798828125,-0.16644287109375,-0.3201904296875,0.9197998046875,0.15374755859375
96,0.9053955078125,-0.06341552734375,-0.141357421875,-0.3951416015625,0.697998046875,0.446044921875,0.26617431640625,0.4927978515625,-0.09490966796875,-0.69866943359375,0.703857421875,0.08599853515625,0.05792236328125,-0.84283447265625,0.53448486328125,0.02261709768237876,0.21826171875,0.71478271484375,-0.66229248046875,-0.0518798828125,-0.16644287109375,-0.3201904296875,0.9197998046875,0.15374755859375
97,0.9053955078125,-0.06341552734375,-0.14129638671875,-0.395263671875,0.6981201171875,0.4459228515625,0.26611328125,0.4927978515625,-0.0948486328125,-0.69866943359375,0.703857421875,0.08587646484375,0.0579833984375,-0.8428955078125,0.534423828125,0.0225830078125,0.21826171875,0.71478271484375,-0.66229248046875,-0.0517578125,-0.16644287109375,-0.3201904296875,0.9197998046875,0.15374755859375
98,0.9053955078125,-0.06341552734375,-0.14129638671875,-0.395263671875,0.6981446129023829,0.44589835584761706,0.26612552910744147,0.49278560370505853,-0.09487312852738294,-0.6986571857363085,0.703857421875,0.08583972127142558,0.057861328125,-0.8428955078125,0.534423828125,0.0224609375,0.21826171875,0.71478271484375,-0.66229248046875,-0.0517578125,-0.16647961466607442,-0.32017818183005853,0.9197998046875,0.15372306287886706
99,0.9053955078125,-0.0633544921875,-0.14111328125,-0.39532470703125,0.6982421875,0.44573974609375,0.26605224609375,0.49285888671875,-0.0948486328125,-0.69866943359375,0.703857421875,0.0855712890625,0.0579833984375,-0.8428955078125,0.53436279296875,0.0223388671875,0.21820068359375,0.71478271484375,-0.662353515625,-0.051513671875,-0.16644287109375,-0.3201904296875,0.9197998046875,0.15362548828125
100,0.9053955078125,-0.0633544921875,-0.14111328125,-0.39532470703125,0.6982421875,0.44573974609375,0.26605224609375,0.49285888671875,-0.0948486328125,-0.69866943359375,0.703857421875,0.0855712890625,0.057924812852738296,-0.8429540933972617,0.5343042073839883,0.022163110433214887,0.21820068359375,0.71478271484375,-0.662353515625,-0.051513671875,-0.16644287109375,-0.3201904296875,0.9197998046875,0.15362548828125
101,0.90533447265625,-0.06329345703125,-0.14105224609375,-0.3953857421875,0.6982421875,0.44561767578125,0.26617431640625,0.49285888671875,-0.09490966796875,-0.69879150390625,0.70379638671875,0.08544921875,0.0579833984375,-0.843017578125,0.53424072265625,0.0220947265625,0.21826171875,0.71484375,-0.66229248046875,-0.05133056640625,-0.16644287109375,-0.32025146484375,0.9197998046875,0.15350341796875
102,0.90533447265625,-0.06329345703125,-0.14105224609375,-0.3953857421875,0.6982421875,0.44561767578125,0.26617431640625,0.49285888671875,-0.09490966796875,-0.69879150390625,0.70379638671875,0.08544921875,0.05792236328125,-0.84295654296875,0.5343017578125,0.02197265625,0.21826171875,0.71484375,-0.66229248046875,-0.05133056640625,-0.16644287109375,-0.32025146484375,0.9197998046875,0.15350341796875
103,0.90533447265625,-0.06329345703125,-0.14093017578125,-0.39544677734375,0.69830322265625,0.445556640625,0.26617431640625,0.49285888671875,-0.0948486328125,-0.69873046875,0.70379638671875,0.0853271484375,0.05804443359375,-0.843017578125,0.53424072265625,0.02191162109375,0.21820068359375,0.71484375,-0.662353515625,-0.05120849609375,-0.16644287109375,-0.3201904296875,0.91986083984375,0.15338134765625
104,0.90533447265625,-0.06329345703125,-0.14093017578125,-0.39544677734375,0.69830322265625,0.445556640625,0.26617431640625,0.49285888671875,-0.0948486328125,-0.69873046875,0.70379638671875,0.0853271484375,0.05804443359375,-0.84295654296875,0.5343017578125,0.02191162109375,0.21820068359375,0.71484375,-0.662353515625,-0.05120849609375,-0.16644287109375,-0.3201904296875,0.91986083984375,0.15338134765625
105,0.90533447265625,-0.06329345703125,-0.14093017578125,-0.3955078125,0.6982421875,0.44561767578125,0.26617431640625,0.49285888671875,-0.094970703125,-0.69873046875,0.70379638671875,0.08538818359375,0.05804443359375,-0.843017578125,0.53424072265625,0.02191162109375,0.21820068359375,0.71484375,-0.66229248046875,-0.0511474609375,-0.1663818359375,-0.32025146484375,0.91986083984375,0.1534423828125
106,0.90533447265625,-0.06329345703125,-0.14093017578125,-0.3955078125,0.6982421875,0.44561767578125,0.26617431640625,0.49285888671875,-0.094970703125,-0.69873046875,0.70379638671875,0.08538818359375,0.05804443359375,-0.843017578125,0.53424072265625,0.02191162109375,0.21820068359375,0.71484375,-0.66229248046875,-0.0511474609375,-0.1663818359375,-0.32025146484375,0.91986083984375,0.1534423828125
107,0.90533447265625,-0.0633544921875,-0.140869140625,-0.3955078125,0.69818115234375,0.4456787109375,0.26617431640625,0.49285888671875,-0.0948486328125,-0.69873046875,0.70379638671875,0.08538818359375,0.05810546875,-0.84295654296875,0.53424072265625,0.02197265625,0.21807861328125,0.71484375,-0.66229248046875,-0.05120849609375,-0.1663818359375,-0.32025146484375,0.91986083984375,0.1534423828125
108,0.90533447265625,-0.0633544921875,-0.140869140625,-0.3955078125,0.69818115234375,0.4456787109375,0.26617431640625,0.49285888671875,-0.0948486328125,-0.69873046875,0.70379638671875,0.08538818359375,0.0582275390625,-0.843017578125,0.53424072265625,0.02191162109375,0.21807861328125,0.71484375,-0.66229248046875,-0.05120849609375,-0.1663818359375,-0.32025146484375,0.91986083984375,0.1534423828125
109,0.90533447265625,-0.06340797449832776,-0.140869140625,-0.3955078125,0.6981887051891722,0.44573219324832775,0.26605224609375,0.49285888671875,-0.09478759765625,-0.69879150390625,0.70379638671875,0.08544166590457776,0.0582275390625,-0.843017578125,0.53424072265625,0.021965103404577756,0.21797164865959448,0.7148972323108278,-0.6623459627795778,-0.05126197840457776,-0.166259765625,-0.3203125,0.91986083984375,0.15349586512332775
110,0.90533447265625,-0.06341552734375,-0.140869140625,-0.3955078125,0.69818115234375,0.44573974609375,0.26605224609375,0.49285888671875,-0.09478759765625,-0.69879150390625,0.70379638671875,0.08544921875,0.05828857421875,-0.84295654296875,0.5343017578125,0.0220947265625,0.21795654296875,0.71490478515625,-0.662353515625,-0.05126953125,-0.166259765625,-0.3203125,0.91986083984375,0.15350341796875
111,0.9052734375,-0.0634765625,-0.14105224609375,-0.39556884765625,0.6982421875,0.44573974609375,0.26605224609375,0.4927978515625,-0.0947265625,-0.69873046875,0.70379638671875,0.0855712890625,0.0582275390625,-0.843017578125,0.53424072265625,0.022216796875,0.21795654296875,0.71484375,-0.662353515625,-0.051513671875,-0.16632080078125,-0.32025146484375,0.9197998046875,0.15362548828125
112,0.9052734375,-0.0634765625,-0.14105224609375,-0.39556884765625,0.6982421875,0.44573974609375,0.26605224609375,0.4927978515625,-0.0947265625,-0.69873046875,0.70379638671875,0.0855712890625,0.0582275390625,-0.84295654296875,0.5343017578125,0.0223388671875,0.21795654296875,0.71484375,-0.662353515625,-0.051513671875,-0.16632080078125,-0.32025146484375,0.9197998046875,0.15362548828125
113,0.90521240234375,-0.0635986328125,-0.14105224609375,-0.39569091796875,0.69818115234375,0.44586181640625,0.265869140625,0.49285888671875,-0.0946044921875,-0.69873046875,0.70379638671875,0.085693359375,0.05828857421875,-0.843017578125,0.5341796875,0.02239990234375,0.2178955078125,0.71490478515625,-0.662353515625,-0.0516357421875,-0.16619873046875,-0.32025146484375,0.9197998046875,0.1536865234375
114,0.90521240234375,-0.0635986328125,-0.14105224609375,-0.39569091796875,0.69818115234375,0.44586181640625,0.265869140625,0.49285888671875,-0.0946044921875,-0.69873046875,0.70379638671875,0.085693359375,0.058349609375,-0.8428955078125,0.5343017578125,0.02252197265625,0.2178955078125,0.71490478515625,-0.662353515625,-0.0516357421875,-0.16619873046875,-0.32025146484375,0.9197998046875,0.1536865234375
115,0.9051513671875,-0.0635986328125,-0.14117431640625,-0.39581298828125,0.69818115234375,0.4459228515625,0.26593017578125,0.4927978515625,-0.0947265625,-0.69873046875,0.70379638671875,0.08587646484375,0.0582275390625,-0.84295654296875,0.53424072265625,0.0225830078125,0.218017578125,0.71490478515625,-0.6622314453125,-0.0517578125,-0.16632080078125,-0.3203125,0.9197998046875,0.15374755859375
116,0.9051513671875,-0.0635986328125,-0.14117431640625,-0.39581298828125,0.69818115234375,0.4459228515625,0.26593017578125,0.4927978515625,-0.0947265625,-0.69873046875,0.70379638671875,0.08587646484375,0.05816650390625,-0.84295654296875,0.53424072265625,0.02264404296875,0.218017578125,0.71490478515625,-0.6622314453125,-0.0517578125,-0.16632080078125,-0.3203125,0.9197998046875,0.15374755859375
117,0.9050956394361414,-0.06348717730978261,-0.14117431640625,-0.3958687160326087,0.6982979152513586,0.4456893257472826,0.2659859035326087,0.4928535793138587,-0.0947822902513587,-0.6987861965013586,0.7037406589673914,0.08576500934103261,0.058110776154891304,-0.8430122707201086,0.5341849949048914,0.022532587466032608,0.2181290336277174,0.71490478515625,-0.6621757175611414,-0.0517578125,-0.1663818359375,-0.3203071925951087,0.9197998046875,0.1537581734035326
118,0.90509033203125,-0.0634765625,-0.14117431640625,-0.3958740234375,0.69830322265625,0.4456787109375,0.2659912109375,0.49285888671875,-0.09478759765625,-0.69879150390625,0.7037353515625,0.08575439453125,0.0579833984375,-0.843017578125,0.5341796875,0.02264404296875,0.2181396484375,0.71490478515625,-0.66217041015625,-0.0517578125,-0.1663818359375,-0.3203125,0.9197998046875,0.15374755859375
119,0.90509033203125,-0.06341552734375,-0.14129638671875,-0.39593505859375,0.69830322265625,0.44573974609375,0.26611328125,0.49273681640625,-0.09478759765625,-0.69873046875,0.7037353515625,0.08587646484375,0.057861328125,-0.84307861328125,0.53411865234375,0.02264404296875,0.21826171875,0.7149658203125,-0.662109375,-0.05183987314485786,-0.16644287109375,-0.3203125,0.91973876953125,0.15374755859375
120,0.90509033203125,-0.06341552734375,-0.14129638671875,-0.39593505859375,0.69830322265625,0.44573974609375,0.26611328125,0.49273681640625,-0.09478759765625,-0.69873046875,0.7037353515625,0.08587646484375,0.057861328125,-0.843017578125,0.5341796875,0.02276611328125,0.21826171875,0.7149658203125,-0.662109375,-0.0518798828125,-0.16644287109375,-0.3203125,0.91973876953125,0.15374755859375
121,0.905029296875,-0.0634765625,-0.14129638671875,-0.39599609375,0.69818115234375,0.44586181640625,0.26605224609375,0.4927978515625,-0.0947265625,-0.69873046875,0.70379638671875,0.0859375,0.05792236328125,-0.84307861328125,0.53411865234375,0.0228271484375,0.21823538585650085,0.71502685546875,-0.6620746727372492,-0.05191458507525083,-0.16644287109375,-0.32037353515625,0.91973876953125,0.15380859375
122,0.905029296875,-0.0634765625,-0.14129638671875,-0.39599609375,0.69818115234375,0.44586181640625,0.26605224609375,0.4927978515625,-0.0947265625,-0.69873046875,0.70379638671875,0.0859375,0.05792236328125,-0.84307861328125,0.53411865234375,0.02276611328125,0.21820068359375,0.71502685546875,-0.662109375,-0.0518798828125,-0.16644287109375,-0.32037353515625,0.91973876953125,0.15380859375
123,0.905029296875,-0.06353759765625,-0.1412353515625,-0.39599609375,0.6982421875,0.44580078125,0.2659912109375,0.49285888671875,-0.09478759765625,-0.69879150390625,0.7037353515625,0.0859375,0.0579833984375,-0.84307861328125,0.53411865234375,0.0228271484375,0.2181396484375,0.7149658203125,-0.66217041015625,-0.0518798828125,-0.1663818359375,-0.32037353515625,0.91973876953125,0.15380859375
124,0.905029296875,-0.06353759765625,-0.1412353515625,-0.39599609375,0.6982421875,0.44580078125,0.2659912109375,0.49285888671875,-0.09478759765625,-0.69879150390625,0.7037353515625,0.0859375,0.0579833984375,-0.84307861328125,0.53411865234375,0.0228271484375,0.2181396484375,0.7149658203125,-0.66217041015625,-0.0518798828125,-0.1663818359375,-0.32037353515625,0.91973876953125,0.15380859375
125,0.905029296875,-0.06359557084813963,-0.14117737837061037,-0.39599609375,0.6981842143081104,0.4458587544418896,0.2660491841293896,0.4928009135268604,-0.09479065962061037,-0.69873046875,0.7037353515625,0.08599547319188963,0.058099344821279264,-0.8430206400893604,0.53411865234375,0.0228271484375,0.21808167524561037,0.7150237935043896,-0.6621124369643604,-0.0518798828125,-0.16644593305811037,-0.32037353515625,0.91973876953125,0.15386656694188963
126,0.905029296875,-0.0635986328125,-0.14117431640625,-0.39599609375,0.69818115234375,0.44586181640625,0.26605224609375,0.4927978515625,-0.09478759765625,-0.69873046875,0.7037353515625,0.08599853515625,0.05804443359375,-0.84307861328125,0.5340576171875,0.02276611328125,0.21807861328125,0.71502685546875,-0.662109375,-0.0518798828125,-0.16644287109375,-0.32037353515625,0.91973876953125,0.15386962890625
127,0.90509033203125,-0.0634765625,-0.14105224609375,-0.39599609375,0.6982421875,0.4456787109375,0.26605224609375,0.49285888671875,-0.09478759765625,-0.69879150390625,0.7037353515625,0.08575439453125,0.05804443359375,-0.84307861328125,0.5340576171875,0.02264404296875,0.21810412965091974,0.71502685546875,-0.6621271343932902,-0.05169677734375,-0.1663818359375,-0.32037353515625,0.91973876953125,0.15374755859375
128,0.90509033203125,-0.0634765625,-0.14105224609375,-0.39599609375,0.6982421875,0.4456787109375,0.26605224609375,0.49285888671875,-0.09478759765625,-0.69879150390625,0.7037353515625,0.08575439453125,0.05804443359375,-0.84307861328125,0.5340576171875,0.02252197265625,0.2181396484375,0.71502685546875,-0.662109375,-0.05169677734375,-0.1663818359375,-0.32037353515625,0.91973876953125,0.15374755859375
129,0.90509033203125,-0.06353759765625,-0.14080810546875,-0.39599609375,0.69830322265625,0.445556640625,0.26593017578125,0.49298095703125,-0.0946044921875,-0.69879150390625,0.70379638671875,0.0855712890625,0.05828857421875,-0.84307861328125,0.5340576171875,0.0224609375,0.2178955078125,0.7150840121368102,-0.6621418318222199,-0.0515500071854097,-0.16632080078125,-0.32049560546875,0.91973876953125,0.1536865234375
130,0.90509033203125,-0.06353759765625,-0.14080810546875,-0.39599609375,0.69830322265625,0.445556640625,0.26593017578125,0.49298095703125,-0.0946044921875,-0.69879150390625,0.70379638671875,0.0855712890625,0.0582275390625,-0.84320068359375,0.533935546875,0.02227783203125,0.2178955078125,0.71514892578125,-0.662109375,-0.05145263671875,-0.16632080078125,-0.32049560546875,0.91973876953125,0.1536865234375
131,0.90521240234375,-0.0634765625,-0.14056396484375,-0.39593505859375,0.698486328125,0.44537353515625,0.26593017578125,0.492919921875,-0.094482421875,-0.69879150390625,0.70379638671875,0.0853271484375,0.05841064453125,-0.8431535293426003,0.5339688202210493,0.022066964752299332,0.21771240234375,0.7151156524352007,-0.6622036835022993,-0.051255650344899664,-0.16619873046875,-0.32061767578125,0.91973876953125,0.1536865234375
132,0.90521240234375,-0.0634765625,-0.14056396484375,-0.39593505859375,0.698486328125,0.44537353515625,0.26593017578125,0.492919921875,-0.094482421875,-0.69879150390625,0.70379638671875,0.0853271484375,0.05841064453125,-0.84320068359375,0.53387451171875,0.02197265625,0.21771240234375,0.7152099609375,-0.662109375,-0.05120849609375,-0.16619873046875,-0.32061767578125,0.91973876953125,0.1536865234375
133,0.90521240234375,-0.0634765625,-0.14044352757890888,-0.39587483996132944,0.6985465467574206,0.44531331652382944,0.26593017578125,0.492919921875,-0.09442301976640886,-0.6987923204300794,0.7038566053511706,0.08526692980507944,0.058531081796091136,-0.84320068359375,0.53387451171875,0.021912437617579432,0.21765218371132944,0.7151497423050794,-0.6621695936324206,-0.05120849609375,-0.16613851183632944,-0.32067789441367056,0.91973876953125,0.15356608617265888
134,0.90521240234375,-0.0634765625,-0.14044189453125,-0.3958740234375,0.69854736328125,0.4453125,0.26593017578125,0.492919921875,-0.09442138671875,-0.69879150390625,0.703857421875,0.08526611328125,0.05859375,-0.8431396484375,0.533935546875,0.02191162109375,0.217529296875,0.7152099609375,-0.66217041015625,-0.05108642578125,-0.1661376953125,-0.3206787109375,0.91973876953125,0.153564453125
135,0.90521240234375,-0.0635986328125,-0.140380859375,-0.3958740234375,0.69854736328125,0.44537353515625,0.2657470703125,0.49285888671875,-0.09423828125,-0.69879150390625,0.703857421875,0.0853271484375,0.0587158203125,-0.8431396484375,0.53399658203125,0.02197265625,0.2173161841555184,0.7152554821409908,-0.66217041015625,-0.05120849609375,-0.16595458984375,-0.32073974609375,0.91973876953125,0.15362548828125
136,0.90521240234375,-0.0635986328125,-0.140380859375,-0.3958740234375,0.69854736328125,0.44537353515625,0.2657470703125,0.49285888671875,-0.09423828125,-0.69879150390625,0.703857421875,0.0853271484375,0.058837890625,-0.84307861328125,0.53399658203125,0.02197265625,0.21728515625,0.71527099609375,-0.66217041015625,-0.05120849609375,-0.16595458984375,-0.32073974609375,0.91973876953125,0.15362548828125
137,0.9052734375,-0.063720703125,-0.14031982421875,-0.39581298828125,0.69866943359375,0.44537353515625,0.26556396484375,0.49285888671875,-0.0938720703125,-0.69873046875,0.7039794921875,0.08538818359375,0.059052432261183105,-0.843048401899561,0.534026793412939,0.02209533895537207,0.21703979083925587,0.7152716084866221,-0.6622314453125,-0.05126953125,-0.165771484375,-0.32080078125,0.91973876953125,0.1536865234375
138,0.9052734375,-0.063720703125,-0.14031982421875,-0.39581298828125,0.69866943359375,0.44537353515625,0.26556396484375,0.49285888671875,-0.0938720703125,-0.69873046875,0.7039794921875,0.08538818359375,0.05914306640625,-0.84307861328125,0.53399658203125,0.02215576171875,0.2169189453125,0.71533203125,-0.6622314453125,-0.05126953125,-0.165771484375,-0.32080078125,0.91973876953125,0.1536865234375
139,0.9052734375,-0.06390380859375,-0.140380859375,-0.395751953125,0.69873046875,0.44549560546875,0.265380859375,0.49273681640625,-0.09368896484375,-0.69866943359375,0.70404052734375,0.08563232421875,0.05923635425376254,-0.843017578125,0.5340414908418687,0.0223388671875,0.21682565746498747,0.7152871224393813,-0.6622314453125,-0.05152979822063127,-0.16571044921875,-0.32086181640625,0.919677734375,0.15374755859375
140,0.9052734375,-0.06390380859375,-0.140380859375,-0.395751953125,0.69873046875,0.44549560546875,0.265380859375,0.49273681640625,-0.09368896484375,-0.69866943359375,0.70404052734375,0.08563232421875,0.059326171875,-0.843017578125,0.53399658203125,0.0223388671875,0.21673583984375,0.71533203125,-0.6622314453125,-0.05157470703125,-0.16571044921875,-0.32086181640625,0.919677734375,0.15374755859375
141,0.9052734375,-0.06402587890625,-0.14031982421875,-0.395751953125,0.69866943359375,0.4456787109375,0.2652587890625,0.49267578125,-0.093505859375,-0.69866943359375,0.70404052734375,0.08575439453125,0.0594482421875,-0.843017578125,0.5340576171875,0.022402760177153012,0.21661376953125,0.7153916374895485,-0.6622314453125,-0.051634313270798496,-0.16558837890625,-0.32080078125,0.91973876953125,0.15380859375
142,0.9052734375,-0.06402587890625,-0.14031982421875,-0.395751953125,0.69866943359375,0.4456787109375,0.2652587890625,0.49267578125,-0.093505859375,-0.69866943359375,0.70404052734375,0.08575439453125,0.0594482421875,-0.843017578125,0.5340576171875,0.02252197265625,0.21661376953125,0.71533203125,-0.6622314453125,-0.05157470703125,-0.16558837890625,-0.32080078125,0.91973876953125,0.15380859375
143,0.9052734375,-0.06402587890625,-0.14031982421875,-0.39581298828125,0.69866943359375,0.44573974609375,0.26531982421875,0.49261474609375,-0.09344482421875,-0.69866943359375,0.70404052734375,0.08575439453125,0.0594482421875,-0.8430653447690217,0.53399658203125,0.02242643936820652,0.21661376953125,0.71539306640625,-0.6622314453125,-0.05157470703125,-0.1656494140625,-0.32086181640625,0.919677734375,0.15374755859375
144,0.9052734375,-0.06402587890625,-0.14031982421875,-0.39581298828125,0.69866943359375,0.44573974609375,0.26531982421875,0.49261474609375,-0.09344482421875,-0.69866943359375,0.70404052734375,0.08575439453125,0.0594482421875,-0.84307861328125,0.53399658203125,0.02239990234375,0.21661376953125,0.71539306640625,-0.6622314453125,-0.05157470703125,-0.1656494140625,-0.32086181640625,0.919677734375,0.15374755859375
145,0.90521240234375,-0.06396484375,-0.14031982421875,-0.3958740234375,0.69879150390625,0.4456787109375,0.2652587890625,0.4925537109375,-0.0933837890625,-0.6986083984375,0.7041015625,0.085693359375,0.0594482421875,-0.84307861328125,0.5339686160900919,0.02239990234375,0.21661376953125,0.715387963132316,-0.6622034793713419,-0.051513671875,-0.16558837890625,-0.3209228515625,0.91973876953125,0.1536865234375
146,0.90521240234375,-0.06396484375,-0.14031982421875,-0.3958740234375,0.69879150390625,0.4456787109375,0.2652587890625,0.4925537109375,-0.0933837890625,-0.6986083984375,0.7041015625,0.085693359375,0.0594482421875,-0.84307861328125,0.53399658203125,0.02239990234375,0.21661376953125,0.71533203125,-0.6622314453125,-0.051513671875,-0.16558837890625,-0.3209228515625,0.91973876953125,0.1536865234375
147,0.9051513671875,-0.06402587890625,-0.140380859375,-0.39599609375,0.69879150390625,0.4456787109375,0.26519775390625,0.4925537109375,-0.09332275390625,-0.6986083984375,0.7041015625,0.08575439453125,0.0594482421875,-0.8431029048651756,0.5339112552910744,0.02252197265625,0.21661376953125,0.7154357297763378,-0.66217041015625,-0.05159307881741221,-0.1656494140625,-0.32086181640625,0.919677734375,0.15380859375
148,0.9051513671875,-0.06402587890625,-0.140380859375,-0.39599609375,0.69879150390625,0.4456787109375,0.26519775390625,0.4925537109375,-0.09332275390625,-0.6986083984375,0.7041015625,0.08575439453125,0.0594482421875,-0.843017578125,0.53399658203125,0.02252197265625,0.21661376953125,0.71539306640625,-0.66217041015625,-0.0516357421875,-0.1656494140625,-0.32086181640625,0.919677734375,0.15380859375
149,0.90509033203125,-0.06402587890625,-0.14044189453125,-0.39605712890625,0.69873046875,0.44573974609375,0.2652587890625,0.4925537109375,-0.09326171875,-0.6986083984375,0.7041015625,0.08587646484375,0.05938353267401756,-0.8430822876384825,0.5339318725177675,0.02259035652696488,0.2166748046875,0.7154541015625,-0.662109375,-0.05170412605821488,-0.1656494140625,-0.3209228515625,0.919677734375,0.1539306640625
150,0.90509033203125,-0.06402587890625,-0.14044189453125,-0.39605712890625,0.69873046875,0.44573974609375,0.2652587890625,0.4925537109375,-0.09326171875,-0.6986083984375,0.7041015625,0.08587646484375,0.059326171875,-0.8431396484375,0.53387451171875,0.022705078125,0.2166748046875,0.7154541015625,-0.662109375,-0.05181884765625,-0.1656494140625,-0.3209228515625,0.919677734375,0.1539306640625
151,0.90509033203125,-0.0638427734375,-0.14056396484375,-0.39605712890625,0.6986914797371446,0.44570667687865806,0.2654308714595527,0.4925036988529473,-0.093505859375,-0.69866943359375,0.7039794921875,0.08587646484375,0.05914306640625,-0.8431396484375,0.53387451171875,0.02264404296875,0.21685791015625,0.7154541015625,-0.66204833984375,-0.05169677734375,-0.1658214964595527,-0.3209228515625,0.9196277222904473,0.15384758276285534
152,0.90509033203125,-0.0638427734375,-0.14056396484375,-0.39605712890625,0.69866943359375,0.44573974609375,0.26544189453125,0.49249267578125,-0.093505859375,-0.69866943359375,0.7039794921875,0.08587646484375,0.05908203125,-0.84320068359375,0.5338134765625,0.02264404296875,0.21697998046875,0.7154541015625,-0.66204833984375,-0.05169677734375,-0.16583251953125,-0.3209228515625,0.91961669921875,0.15386962890625
153,0.9051513671875,-0.06378173828125,-0.14044189453125,-0.39599609375,0.69866943359375,0.44573974609375,0.26544189453125,0.49261474609375,-0.09344482421875,-0.69873046875,0.7039794921875,0.08575439453125,0.05910775175062709,-0.8431749630931229,0.5338391970631271,0.022496252155622908,0.2169189453125,0.7154283810618729,-0.6620387456887542,-0.05157470703125,-0.165771484375,-0.32098388671875,0.919677734375,0.15380859375
154,0.9051513671875,-0.06378173828125,-0.14044189453125,-0.39599609375,0.69866943359375,0.44573974609375,0.26544189453125,0.49261474609375,-0.09344482421875,-0.69873046875,0.7039794921875,0.08575439453125,0.05908203125,-0.84320068359375,0.5338134765625,0.02252197265625,0.2169189453125,0.7154541015625,-0.6619873046875,-0.05157470703125,-0.165771484375,-0.32098388671875,0.919677734375,0.15380859375
155,0.9051513671875,-0.06378173828125,-0.14044189453125,-0.39593505859375,0.6986083984375,0.4456787109375,0.26544189453125,0.49261474609375,-0.09344482421875,-0.69879150390625,0.70391845703125,0.0858154296875,0.05908203125,-0.8431602656641931,0.5338332772653637,0.02252197265625,0.21693956253919314,0.7154747187891931,-0.6620071053903637,-0.05157470703125,-0.165771484375,-0.32098388671875,0.91961669921875,0.15386962890625
156,0.9051513671875,-0.06378173828125,-0.14044189453125,-0.39593505859375,0.6986083984375,0.4456787109375,0.26544189453125,0.49261474609375,-0.09344482421875,-0.69879150390625,0.70391845703125,0.0858154296875,0.05908203125,-0.84320068359375,0.53375244140625,0.02252197265625,0.21697998046875,0.71551513671875,-0.66192626953125,-0.05157470703125,-0.165771484375,-0.32098388671875,0.91961669921875,0.15386962890625
157,0.90521240234375,-0.06378173828125,-0.140380859375,-0.3958740234375,0.69873046875,0.445556640625,0.265380859375,0.49261474609375,-0.0933837890625,-0.69879150390625,0.70391845703125,0.08575439453125,0.05914306640625,-0.84326171875,0.53369140625,0.0225830078125,0.21692486511026338,0.71551513671875,-0.6619813848897367,-0.051580626829013376,-0.16571044921875,-0.321044921875,0.91961669921875,0.1539306640625
158,0.90521240234375,-0.06378173828125,-0.140380859375,-0.3958740234375,0.69873046875,0.445556640625,0.265380859375,0.49261474609375,-0.0933837890625,-0.69879150390625,0.70391845703125,0.08575439453125,0.05914306640625,-0.84326171875,0.53369140625,0.0225830078125,0.21697998046875,0.71551513671875,-0.66192626953125,-0.0516357421875,-0.16571044921875,-0.321044921875,0.91961669921875,0.1539306640625
159,0.90521240234375,-0.0635986328125,-0.1405029296875,-0.39581298828125,0.6987480240123328,0.44553908536266723,0.2655551872125836,0.4925537109375,-0.09356689453125,-0.69879150390625,0.70391845703125,0.08575439453125,0.058846668256166385,-0.8433139762750836,0.5336391487249164,0.022513195025083612,0.2171630859375,0.7154541015625,-0.66192626953125,-0.051513671875,-0.16583251953125,-0.3210361442438336,0.91961669921875,0.15379981611883362
160,0.90521240234375,-0.0635986328125,-0.1405029296875,-0.39581298828125,0.69873046875,0.445556640625,0.26556396484375,0.4925537109375,-0.09356689453125,-0.69879150390625,0.70391845703125,0.08575439453125,0.058837890625,-0.84332275390625,0.53363037109375,0.02252197265625,0.21722412109375,0.715576171875,-0.661865234375,-0.05157470703125,-0.16583251953125,-0.321044921875,0.91961669921875,0.15380859375
161,0.9052734375,-0.0634765625,-0.14044189453125,-0.39581298828125,0.6988290640024039,0.44539701021634615,0.2655780498798077,0.4925537109375,-0.0936279296875,-0.6988525390625,0.703857421875,0.0855712890625,0.05880033052884616,-0.8433603140024039,0.5335928109975961,0.0223388671875,0.21722412109375,0.71551513671875,-0.661865234375,-0.0513916015625,-0.16584660456730768,-0.321044921875,0.91961669921875,0.15376164362980768
162,0.9052734375,-0.0634765625,-0.14044189453125,-0.39581298828125,0.6988525390625,0.44537353515625,0.265625,0.4925537109375,-0.0936279296875,-0.6988525390625,0.703857421875,0.0855712890625,0.05877685546875,-0.8433837890625,0.5335693359375,0.0223388671875,0.2171630859375,0.715576171875,-0.661865234375,-0.05145263671875,-0.1658935546875,-0.321044921875,0.91961669921875,0.15380859375
163,0.90521240234375,-0.06341552734375,-0.1405029296875,-0.39581298828125,0.6988296763952759,0.4454192604906982,0.2657013449780518,0.49249267578125,-0.09368896484375,-0.6988525390625,0.703857421875,0.08551025390625,0.0587158203125,-0.8433609263952759,0.5335921986047241,0.0223388671875,0.21722412109375,0.715576171875,-0.66180419921875,-0.0513916015625,-0.16590886450930184,-0.321044921875,0.91961669921875,0.1537246959265259
164,0.90521240234375,-0.06341552734375,-0.1405029296875,-0.39581298828125,0.69879150390625,0.44549560546875,0.265625,0.49249267578125,-0.09368896484375,-0.6988525390625,0.703857421875,0.08551025390625,0.0587158203125,-0.84332275390625,0.53363037109375,0.0223388671875,0.21728515625,0.7154541015625,-0.66192626953125,-0.0513916015625,-0.16583251953125,-0.321044921875,0.91961669921875,0.1536865234375
165,0.90521240234375,-0.06353759765625,-0.1405029296875,-0.39593505859375,0.6986857640703387,0.44560951054295567,0.2656697046796614,0.49254554569920567,-0.0936279296875,-0.6988525390625,0.703857421875,0.0855712890625,0.058837890625,-0.8433756238242057,0.5335775011757943,0.0224609375,0.21722412109375,0.715576171875,-0.661865234375,-0.051513671875,-0.1658935546875,-0.3210896265546614,0.9195638293007943,0.15380859375
166,0.90521240234375,-0.06353759765625,-0.1405029296875,-0.39593505859375,0.69879150390625,0.445556640625,0.26556396484375,0.49249267578125,-0.0936279296875,-0.6988525390625,0.703857421875,0.0855712890625,0.058837890625,-0.84332275390625,0.53363037109375,0.0224609375,0.21722412109375,0.71551513671875,-0.661865234375,-0.05145263671875,-0.1658935546875,-0.32098388671875,0.91961669921875,0.15380859375
167,0.9051513671875,-0.0635986328125,-0.1405029296875,-0.39599609375,0.69866943359375,0.44567217874686454,0.265625,0.49249920797188546,-0.0936279296875,-0.6988525390625,0.70379638671875,0.085693359375,0.05884442281563545,-0.84332275390625,0.5336238389031146,0.022576475621864548,0.2171630859375,0.715576171875,-0.66180419921875,-0.051513671875,-0.16583905172188546,-0.32105145406563546,0.9195556640625,0.1539175996812291
168,0.9051513671875,-0.0635986328125,-0.1405029296875,-0.39599609375,0.69866943359375,0.4456787109375,0.265625,0.49249267578125,-0.0936279296875,-0.6988525390625,0.70379638671875,0.085693359375,0.058837890625,-0.84332275390625,0.53363037109375,0.0225830078125,0.21722412109375,0.715576171875,-0.66180419921875,-0.0516357421875,-0.16583251953125,-0.321044921875,0.9195556640625,0.1539306640625
169,0.9051513671875,-0.0634765625,-0.14056396484375,-0.39605712890625,0.6987092391304348,0.44561767578125,0.26570726477581524,0.49245287024456524,-0.09375,-0.6988525390625,0.70379638671875,0.085693359375,0.05867601477581522,-0.8433837890625,0.5335693359375,0.02256177819293478,0.21734619140625,0.715576171875,-0.6617431640625,-0.05157470703125,-0.1658935546875,-0.32106615149456524,0.9195954695991848,0.15380859375
170,0.9051513671875,-0.0634765625,-0.14056396484375,-0.39605712890625,0.69873046875,0.44561767578125,0.26568603515625,0.492431640625,-0.09375,-0.6988525390625,0.70379638671875,0.085693359375,0.05865478515625,-0.8433837890625,0.5335693359375,0.0225830078125,0.21728515625,0.715576171875,-0.6617431640625,-0.0516357421875,-0.1658935546875,-0.321044921875,0.91961669921875,0.15380859375
171,0.90509033203125,-0.0634765625,-0.14056396484375,-0.3961181640625,0.698694541701505,0.445592567673495,0.265721962204745,0.49249267578125,-0.09375,-0.6988525390625,0.70379638671875,0.085693359375,0.058679893264005016,-0.843358680954745,0.53355851699676,0.022608115920255016,0.21728515625,0.71563720703125,-0.66168212890625,-0.0516357421875,-0.16586844657974498,-0.321080848923495,0.919580772170255,0.15380859375
172,0.90509033203125,-0.0634765625,-0.14056396484375,-0.3961181640625,0.69873046875,0.445556640625,0.26568603515625,0.49249267578125,-0.09375,-0.6988525390625,0.70379638671875,0.085693359375,0.0587158203125,-0.84332275390625,0.53363037109375,0.02264404296875,0.21734619140625,0.715576171875,-0.66180419921875,-0.05157470703125,-0.16583251953125,-0.321044921875,0.91961669921875,0.15380859375
173,0.90509033203125,-0.06353759765625,-0.14056396484375,-0.39617919921875,0.6987200580711748,0.44561767578125,0.26568603515625,0.49249267578125,-0.09368896484375,-0.69891357421875,0.70379638671875,0.08575439453125,0.0587158203125,-0.8433837890625,0.53350830078125,0.022705078125,0.21729556692882523,0.7155865825538252,-0.6617327533836748,-0.05164615286632525,-0.16595458984375,-0.32110595703125,0.9195556640625,0.15399169921875
174,0.90509033203125,-0.06353759765625,-0.14056396484375,-0.39617919921875,0.69866943359375,0.44561767578125,0.26568603515625,0.49249267578125,-0.09368896484375,-0.69891357421875,0.70379638671875,0.08575439453125,0.0587158203125,-0.8433837890625,0.53350830078125,0.022705078125,0.21734619140625,0.71563720703125,-0.66168212890625,-0.05169677734375,-0.16595458984375,-0.32110595703125,0.9195556640625,0.15399169921875
175,0.90509033203125,-0.06353759765625,-0.1405029296875,-0.39617919921875,0.69866943359375,0.44561767578125,0.265625,0.49249267578125,-0.09381103515625,-0.69891357421875,0.7037353515625,0.08575439453125,0.05865907190635452,-0.8433837890625,0.53350830078125,0.02264404296875,0.21728515625,0.71563720703125,-0.66168212890625,-0.0516357421875,-0.1658935546875,-0.32110595703125,0.9195556640625,0.15399169921875
176,0.90509033203125,-0.06353759765625,-0.1405029296875,-0.39617919921875,0.6986083984375,0.4456787109375,0.2657470703125,0.49249267578125,-0.09381103515625,-0.69891357421875,0.7037353515625,0.08575439453125,0.05865478515625,-0.8433837890625,0.53350830078125,0.02264404296875,0.21734619140625,0.71563720703125,-0.66168212890625,-0.05157470703125,-0.1658935546875,-0.32110595703125,0.9195556640625,0.15399169921875
177,0.90509033203125,-0.0634765625,-0.14044189453125,-0.396240234375,0.6986925003919314,0.445556640625,0.2657891212897157,0.4925116599602843,-0.09375,-0.698974609375,0.7037353515625,0.0855712890625,0.05865478515625,-0.84344482421875,0.533447265625,0.0224609375,0.21728515625,0.7156982421875,-0.66168212890625,-0.051513671875,-0.1658745705084657,-0.3211669921875,0.9195556640625,0.1538886130852843
178,0.90509033203125,-0.0634765625,-0.14044189453125,-0.396240234375,0.69873046875,0.445556640625,0.26580810546875,0.49249267578125,-0.09375,-0.698974609375,0.7037353515625,0.0855712890625,0.05865478515625,-0.84344482421875,0.533447265625,0.0224609375,0.21734619140625,0.71563720703125,-0.6617431640625,-0.05145263671875,-0.1658935546875,-0.3211669921875,0.9195556640625,0.15386962890625
179,0.905029296875,-0.0633544921875,-0.14044189453125,-0.3963623046875,0.69866943359375,0.4454282422528219,0.2658964941732859,0.49253268544889217,-0.09393310546875,-0.69903564453125,0.70367431640625,0.08544921875,0.0584716796875,-0.843505859375,0.53338623046875,0.0223388671875,0.2174072265625,0.7156982421875,-0.66162109375,-0.05133056640625,-0.16595458984375,-0.3212343554034281,0.919521982454536,0.15377491214203595
180,0.905029296875,-0.0633544921875,-0.14044189453125,-0.3963623046875,0.69866943359375,0.44549560546875,0.26593017578125,0.492431640625,-0.09393310546875,-0.69903564453125,0.70367431640625,0.08544921875,0.0584716796875,-0.843505859375,0.53338623046875,0.0223388671875,0.217529296875,0.71563720703125,-0.66168212890625,-0.05133056640625,-0.16595458984375,-0.3211669921875,0.9195556640625,0.15380859375
181,0.90496826171875,-0.06329345703125,-0.14044189453125,-0.396484375,0.6986820897131062,0.4454345703125,0.2659912109375,0.4925283986987876,-0.093994140625,-0.69903564453125,0.70367431640625,0.08544921875,0.05841064453125,-0.84356689453125,0.5333251953125,0.0223388671875,0.21759033203125,0.7156982421875,-0.66156005859375,-0.05126953125,-0.1659672459631062,-0.3213121292981814,0.9195072850256062,0.1536991795568562
182,0.90496826171875,-0.06329345703125,-0.14044189453125,-0.396484375,0.69873046875,0.4454345703125,0.2659912109375,0.492431640625,-0.093994140625,-0.69903564453125,0.70367431640625,0.08544921875,0.05841064453125,-0.84356689453125,0.5333251953125,0.0223388671875,0.2176513671875,0.7156982421875,-0.66162109375,-0.05126953125,-0.166015625,-0.3211669921875,0.9195556640625,0.15374755859375
183,0.90496826171875,-0.06317138671875,-0.14044189453125,-0.39654541015625,0.69879150390625,0.4453125,0.2659912109375,0.49249267578125,-0.09417724609375,-0.698974609375,0.70367431640625,0.0853271484375,0.0582275390625,-0.84356689453125,0.53326416015625,0.02227783203125,0.21771240234375,0.7156982421875,-0.66156005859375,-0.0511474609375,-0.166015625,-0.32122802734375,0.9195556640625,0.15362548828125
184,0.90496826171875,-0.06317138671875,-0.14044189453125,-0.39654541015625,0.6988525390625,0.44525146484375,0.2659912109375,0.49249267578125,-0.09417724609375,-0.698974609375,0.70367431640625,0.0853271484375,0.0582275390625,-0.84356689453125,0.53326416015625,0.02227783203125,0.2177734375,0.7156982421875,-0.66156005859375,-0.05126953125,-0.16607666015625,-0.3211669921875,0.9195556640625,0.15374755859375
185,0.9049072265625,-0.06304931640625,-0.14044189453125,-0.39666748046875,0.6988358003239966,0.44512939453125,0.26614083892924334,0.49246511810200666,-0.09423828125,-0.69903564453125,0.70367431640625,0.08526611328125,0.05804443359375,-0.8436279296875,0.533203125,0.02215576171875,0.2177734375,0.71575927734375,-0.66143798828125,-0.0511474609375,-0.16612095657399667,-0.32124476608225333,0.91949462890625,0.15366978469899667
186,0.9049072265625,-0.06304931640625,-0.14044189453125,-0.39666748046875,0.6988525390625,0.44512939453125,0.26617431640625,0.492431640625,-0.09423828125,-0.69903564453125,0.70367431640625,0.08526611328125,0.05804443359375,-0.8436279296875,0.533203125,0.02215576171875,0.2178955078125,0.7156982421875,-0.6614990234375,-0.0511474609375,-0.1661376953125,-0.32122802734375,0.91949462890625,0.1536865234375
187,0.9049072265625,-0.06298828125,-0.140380859375,-0.396728515625,0.6988229400736831,0.4450979583638169,0.26617247922763376,0.49249451295986624,-0.0943603515625,-0.69903564453125,0.70361328125,0.08526611328125,0.05792236328125,-0.84368896484375,0.53314208984375,0.02215576171875,0.2178955078125,0.71575927734375,-0.66143798828125,-0.05108642578125,-0.16610625914506688,-0.3212594635111831,0.91949462890625,0.1536846862588838
188,0.9049072265625,-0.06298828125,-0.140380859375,-0.396728515625,0.69879150390625,0.44512939453125,0.2662353515625,0.492431640625,-0.0943603515625,-0.69903564453125,0.70361328125,0.08526611328125,0.05792236328125,-0.84368896484375,0.53314208984375,0.02215576171875,0.21795654296875,0.7156982421875,-0.6614990234375,-0.05108642578125,-0.1661376953125,-0.32122802734375,0.91949462890625,0.15374755859375
189,0.9049072265625,-0.0628662109375,-0.14031982421875,-0.39678955078125,0.6988674406223871,0.44500732421875,0.26625025312238715,0.49247777422136285,-0.09442138671875,-0.69903564453125,0.70361328125,0.08514404296875,0.05780029296875,-0.84375,0.5330810546875,0.02197265625,0.21795654296875,0.7156982421875,-0.66143798828125,-0.05096435546875,-0.16610646327602424,-0.3212890625,0.91949462890625,0.15364038984113712
190,0.9049072265625,-0.0628662109375,-0.14031982421875,-0.39678955078125,0.69891357421875,0.44500732421875,0.26629638671875,0.492431640625,-0.09442138671875,-0.69903564453125,0.70361328125,0.08514404296875,0.05780029296875,-0.84375,0.5330810546875,0.02197265625,0.21807861328125,0.7156982421875,-0.66143798828125,-0.05096435546875,-0.16619873046875,-0.3212890625,0.91949462890625,0.1536865234375
191,0.9049072265625,-0.06280517578125,-0.1402587890625,-0.3968505859375,0.6989137783497074,0.44494608493154264,0.26629659084970736,0.49249247165029264,-0.09442138671875,-0.6990966796875,0.70355224609375,0.08502197265625,0.05780029296875,-0.84381103515625,0.53302001953125,0.0218505859375,0.21807861328125,0.71575927734375,-0.66143798828125,-0.05084228515625,-0.16613789944345736,-0.32135009765625,0.91949462890625,0.15362569241220736
192,0.9049072265625,-0.06280517578125,-0.1402587890625,-0.3968505859375,0.698974609375,0.44488525390625,0.266357421875,0.492431640625,-0.09442138671875,-0.6990966796875,0.70355224609375,0.08502197265625,0.05780029296875,-0.84381103515625,0.53302001953125,0.0218505859375,0.2181396484375,0.71575927734375,-0.661376953125,-0.05078125,-0.16619873046875,-0.32135009765625,0.91949462890625,0.1536865234375
193,0.90484619140625,-0.062744140625,-0.14013671875,-0.39691162109375,0.69891357421875,0.44476318359375,0.26629638671875,0.4925537109375,-0.094482421875,-0.69915771484375,0.70355224609375,0.0849609375,0.0577392578125,-0.8438720703125,0.53289794921875,0.021728515625,0.21807861328125,0.7158203125,-0.66131591796875,-0.05072021484375,-0.16607666015625,-0.3214111328125,0.91943359375,0.15362548828125
194,0.90484619140625,-0.062744140625,-0.14013671875,-0.39691162109375,0.698974609375,0.44482421875,0.266357421875,0.492431640625,-0.094482421875,-0.69915771484375,0.70355224609375,0.0849609375,0.0577392578125,-0.8438720703125,0.53289794921875,0.021728515625,0.21820068359375,0.71575927734375,-0.66131591796875,-0.05072021484375,-0.166259765625,-0.3214111328125,0.91943359375,0.1536865234375
195,0.90484619140625,-0.0626220703125,-0.14007568359375,-0.39697265625,0.698974609375,0.4447021484375,0.266357421875,0.4925537109375,-0.0946044921875,-0.69915771484375,0.7034912109375,0.0848388671875,0.0576171875,-0.84393310546875,0.53289794921875,0.02154541015625,0.21820068359375,0.7158203125,-0.66131591796875,-0.050537109375,-0.16619873046875,-0.32147216796875,0.91943359375,0.153564453125
196,0.90484619140625,-0.0626220703125,-0.14007568359375,-0.39697265625,0.69903564453125,0.4447021484375,0.2664794921875,0.492431640625,-0.0946044921875,-0.69915771484375,0.7034912109375,0.0848388671875,0.0576171875,-0.84393310546875,0.53289794921875,0.02154541015625,0.21826171875,0.71575927734375,-0.661376953125,-0.05059814453125,-0.16619873046875,-0.32135009765625,0.91949462890625,0.15362548828125
197,0.90478515625,-0.06256103515625,-0.14013671875,-0.39715576171875,0.698974609375,0.44464111328125,0.2666015625,0.4925537109375,-0.0947265625,-0.69915771484375,0.7034912109375,0.0848388671875,0.05755615234375,-0.843994140625,0.53277587890625,0.02154541015625,0.2183837890625,0.71588134765625,-0.66119384765625,-0.050537109375,-0.16630365378083195,-0.3214989091241639,0.91943359375,0.15352056496916805
198,0.90478515625,-0.06256103515625,-0.14013671875,-0.39715576171875,0.69903564453125,0.44464111328125,0.26654052734375,0.492431640625,-0.0947265625,-0.69915771484375,0.7034912109375,0.0848388671875,0.05755615234375,-0.843994140625,0.53277587890625,0.02154541015625,0.2183837890625,0.71575927734375,-0.66131591796875,-0.050537109375,-0.166259765625,-0.3214111328125,0.91943359375,0.153564453125
199,0.90472412109375,-0.0625,-0.14013671875,-0.39727783203125,0.698974609375,0.444580078125,0.2666015625,0.4925537109375,-0.0948486328125,-0.69915771484375,0.7034912109375,0.08477783203125,0.057373046875,-0.843994140625,0.53277587890625,0.02142333984375,0.2183837890625,0.71588134765625,-0.66119384765625,-0.05047607421875,-0.1662646647679766,-0.3215258544105351,0.91943359375,0.15350341796875
200,0.90472412109375,-0.0625,-0.14013671875,-0.39727783203125,0.69903564453125,0.44464111328125,0.2666015625,0.492431640625,-0.0948486328125,-0.69915771484375,0.7034912109375,0.08477783203125,0.057373046875,-0.843994140625,0.53277587890625,0.02142333984375,0.218505859375,0.71575927734375,-0.6612548828125,-0.050537109375,-0.1663818359375,-0.32135009765625,0.91943359375,0.15350341796875
201,0.90472412109375,-0.0623779296875,-0.14007568359375,-0.39739990234375,0.69903564453125,0.4444580078125,0.2666015625,0.4925537109375,-0.09490966796875,-0.69921875,0.70343017578125,0.08465576171875,0.0572509765625,-0.84405517578125,0.53271484375,0.02130126953125,0.218505859375,0.7158203125,-0.66119384765625,-0.05035400390625,-0.16632080078125,-0.32147216796875,0.91943359375,0.1534423828125
202,0.90472412109375,-0.0623779296875,-0.14007568359375,-0.39739990234375,0.69903564453125,0.444580078125,0.26678466796875,0.4923095703125,-0.09490966796875,-0.69921875,0.70343017578125,0.08465576171875,0.0572509765625,-0.84405517578125,0.53271484375,0.02130126953125,0.21868896484375,0.71575927734375,-0.66119384765625,-0.05035400390625,-0.16644287109375,-0.3214111328125,0.91943359375,0.15350341796875
203,0.9046630859375,-0.062255859375,-0.14007568359375,-0.39752197265625,0.69903564453125,0.4444580078125,0.266845703125,0.492431640625,-0.09515380859375,-0.69921875,0.70343017578125,0.08465576171875,0.05706787109375,-0.8441162109375,0.53265380859375,0.02117919921875,0.21875,0.71588134765625,-0.6611328125,-0.05023193359375,-0.16644287109375,-0.321533203125,0.91943359375,0.15338134765625
204,0.9046630859375,-0.062255859375,-0.14007568359375,-0.39752197265625,0.69903564453125,0.444580078125,0.26690673828125,0.49224853515625,-0.09515380859375,-0.69921875,0.70343017578125,0.08465576171875,0.05706787109375,-0.8441162109375,0.53265380859375,0.02117919921875,0.21893310546875,0.71575927734375,-0.66119384765625,-0.0501708984375,-0.16656494140625,-0.3214111328125,0.91943359375,0.1534423828125
205,0.9046630859375,-0.0621337890625,-0.13995361328125,-0.3975830078125,0.69903564453125,0.4444580078125,0.26690673828125,0.49237060546875,-0.0953369140625,-0.69927978515625,0.703369140625,0.0845947265625,0.05694580078125,-0.84417724609375,0.5325927734375,0.02093505859375,0.2188720703125,0.7158203125,-0.6611328125,-0.04998779296875,-0.16644287109375,-0.32147216796875,0.91943359375,0.1533203125
206,0.9046630859375,-0.0621337890625,-0.13995361328125,-0.3975830078125,0.69903564453125,0.44451904296875,0.26715087890625,0.49224853515625,-0.0953369140625,-0.69927978515625,0.703369140625,0.0845947265625,0.05694580078125,-0.84417724609375,0.5325927734375,0.02093505859375,0.218994140625,0.7158203125,-0.66107177734375,-0.0499267578125,-0.16668701171875,-0.32147216796875,0.91937255859375,0.15338134765625
207,0.90472412109375,-0.06195068359375,-0.13970947265625,-0.3975830078125,0.69915771484375,0.4443359375,0.2669677734375,0.4923095703125,-0.09539794921875,-0.6993408203125,0.70330810546875,0.084228515625,0.056884765625,-0.84423828125,0.532470703125,0.0205078125,0.2188720703125,0.7158203125,-0.6611328125,-0.0496826171875,-0.16644287109375,-0.32147216796875,0.91943359375,0.15325927734375
208,0.90472412109375,-0.06195068359375,-0.13970947265625,-0.3975830078125,0.69921875,0.444091796875,0.26727294921875,0.49224853515625,-0.09539794921875,-0.6993408203125,0.70330810546875,0.084228515625,0.056884765625,-0.84423828125,0.532470703125,0.0205078125,0.21904721467391305,0.7158786939538043,-0.6610160495923914,-0.049565854279891304,-0.1666259765625,-0.321533203125,0.91937255859375,0.15325927734375
209,0.90472412109375,-0.0618896484375,-0.139404296875,-0.39764404296875,0.69927978515625,0.44403076171875,0.26702880859375,0.492431640625,-0.09521484375,-0.69940185546875,0.70330810546875,0.0841064453125,0.05694580078125,-0.84429931640625,0.5323486328125,0.02020263671875,0.21881103515625,0.7159423828125,-0.66107177734375,-0.04937744140625,-0.1663818359375,-0.32159423828125,0.91943359375,0.15325927734375
210,0.90472412109375,-0.0618896484375,-0.139404296875,-0.39764404296875,0.69927978515625,0.44403076171875,0.26715087890625,0.49224853515625,-0.09521484375,-0.69940185546875,0.70330810546875,0.0841064453125,0.05694580078125,-0.84429931640625,0.5323486328125,0.02020263671875,0.21881103515625,0.7159423828125,-0.66107177734375,-0.049421125431124584,-0.16644287109375,-0.32159423828125,0.91937255859375,0.15325927734375
211,0.90472412109375,-0.061767578125,-0.13934326171875,-0.39764404296875,0.6993408203125,0.4439697265625,0.26715087890625,0.49224853515625,-0.09527587890625,-0.69927978515625,0.703369140625,0.08404541015625,0.05682373046875,-0.84429931640625,0.5323486328125,0.0201416015625,0.21881103515625,0.7159423828125,-0.66107177734375,-0.04925537109375,-0.1663818359375,-0.3216552734375,0.91943359375,0.15313720703125
212,0.90472412109375,-0.061767578125,-0.13934326171875,-0.39764404296875,0.69940185546875,0.444091796875,0.26708984375,0.49212646484375,-0.09527587890625,-0.69927978515625,0.703369140625,0.08404541015625,0.05682373046875,-0.84429931640625,0.5323486328125,0.0201416015625,0.21881103515625,0.7159423828125,-0.66107177734375,-0.04931334428563963,-0.1663818359375,-0.32159423828125,0.91943359375,0.15325927734375
213,0.9046630859375,-0.06170654296875,-0.139404296875,-0.39776611328125,0.6993408203125,0.44403076171875,0.2672119140625,0.4921875,-0.0953369140625,-0.6993408203125,0.70330810546875,0.0841064453125,0.05670166015625,-0.8443603515625,0.53228759765625,0.02020263671875,0.2188720703125,0.71600341796875,-0.66094970703125,-0.04931640625,-0.16644287109375,-0.32171630859375,0.91937255859375,0.1531982421875
214,0.9046630859375,-0.06170654296875,-0.139404296875,-0.39776611328125,0.69940185546875,0.44403076171875,0.26715087890625,0.4920654296875,-0.0953369140625,-0.6993408203125,0.70330810546875,0.0841064453125,0.05670166015625,-0.8443603515625,0.53228759765625,0.02020263671875,0.2188720703125,0.71600341796875,-0.6610107421875,-0.04931640625,-0.1663818359375,-0.3216552734375,0.91937255859375,0.1531982421875
215,0.9046630859375,-0.061767578125,-0.13934326171875,-0.3978271484375,0.69940185546875,0.444091796875,0.26708984375,0.4921875,-0.09521484375,-0.69927978515625,0.703369140625,0.08416748046875,0.0567626953125,-0.8443603515625,0.5323486328125,0.02020263671875,0.21875,0.71600341796875,-0.6610107421875,-0.04931640625,-0.16632080078125,-0.32171630859375,0.91937255859375,0.15325927734375
216,0.9046630859375,-0.061767578125,-0.13934326171875,-0.3978271484375,0.69940185546875,0.444091796875,0.2671504706443353,0.49206624621132944,-0.09521484375,-0.69927978515625,0.703369140625,0.08416748046875,0.0567626953125,-0.8443603515625,0.5323486328125,0.02020263671875,0.21893188068300584,0.71600341796875,-0.6610107421875,-0.04931640625,-0.16632080078125,-0.3216552734375,0.91937255859375,0.1533203125
217,0.90460205078125,-0.06170654296875,-0.13934326171875,-0.39794921875,0.69940185546875,0.44403076171875,0.2672119140625,0.49212646484375,-0.0953369140625,-0.6993408203125,0.70330810546875,0.0841064453125,0.056640625,-0.84442138671875,0.5322265625,0.02020263671875,0.21893310546875,0.716064453125,-0.660888671875,-0.04925537109375,-0.16632080078125,-0.32177734375,0.91937255859375,0.15325927734375
218,0.90460205078125,-0.06170654296875,-0.13934326171875,-0.39794921875,0.6994477849341555,0.4439848322533445,0.2672578435279055,0.4920805353783445,-0.0953369140625,-0.6993408203125,0.70330810546875,0.0841064453125,0.056640625,-0.84442138671875,0.5322265625,0.02020263671875,0.21893310546875,0.716064453125,-0.660888671875,-0.04930130055915551,-0.1663818359375,-0.32177734375,0.91937255859375,0.15325927734375
219,0.90460205078125,-0.06158447265625,-0.139404296875,-0.39801025390625,0.699462890625,0.44384765625,0.267333984375,0.4920654296875,-0.09539794921875,-0.69927978515625,0.703369140625,0.0841064453125,0.056396484375,-0.844482421875,0.53216552734375,0.020263671875,0.21905517578125,0.716064453125,-0.66082763671875,-0.0491943359375,-0.16644287109375,-0.32183837890625,0.9193115234375,0.15313720703125
220,0.90460205078125,-0.06158447265625,-0.139404296875,-0.39801025390625,0.6995849609375,0.44390869140625,0.267333984375,0.49188232421875,-0.09539794921875,-0.69927978515625,0.703369140625,0.0841064453125,0.056396484375,-0.844482421875,0.53216552734375,0.020263671875,0.21911763985420152,0.716064453125,-0.66082763671875,-0.0491943359375,-0.16644287109375,-0.32177734375,0.9193115234375,0.15325927734375
221,0.904541015625,-0.0615234375,-0.1392822265625,-0.3980712890625,0.69952392578125,0.44384765625,0.26727294921875,0.49200439453125,-0.0953369140625,-0.6993408203125,0.703369140625,0.08404541015625,0.05633544921875,-0.844482421875,0.53216552734375,0.02008056640625,0.2191162109375,0.71612548828125,-0.66082763671875,-0.04913330078125,-0.1663818359375,-0.32183837890625,0.9193115234375,0.1531982421875
222,0.904541015625,-0.0615234375,-0.1392822265625,-0.3980712890625,0.69952392578125,0.44390869140625,0.26739501953125,0.49188232421875,-0.0953369140625,-0.6993408203125,0.703369140625,0.08404541015625,0.05633544921875,-0.844482421875,0.53216552734375,0.02008056640625,0.21914928015259197,0.716108953673704,-0.660811102111204,-0.04913330078125,-0.16644287109375,-0.32177734375,0.9193115234375,0.1533203125
223,0.904541015625,-0.0614013671875,-0.13934326171875,-0.398193359375,0.69952392578125,0.44378662109375,0.26751708984375,0.491943359375,-0.0955810546875,-0.69927978515625,0.703369140625,0.08404541015625,0.05609130859375,-0.8446044921875,0.53204345703125,0.02008056640625,0.2193603515625,0.71612548828125,-0.66070556640625,-0.049072265625,-0.16644287109375,-0.32183837890625,0.9193115234375,0.1531982421875
224,0.904541015625,-0.0614013671875,-0.13934326171875,-0.398193359375,0.6995849609375,0.44390869140625,0.267578125,0.4918212890625,-0.0955810546875,-0.69927978515625,0.703369140625,0.08404541015625,0.05609130859375,-0.8446044921875,0.53204345703125,0.02008056640625,0.21936402591973245,0.7161236511026338,-0.66070556640625,-0.049072265625,-0.1666259765625,-0.32177734375,0.9193115234375,0.1533203125
225,0.90447998046875,-0.061279296875,-0.1392822265625,-0.3983154296875,0.69952392578125,0.44378662109375,0.267578125,0.491943359375,-0.095703125,-0.6993408203125,0.7032470703125,0.0838623046875,0.055908203125,-0.84466552734375,0.53192138671875,0.0198974609375,0.219482421875,0.71612548828125,-0.66064453125,-0.04888916015625,-0.16656494140625,-0.3218994140625,0.91925048828125,0.1531982421875
226,0.90447998046875,-0.061279296875,-0.1392822265625,-0.3983154296875,0.6995721006871864,0.44373844618781355,0.26762629990593645,0.4918470095631271,-0.095703125,-0.6993408203125,0.7032470703125,0.0838623046875,0.055908203125,-0.84466552734375,0.53192138671875,0.0198974609375,0.2195787716868729,0.71612548828125,-0.66064453125,-0.04888916015625,-0.16668701171875,-0.32177734375,0.9193115234375,0.15325927734375
227,0.90447998046875,-0.06121826171875,-0.13916015625,-0.3984375,0.6995849609375,0.44366455078125,0.267578125,0.49200439453125,-0.095703125,-0.69940185546875,0.7032470703125,0.08392333984375,0.0557861328125,-0.8447265625,0.5318603515625,0.019775390625,0.21954345703125,0.7161865234375,-0.66058349609375,-0.04876708984375,-0.16656494140625,-0.3218994140625,0.91925048828125,0.1531982421875
228,0.90447998046875,-0.06121826171875,-0.13916015625,-0.3984375,0.6995849609375,0.44369802825825666,0.2676450799540134,0.49190396210022996,-0.095703125,-0.69940185546875,0.7032470703125,0.08392333984375,0.0557861328125,-0.8447265625,0.5318603515625,0.019775390625,0.21964388946227006,0.7161865234375,-0.66058349609375,-0.048834044797763376,-0.1666259765625,-0.32183837890625,0.91925048828125,0.15325927734375
229,0.9044189453125,-0.06103515625,-0.13922119140625,-0.39849853515625,0.69964599609375,0.44354248046875,0.267822265625,0.49188232421875,-0.095947265625,-0.699462890625,0.70318603515625,0.0838623046875,0.0555419921875,-0.84478759765625,0.53179931640625,0.01971435546875,0.2198486328125,0.7161865234375,-0.6605224609375,-0.04876708984375,-0.16668701171875,-0.3218994140625,0.91925048828125,0.153076171875
230,0.9044189453125,-0.06103515625,-0.13922119140625,-0.39849853515625,0.6996084359975961,0.4435988206129808,0.2678410456730769,0.4918635441706731,-0.095947265625,-0.699462890625,0.70318603515625,0.0838623046875,0.0555419921875,-0.84478759765625,0.53179931640625,0.01971435546875,0.21990497295673075,0.7161677433894231,-0.6605224609375,-0.04878586989182692,-0.166748046875,-0.3218994140625,0.91925048828125,0.15325927734375
231,0.9044189453125,-0.06085205078125,-0.1392822265625,-0.3985595703125,0.6995849609375,0.44354248046875,0.26800537109375,0.4918212890625,-0.09613037109375,-0.699462890625,0.703125,0.0838623046875,0.05523681640625,-0.8448486328125,0.53173828125,0.01971435546875,0.22015380859375,0.71612548828125,-0.66046142578125,-0.0487060546875,-0.166748046875,-0.3218994140625,0.91925048828125,0.153076171875
232,0.9044189453125,-0.06085205078125,-0.1392822265625,-0.3985595703125,0.6995767956992057,0.44355472832619147,0.26800945371289714,0.4918212890625,-0.09613037109375,-0.699462890625,0.703125,0.0838623046875,0.05523273378710284,-0.8448527154316472,0.5317301160117057,0.019718438087897163,0.22015789121289717,0.7161295709003972,-0.6604573431621028,-0.04871013730664716,-0.166748046875,-0.32196044921875,0.91925048828125,0.1531982421875
233,0.9044189453125,-0.06072998046875,-0.13934326171875,-0.39849853515625,0.69952392578125,0.443603515625,0.26812744140625,0.49176025390625,-0.0963134765625,-0.69952392578125,0.70306396484375,0.08380126953125,0.0550537109375,-0.84490966796875,0.5316162109375,0.01971435546875,0.2203369140625,0.71612548828125,-0.660400390625,-0.04864501953125,-0.16680908203125,-0.3218994140625,0.91925048828125,0.153076171875
234,0.9044189453125,-0.06072998046875,-0.13934326171875,-0.39849853515625,0.69952392578125,0.443603515625,0.26812744140625,0.49176025390625,-0.0963134765625,-0.69952392578125,0.70306396484375,0.08380126953125,0.0550537109375,-0.84490966796875,0.5316162109375,0.01971435546875,0.2203369140625,0.71612548828125,-0.660400390625,-0.04864501953125,-0.16680908203125,-0.3219498344089674,0.9192000679347826,0.15317701256793478
235,0.90447998046875,-0.0606689453125,-0.1392822265625,-0.3984375,0.69964599609375,0.4434814453125,0.26806640625,0.49176025390625,-0.0963134765625,-0.69952392578125,0.70306396484375,0.08380126953125,0.0550537109375,-0.84490966796875,0.5316162109375,0.0196533203125,0.22027587890625,0.7161865234375,-0.660400390625,-0.04864501953125,-0.166748046875,-0.3218994140625,0.91925048828125,0.15313720703125
236,0.90447998046875,-0.0606689453125,-0.1392822265625,-0.3984375,0.6996102731762124,0.4435171682300376,0.2681021291675376,0.4917959768237876,-0.0963134765625,-0.69952392578125,0.70306396484375,0.08380126953125,0.0550537109375,-0.84490966796875,0.5316162109375,0.0196533203125,0.22027587890625,0.7161865234375,-0.660400390625,-0.04864501953125,-0.166748046875,-0.3219351369800376,0.9192147653637124,0.15317292994878762
237,0.90447998046875,-0.060546875,-0.13946533203125,-0.3984375,0.6995849609375,0.44342041015625,0.268310546875,0.49169921875,-0.096435546875,-0.69952392578125,0.7030029296875,0.08392333984375,0.0548095703125,-0.844970703125,0.531494140625,0.01983642578125,0.22052001953125,0.7161865234375,-0.6602783203125,-0.04876708984375,-0.1668701171875,-0.32196044921875,0.919189453125,0.153076171875
238,0.90447998046875,-0.060546875,-0.13946533203125,-0.3984375,0.6995639354488922,0.4434834866220736,0.2682895213863921,0.49169921875,-0.096435546875,-0.69952392578125,0.7030029296875,0.08392333984375,0.0548095703125,-0.844970703125,0.531494140625,0.01983642578125,0.22052001953125,0.7161865234375,-0.6602783203125,-0.04876708984375,-0.1668280662102843,-0.3219814747073579,0.919189453125,0.15309719736360786
239,0.90447998046875,-0.060546875,-0.13946533203125,-0.39837646484375,0.6995849609375,0.443603515625,0.26824951171875,0.49169921875,-0.09637451171875,-0.699462890625,0.70306396484375,0.08404541015625,0.0548095703125,-0.84490966796875,0.5316162109375,0.01995849609375,0.22039794921875,0.7161865234375,-0.6602783203125,-0.04888916015625,-0.166748046875,-0.32196044921875,0.91925048828125,0.15313720703125
240,0.90447998046875,-0.060546875,-0.13946533203125,-0.39837646484375,0.6995849609375,0.4436098436846781,0.2682368555993938,0.4916928906903219,-0.09637451171875,-0.699462890625,0.70306396484375,0.08404541015625,0.054815898372178096,-0.84490966796875,0.5316162109375,0.019964824153428096,0.2203916211590719,0.7161865234375,-0.6602846483721782,-0.04888916015625,-0.1667417188153219,-0.32196044921875,0.91925048828125,0.1531435350909281
241,0.9044189453125,-0.06048583984375,-0.1396484375,-0.3984375,0.6995849609375,0.443603515625,0.268310546875,0.4915771484375,-0.09649658203125,-0.699462890625,0.7030029296875,0.08404541015625,0.0546875,-0.844970703125,0.531494140625,0.02008056640625,0.22052001953125,0.71624755859375,-0.66021728515625,-0.04888916015625,-0.1668701171875,-0.322021484375,0.919189453125,0.15313720703125
242,0.9044189453125,-0.06048583984375,-0.1396484375,-0.3984375,0.6995849609375,0.443603515625,0.268310546875,0.4915771484375,-0.09649658203125,-0.699462890625,0.7030029296875,0.08404541015625,0.0546875,-0.844970703125,0.531494140625,0.02008056640625,0.22052001953125,0.71624755859375,-0.66021728515625,-0.04888916015625,-0.16692278297449833,-0.3219688185880017,0.919189453125,0.15308454124425167
243,0.9044189453125,-0.060546875,-0.13958740234375,-0.39849853515625,0.69952392578125,0.4437255859375,0.26824951171875,0.4915771484375,-0.09649658203125,-0.699462890625,0.7030029296875,0.08416748046875,0.05474853515625,-0.844970703125,0.531494140625,0.02001953125,0.22052001953125,0.71624755859375,-0.66021728515625,-0.0489501953125,-0.1668701171875,-0.322021484375,0.919189453125,0.15313720703125
244,0.9044189453125,-0.060546875,-0.13958740234375,-0.39849853515625,0.69952392578125,0.4437255859375,0.26824951171875,0.4915771484375,-0.09649658203125,-0.699462890625,0.7030029296875,0.08416748046875,0.05474853515625,-0.844970703125,0.531494140625,0.02001953125,0.22052001953125,0.71624755859375,-0.66021728515625,-0.0489501953125,-0.1668701171875,-0.322021484375,0.919189453125,0.15321314374738712
245,0.9044189453125,-0.06036376953125,-0.13958740234375,-0.39849853515625,0.6995849609375,0.44366455078125,0.26837158203125,0.4915771484375,-0.0966796875,-0.699462890625,0.7030029296875,0.0841064453125,0.0545654296875,-0.84503173828125,0.531494140625,0.01995849609375,0.220703125,0.71624755859375,-0.66015625,-0.048828125,-0.16680908203125,-0.322021484375,0.919189453125,0.15313720703125
246,0.9044189453125,-0.06036376953125,-0.13958740234375,-0.39849853515625,0.6995849609375,0.44366455078125,0.26837158203125,0.4915771484375,-0.0966796875,-0.699462890625,0.7030029296875,0.0841064453125,0.0545654296875,-0.84503173828125,0.531494140625,0.01995849609375,0.220703125,0.71624755859375,-0.66015625,-0.048828125,-0.1668556238895276,-0.322021484375,0.919189453125,0.15313720703125
247,0.9044189453125,-0.060302734375,-0.1395263671875,-0.39849853515625,0.69952392578125,0.44366455078125,0.2684326171875,0.4915771484375,-0.0966796875,-0.69952392578125,0.70294189453125,0.08404541015625,0.05450439453125,-0.84503173828125,0.53143310546875,0.0198974609375,0.22076416015625,0.71624755859375,-0.66015625,-0.04876708984375,-0.1668701171875,-0.322021484375,0.919189453125,0.153076171875
248,0.9044189453125,-0.060302734375,-0.1395263671875,-0.39849853515625,0.69952392578125,0.44366455078125,0.2684326171875,0.4915771484375,-0.0966796875,-0.69952392578125,0.70294189453125,0.08404541015625,0.05450439453125,-0.84503173828125,0.53143310546875,0.0198974609375,0.22076416015625,0.71624755859375,-0.66015625,-0.04876708984375,-0.1668701171875,-0.32203005787520905,0.919189453125,0.15308474537520902
249,0.9044189453125,-0.060302734375,-0.1395263671875,-0.39849853515625,0.69964599609375,0.44354248046875,0.2684326171875,0.49151611328125,-0.0966796875,-0.69952392578125,0.70294189453125,0.08404541015625,0.05450439453125,-0.8450927734375,0.5313720703125,0.0198974609375,0.2208251953125,0.71624755859375,-0.66009521484375,-0.048828125,-0.1668701171875,-0.32208251953125,0.919189453125,0.15313720703125
250,0.9044189453125,-0.060302734375,-0.1395263671875,-0.39849853515625,0.69964599609375,0.44354248046875,0.2684326171875,0.49151611328125,-0.0966796875,-0.69952392578125,0.70294189453125,0.08404541015625,0.05450439453125,-0.8450927734375,0.5313720703125,0.0198974609375,0.2208251953125,0.71624755859375,-0.66009521484375,-0.048828125,-0.1668701171875,-0.32208251953125,0.919189453125,0.15313720703125
251,0.9044189453125,-0.060302734375,-0.1395263671875,-0.39849853515625,0.69952392578125,0.443603515625,0.2684326171875,0.4915771484375,-0.0966796875,-0.69952392578125,0.70294189453125,0.0841064453125,0.05450439453125,-0.8450927734375,0.5313720703125,0.01995849609375,0.2208251953125,0.71624755859375,-0.66009521484375,-0.048828125,-0.1668701171875,-0.32208251953125,0.919189453125,0.15313720703125
252,0.9044189453125,-0.060302734375,-0.1395263671875,-0.39849853515625,0.69952392578125,0.443603515625,0.2684326171875,0.4915771484375,-0.0966796875,-0.69952392578125,0.70294189453125,0.0841064453125,0.05450439453125,-0.8450927734375,0.5313720703125,0.01995849609375,0.2208251953125,0.71624755859375,-0.66009521484375,-0.048828125,-0.1668701171875,-0.32208251953125,0.919189453125,0.15313720703125
253,0.9044189453125,-0.06036376953125,-0.1395263671875,-0.3984375,0.69952392578125,0.4437255859375,0.26837158203125,0.4915771484375,-0.0966796875,-0.69952392578125,0.70294189453125,0.08416748046875,0.0545654296875,-0.8450927734375,0.53143310546875,0.01995849609375,0.22076416015625,0.71630859375,-0.66009521484375,-0.048828125,-0.16680908203125,-0.32208251953125,0.919189453125,0.15313720703125
254,0.9044189453125,-0.06036376953125,-0.1395263671875,-0.3984375,0.69952392578125,0.4437255859375,0.26837158203125,0.4915771484375,-0.0966796875,-0.69952392578125,0.70294189453125,0.08416748046875,0.0545654296875,-0.8450927734375,0.53143310546875,0.01995849609375,0.22076416015625,0.71630859375,-0.66009521484375,-0.048828125,-0.16680908203125,-0.32208251953125,0.919189453125,0.15313720703125
255,0.90447998046875,-0.0604248046875,-0.1395263671875,-0.3984375,0.69952392578125,0.44366455078125,0.26837158203125,0.4915771484375,-0.09661865234375,-0.69952392578125,0.70294189453125,0.08416748046875,0.0546875,-0.8450927734375,0.5313720703125,0.01995849609375,0.220703125,0.71630859375,-0.66009521484375,-0.048828125,-0.1668701171875,-0.32208251953125,0.919189453125,0.153076171875
256,0.90447998046875,-0.0604248046875,-0.1395263671875,-0.3984375,0.69952392578125,0.44366455078125,0.26837158203125,0.4915771484375,-0.09661865234375,-0.69952392578125,0.70294189453125,0.08416748046875,0.05467668105926003,-0.84508195449676,0.53138288925324,0.01995849609375,0.220703125,0.71630859375,-0.66009521484375,-0.048828125,-0.16685929824676002,-0.32207170059051005,0.919189453125,0.153076171875
257,0.9044189453125,-0.0604248046875,-0.1395263671875,-0.39849853515625,0.699462890625,0.4437255859375,0.2684326171875,0.49163818359375,-0.09661865234375,-0.6995849609375,0.702880859375,0.084228515625,0.0546875,-0.8450927734375,0.5313720703125,0.01995849609375,0.220703125,0.71636962890625,-0.6600341796875,-0.048828125,-0.16680908203125,-0.3221435546875,0.919189453125,0.153076171875
258,0.9044189453125,-0.0604248046875,-0.1395263671875,-0.39849853515625,0.699462890625,0.4437255859375,0.2684326171875,0.49163818359375,-0.09661865234375,-0.6995849609375,0.702880859375,0.084228515625,0.0546875,-0.8450927734375,0.5313720703125,0.01995849609375,0.220703125,0.71636962890625,-0.6600341796875,-0.048828125,-0.16680908203125,-0.3221435546875,0.919189453125,0.153076171875
259,0.9044189453125,-0.06036376953125,-0.13958740234375,-0.39849853515625,0.6995849609375,0.443603515625,0.26837158203125,0.4915771484375,-0.0966796875,-0.69952392578125,0.70294189453125,0.08416748046875,0.0545654296875,-0.8450927734375,0.53131103515625,0.02001953125,0.22076416015625,0.71630859375,-0.6600341796875,-0.04888916015625,-0.1668701171875,-0.32208251953125,0.919189453125,0.15301513671875
260,0.9044189453125,-0.06036376953125,-0.13958740234375,-0.39849853515625,0.6995849609375,0.443603515625,0.26837158203125,0.4915771484375,-0.0966796875,-0.69952392578125,0.70294189453125,0.08416748046875,0.0545654296875,-0.8450927734375,0.53131103515625,0.02001953125,0.22076416015625,0.71630859375,-0.6600341796875,-0.04888916015625,-0.1668701171875,-0.32208251953125,0.919189453125,0.15301513671875
261,0.9044189453125,-0.060302734375,-0.13958740234375,-0.39849853515625,0.6995849609375,0.443603515625,0.26837158203125,0.4915771484375,-0.09674072265625,-0.6995849609375,0.702880859375,0.084228515625,0.05450439453125,-0.84515380859375,0.53125,0.02008056640625,0.22088623046875,0.71636962890625,-0.65997314453125,-0.04888916015625,-0.1668701171875,-0.3221435546875,0.91912841796875,0.15313720703125
262,0.9044189453125,-0.060302734375,-0.13958740234375,-0.39849853515625,0.6995849609375,0.443603515625,0.26837158203125,0.4915771484375,-0.09674072265625,-0.6995849609375,0.702880859375,0.084228515625,0.05450439453125,-0.84515380859375,0.53125,0.02008056640625,0.22088623046875,0.71636962890625,-0.65997314453125,-0.04888916015625,-0.1668701171875,-0.3221435546875,0.91912841796875,0.15313720703125
263,0.90447998046875,-0.06024169921875,-0.1395263671875,-0.3984375,0.6995849609375,0.44354248046875,0.2684326171875,0.49163818359375,-0.09674072265625,-0.69964599609375,0.70281982421875,0.08416748046875,0.05450439453125,-0.84521484375,0.53118896484375,0.0198974609375,0.22088623046875,0.71636962890625,-0.659912109375,-0.048828125,-0.16680908203125,-0.32220458984375,0.91912841796875,0.153076171875
264,0.90447998046875,-0.06024169921875,-0.1395263671875,-0.3984375,0.6995849609375,0.44354248046875,0.2684326171875,0.49163818359375,-0.09674072265625,-0.69964599609375,0.70281982421875,0.08416748046875,0.05450439453125,-0.84521484375,0.53118896484375,0.019910525318770904,0.22088623046875,0.71636962890625,-0.659912109375,-0.048828125,-0.16680908203125,-0.32220458984375,0.91912841796875,0.153076171875
265,0.90447998046875,-0.0601806640625,-0.13958740234375,-0.3984375,0.69952392578125,0.443603515625,0.2685546875,0.49163818359375,-0.09674072265625,-0.69964599609375,0.70281982421875,0.08416748046875,0.054443359375,-0.84521484375,0.53118896484375,0.01995849609375,0.22088623046875,0.71636962890625,-0.659912109375,-0.048828125,-0.1668701171875,-0.32220458984375,0.91912841796875,0.15301513671875
266,0.90447998046875,-0.0601806640625,-0.13958740234375,-0.3984375,0.69952392578125,0.443603515625,0.2685546875,0.49163818359375,-0.09674072265625,-0.69964599609375,0.70281982421875,0.08416748046875,0.054443359375,-0.84521484375,0.53118896484375,0.01995849609375,0.22088623046875,0.71636962890625,-0.659912109375,-0.048828125,-0.1668701171875,-0.32220458984375,0.91912841796875,0.15301513671875
267,0.90447998046875,-0.060302734375,-0.1395263671875,-0.3984375,0.69964599609375,0.443359375,0.268310546875,0.49176025390625,-0.0965576171875,-0.69970703125,0.70281982421875,0.0841064453125,0.0545654296875,-0.84521484375,0.5311279296875,0.01995849609375,0.2208251953125,0.7164306640625,-0.65985107421875,-0.048828125,-0.1668701171875,-0.322265625,0.91912841796875,0.153076171875
268,0.90447998046875,-0.060302734375,-0.1395263671875,-0.3984375,0.69964599609375,0.443359375,0.268310546875,0.49176025390625,-0.0965576171875,-0.69970703125,0.70281982421875,0.0841064453125,0.0545654296875,-0.8452595484296613,0.5310832250078387,0.020003200773411372,0.2208251953125,0.7164306640625,-0.65985107421875,-0.048828125,-0.1668701171875,-0.322265625,0.91912841796875,0.153076171875
269,0.90447998046875,-0.06024169921875,-0.1396484375,-0.39837646484375,0.69970703125,0.443359375,0.268310546875,0.49169921875,-0.0966796875,-0.69964599609375,0.70281982421875,0.084228515625,0.054443359375,-0.84527587890625,0.5311279296875,0.02008056640625,0.220947265625,0.7164306640625,-0.65985107421875,-0.0489501953125,-0.16693115234375,-0.3221435546875,0.91912841796875,0.15313720703125
270,0.90447998046875,-0.06024169921875,-0.1396484375,-0.39837646484375,0.69970703125,0.443359375,0.268310546875,0.49169921875,-0.0966796875,-0.69964599609375,0.70281982421875,0.084228515625,0.054443359375,-0.84527587890625,0.5310979224367683,0.02008056640625,0.220947265625,0.7164306640625,-0.65985107421875,-0.0489501953125,-0.16693115234375,-0.3221435546875,0.91912841796875,0.15313720703125
271,0.90447998046875,-0.0601806640625,-0.13970947265625,-0.39837646484375,0.69964599609375,0.443359375,0.26837158203125,0.49169921875,-0.09674072265625,-0.69970703125,0.7027587890625,0.08416748046875,0.0543212890625,-0.84527587890625,0.53106689453125,0.02001953125,0.220947265625,0.7164306640625,-0.65985107421875,-0.04888916015625,-0.16693115234375,-0.32220458984375,0.91912841796875,0.15301513671875
272,0.90447998046875,-0.0601806640625,-0.13970947265625,-0.39837646484375,0.69964599609375,0.443359375,0.26837158203125,0.49169921875,-0.09674072265625,-0.69970703125,0.7027587890625,0.08416748046875,0.05433659888430184,-0.84527587890625,0.53106689453125,0.020050150893603676,0.220947265625,0.7164306640625,-0.65985107421875,-0.04888916015625,-0.16693115234375,-0.32220458984375,0.91912841796875,0.15301513671875
273,0.90447998046875,-0.06024169921875,-0.13970947265625,-0.39837646484375,0.69952392578125,0.44354248046875,0.26837158203125,0.49176025390625,-0.0968017578125,-0.69970703125,0.7027587890625,0.0843505859375,0.05438232421875,-0.84527587890625,0.53106689453125,0.02020263671875,0.220947265625,0.7164306640625,-0.65985107421875,-0.0489501953125,-0.1668701171875,-0.32220458984375,0.91912841796875,0.15313720703125
274,0.90447998046875,-0.06024169921875,-0.13970947265625,-0.39837646484375,0.69952392578125,0.44354248046875,0.26837158203125,0.49176025390625,-0.0968017578125,-0.69970703125,0.7027587890625,0.0843505859375,0.05438232421875,-0.84527587890625,0.53106689453125,0.02020263671875,0.220947265625,0.7164306640625,-0.65985107421875,-0.0489501953125,-0.1668701171875,-0.32220458984375,0.91912841796875,0.15313720703125
275,0.90447998046875,-0.06013310154943562,-0.13976377149090718,-0.39837646484375,0.6994696269465928,0.44354248046875,0.26853447853522155,0.4917059550715928,-0.09691035548181437,-0.6997613300846572,0.7027044902278428,0.08424198826818563,0.054328025384092815,-0.84527587890625,0.53106689453125,0.020094039049435623,0.22105586329431437,0.7164306640625,-0.6597967753840928,-0.048895896477842815,-0.16692441602215718,-0.32220458984375,0.91912841796875,0.15302860936193563
276,0.90447998046875,-0.06011962890625,-0.1397705078125,-0.39837646484375,0.699462890625,0.44354248046875,0.2685546875,0.49169921875,-0.096923828125,-0.69976806640625,0.70269775390625,0.084228515625,0.0543212890625,-0.84527587890625,0.53106689453125,0.02008056640625,0.2210693359375,0.7164306640625,-0.6597900390625,-0.04888916015625,-0.16693115234375,-0.32220458984375,0.91912841796875,0.15301513671875
277,0.90447998046875,-0.0601806640625,-0.13970947265625,-0.3983154296875,0.69952392578125,0.44354248046875,0.26849365234375,0.49169921875,-0.09686279296875,-0.69970703125,0.70269775390625,0.08424994937552258,0.05438232421875,-0.84527587890625,0.5311279296875,0.02008056640625,0.22096869937552258,0.7164306640625,-0.65985107421875,-0.048849558750522576,-0.1668701171875,-0.32220458984375,0.919189453125,0.15289306640625
278,0.90447998046875,-0.0601806640625,-0.13970947265625,-0.3983154296875,0.69952392578125,0.44354248046875,0.26849365234375,0.49169921875,-0.09686279296875,-0.69970703125,0.70269775390625,0.084228515625,0.05441457691001254,-0.84527587890625,0.5310956769962375,0.020048313714987463,0.220947265625,0.7164306640625,-0.65985107421875,-0.048828125,-0.1668701171875,-0.32220458984375,0.919189453125,0.15289306640625
279,0.90447998046875,-0.06024169921875,-0.1397705078125,-0.39837646484375,0.699462890625,0.44354248046875,0.26849365234375,0.49169921875,-0.096923828125,-0.69976806640625,0.70269775390625,0.08428955078125,0.054443359375,-0.84527587890625,0.53106689453125,0.02008056640625,0.22100830078125,0.71649169921875,-0.6597900390625,-0.0489501953125,-0.16693115234375,-0.322265625,0.91912841796875,0.1529541015625
280,0.90447998046875,-0.06024169921875,-0.1397705078125,-0.39837646484375,0.699462890625,0.44354248046875,0.26849365234375,0.49169921875,-0.096923828125,-0.69976806640625,0.70269775390625,0.08428955078125,0.05438232421875,-0.8453369140625,0.531005859375,0.02008056640625,0.22100830078125,0.71649169921875,-0.6597900390625,-0.0489501953125,-0.16693115234375,-0.322265625,0.91912841796875,0.1529541015625
281,0.90447998046875,-0.0601806640625,-0.1396484375,-0.39837646484375,0.69964599609375,0.4432373046875,0.2684326171875,0.49176025390625,-0.09686279296875,-0.69976806640625,0.70269775390625,0.0841064453125,0.054443359375,-0.8453369140625,0.531005859375,0.01995849609375,0.22100830078125,0.71649169921875,-0.6597900390625,-0.04876708984375,-0.16693115234375,-0.322265625,0.91912841796875,0.1529541015625
282,0.90447998046875,-0.0601806640625,-0.1396484375,-0.39837646484375,0.69964599609375,0.4432373046875,0.2684326171875,0.49176025390625,-0.09686279296875,-0.69976806640625,0.70269775390625,0.0841064453125,0.0543212890625,-0.84539794921875,0.5308837890625,0.0198974609375,0.22100830078125,0.71649169921875,-0.6597900390625,-0.04876708984375,-0.16693115234375,-0.322265625,0.91912841796875,0.1529541015625
283,0.90447998046875,-0.06005859375,-0.1396484375,-0.3984375,0.6997025403689381,0.443115234375,0.26849365234375,0.49176474478731186,-0.09698037240018813,-0.6998291015625,0.70263671875,0.083984375,0.05426025390625,-0.845458984375,0.53082275390625,0.01983642578125,0.22118242448787626,0.71649169921875,-0.65972900390625,-0.04864501953125,-0.1671142578125,-0.32232666015625,0.9190673828125,0.15289306640625
284,0.90447998046875,-0.06005859375,-0.1396484375,-0.3984375,0.69970703125,0.443115234375,0.26849365234375,0.49176025390625,-0.09698486328125,-0.6998291015625,0.70263671875,0.083984375,0.054161862784803505,-0.8455081799357232,0.5307735583455268,0.019738034659803505,0.22119140625,0.71649169921875,-0.65972900390625,-0.04864501953125,-0.1671142578125,-0.32232666015625,0.9190673828125,0.15289306640625
285,0.90447998046875,-0.05999755859375,-0.13946533203125,-0.3984375,0.69976806640625,0.44301235237249165,0.26843608741377506,0.49184047737249165,-0.09690463981500837,-0.6998291015625,0.70263671875,0.0838623046875,0.05426025390625,-0.84552001953125,0.53076171875,0.01953125,0.22111118278375835,0.7165335460650084,-0.6597063453699833,-0.04848110237249164,-0.1669921875,-0.32232666015625,0.91912841796875,0.15283203125
286,0.90447998046875,-0.05999755859375,-0.13946533203125,-0.3984375,0.69976806640625,0.4429931640625,0.26849365234375,0.4918212890625,-0.096923828125,-0.6998291015625,0.70263671875,0.0838623046875,0.05419921875,-0.84552001953125,0.53070068359375,0.01953125,0.22113037109375,0.716552734375,-0.65966796875,-0.0484619140625,-0.1669921875,-0.32232666015625,0.91912841796875,0.15283203125
287,0.904541015625,-0.0599365234375,-0.13934326171875,-0.39837646484375,0.6998291015625,0.44293212890625,0.26849365234375,0.49176025390625,-0.09688994238607859,-0.6998291015625,0.7026706044889214,0.08376738379232859,0.05426025390625,-0.84552001953125,0.53076171875,0.0194091796875,0.2210964853548286,0.7165188486360786,-0.6597628896451714,-0.04840087890625,-0.16693115234375,-0.3223876953125,0.9190673828125,0.15283203125
288,0.904541015625,-0.0599365234375,-0.13934326171875,-0.39837646484375,0.6998291015625,0.44293212890625,0.26849365234375,0.49176025390625,-0.096923828125,-0.6998291015625,0.70263671875,0.08380126953125,0.05426025390625,-0.84552001953125,0.53070068359375,0.01947021484375,0.22113037109375,0.716552734375,-0.65972900390625,-0.04840087890625,-0.16693115234375,-0.3223876953125,0.9190673828125,0.15283203125
289,0.904541015625,-0.0599365234375,-0.1392822265625,-0.39837646484375,0.6998291015625,0.44293212890625,0.26849365234375,0.49176025390625,-0.09689892414820235,-0.6998415535508988,0.70263671875,0.08381372151964883,0.0543212890625,-0.84552001953125,0.53070068359375,0.0194091796875,0.22104443196070234,0.7165776383517977,-0.6597165519178512,-0.04833984375,-0.1668701171875,-0.322509765625,0.9190673828125,0.15283203125
290,0.904541015625,-0.0599365234375,-0.1392822265625,-0.39837646484375,0.6998291015625,0.44293212890625,0.26849365234375,0.49176025390625,-0.0968017578125,-0.69989013671875,0.70263671875,0.0838623046875,0.05438232421875,-0.84552001953125,0.53070068359375,0.01947021484375,0.220947265625,0.7166748046875,-0.65966796875,-0.04833984375,-0.1668701171875,-0.322509765625,0.9190673828125,0.15283203125
291,0.90460205078125,-0.06005859375,-0.13934326171875,-0.39825439453125,0.6998291015625,0.44305419921875,0.2684326171875,0.49163818359375,-0.09668417838106187,-0.699826856121969,0.70269775390625,0.08410195443143813,0.05438232421875,-0.845458984375,0.53082275390625,0.01959228515625,0.22082968619356186,0.716611524090719,-0.65972900390625,-0.048581738934469064,-0.16680908203125,-0.32244873046875,0.9190673828125,0.15301513671875
292,0.90460205078125,-0.06005859375,-0.13934326171875,-0.39825439453125,0.6998291015625,0.44305419921875,0.2684326171875,0.49163818359375,-0.0966796875,-0.6998291015625,0.70269775390625,0.0841064453125,0.054443359375,-0.845458984375,0.53076171875,0.0196533203125,0.2208251953125,0.71661376953125,-0.65972900390625,-0.048583984375,-0.16680908203125,-0.32244873046875,0.9190673828125,0.15301513671875
293,0.90460205078125,-0.06005859375,-0.139404296875,-0.39825439453125,0.6997409169889214,0.4432916035221572,0.2685377446305393,0.4915499990201714,-0.0966966303694607,-0.69976806640625,0.70269775390625,0.08419462988607859,0.05438232421875,-0.845458984375,0.53082275390625,0.01971435546875,0.2207980458951714,0.7166578618180393,-0.6596849116194607,-0.04867216894857859,-0.166748046875,-0.32244873046875,0.9190673828125,0.15301513671875
294,0.90460205078125,-0.06005859375,-0.139404296875,-0.39825439453125,0.69970703125,0.443359375,0.2685546875,0.49151611328125,-0.0966796875,-0.69976806640625,0.70269775390625,0.084228515625,0.05438232421875,-0.84539794921875,0.5308837890625,0.01983642578125,0.22076416015625,0.7166748046875,-0.65966796875,-0.0487060546875,-0.166748046875,-0.32244873046875,0.9190673828125,0.15301513671875
295,0.904541015625,-0.06011962890625,-0.1395263671875,-0.39825439453125,0.6996166012358904,0.44353798958768814,0.26861572265625,0.49145732356553096,-0.09677011751410954,-0.6997386715483904,0.7026661136078596,0.08443877051107859,0.0543212890625,-0.84539794921875,0.5308837890625,0.01995849609375,0.22082744075303093,0.7166454098296404,-0.6596973636078596,-0.048828125,-0.16668701171875,-0.32244873046875,0.9190673828125,0.15301513671875
296,0.904541015625,-0.06011962890625,-0.1395263671875,-0.39825439453125,0.6995849609375,0.44366455078125,0.26861572265625,0.49139404296875,-0.0968017578125,-0.69970703125,0.70269775390625,0.08453369140625,0.05438232421875,-0.8453369140625,0.531005859375,0.02008056640625,0.22076416015625,0.71661376953125,-0.65972900390625,-0.048828125,-0.16668701171875,-0.32244873046875,0.9190673828125,0.15301513671875
297,0.90447998046875,-0.0601806640625,-0.1396484375,-0.3983154296875,0.6994334957671404,0.4438137705110786,0.2687524903976798,0.4913646481108905,-0.09686279296875,-0.6997533689773202,0.7026514161789298,0.08465351627821907,0.0543212890625,-0.84539794921875,0.53094482421875,0.02020263671875,0.2208251953125,0.7166454098296404,-0.6596973636078596,-0.048979590170359535,-0.166748046875,-0.32244873046875,0.9190673828125,0.153076171875
298,0.90447998046875,-0.0601806640625,-0.1396484375,-0.3983154296875,0.6993408203125,0.444091796875,0.268798828125,0.49127197265625,-0.09686279296875,-0.69970703125,0.70269775390625,0.0848388671875,0.0543212890625,-0.84527587890625,0.53106689453125,0.020263671875,0.2208251953125,0.716552734375,-0.6597900390625,-0.049072265625,-0.166748046875,-0.32244873046875,0.9190673828125,0.153076171875
299,0.9044189453125,-0.06024169921875,-0.1397705078125,-0.3984375,0.69915771484375,0.44439697265625,0.26904296875,0.49114990234375,-0.09698486328125,-0.69970703125,0.70263671875,0.08502197265625,0.05426025390625,-0.8453369140625,0.53094482421875,0.0203857421875,0.220947265625,0.716552734375,-0.65972900390625,-0.0491943359375,-0.16680908203125,-0.3223876953125,0.9190673828125,0.15313720703125
