timestep,imu0_w,imu0_x,imu0_y,imu0_z,imu1_w,imu1_x,imu1_y,imu1_z,imu2_w,imu2_x,imu2_y,imu2_z,imu3_w,imu3_x,imu3_y,imu3_z,imu4_w,imu4_x,imu4_y,imu4_z,imu5_w,imu5_x,imu5_y,imu5_z
0,0.094482421875,-0.4873046875,-0.21917724609375,-0.8399658203125,0.9830322265625,0.05535888671875,0.17236328125,0.02874755859375,0.99810791015625,0.04534912109375,0.0277099609375,0.02911376953125,0.99176025390625,0.0054931640625,-0.03985595703125,0.12109375,0.975830078125,-0.04803466796875,-0.1514892578125,0.14984130859375,0.96588134765625,-0.00958251953125,-0.10821533203125,0.23492431640625
1,0.094482421875,-0.4873046875,-0.21917724609375,-0.8399658203125,0.9830322265625,0.05563752547554348,0.1724190090013587,0.027800186820652172,0.9981636379076086,0.04507048233695652,0.028155782948369564,0.028667947520380436,0.9918717094089674,0.005214525305706522,-0.038797129755434784,0.12070365574048914,0.975997261379076,-0.048257578974184784,-0.15031897503396738,0.14972985309103262,0.96588134765625,-0.009749702785326086,-0.10754659901494565,0.23509149966032608
2,0.09438158118206522,-0.4867500636888587,-0.21897556470788043,-0.8403187627377717,0.9831330672554348,0.05586574388586957,0.1718192722486413,0.027911642323369564,0.9981689453125,0.04524562669836957,0.027593198029891304,0.028827169667119564,0.9918319038722826,0.005389669667119565,-0.03935175356657609,0.12081776494565218,0.9759123429008152,-0.048127547554347824,-0.15086298403532608,0.14976965862771738,0.9657805069633152,-0.009664784307065218,-0.10818879500679347,0.23520826256793478
3,0.0943603515625,-0.48663330078125,-0.21893310546875,-0.84039306640625,0.983154296875,0.05568263841711957,0.17173700747282608,0.027593198029891304,0.9981689453125,0.04506252122961957,0.027285368546195652,0.02873429008152174,0.991866402004076,0.005206564198369565,-0.03948974609375,0.12075938349184782,0.97589111328125,-0.04836638077445652,-0.15095586362092392,0.1497802734375,0.96575927734375,-0.010049571161684782,-0.10833740234375,0.23536483101222827
4,0.09443996263586957,-0.48663330078125,-0.21885349439538043,-0.8404328719429348,0.983154296875,0.05568263841711957,0.17171312415081522,0.027386209239130436,0.9981689453125,0.045022715692934784,0.027142068614130436,0.028606912364130436,0.99188232421875,0.005126953125,-0.03956935716711957,0.12060812245244565,0.97589111328125,-0.048422108525815216,-0.15097974694293478,0.14970066236413043,0.96575927734375,-0.010153065557065218,-0.10841701341711957,0.23533298658288043
5,0.094482421875,-0.48663330078125,-0.21881103515625,-0.8404541015625,0.9831197987432065,0.055345618206521736,0.17193338145380435,0.02737824813179348,0.9982034434442935,0.044767960258152176,0.025788680366847828,0.029012928838315216,0.9918133279551631,0.004747473675271739,-0.03981880519701087,0.12092391304347826,0.9757876188858695,-0.048745860224184784,-0.15117346722146738,0.15003768257472827,0.9656557829483695,-0.010580311650815218,-0.10876995584239131,0.23553201426630435
6,0.09451161260190218,-0.48692520805027173,-0.21854831861413043,-0.8403373386548914,0.9830640709918478,0.05531642747961957,0.17235266644021738,0.027200450067934784,0.99822998046875,0.04478918987771739,0.025042989979619564,0.029124384341032608,0.9918186353600543,0.004689092221467391,-0.03974450152853261,0.12098229449728261,0.9757955799932065,-0.048806895380434784,-0.15107262652853262,0.15009606402853262,0.9656637440557065,-0.010691767153532608,-0.10880445397418478,0.23548424762228262
7,0.09456734035326086,-0.48750636888586957,-0.21809453549592392,-0.8400905443274457,0.9829844599184783,0.05553137737771739,0.17289402173913043,0.026858122452445652,0.99822998046875,0.0450439453125,0.024708623471467392,0.028941278872282608,0.9918584408967391,0.004872197690217391,-0.03948974609375,0.1207275390625,0.9759388799252717,-0.04856010105298913,-0.15069845448369565,0.14972189198369565,0.9658309273097826,-0.01048477836277174,-0.10839047639266304,0.23506230893342392
8,0.0946044921875,-0.4879150390625,-0.21783447265625,-0.83990478515625,0.98291015625,0.055419921875,0.17333984375,0.02667236328125,0.99822998046875,0.0450439453125,0.02374267578125,0.029052734375,0.9918212890625,0.0047607421875,-0.03948974609375,0.1207275390625,0.97601318359375,-0.04852294921875,-0.1505126953125,0.1495361328125,0.9659423828125,-0.01055908203125,-0.10809326171875,0.23480224609375
9,0.0946044921875,-0.48799465013586957,-0.21784774116847827,-0.8398517111073369,0.9828968877377717,0.055380116338315216,0.17344599184782608,0.02669890030570652,0.9982432489809783,0.0450439453125,0.023570185122282608,0.02902619735054348,0.9918345575747283,0.004747473675271739,-0.039476477581521736,0.12070100203804347,0.9760264521059783,-0.04854948624320652,-0.15040654721467392,0.14948305876358695,0.9659556513247283,-0.01055908203125,-0.10807999320652174,0.23470936650815216
10,0.0946044921875,-0.48828125,-0.2178955078125,-0.83966064453125,0.98284912109375,0.05523681640625,0.173828125,0.02679443359375,0.998291015625,0.0450439453125,0.02294921875,0.0289306640625,0.99188232421875,0.00469970703125,-0.0394287109375,0.12060546875,0.97607421875,-0.04864501953125,-0.1500244140625,0.1492919921875,0.96600341796875,-0.01055908203125,-0.1080322265625,0.234375
11,0.09460714588994565,-0.48829982591711957,-0.2178955078125,-0.8396500297214674,0.9828438136888586,0.05522885529891304,0.17384935461956522,0.026786472486413044,0.998291015625,0.04503598420516304,0.02289879840353261,0.028928010360054348,0.99188232421875,0.00468643851902174,-0.039434018342391304,0.12060281504755435,0.9760768724524457,-0.048666249150815216,-0.15000583814538043,0.1492919921875,0.9660087253736414,-0.010580311650815216,-0.10801895805027174,0.23436438519021738
12,0.09466287364130435,-0.48868992017663043,-0.2178955078125,-0.8394271187160326,0.9827323581861414,0.05506167204483696,0.17429517663043478,0.026619289232336956,0.998291015625,0.04486880095108696,0.021839971127717392,0.028872282608695652,0.99188232421875,0.004407799762228261,-0.039545473845108696,0.12054708729619565,0.9761326002038043,-0.049112071161684784,-0.14961574388586957,0.1492919921875,0.9661201808763586,-0.011026133661684782,-0.10774031929347826,0.23414147418478262
13,0.09466552734375,-0.48870849609375,-0.2178955078125,-0.83941650390625,0.98272705078125,0.0550537109375,0.17431640625,0.026611328125,0.998291015625,0.04486083984375,0.02178955078125,0.02886962890625,0.9918292501698369,0.003969938858695652,-0.039763077445652176,0.12080980383831522,0.97613525390625,-0.04913330078125,-0.14959716796875,0.1492919921875,0.96612548828125,-0.01104736328125,-0.10772705078125,0.234130859375
14,0.09461776069972826,-0.4891861625339674,-0.2176566745923913,-0.8392254373301631,0.9826315174932065,0.05514924422554348,0.17484183933423914,0.02670686141304348,0.998291015625,0.04486083984375,0.021264117697010868,0.029156228770380436,0.9918690557065217,0.004192849864130435,-0.03931725543478261,0.12061077615489131,0.9762785538383152,-0.049181067425271736,-0.14864183508831522,0.14914869225543478,0.9662210215692935,-0.010856296705163044,-0.10767928413722826,0.23379649286684784
15,0.0946044921875,-0.48931884765625,-0.21759033203125,-0.83917236328125,0.98260498046875,0.05513332201086957,0.17507271144701086,0.026648479959239132,0.998291015625,0.04486083984375,0.021967348845108696,0.029108462126358696,0.9918398649796195,0.0042724609375,-0.03943932574728261,0.12067181131114131,0.976318359375,-0.04927925441576087,-0.14833400560461957,0.14919380519701086,0.9662050993546195,-0.010845681895380434,-0.10775093410326086,0.23370361328125
16,0.09449303668478261,-0.48928169582201086,-0.21755318019701086,-0.8392095151154891,0.98260498046875,0.055189049762228264,0.17507271144701086,0.026722783627717392,0.998291015625,0.044935143512228264,0.022301715353260868,0.029164189877717392,0.9918212890625,0.004346764605978261,-0.03958793308423913,0.12080184273097826,0.976318359375,-0.04920495074728261,-0.14838973335597827,0.14930526069972827,0.9661865234375,-0.010752802309782608,-0.10782523777173914,0.23377791694972827
17,0.09442138671875,-0.4892578125,-0.217529296875,-0.8392333984375,0.98260498046875,0.055204971976902176,0.175048828125,0.02638045601222826,0.998291015625,0.044919221297554345,0.022882876188858696,0.029076617697010868,0.9918531334918478,0.00439453125,-0.03945259425951087,0.12075407608695653,0.9764457370923914,-0.04922883406929348,-0.1478006114130435,0.14913011633831522,0.9662183678668478,-0.010712996773097826,-0.10746698794157608,0.23382568359375
18,0.09434177564538043,-0.4890189792798913,-0.217529296875,-0.8393660835597826,0.9826580545176631,0.05520231827445652,0.1748099949048913,0.026160198709239132,0.998291015625,0.04491391389266304,0.023198666779891304,0.029063349184782608,0.9918557871942935,0.00439453125,-0.039545473845108696,0.12079918902853261,0.9765094259510869,-0.04928986922554348,-0.1474556300951087,0.14903192934782608,0.9661944845448369,-0.0107421875,-0.10738206946331522,0.23393183169157608
19,0.09411090353260869,-0.48855988875679346,-0.21750806725543478,-0.839644722316576,0.9827482804008152,0.055364194123641304,0.17428721552309784,0.026324728260869564,0.9982697860054348,0.04513151749320652,0.02288818359375,0.029108462126358696,0.9918212890625,0.004543138586956522,-0.03985595703125,0.12086553158967392,0.9764616593070652,-0.04910676375679348,-0.14770242442255435,0.14914869225543478,0.9661042586616848,-0.010593580163043478,-0.10787565811820653,0.23413351307744565
20,0.0938720703125,-0.48828125,-0.21746826171875,-0.83984375,0.9827880859375,0.05560302734375,0.17388916015625,0.0262451171875,0.99822998046875,0.04541015625,0.02288818359375,0.02886962890625,0.9918212890625,0.00482177734375,-0.03985595703125,0.12066650390625,0.97650146484375,-0.048828125,-0.1475830078125,0.14910888671875,0.966064453125,-0.01031494140625,-0.108154296875,0.2342529296875
21,0.09381899626358696,-0.48830247961956524,-0.21748949133831522,-0.8398331351902174,0.9827880859375,0.05559241253396739,0.17388916015625,0.026287576426630436,0.99822998046875,0.045442000679347824,0.022877568783967392,0.028827169667119564,0.9918319038722826,0.004864236582880434,-0.03986657184103261,0.12063465947690218,0.97650146484375,-0.048828125,-0.14759362262228262,0.14909827190896738,0.966064453125,-0.01031494140625,-0.10817552649456522,0.23423170006793478
22,0.09356689453125,-0.4884033203125,-0.21759033203125,-0.83978271484375,0.9827880859375,0.0555419921875,0.17388916015625,0.0264892578125,0.99822998046875,0.04559326171875,0.0228271484375,0.02862548828125,0.99188232421875,0.00506591796875,-0.0399169921875,0.1204833984375,0.97650146484375,-0.048828125,-0.14764404296875,0.1490478515625,0.966064453125,-0.01031494140625,-0.1082763671875,0.234130859375
23,0.09356689453125,-0.4884033203125,-0.21759033203125,-0.83978271484375,0.9827880859375,0.0555419921875,0.17388916015625,0.0264892578125,0.99822998046875,0.04559326171875,0.0228271484375,0.02862548828125,0.99188232421875,0.00506591796875,-0.0399169921875,0.1204833984375,0.97650146484375,-0.048828125,-0.14764404296875,0.1490478515625,0.966064453125,-0.01031494140625,-0.1082763671875,0.234130859375
24,0.09328825577445653,-0.48884914232336957,-0.2175346042798913,-0.8395598038383152,0.9827323581861414,0.05526335343070652,0.1741677989130435,0.026935079823369564,0.99822998046875,0.04559326171875,0.02254850968070652,0.028792671535326088,0.9918265964673914,0.005121645720108696,-0.04008417544157609,0.12059485394021739,0.9764457370923914,-0.048772397248641304,-0.14781122622282608,0.14915930706521738,0.9661201808763586,-0.010203485903532608,-0.10855500594429347,0.23368503736413043
25,0.09326171875,-0.4888916015625,-0.217529296875,-0.83953857421875,0.98272705078125,0.05523681640625,0.1741943359375,0.0269775390625,0.99822998046875,0.04559326171875,0.02252197265625,0.02880859375,0.9918212890625,0.004975692085597826,-0.04060430112092391,0.12055504840353261,0.9764404296875,-0.04876708984375,-0.1478271484375,0.149169921875,0.96612548828125,-0.01019287109375,-0.10858154296875,0.233642578125
26,0.09303615404211957,-0.48902694038722827,-0.21748418393342392,-0.839493461277174,0.98272705078125,0.05528192934782609,0.17414922299592392,0.027203103770380436,0.99822998046875,0.045683487601902176,0.022612198539402172,0.028898819633152172,0.9918212890625,0.005124299422554348,-0.040529997452445655,0.12067977241847826,0.976485542629076,-0.048676863960597824,-0.14769180961277173,0.14912480893342392,0.96612548828125,-0.01005753226902174,-0.10876199473505435,0.23368769106657608
27,0.09295654296875,-0.48907470703125,-0.21746826171875,-0.8394775390625,0.98272705078125,0.0552978515625,0.17413330078125,0.02728271484375,0.99822998046875,0.04555610988451087,0.023121709408967392,0.028691830842391304,0.9918610945991848,0.004988960597826087,-0.04002844769021739,0.12048870584239131,0.97650146484375,-0.04864501953125,-0.14764404296875,0.14910888671875,0.96612548828125,-0.010009765625,-0.10882568359375,0.23370361328125
28,0.09288754670516304,-0.48904020889945654,-0.21746826171875,-0.8395465353260869,0.9827615489130435,0.05547034222146739,0.17406430451766305,0.027179220448369564,0.99822998046875,0.04550568953804348,0.02334196671195652,0.028633449388586956,0.99188232421875,0.004917310631793478,-0.03986391813858696,0.12043032438858696,0.9765704611073369,-0.04881751019021739,-0.14709207286005435,0.1490743885869565,0.9660909901494565,-0.010113260020380434,-0.10879118546195653,0.23380710767663043
29,0.09283447265625,-0.489013671875,-0.21746826171875,-0.839599609375,0.9827880859375,0.05560302734375,0.17401123046875,0.027099609375,0.99822998046875,0.045415463654891304,0.02381167204483696,0.0286865234375,0.99188232421875,0.004856275475543478,-0.03982942000679348,0.12045420771059782,0.97662353515625,-0.0489501953125,-0.14666748046875,0.1490478515625,0.966064453125,-0.01019287109375,-0.1087646484375,0.23388671875
30,0.09283447265625,-0.48896590523097827,-0.21734884510869565,-0.8396473760190217,0.9827880859375,0.055746327275815216,0.17393958050271738,0.02700407608695652,0.99822998046875,0.04538361922554348,0.02425749405570652,0.02863875679347826,0.99188232421875,0.004856275475543479,-0.03982942000679348,0.12037459663722826,0.97662353515625,-0.04904572860054348,-0.1465719471807065,0.14907173488451086,0.9660883364470109,-0.01026452105978261,-0.10883629840353261,0.23376730213994565
31,0.09283447265625,-0.4888916015625,-0.2171630859375,-0.8397216796875,0.9827695100203805,0.056024966032608696,0.17390242866847827,0.02678116508152174,0.99822998046875,0.04538361922554348,0.024406101392663044,0.028583029042119564,0.99188232421875,0.004930579144021739,-0.03984799592391304,0.12037459663722826,0.9766421110733695,-0.049380095108695655,-0.14618185292119565,0.14920176630434784,0.9661069123641305,-0.010524583899456522,-0.10889202615489131,0.23369299847146738
32,0.09282120414402174,-0.4888916015625,-0.2171365489130435,-0.8397216796875,0.98272705078125,0.05617888077445652,0.174072265625,0.02662459663722826,0.99822998046875,0.04507048233695652,0.02508544921875,0.02862548828125,0.99188232421875,0.004787279211956522,-0.03955078125,0.12054443359375,0.9766845703125,-0.04977815047554348,-0.1456298828125,0.14940079398777173,0.966064453125,-0.010837720788043478,-0.1087646484375,0.23393448539402173
33,0.09279732082201086,-0.4889075237771739,-0.2169454823369565,-0.839737601902174,0.9827190896739131,0.056330141813858696,0.17408818783967392,0.026616635529891304,0.99822998046875,0.04517397673233696,0.02492622707201087,0.028601604959239132,0.9918902853260869,0.004866890285326087,-0.03956670346467391,0.12048870584239131,0.9766845703125,-0.049738344938858696,-0.14560599949048914,0.14935302734375,0.966064453125,-0.010774031929347826,-0.10882833729619565,0.23385487432065216
34,0.09295654296875,-0.489013671875,-0.21630859375,-0.83984375,0.982666015625,0.05670166015625,0.1741943359375,0.0262451171875,0.99822998046875,0.04522705078125,0.02386474609375,0.0284423828125,0.9919380519701086,0.004739512567934783,-0.03968346637228261,0.12014372452445653,0.9766845703125,-0.05010986328125,-0.14544677734375,0.14935302734375,0.966064453125,-0.010986328125,-0.1092529296875,0.233642578125
35,0.09295654296875,-0.489013671875,-0.21630859375,-0.83984375,0.982666015625,0.05670166015625,0.1741943359375,0.0262451171875,0.99822998046875,0.04522705078125,0.02386474609375,0.0284423828125,0.9918265964673914,0.004293690557065219,-0.03990637737771739,0.12070100203804347,0.9766845703125,-0.05010986328125,-0.14544677734375,0.14935302734375,0.966064453125,-0.010986328125,-0.1092529296875,0.233642578125
36,0.09285039487092392,-0.48917289402173914,-0.21599014945652173,-0.83984375,0.9826129415760869,0.05717932659646739,0.17435355808423914,0.026032820991847824,0.99822998046875,0.04528012483016304,0.023334005604619564,0.028707753057065216,0.9918743631114131,0.004643979279891305,-0.03981084408967391,0.12062139096467392,0.9767376443614131,-0.049897567085597824,-0.14528755519701086,0.14919380519701086,0.9661175271739131,-0.01082710597826087,-0.10898755944293478,0.23353643002717392
37,0.09283447265625,-0.48919677734375,-0.2159423828125,-0.83984375,0.98260498046875,0.0572509765625,0.17437744140625,0.0260009765625,0.99822998046875,0.0452880859375,0.02325439453125,0.02874755859375,0.99188232421875,0.004747473675271739,-0.03960385529891304,0.12031886888586957,0.97674560546875,-0.04986572265625,-0.145263671875,0.149169921875,0.96612548828125,-0.01080322265625,-0.10894775390625,0.2335205078125
38,0.09287693189538043,-0.4889420219089674,-0.21602730129076086,-0.8399711277173914,0.9826898989470109,0.057420813519021736,0.17399530825407608,0.025746221127717392,0.9982724397078805,0.04524562669836957,0.02325439453125,0.028535262398097824,0.99188232421875,0.00467582370923913,-0.03980553668478261,0.12032417629076086,0.9767880647078805,-0.04990818189538043,-0.14522121263586957,0.1490425441576087,0.96612548828125,-0.010845681895380434,-0.10907513162364131,0.2335205078125
39,0.0928955078125,-0.48883056640625,-0.216064453125,-0.84002685546875,0.98272705078125,0.0574951171875,0.173828125,0.025634765625,0.998291015625,0.04522705078125,0.02325439453125,0.0284423828125,0.9919194760529891,0.004638671875,-0.039694081182065216,0.12017556895380435,0.976806640625,-0.0499267578125,-0.14520263671875,0.14898681640625,0.96612548828125,-0.0108642578125,-0.109130859375,0.2335205078125
40,0.09292735224184782,-0.48879872197690216,-0.21612814198369565,-0.84002685546875,0.98272705078125,0.05739958389945652,0.17385996942934784,0.025602921195652172,0.998291015625,0.04513151749320652,0.02325439453125,0.028378693953804348,0.991943359375,0.004574983016304348,-0.03955078125,0.12008799677309782,0.9767747961956522,-0.05018151324728261,-0.14517079228940216,0.14914603855298914,0.9660936438519022,-0.011087168817934782,-0.10919454823369565,0.2335205078125
41,0.09295654296875,-0.48876953125,-0.2161865234375,-0.84002685546875,0.98272705078125,0.05731201171875,0.17388916015625,0.02557373046875,0.998291015625,0.044831649116847824,0.023015561311141304,0.02847953464673913,0.9919168223505435,0.004383916440217392,-0.03960385529891304,0.12027640964673914,0.97674560546875,-0.0504150390625,-0.1451416015625,0.1492919921875,0.966064453125,-0.01129150390625,-0.1092529296875,0.2335205078125
42,0.09295654296875,-0.4888756793478261,-0.2160591457201087,-0.8399843962296195,0.98272705078125,0.057333241338315216,0.17395284901494565,0.025467582370923916,0.998291015625,0.04466181216032609,0.022789996603260868,0.028601604959239132,0.9919035538383152,0.004317573879076086,-0.03958793308423913,0.12037725033967392,0.9767668350883152,-0.05052118716032609,-0.14497176460597827,0.1492919921875,0.9661069123641305,-0.011355192764945652,-0.10910432235054347,0.23347804857336957
43,0.09295654296875,-0.48907470703125,-0.2158203125,-0.83990478515625,0.98272705078125,0.057373046875,0.174072265625,0.0252685546875,0.998291015625,0.044813073199728264,0.022821841032608696,0.028458305027173912,0.991927437160326,0.004436990489130436,-0.03954016644021739,0.12022598930027174,0.976806640625,-0.05072021484375,-0.1446533203125,0.1492919921875,0.9661865234375,-0.011474609375,-0.10882568359375,0.2333984375
44,0.09295654296875,-0.48910655146059784,-0.21578846807065216,-0.8398941703464674,0.9827164359714674,0.057373046875,0.17411472486413043,0.025247325067934784,0.998291015625,0.044709578804347824,0.022492781929347824,0.028482188349184784,0.99188232421875,0.00421142578125,-0.03991964588994565,0.12035071331521739,0.9768172554347826,-0.05073082965353261,-0.14461086107336957,0.14927076256793478,0.9661971382472826,-0.011474609375,-0.10881506878396739,0.23333474864130435
45,0.09296185037364131,-0.48928434952445654,-0.2156425144361413,-0.839827827785326,0.9826607082201086,0.057367739470108696,0.17433763586956522,0.025119947350543476,0.9982963230298914,0.04484491762907609,0.02255381708559782,0.028370732846467392,0.99188232421875,0.004206118376358695,-0.04019563094429348,0.12028967815896739,0.9768623683763586,-0.05082901664402174,-0.1444091796875,0.1491646144701087,0.9662581734035326,-0.011511761209239132,-0.10875934103260869,0.23300038213315216
46,0.093017578125,-0.48956298828125,-0.2156982421875,-0.83966064453125,0.98260498046875,0.05731201171875,0.174560546875,0.02484130859375,0.99835205078125,0.044677734375,0.0216064453125,0.02825927734375,0.99188232421875,0.004150390625,-0.0399169921875,0.12017822265625,0.976806640625,-0.05133056640625,-0.1444091796875,0.14910888671875,0.96636962890625,-0.01190185546875,-0.10870361328125,0.232666015625
47,0.093017578125,-0.48956298828125,-0.2156982421875,-0.83966064453125,0.98260498046875,0.05731201171875,0.174560546875,0.02484130859375,0.99835205078125,0.044677734375,0.0216064453125,0.02825927734375,0.9918265964673914,0.003816024116847825,-0.041087274966032615,0.12045686141304347,0.976806640625,-0.05133056640625,-0.1444091796875,0.14910888671875,0.96636962890625,-0.01190185546875,-0.10870361328125,0.232666015625
48,0.093017578125,-0.4900671917459239,-0.21559740149456522,-0.8394085427989131,0.9825545601222826,0.057211171025815216,0.1750143299932065,0.025042989979619564,0.99835205078125,0.044576893682065216,0.02039635699728261,0.02861221976902174,0.9918717094089674,0.003935440726902174,-0.04069452700407609,0.12028171705163043,0.9767562202785326,-0.05178434952445652,-0.14445960003396738,0.14920972741168478,0.9664704695991848,-0.012002696161684782,-0.10885487432065218,0.2320609714673913
49,0.093017578125,-0.49017333984375,-0.215576171875,-0.83935546875,0.9825439453125,0.05718994140625,0.17510986328125,0.02508544921875,0.99835205078125,0.0445556640625,0.0201416015625,0.0286865234375,0.9917469853940217,0.003651494565217391,-0.041716202445652176,0.12100617781929347,0.97674560546875,-0.0518798828125,-0.14447021484375,0.14923095703125,0.96649169921875,-0.01202392578125,-0.10888671875,0.23193359375
50,0.09293796705163043,-0.4906510062839674,-0.2153373386548913,-0.839156441066576,0.9824643342391305,0.057070524796195655,0.17558752972146738,0.025364087975543476,0.99835205078125,0.0445556640625,0.020499851392663044,0.028965162194293476,0.9917390242866848,0.003818677819293477,-0.04167639690896739,0.12107782778532608,0.97674560546875,-0.051840077275815216,-0.14478865913722827,0.14919115149456522,0.9665315047554348,-0.012103536854619564,-0.10932457965353261,0.23157534391983695
51,0.0928955078125,-0.49090576171875,-0.2152099609375,-0.83905029296875,0.982421875,0.0570068359375,0.17584228515625,0.0255126953125,0.99835205078125,0.0445556640625,0.02069091796875,0.02911376953125,0.9916912576426631,0.003760296365489131,-0.04227082625679347,0.12121316661005435,0.97674560546875,-0.05181884765625,-0.14495849609375,0.149169921875,0.966552734375,-0.01214599609375,-0.10955810546875,0.23138427734375
52,0.09274955417798914,-0.49131443189538043,-0.21500562584918478,-0.8388751486073369,0.9823634935461957,0.05691926375679348,0.17619257387907608,0.025629458220108696,0.99835205078125,0.04464323624320652,0.020165484884510868,0.029142960258152172,0.99163818359375,0.003484311311141304,-0.04314124065896739,0.12134054432744565,0.97674560546875,-0.052023182744565216,-0.14481254245923914,0.1490823496942935,0.9666694972826086,-0.01229194972826087,-0.10935377038043478,0.23100479789402173
53,0.09259033203125,-0.49176025390625,-0.21478271484375,-0.83868408203125,0.9822998046875,0.05682373046875,0.17657470703125,0.0257568359375,0.99835205078125,0.04473876953125,0.01959228515625,0.0291748046875,0.99163818359375,0.00335693359375,-0.04339599609375,0.12127685546875,0.97674560546875,-0.05224609375,-0.1446533203125,0.14898681640625,0.966796875,-0.012451171875,-0.109130859375,0.2305908203125
54,0.09249745244565218,-0.49211319633152173,-0.21452265200407608,-0.8385540506114131,0.9822255010190217,0.05684230638586957,0.1768904976222826,0.025812563688858696,0.99835205078125,0.04485022503396739,0.019499405570652176,0.029137652853260868,0.9916753354279891,0.003542692764945651,-0.04311735733695652,0.12110967221467392,0.9768013332201086,-0.05213463824728261,-0.1445047129755435,0.14887536090353262,0.9668711786684783,-0.012265412703804348,-0.10907513162364131,0.23034933338994565
55,0.09228515625,-0.492919921875,-0.21392822265625,-0.8382568359375,0.9820556640625,0.056884765625,0.1776123046875,0.02593994140625,0.99835205078125,0.04502536939538043,0.019154424252717392,0.02907927139945652,0.99176025390625,0.00396728515625,-0.04248046875,0.1207275390625,0.9769287109375,-0.0518798828125,-0.1441650390625,0.14862060546875,0.967041015625,-0.0118408203125,-0.10894775390625,0.22979736328125
56,0.09222942849864131,-0.4929836107336957,-0.21386453379755435,-0.838240913722826,0.9820477029551631,0.05689272673233696,0.17769191576086957,0.02593994140625,0.99835205078125,0.04482634171195652,0.01874044667119565,0.0291748046875,0.99176025390625,0.004007090692934781,-0.04247250764266304,0.12073550016983696,0.9769287109375,-0.051848038383152176,-0.14411727241847827,0.14865244989809784,0.967041015625,-0.011824898097826088,-0.10892387058423914,0.22978940217391305
57,0.09185260275135869,-0.4934055494225543,-0.21342932659646738,-0.8381400730298914,0.98199462890625,0.05695641559103261,0.1782173488451087,0.025942595108695652,0.99835205078125,0.04541015625,0.019159731657608696,0.029169497282608696,0.9917576002038043,0.00428572944972826,-0.042424740998641304,0.12078857421875,0.9769287109375,-0.05162512737771739,-0.1438041355298913,0.14886209239130435,0.967041015625,-0.011708135190217392,-0.10877260954483696,0.22973367442255435
58,0.09174114724864131,-0.4933498216711957,-0.21320641559103262,-0.8382515285326086,0.98199462890625,0.05717932659646739,0.1781058933423913,0.025998322860054348,0.99835205078125,0.04541015625,0.019048276154891304,0.029058041779891304,0.9917018724524457,0.00456436820652174,-0.042536196501358696,0.12078857421875,0.9769287109375,-0.05140221637228261,-0.1439155910326087,0.14880636463994565,0.967041015625,-0.011485224184782608,-0.10893979279891304,0.22967794667119565
59,0.09173583984375,-0.49334716796875,-0.21319580078125,-0.8382568359375,0.98199462890625,0.056924571161684784,0.17799443783967392,0.025682532269021736,0.99835205078125,0.04541015625,0.01904296875,0.029052734375,0.991805366847826,0.004365340523097825,-0.04185154127038043,0.12052320397418478,0.9770879330842391,-0.05181619395380435,-0.14296556555706522,0.14875063688858695,0.967041015625,-0.011580757472826088,-0.10873545771059782,0.22978144106657608
60,0.09149700662364131,-0.4931083347486413,-0.2131002674932065,-0.8384479025135869,0.9820423955502717,0.05726689877717391,0.17764414911684784,0.025443699048913044,0.9983042841372283,0.045457922894021736,0.019711701766304348,0.029052734375,0.9917735224184783,0.004524562669836957,-0.04203464673913043,0.12067446501358696,0.9771595830502717,-0.05159328294836957,-0.14263119904891305,0.14859937584918478,0.967041015625,-0.011310079823369564,-0.10860807999320653,0.22984512992527173
61,0.0914306640625,-0.4930419921875,-0.21307373046875,-0.8385009765625,0.9820556640625,0.057373046875,0.17755126953125,0.025390625,0.998291015625,0.04547119140625,0.0198974609375,0.029052734375,0.9918027131453805,0.004535177479619565,-0.04168966542119565,0.12038786514945653,0.9771728515625,-0.051513671875,-0.142578125,0.1485595703125,0.967041015625,-0.01123046875,-0.10858154296875,0.2298583984375
62,0.09135636039402174,-0.49289338485054346,-0.21299942680027173,-0.8386124320652174,0.9820928158967391,0.057595957880434784,0.17725405485733695,0.025390625,0.998291015625,0.04561979874320652,0.019525942595108696,0.028866975203804348,0.9918212890625,0.004628057065217391,-0.041689665421195655,0.12031356148097826,0.9771728515625,-0.051439368206521736,-0.14276388417119565,0.1484109629755435,0.967041015625,-0.01130477241847826,-0.10861869480298914,0.22982124660326086
63,0.09130859375,-0.4927978515625,-0.21295166015625,-0.83868408203125,0.98211669921875,0.0577392578125,0.17706298828125,0.025390625,0.998291015625,0.04571533203125,0.019287109375,0.02874755859375,0.9918212890625,0.00469970703125,-0.04206383746603261,0.12029763926630435,0.9771728515625,-0.0513916015625,-0.14288330078125,0.1483154296875,0.967041015625,-0.0113525390625,-0.108642578125,0.22979736328125
64,0.09128205672554347,-0.4927978515625,-0.2129781971807065,-0.83868408203125,0.9821432362432065,0.0577392578125,0.1770364512567935,0.02541716202445652,0.9983175526494565,0.04568879500679348,0.019074813179347828,0.02877409561820652,0.9918212890625,0.004673170006793478,-0.04221775220788043,0.12026579483695653,0.9771463145380435,-0.05147121263586957,-0.14293637483016305,0.14847465183423914,0.9670144786005435,-0.011379076086956522,-0.10872218919836957,0.2298239003057065
65,0.09124755859375,-0.4927978515625,-0.2130126953125,-0.83868408203125,0.982177734375,0.0577392578125,0.177001953125,0.02545166015625,0.99835205078125,0.045654296875,0.018798828125,0.02880859375,0.9918212890625,0.004638671875,-0.0421142578125,0.12030029296875,0.97711181640625,-0.05157470703125,-0.14300537109375,0.148681640625,0.96697998046875,-0.01141357421875,-0.10882568359375,0.2298583984375
66,0.09123163637907608,-0.4927819293478261,-0.21294900645380435,-0.8387159264605978,0.982161812160326,0.057866635529891304,0.17698603091032608,0.02540389351222826,0.998336128566576,0.04573390794836957,0.018862516983695652,0.028792671535326088,0.9918212890625,0.004718282948369564,-0.04205056895380435,0.12026844853940218,0.9771436608355978,-0.05151101817255435,-0.14284614894701086,0.14863387398097827,0.96697998046875,-0.01130211871603261,-0.10879383916440218,0.22989024286684784
67,0.0911865234375,-0.49273681640625,-0.2127685546875,-0.83880615234375,0.98211669921875,0.0582275390625,0.17694091796875,0.0252685546875,0.998291015625,0.04595947265625,0.019287109374999993,0.028705099354619568,0.9918212890625,0.00494384765625,-0.0418701171875,0.12017822265625,0.97723388671875,-0.05133056640625,-0.14239501953125,0.14849853515625,0.96697998046875,-0.010986328125,-0.10870361328125,0.22998046875
68,0.09119183084239131,-0.492683742357337,-0.21274732506793478,-0.8388379967730978,0.9821220066236414,0.05830184273097826,0.17690376613451086,0.02521548063858696,0.998291015625,0.04597539487092391,0.02038308848505435,0.02850341796875,0.9918265964673914,0.004965077275815216,-0.04185419497282609,0.12015699303668478,0.9772391941236414,-0.05131464419157609,-0.14236317510190216,0.1484932277513587,0.9669693656589674,-0.010975713315217392,-0.10870892068614131,0.23002823539402173
69,0.09124755859375,-0.49212646484375,-0.2125244140625,-0.83917236328125,0.982177734375,0.05908203124999999,0.176513671875,0.024658203125000003,0.998291015625,0.046142578125,0.019714355468750007,0.02850341796875,0.99188232421875,0.005187988281249998,-0.04168701171875,0.11993408203125,0.977294921875,-0.0511474609375,-0.14202880859375,0.1484375,0.96685791015625,-0.010864257812500002,-0.1087646484375,0.23052978515625
70,0.09147046959918478,-0.49162491508152173,-0.2124686863111413,-0.8394510020380435,0.9822891898777174,0.059026303498641304,0.17590066661005435,0.024602475373641304,0.998291015625,0.04603112262228261,0.01993726647418478,0.028447690217391304,0.9918265964673914,0.005076532778532609,-0.04230001698369565,0.11982262652853261,0.9772391941236414,-0.05125891644021739,-0.14264181385869565,0.14832604449728262,0.9668021824048914,-0.011087168817934782,-0.10932192595108696,0.2304740574048913
71,0.09149169921875,-0.4915771484375,-0.21246337890625,-0.8394775390625,0.9822493843410326,0.05932351817255435,0.17609438688858695,0.02429464588994565,0.998291015625,0.0460205078125,0.01995849609375,0.0284423828125,0.9918212890625,0.005015497622282608,-0.04205587635869565,0.12011453379755435,0.9771834663722826,-0.05131995159646739,-0.14254893427309784,0.14866837211277173,0.9667464546535326,-0.011158818783967392,-0.10932457965353261,0.23072085173233695
72,0.09153681216032608,-0.4915320354959239,-0.21228292713994565,-0.8395677649456522,0.98223876953125,0.05956765879755435,0.17605723505434784,0.024140731148097824,0.998291015625,0.0460205078125,0.01995849609375,0.028487495754076088,0.9918212890625,0.005140221637228261,-0.042082413383152176,0.12008799677309782,0.9771728515625,-0.051195227581521736,-0.14265242866847827,0.14860733695652173,0.96673583984375,-0.011079207710597826,-0.10949441661005435,0.23068369989809784
73,0.091552734375,-0.49151611328125,-0.21221923828125,-0.839599609375,0.98223876953125,0.059671153192934784,0.176025390625,0.024069081182065216,0.998291015625,0.0460205078125,0.01995849609375,0.02850341796875,0.9918212890625,0.005068571671195652,-0.042353091032608696,0.12013576341711957,0.9771728515625,-0.05134648862092391,-0.14258077870244565,0.14863918138586957,0.96673583984375,-0.011206585427989132,-0.10947849439538043,0.23065185546875
74,0.09158723250679347,-0.4916886039402174,-0.21194325322690216,-0.8395306131114131,0.9822042713994565,0.059968367866847824,0.17616338315217392,0.023875360903532608,0.998291015625,0.04619299847146739,0.01975150730298913,0.028434421705163044,0.9918212890625,0.005246369735054348,-0.04237697435461957,0.11993673573369565,0.9772418478260869,-0.05124564792798913,-0.14237909731657608,0.14844015370244565,0.9668048361073369,-0.01108451511548913,-0.10933254076086957,0.23044486667798914
75,0.09161376953125,-0.4918212890625,-0.21173095703125,-0.8394775390625,0.982177734375,0.060122282608695655,0.17629872197690216,0.023888629415760868,0.998291015625,0.04632568359375,0.01959228515625,0.02838134765625,0.9918212890625,0.005373747452445652,-0.042326554008152176,0.11989693019701086,0.9772657311480978,-0.051115616508152176,-0.1423897121263587,0.14831277598505435,0.9668287194293478,-0.010954483695652174,-0.10948645550271739,0.23025645380434784
76,0.09161376953125,-0.49191682235054346,-0.21170707370923914,-0.8394536557404891,0.9821538510529891,0.06008247707201087,0.17647386633831522,0.0240478515625,0.998291015625,0.04632568359375,0.019711701766304348,0.028405230978260868,0.9918212890625,0.00526229194972826,-0.04219121518342391,0.12008003566576086,0.97723388671875,-0.05117134425951087,-0.14237378991168478,0.14844811480978262,0.9668207583220109,-0.01096244480298913,-0.10966956097146739,0.23020072605298914
77,0.09161376953125,-0.4920654296875,-0.211669921875,-0.83941650390625,0.98211669921875,0.06011962890625,0.17669677734375,0.0240478515625,0.998291015625,0.04632568359375,0.0198974609375,0.0284423828125,0.9918212890625,0.00518798828125,-0.04193115234375,0.1201171875,0.97723388671875,-0.05120849609375,-0.14215087890625,0.1485595703125,0.96685791015625,-0.01092529296875,-0.10955810546875,0.23016357421875
78,0.09161376953125,-0.49203889266304346,-0.2116964588994565,-0.83941650390625,0.98211669921875,0.06017270295516304,0.1766702403192935,0.02403458305027174,0.998291015625,0.046312415081521736,0.01992399796195652,0.0284423828125,0.9918212890625,0.00520125679347826,-0.041891346807065216,0.12009065047554347,0.9772471552309783,-0.051195227581521736,-0.14209780485733695,0.14854630180027173,0.96685791015625,-0.010885487432065218,-0.10958464249320653,0.23016357421875
79,0.09161376953125,-0.491943359375,-0.2117919921875,-0.83941650390625,0.98211669921875,0.06036376953125,0.17657470703125,0.02398681640625,0.998291015625,0.0462646484375,0.02001953125,0.0284423828125,0.9918212890625,0.0052490234375,-0.041748046875,0.1199951171875,0.977294921875,-0.0511474609375,-0.14190673828125,0.14849853515625,0.96685791015625,-0.0107421875,-0.10968017578125,0.23016357421875
80,0.09161111582880435,-0.4919327445652174,-0.21179995329483695,-0.8394218113111414,0.9821193529211957,0.06037438434103261,0.17655878481657608,0.023984162703804348,0.998291015625,0.0462646484375,0.02005933678668478,0.028439729110054348,0.9918239427649457,0.0052490234375,-0.041734778362771736,0.11998980978260869,0.9772975755774457,-0.051150114639945655,-0.14189081606657608,0.14849588145380435,0.9668552564538043,-0.010747494904891304,-0.10966425356657608,0.23017684273097827
81,0.09155538807744565,-0.4917098335597826,-0.21196713654891305,-0.8395332668138586,0.9821750806725543,0.06059729534646739,0.17622441830842392,0.023928434952445652,0.998291015625,0.0462646484375,0.02089525305706522,0.028384001358695652,0.9918796705163043,0.0052490234375,-0.041456139605978264,0.11987835427989131,0.9773533033288043,-0.051205842391304345,-0.14155644955842392,0.14844015370244565,0.9667995287024457,-0.010858950407608696,-0.10932988705842392,0.23045548148777173
82,0.091552734375,-0.49169921875,-0.21197509765625,-0.83953857421875,0.982177734375,0.06060791015625,0.17620849609375,0.02392578125,0.998291015625,0.04631772248641304,0.021147354789402172,0.027903681216032615,0.99188232421875,0.0052490234375,-0.04144287109375,0.119873046875,0.97735595703125,-0.05120849609375,-0.14154052734375,0.1484375,0.966796875,-0.0108642578125,-0.10931396484375,0.23046875
83,0.09140943444293478,-0.4914603855298913,-0.21216616423233695,-0.8396818741508152,0.9822255010190217,0.06060791015625,0.17573082965353262,0.02397354789402174,0.998291015625,0.04623015030570652,0.020988132642663044,0.028118631114130432,0.99188232421875,0.005105723505434784,-0.04187277088994565,0.119873046875,0.97735595703125,-0.051351796025815216,-0.1416360606317935,0.14838973335597827,0.9667491083559783,-0.011150857676630432,-0.10926619819972826,0.23065981657608695
84,0.0912422511888587,-0.49143650220788043,-0.21217677904211957,-0.8396792204483695,0.98223876953125,0.06069282863451087,0.17568306300951086,0.024071734884510868,0.998291015625,0.046330990998641304,0.02063784391983696,0.028155782948369564,0.9918398649796195,0.005193295686141303,-0.04194972826086957,0.11991550611413043,0.97735595703125,-0.051264223845108696,-0.14162013841711957,0.14841892408288043,0.96673583984375,-0.011145550271739132,-0.10921047044836957,0.23079780910326086
85,0.0911865234375,-0.491455078125,-0.212158203125,-0.83966064453125,0.9822759213654891,0.06072998046875,0.1755716075067935,0.02418319038722826,0.998291015625,0.04638671875,0.0205078125,0.02813720703125,0.9918212890625,0.00521187160326087,-0.04207975968070652,0.11989693019701086,0.97735595703125,-0.05131995159646739,-0.1416015625,0.14836319633152173,0.9667729916779891,-0.01107124660326087,-0.10926619819972826,0.23061204993206522
86,0.0910591457201087,-0.4913913892663043,-0.21219004755434784,-0.8397243333899457,0.9822998046875,0.060761824898097824,0.17541238536005435,0.02439017917798913,0.998291015625,0.046418563179347824,0.020762567934782605,0.028200895889945652,0.9918212890625,0.005219832710597825,-0.04223898182744565,0.12003226902173912,0.9773241126019022,-0.05132791270380435,-0.14166525135869565,0.1484428074048913,0.9667650305706522,-0.011015518851902174,-0.10937765370244565,0.2305961277173913
87,0.0909423828125,-0.4913330078125,-0.21221923828125,-0.83978271484375,0.9822998046875,0.06095023777173913,0.1753274668817935,0.024456521739130436,0.998291015625,0.04644775390625,0.02099609375,0.02825927734375,0.9918478260869565,0.005275560461956521,-0.04195238196331523,0.11999246348505435,0.9773745329483695,-0.05121645720108696,-0.14137865149456522,0.14840034816576086,0.9667623768682065,-0.010906717051630438,-0.10927681300951088,0.230712890625
88,0.09092115319293478,-0.4912056300951087,-0.21221923828125,-0.8398464037024457,0.9823210343070652,0.0611572265625,0.1751655910326087,0.02441671620244565,0.9982697860054348,0.04644775390625,0.02118716032608695,0.02819558848505435,0.9919035538383152,0.00531005859375,-0.04139775815217392,0.11968728770380435,0.9774567977241848,-0.0511474609375,-0.1410575534986413,0.14823581861413043,0.9667756453804348,-0.010824452275815216,-0.1091972019361413,0.23077657948369565
89,0.09088134765625,-0.490966796875,-0.21221923828125,-0.8399658203125,0.982344917629076,0.06125275985054347,0.17494268002717392,0.024456521739130436,0.99822998046875,0.04644775390625,0.02154541015625,0.028076171875,0.991943359375,0.00531005859375,-0.04119873046875,0.11956787109375,0.9774488366168478,-0.051179305366847824,-0.14112124235733697,0.1483154296875,0.96673583984375,-0.0108642578125,-0.10932457965353261,0.23092784052309784
90,0.09088134765625,-0.49092433763586957,-0.21218739385190216,-0.8399976647418478,0.9823104194972826,0.06156589673913044,0.17495594853940216,0.024177882982336953,0.99822998046875,0.04645836871603261,0.021598484205163047,0.028044327445652172,0.991943359375,0.005320673403532609,-0.04116688603940217,0.11954664147418478,0.9775496773097826,-0.05130137567934783,-0.14051885190217392,0.14832604449728262,0.9667146102241848,-0.0108642578125,-0.10903001868206522,0.23107114045516305
91,0.09088134765625,-0.49072265625,-0.2120361328125,-0.84014892578125,0.98236083984375,0.061767578125,0.1748046875,0.02392578125,0.99822998046875,0.0465087890625,0.0218505859375,0.02789306640625,0.991943359375,0.00537109375,-0.041015625,0.11944580078125,0.97760009765625,-0.05145263671875,-0.1400146484375,0.14837646484375,0.96661376953125,-0.0108642578125,-0.109130859375,0.2313232421875
92,0.09088134765625,-0.49072265625,-0.2120361328125,-0.84014892578125,0.98236083984375,0.061767578125,0.1748046875,0.02392578125,0.99822998046875,0.0465087890625,0.0218505859375,0.02789306640625,0.991943359375,0.00537109375,-0.041015625,0.11944580078125,0.97760009765625,-0.05145263671875,-0.1400146484375,0.14837646484375,0.96661376953125,-0.0108642578125,-0.109130859375,0.2313232421875
93,0.09093707540760869,-0.49049974524456524,-0.21181322180706522,-0.840316109035326,0.98236083984375,0.06215767238451087,0.17469323199728262,0.02353568699048913,0.99822998046875,0.046453061311141304,0.02240786345108696,0.02789306640625,0.991943359375,0.005315365998641304,-0.040792713994565216,0.11955725628396739,0.9774886421535326,-0.051508364470108696,-0.14018183169157608,0.1486551036005435,0.9665580417798914,-0.011198624320652176,-0.10901940387228261,0.23171333644701086
94,0.0909423828125,-0.490478515625,-0.2117919921875,-0.84033203125,0.98236083984375,0.06219482421875,0.1746826171875,0.02349853515625,0.99822998046875,0.04644775390625,0.0224609375,0.02789306640625,0.991943359375,0.00531005859375,-0.040771484375,0.11956787109375,0.97747802734375,-0.051513671875,-0.14019775390625,0.148681640625,0.966552734375,-0.01123046875,-0.1090087890625,0.23175048828125
95,0.0909423828125,-0.49025295091711957,-0.2114310886548913,-0.8405575959578805,0.982405952785326,0.0625557277513587,0.17436682659646738,0.02318274456521739,0.99822998046875,0.04662820567255435,0.022731615149456524,0.027802840523097824,0.991943359375,0.005625849184782612,-0.040771484375,0.11943253226902174,0.9775682532269022,-0.05128810716711956,-0.14006241508152173,0.1484109629755435,0.966552734375,-0.0108695652173913,-0.10914412788722826,0.23175048828125
96,0.09090257727581522,-0.48989470108695654,-0.21110468325407608,-0.8408760402513586,0.9824616805366848,0.06288213315217392,0.17389712126358695,0.023150900135869564,0.9981901749320652,0.046811311141304345,0.023503842561141304,0.027691385020380436,0.991943359375,0.005896526834239131,-0.041169539741847824,0.11942457116168478,0.9775602921195652,-0.05104927394701087,-0.14037289826766305,0.1483154296875,0.9664731233016305,-0.010622770889945652,-0.10958994989809782,0.23175048828125
97,0.09088134765625,-0.48974609375,-0.21099853515625,-0.84100341796875,0.98248291015625,0.06309177564538043,0.17356806216032608,0.02281387992527174,0.9981689453125,0.046875,0.02386474609375,0.02764892578125,0.991943359375,0.006015943444293478,-0.04100235648777174,0.11934230638586957,0.9776080587635869,-0.05099885360054348,-0.14011548913043478,0.1483499278192935,0.9664306640625,-0.010524583899456522,-0.10956075917119565,0.23199197520380435
98,0.09085215692934782,-0.4895125679347826,-0.21094015370244565,-0.8411493716032609,0.9825412916100543,0.06322976817255435,0.17319919752038043,0.02260954483695652,0.9981689453125,0.046904190726902176,0.024273416270380436,0.027619735054347828,0.991943359375,0.006071671195652174,-0.04097316576086957,0.11932107676630435,0.9776027513586957,-0.050967009171195655,-0.14003322435461957,0.14840565557065216,0.9663722826086957,-0.010468856148097826,-0.10966690726902174,0.23223611582880435
99,0.0908203125,-0.4892578125,-0.21087646484375,-0.84130859375,0.9825810971467391,0.06343675696331522,0.1730081309442935,0.02256177819293478,0.9981689453125,0.04693603515625,0.02471923828125,0.027587890625,0.991943359375,0.00612739894701087,-0.04104481572690217,0.11936088230298914,0.9775390625,-0.05087943699048913,-0.14039147418478262,0.14846138332201086,0.9663324770720109,-0.01041312839673913,-0.10993758491847826,0.23227592136548914
100,0.0908203125,-0.4892020847486413,-0.2108207370923913,-0.8413643215013586,0.9825625212296195,0.06371539572010869,0.17306385869565216,0.0223388671875,0.9981689453125,0.046880307404891304,0.024570630944293476,0.027587890625,0.991943359375,0.006071671195652173,-0.04071044921875,0.11934230638586957,0.9775204865828805,-0.050786557404891304,-0.14057723335597827,0.14847995923913043,0.9663510529891305,-0.010357400645380434,-0.10995616083559782,0.23222019361413043
101,0.0908203125,-0.48907470703125,-0.210693359375,-0.84149169921875,0.9826182489809783,0.06382950492527174,0.17274541440217392,0.022232719089673916,0.9981689453125,0.0467529296875,0.02423095703125,0.027587890625,0.991943359375,0.005859375,-0.04071044921875,0.119384765625,0.97747802734375,-0.05079186480978261,-0.14066745923913043,0.14847730553668478,0.9662953252377717,-0.010394552479619562,-0.11012865149456522,0.23223080842391305
102,0.09081235139266304,-0.48909859035326086,-0.21064559273097827,-0.84149169921875,0.982666015625,0.06382950492527174,0.17237920346467392,0.021834663722826088,0.9981769064198369,0.046784774116847824,0.024135423743206524,0.027579929517663044,0.991943359375,0.005899180536684781,-0.040758215862771736,0.11935292119565218,0.9774859884510869,-0.051221764605978264,-0.14037289826766305,0.14859672214673914,0.9662555197010869,-0.010633385699728262,-0.10997739045516304,0.23239799167798914
103,0.09075927734375,-0.4892578125,-0.2103271484375,-0.84149169921875,0.9826633619225543,0.06415856402853261,0.17249331266983695,0.021744437839673912,0.99822998046875,0.0469970703125,0.02349853515625,0.02752685546875,0.991943359375,0.00616455078125,-0.04107666015625,0.119140625,0.9775390625,-0.0509033203125,-0.14033574643342392,0.14842953889266305,0.96630859375,-0.01031494140625,-0.10994554602581522,0.23222815472146738
104,0.09075927734375,-0.4892578125,-0.2103271484375,-0.84149169921875,0.9826076341711957,0.06438147503396739,0.17266049592391305,0.022078804347826088,0.99822998046875,0.0469970703125,0.02349853515625,0.02752685546875,0.991943359375,0.00616455078125,-0.04107666015625,0.119140625,0.9775390625,-0.0509033203125,-0.14067011294157608,0.14826235563858695,0.96630859375,-0.01031494140625,-0.11039136803668478,0.23200524371603262
105,0.09060005519701086,-0.4892578125,-0.21043329653532608,-0.8414386251698369,0.98260498046875,0.06444516389266304,0.17256230893342392,0.022200874660326088,0.9981769064198369,0.04705014436141304,0.02392312754755435,0.027473781419836956,0.9919964334239131,0.006217624830163044,-0.040864363960597824,0.119140625,0.9775921365489131,-0.051115616508152176,-0.14015529466711957,0.14814824643342392,0.966414741847826,-0.010527237601902176,-0.10982878311820651,0.23199462890625
106,0.09043287194293478,-0.48916227921195654,-0.21078358525815216,-0.8414306640625,0.98260498046875,0.06421429177989131,0.17254638671875,0.022455630095108692,0.9982167119565217,0.04662820567255435,0.02346138332201087,0.0274658203125,0.9919566278872283,0.005986752717391306,-0.04083251953125,0.11942722486413043,0.9775523310122283,-0.05133852751358695,-0.14007568359375,0.14841892408288043,0.9663351307744565,-0.010750148607336956,-0.10969344429347826,0.23232899541440216
107,0.09039306640625,-0.4891357421875,-0.21087646484375,-0.8414306640625,0.9826898989470109,0.06397811226222826,0.17207933508831522,0.02213983950407609,0.99822998046875,0.0465087890625,0.0233154296875,0.0274658203125,0.9919858186141305,0.005665654721467394,-0.04074760105298913,0.11925208050271739,0.9775390625,-0.05168881623641304,-0.13999076511548914,0.14841361667798914,0.9663510529891305,-0.01110043733016304,-0.10959525730298914,0.23225203804347827
108,0.09035591457201086,-0.48928434952445654,-0.21069070567255435,-0.8413935122282609,0.98272705078125,0.06408956776494565,0.1720236073369565,0.02189835258152174,0.9982671323029891,0.046583092730978264,0.02212657099184783,0.02731721297554348,0.99200439453125,0.005739958389945651,-0.04059899371603261,0.11902916949728261,0.9775762143342391,-0.05163308848505435,-0.13987930961277173,0.14826500934103262,0.9664067807404891,-0.011044709578804348,-0.10948380180027174,0.23206627887228262
109,0.09033203125,-0.4893798828125,-0.2105712890625,-0.84136962890625,0.98272705078125,0.06395422894021739,0.172119140625,0.022009808084239132,0.998291015625,0.046630859375,0.0213623046875,0.0272216796875,0.99200439453125,0.00570015285326087,-0.04078209918478261,0.11889383067255435,0.9775682532269022,-0.05160920516304348,-0.14008629840353262,0.14812967051630435,0.9664625084918478,-0.011020826256793478,-0.10978632387907608,0.23177171790081522
110,0.09022588315217392,-0.48967179008152173,-0.21067743716032608,-0.8411838697350543,0.9826739767323369,0.06366762907608696,0.1724906589673913,0.02218229874320652,0.998291015625,0.04652471127717391,0.021282693614130436,0.027327827785326084,0.99200439453125,0.005474588145380436,-0.04106869904891304,0.11896813434103261,0.9775921365489131,-0.05167024031929348,-0.13997484290081522,0.14817743716032608,0.96649169921875,-0.011055324388586958,-0.1097359035326087,0.23164699388586957
111,0.090087890625,-0.49005126953125,-0.2108154296875,-0.8409423828125,0.9826262100883152,0.06332264775815218,0.17286748471467392,0.022322944972826084,0.998291015625,0.04638671875,0.02117919921875,0.0274658203125,0.99200439453125,0.00537109375,-0.0411376953125,0.119140625,0.9776186735733695,-0.05167820142663043,-0.1397811226222826,0.14823051120923914,0.9665341584578805,-0.011007557744565216,-0.10946522588315216,0.23151696246603262
112,0.09007196841032608,-0.4901627250339674,-0.21089504076086957,-0.8408627717391305,0.982650093410326,0.06274148692255435,0.17281175696331522,0.02252197265625,0.998291015625,0.04632302989130435,0.020908521569293487,0.027481742527173912,0.991988472316576,0.005291482676630438,-0.04132876188858695,0.11917246942934782,0.977554984714674,-0.051805579144021736,-0.14011548913043478,0.14810313349184784,0.966629691745924,-0.011079207710597824,-0.10971998131793478,0.23109502377717392
113,0.09002685546875,-0.490478515625,-0.21112060546875,-0.84063720703125,0.9826155952785326,0.06249734629755435,0.17316469938858695,0.02259627632472826,0.998291015625,0.046142578125,0.0201416015625,0.02752685546875,0.991943359375,0.00506591796875,-0.0418701171875,0.1192626953125,0.9775894828464674,-0.05195153277853261,-0.13981562075407608,0.14817212975543478,0.9666748046875,-0.011180048403532608,-0.10938826851222826,0.23107644786005435
114,0.09002685546875,-0.490531589673913,-0.21113652768342392,-0.8406053626019022,0.9826554008152174,0.06218420940896739,0.17297097911005435,0.022933296535326088,0.998291015625,0.04615319293478261,0.02011506453804348,0.02752685546875,0.991943359375,0.005076532778532608,-0.0418701171875,0.11925208050271739,0.9775496773097826,-0.052007260529891304,-0.14025613536005435,0.1480712890625,0.9666854194972826,-0.01123046875,-0.10967752207880435,0.23077392578125
115,0.09002685546875,-0.4910888671875,-0.2113037109375,-0.84027099609375,0.9825439453125,0.06207275390625,0.173583984375,0.022766113281250003,0.998291015625,0.0462646484375,0.019836425781250003,0.02752685546875,0.991943359375,0.005187988281249998,-0.0418701171875,0.119140625,0.9776611328125,-0.05206298828125,-0.13958740234375,0.1480712890625,0.966796875,-0.01123046875,-0.10900878906250001,0.23077392578125
116,0.09002685546875,-0.4910888671875,-0.2113037109375,-0.84027099609375,0.9825439453125,0.06223993716032609,0.17341680112092392,0.02332339079483696,0.998291015625,0.0462646484375,0.01983642578125,0.02752685546875,0.991943359375,0.00518798828125,-0.0418701171875,0.119140625,0.9776611328125,-0.051728621773097824,-0.13958740234375,0.14790410580842392,0.9668526027513586,-0.010673191236413042,-0.10923170006793478,0.23038383152173914
117,0.09007727581521739,-0.4910888671875,-0.21170707370923914,-0.8401197350543478,0.9825439453125,0.06220543902853261,0.17345129925271738,0.023527725883152176,0.998291015625,0.046163807744565216,0.020340629245923916,0.027627696161684784,0.991943359375,0.00518798828125,-0.041466754415760865,0.119140625,0.9777619735054348,-0.05174719769021739,-0.1389823581861413,0.14808986497961957,0.9668074898097826,-0.010569696841032608,-0.10910166864809782,0.23049794072690216
118,0.09026834239130435,-0.49095352836277173,-0.21224312160326086,-0.840042777683424,0.982589058254076,0.06169858186141304,0.17337168817934784,0.023604683254076088,0.998291015625,0.04587190047554347,0.02098813264266305,0.027603812839673912,0.991943359375,0.004691745923913038,-0.04142694887907609,0.11927596382472826,0.9776929772418478,-0.05225405485733696,-0.13890009341032608,0.14831277598505435,0.966796875,-0.011055324388586961,-0.10906982421875,0.23071023692255435
119,0.09033203125,-0.49090576171875,-0.21240234375,-0.84002685546875,0.98260498046875,0.06188168733016304,0.17330003821331522,0.023700216542119564,0.998291015625,0.0457763671875,0.02117919921875,0.027587890625,0.991943359375,0.004715629245923913,-0.04124384341032609,0.11924411939538043,0.9777009383491848,-0.05234958814538043,-0.13887621008831522,0.14841627038043478,0.9667570694633152,-0.011190663213315218,-0.10895040760869565,0.23089334239130435
120,0.09047002377717392,-0.4910437542459239,-0.21233334748641305,-0.8399578592051631,0.9825704823369565,0.06207275390625,0.17338230298913043,0.023570185122282608,0.998291015625,0.04598335597826087,0.021075704823369564,0.027484396229619564,0.991943359375,0.004994268002717391,-0.041379182235054345,0.11927065641983696,0.9777566661005435,-0.05230712890625,-0.13871698794157608,0.14826500934103262,0.9668048361073369,-0.011203931725543478,-0.10874872622282608,0.23078454059103262
121,0.090576171875,-0.49114990234375,-0.2122802734375,-0.83990478515625,0.9825439453125,0.062189516813858696,0.17349110478940216,0.02381697944972826,0.998291015625,0.046142578125,0.02099609375,0.02740478515625,0.991943359375,0.005126953125,-0.04156494140625,0.11932373046875,0.9776956309442935,-0.05207360309103261,-0.1391654636548913,0.1482490871263587,0.9668287194293478,-0.010967752207880434,-0.10916801120923914,0.2305350925611413
122,0.09064782184103261,-0.4912693189538043,-0.2123758067255435,-0.8398092518682065,0.9825200619904891,0.06222136124320652,0.17366624915081522,0.02413542374320652,0.998291015625,0.046190344769021736,0.02099609375,0.027571968410326088,0.9919194760529891,0.00517471976902174,-0.04158882472826087,0.11944314707880435,0.9776239809782609,-0.05191438094429348,-0.13960332455842392,0.14835258152173914,0.9668207583220109,-0.01077668563179348,-0.1095740276834239,0.23038383152173914
123,0.09075927734375,-0.491455078125,-0.2125244140625,-0.83966064453125,0.98248291015625,0.06223993716032609,0.1738334324048913,0.02411684782608696,0.998291015625,0.0462646484375,0.02099609375,0.02783203125,0.99188232421875,0.0052490234375,-0.0416259765625,0.11962890625,0.9776797087296195,-0.051840077275815216,-0.13932468580163043,0.1482597019361413,0.9668764860733695,-0.010665230129076083,-0.10929538892663043,0.23027237601902173
124,0.09081235139266304,-0.4913223930027174,-0.2126969047214674,-0.8396871815557065,0.9825094471807065,0.062436311141304345,0.17359990658967392,0.024467136548913044,0.998291015625,0.04623811141304348,0.020929751188858692,0.02784529976222826,0.99188232421875,0.005235754925271739,-0.04167905061141305,0.11960236922554347,0.9776823624320652,-0.0515030570652174,-0.13937510614809784,0.14822520380434784,0.9668924082880435,-0.010269828464673917,-0.10931927224864131,0.23019541864809784
125,0.09100341796875,-0.4908447265625,-0.21331787109375,-0.83978271484375,0.98260498046875,0.0618949558423913,0.17317796790081522,0.02461839758831522,0.998291015625,0.046142578125,0.02069091796875,0.02789306640625,0.99188232421875,0.00518798828125,-0.0418701171875,0.1195068359375,0.9775709069293478,-0.05202849014945653,-0.13960597826086957,0.1484719981317935,0.966812797214674,-0.010882833729619568,-0.10944664996603261,0.23050590183423914
126,0.09100872537364131,-0.49080757472826086,-0.21334706182065216,-0.8397959833559783,0.9826129415760869,0.06271229619565218,0.17288075322690216,0.024368949558423912,0.998291015625,0.046142578125,0.020701532778532608,0.027874490489130436,0.9918849779211957,0.005182680876358696,-0.04185950237771739,0.11949091372282608,0.9777752420176631,-0.051420792289402176,-0.1389505137567935,0.14790941321331522,0.9669109842051631,-0.010227369225543478,-0.10873015030570653,0.23036790930706522
127,0.09112018087635869,-0.49002738620923914,-0.21396006708559784,-0.8400746221127717,0.9827801248301631,0.062043563179347824,0.17221202021059784,0.024703316066576088,0.998291015625,0.046142578125,0.020924443783967392,0.027484396229619564,0.9919407056725543,0.005071225373641304,-0.04163659137228261,0.11915654721467392,0.9776080587635869,-0.052033797554347824,-0.1396749745244565,0.14835523522418478,0.9667438009510869,-0.010951829993206524,-0.10928742781929347,0.23081373131793478
128,0.09112548828125,-0.489990234375,-0.2139892578125,-0.840087890625,0.9827880859375,0.06259553328804349,0.17202095363451086,0.02445386803668478,0.998291015625,0.046142578125,0.02093505859375,0.0274658203125,0.991943359375,0.00506591796875,-0.0416259765625,0.119140625,0.977706245754076,-0.051744543987771736,-0.13928488026494565,0.14811109459918478,0.9667889138926631,-0.010614809782608694,-0.10910166864809782,0.23062266474184784
129,0.09126878821331522,-0.489799167798913,-0.21437139096467392,-0.840087890625,0.9828358525815217,0.06225320567255435,0.17185377038043478,0.0244140625,0.9983387822690217,0.04580821161684783,0.021126125169836956,0.027322520380434784,0.991943359375,0.00468378481657609,-0.041578209918478264,0.119140625,0.9776744013247283,-0.05207891049592391,-0.1393167246942935,0.14821458899456522,0.9667491083559783,-0.010988981827445649,-0.10916535750679347,0.23073412024456522
130,0.0914359714673913,-0.4904679008152174,-0.2143501613451087,-0.8396632982336957,0.9827217433763586,0.06204887058423913,0.1725782311480978,0.024456521739130436,0.99835205078125,0.045587954313858696,0.021221658457880436,0.027325174082880436,0.991943359375,0.004450259001358697,-0.04156494140625,0.11931046195652174,0.9777035920516305,-0.052354895550271736,-0.13891866932744565,0.14816947605298914,0.9668632175611414,-0.011150857676630434,-0.1090645168138587,0.23030687415081522
131,0.09149169921875,-0.49078369140625,-0.21429443359375,-0.8394775390625,0.982666015625,0.06201171875,0.17291259765625,0.02447509765625,0.99835205078125,0.0455322265625,0.021240234375,0.02734375,0.991943359375,0.00439453125,-0.04156494140625,0.119384765625,0.97772216796875,-0.05242919921875,-0.13873291015625,0.14813232421875,0.9669189453125,-0.01116943359375,-0.1090087890625,0.2301025390625
132,0.09165092136548914,-0.49151611328125,-0.21410336701766305,-0.839095405910326,0.9825067934782609,0.06172511888586957,0.17386793053668478,0.024666164232336956,0.9983202063519022,0.0455322265625,0.021622367527173912,0.027375594429347828,0.991943359375,0.004458220108695652,-0.04118280825407609,0.11944845448369565,0.9777540123980978,-0.05242919921875,-0.13866922129755435,0.14813232421875,0.9670144786005435,-0.011073900305706522,-0.1090087890625,0.22968856148097827
133,0.091796875,-0.4921875,-0.21392822265625,-0.8387451171875,0.9823077657948369,0.06127664317255435,0.17503555961277173,0.02523936396059782,0.998291015625,0.0455322265625,0.02197265625,0.02740478515625,0.991943359375,0.0045166015625,-0.04083251953125,0.1195068359375,0.977783203125,-0.05242919921875,-0.13861083984375,0.14813232421875,0.96710205078125,-0.010986328125,-0.1090087890625,0.22930908203125
134,0.09198794157608695,-0.4924422554347826,-0.2138008449388587,-0.8385965098505435,0.9821963102921195,0.06109884510869565,0.17562733525815216,0.025459621263586966,0.998291015625,0.04546853770380435,0.022015115489130432,0.027426014775815216,0.991943359375,0.00445291270380435,-0.0407051418138587,0.1195068359375,0.9777619735054348,-0.05247165845788043,-0.13865329908288043,0.14811109459918478,0.9671232804008152,-0.011007557744565216,-0.10915739639945651,0.2291604746942935
135,0.09234619140625,-0.492919921875,-0.21356201171875,-0.83831787109375,0.9820848547894022,0.061170495074728264,0.17621645720108695,0.024934188179347824,0.998291015625,0.04534912109375,0.0220947265625,0.0274658203125,0.991943359375,0.00433349609375,-0.04046630859375,0.1195068359375,0.9776903235394022,-0.05261495838994565,-0.13868514351222827,0.14829420006793478,0.9671153192934783,-0.011063285495923912,-0.10954749065896739,0.22904105808423914
136,0.09240988026494565,-0.4929305366847826,-0.2134664784307065,-0.8383284859035326,0.98199462890625,0.06109884510869565,0.17673658288043478,0.024939495584239132,0.998291015625,0.045317276664402176,0.02227517832880434,0.027455205502717392,0.9919539741847826,0.004312266474184783,-0.040296471637228264,0.1195068359375,0.9776213272758152,-0.05275295091711957,-0.13857103430706522,0.14881963315217392,0.9670012100883152,-0.011076554008152176,-0.10989512567934782,0.22938603940217392
137,0.09271240234375,-0.49298095703125,-0.2130126953125,-0.83837890625,0.9819840140964674,0.061422596807065216,0.17669412364130435,0.02447244395380435,0.998291015625,0.045166015625,0.02313232421875,0.02740478515625,0.99200439453125,0.00421142578125,-0.03948974609375,0.1195068359375,0.97772216796875,-0.05257780655570652,-0.13859226392663043,0.14837911854619565,0.967086128566576,-0.010946522588315216,-0.10999862007472826,0.22896675441576086
138,0.09271240234375,-0.49298095703125,-0.2130126953125,-0.83837890625,0.98187255859375,0.06164550781249999,0.17730712890625,0.02380371093750001,0.998291015625,0.045166015625,0.02313232421875,0.02740478515625,0.99200439453125,0.00421142578125,-0.03948974609375,0.1195068359375,0.97772216796875,-0.05285644531249999,-0.13775634765625,0.1490478515625,0.9669189453125,-0.011169433593749997,-0.10949707031250001,0.22985839843749997
139,0.09293531334918478,-0.49253513502038043,-0.21223250679347827,-0.8388247282608695,0.9819840140964674,0.06225851307744564,0.17652694038722827,0.023525072180706527,0.998291015625,0.045221743376358696,0.023410962975543473,0.027126146399456527,0.9920601222826086,0.0044343367866847795,-0.03926683508831522,0.11928392493206522,0.97772216796875,-0.052466351052989135,-0.13853653617527173,0.14849057404891305,0.9669746730638586,-0.010835067085597831,-0.11033298658288042,0.22941257642663043
140,0.09295654296875,-0.49249267578125,-0.212158203125,-0.8388671875,0.9819442085597826,0.062417735224184784,0.17675515879755435,0.02279265030570653,0.998291015625,0.04522705078125,0.0234375,0.027099609375,0.9920654296875,0.00445556640625,-0.03924560546875,0.1192626953125,0.97772216796875,-0.052731721297554345,-0.1381570567255435,0.14874002207880435,0.9668791397758152,-0.011105744735054345,-0.11021091627038043,0.22987432065217392
141,0.09291143002717392,-0.4921317722486413,-0.21157173488451086,-0.8392280910326086,0.9820238196331522,0.06302543308423914,0.17627749235733695,0.02264404296875,0.998291015625,0.04540750254755435,0.023572838824728264,0.027054496433423912,0.9920654296875,0.004681131114130438,-0.039380944293478264,0.11917246942934782,0.977677055027174,-0.05234428074048913,-0.13864799167798914,0.14857814622961957,0.966812797214674,-0.010763417119565213,-0.11080003821331523,0.22975490404211957
142,0.0926566745923913,-0.491646144701087,-0.21096669072690216,-0.8396739130434783,0.9820556640625,0.0637100883152174,0.1758077870244565,0.022325598675271733,0.998291015625,0.04547119140625,0.024138077445652183,0.026998768682065216,0.9920654296875,0.004840353260869567,-0.039269488790760865,0.11918043053668478,0.9776611328125,-0.052145253057065216,-0.13885498046875,0.14865775730298914,0.9667172639266305,-0.010659922724184784,-0.11106275475543478,0.23007334833559784
143,0.092529296875,-0.491455078125,-0.21075439453125,-0.83984375,0.9820556640625,0.06396484375,0.1756591796875,0.02215576171875,0.998291015625,0.04547119140625,0.0244140625,0.0269775390625,0.9920654296875,0.0048828125,-0.0391845703125,0.11920166015625,0.9776611328125,-0.0521240234375,-0.13885498046875,0.14874267578125,0.9666748046875,-0.01068115234375,-0.111083984375,0.23028564453125
144,0.09229577105978261,-0.49107559867527173,-0.21043329653532608,-0.840194038722826,0.9821432362432065,0.06440270465353261,0.17516293733016305,0.02177628226902174,0.9982618248980978,0.045587954313858696,0.02470596976902174,0.026831585427989132,0.9920654296875,0.00502876613451087,-0.03903861667798913,0.11908489724864131,0.9776611328125,-0.052065641983695655,-0.1387382175611413,0.14874267578125,0.9665872325067935,-0.01053519870923913,-0.11122993800951086,0.23051917034646738
145,0.092041015625,-0.49066162109375,-0.2100830078125,-0.840576171875,0.98223876953125,0.06488037109375,0.17462158203125,0.0213623046875,0.99822998046875,0.04571533203125,0.0250244140625,0.02667236328125,0.9920654296875,0.00518798828125,-0.03887939453125,0.11895751953125,0.9776611328125,-0.052001953125,-0.13861083984375,0.14874267578125,0.96649169921875,-0.0103759765625,-0.11138916015625,0.23077392578125
146,0.09183668053668478,-0.4904758619225543,-0.20999012822690216,-0.8407247792119565,0.9822759213654891,0.06508470618206522,0.17430579144021738,0.02123227326766304,0.99822998046875,0.04580821161684783,0.024838654891304345,0.026616635529891304,0.9920654296875,0.005280867866847828,-0.03899085003396739,0.1189017917798913,0.9776797087296195,-0.052001953125,-0.1385551120923913,0.14876125169836957,0.9664731233016305,-0.010394552479619566,-0.11137058423913043,0.23086680536684784
147,0.09136962890625,-0.49005126953125,-0.20977783203125,-0.841064453125,0.9823873768682065,0.06556502632472826,0.17345129925271738,0.02078910495923913,0.99822998046875,0.0460205078125,0.0244140625,0.0264892578125,0.9920654296875,0.0054931640625,-0.03924560546875,0.1187744140625,0.9777619735054348,-0.05209483271059783,-0.13828178074048914,0.14864448879076086,0.9664704695991848,-0.010516622792119568,-0.11118217136548912,0.23097295346467392
148,0.09127409561820653,-0.4899796195652174,-0.20980171535326086,-0.8411122197690217,0.9824908712635869,0.06562871518342392,0.1729179050611413,0.020383088485054345,0.99822998046875,0.0460205078125,0.02445386803668478,0.026481296705163044,0.9920654296875,0.005501125169836956,-0.03926152768342391,0.11876645295516304,0.9778813901154891,-0.052397354789402176,-0.1378279976222826,0.14817478345788043,0.9665819251019022,-0.010779339334239132,-0.11072838824728261,0.23069431470788043
149,0.09063720703125,-0.489501953125,-0.2099609375,-0.8414306640625,0.9825519064198369,0.06573486328125,0.17250392747961957,0.02114204738451087,0.99822998046875,0.0460205078125,0.02471923828125,0.02642822265625,0.9920654296875,0.00555419921875,-0.03936767578125,0.11871337890625,0.9777301290760869,-0.05221159561820652,-0.13827647333559784,0.14882494055706522,0.9663828974184783,-0.010638693104619564,-0.11116624915081522,0.2313497792119565
150,0.09063720703125,-0.489501953125,-0.2099609375,-0.8414306640625,0.9827190896739131,0.06573486328125,0.17161228345788043,0.02036185886548913,0.99822998046875,0.0460205078125,0.02471923828125,0.02642822265625,0.9920654296875,0.00555419921875,-0.03936767578125,0.11871337890625,0.9778973123301631,-0.05276887313179348,-0.13766346807065216,0.14798902428668478,0.9666615361752717,-0.011028787364130436,-0.11033033288043478,0.2306253184442935
151,0.08989417034646739,-0.48918350883152173,-0.21027938179347827,-0.8415898862092391,0.98272705078125,0.06568178923233696,0.17146367612092392,0.021226965862771743,0.9982830545176631,0.04596743376358696,0.024347719938858692,0.02616285241168478,0.9921185037364131,0.005501125169836956,-0.03931460173233696,0.11860723080842392,0.9777460512907609,-0.052583113960597824,-0.13784657353940216,0.14874532948369565,0.9664625084918478,-0.010888141134510868,-0.11050282353940218,0.23138693104619565
152,0.08978271484375,-0.4891357421875,-0.2103271484375,-0.84161376953125,0.9828703507133152,0.06553052819293478,0.17077902088994565,0.02131453804347826,0.998291015625,0.04595947265625,0.0242919921875,0.026123046875,0.9921742314877717,0.005349864130434781,-0.03987984035326087,0.11792257557744565,0.9778177012567935,-0.052981169327445655,-0.13802171790081522,0.14819601307744565,0.9666217306385869,-0.011389690896739135,-0.11034360139266304,0.23069431470788043
153,0.0891882854959239,-0.48934803838315216,-0.21058190387228262,-0.8414863918138586,0.9828252377717391,0.06549072265625,0.17097539487092392,0.02185323963994566,0.998291015625,0.04600193189538043,0.02390985903532608,0.02603812839673913,0.9921450407608695,0.005437436311141306,-0.03965692934782608,0.11828878651494566,0.9778017790421195,-0.052888289741847824,-0.1377218495244565,0.14856222401494565,0.9665898862092391,-0.011323348335597823,-0.10995085343070651,0.23102072010869565
154,0.08833379330842392,-0.48966382897418476,-0.21102772588315216,-0.8412820567255435,0.9828252377717391,0.06500774881114131,0.17091966711956522,0.02265200407608695,0.998291015625,0.04594620414402174,0.02396558678668478,0.02603812839673913,0.99212646484375,0.00541886039402174,-0.03893246858016305,0.11849312160326086,0.9778575067934783,-0.05294401749320652,-0.1368302055027174,0.14884086277173914,0.9665898862092391,-0.01119331691576087,-0.10935642408288045,0.23129935886548914
155,0.08795166015625,-0.48980712890625,-0.21124267578125,-0.8411865234375,0.98284912109375,0.064697265625,0.1707763671875,0.02301025390625,0.998291015625,0.0458984375,0.02410888671875,0.02606201171875,0.99212646484375,0.00537109375,-0.03857421875,0.11846923828125,0.9779052734375,-0.05303955078125,-0.1363525390625,0.14886474609375,0.96661376953125,-0.01116943359375,-0.10906982421875,0.2313232421875
156,0.08768628991168478,-0.48988673997961957,-0.21129574983016305,-0.8411599864130435,0.9828756581182065,0.06472380264945653,0.17061714504076086,0.023169476052989125,0.998291015625,0.04600458559782608,0.023976201596467395,0.025902789572010875,0.9921795388926631,0.005503778872282605,-0.03828231148097827,0.11823040506114131,0.978011421535326,-0.05311916185461956,-0.13582179857336957,0.14870552394701086,0.9666933806046195,-0.01114289656929348,-0.10872484290081523,0.2311905570652174
157,0.08734130859375,-0.489990234375,-0.21136474609375,-0.84112548828125,0.98291015625,0.06475830078125,0.17041015625,0.02337646484375,0.998291015625,0.046142578125,0.0238037109375,0.02569580078125,0.99224853515625,0.00567626953125,-0.03790283203125,0.117919921875,0.9781494140625,-0.05322265625,-0.1351318359375,0.14849853515625,0.966796875,-0.0111083984375,-0.1082763671875,0.23101806640625
158,0.08727761973505435,-0.4900539232336957,-0.21139659052309784,-0.8410936438519022,0.98291015625,0.06472645635190218,0.17041015625,0.023519764775815213,0.998291015625,0.046174422554347824,0.023580799932065223,0.025679878566576088,0.992232612941576,0.00567626953125,-0.03809389860733695,0.11799953294836957,0.9781175696331522,-0.053270422894021736,-0.13529105808423914,0.14851445737092392,0.966812797214674,-0.011188009510869562,-0.10830821161684782,0.23093845533288043
159,0.08709716796875,-0.490234375,-0.21148681640625,-0.84100341796875,0.98291015625,0.06463623046875,0.17041015625,0.02392578125,0.998291015625,0.0462646484375,0.02294921875,0.025634765625,0.9921875,0.00567626953125,-0.03863525390625,0.11822509765625,0.97802734375,-0.05340576171875,-0.1357421875,0.1485595703125,0.96685791015625,-0.01141357421875,-0.1083984375,0.230712890625
160,0.08709186056385869,-0.4902237601902174,-0.21148681640625,-0.8410087253736414,0.9829154636548914,0.06461500084918478,0.17039954144021738,0.023941703464673912,0.998291015625,0.046259341032608696,0.02297575577445652,0.025634765625,0.9921875,0.005670962126358696,-0.03859810207201087,0.11821448284646739,0.9780326511548914,-0.053400454313858696,-0.13571034307065216,0.1485648777173913,0.9668526027513586,-0.011397652004076088,-0.10841966711956522,0.230712890625
161,0.0870361328125,-0.4901123046875,-0.21148681640625,-0.841064453125,0.98297119140625,0.06439208984375,0.1702880859375,0.02410888671875,0.998291015625,0.04620361328125,0.02325439453125,0.025634765625,0.9921875,0.005615234375,-0.0382080078125,0.11810302734375,0.97808837890625,-0.0533447265625,-0.1353759765625,0.14862060546875,0.966796875,-0.01123046875,-0.108642578125,0.230712890625
162,0.0870361328125,-0.4901123046875,-0.21148681640625,-0.841064453125,0.9829154636548914,0.06483791185461957,0.1702880859375,0.02332869819972826,0.998291015625,0.04620361328125,0.02325439453125,0.025634765625,0.9922432277513586,0.005726689877717392,-0.03709345278532608,0.11804729959239131,0.9781998344089674,-0.0533447265625,-0.1343728770380435,0.14878778872282608,0.966796875,-0.011063285495923912,-0.10808530061141304,0.23121444038722827
163,0.08718739385190218,-0.4895072605298913,-0.21123471467391305,-0.8414678158967391,0.9830614172894022,0.06503163213315218,0.16953178074048914,0.02325439453125,0.998291015625,0.04615319293478261,0.02416196076766305,0.025433084239130432,0.99224853515625,0.005787725033967392,-0.03774360988451087,0.11794115149456522,0.9781096085258152,-0.05329430621603261,-0.13503364894701086,0.14865244989809784,0.9666960343070652,-0.011097783627717392,-0.10883895210597827,0.23116136633831522
164,0.08721923828125,-0.48924454398777173,-0.21109141474184784,-0.8416429602581522,0.98309326171875,0.06519881538722826,0.16932744565217392,0.02280326511548914,0.998291015625,0.045962126358695655,0.02412746263586957,0.025345512058423916,0.99224853515625,0.005753226902173914,-0.03763215438179349,0.117919921875,0.97808837890625,-0.05355436905570651,-0.13496730638586957,0.1488912831182065,0.966629691745924,-0.011288850203804345,-0.10891856317934782,0.2314559273097826
165,0.08721923828125,-0.48919677734375,-0.2110595703125,-0.8416748046875,0.98309326171875,0.06524658203125,0.1693115234375,0.02264404296875,0.998291015625,0.0458984375,0.0240478515625,0.02532958984375,0.99224853515625,0.0057373046875,-0.03753662109375,0.117919921875,0.97808837890625,-0.05364990234375,-0.1348876953125,0.14898681640625,0.96661376953125,-0.0113525390625,-0.10888671875,0.2315673828125
166,0.0870812457540761,-0.48954175866168476,-0.21092157778532608,-0.8415023140285326,0.98309326171875,0.0651085895040761,0.1693460215692935,0.022609544836956524,0.998291015625,0.04600193189538043,0.024151345957880432,0.025260593580163044,0.9922830332880435,0.005806300951086954,-0.03719163977581523,0.117919921875,0.9781228770380435,-0.05364990234375,-0.13471520465353262,0.1489523182744565,0.9666827657948369,-0.011214546535326091,-0.10885222061820653,0.2312913977581522
167,0.08697509765625,-0.48980712890625,-0.2108154296875,-0.84136962890625,0.98309326171875,0.06500244140625,0.16937255859375,0.0225830078125,0.998291015625,0.04608154296875,0.02423095703125,0.02520751953125,0.9923095703125,0.005859375,-0.03692626953125,0.117919921875,0.9781494140625,-0.05364990234375,-0.13458251953125,0.14892578125,0.96673583984375,-0.0111083984375,-0.10882568359375,0.2310791015625
168,0.08687956436820653,-0.49006984544836957,-0.21083931300951086,-0.8412263289741848,0.9830454950747283,0.06485914147418478,0.16973080842391303,0.02277407438858695,0.998291015625,0.04610542629076087,0.024183190387228264,0.025279169497282608,0.9922856869904891,0.005931024966032606,-0.03695015285326087,0.11796768851902174,0.9781732973845109,-0.05372155230978261,-0.1342720363451087,0.14892578125,0.9667597231657609,-0.011156165081521738,-0.10865850033967392,0.2309835682744565
169,0.08673095703125,-0.490478515625,-0.21087646484375,-0.84100341796875,0.98297119140625,0.06463623046875,0.1702880859375,0.0230712890625,0.998291015625,0.046142578125,0.02410888671875,0.025390625,0.99224853515625,0.00604248046875,-0.0369873046875,0.1180419921875,0.97821044921875,-0.0538330078125,-0.1337890625,0.14892578125,0.966796875,-0.01123046875,-0.1083984375,0.2308349609375
170,0.0866646144701087,-0.4905846637228261,-0.21088973335597827,-0.8409503439198369,0.9829446543817935,0.06454335088315218,0.17044730808423914,0.023203974184782605,0.998291015625,0.046155846637228264,0.024201766304347824,0.02541716202445652,0.9922618036684783,0.00604248046875,-0.036788277004076095,0.11801545516304347,0.9782369862432065,-0.05385954483695652,-0.13357676630434784,0.14893904976222827,0.9668366805366848,-0.011177394701086958,-0.10831882642663043,0.2307686183763587
171,0.08642578125,-0.490966796875,-0.2109375,-0.84075927734375,0.98284912109375,0.064208984375,0.1710205078125,0.023681640625,0.998291015625,0.04620361328125,0.0245361328125,0.0255126953125,0.9923095703125,0.00604248046875,-0.03607177734375,0.117919921875,0.97833251953125,-0.053955078125,-0.1328125,0.14898681640625,0.96697998046875,-0.010986328125,-0.1080322265625,0.23052978515625
172,0.08641251273777174,-0.49095352836277173,-0.21092423148777173,-0.8407725458559783,0.98284912109375,0.06422756029211957,0.1710098930027174,0.023665718410326088,0.998291015625,0.046208920686141304,0.02452286430027174,0.025504734205163044,0.9923122240149457,0.006053095278532608,-0.03602931810461957,0.11790930706521739,0.9783351732336957,-0.05394446331521739,-0.13279923148777173,0.1489921238111413,0.9669746730638586,-0.01097305961277174,-0.1080481487771739,0.23054305366847827
173,0.08613387398097827,-0.49067488960597827,-0.21064559273097827,-0.8410511846127717,0.98284912109375,0.06461765455163042,0.17078698199728262,0.023331351902173923,0.998291015625,0.04632037618885869,0.02424422554347827,0.025337550951086963,0.9923679517663043,0.006276006283967385,-0.03513767408288046,0.11768639605978262,0.9783909009850543,-0.053721552309782615,-0.13252059273097827,0.1491035793138587,0.9668632175611414,-0.010694420855978269,-0.10838251528532608,0.23082169242527173
174,0.08612060546875,-0.49066162109375,-0.21063232421875,-0.841064453125,0.98284912109375,0.06463623046875,0.1707763671875,0.0233154296875,0.998291015625,0.04632568359375,0.02423095703125,0.02532958984375,0.9924236795176631,0.0057558806046195815,-0.03371528957201091,0.11762270720108696,0.9783935546875,-0.0537109375,-0.13250732421875,0.14910888671875,0.96685791015625,-0.01068115234375,-0.1083984375,0.2308349609375
175,0.08626390540081522,-0.489754054857337,-0.2098680579144022,-0.841780952785326,0.9829924210258152,0.06535273012907607,0.16991656759510873,0.022169030230978295,0.998291015625,0.04642121688179347,0.02403989045516305,0.025186289911684787,0.992431640625,0.006153935971467377,-0.03479800016983692,0.11737591287364131,0.9784413213315217,-0.053997537364130425,-0.1321251910665761,0.14906112007472827,0.9666190769361414,-0.01087221891983695,-0.1087805706521739,0.23150369395380432
176,0.08651600713315216,-0.4884829313858696,-0.20897641389266305,-0.8427017875339674,0.9831596042798914,0.06644340183423911,0.16882854959239132,0.020661727241847862,0.998291015625,0.046617590862771736,0.023901897927989132,0.025061565896739132,0.992431640625,0.006498917289402167,-0.035453464673913034,0.11713973335597827,0.9784121306046195,-0.053992229959239135,-0.1322737984035326,0.14913277004076086,0.9663828974184783,-0.01092529296875,-0.10943868885869563,0.23224142323369565
177,0.08660888671875,-0.488037109375,-0.20867919921875,-0.843017578125,0.98321533203125,0.06683349609375,0.16845703125,0.0201416015625,0.998291015625,0.04669189453125,0.02386474609375,0.0250244140625,0.992431640625,0.006591796875,-0.03558349609375,0.1170654296875,0.9783935546875,-0.053955078125,-0.13238525390625,0.149169921875,0.96630859375,-0.01092529296875,-0.10968017578125,0.23248291015625
178,0.0868636421535326,-0.4869862432065218,-0.2082970660665761,-0.8436863111413043,0.9833427097486414,0.06743854025135868,0.16753354279891308,0.019249957540760896,0.998291015625,0.04662820567255435,0.0234826129415761,0.024992569633152176,0.9923997961956522,0.006559952445652175,-0.0360930069633152,0.11712911854619565,0.9782980213994565,-0.05417798913043478,-0.1326400093410326,0.14936098845108695,0.9661175271739131,-0.011148203974184775,-0.11034890879755432,0.23296057659646738
179,0.08709716796875,-0.48602294921875,-0.20794677734375,-0.84429931640625,0.98345947265625,0.0679931640625,0.16668701171875,0.0184326171875,0.998291015625,0.04656982421875,0.02313232421875,0.02496337890625,0.99237060546875,0.00653076171875,-0.03656005859375,0.1171875,0.97821044921875,-0.05438232421875,-0.13287353515625,0.1495361328125,0.9659423828125,-0.0113525390625,-0.1109619140625,0.2333984375
180,0.0872033160665761,-0.48564081606657605,-0.20784062924592392,-0.8445328422214674,0.9835231615149457,0.06816300101902174,0.1662199600883152,0.01815663213315216,0.9983122452445652,0.04652736497961956,0.022877568783967378,0.024899690047554345,0.99237060546875,0.00638215438179347,-0.03664497707201087,0.11714504076086957,0.97821044921875,-0.05459462041440218,-0.13291599439538043,0.14949367357336957,0.9658999235733695,-0.01150114639945653,-0.11117421025815219,0.23346212635869565
181,0.08740234375,-0.48492431640625,-0.2076416015625,-0.844970703125,0.983642578125,0.0684814453125,0.16534423828125,0.01763916015625,0.99835205078125,0.04644775390625,0.02239990234375,0.0247802734375,0.99237060546875,0.006103515625,-0.03680419921875,0.1170654296875,0.97821044921875,-0.05499267578125,-0.13299560546875,0.1494140625,0.9658203125,-0.01177978515625,-0.111572265625,0.23358154296875
182,0.0872855808423913,-0.4852321458899457,-0.2077371348505435,-0.844779636548913,0.9836107336956522,0.06831160835597824,0.16562022333559787,0.01789391559103264,0.9983414359714674,0.04650082795516305,0.02258035411005437,0.02482273267663044,0.9923812202785326,0.006156589673913049,-0.03652821416440214,0.11707604449728261,0.9782422936480978,-0.05493960173233695,-0.13280453889266303,0.14938221807065216,0.9658840013586957,-0.011663022248641292,-0.11142365828804346,0.2333692467730978
183,0.08673095703125,-0.4866943359375,-0.20819091796875,-0.8438720703125,0.98345947265625,0.0675048828125,0.16693115234375,0.01910400390625,0.998291015625,0.0467529296875,0.0234375,0.0250244140625,0.992431640625,0.006419306216032608,-0.03531281844429347,0.11708931300951086,0.9783935546875,-0.0546875,-0.13189697265625,0.14923095703125,0.9661865234375,-0.0111083984375,-0.1107177734375,0.23236083984375
184,0.08673095703125,-0.4866943359375,-0.20819091796875,-0.8438720703125,0.98345947265625,0.0675048828125,0.16693115234375,0.01910400390625,0.998291015625,0.0467529296875,0.0234375,0.0250244140625,0.992431640625,0.00653076171875,-0.03631591796875,0.11669921875,0.9783935546875,-0.0546875,-0.13189697265625,0.14923095703125,0.9661865234375,-0.0111083984375,-0.1107177734375,0.23236083984375
185,0.08600649626358696,-0.488533351732337,-0.20936120074728262,-0.84259033203125,0.9832365616508152,0.06572159476902173,0.1685472571331522,0.021110202955163047,0.9982352878736414,0.046418563179347824,0.024942149286684787,0.02541450832201087,0.992431640625,0.006140667459239129,-0.03380816915760869,0.11742367951766304,0.978560737941576,-0.05507759425951087,-0.13011368461277173,0.14945386803668478,0.9665766176970109,-0.011164126188858696,-0.10921312415081522,0.23152492357336957
186,0.08518119480298912,-0.4899185844089674,-0.21022896144701086,-0.8416615361752717,0.9831144913383152,0.06444251019021738,0.16955831776494565,0.022612198539402183,0.9981795601222826,0.04603377632472826,0.026749320652173923,0.0260567043138587,0.9924820609714674,0.006002674932065217,-0.032460088315217385,0.11764393682065218,0.9787279211956522,-0.055215586786684784,-0.1287841796875,0.14952551800271738,0.9668154509171195,-0.010967752207880434,-0.10811183763586955,0.23094110903532608
187,0.08502197265625,-0.49017333984375,-0.21038818359375,-0.84149169921875,0.98309326171875,0.064208984375,0.16973876953125,0.02288818359375,0.998214058254076,0.04618503736413044,0.026332689368206513,0.025687839673913037,0.99249267578125,0.0059814453125,-0.0322265625,0.11767578125,0.978759765625,-0.05523681640625,-0.1285400390625,0.1495361328125,0.96685791015625,-0.01092529296875,-0.10791015625,0.2308349609375
188,0.08438508406929347,-0.49009372877038043,-0.21042798913043478,-0.8416111158288043,0.9831330672554348,0.06428859544836957,0.16934071416440216,0.0231270168138587,0.99822998046875,0.0465034816576087,0.0263008449388587,0.025353473165760868,0.99249267578125,0.006379500679347833,-0.0322265625,0.11755636463994565,0.9788393766983695,-0.05495817764945652,-0.12822159476902173,0.14957593834918478,0.96685791015625,-0.010726265285326084,-0.10755190641983695,0.23115340523097827
189,0.08404541015625,-0.49005126953125,-0.21044921875,-0.8416748046875,0.983154296875,0.0643310546875,0.16912841796875,0.02325439453125,0.99822998046875,0.046630859375,0.02642822265625,0.0252685546875,0.99249267578125,0.006591796875,-0.0322265625,0.11749267578125,0.9788818359375,-0.0548095703125,-0.1280517578125,0.14959716796875,0.96685791015625,-0.0106201171875,-0.10736083984375,0.2313232421875
190,0.08389945652173912,-0.48917554772418476,-0.21018650220788043,-0.8422586192255435,0.9833294412364131,0.06497325067934785,0.1679899796195652,0.022553817085597803,0.99822998046875,0.046660050101902176,0.026282269021739125,0.025180982506793476,0.99249267578125,0.00665017832880435,-0.03275199558423915,0.11731753141983695,0.9788234544836957,-0.0548095703125,-0.1282852836277174,0.14959716796875,0.9666827657948369,-0.010766070822010875,-0.10756517493206523,0.23184867527173914
191,0.083740234375,-0.48822021484375,-0.20989990234375,-0.8428955078125,0.9835205078125,0.065673828125,0.166748046875,0.02178955078125,0.99822998046875,0.04669189453125,0.026123046875,0.02508544921875,0.99249267578125,0.0067138671875,-0.0333251953125,0.11712646484375,0.978759765625,-0.0548095703125,-0.1285400390625,0.14959716796875,0.96649169921875,-0.01092529296875,-0.1077880859375,0.232421875
192,0.08370308254076086,-0.48757005774456524,-0.20960268766983697,-0.8433413298233695,0.9836133873980978,0.06619395380434781,0.1660607379415761,0.02134372877038045,0.99822998046875,0.04682192595108695,0.02595586362092392,0.02497399371603261,0.99249267578125,0.006843898607336953,-0.0336409859035326,0.11705216117527174,0.9787226137907609,-0.054716690726902176,-0.12893013332201086,0.14961574388586957,0.9663802437160326,-0.010906717051630436,-0.10817818019701085,0.23270051375679346
193,0.0836181640625,-0.486083984375,-0.20892333984375,-0.8443603515625,0.98382568359375,0.0673828125,0.16448974609375,0.02032470703125,0.99822998046875,0.047119140625,0.02557373046875,0.02471923828125,0.9925059442934783,0.0070216966711956555,-0.03403108016304349,0.11686905570652174,0.9786376953125,-0.05450439453125,-0.12982177734375,0.149658203125,0.96612548828125,-0.0108642578125,-0.10906982421875,0.23333740234375
194,0.08365796959918478,-0.48580534561820654,-0.20878003991168478,-0.8445514181385869,0.9838654891304348,0.06755795686141304,0.16420314622961957,0.02008587381114131,0.9982379415760869,0.04710321841032609,0.02538266389266305,0.024703316066576088,0.9925457498301631,0.006671407948369562,-0.033195163892663034,0.11678944463315218,0.9786058508831522,-0.054552161175271736,-0.12998896059782608,0.14969800866168478,0.9660777216372283,-0.010919985563858694,-0.10930069633152173,0.23344885784646738
195,0.08392333984375,-0.48394775390625,-0.20782470703125,-0.8458251953125,0.984130859375,0.0687255859375,0.16229248046875,0.01849365234375,0.998291015625,0.0469970703125,0.02410888671875,0.02459716796875,0.99249267578125,0.00715172809103261,-0.03551980723505435,0.11659837805706522,0.9783935546875,-0.05487060546875,-0.131103515625,0.14996337890625,0.96575927734375,-0.01129150390625,-0.11083984375,0.23419189453125
196,0.08392333984375,-0.48394775390625,-0.20782470703125,-0.8458251953125,0.984130859375,0.0687255859375,0.16229248046875,0.01849365234375,0.998291015625,0.0469970703125,0.02410888671875,0.02459716796875,0.99249267578125,0.00609290081521739,-0.03418234120244565,0.11704420006793478,0.9783935546875,-0.05487060546875,-0.131103515625,0.14996337890625,0.96575927734375,-0.01129150390625,-0.11083984375,0.23419189453125
197,0.08424178413722826,-0.4832047172214674,-0.2069755222486413,-0.8464620838994565,0.9842900815217391,0.06920325237771739,0.16128407353940216,0.01721987516983695,0.998291015625,0.046731700067934784,0.023418924082880432,0.024384871773097824,0.99249267578125,0.006520146908967394,-0.03523320737092392,0.11658776324728261,0.978287406589674,-0.05540134595788044,-0.1315811820652174,0.15006952700407608,0.9655469811480978,-0.01171609629755435,-0.11179517663043478,0.23451033882472827
198,0.08395518427309782,-0.48457402768342395,-0.2065137780230978,-0.8457933508831522,0.9840273649796195,0.06975256878396739,0.16275687839673914,0.016742208729619564,0.9982432489809783,0.04716956097146739,0.024939495584239146,0.024066427479619564,0.9925404424252717,0.006687330163043479,-0.03434952445652173,0.11646834663722826,0.9783670176630435,-0.055146590523097824,-0.13122293223505435,0.1497510827105978,0.9658017365828805,-0.011158818783967387,-0.11184294327445653,0.23345947265625
199,0.0838623046875,-0.4849853515625,-0.2064208984375,-0.8455810546875,0.9840326723845109,0.06878131368885868,0.16303817085597827,0.017384404721467402,0.9982724397078805,0.047047490658967385,0.02437160326086955,0.024284031080163047,0.9925537109375,0.0067138671875,-0.0340576171875,0.116455078125,0.9783935546875,-0.0550537109375,-0.131103515625,0.149658203125,0.96588134765625,-0.010986328125,-0.11181640625,0.233154296875
200,0.08349078634510869,-0.4869172469429348,-0.20671811311141305,-0.844466499660326,0.983809761379076,0.06696087381114128,0.16485861073369568,0.01896335767663046,0.9982538637907609,0.04689888332201087,0.024705969769021754,0.024636973505434787,0.9925908627717391,0.006639563519021737,-0.03305451766304346,0.11649222995923914,0.9785421620244565,-0.0550537109375,-0.1302861752717391,0.1495095957880435,0.9662157141644022,-0.010726265285326083,-0.11092476222826085,0.23226265285326086
201,0.083251953125,-0.4881591796875,-0.2069091796875,-0.84375,0.983642578125,0.06610107421875,0.16607666015625,0.019775390625,0.99822998046875,0.046875,0.02520751953125,0.0247802734375,0.99261474609375,0.006591796875,-0.03240966796875,0.11651611328125,0.9786376953125,-0.0550537109375,-0.1297607421875,0.1494140625,0.9664306640625,-0.01055908203125,-0.1103515625,0.231689453125
202,0.08303965692934784,-0.4893002717391304,-0.20714801290760868,-0.843033500339674,0.9834833559782609,0.06511920431385873,0.1673769743546195,0.020491890285326067,0.99822998046875,0.04668924082880435,0.025897482167119543,0.02504564368206521,0.99261474609375,0.006512185801630438,-0.03182585343070654,0.11670187245244565,0.9786642323369565,-0.05515985903532608,-0.12923000169836957,0.14959982167119565,0.9665898862092391,-0.010479470957880438,-0.10995350713315219,0.2311852496603261
203,0.082763671875,-0.49078369140625,-0.20745849609375,-0.84210205078125,0.9832763671875,0.0638427734375,0.1690673828125,0.02142333984375,0.99822998046875,0.04644775390625,0.02679443359375,0.025390625,0.9925935164741848,0.006238854449728266,-0.031215501868206517,0.11702827785326086,0.97869873046875,-0.0552978515625,-0.1285400390625,0.14984130859375,0.966796875,-0.0103759765625,-0.10943603515625,0.23052978515625
204,0.08268406080163043,-0.4910225246263587,-0.20744257387907608,-0.8419746730638586,0.9832445227581522,0.06369947350543478,0.1693221382472826,0.021407417629076088,0.99822998046875,0.046399987262228264,0.0269218113111413,0.025374702785326088,0.992569633152174,0.006000021229619562,-0.031223462975543487,0.1171875,0.9787464971127717,-0.05536154042119565,-0.128173828125,0.14985723080842392,0.966812797214674,-0.01043966542119565,-0.10921312415081523,0.23057755180027173
205,0.08245849609375,-0.49169921875,-0.2073974609375,-0.84161376953125,0.983154296875,0.06329345703125,0.1700439453125,0.0213623046875,0.99822998046875,0.0462646484375,0.02728271484375,0.02532958984375,0.99261474609375,0.006140667459239133,-0.03039285411005435,0.11717688519021739,0.9788818359375,-0.0555419921875,-0.12713623046875,0.14990234375,0.96685791015625,-0.0106201171875,-0.10858154296875,0.230712890625
206,0.08246380349864131,-0.49161430027173914,-0.20733377207880435,-0.8416774583899457,0.9831649116847826,0.06337837550951086,0.16995371942934784,0.021240234375000003,0.99822998046875,0.04627526324728261,0.027203103770380436,0.02530305281929348,0.9926094386888586,0.005779763926630433,-0.03020178753396739,0.11711585003396739,0.9788765285326086,-0.055547299592391304,-0.12718930451766305,0.14990234375,0.9668472953464674,-0.010641346807065216,-0.10858685037364131,0.23075534986413043
207,0.08251953125,-0.49072265625,-0.2066650390625,-0.84234619140625,0.9832763671875,0.06427001953125,0.16900634765625,0.01995849609375,0.99822998046875,0.04638671875,0.0263671875,0.0250244140625,0.9925537109375,0.0062255859375,-0.0313720703125,0.11700439453125,0.97882080078125,-0.05560302734375,-0.12774658203125,0.14990234375,0.96673583984375,-0.0108642578125,-0.108642578125,0.231201171875
208,0.08263098675271739,-0.4888279127038043,-0.20610776154891305,-0.8436279296875,0.9836107336956522,0.06471584154211957,0.16672150985054346,0.02034859035326087,0.9982857082201086,0.046888268512228264,0.024026621942934777,0.025247325067934784,0.9925537109375,0.006337041440217392,-0.03220798658288044,0.11678148352581522,0.9784864342730978,-0.055380116338315216,-0.13008714758831522,0.1498466159986413,0.9664572010869565,-0.0108642578125,-0.11098314368206523,0.2312568996263587
209,0.0826416015625,-0.4886474609375,-0.2060546875,-0.84375,0.983642578125,0.06571628736413045,0.16660474694293478,0.018469769021739118,0.9982405952785326,0.04663351307744565,0.02602220618206523,0.024713930876358692,0.9925537109375,0.00634765625,-0.03228759765625,0.11676025390625,0.9787571119225543,-0.055510147758152176,-0.12809156334918476,0.14989172894021738,0.9663802437160326,-0.010712996773097824,-0.10964302394701086,0.23206893257472827
210,0.08291227921195653,-0.4868429432744565,-0.2056937839673913,-0.844832710597826,0.9839583687160326,0.06609842051630435,0.1645056683084239,0.018291970957880436,0.998275093410326,0.04675027598505435,0.02436894955842389,0.02477761973505435,0.9926439368206522,0.006437882133152175,-0.032422936480978264,0.11630912449048912,0.9786854619565217,-0.055677331012228264,-0.1283463187839674,0.1501730213994565,0.9660538383152174,-0.011087168817934787,-0.10990043308423914,0.2333214801290761
211,0.0830078125,-0.4862060546875,-0.20556640625,-0.84521484375,0.9839902131453805,0.06711744225543477,0.1639961574388587,0.016779360563858717,0.9982512100883152,0.046694548233695655,0.025053604789402155,0.02444325322690218,0.9926359757133152,0.006509532099184782,-0.0317940090013587,0.1163489300271739,0.9786376953125,-0.05572509765625,-0.12860107421875,0.1502685546875,0.9659423828125,-0.01123046875,-0.110107421875,0.23370361328125
212,0.08342179008152173,-0.4851021144701087,-0.2052559230638587,-0.845870308254076,0.9841202445652174,0.06790293817934782,0.16298509680706524,0.015274711277173933,0.9982644786005435,0.04656186311141305,0.024886421535326116,0.02423095703125,0.99261474609375,0.006461765455163046,-0.03281303074048909,0.11624808933423914,0.9784307065217391,-0.0561735733695652,-0.12956702190896735,0.15051004161005435,0.9657008958899457,-0.011575450067934772,-0.11141835088315213,0.23408309273097824
213,0.083740234375,-0.4842529296875,-0.20501708984375,-0.84637451171875,0.9842529296875,0.068115234375,0.162109375,0.0147705078125,0.998291015625,0.0465087890625,0.024169921875,0.02423095703125,0.9925855553668478,0.006204356317934789,-0.033611795176630446,0.11638077445652173,0.978271484375,-0.0565185546875,-0.13031005859375,0.15069580078125,0.96551513671875,-0.0118408203125,-0.1124267578125,0.234375
214,0.08385965098505434,-0.4844917629076087,-0.2049454398777174,-0.8462312117866848,0.9842529296875,0.06787640115489131,0.1623243248980978,0.014746624490489132,0.998291015625,0.046461022418478264,0.024241571841032608,0.024278723675271736,0.9925775942595109,0.0059814453125,-0.03308636209239131,0.11650815217391305,0.9782953676970109,-0.0565185546875,-0.13028617527173914,0.1506241508152174,0.9655867866847826,-0.011769170346467394,-0.11245064113451086,0.2340645168138587
215,0.08404541015625,-0.48486328125,-0.204833984375,-0.84600830078125,0.9842529296875,0.0675048828125,0.16265869140625,0.01470947265625,0.998291015625,0.04638671875,0.02435302734375,0.02435302734375,0.9925775942595109,0.006018597146739129,-0.03308636209239129,0.11639669667119565,0.97833251953125,-0.0565185546875,-0.1302490234375,0.1505126953125,0.9656982421875,-0.01165771484375,-0.11248779296875,0.23358154296875
216,0.08405867866847826,-0.4853674847146739,-0.20491359544836957,-0.845703125,0.9841733186141305,0.06714663298233697,0.16321596891983695,0.015067722486413034,0.9982777471127717,0.04643979279891304,0.02459186056385869,0.02437956436820652,0.9925324813179348,0.006076978600543479,-0.03335173233695654,0.11671514096467392,0.9783457880434783,-0.05643894361413044,-0.13016941236413043,0.15045962126358695,0.965804390285326,-0.011538298233695655,-0.11236837635869566,0.23322329313858697
217,0.0841064453125,-0.4871826171875,-0.2052001953125,-0.8446044921875,0.98388671875,0.06585693359375,0.16522216796875,0.016357421875,0.99822998046875,0.046630859375,0.02545166015625,0.02447509765625,0.992659859035326,0.006021250849184781,-0.03148883322010869,0.11640465777853261,0.9783935546875,-0.05615234375,-0.1298828125,0.1502685546875,0.9661865234375,-0.0111083984375,-0.1119384765625,0.23193359375
218,0.0841064453125,-0.48728345788043476,-0.20524000084918478,-0.8445381496263586,0.9838734502377717,0.06575343919836957,0.16533096976902173,0.01642111073369565,0.99822998046875,0.04660697605298913,0.025507387907608692,0.024496327275815216,0.9925563646399457,0.006257430366847827,-0.03295633067255435,0.11688497792119565,0.9784041694972826,-0.056184188179347824,-0.1297899329144022,0.15027916949728262,0.9661997919497283,-0.011119013247282608,-0.11188009510869565,0.2318990956182065
219,0.0841064453125,-0.48940111243206524,-0.20607591711956522,-0.8431449558423914,0.9835948114809783,0.06358005689538043,0.16761580757472827,0.01775857676630435,0.99822998046875,0.04610542629076087,0.026677670686141308,0.024942149286684784,0.9926120923913043,0.005644425101902173,-0.03033712635869565,0.11694070567255435,0.9786270805027174,-0.056852921195652176,-0.1278394616168478,0.15050208050271738,0.9664784307065217,-0.011341924252717392,-0.11065408457880435,0.2311746348505435
220,0.0841064453125,-0.49093495244565216,-0.20638109290081522,-0.8421232804008152,0.9833161727241848,0.06326426630434784,0.1693699048913043,0.017397673233695662,0.99822998046875,0.04581617272418479,0.028431768002717347,0.024644934612771747,0.992720894191576,0.005509086277173916,-0.028514032778532653,0.11673106317934784,0.9788499915081522,-0.05693783967391304,-0.12599513841711962,0.15040654721467392,0.9667570694633152,-0.011299465013586958,-0.10889733355978265,0.23098091457201086
221,0.0841064453125,-0.49114990234375,-0.2064208984375,-0.84197998046875,0.9832763671875,0.0628502887228261,0.16985553243885868,0.01795495074728259,0.9981822138247283,0.045728600543478264,0.028734290081521736,0.025027067764945638,0.9926890497622283,0.005540930706521737,-0.027972677479619575,0.11698581861413043,0.9788818359375,-0.056993567425271736,-0.12544582201086957,0.15067722486413043,0.9667013417119565,-0.011052670686141311,-0.1094068444293478,0.23095703125
222,0.08414890455163043,-0.49106498386548914,-0.2061661430027174,-0.8421073581861414,0.9832763671875,0.06295643682065216,0.16975203804347827,0.018042522927989132,0.9981689453125,0.04592762822690217,0.028577721637228267,0.025061565896739132,0.99267578125,0.005766495414402167,-0.028062903362771733,0.1169380519701087,0.9789242951766305,-0.056836998980978264,-0.12553604789402173,0.15058699898097827,0.9666748046875,-0.010816491168478265,-0.10978897758152173,0.23078719429347827
223,0.08416748046875,-0.49102783203125,-0.2060546875,-0.8421630859375,0.9832020635190217,0.06338368291440216,0.1699377972146739,0.017745308254076095,0.9981689453125,0.04605765964673913,0.029357910156249976,0.02506156589673913,0.9927129330842391,0.005970830502717388,-0.027282714843750024,0.11673371688179349,0.97894287109375,-0.05661408797554348,-0.12520168138586957,0.1506613026494565,0.9666376528532609,-0.010667883831521742,-0.1094917629076087,0.23104725713315216
224,0.08423116932744565,-0.4901043435801631,-0.20586362092391305,-0.8427362856657609,0.9832816745923914,0.06445843240489128,0.16918149201766308,0.016782014266304372,0.9981371008831522,0.04624076511548913,0.030193826426630425,0.024862538213315223,0.9927049719769022,0.006074324898097825,-0.02784795346467388,0.11670187245244565,0.9789747155230978,-0.05645486582880435,-0.12487527598505435,0.15078868036684784,0.9664545473845109,-0.010779339334239125,-0.10918924082880435,0.23196278447690216
225,0.08428955078125,-0.4892578125,-0.2056884765625,-0.84326171875,0.9833984375,0.06524658203125,0.1683349609375,0.01605224609375,0.99810791015625,0.04638671875,0.03045654296875,0.024658203125,0.9927288552989131,0.006236200747282605,-0.027967370074728288,0.11652142068614131,0.97900390625,-0.056396484375,-0.12481689453125,0.15081787109375,0.96630859375,-0.01092529296875,-0.109130859375,0.23260498046875
226,0.08431078040081522,-0.4883237092391305,-0.20549740998641305,-0.843856148097826,0.9835258152173914,0.06603207795516303,0.16727347995923916,0.015436587126358715,0.99810791015625,0.04653532608695652,0.03039285411005435,0.02444590692934783,0.9927553923233695,0.00647238026494565,-0.02789837381114127,0.1163383152173913,0.9789826766304348,-0.05624787703804348,-0.12505042034646738,0.15079664147418478,0.9661599864130435,-0.010819144870923916,-0.10944930366847826,0.23307203209918476
227,0.0843505859375,-0.486572265625,-0.20513916015625,-0.844970703125,0.9837646484375,0.0675048828125,0.165283203125,0.0142822265625,0.99810791015625,0.04681396484375,0.0302734375,0.0240478515625,0.9927076256793478,0.006703252377717388,-0.029442828634510886,0.11640200407608696,0.97894287109375,-0.05596923828125,-0.12548828125,0.1507568359375,0.96588134765625,-0.0106201171875,-0.11004638671875,0.23394775390625
228,0.08441427479619565,-0.4860202955163044,-0.2050117824388587,-0.8453103770380435,0.9838389521059783,0.0678870159646739,0.16469938858695654,0.013963782269021749,0.9981185249660326,0.04687765370244565,0.029912533967391314,0.024005392323369568,0.9927872367527174,0.00701904296875,-0.028357464334239118,0.11593760614809782,0.9788897970448369,-0.05595862347146739,-0.12581734035326086,0.15079929517663043,0.9657858143682065,-0.010673191236413042,-0.11040729025135869,0.23418127972146738
229,0.08475925611413043,-0.48320206351902173,-0.20436427904211957,-0.8470405910326086,0.9842290463654891,0.0697180706521739,0.16169274371603262,0.012467094089673912,0.9981742527173914,0.04719609799592391,0.027964716372282622,0.023809018342391304,0.9927262015964674,0.007013735563858696,-0.030512270720108682,0.1160835597826087,0.9786111582880435,-0.05592412533967391,-0.12761389690896738,0.15097974694293478,0.9653054942255435,-0.010957137398097824,-0.11235510784646738,0.2352799125339674
230,0.08520507812499999,-0.48114013671875006,-0.20391845703125003,-0.8482666015625,0.984619140625,0.06988525390625,0.15924072265625008,0.012634277343749995,0.99822998046875,0.04736328124999999,0.025512695312500083,0.023864746093749997,0.99261474609375,0.006958007812500002,-0.03302001953124992,0.11602783203125,0.97833251953125,-0.05609130859374999,-0.13006591796874992,0.1507568359375,0.96502685546875,-0.01129150390624999,-0.11480712890624992,0.23516845703125
231,0.085205078125,-0.48114013671875,-0.20391845703125,-0.8482666015625,0.9845634128736414,0.07060971467391304,0.15940790591032608,0.011463994565217388,0.99822998046875,0.04708464249320652,0.026627250339673916,0.023753290591032608,0.99261474609375,0.0069580078125,-0.032407014266304345,0.11625074303668478,0.97833251953125,-0.056147036345108696,-0.12928572944972827,0.15120265794836957,0.9649153999660326,-0.01129150390625,-0.11408266813858696,0.23606010105298914
232,0.08530591881793478,-0.48098887567934784,-0.20391845703125,-0.8483170219089674,0.9846085258152174,0.07062829059103261,0.15922214673913043,0.011302118716032608,0.99822998046875,0.04700768512228261,0.026531717051630432,0.023692255434782608,0.99261474609375,0.006907587466032608,-0.032499893851902176,0.11622155230978261,0.97833251953125,-0.05620276409646739,-0.12941310716711957,0.15119469684103262,0.96490478515625,-0.011392344599184784,-0.11416493291440218,0.23609459918478262
233,0.0853271484375,-0.48095703125,-0.20391845703125,-0.84832763671875,0.984619140625,0.07057256283967392,0.15904434867527173,0.01183285920516305,0.998184867527174,0.0473579738451087,0.026895274286684787,0.023636527683423912,0.99261474609375,0.007348102072010874,-0.033343771229619575,0.11603048573369565,0.978287406589674,-0.05576224949048913,-0.13008714758831522,0.15100363026494565,0.964949898097826,-0.010781993036684775,-0.11487347146739131,0.23554262907608695
234,0.0850883152173913,-0.4823502250339674,-0.2046349566915761,-0.847412109375,0.9843803074048914,0.06999936311141304,0.16070822010869568,0.011984120244565216,0.9981689453125,0.047445546025815216,0.027078379755434784,0.023819633152173916,0.9926545516304348,0.007149074388586951,-0.031839121942934756,0.11616582455842392,0.978470512058424,-0.05588166610054348,-0.12851880944293476,0.15129819123641305,0.9651250424592391,-0.01067849864130435,-0.11332105553668476,0.2355903957201087
235,0.0849609375,-0.48309326171875,-0.20501708984375,-0.846923828125,0.9843564240828805,0.06897768766983695,0.16124161430027173,0.013480808423913079,0.9981689453125,0.04742431640625,0.027099609375,0.02392578125,0.9926412831182065,0.0070960003396739165,-0.03233271059782612,0.11630647078804347,0.978438667629076,-0.05578878651494565,-0.12890890370244568,0.15110977836277173,0.9653134553328805,-0.010569696841032605,-0.11346966287364132,0.23478632387907605
236,0.0848441745923913,-0.4846111795176631,-0.2057176672894022,-0.8459021526834238,0.9841733186141304,0.0678365956182065,0.1628179135529892,0.01447329313858695,0.9981689453125,0.047161599864130425,0.027683423913043497,0.02421768851902175,0.9926731275475543,0.006793478260869552,-0.03152067764945646,0.11639138926630435,0.9783909009850543,-0.05577817170516305,-0.1293600331182065,0.15087625254755435,0.9656557829483696,-0.0103202488111413,-0.11376422384510868,0.23322329313858692
237,0.084716796875,-0.48626708984375,-0.20648193359375,-0.84478759765625,0.9839583687160326,0.06655485733695649,0.1646171238111413,0.015524159307065275,0.9981689453125,0.046875,0.0283203125,0.0245361328125,0.9926890497622283,0.006467072860054353,-0.030302628226902217,0.11659837805706523,0.97845458984375,-0.05596923828125,-0.12872314453125,0.15093994140625,0.9659423828125,-0.01019287109375,-0.1131591796875,0.2322998046875
238,0.08458676545516304,-0.4870472783627718,-0.20679772418478262,-0.8442674719769021,0.9839397927989131,0.06503163213315215,0.16513724949048916,0.01795760444972828,0.9981503693953805,0.0467635444972826,0.028710406759510886,0.024666164232336963,0.9926333220108695,0.006522800611413039,-0.03108281674592389,0.1168212890625,0.9785288935122283,-0.05598781419836957,-0.12822159476902173,0.15090278957201086,0.9660724142323369,-0.01019287109375,-0.11256475033967389,0.23205831776494565
239,0.08428955078125,-0.48883056640625,-0.20751953125,-0.84307861328125,0.983642578125,0.0638427734375,0.16717529296875,0.01910400390625,0.99810791015625,0.0465087890625,0.02960205078125,0.02496337890625,0.99267578125,0.0062255859375,-0.02972412109375,0.1168212890625,0.97869873046875,-0.0560302734375,-0.1270751953125,0.15081787109375,0.96636962890625,-0.01019287109375,-0.1112060546875,0.23150634765625
240,0.08423382302989131,-0.48892609969429346,-0.2075911812160326,-0.8430149244225543,0.983626655910326,0.06382685122282608,0.1672708262567935,0.01910400390625,0.99810791015625,0.04648490574048913,0.029761272927989125,0.024931534476902176,0.9926837423573369,0.006209663722826088,-0.029501210088315223,0.11676556131114131,0.9787305748980978,-0.05605415675951087,-0.1268602454144022,0.15080990998641305,0.966385551120924,-0.010232676630434782,-0.1109512992527174,0.23155411430027173
241,0.08384638247282608,-0.4894992994225543,-0.20806619395380435,-0.8426274838654891,0.9835311226222826,0.06372601052989131,0.1678413722826087,0.019138502038043476,0.99810791015625,0.04633364470108696,0.030753757642663044,0.024751082710597824,0.9927315090013586,0.006108823029891304,-0.028084132982336956,0.11642323369565218,0.9789296025815217,-0.056208071501358696,-0.1254988960597826,0.15078071925951086,0.9664784307065217,-0.010498046875,-0.10932457965353261,0.23189644191576086
242,0.08351201596467392,-0.4881618333899457,-0.20801046620244565,-0.8434076723845109,0.9837540336277174,0.06383746603260869,0.1664481784986413,0.019862962805706524,0.99810791015625,0.04650082795516304,0.029304836107336953,0.025419815726902176,0.9926200534986414,0.006220278532608696,-0.029533054517663047,0.11703623896059782,0.9786509638247283,-0.056096615998641304,-0.1270035453464674,0.15128226902173914,0.9661997919497283,-0.010498046875,-0.11082922894021739,0.23239799167798914
243,0.08349609375,-0.48809814453125,-0.2080078125,-0.84344482421875,0.9837646484375,0.0646919582201087,0.16611646569293478,0.018146017323369557,0.99810791015625,0.04634956691576087,0.030774987262228267,0.024390179177989125,0.9927739682404891,0.006066363790760869,-0.027956755264945645,0.11616317085597826,0.9789561396059783,-0.05625053074048913,-0.1252706776494565,0.1508284859035326,0.9662395974864131,-0.010657269021739132,-0.10936173148777173,0.23284646739130435
244,0.08320949388586957,-0.48642631199048914,-0.2075301460597826,-0.84454345703125,0.9840512483016305,0.06534476902173914,0.16421376103940216,0.018552033797554355,0.9981556768002717,0.04689888332201087,0.02909519361413042,0.024756390115489135,0.9927023182744565,0.0064246136209239165,-0.02966839334239132,0.11645773182744566,0.9787173063858695,-0.055844514266304345,-0.12700619904891305,0.1509956691576087,0.9659609587296195,-0.010442319123641302,-0.11113705842391305,0.2332445227581522
245,0.0831298828125,-0.4859619140625,-0.2073974609375,-0.8448486328125,0.9840884001358695,0.06625498896059784,0.1638236667798913,0.01699696416440215,0.9981689453125,0.04659105383831521,0.02992314877717393,0.024222995923913034,0.9927606997282609,0.006106169327445647,-0.028726328974184763,0.11611009680706522,0.9788075322690217,-0.056404445482336966,-0.12573772927989127,0.15110447095788043,0.9658388884171195,-0.011055324388586965,-0.11008088485054346,0.23410166864809784
246,0.08298127547554347,-0.48469875169836957,-0.20665442425271738,-0.8457774286684783,0.9842555833899457,0.06729524031929349,0.16235616932744562,0.01656971807065218,0.9981689453125,0.046609629755434784,0.030034604279891294,0.023740022078804345,0.9927606997282609,0.006514839504076098,-0.02967370074728264,0.11598006538722826,0.9787332286005435,-0.056144382642663034,-0.12657364555027176,0.1510115913722826,0.9656345533288043,-0.010943868885869557,-0.1110468325407609,0.23443603515625
247,0.0828857421875,-0.48388671875,-0.2061767578125,-0.84637451171875,0.984375,0.0680993121603261,0.16144064198369565,0.015701957370923884,0.9981689453125,0.0467529296875,0.02972412109375,0.02362060546875,0.99273681640625,0.006674061650815211,-0.030095639436141287,0.11596414317255435,0.9787013841711957,-0.05610457710597827,-0.12686024541440216,0.15100363026494565,0.9654832922894022,-0.011031441066576097,-0.11138916015624999,0.2349137015964674
248,0.0827795940896739,-0.4831436820652174,-0.20567255434782608,-0.8469317892323369,0.984481148097826,0.06889807659646739,0.16059676460597824,0.014895231827445654,0.9981689453125,0.04704483695652174,0.029352602751358692,0.023514457370923912,0.9927102793817935,0.0068943189538043514,-0.030522885529891314,0.11593229874320653,0.9787066915760869,-0.05613111413043478,-0.12671694548233697,0.15100893766983695,0.965347953464674,-0.011193316915760868,-0.111328125,0.2355638586956522
249,0.0826416015625,-0.482177734375,-0.20501708984375,-0.84765625,0.984619140625,0.06966765030570651,0.15940259850543478,0.014584748641304365,0.9981689453125,0.04742431640625,0.02886962890625,0.02337646484375,0.9926970108695652,0.007361370584239133,-0.03148087211277175,0.11586064877717392,0.9786376953125,-0.0557861328125,-0.12744140625,0.15093994140625,0.9652099609375,-0.010986328125,-0.11212158203125,0.23583984375
250,0.08259383491847826,-0.4819229789402174,-0.20495340098505435,-0.8478154721467391,0.9846669072690217,0.06996221127717392,0.15902842646059784,0.013533882472826088,0.9981689453125,0.04744023862092391,0.02875817340353261,0.02331277598505435,0.99273681640625,0.0072021484375,-0.031043011209239125,0.11561385444972826,0.978621773097826,-0.055817977241847824,-0.12760062839673914,0.15092401919157608,0.9651781165081522,-0.011018172554347824,-0.11231264860733695,0.23588761039402173
251,0.08237357761548914,-0.4813391644021739,-0.20482602326766305,-0.8481922978940217,0.9847810164741848,0.06998609459918478,0.15826150645380435,0.013541843580163042,0.9981583305027174,0.04747473675271739,0.02862283457880434,0.02319601307744565,0.99273681640625,0.007212763247282608,-0.031313688858695655,0.11554220448369565,0.9785872749660326,-0.055876358695652176,-0.12788192085597827,0.15095320991847827,0.965087890625,-0.011065939198369566,-0.11268416694972827,0.23608663807744565
252,0.08197021484375,-0.48199462890625,-0.205078125,-0.84783935546875,0.9846907905910326,0.06976849099864131,0.1590921153192935,0.013873556385869562,0.9981132175611414,0.04741370159646739,0.029448136039402176,0.023503842561141304,0.99273681640625,0.007236646569293479,-0.030536154042119564,0.11583941915760869,0.9786323879076086,-0.05575163468070652,-0.1271707286005435,0.15126900050951086,0.9650985054347826,-0.010880180027173912,-0.11198889690896739,0.2362936268682065
253,0.08197021484375,-0.48199462890625,-0.205078125,-0.84783935546875,0.98480224609375,0.06854248046875,0.1588134765625,0.01470947265625,0.9981689453125,0.04730224609375,0.02911376953125,0.0235595703125,0.99273681640625,0.0069580078125,-0.0313720703125,0.11578369140625,0.97857666015625,-0.0560302734375,-0.128173828125,0.15087890625,0.9652099609375,-0.01104736328125,-0.1131591796875,0.23529052734375
254,0.08152439283288043,-0.48372218919836957,-0.20530103600543478,-0.8468362559442935,0.9844678795855978,0.06854248046875,0.16081967561141305,0.014598017153532608,0.9980574898097826,0.04730224609375,0.031175696331521743,0.023503842561141304,0.9927925441576086,0.007180918817934783,-0.029365871263586953,0.11583941915760869,0.9787995711616848,-0.05575163468070652,-0.12616762907608695,0.15104608950407608,0.9654328719429348,-0.010601541270380434,-0.11115298063858695,0.2353462550951087
255,0.08148193359375,-0.48388671875,-0.205322265625,-0.84674072265625,0.9845368758491848,0.06718113111413043,0.16065779976222827,0.015646229619565223,0.9980972953464674,0.04705014436141304,0.030918287194293476,0.023700216542119568,0.9927474312160326,0.0066979449728260835,-0.03008237092391305,0.11604640794836957,0.9786695397418478,-0.05617888077445653,-0.1272874915081522,0.15096117102581522,0.9655045219089674,-0.010962444802989134,-0.11212158203125001,0.23459525730298914
256,0.08103080417798912,-0.48514988111413043,-0.20554783033288043,-0.8459738026494565,0.9843325407608695,0.06684941830842392,0.16211733610733697,0.015914253566576088,0.998062797214674,0.0469970703125,0.03240170686141306,0.023832901664402176,0.99273681640625,0.006727135699728263,-0.028739597486413027,0.11626931895380435,0.9788181470788043,-0.05604884935461956,-0.1260747494904891,0.15116550611413043,0.9656504755434783,-0.010731572690217388,-0.11087699558423911,0.23466159986413043
257,0.08087158203125,-0.485595703125,-0.20562744140625,-0.845703125,0.9843325407608695,0.0661568019701087,0.16234024711277176,0.016407842221467385,0.998046875,0.04675823709239131,0.03275995669157609,0.023944357167119564,0.99273681640625,0.0064962635869565254,-0.028476880944293473,0.11621359120244565,0.9788022248641305,-0.05616826596467391,-0.12614639945652173,0.1510062839673913,0.9657778532608695,-0.01081914487092391,-0.11090884001358695,0.23414412788722827
258,0.08049210258152176,-0.4859061863111413,-0.20573093580163043,-0.845565132472826,0.9843060037364131,0.06586489470108696,0.16258438773777173,0.016938582710597817,0.9980123768682065,0.046458368716032615,0.03382674507472822,0.02384882387907609,0.99273681640625,0.006520146908967386,-0.028211510699728274,0.1164603855298913,0.9787942637567935,-0.056101923403532615,-0.12608536430027176,0.1511893894361413,0.9657858143682065,-0.010718304177989137,-0.11082657523777176,0.2341016686480978
259,0.0802001953125,-0.48614501953125,-0.205810546875,-0.845458984375,0.9843113111413043,0.06585958729619565,0.16252335258152176,0.0168297809103261,0.99798583984375,0.04632568359375,0.03472900390625,0.02374267578125,0.9927951978600543,0.006506878396739135,-0.0275719684103261,0.1162613578464674,0.9788791822350543,-0.056202764096467385,-0.12550154976222827,0.15107793393342392,0.9658468495244565,-0.01085098930027173,-0.11003842561141305,0.23416801120923914
260,0.07996136209239131,-0.48588230298913043,-0.20576278023097827,-0.845626167629076,0.9844227666440217,0.06591531504755434,0.16187054177989132,0.016766092051630425,0.99798583984375,0.04649286684782608,0.03453793733016305,0.02355160920516305,0.99285888671875,0.006514839504076082,-0.027317212975543476,0.11573592476222826,0.97894287109375,-0.05638586956521739,-0.12518310546875,0.15074356742527173,0.9659184994904891,-0.011217200237771738,-0.10932988705842392,0.2342237389605978
261,0.07945981233016305,-0.4849906589673913,-0.2056327488111413,-0.8462020210597826,0.9845713739809783,0.06643544072690216,0.16090459408967392,0.017119034476902176,0.9980044157608695,0.046864385190217385,0.03372059697690219,0.02349588145380434,0.9928217348845109,0.006849206012228258,-0.02802309782608694,0.11586595618206522,0.9788499915081522,-0.05620011039402174,-0.12574038298233695,0.1509664784307065,0.9657698921535326,-0.01125435207201087,-0.10962710173233695,0.23472528872282608
262,0.07916259765625,-0.48388671875,-0.20550537109375,-0.846923828125,0.9847412109375,0.06719970703125,0.1595458984375,0.01690673828125,0.998046875,0.047079335088315216,0.03283691406249999,0.02382228685461957,0.9927633534307065,0.006992505944293479,-0.028938625169836966,0.11612071161684784,0.9787040378736414,-0.056070078974184784,-0.12660283627717392,0.1511734672214674,0.9655416737432065,-0.011209239130434782,-0.11051609205163045,0.23518703294836957
263,0.07910686990489131,-0.48367176885190216,-0.20549740998641305,-0.8470512058423914,0.9847810164741848,0.0673270847486413,0.15925929857336957,0.01679528277853261,0.998046875,0.046967879585597824,0.03370467476222827,0.02312170940896739,0.992842964504076,0.006912894870923912,-0.027879797894021733,0.11545993970788043,0.9789030655570652,-0.05619745669157609,-0.12536886463994565,0.15077541185461957,0.9655894403872283,-0.0113525390625,-0.10936173148777173,0.2355612049932065
264,0.0787353515625,-0.48223876953125,-0.2054443359375,-0.847900390625,0.9850437330163043,0.06822668987771739,0.1573433254076087,0.015975288722826088,0.998046875,0.04717221467391304,0.032205332880434784,0.023816979449728264,0.9927421238111414,0.00701904296875,-0.02936852496603261,0.11611009680706522,0.9786483101222826,-0.05609926970108696,-0.1269478175951087,0.15129023012907608,0.9652736497961957,-0.011373768682065216,-0.11082657523777174,0.23616890285326086
265,0.0787353515625,-0.48223876953125,-0.2054443359375,-0.847900390625,0.9849880052649457,0.06928551715353261,0.1572318699048913,0.01435918393342391,0.998046875,0.04700503141983696,0.033041249150815216,0.022813879925271736,0.9928535793138586,0.00701904296875,-0.02830969769021739,0.11527418053668478,0.9788712211277174,-0.05626645295516304,-0.1255546238111413,0.15095586362092392,0.9653293775475543,-0.011819590692934784,-0.10926619819972826,0.23667045261548914
266,0.07878842561141304,-0.481071140455163,-0.20501974354619565,-0.8486434273097826,0.9851976477581522,0.06965438179347826,0.15584663722826086,0.014494522758152176,0.9980999490489131,0.047315514605978264,0.031701129415760865,0.022872261379076088,0.9928058126698369,0.007284413213315219,-0.02969227666440218,0.11528744904891304,0.9787226137907609,-0.056062117866847824,-0.1269212805706522,0.15088686735733695,0.9651728091032609,-0.011787746263586956,-0.11062489385190218,0.2366943359375
267,0.07879638671875,-0.48089599609375,-0.2049560546875,-0.8487548828125,0.9851817255434783,0.06984544836956522,0.15578294836956522,0.014144234035326095,0.99810791015625,0.04736328125,0.031112007472826095,0.02260158372961957,0.9927978515625,0.007228685461956524,-0.029763926630434787,0.11529541015625,0.97869873046875,-0.05622134001358695,-0.12684963060461957,0.15116550611413043,0.9650533924932065,-0.011827551800271738,-0.11079207710597826,0.23702870244565216
268,0.07883884595788043,-0.48072615913722827,-0.20474375849184784,-0.8489247197690217,0.9852109162703805,0.07005509086277173,0.1555679984714674,0.013995626698369566,0.99810791015625,0.04740574048913043,0.030836022418478267,0.0226493503736413,0.9927978515625,0.007329526154891301,-0.0299788765285326,0.11521049167798914,0.9786562712296195,-0.0561470363451087,-0.1270247749660326,0.1511177394701087,0.96502685546875,-0.011755901834239134,-0.11107602326766304,0.2369942043138587
269,0.078857421875,-0.48065185546875,-0.20465087890625,-0.8489990234375,0.9852294921875,0.07012939453125,0.15538223930027173,0.01397705078125,0.99810791015625,0.04742431640625,0.03076171875,0.022705078125,0.9928350033967391,0.007310950237771742,-0.02964451002038045,0.11521049167798914,0.9786748471467391,-0.05609130859375,-0.12680186396059784,0.15113631538722827,0.96502685546875,-0.011607294497282612,-0.11105744735054349,0.23704993206521738
270,0.07901664402173912,-0.48087476647418476,-0.20468272333559784,-0.8488398012907609,0.9851976477581522,0.07006570567255435,0.15555738366168478,0.013754139775815225,0.99810791015625,0.0475516941236413,0.030252207880434798,0.022705078125,0.9928270422894022,0.007358716881793475,-0.0296126655910326,0.11526621942934782,0.9787624193274457,-0.05618684188179347,-0.1263321586277174,0.15102485988451086,0.9650905443274457,-0.01159933338994565,-0.11067531419836957,0.23696235988451086
271,0.07916259765625,-0.4810791015625,-0.2047119140625,-0.84869384765625,0.9851419200067935,0.06987463909646739,0.1558944038722826,0.014107082201086939,0.99810791015625,0.04766845703125,0.02978515625,0.022705078125,0.9927978515625,0.0074462890625,-0.02984619140625,0.11529541015625,0.9787677267323369,-0.05616826596467392,-0.12657629925271738,0.15093198029891305,0.96514892578125,-0.011578103770380438,-0.11081065302309781,0.23663064707880435
272,0.07937489385190216,-0.48154615319293476,-0.2048392917798913,-0.8483754033627717,0.9850649626358695,0.06951108186141305,0.15655517578124997,0.014534328294836965,0.9981291397758152,0.04756230893342392,0.0296577785326087,0.0228324558423913,0.9927978515625,0.007276452105978266,-0.02984619140625,0.1154227878736413,0.9786562712296195,-0.0561576511548913,-0.1273458729619565,0.15106466542119565,0.9652126146399457,-0.01153829823369565,-0.11147673233695651,0.23604948624320654
273,0.07991624915081522,-0.4829313858695652,-0.20522142493206522,-0.8474439538043478,0.9849057404891305,0.06869108780570654,0.15815535835597824,0.014247728430706513,0.998153023097826,0.047156292459239135,0.02999214504076085,0.022848378057065223,0.9928296959918478,0.006798785665760874,-0.029257069463315237,0.11547055451766305,0.9786562712296195,-0.056539784307065216,-0.12701946756114132,0.15107262652853262,0.9654434867527174,-0.011753248131793475,-0.11115032693614132,0.23526929772418478
274,0.080322265625,-0.484375,-0.20562744140625,-0.84649658203125,0.98468017578125,0.0673828125,0.16009521484375,0.0150146484375,0.9981185249660326,0.04655920940896739,0.0313614555027174,0.022460937499999993,0.9928986922554348,0.006305197010869567,-0.027704653532608692,0.11510965098505434,0.9788499915081522,-0.056977645210597824,-0.12547501273777173,0.15086298403532608,0.9657274329144022,-0.012045155400815216,-0.10965894616168477,0.23486328125
275,0.08037533967391304,-0.4845023777173913,-0.20562744140625,-0.8464169709578805,0.9846589461616848,0.06727666440217392,0.1602332073709239,0.015051800271739128,0.9981636379076086,0.04648225203804348,0.0302840523097826,0.023535686990489135,0.9928084663722826,0.006082286005434784,-0.028121284816576095,0.11589249320652174,0.9787252674932065,-0.057150135869565216,-0.12613843834918478,0.15130349864130435,0.9656080163043478,-0.012151303498641304,-0.1105744735054348,0.23479428498641305
276,0.08093261718749999,-0.48583984374999994,-0.20562744140625,-0.8455810546875,0.98443603515625,0.06616210937500004,0.16168212890624994,0.015441894531249988,0.99810791015625,0.04620361328125001,0.03167724609374995,0.02264404296875003,0.992919921875,0.005859375000000008,-0.02667236328125005,0.11511230468750003,0.97900390625,-0.05737304687499999,-0.12463378906250006,0.15063476562500003,0.9659423828125,-0.012207031249999998,-0.10906982421875006,0.23406982421875003
277,0.0809326171875,-0.48583984375,-0.20562744140625,-0.8455810546875,0.98443603515625,0.06577201511548915,0.16201649541440216,0.016500721807065185,0.9981636379076086,0.04648225203804347,0.030172596807065265,0.023424231487771716,0.9928084663722826,0.006138013756793469,-0.027842646059782573,0.11578103770380432,0.9787809952445652,-0.05709440811820653,-0.12585979959239127,0.15102485988451086,0.9659423828125,-0.011984120244565225,-0.11012865149456519,0.23373545771059784
278,0.08128555961277173,-0.4864448879076087,-0.20572828209918478,-0.8451776919157609,0.9843351944633152,0.06548276154891305,0.16270380434782608,0.016097359035326102,0.9981689453125,0.046256687330163054,0.03063434103260868,0.023044752038043494,0.9928986922554348,0.005912449048913051,-0.027298637058423933,0.11544136379076088,0.9788606063179348,-0.057319972826086946,-0.12532109799592392,0.15075948963994565,0.9660936438519022,-0.012114151664402169,-0.10952360733695654,0.23335067085597827
279,0.08135986328125,-0.486572265625,-0.20574951171875,-0.8450927734375,0.984268851902174,0.06529434867527174,0.16302224864130435,0.01617166270380434,0.9981689453125,0.04629383916440217,0.030085024626358717,0.023400348165760854,0.9928296959918478,0.005904487941576085,-0.02756666100543477,0.11576246178668477,0.9788818359375,-0.057192595108695655,-0.12531844429347827,0.15083113960597827,0.966080375339674,-0.012010657269021743,-0.1096907905910326,0.2332763671875
280,0.0815588909646739,-0.4864528490149457,-0.20586892832880435,-0.8450927734375,0.9842927352241848,0.06508735988451088,0.16296652088994565,0.016155740489130436,0.9981689453125,0.04608685037364131,0.030284052309782594,0.023400348165760875,0.9928376570991848,0.005721382472826093,-0.027311905570652186,0.11574653957201088,0.9788420304008152,-0.05736773947010869,-0.12544582201086957,0.15083910071331522,0.966064453125,-0.012201723845108689,-0.10988185716711957,0.23323656165081522
281,0.0816650390625,-0.48638916015625,-0.2059326171875,-0.8450927734375,0.98431396484375,0.0653129245923913,0.16297182829483695,0.015699303668478274,0.9981689453125,0.04595947265625,0.030517578125,0.0233154296875,0.99285888671875,0.005615234375,-0.027099609375,0.11566162109375,0.9789242951766304,-0.05752961531929348,-0.12479831861413046,0.1508523692255435,0.966064453125,-0.012363599694293478,-0.10933784816576089,0.23356031334918478
282,0.08169422978940218,-0.48600968070652173,-0.20578666355298914,-0.8453554899796196,0.9843723462975543,0.0656685207201087,0.1625578507133152,0.01543924082880435,0.9981689453125,0.0460762355638587,0.030488387398097824,0.0231986667798913,0.9928880774456522,0.005702806555706525,-0.02704122792119565,0.11545728600543477,0.9789455247961957,-0.05749777088994565,-0.1247346297554348,0.15082052479619565,0.9660060716711957,-0.012360945991847824,-0.10938296110733697,0.23379649286684784
283,0.08170219089673914,-0.48530910326086957,-0.20550802479619565,-0.8458331564198369,0.98443603515625,0.06615414826766305,0.16183338994565216,0.015287979789402164,0.9981689453125,0.04632302989130435,0.03012217646059781,0.02311905570652174,0.9928960385529891,0.005893873131793482,-0.02733578889266306,0.11528214164402174,0.9788818359375,-0.05738631538722826,-0.12517249065896738,0.15078071925951086,0.9658707328464674,-0.01235298488451087,-0.10997208305027174,0.2340034816576087
284,0.0816650390625,-0.48486328125,-0.205322265625,-0.84613037109375,0.98443603515625,0.06671142578125,0.1614990234375,0.01495361328125,0.9981689453125,0.0464530613111413,0.0297692340353261,0.023156207540760868,0.9928774626358695,0.005986752717391301,-0.027707307235054334,0.1153564453125,0.9788818359375,-0.05731201171875,-0.12506103515625,0.15081787109375,0.96575927734375,-0.01239013671875,-0.11004638671875,0.234375
285,0.08169157608695653,-0.4847438646399456,-0.20528246008831522,-0.8462099821671196,0.9844493036684783,0.06683084239130435,0.1613928753396739,0.014860733695652167,0.9981689453125,0.04635222061820653,0.030005413552989118,0.0230712890625,0.9929066533627717,0.005872643512228262,-0.027428668478260882,0.11534317680027174,0.9788818359375,-0.05733854874320653,-0.1250875721807065,0.15081787109375,0.9657460088315217,-0.012416673743206524,-0.11008619225543478,0.23441480553668478
286,0.081787109375,-0.48431396484375,-0.20513916015625,-0.84649658203125,0.9844970703125,0.0672607421875,0.1610107421875,0.0145263671875,0.9981689453125,0.04643979279891304,0.0296073581861413,0.023055366847826088,0.9928668478260869,0.00592041015625,-0.02789041270380435,0.11528744904891304,0.9788897970448369,-0.05743408203125,-0.12513533882472827,0.15082583220108695,0.9656982421875,-0.012528129245923912,-0.11018968665081522,0.23458198879076086
287,0.08179241677989131,-0.4843113111413043,-0.20513119904891305,-0.8464992357336957,0.9844944166100543,0.06728993291440218,0.16101339588994565,0.01451309867527174,0.9981689453125,0.046392026154891304,0.030451235563858696,0.022941257642663044,0.992919921875,0.005923063858695652,-0.027473781419836956,0.11522641389266304,0.97894287109375,-0.057431428328804345,-0.12482220193614131,0.15087094514266305,0.9656982421875,-0.01263427734375,-0.10992962381114131,0.23473324983016305
288,0.08190387228260869,-0.4842555833899457,-0.20496401579483695,-0.8465549634850543,0.9844386888586957,0.06790293817934782,0.16106912364130435,0.01423445991847826,0.9981689453125,0.046503481657608696,0.030339780061141304,0.022774074388586956,0.992919921875,0.005978791610054348,-0.027640964673913044,0.11505923063858696,0.97894287109375,-0.057375700577445655,-0.12493365743885869,0.15070376188858695,0.9656982421875,-0.01263427734375,-0.11004107931385869,0.23456606657608695
289,0.0819091796875,-0.4842529296875,-0.2049560546875,-0.8465576171875,0.98443603515625,0.06793212890625,0.16107177734375,0.01422119140625,0.9981689453125,0.0465087890625,0.029538361922554345,0.022872261379076088,0.992919921875,0.0059814453125,-0.027436629585597824,0.11499819548233696,0.9788897970448369,-0.057585343070652176,-0.12504511294157608,0.15090809697690216,0.9656451681385869,-0.012952721637228262,-0.11020560886548914,0.23477040166440216
290,0.08205247961956522,-0.48439622961956524,-0.20490828804347827,-0.8465098505434783,0.9843882685122283,0.06821872877038043,0.1614061438519022,0.01426895805027174,0.9982167119565217,0.046652088994565216,0.027938179347826074,0.02279265030570652,0.992919921875,0.005838145380434781,-0.02726148522418478,0.11494246773097826,0.9789296025815217,-0.0576171875,-0.12491773522418478,0.15074887483016305,0.9656849736752717,-0.01300048828125,-0.11008619225543478,0.23465894616168478
291,0.08209228515625,-0.48443603515625,-0.20489501953125,-0.84649658203125,0.9842900815217391,0.06872293223505435,0.1617113196331522,0.014834196671195659,0.99822998046875,0.04669189453125,0.02752685546875,0.02276611328125,0.992919921875,0.00579833984375,-0.0272216796875,0.11492919921875,0.9789004118546195,-0.05778702445652174,-0.1248779296875,0.15086563773777173,0.9656557829483695,-0.013127865998641306,-0.11025868291440218,0.234619140625
292,0.08231519616168478,-0.484733249830163,-0.20493217136548914,-0.8462736710258152,0.9842157778532609,0.06879723590353261,0.16210141389266305,0.01477846891983695,0.9982671323029891,0.046766198199728264,0.0269324261209239,0.022617505944293476,0.9929942255434783,0.005872643512228263,-0.02692446501358695,0.11459483271059782,0.9789561396059783,-0.05800993546195653,-0.12450641134510869,0.15075418223505435,0.9657486625339674,-0.013295049252717394,-0.10998004415760869,0.23443338145380435
293,0.08245849609375,-0.48492431640625,-0.2049560546875,-0.84613037109375,0.9841600501019022,0.06929878566576088,0.16232432489809784,0.015096913213315232,0.998291015625,0.04681396484375,0.02655029296875,0.02252197265625,0.9930419921875,0.00592041015625,-0.0267333984375,0.1143798828125,0.9789720618206522,-0.057946246603260865,-0.12433126698369565,0.15066661005434784,0.9657884680706522,-0.013271165930706518,-0.11015518851902176,0.23428212041440216
294,0.08261771824048914,-0.4851100755774457,-0.20508873980978262,-0.8459976859714674,0.9841043223505435,0.06966499660326086,0.16253927479619565,0.015404742697010868,0.998291015625,0.04694664996603261,0.026258385699728257,0.022468898607336956,0.9930419921875,0.005973484205163044,-0.0267333984375,0.11430027173913043,0.9789959451426631,-0.057986052139945655,-0.12417735224184782,0.15061618970788043,0.9658123513926631,-0.013342815896739132,-0.1102958347486413,0.23414678158967392
295,0.08293085512907608,-0.4854577105978261,-0.2053886081861413,-0.8456978175951086,0.9840273649796195,0.06973399286684782,0.1629081394361413,0.015494968580163035,0.998291015625,0.046949303668478264,0.0260062839673913,0.022314983865489132,0.9930632218070652,0.005893873131793482,-0.026563561480978267,0.11413308848505435,0.9790437117866848,-0.05833368716032608,-0.12388013756793478,0.15057638417119565,0.96588134765625,-0.013655952785326084,-0.11000658118206522,0.23392387058423914
296,0.0831298828125,-0.48565673828125,-0.20562744140625,-0.845458984375,0.98394775390625,0.07025146484375,0.16314697265625,0.01605224609375,0.998291015625,0.0467582370923913,0.026229194972826088,0.02215576171875,0.993087105129076,0.005774456521739126,-0.026340650475543476,0.11404551630434782,0.97900390625,-0.05853271484375,-0.12384033203125,0.15069580078125,0.96588134765625,-0.01385498046875,-0.11004638671875,0.2337646484375
297,0.08316172724184782,-0.48563550866168476,-0.20564867102581522,-0.8454695991847826,0.9839371390964674,0.07041068699048912,0.16309389860733695,0.01611593495244565,0.998291015625,0.04707668138586957,0.026152237601902176,0.022145146908967392,0.9930419921875,0.006183126698369567,-0.026632557744565216,0.11412512737771739,0.97900390625,-0.05853271484375,-0.12382971722146739,0.15070641559103262,0.9658707328464674,-0.013876210088315216,-0.11013130519701086,0.23378587805706522
298,0.08331298828125,-0.48553466796875,-0.20574951171875,-0.84552001953125,0.98388671875,0.0711669921875,0.162841796875,0.01641845703125,0.998291015625,0.046880307404891304,0.02605405061141304,0.022089419157608696,0.9930419921875,0.006002674932065217,-0.026712168817934784,0.11408532184103261,0.97900390625,-0.05853271484375,-0.123779296875,0.1507568359375,0.9658203125,-0.01397705078125,-0.11053466796875,0.23388671875
299,0.08331298828125,-0.48553466796875,-0.20574951171875,-0.84552001953125,0.98388671875,0.0711669921875,0.162841796875,0.01641845703125,0.998291015625,0.04693603515625,0.026611328125,0.02203369140625,0.9930419921875,0.0062255859375,-0.0264892578125,0.11419677734375,0.97900390625,-0.05853271484375,-0.123779296875,0.1507568359375,0.9658203125,-0.01397705078125,-0.11053466796875,0.23388671875
