timestep,imu0_w,imu0_x,imu0_y,imu0_z,imu1_w,imu1_x,imu1_y,imu1_z,imu2_w,imu2_x,imu2_y,imu2_z,imu3_w,imu3_x,imu3_y,imu3_z,imu4_w,imu4_x,imu4_y,imu4_z,imu5_w,imu5_x,imu5_y,imu5_z
0,0.927734375,-0.19189453125,-0.1075439453125,-0.30145263671875,0.5218505859375,0.42523193359375,0.37310791015625,0.638427734375,0.98480224609375,0.15374755859375,0.02850341796875,0.075439453125,0.97100830078125,0.1524658203125,-0.02471923828125,0.18218994140625,0.9010009765625,0.0732421875,-0.28790283203125,0.31591796875,0.95318603515625,-0.23016357421875,-0.127197265625,0.14898681640625
1,0.927734375,-0.19189453125,-0.1075439453125,-0.30145263671875,0.5218505859375,0.42523193359375,0.37310791015625,0.638427734375,0.98480224609375,0.15374755859375,0.02850341796875,0.075439453125,0.97100830078125,0.1524658203125,-0.02471923828125,0.18218994140625,0.9010009765625,0.0732421875,-0.28790283203125,0.31591796875,0.95318603515625,-0.23016357421875,-0.127197265625,0.14898681640625
2,0.9278295000261287,-0.1921323438153219,-0.10740125777330686,-0.30107213661423493,0.5215525547397575,0.4252731680471363,0.3733108163278637,0.6384681523045569,0.98480224609375,0.15344952739600753,0.028591398411371236,0.07574381238242058,0.9709948281380644,0.15241192973975753,-0.024570222682378764,0.18237223035117056,0.9010009765625,0.07286168739548494,-0.28780770700512126,0.31610821880225753,0.9529625117579431,-0.23069227339830686,-0.12739384373693563,0.14953531628867056
3,0.9278564453125,-0.19219970703125,-0.10736083984375,-0.30096435546875,0.5216064453125,0.42535400390625,0.37322998046875,0.638427734375,0.98480224609375,0.15350341796875,0.028564453125,0.07562255859375,0.9709674745897784,0.15226168935514214,-0.02418890605403428,0.1826592384772157,0.9010009765625,0.07275390625,-0.28778076171875,0.316162109375,0.9530029296875,-0.23065185546875,-0.12738037109375,0.1494140625
4,0.927978515625,-0.1923828125,-0.1070556640625,-0.30047607421875,0.521484375,0.42547607421875,0.373046875,0.6385498046875,0.98480224609375,0.15350341796875,0.0284423828125,0.07568359375,0.97100830078125,0.15228271484375,-0.02423095703125,0.182373046875,0.901123046875,0.07257080078125,-0.28741455078125,0.3162841796875,0.95294189453125,-0.23065185546875,-0.12725830078125,0.1497802734375
5,0.927978515625,-0.1923828125,-0.1070556640625,-0.30047607421875,0.521484375,0.42547607421875,0.373046875,0.6385498046875,0.98480224609375,0.15350341796875,0.0284423828125,0.07568359375,0.9709262401363922,0.15255625032660952,-0.023875360903532608,0.18264658235785952,0.901123046875,0.07257080078125,-0.28741455078125,0.3162841796875,0.95294189453125,-0.23065185546875,-0.12725830078125,0.1497802734375
6,0.92828369140625,-0.19171142578125,-0.10699462890625,-0.2999267578125,0.52130126953125,0.42547607421875,0.3731689453125,0.638671875,0.98480224609375,0.15338134765625,0.0286865234375,0.075927734375,0.97100830078125,0.152099609375,-0.0235595703125,0.1824951171875,0.90118408203125,0.072509765625,-0.28656005859375,0.3167724609375,0.952880859375,-0.23046875,-0.127685546875,0.15008544921875
7,0.92828369140625,-0.19171142578125,-0.10699462890625,-0.2999267578125,0.52130126953125,0.42547607421875,0.3731689453125,0.638671875,0.98480224609375,0.15338134765625,0.0286865234375,0.075927734375,0.970966658065949,0.152266180236204,-0.023295833115593644,0.18263392623850336,0.90118408203125,0.072509765625,-0.28656005859375,0.3167724609375,0.952880859375,-0.23046875,-0.127685546875,0.15008544921875
8,0.9285888671875,-0.191162109375,-0.10693359375,-0.29949951171875,0.5208740234375,0.42559814453125,0.373291015625,0.6387939453125,0.9847412109375,0.1533203125,0.02923583984375,0.076171875,0.97100830078125,0.1522216796875,-0.02252197265625,0.1827392578125,0.90130615234375,0.07196044921875,-0.28570556640625,0.3173828125,0.95281982421875,-0.23052978515625,-0.1273193359375,0.1505126953125
9,0.9285888671875,-0.191162109375,-0.10693359375,-0.29949951171875,0.5208740234375,0.42559814453125,0.373291015625,0.6387939453125,0.9847412109375,0.1533203125,0.02923583984375,0.076171875,0.970947265625,0.152099609375,-0.02117919921875,0.18328857421875,0.90130615234375,0.07196044921875,-0.28570556640625,0.3173828125,0.95281982421875,-0.23052978515625,-0.1273193359375,0.1505126953125
10,0.9286982813806438,-0.1910526951818562,-0.10655064407399666,-0.2992259762358905,0.5204363666649248,0.4258716800141095,0.3735098440112876,0.6389033595056438,0.984734882877822,0.1531435350909281,0.029774745571174748,0.07644765592339046,0.971001972721572,0.1519901951818562,-0.021562148894753344,0.18296033163931857,0.90130615234375,0.07113984277017141,-0.2853773238268186,0.31792988346571904,0.9526557029290342,-0.23091273483225336,-0.1274287501306438,0.15089564498850336
11,0.9287109375,-0.1910400390625,-0.10650634765625,-0.2991943359375,0.5203857421875,0.4259033203125,0.37353515625,0.638916015625,0.9847412109375,0.15313720703125,0.02972412109375,0.076416015625,0.9710562715562291,0.15149783131270902,-0.020599059037938964,0.18335410025606186,0.90130615234375,0.071044921875,-0.28533935546875,0.3179931640625,0.95263671875,-0.23095703125,-0.12744140625,0.15093994140625
12,0.9287934064067725,-0.191328680236204,-0.10605276866900083,-0.2989881636705686,0.520097101013796,0.42606825812604515,0.37353515625,0.6389984845317725,0.9847610116403637,0.1529177662520903,0.02996336257577341,0.07661565570129598,0.9710693359375,0.151655828673704,-0.02073705156511288,0.183183038513796,0.90130615234375,0.07038517062081939,-0.28517441765520485,0.3181993363294314,0.9525542498432275,-0.23120443797031773,-0.12735893734322742,0.15114611367318143
13,0.9288330078125,-0.19146728515625,-0.1058349609375,-0.29888916015625,0.51995849609375,0.4261474609375,0.37353515625,0.6390380859375,0.9847412109375,0.153076171875,0.02978515625,0.07647705078125,0.9710693359375,0.15138045601222827,-0.020590077275815216,0.18332041864809784,0.90130615234375,0.070068359375,-0.28509521484375,0.31829833984375,0.9525146484375,-0.2313232421875,-0.1273193359375,0.1512451171875
14,0.92889404296875,-0.19195556640625,-0.10540771484375,-0.2984619140625,0.51947021484375,0.426513671875,0.37335205078125,0.63934326171875,0.9847412109375,0.15313720703125,0.02960205078125,0.07647705078125,0.9710693359375,0.15155029296875,-0.02069091796875,0.18304443359375,0.901344937225648,0.07011816732859531,-0.28540590216084866,0.31799336819345736,0.9525146484375,-0.2313232421875,-0.1273193359375,0.1514892578125
15,0.92889404296875,-0.19195556640625,-0.10540771484375,-0.2984619140625,0.51947021484375,0.426513671875,0.37335205078125,0.63934326171875,0.9847412109375,0.15313720703125,0.02960205078125,0.07647705078125,0.970947265625,0.15167236328125,-0.020751953125,0.18377685546875,0.9012451171875,0.06988525390625,-0.28533935546875,0.318359375,0.9525146484375,-0.2313232421875,-0.1273193359375,0.1514892578125
16,0.92919921875,-0.1915283203125,-0.10552978515625,-0.29779052734375,0.5191650390625,0.4266357421875,0.37322998046875,0.6395263671875,0.9847412109375,0.1529541015625,0.02984619140625,0.07666015625,0.97113037109375,0.151123046875,-0.02069091796875,0.18316650390625,0.901123046875,0.06988525390625,-0.28546142578125,0.31854248046875,0.9522705078125,-0.2315673828125,-0.12823486328125,0.1517333984375
17,0.92919921875,-0.1915283203125,-0.10552978515625,-0.29779052734375,0.5191650390625,0.4266357421875,0.37322998046875,0.6395263671875,0.9847412109375,0.1529541015625,0.02984619140625,0.07666015625,0.97088623046875,0.15167236328125,-0.020751953125,0.18402099609375,0.901123046875,0.06988525390625,-0.28546142578125,0.31854248046875,0.9522705078125,-0.2315673828125,-0.12823486328125,0.1517333984375
18,0.92950439453125,-0.19110107421875,-0.10565185546875,-0.297119140625,0.518798828125,0.4267578125,0.373291015625,0.63970947265625,0.9847412109375,0.15283203125,0.02996826171875,0.076904296875,0.9710693359375,0.151123046875,-0.02069091796875,0.183349609375,0.90118408203125,0.06951904296875,-0.28509521484375,0.31878662109375,0.95208740234375,-0.23211669921875,-0.12860107421875,0.15179443359375
19,0.92950439453125,-0.19110107421875,-0.10565185546875,-0.297119140625,0.518798828125,0.4267578125,0.373291015625,0.63970947265625,0.9847412109375,0.15283203125,0.02996826171875,0.076904296875,0.9710142205790134,0.15101281615802675,-0.020525571893290132,0.18390076295986624,0.90118408203125,0.06951904296875,-0.28509521484375,0.31878662109375,0.95208740234375,-0.23211669921875,-0.12860107421875,0.15179443359375
20,0.92962646484375,-0.19140625,-0.10540771484375,-0.296630859375,0.51849365234375,0.42706298828125,0.37310791015625,0.63983154296875,0.9847412109375,0.1529541015625,0.0299072265625,0.076904296875,0.9710693359375,0.1512451171875,-0.02069091796875,0.18341064453125,0.9011736713524248,0.0691930458298495,-0.2852299412756062,0.31875681797397576,0.95208740234375,-0.23211669921875,-0.12860107421875,0.15167236328125
21,0.92962646484375,-0.19140625,-0.10540771484375,-0.296630859375,0.51849365234375,0.42706298828125,0.37310791015625,0.63983154296875,0.9847412109375,0.1529541015625,0.0299072265625,0.076904296875,0.97100830078125,0.151123046875,-0.02032470703125,0.18402099609375,0.901123046875,0.069091796875,-0.28521728515625,0.31890869140625,0.95208740234375,-0.23211669921875,-0.12860107421875,0.15167236328125
22,0.92974853515625,-0.191650390625,-0.10504150390625,-0.296142578125,0.5184326171875,0.4271240234375,0.373046875,0.63995361328125,0.9847412109375,0.1529541015625,0.02984619140625,0.07696533203125,0.9710693359375,0.15130615234375,-0.0206298828125,0.1834716796875,0.9011403980063755,0.06902198408758362,-0.2854177417563754,0.3187172165682483,0.9521484375,-0.23199462890625,-0.128662109375,0.151611328125
23,0.92974853515625,-0.191650390625,-0.10504150390625,-0.296142578125,0.5184326171875,0.4271240234375,0.373046875,0.63995361328125,0.9847412109375,0.1529541015625,0.02984619140625,0.07696533203125,0.970947265625,0.15118408203125,-0.0201416015625,0.1842041015625,0.90106201171875,0.0689697265625,-0.28533935546875,0.31903076171875,0.9521484375,-0.23199462890625,-0.128662109375,0.151611328125
24,0.92999267578125,-0.1917724609375,-0.1046142578125,-0.2955322265625,0.518310546875,0.42730712890625,0.37286376953125,0.6400146484375,0.9847412109375,0.15301513671875,0.02978515625,0.076904296875,0.9710693359375,0.1512451171875,-0.02056884765625,0.18353271484375,0.9011593821854097,0.06874375359270485,-0.2855587962479097,0.31865944750731606,0.95208740234375,-0.2320556640625,-0.12896728515625,0.1517333984375
25,0.92999267578125,-0.1917724609375,-0.1046142578125,-0.2955322265625,0.518310546875,0.42730712890625,0.37286376953125,0.6400146484375,0.9847412109375,0.15301513671875,0.02978515625,0.076904296875,0.97088623046875,0.1512451171875,-0.020751953125,0.18426513671875,0.9010009765625,0.06866455078125,-0.285400390625,0.3192138671875,0.95208740234375,-0.2320556640625,-0.12896728515625,0.1517333984375
26,0.93017578125,-0.19158935546875,-0.10455322265625,-0.29498291015625,0.51824951171875,0.42730712890625,0.37286376953125,0.6400146484375,0.9847412109375,0.1527099609375,0.02984619140625,0.07708740234375,0.9710693359375,0.1510009765625,-0.02081298828125,0.1837158203125,0.9011601987092391,0.06830630095108696,-0.285392429517663,0.3188582710597826,0.95196533203125,-0.2322998046875,-0.1290283203125,0.15191650390625
27,0.93017578125,-0.19158935546875,-0.10455322265625,-0.29498291015625,0.51824951171875,0.42730712890625,0.37286376953125,0.6400146484375,0.9847412109375,0.1527099609375,0.02984619140625,0.07708740234375,0.970947265625,0.1513671875,-0.0208740234375,0.18408203125,0.9010009765625,0.068359375,-0.28533935546875,0.3193359375,0.95196533203125,-0.2322998046875,-0.1290283203125,0.15191650390625
28,0.93035888671875,-0.19146728515625,-0.1043701171875,-0.294677734375,0.5182270573134407,0.42736265252665134,0.37290827007995403,0.639998113829954,0.9847412109375,0.15277099609375,0.02996826171875,0.07720947265625,0.97100830078125,0.15118408203125,-0.02105712890625,0.1837158203125,0.901123046875,0.068115234375,-0.2855224609375,0.31903076171875,0.95196533203125,-0.23214976843384197,-0.1289783082279473,0.15205000555236203
29,0.93035888671875,-0.19146728515625,-0.1043701171875,-0.294677734375,0.5181884765625,0.4273681640625,0.3729248046875,0.6400146484375,0.9847412109375,0.15277099609375,0.02996826171875,0.07720947265625,0.970947265625,0.15118408203125,-0.0205078125,0.18414306640625,0.90106201171875,0.06842041015625,-0.28521728515625,0.31939697265625,0.95196533203125,-0.23211669921875,-0.12896728515625,0.152099609375
30,0.93048095703125,-0.1915283203125,-0.1038818359375,-0.29437255859375,0.5181884765625,0.427490234375,0.37286376953125,0.6400146484375,0.9847412109375,0.15277099609375,0.02996826171875,0.07720947265625,0.97100830078125,0.1512451171875,-0.02099609375,0.183837890625,0.9010199607415342,0.06802296718227424,-0.2852240214778428,0.3194322873118729,0.9519422652330686,-0.23220080117318143,-0.1290201550742057,0.15205490469533864
31,0.93048095703125,-0.1915283203125,-0.1038818359375,-0.29437255859375,0.5181884765625,0.427490234375,0.37286376953125,0.6400146484375,0.9847412109375,0.15277099609375,0.02996826171875,0.07720947265625,0.970947265625,0.15118408203125,-0.02081298828125,0.18426513671875,0.9010009765625,0.06787109375,-0.2850341796875,0.31964111328125,0.951904296875,-0.23223876953125,-0.12890625,0.15228271484375
32,0.9305419921875,-0.19171142578125,-0.103515625,-0.2940673828125,0.51806640625,0.427490234375,0.37255859375,0.6402587890625,0.9847412109375,0.15289306640625,0.02960205078125,0.07733154296875,0.970947265625,0.1513671875,-0.0211181640625,0.18389892578125,0.9010334333847199,0.06798928557431021,-0.2852536204666597,0.3194749506819607,0.95196533203125,-0.23199462890625,-0.12908935546875,0.15228271484375
33,0.9305419921875,-0.19171142578125,-0.103515625,-0.2940673828125,0.51806640625,0.427490234375,0.37255859375,0.6402587890625,0.9847412109375,0.15289306640625,0.02960205078125,0.07733154296875,0.9708251953125,0.15167236328125,-0.0211181640625,0.184326171875,0.9010009765625,0.06805419921875,-0.28515625,0.3197021484375,0.95196533203125,-0.23199462890625,-0.12908935546875,0.15228271484375
34,0.9307861328125,-0.1912841796875,-0.10345458984375,-0.293701171875,0.51806640625,0.427490234375,0.37261962890625,0.64019775390625,0.9847412109375,0.15283203125,0.0296630859375,0.077392578125,0.970947265625,0.15118408203125,-0.021240234375,0.18402099609375,0.9010469060279055,0.06765593972094482,-0.2850505101640886,0.3196247828046614,0.95196533203125,-0.2318115234375,-0.12921142578125,0.15234375
35,0.9307861328125,-0.1912841796875,-0.10345458984375,-0.293701171875,0.51806640625,0.427490234375,0.37261962890625,0.64019775390625,0.9847412109375,0.15283203125,0.0296630859375,0.077392578125,0.9708251953125,0.1517333984375,-0.02093505859375,0.1844482421875,0.9010009765625,0.068115234375,-0.28472900390625,0.3199462890625,0.95196533203125,-0.2318115234375,-0.12921142578125,0.15234375
36,0.93096923828125,-0.191162109375,-0.1031494140625,-0.29327392578125,0.51806640625,0.42755126953125,0.3726806640625,0.64019775390625,0.9847412109375,0.15289306640625,0.02947998046875,0.077392578125,0.97088623046875,0.15155029296875,-0.021240234375,0.1839599609375,0.9011165146843646,0.06780352640311454,-0.2849682453882734,0.31960130774456524,0.95184326171875,-0.23211669921875,-0.12933349609375,0.15264892578125
37,0.93096923828125,-0.191162109375,-0.1031494140625,-0.29327392578125,0.51806640625,0.42755126953125,0.3726806640625,0.64019775390625,0.9847412109375,0.15289306640625,0.02947998046875,0.077392578125,0.9708251953125,0.1513671875,-0.02093505859375,0.1846923828125,0.90087890625,0.06756591796875,-0.2847900390625,0.32037353515625,0.95184326171875,-0.23211669921875,-0.12933349609375,0.15264892578125
38,0.93115234375,-0.1912841796875,-0.1026611328125,-0.2928466796875,0.51806640625,0.42755126953125,0.37255859375,0.64019775390625,0.9847412109375,0.15283203125,0.02935791015625,0.07763671875,0.97088623046875,0.1514892578125,-0.02142333984375,0.1842041015625,0.90093994140625,0.06744384765625,-0.28515625,0.31982421875,0.9518059057535535,-0.2321540551839465,-0.1294792455973035,0.15272731206887544
39,0.93115234375,-0.1912841796875,-0.1026611328125,-0.2928466796875,0.51806640625,0.42755126953125,0.37255859375,0.64019775390625,0.9847412109375,0.15283203125,0.02935791015625,0.07763671875,0.97076416015625,0.15155029296875,-0.020751953125,0.18487548828125,0.90087890625,0.0673828125,-0.28466796875,0.32061767578125,0.9517822265625,-0.232177734375,-0.12945556640625,0.15289306640625
40,0.93133544921875,-0.1912841796875,-0.1021728515625,-0.29241943359375,0.5181884765625,0.42742919921875,0.37255859375,0.64019775390625,0.9847412109375,0.15252685546875,0.029541015625,0.0780029296875,0.9708251953125,0.1514892578125,-0.021240234375,0.18438720703125,0.90093994140625,0.06719970703125,-0.2850341796875,0.32012939453125,0.9517718158836748,-0.23231021536632526,-0.12952109244356186,0.15268607761548914
41,0.93133544921875,-0.1912841796875,-0.1021728515625,-0.29241943359375,0.5181884765625,0.42742919921875,0.37255859375,0.64019775390625,0.9847412109375,0.15252685546875,0.029541015625,0.0780029296875,0.97076416015625,0.151123046875,-0.02081298828125,0.18511962890625,0.90081787109375,0.0667724609375,-0.28460693359375,0.3209228515625,0.95172119140625,-0.23236083984375,-0.12939453125,0.15301513671875
42,0.93145751953125,-0.19140625,-0.10174560546875,-0.2921142578125,0.51873779296875,0.4271240234375,0.37261962890625,0.63995361328125,0.9847412109375,0.15240478515625,0.0294189453125,0.078125,0.9708251953125,0.15106711499268394,-0.021039981905831937,0.18484241906615803,0.900923406798704,0.06644442248902592,-0.2846616406903219,0.32069585793791805,0.95172119140625,-0.23260498046875,-0.12908935546875,0.15301513671875
43,0.93145751953125,-0.19140625,-0.10174560546875,-0.2921142578125,0.51873779296875,0.4271240234375,0.37261962890625,0.63995361328125,0.9847412109375,0.15240478515625,0.0294189453125,0.078125,0.9708251953125,0.1507568359375,-0.02069091796875,0.18499755859375,0.9010009765625,0.06597900390625,-0.28411865234375,0.321044921875,0.95172119140625,-0.23260498046875,-0.12908935546875,0.15301513671875
44,0.931396484375,-0.19183349609375,-0.10137939453125,-0.2921142578125,0.51910400390625,0.42706298828125,0.37286376953125,0.6395263671875,0.9847412109375,0.15234375,0.02947998046875,0.078125,0.9707904930497492,0.1510958974576714,-0.02099609375,0.1849365234375,0.9009662742997492,0.06614332932692307,-0.28437953170725333,0.32090570456208195,0.95166015625,-0.2330322265625,-0.12841796875,0.15313720703125
45,0.931396484375,-0.19183349609375,-0.10137939453125,-0.2921142578125,0.51910400390625,0.42706298828125,0.37286376953125,0.6395263671875,0.9847473348662208,0.15230292380852842,0.02948202177832358,0.07812295869042642,0.970947265625,0.15020751953125,-0.02099609375,0.1849365234375,0.901123046875,0.06494140625,-0.28375244140625,0.3211669921875,0.95166015625,-0.2330322265625,-0.12841796875,0.15313720703125
46,0.93121337890625,-0.1927490234375,-0.10089111328125,-0.292236328125,0.5193011944110577,0.42715219350961536,0.3727463942307692,0.6393385667067307,0.98480224609375,0.152099609375,0.02923583984375,0.078125,0.97076416015625,0.15118408203125,-0.0213623046875,0.1849365234375,0.9010009765625,0.0657958984375,-0.28424072265625,0.32086181640625,0.9516225961538461,-0.2333514873798077,-0.1282207782451923,0.15317946213942307
47,0.93121337890625,-0.1927490234375,-0.10089111328125,-0.292236328125,0.51934814453125,0.4271240234375,0.372802734375,0.6392822265625,0.98480224609375,0.152099609375,0.02923583984375,0.078125,0.97100830078125,0.14984130859375,-0.02105712890625,0.1849365234375,0.90118408203125,0.06396484375,-0.28387451171875,0.3211669921875,0.95159912109375,-0.23345947265625,-0.128173828125,0.1531982421875
48,0.9310302734375,-0.19342041015625,-0.10052490234375,-0.29248046875,0.51934814453125,0.42706298828125,0.37261962890625,0.639404296875,0.98480224609375,0.15191650390625,0.02923583984375,0.07830810546875,0.9708251953125,0.15057373046875,-0.0213623046875,0.18505859375,0.9010009765625,0.06463623046875,-0.28424072265625,0.32110595703125,0.9516354564041597,-0.23319859329274667,-0.12800746139475333,0.15341257969272576
49,0.9310302734375,-0.19342041015625,-0.10052490234375,-0.29248046875,0.51934814453125,0.42706298828125,0.37261962890625,0.639404296875,0.98480224609375,0.15191650390625,0.02923583984375,0.07830810546875,0.970947265625,0.15020751953125,-0.02099609375,0.18499755859375,0.9012451171875,0.06365966796875,-0.2833251953125,0.32147216796875,0.95159912109375,-0.2333984375,-0.1278076171875,0.15350341796875
50,0.93109130859375,-0.1932373046875,-0.100341796875,-0.2926025390625,0.5196533203125,0.42730712890625,0.3724365234375,0.63916015625,0.98486328125,0.1517333984375,0.029296875,0.07830810546875,0.970947265625,0.1500244140625,-0.02117919921875,0.18511962890625,0.90118408203125,0.0634765625,-0.28350830078125,0.32159423828125,0.951596875653219,-0.23340292838106186,-0.12778720409176422,0.15353281282660952
51,0.93109130859375,-0.1932373046875,-0.100341796875,-0.2926025390625,0.5196533203125,0.42730712890625,0.3724365234375,0.63916015625,0.98486328125,0.1517333984375,0.029296875,0.07830810546875,0.970947265625,0.1502685546875,-0.020751953125,0.1849365234375,0.90142822265625,0.06329345703125,-0.282470703125,0.32171630859375,0.95166015625,-0.2332763671875,-0.12750244140625,0.153564453125
52,0.93109130859375,-0.1929931640625,-0.10009765625,-0.292724609375,0.51971435546875,0.4276123046875,0.372314453125,0.63897705078125,0.98486328125,0.1517333984375,0.02935791015625,0.07843017578125,0.970931343410326,0.15011729364809784,-0.020820949388586956,0.18513555112092392,0.9013990319293478,0.06309442934782608,-0.282523777173913,0.3219020677649457,0.951615043308424,-0.23339578379755435,-0.1276802394701087,0.15364141049592392
53,0.9311004944868311,-0.19295642049017558,-0.10002416910535117,-0.2927429811611622,0.5197510990410744,0.4275571893290134,0.3722777095526756,0.6390137943535744,0.9848540953569189,0.1517242125444189,0.02940383962165552,0.07844854756741221,0.97088623046875,0.1501799618520067,-0.02040738006897994,0.1851898499555811,0.9014617001332567,0.06301257283392558,-0.28205590901964883,0.32209170542433113,0.9516509703569189,-0.2332337038174122,-0.12740200897522994,0.1536773375444189
54,0.93115234375,-0.1927490234375,-0.099609375,-0.2928466796875,0.5201416015625,0.4278564453125,0.3720703125,0.638671875,0.98480224609375,0.15167236328125,0.0296630859375,0.07855224609375,0.9708886800402383,0.15002931320547658,-0.020832380722199003,0.1852343505042851,0.9013208497726798,0.06279537749529683,-0.28241926212374585,0.3221484538304766,0.9517822265625,-0.2330322265625,-0.12689208984375,0.153564453125
55,0.93115234375,-0.1927490234375,-0.099609375,-0.2928466796875,0.5201416015625,0.4278564453125,0.3720703125,0.638671875,0.98480224609375,0.15167236328125,0.0296630859375,0.07855224609375,0.970947265625,0.150146484375,-0.01983642578125,0.18505859375,0.90167236328125,0.06256103515625,-0.28118896484375,0.322265625,0.9517822265625,-0.2330322265625,-0.12689208984375,0.153564453125
56,0.93115234375,-0.19287109375,-0.09893798828125,-0.29302978515625,0.5203526729724081,0.42806241344847407,0.3716820554191054,0.6385379650919732,0.98480224609375,0.15167236328125,0.0294189453125,0.07855224609375,0.97088623046875,0.15032958984375,-0.0205078125,0.1851806640625,0.9014892578125,0.06268310546875,-0.2818603515625,0.322265625,0.9516822023933946,-0.23323819469847407,-0.12715235681438128,0.15369244323526338
57,0.93115234375,-0.19287109375,-0.09893798828125,-0.29302978515625,0.5203857421875,0.42816162109375,0.3717041015625,0.638427734375,0.98480224609375,0.15167236328125,0.0294189453125,0.07855224609375,0.970947265625,0.1500244140625,-0.020263671875,0.18524169921875,0.901611328125,0.06195068359375,-0.28131103515625,0.32257080078125,0.95166015625,-0.23333740234375,-0.1270751953125,0.15374755859375
58,0.93115234375,-0.19287109375,-0.09857177734375,-0.29315185546875,0.5203736984610159,0.4282342917145694,0.37149650037886706,0.6385257172345318,0.98486328125,0.15155029296875,0.029296875,0.07855224609375,0.97088623046875,0.15013403238660117,-0.02044718560566471,0.185302734375,0.9014892578125,0.06213338080058529,-0.28164070665238294,0.3226318359375,0.9516966956913671,-0.23309366998066472,-0.12746590196488294,0.15372306287886706
59,0.93115234375,-0.19287109375,-0.09857177734375,-0.29315185546875,0.52032470703125,0.42840576171875,0.37152099609375,0.638427734375,0.98486328125,0.15155029296875,0.029296875,0.07855224609375,0.97088623046875,0.15020751953125,-0.02032470703125,0.185302734375,0.9014892578125,0.062255859375,-0.2816162109375,0.3226318359375,0.95172119140625,-0.23297119140625,-0.12744140625,0.15374755859375
60,0.93121337890625,-0.1923828125,-0.09832763671875,-0.2933349609375,0.5203694117109113,0.42814814845056437,0.3716661332044314,0.6384806042929557,0.98486328125,0.1513671875,0.02972412109375,0.07879638671875,0.9709092972669314,0.14982640703386288,-0.020353081234322733,0.18543154100909282,0.9013753527382943,0.06185168007943144,-0.2816758171770485,0.32282984296613715,0.9515842195338629,-0.23328310350909282,-0.1277384167929557,0.15378552695181857
61,0.93121337890625,-0.1923828125,-0.09832763671875,-0.2933349609375,0.5201416015625,0.42852783203125,0.3717041015625,0.63836669921875,0.98486328125,0.1513671875,0.02972412109375,0.07879638671875,0.970947265625,0.14990234375,-0.0198974609375,0.18524169921875,0.9014892578125,0.0618896484375,-0.2813720703125,0.32275390625,0.95166015625,-0.23309326171875,-0.12762451171875,0.15374755859375
62,0.93115234375,-0.1925048828125,-0.09783935546875,-0.29364013671875,0.5200421897862667,0.4283700388012124,0.37140504970997074,0.6387363803825251,0.98486328125,0.15142822265625,0.02972412109375,0.078857421875,0.9708443836224916,0.15009851360002088,-0.020289800637541794,0.18551809253501253,0.9013349348087375,0.062015188976275074,-0.2817452217025502,0.32289516487249165,0.9516505620950042,-0.2329066860237249,-0.1280395099550585,0.1537859352137333
63,0.93115234375,-0.192507740645903,-0.09780220363451086,-0.29365156805236203,0.5198421414480561,0.42881586081208195,0.3717365583847199,0.6384505970422241,0.984860423416597,0.15143679615645902,0.02972412109375,0.078857421875,0.9709415499581939,0.14984988209395902,-0.019812542459239135,0.18537234303145902,0.901477826478888,0.06170940080215301,-0.28116508152173914,0.32300090470840304,0.95159912109375,-0.23320675853104098,-0.12735648777173914,0.15398598355194398
64,0.93115234375,-0.19256591796875,-0.0970458984375,-0.29388427734375,0.51995849609375,0.428466796875,0.37115478515625,0.638916015625,0.98480224609375,0.151611328125,0.02972412109375,0.078857421875,0.9708251953125,0.1500244140625,-0.02056884765625,0.185546875,0.9012451171875,0.061767578125,-0.28192138671875,0.32305908203125,0.95159912109375,-0.2330322265625,-0.12811279296875,0.15386962890625
65,0.93115234375,-0.19256591796875,-0.0970458984375,-0.29388427734375,0.5196533203125,0.42901611328125,0.37158203125,0.63848876953125,0.98480224609375,0.151611328125,0.02972412109375,0.078857421875,0.9708251953125,0.15020751953125,-0.01971435546875,0.18548583984375,0.90130615234375,0.06170654296875,-0.281494140625,0.32330322265625,0.95172119140625,-0.2327880859375,-0.1275634765625,0.15399169921875
66,0.93121337890625,-0.1923828125,-0.0965576171875,-0.29400634765625,0.51983642578125,0.42878095441837377,0.3715126267244983,0.6385581740567516,0.98486328125,0.15130615234375,0.029541015625,0.078857421875,0.9708688793373745,0.14995439714412626,-0.020115268669000836,0.18560791015625,0.901123046875,0.0615234375,-0.28192138671875,0.3233642578125,0.9515554370688755,-0.23312857637437293,-0.12798174089412626,0.15410540016199833
67,0.93121337890625,-0.1923828125,-0.0965576171875,-0.29400634765625,0.51983642578125,0.4288330078125,0.37158203125,0.63848876953125,0.98486328125,0.15130615234375,0.029541015625,0.078857421875,0.97088623046875,0.14990234375,-0.02008056640625,0.18560791015625,0.901123046875,0.06109619140625,-0.2818603515625,0.32354736328125,0.9515380859375,-0.23321533203125,-0.1279296875,0.1541748046875
68,0.93115234375,-0.1925048828125,-0.0963134765625,-0.29412841796875,0.519745179243311,0.4288323954196279,0.3714285247700669,0.6386724873928721,0.98486328125,0.1514892578125,0.02923583984375,0.078857421875,0.9708251953125,0.15008544921875,-0.020264284267872072,0.18563934632368312,0.90106201171875,0.06121826171875,-0.2821044921875,0.32354736328125,0.951568297319189,-0.23297180379912208,-0.12802277121655517,0.15411376953125
69,0.93115234375,-0.1925048828125,-0.0963134765625,-0.29412841796875,0.51971435546875,0.42889404296875,0.37152099609375,0.63861083984375,0.98486328125,0.1514892578125,0.02923583984375,0.078857421875,0.9708251953125,0.15008544921875,-0.02020263671875,0.185546875,0.90118408203125,0.06134033203125,-0.28179931640625,0.32342529296875,0.95159912109375,-0.23291015625,-0.12786865234375,0.15411376953125
70,0.93115234375,-0.19244384765625,-0.09625244140625,-0.294189453125,0.519775390625,0.4288664852895067,0.37150425735524667,0.6385941011052466,0.98486328125,0.1514892578125,0.02923583984375,0.07879638671875,0.9708419340510034,0.15003523300323995,-0.020246933136496656,0.18559117141774664,0.90118408203125,0.061279296875,-0.2818603515625,0.323486328125,0.9515823823552466,-0.2330046688832567,-0.1279631649770067,0.1540802920542433
71,0.9311423413330895,-0.19246385249007106,-0.09625244140625,-0.2941994555419105,0.519755385791179,0.4289650805419105,0.3714599609375,0.6385598071044105,0.9848532788330895,0.1514892578125,0.029225837426839464,0.07881639155257107,0.9708762280518395,0.14992234858382106,-0.020192634301839464,0.18555687741691054,0.9011130444580895,0.06106516350073161,-0.281982421875,0.3234963305419105,0.9515480883544105,-0.23307325688492894,-0.1280517578125,0.15400170163566054
72,0.93109130859375,-0.19256591796875,-0.09625244140625,-0.29425048828125,0.5196467881218646,0.4290193793765677,0.3714566948421823,0.6386141059390678,0.98480224609375,0.1514892578125,0.0291748046875,0.07891845703125,0.9708251953125,0.15002768015781773,-0.02015139984845318,0.18561444234688546,0.90106201171875,0.06121826171875,-0.281982421875,0.32354736328125,0.95159912109375,-0.23296465921561454,-0.12806155609845318,0.15405600047031773
73,0.93109130859375,-0.19256591796875,-0.09625244140625,-0.29425048828125,0.51953125,0.4290771484375,0.37139892578125,0.638671875,0.98480224609375,0.1514892578125,0.0291748046875,0.07891845703125,0.9708251953125,0.15008544921875,-0.02032470703125,0.18572998046875,0.90106201171875,0.06134033203125,-0.28192138671875,0.3236083984375,0.95159912109375,-0.23284912109375,-0.12823486328125,0.15411376953125
74,0.93115234375,-0.19232177734375,-0.09619140625,-0.29425048828125,0.51971435546875,0.42889404296875,0.3714599609375,0.638671875,0.98480224609375,0.1514892578125,0.02947998046875,0.0789794921875,0.9708251953125,0.15014628024404264,-0.019979113320443137,0.18572998046875,0.90106201171875,0.06109619140625,-0.281982421875,0.32366943359375,0.9515380859375,-0.23309326171875,-0.1282958984375,0.15411376953125
75,0.93115234375,-0.19232177734375,-0.09619140625,-0.29425048828125,0.5194091796875,0.4290771484375,0.37139892578125,0.63873291015625,0.98480224609375,0.1514892578125,0.02947998046875,0.0789794921875,0.9708251953125,0.15020751953125,-0.0198974609375,0.18572998046875,0.901123046875,0.0611572265625,-0.28155517578125,0.32379150390625,0.95159912109375,-0.23284912109375,-0.12811279296875,0.1541748046875
76,0.93121337890625,-0.19244384765625,-0.09600830078125,-0.294189453125,0.51947021484375,0.42913818359375,0.3712158203125,0.6387939453125,0.98480224609375,0.15142822265625,0.029296875,0.0789794921875,0.9708251953125,0.15010545405257106,-0.020192634301839468,0.18571997805183946,0.901123046875,0.06121826171875,-0.28173828125,0.32366943359375,0.95166015625,-0.23272705078125,-0.12823486328125,0.15399169921875
77,0.93121337890625,-0.19244384765625,-0.09600830078125,-0.294189453125,0.5194091796875,0.4290771484375,0.371337890625,0.6387939453125,0.98480224609375,0.15142822265625,0.029296875,0.0789794921875,0.9708251953125,0.14996337890625,-0.020263671875,0.185791015625,0.9010009765625,0.06072998046875,-0.28204345703125,0.32379150390625,0.95147705078125,-0.2332763671875,-0.12823486328125,0.154052734375
78,0.93115234375,-0.19281005859375,-0.09600830078125,-0.29412841796875,0.519287109375,0.42938232421875,0.37115478515625,0.63885498046875,0.98480224609375,0.1514892578125,0.02923583984375,0.07904052734375,0.9708251953125,0.15018628991168478,-0.02027428668478261,0.18571671195652173,0.90106201171875,0.06103515625,-0.2821044921875,0.3236083984375,0.95159912109375,-0.23291015625,-0.12811279296875,0.15399169921875
79,0.93115234375,-0.19284435259458613,-0.09604259478208611,-0.2940769769674958,0.519287109375,0.42920677159542225,0.3712158203125,0.6388817216241639,0.98480224609375,0.15150640481291805,0.02927013384458612,0.07905767434416806,0.9708251953125,0.14999767290708613,-0.02033430118624582,0.18573957462374582,0.9010791587191681,0.06093023293791806,-0.2819481278741639,0.3236179925924958,0.9516162680941681,-0.23293689740541387,-0.12806135196749582,0.15389637006166387
80,0.93115234375,-0.19293212890625,-0.09613037109375,-0.2939453125,0.519287109375,0.429340681503449,0.3711949989548495,0.638835588027801,0.98480224609375,0.15155029296875,0.02935791015625,0.0791015625,0.97076416015625,0.1500244140625,-0.02044677734375,0.18597412109375,0.901123046875,0.06097412109375,-0.2818603515625,0.323486328125,0.9516393348923495,-0.23285953177257526,-0.1280337942882525,0.1538294151076505
81,0.9311560181072325,-0.1929247801917851,-0.09614874287991221,-0.2939306150710702,0.5192907837322325,0.4291455323082149,0.3711084474289298,0.6390197141513377,0.9848059204509825,0.1515319211825878,0.02935791015625,0.07910523685723245,0.9707678345134825,0.1500133909908027,-0.020428405557587792,0.18595942366482024,0.9009472901207148,0.06102413317830267,-0.2822692258700878,0.3237231200355351,0.9515380859375,-0.2329211793216973,-0.12851799291910534,0.15392698970526755
82,0.93121337890625,-0.19281005859375,-0.096435546875,-0.293701171875,0.51934814453125,0.42926025390625,0.371337890625,0.63873291015625,0.98486328125,0.1512451171875,0.02935791015625,0.07916259765625,0.9708251953125,0.14989928178563963,-0.0203155211381689,0.1859039000444189,0.90106201171875,0.06085205078125,-0.281982421875,0.3236083984375,0.9515380859375,-0.23309326171875,-0.128173828125,0.15386962890625
83,0.93121337890625,-0.19281005859375,-0.096435546875,-0.293701171875,0.519287109375,0.42919921875,0.37139892578125,0.63885498046875,0.98486328125,0.1512451171875,0.02935791015625,0.07916259765625,0.9708251953125,0.14990234375,-0.02032470703125,0.1859130859375,0.90106201171875,0.060791015625,-0.281982421875,0.32373046875,0.95147705078125,-0.23321533203125,-0.1282958984375,0.15399169921875
84,0.93121337890625,-0.19305419921875,-0.09637451171875,-0.29364013671875,0.51922607421875,0.42938232421875,0.3712158203125,0.63885498046875,0.98486328125,0.1512451171875,0.0294189453125,0.0791015625,0.9708251953125,0.15008544921875,-0.02008056640625,0.18585205078125,0.90106201171875,0.06097412109375,-0.28204345703125,0.3236083984375,0.95159912109375,-0.23297119140625,-0.12823486328125,0.15386962890625
85,0.9311756146791388,-0.19324302035430602,-0.09618569058319398,-0.29364013671875,0.5191883099916388,0.4293590532896112,0.37117234041858277,0.6389072379938336,0.9848255170228888,0.1513206456417224,0.029343416858277595,0.0791770909542224,0.9707874310853888,0.15027427035430602,-0.020231623314694813,0.18581428655413879,0.9010852826478888,0.06075896706469481,-0.2818893381584448,0.3236782112249164,0.9516136143917224,-0.23296547573944398,-0.12792090986883362,0.1540382410770276
86,0.93115234375,-0.193359375,-0.0960693359375,-0.29364013671875,0.5191650390625,0.42938232421875,0.37103271484375,0.63897705078125,0.98480224609375,0.1513671875,0.029296875,0.0792236328125,0.97076416015625,0.1500244140625,-0.0203857421875,0.18597412109375,0.90106201171875,0.06085205078125,-0.281982421875,0.3236083984375,0.95166015625,-0.23284912109375,-0.12799072265625,0.15399169921875
87,0.9311766353339256,-0.19331079183214883,-0.09614221068927675,-0.29359155355089883,0.5191525870741012,0.42938232421875,0.37120336832410117,0.6389041760294732,0.98480224609375,0.1513671875,0.02939404133570234,0.07927221598035117,0.9707884517401756,0.14997583089464883,-0.020312867435723244,0.18592553792589883,0.9010495597303512,0.06065710571697325,-0.28203161743572325,0.32373046875,0.9515380859375,-0.23316613647052675,-0.12797888306072325,0.15421154825982442
88,0.93121337890625,-0.1932373046875,-0.09625244140625,-0.29351806640625,0.5191734084317516,0.42938232421875,0.3712066344194189,0.6388817216241639,0.98480224609375,0.1513671875,0.029541015625,0.079345703125,0.970703125,0.1502685546875,-0.02032470703125,0.18603515625,0.901123046875,0.060546875,-0.28192138671875,0.32373046875,0.9515380859375,-0.2332763671875,-0.12786865234375,0.1541748046875
89,0.93122419784699,-0.19321566680602006,-0.0962848982284699,-0.29350724746551005,0.51905378769074,0.42938232421875,0.3710651716659699,0.6390666642715301,0.98480224609375,0.1513671875,0.029551834565739968,0.07933488418426003,0.97071394394074,0.1502360978652801,-0.0202922502090301,0.18602433730926005,0.90101179550324,0.061074553524770064,-0.2820110002090301,0.32366943359375,0.9515380859375,-0.23293179413147994,-0.1282024064590301,0.1541748046875
90,0.9312744140625,-0.193115234375,-0.096435546875,-0.29345703125,0.5191080865253972,0.42938232421875,0.37120765507420567,0.638916015625,0.98480224609375,0.1513671875,0.02960205078125,0.07928466796875,0.97076416015625,0.15008544921875,-0.0203857421875,0.18597412109375,0.90106201171875,0.06097412109375,-0.2818603515625,0.32366943359375,0.9515299206992057,-0.2330608048965301,-0.1280599230507943,0.15418705254494147
91,0.9312744140625,-0.193115234375,-0.096435546875,-0.29345703125,0.5191650390625,0.42938232421875,0.37109375,0.638916015625,0.98480224609375,0.1513671875,0.02960205078125,0.07928466796875,0.97076416015625,0.15008544921875,-0.0203857421875,0.18597412109375,0.9010009765625,0.060546875,-0.2821044921875,0.32373046875,0.951416015625,-0.23345947265625,-0.128173828125,0.15435791015625
92,0.93121337890625,-0.193359375,-0.09637451171875,-0.29345703125,0.51910400390625,0.4295654296875,0.37091064453125,0.6390380859375,0.98480224609375,0.1512451171875,0.029541015625,0.07940673828125,0.97076416015625,0.1500244140625,-0.0205078125,0.18603515625,0.9010009765625,0.060791015625,-0.28216552734375,0.32366943359375,0.95147705078125,-0.23321533203125,-0.128173828125,0.154296875
93,0.9311684700956313,-0.19340428381061872,-0.09637451171875,-0.29345703125,0.51898193359375,0.42961033849811875,0.3709716796875,0.6390219595918687,0.98480224609375,0.1513798436193562,0.02958592443561873,0.07931692066001254,0.97076416015625,0.15006932287311872,-0.0205078125,0.18603515625,0.90106201171875,0.06071385412311873,-0.28204345703125,0.32366943359375,0.95147705078125,-0.23318654956626253,-0.12811279296875,0.15434178381061872
94,0.93115234375,-0.19342041015625,-0.09637451171875,-0.29345703125,0.51898193359375,0.42962646484375,0.3709716796875,0.6390380859375,0.98480224609375,0.15142822265625,0.02960205078125,0.07928466796875,0.97076416015625,0.15008544921875,-0.0203857421875,0.1859130859375,0.90106201171875,0.06072998046875,-0.28204345703125,0.32366943359375,0.95147705078125,-0.233154296875,-0.12811279296875,0.15435791015625
95,0.9311209075825669,-0.19351471865854933,-0.09650025638848245,-0.29351990358486624,0.5190392943927675,0.42965973818979936,0.37097351686611624,0.63897705078125,0.98480224609375,0.15145965882368312,0.029507742278950665,0.07928466796875,0.9707327239888169,0.15017975772104933,-0.020259997517767553,0.18597595827236624,0.901123046875,0.06067261966973245,-0.2819787475177675,0.32354920045986624,0.951416015625,-0.23342619931020067,-0.12804808345526755,0.15439118350229933
96,0.93109130859375,-0.193603515625,-0.09661865234375,-0.2935791015625,0.5189208984375,0.42974853515625,0.37103271484375,0.63897705078125,0.98480224609375,0.1514892578125,0.0294189453125,0.07928466796875,0.97076416015625,0.1502685546875,-0.02069091796875,0.1859130859375,0.901123046875,0.060791015625,-0.2818603515625,0.3236083984375,0.951416015625,-0.23333740234375,-0.1279296875,0.15447998046875
97,0.93109130859375,-0.19351369800376253,-0.09670846996498746,-0.2935970650867475,0.51910400390625,0.429529502639005,0.3709143188884825,0.639002158889005,0.98480224609375,0.15145333076400502,0.029508762933737463,0.07930263149299749,0.97076416015625,0.15016077354201504,-0.02061906387176003,0.18594901298599498,0.9010799752429975,0.06098126567725752,-0.28213674487876256,0.32349714706573995,0.951441123732755,-0.23334822128448998,-0.12828507949676002,0.15424665878448998
98,0.93109130859375,-0.19329833984375,-0.096923828125,-0.29364013671875,0.51910400390625,0.429443359375,0.3712158203125,0.638916015625,0.98480224609375,0.1513671875,0.02972412109375,0.079345703125,0.97076416015625,0.1502685546875,-0.0205078125,0.18585205078125,0.901123046875,0.06085205078125,-0.28192138671875,0.32366943359375,0.95135498046875,-0.2335205078125,-0.12811279296875,0.1544189453125
99,0.9310823268316263,-0.1933163033679975,-0.09692831900606187,-0.29364911848087377,0.5192081106945025,0.42945683201818563,0.3712158203125,0.6388029270746237,0.98480224609375,0.15135820573787626,0.02972412109375,0.07933672136287626,0.9707686510373119,0.15024610028219063,-0.020503321618938124,0.18585205078125,0.901123046875,0.060569329405309374,-0.28192138671875,0.32355185416231186,0.9513594713498119,-0.23362012371969063,-0.12810830208768811,0.15424482160587374
100,0.93096923828125,-0.19354248046875,-0.09698486328125,-0.29376220703125,0.51898193359375,0.42962646484375,0.3712158203125,0.638916015625,0.98480224609375,0.1512451171875,0.02972412109375,0.0792236328125,0.9708251953125,0.14996337890625,-0.02044677734375,0.18585205078125,0.901123046875,0.06085205078125,-0.28192138671875,0.3236083984375,0.951416015625,-0.23333740234375,-0.1280517578125,0.15435791015625
101,0.9308651314929975,-0.19406301441001253,-0.09677664970474498,-0.293970420607755,0.5189747890102425,0.429590537795255,0.37121765749111624,0.6388621250522575,0.98480224609375,0.1513492239757525,0.029620014305497492,0.07927568620662626,0.9707210885242475,0.15048391284751253,-0.020602937526128764,0.18600821096362877,0.9010799752429975,0.06044807561663879,-0.28212061853313125,0.32361738019962377,0.9513370169445025,-0.23373239574623747,-0.12796377736987877,0.15435791015625
102,0.93084716796875,-0.19415283203125,-0.09674072265625,-0.29400634765625,0.5189208984375,0.42962646484375,0.37115478515625,0.638916015625,0.98480224609375,0.1513671875,0.02960205078125,0.07928466796875,0.9708251953125,0.14996337890625,-0.0203857421875,0.1859130859375,0.90106201171875,0.060546875,-0.28216552734375,0.3236083984375,0.95135498046875,-0.233642578125,-0.12799072265625,0.15435791015625
103,0.9308085872178093,-0.19430715503501253,-0.09670214190530936,-0.29400634765625,0.5190268424043687,0.4296811719403219,0.3712831835284281,0.6387714909071907,0.98480224609375,0.15140576825094063,0.02940914702654682,0.07920750646686874,0.9707866145615593,0.15011770191001253,-0.0203857421875,0.1859130859375,0.90118408203125,0.060457057378762544,-0.28202100262594065,0.32338671221780935,0.9513325260634407,-0.23385446605873747,-0.12784619793844063,0.15438036456155937
104,0.9307861328125,-0.19439697265625,-0.0966796875,-0.29400634765625,0.51898193359375,0.42974853515625,0.3712158203125,0.6387939453125,0.98480224609375,0.15142822265625,0.029296875,0.07916259765625,0.97076416015625,0.15020751953125,-0.02081298828125,0.185791015625,0.90118408203125,0.060546875,-0.28204345703125,0.3233642578125,0.95135498046875,-0.2337646484375,-0.12786865234375,0.15435791015625
105,0.9307861328125,-0.19429654022522994,-0.09685544425428512,-0.29400634765625,0.51904296875,0.42962646484375,0.3712084715980351,0.6388155831939799,0.984827354201505,0.15135289833298496,0.0294475236465301,0.07916259765625,0.970789268264005,0.1500819789924749,-0.020762772065739968,0.18576590751724498,0.90111222793426,0.06059362098923495,-0.2824170166832149,0.32319544151076507,0.951268837204745,-0.2340122592887751,-0.1282062849472199,0.15437219932326504
106,0.9307861328125,-0.19415283203125,-0.09710693359375,-0.29400634765625,0.51904296875,0.42962646484375,0.3714599609375,0.638671875,0.98486328125,0.1512451171875,0.0296630859375,0.07916259765625,0.9708251953125,0.14990234375,-0.02069091796875,0.18572998046875,0.90118408203125,0.06048583984375,-0.28216552734375,0.32330322265625,0.95123291015625,-0.23419189453125,-0.12799072265625,0.15447998046875
107,0.9307628618833612,-0.194211009354097,-0.09710693359375,-0.2940412540499582,0.519106861739653,0.4296497357728888,0.3713756548521112,0.6387067813937082,0.9848516457854306,0.1512567526520694,0.0296630859375,0.07915096219168061,0.9708251953125,0.1498907082854306,-0.02069091796875,0.18572998046875,0.9012334817229306,0.060189441693666385,-0.2821044921875,0.3231317526520694,0.9512445456208194,-0.234255787520903,-0.1279296875,0.15425911077288879
108,0.9306640625,-0.1944580078125,-0.09710693359375,-0.294189453125,0.51885986328125,0.42974853515625,0.37127685546875,0.63885498046875,0.98480224609375,0.15130615234375,0.0296630859375,0.0791015625,0.9708251953125,0.14984130859375,-0.02069091796875,0.18572998046875,0.90118408203125,0.06048583984375,-0.2821044921875,0.32318115234375,0.9512939453125,-0.2340087890625,-0.1279296875,0.15435791015625
109,0.9306640625,-0.1944580078125,-0.09710693359375,-0.294189453125,0.5189208984375,0.42974853515625,0.37139892578125,0.63873291015625,0.98480224609375,0.15130615234375,0.0296630859375,0.0791015625,0.9708251953125,0.14984130859375,-0.02069091796875,0.18572998046875,0.9013024779865175,0.06001225602267977,-0.28192689825459866,0.32318115234375,0.95123291015625,-0.234375,-0.12762451171875,0.15423583984375
110,0.93060302734375,-0.194580078125,-0.0970458984375,-0.29437255859375,0.51873779296875,0.42974853515625,0.371337890625,0.638916015625,0.98480224609375,0.15118408203125,0.02978515625,0.0792236328125,0.9708251953125,0.14990234375,-0.0205078125,0.18572998046875,0.9012451171875,0.0601806640625,-0.28204345703125,0.32330322265625,0.9512939453125,-0.23419189453125,-0.12774658203125,0.15435791015625
111,0.93060302734375,-0.194580078125,-0.0970458984375,-0.29437255859375,0.518798828125,0.42987060546875,0.37139892578125,0.63873291015625,0.98480224609375,0.15118408203125,0.02978515625,0.0792236328125,0.9708251953125,0.14990234375,-0.0205078125,0.18572998046875,0.9013365678563964,0.06013493872805184,-0.28186055569345736,0.3232117719873537,0.9512939453125,-0.23431396484375,-0.12762451171875,0.15423583984375
112,0.9305419921875,-0.1944580078125,-0.09698486328125,-0.29449462890625,0.518798828125,0.4296875,0.3714599609375,0.63885498046875,0.98486328125,0.151123046875,0.0299072265625,0.07916259765625,0.97088623046875,0.1497802734375,-0.02044677734375,0.18572998046875,0.9012451171875,0.06005859375,-0.28192138671875,0.3233642578125,0.95123291015625,-0.234375,-0.12774658203125,0.154296875
113,0.9305097394962375,-0.19465152396007526,-0.09685585251619984,-0.2945913869800376,0.5188851755199624,0.42969097022627506,0.37154283810618727,0.6387110681438127,0.9848310285587375,0.1513488157138378,0.029810468488712376,0.07922710303877509,0.9708217250862249,0.1500060422763378,-0.020543535417537624,0.1857944858512751,0.9012773698787625,0.05999408836747492,-0.28198589210127506,0.3232674997387124,0.9512041276912625,-0.2346375124111622,-0.12757041701505017,0.154296875
114,0.93048095703125,-0.19482421875,-0.09674072265625,-0.294677734375,0.518798828125,0.42974853515625,0.37139892578125,0.63885498046875,0.98486328125,0.15106201171875,0.02960205078125,0.0791015625,0.97088623046875,0.14959716796875,-0.0206298828125,0.185791015625,0.90130615234375,0.0599365234375,-0.28204345703125,0.32318115234375,0.95123291015625,-0.23443603515625,-0.127685546875,0.154296875
115,0.9304433969350961,-0.19493689903846154,-0.0966656024639423,-0.29471529447115385,0.5188645582932693,0.42978609525240385,0.37161020132211536,0.6386249248798077,0.98486328125,0.15109957181490385,0.029658390925480768,0.0791015625,0.97088623046875,0.14965350811298075,-0.0206298828125,0.18577223557692307,0.9013484074519231,0.059438852163461536,-0.2819965069110577,0.3231623722956731,0.9511906550480769,-0.23485389122596154,-0.12733342097355768,0.15433913010817307
116,0.93035888671875,-0.1951904296875,-0.09649658203125,-0.2947998046875,0.51873779296875,0.42987060546875,0.37139892578125,0.6387939453125,0.98486328125,0.15118408203125,0.02978515625,0.0791015625,0.97088623046875,0.1497802734375,-0.0206298828125,0.18572998046875,0.90130615234375,0.0596923828125,-0.28216552734375,0.3231201171875,0.95123291015625,-0.23455810546875,-0.12750244140625,0.154296875
117,0.9303535793138586,-0.1951957370923913,-0.09650188943614131,-0.2948051120923913,0.5188492484714674,0.4298759128736413,0.3714599609375,0.6386771824048914,0.98486328125,0.15116815981657608,0.02980638586956523,0.07911217730978261,0.97088623046875,0.1497749660326087,-0.020613960597826077,0.18572998046875,0.9012451171875,0.059697690217391304,-0.28228759765625,0.3230643894361413,0.9511771824048914,-0.2346748683763587,-0.12750244140625,0.15424645465353262
118,0.9302978515625,-0.19525146484375,-0.0965576171875,-0.29486083984375,0.51873779296875,0.429931640625,0.3714599609375,0.63873291015625,0.98486328125,0.1510009765625,0.030029296875,0.0792236328125,0.97088623046875,0.14971923828125,-0.02044677734375,0.18572998046875,0.9012451171875,0.05975341796875,-0.28228759765625,0.3231201171875,0.95123291015625,-0.234619140625,-0.12750244140625,0.15435791015625
119,0.9302978515625,-0.19525146484375,-0.0965576171875,-0.29486083984375,0.5189492726405728,0.42977303087113294,0.3716714406093227,0.6385214304844272,0.98486328125,0.1510009765625,0.030029296875,0.0792236328125,0.97088623046875,0.14971923828125,-0.02044677734375,0.18572998046875,0.9012451171875,0.059330458625104505,-0.28244620741011706,0.3230143773515886,0.9511271703203387,-0.2350420999686455,-0.12750244140625,0.15419930040238294
120,0.93023681640625,-0.195556640625,-0.09649658203125,-0.29498291015625,0.518798828125,0.42987060546875,0.37152099609375,0.638671875,0.98492431640625,0.1507568359375,0.02984619140625,0.07904052734375,0.970947265625,0.14935302734375,-0.0205078125,0.18560791015625,0.9012451171875,0.05963134765625,-0.28253173828125,0.322998046875,0.951171875,-0.23480224609375,-0.12750244140625,0.15423583984375
121,0.93023681640625,-0.195556640625,-0.09649658203125,-0.29498291015625,0.5189564172240803,0.4297524136444398,0.37167858519283026,0.6385142859009197,0.98492431640625,0.1507568359375,0.02984619140625,0.07904052734375,0.970947265625,0.14935302734375,-0.0205078125,0.18560791015625,0.9012845144622701,0.0590009912599289,-0.28245294373170987,0.3230374441497701,0.9510536831756898,-0.23527501339099083,-0.12730545503239965,0.15427523711852006
122,0.9300537109375,-0.1961669921875,-0.0963134765625,-0.295166015625,0.5186767578125,0.42999267578125,0.37139892578125,0.63873291015625,0.98486328125,0.15106201171875,0.02972412109375,0.0791015625,0.97088623046875,0.1495361328125,-0.020751953125,0.1856689453125,0.90118408203125,0.059326171875,-0.2825927734375,0.322998046875,0.951171875,-0.23492431640625,-0.12738037109375,0.15435791015625
123,0.9300537109375,-0.19608921829274664,-0.0964690243520067,-0.29519194025658446,0.5187729034934155,0.429931640625,0.3714324032582567,0.6387161714177466,0.98486328125,0.1509583131924122,0.029853744251672247,0.0791534117631689,0.9709121551003345,0.1494324342861622,-0.020596405335493305,0.1857207945756689,0.9012359312944189,0.05940394576975335,-0.2825409241743311,0.32297212224341554,0.9511459503684155,-0.23494105514475336,-0.1274597780361622,0.1542785032138378
124,0.9300537109375,-0.19598388671875,-0.0966796875,-0.29522705078125,0.51873779296875,0.429931640625,0.37164306640625,0.63861083984375,0.98486328125,0.1510009765625,0.0299072265625,0.07916259765625,0.97088623046875,0.1495361328125,-0.02069091796875,0.1856689453125,0.90130615234375,0.05950927734375,-0.282470703125,0.32293701171875,0.95111083984375,-0.23504638671875,-0.1273193359375,0.1544189453125
125,0.9300537109375,-0.19595898274195234,-0.09670459147679766,-0.29522705078125,0.518798828125,0.42979711832410117,0.3714973169026965,0.6387204581678512,0.98486328125,0.1509636205973035,0.02993213053929766,0.07916259765625,0.97088623046875,0.14952368082410117,-0.020653562003553512,0.18568139730089883,0.9013186043321488,0.05949682535535117,-0.2824208951714047,0.32293701171875,0.9511594230116012,-0.23501025553929766,-0.12717236164820234,0.15430932698839883
126,0.9300537109375,-0.19586181640625,-0.0968017578125,-0.29522705078125,0.518798828125,0.42974853515625,0.37164306640625,0.638671875,0.98486328125,0.15081787109375,0.03009033203125,0.07928466796875,0.97088623046875,0.14947509765625,-0.0205078125,0.18572998046875,0.9013671875,0.0594482421875,-0.2822265625,0.32293701171875,0.95111083984375,-0.235107421875,-0.1270751953125,0.15435791015625
127,0.9300537109375,-0.19586181640625,-0.0968017578125,-0.29522705078125,0.5188588426264632,0.4298085496577132,0.37164306640625,0.6385518459970736,0.98486328125,0.15081787109375,0.03009033203125,0.07928466796875,0.97088623046875,0.14947509765625,-0.0205078125,0.18572998046875,0.9013671875,0.0594482421875,-0.2822265625,0.32293701171875,0.95111083984375,-0.23528746537938963,-0.12689515180811037,0.15447793915917643
128,0.9300537109375,-0.19598388671875,-0.09661865234375,-0.29522705078125,0.51885986328125,0.4298095703125,0.3714599609375,0.638671875,0.98486328125,0.15081787109375,0.0301513671875,0.079345703125,0.97088623046875,0.1494140625,-0.0203857421875,0.185791015625,0.90130615234375,0.0592041015625,-0.2822265625,0.32305908203125,0.95111083984375,-0.23516845703125,-0.12701416015625,0.1544189453125
129,0.9300537109375,-0.19598388671875,-0.09661865234375,-0.29522705078125,0.51885986328125,0.42985611217077757,0.37150650279577757,0.6386253331417224,0.98486328125,0.15081787109375,0.0301513671875,0.079345703125,0.97088623046875,0.1494140625,-0.0203857421875,0.185791015625,0.90130615234375,0.0592041015625,-0.2822265625,0.32305908203125,0.95111083984375,-0.23526154074780517,-0.12692107643969483,0.1544654871707776
130,0.9300537109375,-0.196044921875,-0.0966796875,-0.29522705078125,0.51885986328125,0.429931640625,0.37158203125,0.63861083984375,0.98486328125,0.15069580078125,0.03021240234375,0.07928466796875,0.970947265625,0.14935302734375,-0.0203857421875,0.185791015625,0.90142822265625,0.059326171875,-0.28204345703125,0.3228759765625,0.95111083984375,-0.2352294921875,-0.1268310546875,0.15447998046875
131,0.9300537109375,-0.196044921875,-0.0966796875,-0.29522705078125,0.5190913477868938,0.42976629454954013,0.371548962034908,0.6385116321984741,0.98486328125,0.15069580078125,0.03021240234375,0.07928466796875,0.970947265625,0.14935302734375,-0.0203857421875,0.185791015625,0.90142822265625,0.059326171875,-0.28204345703125,0.3228759765625,0.9510777706286581,-0.23539483826295987,-0.12676491625731606,0.15444691125365803
132,0.929931640625,-0.19622802734375,-0.096923828125,-0.2952880859375,0.51904296875,0.4298095703125,0.37164306640625,0.638427734375,0.98492431640625,0.15069580078125,0.030029296875,0.07916259765625,0.970947265625,0.1492919921875,-0.0203857421875,0.18572998046875,0.9014892578125,0.0592041015625,-0.281982421875,0.32275390625,0.95111083984375,-0.2353515625,-0.12646484375,0.15460205078125
133,0.929931640625,-0.19622802734375,-0.096923828125,-0.2952880859375,0.5191213550376255,0.4297311840248746,0.37164306640625,0.638427734375,0.98492431640625,0.15069580078125,0.030029296875,0.07916259765625,0.970947265625,0.1492919921875,-0.0203857421875,0.18572998046875,0.9014892578125,0.0592041015625,-0.281982421875,0.32275390625,0.9510912432718437,-0.23544954535953178,-0.12652363346571907,0.1545628576374373
134,0.92987060546875,-0.19647216796875,-0.09710693359375,-0.2952880859375,0.51910400390625,0.4298095703125,0.37164306640625,0.63836669921875,0.98486328125,0.15087890625,0.03009033203125,0.07928466796875,0.970947265625,0.1492919921875,-0.0203857421875,0.185791015625,0.9014892578125,0.059326171875,-0.28216552734375,0.3226318359375,0.95111083984375,-0.23541259765625,-0.12640380859375,0.154541015625
135,0.92987060546875,-0.19647216796875,-0.09710693359375,-0.2952880859375,0.5191101278349708,0.42979732245505853,0.37163694247752926,0.6383789470761915,0.98486328125,0.15087890625,0.03009033203125,0.07928466796875,0.970947265625,0.1492919921875,-0.0203857421875,0.185791015625,0.9014892578125,0.059326171875,-0.28216552734375,0.3226318359375,0.95111083984375,-0.2353942258700878,-0.12644667609479515,0.15452876776755853
136,0.929931640625,-0.19622802734375,-0.097412109375,-0.29522705078125,0.51922607421875,0.42962646484375,0.37188720703125,0.63824462890625,0.98492431640625,0.1505126953125,0.0303955078125,0.07928466796875,0.970947265625,0.149169921875,-0.02032470703125,0.18572998046875,0.90155029296875,0.05926513671875,-0.28192138671875,0.32269287109375,0.9510498046875,-0.23553466796875,-0.1265869140625,0.15447998046875
137,0.929931640625,-0.19622802734375,-0.097412109375,-0.29522705078125,0.51922607421875,0.42962646484375,0.37188720703125,0.63824462890625,0.98492431640625,0.1505126953125,0.0303955078125,0.07928466796875,0.970947265625,0.149169921875,-0.02032470703125,0.18572998046875,0.90155029296875,0.05926513671875,-0.28192138671875,0.32269287109375,0.9510498046875,-0.23553466796875,-0.1265869140625,0.15447998046875
138,0.9298095703125,-0.1966552734375,-0.097412109375,-0.29522705078125,0.51922607421875,0.42974853515625,0.37164306640625,0.63836669921875,0.98492431640625,0.15069580078125,0.03021240234375,0.07928466796875,0.970947265625,0.14910888671875,-0.020263671875,0.18572998046875,0.901611328125,0.05914306640625,-0.2818603515625,0.3226318359375,0.95111083984375,-0.2354736328125,-0.1263427734375,0.15447998046875
139,0.9298095703125,-0.1966552734375,-0.097412109375,-0.29522705078125,0.51922607421875,0.42974853515625,0.37164306640625,0.63836669921875,0.98492431640625,0.15069580078125,0.03021240234375,0.07928466796875,0.970947265625,0.14910888671875,-0.020263671875,0.18572998046875,0.901611328125,0.05914306640625,-0.2818603515625,0.3226318359375,0.95111083984375,-0.2354736328125,-0.1263427734375,0.15447998046875
140,0.9298095703125,-0.19659423828125,-0.09759521484375,-0.295166015625,0.5191650390625,0.4296875,0.37164306640625,0.638427734375,0.98486328125,0.15087890625,0.0303955078125,0.07940673828125,0.970947265625,0.14923095703125,-0.0201416015625,0.18585205078125,0.901611328125,0.05926513671875,-0.28179931640625,0.3226318359375,0.95111083984375,-0.23553466796875,-0.12628173828125,0.15447998046875
141,0.9298095703125,-0.19659423828125,-0.09759521484375,-0.295166015625,0.5191650390625,0.4296875,0.37164306640625,0.638427734375,0.98486328125,0.15087890625,0.0303955078125,0.07940673828125,0.970947265625,0.14923095703125,-0.0201416015625,0.18585205078125,0.901611328125,0.05926513671875,-0.28179931640625,0.3226318359375,0.95111083984375,-0.23553466796875,-0.12628173828125,0.15447998046875
142,0.92987060546875,-0.1962890625,-0.097900390625,-0.29510498046875,0.519287109375,0.4295654296875,0.371826171875,0.6383056640625,0.98492431640625,0.15057373046875,0.03070068359375,0.07928466796875,0.970947265625,0.149169921875,-0.02001953125,0.18572998046875,0.9017333984375,0.05926513671875,-0.28143310546875,0.3226318359375,0.95111083984375,-0.235595703125,-0.126220703125,0.15447998046875
143,0.92987060546875,-0.1962890625,-0.097900390625,-0.29510498046875,0.519287109375,0.4295654296875,0.371826171875,0.6383056640625,0.98492431640625,0.15057373046875,0.03070068359375,0.07928466796875,0.970947265625,0.149169921875,-0.02001953125,0.18572998046875,0.9017333984375,0.05926513671875,-0.28143310546875,0.3226318359375,0.95111083984375,-0.235595703125,-0.126220703125,0.15447998046875
144,0.92974853515625,-0.1968994140625,-0.0977783203125,-0.2952880859375,0.5194091796875,0.4295654296875,0.37164306640625,0.6383056640625,0.98492431640625,0.150634765625,0.03045654296875,0.07928466796875,0.970947265625,0.14910888671875,-0.0201416015625,0.18572998046875,0.90179443359375,0.05902099609375,-0.281494140625,0.32244873046875,0.95111083984375,-0.2357177734375,-0.12591552734375,0.154541015625
145,0.92974853515625,-0.1968994140625,-0.0977783203125,-0.2952880859375,0.5194091796875,0.4295654296875,0.37164306640625,0.6383056640625,0.98492431640625,0.150634765625,0.03045654296875,0.07928466796875,0.970947265625,0.14910888671875,-0.0201416015625,0.18572998046875,0.90179443359375,0.05902099609375,-0.281494140625,0.32244873046875,0.95111083984375,-0.2357177734375,-0.12591552734375,0.154541015625
146,0.92962646484375,-0.19720458984375,-0.0977783203125,-0.29534912109375,0.51953125,0.4296875,0.3714599609375,0.63818359375,0.98486328125,0.1507776572951505,0.030524518577550164,0.079345703125,0.970947265625,0.14910888671875,-0.020263671875,0.18572998046875,0.90185546875,0.05914306640625,-0.2813720703125,0.3223876953125,0.95111083984375,-0.2357177734375,-0.12579345703125,0.15460205078125
147,0.92962646484375,-0.19720458984375,-0.0977783203125,-0.29534912109375,0.51953125,0.4296875,0.3714599609375,0.63818359375,0.98486328125,0.1507568359375,0.030517578125,0.079345703125,0.970947265625,0.14910888671875,-0.020263671875,0.18572998046875,0.90185546875,0.05914306640625,-0.2813720703125,0.3223876953125,0.95111083984375,-0.2357177734375,-0.12579345703125,0.15460205078125
148,0.9296875,-0.19683837890625,-0.0980224609375,-0.2952880859375,0.51959228515625,0.4295654296875,0.37176513671875,0.6380615234375,0.9848836943457357,0.15049207808580686,0.03084275874007108,0.07942694724602843,0.97100830078125,0.14898681640625,-0.01995849609375,0.18572998046875,0.90191650390625,0.05908203125,-0.28106689453125,0.322509765625,0.95111083984375,-0.23577880859375,-0.12579345703125,0.1546630859375
149,0.9296875,-0.19683837890625,-0.0980224609375,-0.2952880859375,0.51959228515625,0.4295654296875,0.37176513671875,0.6380615234375,0.98486328125,0.15057373046875,0.03094482421875,0.0794677734375,0.97100830078125,0.14898681640625,-0.01995849609375,0.18572998046875,0.90191650390625,0.05908203125,-0.28106689453125,0.322509765625,0.95111083984375,-0.23577880859375,-0.12579345703125,0.1546630859375
150,0.9296875,-0.19708251953125,-0.097900390625,-0.2952880859375,0.51953125,0.42962646484375,0.37188720703125,0.63800048828125,0.98492431640625,0.150390625,0.03076171875,0.07940673828125,0.97100830078125,0.14892578125,-0.01995849609375,0.185791015625,0.90191650390625,0.058837890625,-0.281005859375,0.322509765625,0.95111083984375,-0.23583984375,-0.125732421875,0.1546630859375
151,0.9296875,-0.19708251953125,-0.097900390625,-0.2952880859375,0.51953125,0.42962646484375,0.37188720703125,0.63800048828125,0.98492431640625,0.150390625,0.03076171875,0.07940673828125,0.97100830078125,0.14892578125,-0.01995849609375,0.185791015625,0.90191650390625,0.058837890625,-0.281005859375,0.322509765625,0.95111083984375,-0.23583984375,-0.125732421875,0.1546630859375
152,0.92962646484375,-0.19744873046875,-0.0975341796875,-0.29534912109375,0.51934814453125,0.42987060546875,0.3717041015625,0.63812255859375,0.98486328125,0.15069580078125,0.0306396484375,0.0794677734375,0.970947265625,0.1490478515625,-0.02020263671875,0.18585205078125,0.90191650390625,0.05889892578125,-0.2811279296875,0.32244873046875,0.9510498046875,-0.23590087890625,-0.1256103515625,0.15478515625
153,0.92962646484375,-0.19744873046875,-0.0975341796875,-0.29534912109375,0.51934814453125,0.42987060546875,0.3717041015625,0.63812255859375,0.98486328125,0.15069580078125,0.0306396484375,0.0794677734375,0.970947265625,0.1490478515625,-0.02020263671875,0.18585205078125,0.90191650390625,0.05889892578125,-0.2811279296875,0.32244873046875,0.9510498046875,-0.23590087890625,-0.1256103515625,0.15478515625
154,0.92974853515625,-0.19696044921875,-0.09765625,-0.2952880859375,0.5194091796875,0.4296875,0.37188720703125,0.63812255859375,0.98486328125,0.150390625,0.03094482421875,0.07952880859375,0.97100830078125,0.14892578125,-0.01995849609375,0.18585205078125,0.90191650390625,0.05877685546875,-0.28094482421875,0.3226318359375,0.9510498046875,-0.23590087890625,-0.12567138671875,0.15478515625
155,0.92974853515625,-0.19696044921875,-0.09765625,-0.2952880859375,0.5194091796875,0.4296875,0.37188720703125,0.63812255859375,0.98486328125,0.150390625,0.03094482421875,0.07952880859375,0.97100830078125,0.14892578125,-0.01995849609375,0.18585205078125,0.90191650390625,0.05877685546875,-0.28094482421875,0.3226318359375,0.9510498046875,-0.23590087890625,-0.12567138671875,0.15478515625
156,0.9296875,-0.1971435546875,-0.09765625,-0.29534912109375,0.51953125,0.4296875,0.37176513671875,0.6380615234375,0.9849110478940217,0.15044369904891303,0.030910326086956517,0.07954207710597826,0.970947265625,0.14898681640625,-0.02032470703125,0.185791015625,0.90191650390625,0.0587158203125,-0.28106689453125,0.322509765625,0.9510498046875,-0.2359619140625,-0.12567138671875,0.15478515625
157,0.9296875,-0.1971435546875,-0.09765625,-0.29534912109375,0.51953125,0.4296875,0.37176513671875,0.6380615234375,0.98492431640625,0.150390625,0.0308837890625,0.07952880859375,0.970947265625,0.14898681640625,-0.02032470703125,0.185791015625,0.90191650390625,0.0587158203125,-0.28106689453125,0.322509765625,0.9510498046875,-0.2359619140625,-0.12567138671875,0.15478515625
158,0.9295654296875,-0.19744873046875,-0.09759521484375,-0.29547119140625,0.51934814453125,0.4298095703125,0.37152099609375,0.63824462890625,0.98486328125,0.15062721277957775,0.031055259066680604,0.07971946690792224,0.970947265625,0.1490478515625,-0.0203857421875,0.18585205078125,0.90191650390625,0.05865478515625,-0.281005859375,0.3226318359375,0.9510498046875,-0.23590087890625,-0.12548828125,0.1549072265625
159,0.9295654296875,-0.19744873046875,-0.09759521484375,-0.29547119140625,0.51934814453125,0.4298095703125,0.37152099609375,0.63824462890625,0.98486328125,0.15057373046875,0.03118896484375,0.07977294921875,0.970947265625,0.1490478515625,-0.0203857421875,0.18585205078125,0.90191650390625,0.05865478515625,-0.281005859375,0.3226318359375,0.9510498046875,-0.23590087890625,-0.12548828125,0.1549072265625
160,0.92962646484375,-0.19720458984375,-0.09771728515625,-0.29547119140625,0.51934814453125,0.42974853515625,0.37158203125,0.63824462890625,0.98486328125,0.15032958984375,0.03143310546875,0.07989501953125,0.970947265625,0.1488037109375,-0.0205078125,0.1859130859375,0.90191650390625,0.0587158203125,-0.28118896484375,0.32244873046875,0.95098876953125,-0.236083984375,-0.12567138671875,0.15496826171875
161,0.92962646484375,-0.19720458984375,-0.09771728515625,-0.29547119140625,0.51934814453125,0.42974853515625,0.37158203125,0.63824462890625,0.98486328125,0.15032958984375,0.03143310546875,0.07989501953125,0.970947265625,0.1488037109375,-0.0205078125,0.1859130859375,0.90191650390625,0.0587158203125,-0.28118896484375,0.32244873046875,0.95098876953125,-0.236083984375,-0.12567138671875,0.15496826171875
162,0.9295654296875,-0.19744873046875,-0.09783935546875,-0.29547119140625,0.51922607421875,0.4300537109375,0.3714599609375,0.63824462890625,0.98486328125,0.15032958984375,0.031494140625,0.079833984375,0.97100830078125,0.148681640625,-0.0211181640625,0.1859130859375,0.90191650390625,0.0587158203125,-0.28143310546875,0.32220458984375,0.95098876953125,-0.2362060546875,-0.1256103515625,0.1549072265625
163,0.9295654296875,-0.19744873046875,-0.09783935546875,-0.29547119140625,0.51922607421875,0.4300537109375,0.3714599609375,0.63824462890625,0.98486328125,0.15032958984375,0.031494140625,0.079833984375,0.97100830078125,0.148681640625,-0.0211181640625,0.1859130859375,0.90191650390625,0.0587158203125,-0.28143310546875,0.32220458984375,0.95098876953125,-0.2362060546875,-0.1256103515625,0.1549072265625
164,0.92950439453125,-0.19757080078125,-0.09783935546875,-0.29547119140625,0.5191650390625,0.43017578125,0.37127685546875,0.6383056640625,0.9848083700224707,0.15045166015625,0.03176869676264633,0.08010854051264632,0.970947265625,0.14874267578125,-0.021240234375,0.1859130859375,0.90185546875,0.05889892578125,-0.2816162109375,0.32220458984375,0.950927734375,-0.23626708984375,-0.125732421875,0.15496826171875
165,0.92950439453125,-0.19757080078125,-0.09783935546875,-0.29547119140625,0.5191650390625,0.43017578125,0.37127685546875,0.6383056640625,0.98480224609375,0.15045166015625,0.03179931640625,0.08013916015625,0.970947265625,0.14874267578125,-0.021240234375,0.1859130859375,0.90185546875,0.05889892578125,-0.2816162109375,0.32220458984375,0.950927734375,-0.23626708984375,-0.125732421875,0.15496826171875
166,0.9295654296875,-0.1973876953125,-0.09808349609375,-0.29541015625,0.51922607421875,0.4300537109375,0.37139892578125,0.63824462890625,0.98486328125,0.1502685546875,0.03173828125,0.080078125,0.97100830078125,0.14849853515625,-0.02142333984375,0.18597412109375,0.90191650390625,0.0587158203125,-0.281494140625,0.3221435546875,0.95086669921875,-0.23651123046875,-0.12567138671875,0.15496826171875
167,0.9295654296875,-0.1973876953125,-0.09808349609375,-0.29541015625,0.51922607421875,0.4300537109375,0.37139892578125,0.63824462890625,0.98486328125,0.1502685546875,0.03173828125,0.080078125,0.97100830078125,0.14849853515625,-0.02142333984375,0.18597412109375,0.90191650390625,0.0587158203125,-0.281494140625,0.3221435546875,0.95086669921875,-0.23651123046875,-0.12567138671875,0.15496826171875
168,0.92950439453125,-0.1976318359375,-0.09814453125,-0.29541015625,0.5191650390625,0.43011474609375,0.37139892578125,0.6383056640625,0.98486328125,0.15020751953125,0.031982421875,0.08013916015625,0.97100830078125,0.1485595703125,-0.021484375,0.1859130859375,0.9019775390625,0.0587158203125,-0.28131103515625,0.32208251953125,0.950927734375,-0.23651123046875,-0.12530517578125,0.155029296875
169,0.92950439453125,-0.1976318359375,-0.09814453125,-0.29541015625,0.5191650390625,0.43011474609375,0.37139892578125,0.6383056640625,0.98486328125,0.15020751953125,0.031982421875,0.08013916015625,0.97100830078125,0.1485595703125,-0.021484375,0.1859130859375,0.9019775390625,0.0587158203125,-0.28131103515625,0.32208251953125,0.950927734375,-0.23651123046875,-0.12530517578125,0.155029296875
170,0.92950439453125,-0.19775390625,-0.0980224609375,-0.29541015625,0.51910400390625,0.43023681640625,0.37127685546875,0.63836669921875,0.98480224609375,0.15032958984375,0.0322265625,0.08026123046875,0.97100830078125,0.1484375,-0.02117919921875,0.18603515625,0.9019775390625,0.05865478515625,-0.28118896484375,0.32220458984375,0.950927734375,-0.23638916015625,-0.12518310546875,0.15509033203125
171,0.92950439453125,-0.19775390625,-0.0980224609375,-0.29541015625,0.51910400390625,0.43023681640625,0.37127685546875,0.63836669921875,0.98480224609375,0.15032958984375,0.0322265625,0.08026123046875,0.9710005438048704,0.1484530139527592,-0.0211559282896112,0.18604291322637959,0.9019775390625,0.05865478515625,-0.28118896484375,0.32220458984375,0.950927734375,-0.23638916015625,-0.12518310546875,0.15509033203125
172,0.92950439453125,-0.19775390625,-0.09808349609375,-0.29534912109375,0.519287109375,0.4300537109375,0.37127685546875,0.6383056640625,0.98480224609375,0.1502685546875,0.0323486328125,0.08038330078125,0.97100830078125,0.1485595703125,-0.02093505859375,0.18603515625,0.9019775390625,0.0587158203125,-0.28118896484375,0.322265625,0.950927734375,-0.236328125,-0.1253662109375,0.1551513671875
173,0.92950439453125,-0.19775390625,-0.09808349609375,-0.29534912109375,0.519287109375,0.4300537109375,0.37127685546875,0.6383056640625,0.98480224609375,0.1502685546875,0.0323486328125,0.08038330078125,0.97100830078125,0.1485595703125,-0.02093505859375,0.18603515625,0.9019775390625,0.0587158203125,-0.28118896484375,0.322265625,0.950927734375,-0.236328125,-0.1253662109375,0.1551513671875
174,0.92950439453125,-0.1978759765625,-0.09820556640625,-0.2952880859375,0.5194091796875,0.4300537109375,0.371337890625,0.63818359375,0.98480224609375,0.1502448754964465,0.03243457194554766,0.08037084879285117,0.970947265625,0.1485595703125,-0.0211181640625,0.18603515625,0.9019899910508988,0.05874072428929766,-0.28116406086695234,0.32225317301160117,0.950927734375,-0.23638916015625,-0.1253662109375,0.1551513671875
175,0.92950439453125,-0.1978759765625,-0.09820556640625,-0.2952880859375,0.5194091796875,0.4300537109375,0.371337890625,0.63818359375,0.98480224609375,0.15020751953125,0.03240966796875,0.08038330078125,0.970947265625,0.1485595703125,-0.0211181640625,0.18603515625,0.9019775390625,0.0587158203125,-0.28118896484375,0.322265625,0.950927734375,-0.23638916015625,-0.1253662109375,0.1551513671875
176,0.929443359375,-0.19805908203125,-0.0980224609375,-0.29522705078125,0.5194091796875,0.4300537109375,0.37127685546875,0.63818359375,0.98480224609375,0.1503112180575878,0.03228759765625,0.08035737614966555,0.970947265625,0.148681640625,-0.021240234375,0.18597412109375,0.90191650390625,0.058767669575668896,-0.28133695978783446,0.3222137757368311,0.950927734375,-0.2364501953125,-0.12530517578125,0.1552734375
177,0.929443359375,-0.19805908203125,-0.0980224609375,-0.29522705078125,0.5194091796875,0.4300537109375,0.37127685546875,0.63818359375,0.98480224609375,0.15020751953125,0.03228759765625,0.08038330078125,0.970947265625,0.14859651801578178,-0.021438853796509193,0.18603086949989547,0.90191650390625,0.0587158203125,-0.28131103515625,0.322265625,0.950927734375,-0.2364501953125,-0.12530517578125,0.1552734375
178,0.929443359375,-0.1982421875,-0.09796142578125,-0.29510498046875,0.51947021484375,0.43011474609375,0.37127685546875,0.63812255859375,0.98486328125,0.150146484375,0.03204345703125,0.08038330078125,0.970947265625,0.148681640625,-0.02166748046875,0.18597412109375,0.90191650390625,0.05859375,-0.28155517578125,0.3221435546875,0.950927734375,-0.23638916015625,-0.12530517578125,0.1551513671875
179,0.929443359375,-0.1982421875,-0.09796142578125,-0.29510498046875,0.51947021484375,0.43011474609375,0.37127685546875,0.63812255859375,0.98486328125,0.150146484375,0.03204345703125,0.08038330078125,0.970947265625,0.148681640625,-0.02169728358852424,0.18600392421352424,0.90191650390625,0.05859375,-0.28155517578125,0.3221435546875,0.950927734375,-0.23638916015625,-0.12530517578125,0.1551513671875
180,0.92950439453125,-0.1983642578125,-0.0980224609375,-0.29498291015625,0.51953125,0.43011474609375,0.37152099609375,0.63787841796875,0.98486328125,0.15008544921875,0.0322265625,0.08038330078125,0.970947265625,0.1488037109375,-0.02166748046875,0.1859130859375,0.90191650390625,0.05859375,-0.2813720703125,0.32220458984375,0.950927734375,-0.23638916015625,-0.125244140625,0.15521240234375
181,0.92950439453125,-0.1983642578125,-0.0980224609375,-0.29498291015625,0.51953125,0.43011474609375,0.37152099609375,0.63787841796875,0.98486328125,0.15008544921875,0.0322265625,0.08038330078125,0.970947265625,0.14879513743729095,-0.021666051552048492,0.18591737268760453,0.90191650390625,0.05859375,-0.2813720703125,0.32220458984375,0.950927734375,-0.23638916015625,-0.125244140625,0.15521240234375
182,0.929443359375,-0.1986083984375,-0.09796142578125,-0.294921875,0.51947021484375,0.4301863960597826,0.3714493461277174,0.637939453125,0.9848579738451086,0.15010667883831522,0.0321151069972826,0.08043372112771739,0.970947265625,0.148681640625,-0.02166748046875,0.18603515625,0.9018607761548914,0.05850352411684781,-0.2816002887228261,0.3223054305366848,0.9508773140285326,-0.2364846934442935,-0.125244140625,0.1552628226902174
183,0.929443359375,-0.1986083984375,-0.09796142578125,-0.294921875,0.51947021484375,0.43017578125,0.3714599609375,0.637939453125,0.98486328125,0.15008544921875,0.0321044921875,0.0804443359375,0.9708982741952341,0.14882861491429766,-0.02171647189851589,0.18613313910953178,0.90185546875,0.0584716796875,-0.2816162109375,0.32232666015625,0.95086669921875,-0.23651123046875,-0.125244140625,0.1552734375
184,0.92950439453125,-0.198486328125,-0.09808349609375,-0.2947998046875,0.5194655198317307,0.43026029146634615,0.3713942307692308,0.6379864032451923,0.9848210261418269,0.15011361929086542,0.03220778245192308,0.08044903094951925,0.970947265625,0.148681640625,-0.0216064453125,0.18603515625,0.9018319936899039,0.05868765024038465,-0.2814753605769231,0.32235013521634615,0.9509089543269231,-0.23635629507211534,-0.1253756009615385,0.15521240234375
185,0.92950439453125,-0.198486328125,-0.09808349609375,-0.2947998046875,0.5194091796875,0.4302978515625,0.371337890625,0.6380615234375,0.98480224609375,0.15020751953125,0.0322265625,0.08050537109375,0.9709117468384197,0.14889475334448163,-0.0216064453125,0.18603515625,0.90179443359375,0.058837890625,-0.281494140625,0.3223876953125,0.950927734375,-0.2362060546875,-0.12548828125,0.15521240234375
186,0.9295654296875,-0.19818115234375,-0.09820556640625,-0.2947998046875,0.5195600324649875,0.4302010934887124,0.37152446632002506,0.6378531057300376,0.98486328125,0.14978721389005015,0.03228759765625,0.08050537109375,0.970947265625,0.14874267578125,-0.02154541015625,0.18609619140625,0.90185546875,0.058421055210075234,-0.28131450538252506,0.32256733055497494,0.9508379167537625,-0.2365687953987249,-0.12539846362876253,0.15533447265625
187,0.9295654296875,-0.19818115234375,-0.09820556640625,-0.2947998046875,0.51959228515625,0.4302978515625,0.3714599609375,0.63775634765625,0.98486328125,0.149658203125,0.03228759765625,0.08050537109375,0.9709693117683946,0.14854426049069813,-0.021501317869460697,0.1860520991194607,0.90185546875,0.0582275390625,-0.28125,0.3226318359375,0.9508056640625,-0.23663330078125,-0.1253662109375,0.15533447265625
188,0.929443359375,-0.19873046875,-0.09796142578125,-0.294921875,0.5194246936402592,0.4305724077001463,0.37115498928720736,0.6379239391722408,0.9848175559155519,0.15014607611308525,0.03218083716555184,0.08053578660639632,0.970947265625,0.14874267578125,-0.0216064453125,0.18603515625,0.9018097434155519,0.05862375725073157,-0.28153986595944813,0.3224791459813963,0.95086669921875,-0.23651123046875,-0.12518310546875,0.1552734375
189,0.929434785874791,-0.19873904225020902,-0.09797857278166806,-0.29493902200041805,0.5196361733120819,0.43048095703125,0.37134646412520905,0.637703886000209,0.98486328125,0.14978884693770902,0.032243709500418063,0.0804700564381271,0.970947265625,0.14857671731291808,-0.021711368624581937,0.18599126809416808,0.90185546875,0.058183650906668063,-0.28148556712479095,0.32240484231291805,0.95086669921875,-0.23650265696854098,-0.12517453196854098,0.1552991580006271
190,0.92938232421875,-0.19879150390625,-0.09808349609375,-0.2950439453125,0.519538598714465,0.43047911985263376,0.37139341424540134,0.6377545104776338,0.98486328125,0.14983947141513376,0.03235414434834867,0.08062927858486622,0.970947265625,0.148681640625,-0.0216064453125,0.18609619140625,0.9018536315713838,0.058295922933214894,-0.2814404541832149,0.3225024169105351,0.95086669921875,-0.2364501953125,-0.12530517578125,0.1552734375
191,0.92938232421875,-0.19879150390625,-0.09808349609375,-0.2950439453125,0.519775390625,0.430419921875,0.3712158203125,0.6376953125,0.98486328125,0.1497802734375,0.03253173828125,0.0806884765625,0.970947265625,0.148681640625,-0.02183098936559366,0.18604005539297658,0.90179443359375,0.05853271484375,-0.28167724609375,0.322265625,0.95086669921875,-0.2364501953125,-0.12530517578125,0.1552734375
192,0.92938232421875,-0.19866943359375,-0.098388671875,-0.2950439453125,0.519961353927153,0.4304693215666806,0.37132339732702757,0.6374250431124582,0.98486328125,0.14959716796875,0.032688714987458185,0.08060131264370818,0.970947265625,0.14849853515625,-0.02154541015625,0.18609619140625,0.9019048684416806,0.058323480612458185,-0.2814214700041806,0.3222888959291388,0.9508172995270694,-0.23667106500836121,-0.1251104348479306,0.1553955078125
193,0.92938232421875,-0.19866943359375,-0.098388671875,-0.2950439453125,0.52001953125,0.43048095703125,0.37127685546875,0.63739013671875,0.98486328125,0.14959716796875,0.03265380859375,0.08056640625,0.9709899289950878,0.1483278816758988,-0.02175872700668898,0.1861388547763378,0.90191650390625,0.05828857421875,-0.28143310546875,0.322265625,0.9508056640625,-0.2366943359375,-0.1251220703125,0.1553955078125
194,0.9293212890625,-0.19891357421875,-0.09832763671875,-0.2950439453125,0.5201022042877299,0.43080777069397996,0.371057822951505,0.6372715366325251,0.98486328125,0.14979456260451504,0.032689735642244984,0.08063826034698997,0.970947265625,0.1485595703125,-0.0218505859375,0.18609619140625,0.901880576857755,0.05842493369826504,-0.281530067673495,0.32227644394073995,0.950830772170255,-0.23655797645798496,-0.1251220703125,0.15540632675323998
195,0.9293212890625,-0.19891357421875,-0.09832763671875,-0.2950439453125,0.52020263671875,0.430908203125,0.37103271484375,0.63714599609375,0.98486328125,0.14971923828125,0.03271484375,0.0806884765625,0.970947265625,0.1483154296875,-0.02239990234375,0.18634033203125,0.90185546875,0.058349609375,-0.28155517578125,0.32232666015625,0.9508056640625,-0.23663330078125,-0.1251220703125,0.15545654296875
196,0.92938232421875,-0.19879150390625,-0.09844970703125,-0.294921875,0.5203310350909282,0.4310429295568562,0.37104251312970316,0.6369341081600125,0.98486328125,0.14955858721780937,0.03279833331155937,0.0806948046221781,0.970947265625,0.148193359375,-0.0223388671875,0.18621826171875,0.9019389583115593,0.05827877593279683,-0.28141065106344065,0.32222071618938125,0.9508056640625,-0.2367490430340719,-0.12502245440530937,0.15547899737405937
197,0.92938232421875,-0.19877578582253344,-0.09846542511496656,-0.29490615691628347,0.5204624954274666,0.4312744140625,0.37086532745871653,0.6367640670725334,0.98486328125,0.14958144988503344,0.03285263214621656,0.08079482879128344,0.970947265625,0.14816192320756688,-0.022628324885033444,0.18638564910378344,0.9019775390625,0.05845596160378344,-0.28135635222878347,0.3221435546875,0.9508056640625,-0.23666473694868312,-0.12504531707253344,0.155517578125
198,0.92938232421875,-0.19873046875,-0.0985107421875,-0.29486083984375,0.5205527213106187,0.43130135934887126,0.37091064453125,0.6366558776651338,0.98486328125,0.14950918752612877,0.03294285802936874,0.08077645700512125,0.970947265625,0.1480712890625,-0.0225830078125,0.18634033203125,0.9019685573003763,0.05838369924487875,-0.28133798044262126,0.3221435546875,0.9507966823003763,-0.23678231638012123,-0.1249820364757525,0.1555355416492475
199,0.929380078778219,-0.1987416959526547,-0.09850400586590718,-0.29486083984375,0.520810742840719,0.43146201041231186,0.3708994173285953,0.6362982402278429,0.984861035809469,0.14936649998693563,0.03319863411893812,0.0809326171875,0.971006055340719,0.1476552701714047,-0.02307577994356188,0.18652119205946907,0.90191650390625,0.05823652082462376,-0.2815008769465928,0.32213906380643814,0.9507491197873119,-0.2369272493598453,-0.12488242056856189,0.15563515755643811
200,0.9293212890625,-0.19903564453125,-0.09832763671875,-0.29486083984375,0.520751953125,0.43157958984375,0.37060546875,0.636474609375,0.98480224609375,0.14971923828125,0.0330810546875,0.0809326171875,0.970947265625,0.14794921875,-0.023193359375,0.18646240234375,0.90191650390625,0.0584716796875,-0.28167724609375,0.322021484375,0.95086669921875,-0.23663330078125,-0.125,0.155517578125
201,0.9293212890625,-0.19903564453125,-0.09832763671875,-0.29486083984375,0.52093505859375,0.43170166015625,0.370849609375,0.6361083984375,0.98486328125,0.14923095703125,0.033203125,0.08111572265625,0.97100830078125,0.14739990234375,-0.0234375,0.1866455078125,0.90191650390625,0.05804443359375,-0.28167724609375,0.32208251953125,0.95074462890625,-0.237060546875,-0.124755859375,0.1556396484375
202,0.9293212890625,-0.1993408203125,-0.09808349609375,-0.29486083984375,0.5208740234375,0.43182373046875,0.37054443359375,0.63623046875,0.9848453177257525,0.14925259491272994,0.03327844932326505,0.08118390239600752,0.970947265625,0.147705078125,-0.02362060546875,0.18658447265625,0.90185546875,0.05828857421875,-0.28192138671875,0.32196044921875,0.950719520798495,-0.23709994414977006,-0.12480974994774248,0.15573293628501253
203,0.9293212890625,-0.1993408203125,-0.09808349609375,-0.29486083984375,0.5208740234375,0.43194580078125,0.3707275390625,0.63604736328125,0.98486328125,0.14910888671875,0.03338623046875,0.08123779296875,0.970947265625,0.14739990234375,-0.02374267578125,0.1866455078125,0.90179443359375,0.057861328125,-0.28204345703125,0.32208251953125,0.95068359375,-0.23724365234375,-0.124755859375,0.15582275390625
204,0.9293212890625,-0.19952392578125,-0.0980224609375,-0.2947998046875,0.52081298828125,0.43212890625,0.37054443359375,0.6361083984375,0.9848928802388169,0.14917359623223245,0.03311983956939798,0.0811471588236831,0.970947265625,0.1475830078125,-0.0238037109375,0.18658447265625,0.90185546875,0.05804443359375,-0.2821044921875,0.32196044921875,0.9506854309286162,-0.23720854181908446,-0.12484465634145067,0.15578948056020067
205,0.9292984263952759,-0.19956965111569816,-0.09806818627194816,-0.2947998046875,0.5207062277905519,0.4321746315844482,0.37056729626097407,0.6361083984375,0.9849014537390259,0.14909357689694816,0.03290550206417225,0.08111572265625,0.970947265625,0.14738459252194816,-0.024101333873327753,0.1866455078125,0.9017562611047241,0.05796808861569817,-0.2823639426343018,0.32193758655152593,0.95062255859375,-0.23731999732180184,-0.12489323950930184,0.1559066517297241
206,0.92926025390625,-0.19964599609375,-0.09814453125,-0.2947998046875,0.5206298828125,0.4322509765625,0.37060546875,0.6361083984375,0.9848794075956313,0.14918604822063128,0.03290713511183108,0.08109959631061872,0.970947265625,0.1474609375,-0.02398681640625,0.1866455078125,0.90179443359375,0.05804443359375,-0.28228759765625,0.3218994140625,0.95062255859375,-0.23725977868938128,-0.12486527356814382,0.15592869787311872
207,0.92926025390625,-0.19962721604567307,-0.09821026141826926,-0.2947810246394231,0.52056884765625,0.4323307917668269,0.3703566331129808,0.6362445537860577,0.98492431640625,0.1492027869591346,0.03264911358173079,0.08104529747596154,0.970947265625,0.1476769080528846,-0.024104191706730744,0.18663611778846154,0.9017005333533654,0.058096078725961536,-0.2825880784254807,0.32183837890625,0.95062255859375,-0.2373328575721154,-0.12493426983173074,0.15590256911057693
208,0.92926025390625,-0.19952392578125,-0.09857177734375,-0.294677734375,0.5205608865489131,0.4324393894361413,0.37064792798913043,0.6359995966372283,0.98492431640625,0.14905581266983695,0.032943062160326095,0.08099365234375,0.970947265625,0.14752197265625,-0.02374267578125,0.18658447265625,0.9018501613451086,0.058049740998641304,-0.282234523607337,0.3218436863111413,0.9506199048913043,-0.2374824855638587,-0.12459663722826086,0.156005859375
209,0.92926025390625,-0.19952392578125,-0.09857177734375,-0.294677734375,0.5203857421875,0.43255615234375,0.3702392578125,0.63629150390625,0.98492431640625,0.14923095703125,0.0325927734375,0.08099365234375,0.970947265625,0.14764404296875,-0.02410888671875,0.1866455078125,0.9017333984375,0.05816650390625,-0.28240966796875,0.32196044921875,0.9505615234375,-0.23736572265625,-0.1251220703125,0.156005859375
210,0.92926025390625,-0.19940185546875,-0.09893798828125,-0.2945556640625,0.5203857421875,0.43267822265625,0.37054443359375,0.63604736328125,0.98492431640625,0.14898681640625,0.03289794921875,0.0809326171875,0.970947265625,0.1474609375,-0.02374267578125,0.18658447265625,0.90185546875,0.05804443359375,-0.28204345703125,0.32196044921875,0.9505615234375,-0.237548828125,-0.124755859375,0.15606689453125
211,0.92926025390625,-0.19940185546875,-0.09893798828125,-0.2945556640625,0.520263671875,0.43280029296875,0.37030029296875,0.63623046875,0.98492431640625,0.1490478515625,0.03253173828125,0.0809326171875,0.97100830078125,0.1473388671875,-0.02374267578125,0.18658447265625,0.9017333984375,0.05804443359375,-0.2823486328125,0.32196044921875,0.95050048828125,-0.237548828125,-0.12506103515625,0.15606689453125
212,0.92926025390625,-0.19952392578125,-0.09906005859375,-0.2945556640625,0.5201416015625,0.43292236328125,0.370361328125,0.63623046875,0.98492431640625,0.149169921875,0.03265380859375,0.0809326171875,0.97100830078125,0.1474609375,-0.02362060546875,0.18658447265625,0.90179443359375,0.05816650390625,-0.2822265625,0.32196044921875,0.9505615234375,-0.23748779296875,-0.12493896484375,0.1561279296875
213,0.9292002394047868,-0.19976398378710286,-0.0990300513430184,-0.2945856713132316,0.5200826077158236,0.43295032922240806,0.37039439734009194,0.6361984201896949,0.9849253370610368,0.14919584650658446,0.03253173828125,0.0808405541257316,0.9710393286867683,0.14715167909960286,-0.02374267578125,0.18658447265625,0.90179443359375,0.05785724550585286,-0.2822865770014632,0.3219614698735368,0.9504994676264632,-0.23761394590039714,-0.12481689453125,0.1561589575930184
214,0.92913818359375,-0.20001220703125,-0.0989990234375,-0.29461669921875,0.51995849609375,0.43310546875,0.3702392578125,0.63629150390625,0.9849098231082776,0.14921911743572325,0.032461925493833615,0.08087158203125,0.97100830078125,0.14739990234375,-0.02374267578125,0.18658447265625,0.90179443359375,0.05810546875,-0.2823486328125,0.3218994140625,0.9505149815792224,-0.23759843194763794,-0.1247936236021112,0.1561744715457776
215,0.9291051143786581,-0.20014448389161787,-0.09896595422240803,-0.29461669921875,0.520091997739862,0.4329440011627299,0.3704007253997701,0.636158002260138,0.984968816954954,0.14893598779786787,0.0323486328125,0.08085504742370402,0.971052801329954,0.14699939740541387,-0.023881280701295984,0.186567938048704,0.9017333984375,0.05768842920411789,-0.282564807496342,0.32184981023986203,0.9504725223400919,-0.23784379735838213,-0.124755859375,0.156233465392454
216,0.92901611328125,-0.20050048828125,-0.098876953125,-0.29461669921875,0.51995849609375,0.43316650390625,0.37017822265625,0.63629150390625,0.98492431640625,0.14926259732964048,0.03231923795464047,0.080810546875,0.97100830078125,0.14739990234375,-0.02392578125,0.1865234375,0.9017333984375,0.05804443359375,-0.28265380859375,0.32171630859375,0.9505419268655937,-0.23755638097042223,-0.12477545594690635,0.15618896484375
217,0.9290191752456104,-0.20050048828125,-0.09888920098244147,-0.29461363725438966,0.5198943989731396,0.43311159267872074,0.3703705140180811,0.6362853799775293,0.98492431640625,0.14910582475438963,0.032177775201191465,0.08080748491063963,0.97100830078125,0.14727477006688963,-0.02391353339255853,0.18658141069188963,0.9016754252456104,0.057861328125,-0.28288570136130853,0.32171630859375,0.950439453125,-0.2379150390625,-0.12486568183005853,0.15619202680811037
218,0.9290771484375,-0.20050048828125,-0.09912109375,-0.2945556640625,0.51983642578125,0.4332275390625,0.37054443359375,0.63616943359375,0.98492431640625,0.1490478515625,0.03240966796875,0.08074951171875,0.97100830078125,0.147216796875,-0.023681640625,0.1865234375,0.9017333984375,0.057861328125,-0.28265380859375,0.32171630859375,0.950439453125,-0.2379150390625,-0.1246337890625,0.15625
219,0.9290771484375,-0.20050048828125,-0.09912109375,-0.2945556640625,0.51971435546875,0.4332275390625,0.37042236328125,0.63629150390625,0.98492431640625,0.14910888671875,0.0323486328125,0.08087158203125,0.97100830078125,0.1473388671875,-0.02386474609375,0.1866455078125,0.90167236328125,0.05792236328125,-0.28289794921875,0.3216552734375,0.950439453125,-0.23785400390625,-0.12493896484375,0.15625
220,0.9290771484375,-0.20037841796875,-0.09930419921875,-0.29449462890625,0.519775390625,0.4332275390625,0.37060546875,0.63616943359375,0.9849853515625,0.14892578125,0.032470703125,0.080810546875,0.97100830078125,0.147216796875,-0.02374267578125,0.18658447265625,0.9017333984375,0.05780029296875,-0.28271484375,0.32171630859375,0.95037841796875,-0.238037109375,-0.124755859375,0.15631103515625
221,0.9290399966032609,-0.20048987347146738,-0.09930419921875,-0.29445747707201086,0.5195551333220109,0.4333389945652174,0.37047012992527173,0.6363525390625,0.9849481997282609,0.14897620159646738,0.03256889011548913,0.08089546535326086,0.97100830078125,0.14708411175271738,-0.02374267578125,0.18663223930027173,0.9017705502717391,0.05778967815896739,-0.28271484375,0.32167915675951086,0.9504155698029891,-0.23798668902853262,-0.12459663722826086,0.15621284816576086
222,0.92901611328125,-0.2005615234375,-0.09930419921875,-0.29443359375,0.51953125,0.43341064453125,0.37042236328125,0.6363525390625,0.9849547319188964,0.14895660502456104,0.03256235792485368,0.08087158203125,0.97100830078125,0.14715576171875,-0.02374267578125,0.18658447265625,0.90179443359375,0.057861328125,-0.28271484375,0.3216552734375,0.9503786220997074,-0.23812794765102424,-0.12463358493154264,0.15628021138168896
223,0.92901611328125,-0.20063256101066052,-0.0993278784098035,-0.2944099145589465,0.5193855004964465,0.4334816821044105,0.3703986840901965,0.63641357421875,0.9849616723714465,0.148912104475857,0.03257909666335702,0.0808479028401965,0.97100830078125,0.14686058835441052,-0.02371899659019649,0.1868049340901965,0.9016350073160535,0.05750511960441053,-0.2830573754964465,0.321729985367893,0.9503410620035535,-0.23827124758308948,-0.12464746583664298,0.1563483911214465
224,0.92901611328125,-0.20074462890625,-0.099365234375,-0.29437255859375,0.51934814453125,0.43359375,0.370361328125,0.63641357421875,0.98492431640625,0.1489529306673286,0.032636865724289296,0.0808783183528428,0.97100830078125,0.14697265625,-0.023681640625,0.186767578125,0.90167236328125,0.0576171875,-0.28302001953125,0.3216552734375,0.9503614750992893,-0.2381761225569607,-0.1246405253840928,0.1563279780257107
225,0.9290263198291179,-0.2007344223583821,-0.09939585401860368,-0.2943521454980142,0.5192362807666179,0.4335429213916179,0.3703207060644858,0.6365152314355143,0.9849345229541179,0.14884433299801422,0.03262339308110367,0.08104448095213211,0.9710185073291179,0.1468403793896321,-0.023773091293896324,0.18693027049801422,0.9016215346728679,0.05772905126463211,-0.2832335405126463,0.3215840317333821,0.9503173828125,-0.23824062793948578,-0.12478627488764632,0.1563720703125
226,0.9290771484375,-0.20068359375,-0.09954833984375,-0.29425048828125,0.519287109375,0.43359375,0.37042236328125,0.63641357421875,0.9849853515625,0.14872879487614968,0.03277240867997492,0.08099712257002509,0.9710693359375,0.14678955078125,-0.02362060546875,0.18682861328125,0.90167236328125,0.05767822265625,-0.2830810546875,0.321533203125,0.9503104423599499,-0.2383631065139005,-0.12463725928877509,0.1563755405387751
227,0.9290771484375,-0.20068359375,-0.09954833984375,-0.29425048828125,0.519287109375,0.433349609375,0.37042236328125,0.63653564453125,0.9849853515625,0.14849853515625,0.03271484375,0.0810546875,0.9710693359375,0.1463623046875,-0.02398681640625,0.1868896484375,0.901611328125,0.05731201171875,-0.28338623046875,0.32159423828125,0.9501953125,-0.23870849609375,-0.12469482421875,0.15643310546875
228,0.928955078125,-0.20111083984375,-0.0997314453125,-0.294189453125,0.51904296875,0.43377685546875,0.37030029296875,0.63653564453125,0.98492431640625,0.14892578125,0.032958984375,0.08099365234375,0.97100830078125,0.14678955078125,-0.0238037109375,0.18682861328125,0.90167236328125,0.0577392578125,-0.28326416015625,0.3214111328125,0.9503173828125,-0.23834228515625,-0.12445068359375,0.15643310546875
229,0.9288664852895067,-0.20146521118572325,-0.09990863098348662,-0.294189453125,0.5188825218175167,0.43382605102947325,0.37037806686350333,0.6365966796875,0.9850020903010034,0.14856446945547658,0.033041657412729936,0.08111572265625,0.9710860746760034,0.14635046509197325,-0.02394843978626672,0.18684535201975336,0.9017166596989966,0.05736120727947325,-0.2834531854227634,0.3212004696645067,0.9502228701792433,-0.23882566726327342,-0.12429023666126672,0.15653843704274664
230,0.9288330078125,-0.20159912109375,-0.0999755859375,-0.294189453125,0.518798828125,0.4339599609375,0.370361328125,0.6365966796875,0.9849853515625,0.148681640625,0.03314208984375,0.08111572265625,0.9710693359375,0.146484375,-0.02386474609375,0.18682861328125,0.9017333984375,0.0574951171875,-0.28338623046875,0.3211669921875,0.95025634765625,-0.23870849609375,-0.12420654296875,0.15655517578125
231,0.9287405364888168,-0.20199983016304351,-0.10000640971206104,-0.29415862935043896,0.5188882374843227,0.4338409525893604,0.37054259641513376,0.6364752217678721,0.9850457743258779,0.14828889266304351,0.03296020916074416,0.08105407510712792,0.9711605824754389,0.14584748641304351,-0.024138485707566878,0.18682800088837792,0.9016421518995611,0.05707154545098248,-0.28396575825668896,0.3209518381584448,0.9500744669732442,-0.23937620845526753,-0.12426635333925584,0.15658538716293896
232,0.92864990234375,-0.202392578125,-0.10003662109375,-0.29412841796875,0.5186767578125,0.43414306640625,0.370361328125,0.63653564453125,0.9850335264684364,0.14832032883047652,0.03293652996969061,0.08104182724968646,0.97113037109375,0.146240234375,-0.0240478515625,0.186767578125,0.90167236328125,0.05743408203125,-0.283935546875,0.32080078125,0.9501953125,-0.239013671875,-0.1241455078125,0.15655517578125
233,0.9286325512123745,-0.2024793337818771,-0.10010602561925169,-0.2940937157059992,0.5188078098871237,0.4338199271007525,0.37054443359375,0.6365619774247492,0.9850900707436245,0.1478355178067517,0.032801599406877116,0.08108102039349915,0.97119140625,0.1454724978443771,-0.024283622818248307,0.18691598133099915,0.9016460303877508,0.05683209983800169,-0.2842323532869983,0.3208707981683737,0.9499858741377508,-0.2397377243807483,-0.12399771699937288,0.15667724609375
234,0.9285888671875,-0.20269775390625,-0.10028076171875,-0.29400634765625,0.5186767578125,0.43408203125,0.37054443359375,0.636474609375,0.98504638671875,0.14801025390625,0.03297756029211954,0.08104672639266307,0.97119140625,0.14569091796875,-0.02410888671875,0.18682861328125,0.9017333984375,0.0570068359375,-0.2840576171875,0.32073974609375,0.9500732421875,-0.23956298828125,-0.123779296875,0.15667724609375
235,0.9285927456756898,-0.20268611844168058,-0.10031566811245825,-0.2939908337034908,0.5183754605194398,0.4339066827576296,0.3705105478548286,0.6368785845396112,0.9850502652069398,0.14799086146530097,0.03280690681176845,0.08128331417224077,0.9711342495819398,0.14567540401599077,-0.02431812095004175,0.18706111844168058,0.9015658069215092,0.057239341097930586,-0.28444995688754177,0.3207358676055602,0.949951171875,-0.23970445103469903,-0.12429370688754175,0.1568031948944398
236,0.92864990234375,-0.2025146484375,-0.100830078125,-0.29376220703125,0.5184326171875,0.43402099609375,0.37091064453125,0.63653564453125,0.985107421875,0.147705078125,0.03326416015625,0.0810546875,0.97119140625,0.14544677734375,-0.0238037109375,0.1868896484375,0.90179443359375,0.05706787109375,-0.283935546875,0.3206787109375,0.949951171875,-0.239990234375,-0.123779296875,0.1568603515625
237,0.92864990234375,-0.20261753044000835,-0.10124160613503345,-0.29360788402748744,0.5182076648724916,0.4340340604750209,0.3709943382237667,0.6366350563074833,0.9850559808737458,0.147705078125,0.03349258269753346,0.08126657543373746,0.9712428472512542,0.14525407772000418,-0.02369735870871654,0.18704050121498744,0.9017656511287625,0.057119312095004184,-0.28395126495871653,0.3206272699362458,0.9499415777200042,-0.23999982852999582,-0.12361190948996655,0.15691179256375418
238,0.92864990234375,-0.20263671875,-0.101318359375,-0.2935791015625,0.5181884765625,0.43408203125,0.37103271484375,0.6365966796875,0.98504638671875,0.147705078125,0.0335693359375,0.08123779296875,0.97125244140625,0.145263671875,-0.02362060546875,0.18701171875,0.90179443359375,0.05712890625,-0.28387451171875,0.32061767578125,0.949951171875,-0.239990234375,-0.12353515625,0.15692138671875
239,0.9285739656276129,-0.2029404656145485,-0.10147023280727425,-0.29350316484636285,0.5180596699284071,0.43395853202079854,0.3711778519544314,0.6367418167981814,0.9850694535169314,0.14766568085022996,0.03330886483591139,0.08128392656511287,0.97125244140625,0.14510220428772996,-0.023575900789088607,0.1870198839882943,0.9017713667955686,0.056845368350229956,-0.28402781406772576,0.3206258410195443,0.9499050382786371,-0.24039584258727004,-0.12324631094533861,0.15692138671875
240,0.92852783203125,-0.203125,-0.1015625,-0.29345703125,0.5179443359375,0.43414306640625,0.37115478515625,0.63671875,0.98504638671875,0.1478271484375,0.033447265625,0.08123779296875,0.97125244140625,0.145263671875,-0.0234375,0.18695068359375,0.90179443359375,0.0570068359375,-0.283935546875,0.320556640625,0.949951171875,-0.240234375,-0.12310791015625,0.15692138671875
241,0.92852783203125,-0.20324747857441475,-0.10163598714464885,-0.2934080398202341,0.5178343093514841,0.43398486491429766,0.37137443006636706,0.6367552894413671,0.9850829261601171,0.1476809906720318,0.03372835395328179,0.08140844644910115,0.97125244140625,0.1451175141095318,-0.023241942542851154,0.18712133707410117,0.9017823898672659,0.05673860785953179,-0.28398413004285117,0.32066625894910117,0.9498780929922659,-0.2405636382342182,-0.12286336126933527,0.15695792616011706
242,0.92852783203125,-0.20343017578125,-0.10174560546875,-0.2933349609375,0.51776123046875,0.4342041015625,0.371337890625,0.63671875,0.98504638671875,0.14779162965091971,0.03389227111204014,0.0813876250914507,0.97125244140625,0.145263671875,-0.02313232421875,0.18701171875,0.90185546875,0.056884765625,-0.28387451171875,0.320556640625,0.949951171875,-0.24041748046875,-0.1226806640625,0.15692138671875
243,0.92852783203125,-0.20345222192464466,-0.10176765161214466,-0.293301891722408,0.51751708984375,0.434115100465092,0.37152099609375,0.6368687862536581,0.98504638671875,0.1477161011966973,0.033968616090091976,0.08157093469115802,0.97125244140625,0.1448474488529473,-0.02309925500365802,0.18728382531615803,0.9017554445808946,0.056540600830894655,-0.2840355710441054,0.320706676878658,0.9498401246341973,-0.2408337034908027,-0.12264759484740802,0.15696037573160534
244,0.92852783203125,-0.20355224609375,-0.10186767578125,-0.29315185546875,0.51751708984375,0.43426513671875,0.37152099609375,0.63671875,0.98504638671875,0.14775325303093645,0.03411865234375,0.08144233218802259,0.97125244140625,0.1448974609375,-0.02294921875,0.1871337890625,0.90185546875,0.056640625,-0.283935546875,0.320556640625,0.94989013671875,-0.24078369140625,-0.12249755859375,0.1568603515625
245,0.92852783203125,-0.20355224609375,-0.10186767578125,-0.29315185546875,0.5172241619199415,0.4341479655492266,0.3715795816785117,0.6370116779238085,0.98504638671875,0.1475830078125,0.03411865234375,0.08172607421875,0.97125244140625,0.14471435546875,-0.02294921875,0.1873779296875,0.90179443359375,0.05645751953125,-0.28399658203125,0.32061767578125,0.9498291015625,-0.24102783203125,-0.12237548828125,0.156982421875
246,0.92852783203125,-0.20367431640625,-0.10198974609375,-0.29302978515625,0.5172119140625,0.434326171875,0.37158203125,0.63690185546875,0.98504638671875,0.14764404296875,0.03424072265625,0.08160400390625,0.97125244140625,0.14483642578125,-0.0228271484375,0.187255859375,0.90191650390625,0.0565185546875,-0.28387451171875,0.32049560546875,0.94989013671875,-0.240966796875,-0.1221923828125,0.15692138671875
247,0.928482719089674,-0.20385476817255435,-0.10226042374320654,-0.2929846722146739,0.5170924974524457,0.43429167374320654,0.37167225713315216,0.6369496221127717,0.985001273777174,0.1476732336956522,0.03431237262228263,0.0816809612771739,0.97125244140625,0.14477273692255435,-0.02280061141304346,0.18727178158967392,0.9019456946331522,0.05633279551630436,-0.28389308763586957,0.3204504925271739,0.9498582922894022,-0.24125870414402173,-0.12192170516304346,0.15690546450407608
248,0.928466796875,-0.20391845703125,-0.10235595703125,-0.29296875,0.51702880859375,0.43438720703125,0.3717041015625,0.63690185546875,0.9849853515625,0.147705078125,0.034423828125,0.0816650390625,0.97125244140625,0.14483642578125,-0.022705078125,0.187255859375,0.9019775390625,0.056396484375,-0.2838134765625,0.3204345703125,0.94989013671875,-0.2412109375,-0.121826171875,0.15692138671875
249,0.928403516278219,-0.20417157941837377,-0.10238759732964046,-0.29296875,0.5172074231814381,0.4340887675715928,0.37185332129232856,0.636904100909281,0.9850757815766096,0.14753095441837377,0.03409150292642141,0.08160400390625,0.9712818362641096,0.14466230207462377,-0.02276386784071906,0.18722421907660952,0.90191650390625,0.05610029035587376,-0.2840576171875,0.32031025455946904,0.949831347003031,-0.2414777366612667,-0.12164082096571906,0.1568603515625
250,0.9283447265625,-0.20440673828125,-0.1024169921875,-0.29296875,0.51708984375,0.43426513671875,0.37176513671875,0.636962890625,0.9850712906955477,0.14756688146686872,0.034030263639214034,0.08157909992945234,0.9712773453830477,0.14469822912311872,-0.02272998210179766,0.18721972819554766,0.90191650390625,0.05633544921875,-0.2840576171875,0.32025146484375,0.94989013671875,-0.24127197265625,-0.12158203125,0.1568603515625
251,0.9283265589072951,-0.20449757655727427,-0.1024169921875,-0.29295058234479515,0.5171145435958403,0.4341547018708194,0.3720950123458403,0.6368408203125,0.9850892542197951,0.14736867030727427,0.03383164421770485,0.08152480109479515,0.9713134765625,0.14450001796352427,-0.02276611328125,0.18723769171979515,0.9019346715614549,0.055938006244774255,-0.28411865234375,0.32025799703438546,0.9498044017166597,-0.24173045078647573,-0.12138075812604515,0.15696425421979515
252,0.92828369140625,-0.2047119140625,-0.1024169921875,-0.29290771484375,0.51702880859375,0.434326171875,0.37200927734375,0.6368408203125,0.985057818052362,0.1475258511444398,0.03390880571958613,0.08151622759458613,0.9713134765625,0.14466863013430184,-0.022720387946801836,0.1872176868859741,0.9019775390625,0.05615234375,-0.28411865234375,0.32012939453125,0.94989013671875,-0.24151611328125,-0.121337890625,0.15692138671875
253,0.92828369140625,-0.20489501953125,-0.10235595703125,-0.2928466796875,0.51702880859375,0.43426513671875,0.3721923828125,0.63671875,0.98504638671875,0.1474609375,0.0340576171875,0.08160400390625,0.9713134765625,0.1446533203125,-0.0225830078125,0.187255859375,0.9019775390625,0.05609130859375,-0.2841796875,0.32012939453125,0.94989013671875,-0.2415771484375,-0.12109375,0.1568603515625
254,0.92828369140625,-0.20489501953125,-0.10235595703125,-0.2928466796875,0.51702880859375,0.43426513671875,0.3721923828125,0.63671875,0.98504638671875,0.1474609375,0.0340576171875,0.08160400390625,0.9713134765625,0.1446533203125,-0.0225830078125,0.187255859375,0.9019775390625,0.05609130859375,-0.2841796875,0.32012939453125,0.94989013671875,-0.2415771484375,-0.12109375,0.1568603515625
255,0.92828369140625,-0.20505179210650085,-0.10240821455633362,-0.29274216463733277,0.51708984375,0.43423002619408446,0.3723232307561664,0.6366664924749164,0.98504638671875,0.14737356945025085,0.03434523770641723,0.08174362948108277,0.9713134765625,0.14450491710650085,-0.022356422449832773,0.18734322742474915,0.9019077262750836,0.05595168301891723,-0.2841884651311664,0.32026902010608277,0.9498813590875836,-0.24165573885608277,-0.12086716463733277,0.15681687166858277
256,0.92828369140625,-0.205078125,-0.1024169921875,-0.292724609375,0.51708984375,0.43426513671875,0.372314453125,0.63665771484375,0.98504638671875,0.14739990234375,0.03436279296875,0.08172607421875,0.9713134765625,0.14453125,-0.0223388671875,0.18731689453125,0.90191650390625,0.05596923828125,-0.2841796875,0.32025146484375,0.94989013671875,-0.24163818359375,-0.120849609375,0.15679931640625
257,0.92828369140625,-0.205000555236204,-0.10257213171509198,-0.29264703961120403,0.517128628631898,0.434059780975648,0.372469592652592,0.636663430510556,0.98504638671875,0.147261297423704,0.03445689734009198,0.081931429961852,0.971291226288148,0.14453696566680602,-0.022305797972408017,0.18746121511810201,0.901894253631898,0.05601373882995401,-0.284207653441158,0.32025146484375,0.94989013671875,-0.24175453823944398,-0.12093861047240802,0.15677706613189799
258,0.92828369140625,-0.2049560546875,-0.1026611328125,-0.2926025390625,0.51715087890625,0.43408203125,0.37255859375,0.6365966796875,0.98504638671875,0.147216796875,0.0345458984375,0.0819091796875,0.9713134765625,0.14447021484375,-0.022216796875,0.18743896484375,0.90191650390625,0.05596923828125,-0.28411865234375,0.32025146484375,0.94989013671875,-0.2418212890625,-0.120849609375,0.15679931640625
259,0.92828369140625,-0.20500667916492474,-0.1026611328125,-0.2926025390625,0.5171255666675376,0.4339852731762124,0.3726553518237876,0.6365609567699624,0.98504638671875,0.14726742135242474,0.034510175519962376,0.08200593776128763,0.9713134765625,0.14445980416492474,-0.02252197265625,0.18741365260503762,0.9019775390625,0.055750409894962376,-0.28411865234375,0.3202261526050376,0.9498544138012124,-0.24189273489757526,-0.1207275390625,0.15679931640625
260,0.92828369140625,-0.205078125,-0.1026611328125,-0.2926025390625,0.51708984375,0.43402099609375,0.37261962890625,0.6365966796875,0.98504638671875,0.1472831394361413,0.0346573539402174,0.08200736667798914,0.9713134765625,0.14451267408288043,-0.0224105171535326,0.18739650560461957,0.9019775390625,0.0557861328125,-0.28411865234375,0.3201904296875,0.94989013671875,-0.2418212890625,-0.1207275390625,0.15679931640625
261,0.92828369140625,-0.2051018041910535,-0.10262561402591973,-0.29261437865802675,0.5171390393107232,0.43407019165447325,0.37276721558841974,0.6364490930053303,0.98504638671875,0.14719128050533029,0.03487659058841973,0.08210412475177675,0.9713016369669732,0.1444938940348035,-0.02219128050533027,0.18743896484375,0.9020267346232232,0.05579797240802676,-0.28384899534908026,0.32023962524822325,0.9499019763142768,-0.2418586450276965,-0.12039684691158027,0.15684851196697325
262,0.92828369140625,-0.2052001953125,-0.10247802734375,-0.29266357421875,0.51708984375,0.43402099609375,0.37261962890625,0.6365966796875,0.98504638671875,0.1473286606396321,0.03473410718018395,0.0821431137646321,0.971257544680184,0.14459228515625,-0.022333763913566052,0.18743386156981606,0.9019775390625,0.05584716796875,-0.28399658203125,0.3201904296875,0.949951171875,-0.24176025390625,-0.12054443359375,0.15679931640625
263,0.92828369140625,-0.2052001953125,-0.10247802734375,-0.29266357421875,0.5172680500757734,0.43402099609375,0.37261962890625,0.6364778754703178,0.98504638671875,0.147216796875,0.0347900390625,0.08203125,0.9713134765625,0.14459228515625,-0.02227783203125,0.1873779296875,0.9020369411710911,0.05578776586015886,-0.2839371799226589,0.3201310275789089,0.94989013671875,-0.24188232421875,-0.1204833984375,0.15673828125
264,0.92822265625,-0.20526123046875,-0.1025390625,-0.292724609375,0.51715087890625,0.43402099609375,0.3726806640625,0.63653564453125,0.98504638671875,0.14727783203125,0.03485107421875,0.08209228515625,0.97125244140625,0.1446533203125,-0.022216796875,0.1875,0.90203857421875,0.055908203125,-0.283935546875,0.3201904296875,0.94989013671875,-0.2418212890625,-0.1204833984375,0.15679931640625
265,0.92822265625,-0.20526123046875,-0.1025390625,-0.292724609375,0.5171968083716555,0.4339750666283445,0.3727265935279055,0.6364897150658445,0.985107421875,0.147216796875,0.03424072265625,0.08184814453125,0.9713134765625,0.14434814453125,-0.02264404296875,0.18731689453125,0.9020845036841555,0.05558669686716138,-0.2839814763404055,0.3200067118258779,0.94989013671875,-0.24212646484375,-0.12017822265625,0.1566162109375
266,0.9281005859375,-0.20538330078125,-0.10272216796875,-0.2928466796875,0.51702880859375,0.43408203125,0.372802734375,0.63653564453125,0.98504638671875,0.14727783203125,0.03448486328125,0.08203125,0.9713134765625,0.1445704431438127,-0.022539323787625416,0.18732138541231189,0.902099609375,0.05572509765625,-0.2838134765625,0.320068359375,0.94989013671875,-0.24200439453125,-0.12005615234375,0.15679931640625
267,0.9281005859375,-0.20538330078125,-0.10272216796875,-0.2928466796875,0.51702880859375,0.4341144880722199,0.3727702775527801,0.63653564453125,0.98504638671875,0.14739990234375,0.03436279296875,0.08184814453125,0.9713134765625,0.14459228515625,-0.0225830078125,0.187255859375,0.9021645230194398,0.0557900113006898,-0.2837810197402801,0.3199385320861204,0.949951171875,-0.24200439453125,-0.1199951171875,0.15667724609375
268,0.9281005859375,-0.20538330078125,-0.102783203125,-0.29290771484375,0.5169677734375,0.43414306640625,0.372802734375,0.63653564453125,0.98504638671875,0.14739990234375,0.034423828125,0.0819091796875,0.9713134765625,0.1445665646556229,-0.022496252155622908,0.1873426150318771,0.9022216796875,0.055908203125,-0.28375244140625,0.31988525390625,0.949951171875,-0.24200439453125,-0.11993408203125,0.15673828125
269,0.9280816017584658,-0.20534533242318143,-0.10284015566210285,-0.2929456832018186,0.5169908402356814,0.4341050980481814,0.37273761659960286,0.6365966796875,0.98504638671875,0.14730089882943143,0.03452283163931857,0.08196613222460285,0.9713134765625,0.14449328164193143,-0.022403984962897153,0.18741589804556857,0.90228271484375,0.05584716796875,-0.28351238340039714,0.31982013613085286,0.9499932228522158,-0.2420233787102843,-0.11960992207096571,0.15669214765363712
270,0.92803955078125,-0.20526123046875,-0.10296630859375,-0.29302978515625,0.51690673828125,0.43402099609375,0.37286376953125,0.6365966796875,0.98504638671875,0.14722904473244147,0.03461918145119147,0.08208003729880853,0.9713134765625,0.14453125,-0.02227783203125,0.18731689453125,0.90228271484375,0.05584716796875,-0.28338623046875,0.3199462890625,0.949951171875,-0.2420654296875,-0.11956787109375,0.1568603515625
271,0.92803955078125,-0.20526123046875,-0.10295528552205269,-0.29303529669209866,0.51690673828125,0.43413755487040134,0.37291929315165134,0.6365411560670987,0.98504638671875,0.14727783203125,0.03465694567830268,0.08203676153584866,0.9713134765625,0.14453125,-0.02228885510294732,0.18732240606709866,0.9023992736204013,0.0557861328125,-0.2830920777591973,0.31988525390625,0.95001220703125,-0.24205991815165134,-0.11927371838419731,0.15673828125
272,0.92803955078125,-0.20526123046875,-0.10284423828125,-0.2930908203125,0.51690673828125,0.43408203125,0.37286376953125,0.6365966796875,0.98504638671875,0.14727783203125,0.0345458984375,0.08209228515625,0.9713134765625,0.14459106037050584,-0.021981229750209046,0.1873779296875,0.90234375,0.0557861328125,-0.283203125,0.31988525390625,0.95001220703125,-0.24200439453125,-0.119384765625,0.15673828125
273,0.92803955078125,-0.20526123046875,-0.10284423828125,-0.2930908203125,0.516800590183424,0.4341881793478261,0.372916843580163,0.6365436056385869,0.9849853515625,0.1473388671875,0.0350341796875,0.08209228515625,0.9713134765625,0.14459228515625,-0.02197265625,0.1873779296875,0.90234375,0.05583920686141304,-0.2830969769021739,0.3199914020040761,0.95001220703125,-0.24200439453125,-0.11920166015625,0.15679931640625
274,0.92803955078125,-0.20513916015625,-0.10272216796875,-0.293212890625,0.516845703125,0.43402099609375,0.37286376953125,0.63665771484375,0.98504638671875,0.14727783203125,0.034912109375,0.08221435546875,0.9712987791335702,0.14448491227267976,-0.022109423991429768,0.18740732454535952,0.90228271484375,0.05572509765625,-0.283203125,0.32012939453125,0.949951171875,-0.2420654296875,-0.119384765625,0.1568603515625
275,0.9279999493755225,-0.20521836296770485,-0.10276176937447742,-0.29325249203072745,0.5167665003135451,0.4341398003109323,0.37282416812552255,0.63665771484375,0.9850067853130225,0.14737846859322742,0.03493027703020485,0.08213188656197742,0.9712738751567725,0.14458901906093227,-0.022055125156772576,0.18741753109322742,0.90228271484375,0.055685496250522576,-0.283203125,0.32012939453125,0.949951171875,-0.24216933234479515,-0.1192626953125,0.15683891781197742
276,0.927978515625,-0.20526123046875,-0.102783203125,-0.29327392578125,0.5167236328125,0.4342041015625,0.372802734375,0.63665771484375,0.9850182166466346,0.1474327674278846,0.03471022385817307,0.08205472506009615,0.9713134765625,0.14459228515625,-0.02239990234375,0.1873779296875,0.90228271484375,0.0556640625,-0.283203125,0.32012939453125,0.949951171875,-0.24212646484375,-0.1192626953125,0.1568603515625
277,0.9280046443875418,-0.2052351017062082,-0.10283546065008362,-0.29327392578125,0.5167236328125,0.4342041015625,0.3727766056124582,0.6366838436062918,0.98504638671875,0.14740867997491638,0.034537120806333615,0.08197021484375,0.9713134765625,0.1445661563937082,-0.022373773581208192,0.1873779296875,0.9023088436062918,0.055716320025083615,-0.2831247387123746,0.32012939453125,0.9499860782687082,-0.24205665205633362,-0.11929760170620819,0.1568603515625
278,0.92803955078125,-0.2052001953125,-0.1029052734375,-0.29327392578125,0.5167236328125,0.4342041015625,0.37274169921875,0.63671875,0.985026994277801,0.147397044510347,0.03460693359375,0.08200899972564799,0.97125244140625,0.1448974609375,-0.0223388671875,0.1873779296875,0.90234375,0.0557861328125,-0.28302001953125,0.32012939453125,0.949951171875,-0.24212646484375,-0.1192626953125,0.1568603515625
279,0.9280522069006062,-0.20516222695443145,-0.10291792955685619,-0.2932612696618938,0.5167362889318562,0.4341914454431438,0.3727543553381062,0.6367060938806438,0.9849980076818562,0.14748400429818145,0.03460693359375,0.08207962903689381,0.97125244140625,0.14485949257943145,-0.022326211068143816,0.1873652735681438,0.9023184377612876,0.05576082057378763,-0.2830326756506062,0.3201673628893186,0.9499385157556438,-0.24210339804556855,-0.11943314466189381,0.1570308009118938
280,0.9281005859375,-0.20501708984375,-0.10296630859375,-0.293212890625,0.51678466796875,0.43414306640625,0.372802734375,0.63665771484375,0.9849853515625,0.1473388671875,0.0347900390625,0.08221435546875,0.97125244140625,0.1446533203125,-0.02239990234375,0.1875,0.9022216796875,0.0556640625,-0.2830810546875,0.3203125,0.94989013671875,-0.24224853515625,-0.119384765625,0.156982421875
281,0.9281005859375,-0.20501708984375,-0.10296630859375,-0.293212890625,0.51678466796875,0.43408284777382944,0.37274251574257944,0.6367179334761706,0.9849853515625,0.1473388671875,0.0347900390625,0.08221435546875,0.97125244140625,0.1446533203125,-0.02239990234375,0.1875,0.9023421169523411,0.055844718397261704,-0.28284018015781776,0.32025228136757944,0.94989013671875,-0.2421875,-0.119384765625,0.1571044921875
282,0.9281005859375,-0.20489501953125,-0.10296630859375,-0.29315185546875,0.516845703125,0.43402099609375,0.372802734375,0.63665771484375,0.98504638671875,0.14716331456417223,0.034950485994983294,0.08220680262332776,0.9713134765625,0.1446533203125,-0.02197265625,0.18743896484375,0.90234375,0.0556640625,-0.2828369140625,0.32025146484375,0.94989013671875,-0.2423095703125,-0.119384765625,0.1571044921875
283,0.9280538399482651,-0.20508200348818983,-0.10291956260451504,-0.29315185546875,0.516845703125,0.4341144880722199,0.37275598838576507,0.63665771484375,0.9849996407295151,0.14734274567568983,0.03497314453125,0.08221435546875,0.9712667305732651,0.14484030426943983,-0.022019402239234955,0.18739221885451504,0.9023904959892349,0.05575755447846991,-0.2828369140625,0.32020471885451507,0.9499368827079849,-0.24212258635556017,-0.1192626953125,0.156982421875
284,0.92803955078125,-0.20513916015625,-0.1029052734375,-0.29315185546875,0.516845703125,0.43414306640625,0.37274169921875,0.63665771484375,0.9850253612301422,0.14727987334082357,0.03469307685775498,0.08221435546875,0.97125244140625,0.1446533203125,-0.0223388671875,0.18743896484375,0.90240478515625,0.0557861328125,-0.2828369140625,0.3201904296875,0.949951171875,-0.2420654296875,-0.1192626953125,0.156982421875
285,0.92803955078125,-0.20520570684834868,-0.10300509347564801,-0.29311858212270064,0.516845703125,0.43410979306020064,0.37274169921875,0.6366909881897993,0.98504638671875,0.14728334356709868,0.034645718475648006,0.08218108212270066,0.97125244140625,0.14471986700459868,-0.022239047149351994,0.18740569149770067,0.9023715118102007,0.0557861328125,-0.28290346075459866,0.32012388299540134,0.9499234100647993,-0.24233733212270067,-0.11912960192830266,0.156982421875
286,0.92803955078125,-0.20526123046875,-0.10308837890625,-0.2930908203125,0.516845703125,0.43408203125,0.37274169921875,0.63671875,0.9849853515625,0.1474609375,0.03460693359375,0.08221435546875,0.97125244140625,0.14471435546875,-0.0224609375,0.1875,0.90234375,0.0557861328125,-0.282958984375,0.320068359375,0.949951171875,-0.2423095703125,-0.1190185546875,0.156982421875
287,0.9280593514841137,-0.20518202765729515,-0.10314778101484115,-0.2930710196096363,0.5169051052335911,0.4340226291414089,0.37278130062447745,0.6366791485942725,0.9850051522653637,0.14736193398568143,0.03464653499947743,0.08219455476588629,0.9712722421091137,0.14463515265729515,-0.022401535391408853,0.18748019929713627,0.90234375,0.05580593351536371,-0.2829391836721363,0.32010796078072745,0.9499313711721363,-0.24214463249895485,-0.11946723453177258,0.15694118742161373
288,0.9281005859375,-0.20501708984375,-0.103271484375,-0.29302978515625,0.51702880859375,0.43389892578125,0.37286376953125,0.6365966796875,0.98504638671875,0.14715576171875,0.03472900390625,0.082275390625,0.97125244140625,0.14471435546875,-0.0223388671875,0.18756103515625,0.90234375,0.05584716796875,-0.28289794921875,0.3201904296875,0.94989013671875,-0.2423095703125,-0.119384765625,0.156982421875
289,0.9280942578778218,-0.2050297459631062,-0.103271484375,-0.2930234570965719,0.5170414647131062,0.4338862696618938,0.37286376953125,0.6365966796875,0.98504638671875,0.1471684178381062,0.034735331965928096,0.082275390625,0.97125244140625,0.1447270115881062,-0.0223325391278219,0.1875547070965719,0.9023500780596782,0.055828183789715706,-0.28289794921875,0.3201841016278219,0.94989013671875,-0.2424800196618938,-0.1193174024090719,0.15692138671875
290,0.92803955078125,-0.20513916015625,-0.103271484375,-0.29296875,0.51715087890625,0.43377685546875,0.37286376953125,0.6365966796875,0.9851070136130853,0.14697469755957354,0.034486904590823556,0.08215413683632942,0.97125244140625,0.14459228515625,-0.02239990234375,0.18743896484375,0.90240478515625,0.0556640625,-0.28289794921875,0.32012939453125,0.94989013671875,-0.24237060546875,-0.1192626953125,0.15692138671875
291,0.92803955078125,-0.20513916015625,-0.103271484375,-0.29296875,0.51715087890625,0.43377685546875,0.37286376953125,0.6365966796875,0.985107421875,0.14697265625,0.03448486328125,0.0821533203125,0.97125244140625,0.14459228515625,-0.02239990234375,0.18743896484375,0.90240478515625,0.0556640625,-0.28289794921875,0.32012939453125,0.9498362461460075,-0.24274783947794737,-0.11904713302153008,0.1569752772914925
292,0.927978515625,-0.2054443359375,-0.10321044921875,-0.2930908203125,0.51715087890625,0.43377685546875,0.37286376953125,0.6365966796875,0.98504638671875,0.14723067778010032,0.03453201753239967,0.08218108212270066,0.97125244140625,0.1446533203125,-0.02252197265625,0.1875,0.90240478515625,0.0556640625,-0.282958984375,0.320068359375,0.94989013671875,-0.24249267578125,-0.11907958984375,0.15704345703125
293,0.9279380976954431,-0.20548475386705686,-0.10325086714830686,-0.29313123824205684,0.51715087890625,0.43377685546875,0.37286376953125,0.6365966796875,0.98504638671875,0.14725721480455686,0.03462673429661371,0.08223415617161371,0.97125244140625,0.14469373824205686,-0.022481554726693144,0.18754041792955686,0.9024452030858069,0.055623644570443144,-0.2828781485158863,0.32002794144544316,0.94989013671875,-0.24257432816419314,-0.11885606644544314,0.15694118742161373
294,0.92791748046875,-0.20550537109375,-0.103271484375,-0.29315185546875,0.51715087890625,0.43377685546875,0.37286376953125,0.6365966796875,0.98504638671875,0.1470947265625,0.03466796875,0.08221435546875,0.97125244140625,0.1446533203125,-0.0224609375,0.1875,0.9024658203125,0.05560302734375,-0.2828369140625,0.32000732421875,0.94989013671875,-0.2425537109375,-0.11883544921875,0.156982421875
295,0.92791748046875,-0.20561315223923496,-0.10324453908862875,-0.29315185546875,0.5171778241926213,0.43380380075512126,0.3727829336721363,0.6365966796875,0.98504638671875,0.14720250770798496,0.03466796875,0.08221435546875,0.97125244140625,0.14476110145798496,-0.02248788278637124,0.18747305471362877,0.9024658203125,0.05560302734375,-0.2828369140625,0.31998037893237874,0.9499170820051213,-0.24269007041701504,-0.11859130859375,0.15689444143237877
296,0.92791748046875,-0.20574951171875,-0.10321044921875,-0.29315185546875,0.5172119140625,0.433837890625,0.3726806640625,0.6365966796875,0.98504638671875,0.147216796875,0.03466796875,0.082275390625,0.97125244140625,0.14471435546875,-0.02252197265625,0.18743896484375,0.9024658203125,0.05560302734375,-0.2828369140625,0.3199462890625,0.949951171875,-0.2425537109375,-0.11859130859375,0.1568603515625
297,0.92791748046875,-0.20574951171875,-0.10321044921875,-0.29315185546875,0.5172253867056856,0.43382441798181437,0.3726806640625,0.6365966796875,0.98504638671875,0.147216796875,0.03466796875,0.082275390625,0.97125244140625,0.14471435546875,-0.02252197265625,0.18743896484375,0.9024523476693144,0.05560302734375,-0.28285038670568563,0.31995976170568563,0.949951171875,-0.2425537109375,-0.1187744140625,0.1568603515625
298,0.92791748046875,-0.20574951171875,-0.10321044921875,-0.29315185546875,0.51727294921875,0.43377685546875,0.3726806640625,0.6365966796875,0.9849853515625,0.147216796875,0.03497314453125,0.08245849609375,0.97119140625,0.1448974609375,-0.02239990234375,0.18756103515625,0.90240478515625,0.05560302734375,-0.28289794921875,0.32000732421875,0.949951171875,-0.2425537109375,-0.1187744140625,0.1568603515625
299,0.92791748046875,-0.20574951171875,-0.10321044921875,-0.29315185546875,0.51727294921875,0.43377685546875,0.3726806640625,0.6365966796875,0.9849853515625,0.147216796875,0.03497314453125,0.08245849609375,0.97119140625,0.1448974609375,-0.02239990234375,0.18756103515625,0.90240478515625,0.05560302734375,-0.28289794921875,0.32000732421875,0.949951171875,-0.24237060546875,-0.11883544921875,0.1568603515625
