timestep,imu0_w,imu0_x,imu0_y,imu0_z,imu1_w,imu1_x,imu1_y,imu1_z,imu2_w,imu2_x,imu2_y,imu2_z,imu3_w,imu3_x,imu3_y,imu3_z,imu4_w,imu4_x,imu4_y,imu4_z,imu5_w,imu5_x,imu5_y,imu5_z
0,0.7021484375,-0.68927001953125,-0.17755126953125,-0.01654052734375,0.9295654296875,0.13616943359375,-0.2003173828125,-0.27764892578125,0.249267578125,0.19573974609375,-0.9437255859375,-0.0938720703125,0.5682373046875,0.12152099609375,-0.8101806640625,0.0762939453125,0.67047119140625,-0.03271484375,-0.73797607421875,-0.06829833984375,0.447265625,0.02325439453125,-0.8931884765625,-0.039306640625
1,0.7021484375,-0.689208984375,-0.17767333984375,-0.0166015625,0.93011474609375,0.13677978515625,-0.198974609375,-0.276611328125,0.24932861328125,0.19586181640625,-0.9437255859375,-0.09381103515625,0.56829833984375,0.12158203125,-0.81011962890625,0.07635498046875,0.670166015625,-0.032470703125,-0.73828125,-0.06854248046875,0.447021484375,0.0235595703125,-0.893310546875,-0.03924560546875
2,0.7021484375,-0.689208984375,-0.17767333984375,-0.0166015625,0.93011474609375,0.13677978515625,-0.198974609375,-0.276611328125,0.24911325512123747,0.1959048880382525,-0.9437686575695025,-0.09363874862823997,0.56781005859375,0.12158203125,-0.81048583984375,0.076416015625,0.670166015625,-0.032470703125,-0.73828125,-0.06854248046875,0.447021484375,0.0235595703125,-0.893310546875,-0.03924560546875
3,0.7021484375,-0.689208984375,-0.17767333984375,-0.0167236328125,0.93017578125,0.13677978515625,-0.19866943359375,-0.276611328125,0.24896240234375,0.196044921875,-0.94378662109375,-0.09356689453125,0.56768798828125,0.12164306640625,-0.810546875,0.07647705078125,0.670166015625,-0.03240966796875,-0.73828125,-0.06842041015625,0.447021484375,0.0235595703125,-0.893310546875,-0.0390625
4,0.7021484375,-0.68925920059051,-0.17757290741272994,-0.016773849028010032,0.93012556503449,0.13685510947951504,-0.19876986602477006,-0.276636436232755,0.24886196991272994,0.19599470565948995,-0.94383683730926,-0.09354178642349498,0.5677096261627299,0.12155692314224498,-0.81053605605926,0.07660994003448997,0.670166015625,-0.03240966796875,-0.73828125,-0.06844551826400502,0.447046592482755,0.023509354096989968,-0.893310546875,-0.039087608107755016
5,0.7021484375,-0.6893310546875,-0.17742919921875,-0.016845703125,0.9302978515625,0.13690185546875,-0.1982421875,-0.2763671875,0.24871826171875,0.1959228515625,-0.94390869140625,-0.093505859375,0.56756591796875,0.12152099609375,-0.81060791015625,0.0765380859375,0.670166015625,-0.03240966796875,-0.73828125,-0.0684814453125,0.44708251953125,0.0234375,-0.893310546875,-0.03912353515625
6,0.7021627266670151,-0.6893167655204849,-0.17742919921875,-0.0168742814590301,0.9303049961460075,0.13690185546875,-0.19826362125052258,-0.2763386091659699,0.24852086708298496,0.19588325015677258,-0.9439158359897575,-0.0936603865097199,0.5674224139057275,0.12141321494826506,-0.8107371250522575,0.0765666642715301,0.6701445818744775,-0.03241681255225753,-0.7383026837505225,-0.06846715614548494,0.4470539411972199,0.023444644583507524,-0.8933176914585075,-0.03912353515625
7,0.7022705078125,-0.689208984375,-0.17742919921875,-0.01708984375,0.93035888671875,0.13726806640625,-0.19781494140625,-0.2763671875,0.2484130859375,0.196044921875,-0.9439697265625,-0.09344482421875,0.5672607421875,0.12152099609375,-0.810791015625,0.0767822265625,0.66998291015625,-0.032470703125,-0.73846435546875,-0.068359375,0.44683837890625,0.02349853515625,-0.89337158203125,-0.03912353515625
8,0.7022705078125,-0.689208984375,-0.17742919921875,-0.01708984375,0.93035888671875,0.13726806640625,-0.19781494140625,-0.2763671875,0.24806157242892976,0.19599470565948995,-0.94401994277801,-0.09364568908079013,0.56695556640625,0.12127685546875,-0.81109619140625,0.07666015625,0.66998291015625,-0.032470703125,-0.73846435546875,-0.068359375,0.44683837890625,0.02349853515625,-0.89337158203125,-0.03912353515625
9,0.70245361328125,-0.68890380859375,-0.1776123046875,-0.01715087890625,0.93023681640625,0.13720703125,-0.19775390625,-0.2767333984375,0.24810791015625,0.19610595703125,-0.94403076171875,-0.09332275390625,0.5670166015625,0.12127685546875,-0.81103515625,0.0770263671875,0.6697998046875,-0.0325927734375,-0.7386474609375,-0.068115234375,0.4466552734375,0.0234375,-0.89349365234375,-0.038818359375
10,0.7024858659725125,-0.6888715559024875,-0.17764455737876253,-0.01715087890625,0.9302690690975125,0.13717477855873747,-0.19775390625,-0.27670114574623744,0.2479466466999373,0.19613820972251253,-0.9440630144100125,-0.09322599583246237,0.56671142578125,0.1212158203125,-0.8112470441837375,0.07702983741377509,0.6697998046875,-0.03246376267244983,-0.7386474609375,-0.06805072899247491,0.44668752612876256,0.023534258073787628,-0.89349365234375,-0.038786106683737456
11,0.7025146484375,-0.6888427734375,-0.17767333984375,-0.01715087890625,0.93035888671875,0.13751220703125,-0.1973876953125,-0.2764892578125,0.247802734375,0.1961669921875,-0.944091796875,-0.0931396484375,0.56671142578125,0.12133217495819398,-0.8111949907896112,0.0771106732728888,0.6697998046875,-0.0323486328125,-0.7386474609375,-0.0679931640625,0.44671630859375,0.02362060546875,-0.89349365234375,-0.03875732421875
12,0.7025289376045151,-0.6888570626045151,-0.1776161831756898,-0.01715087890625,0.9303445975517349,0.13751220703125,-0.19743056281354515,-0.2765178361465301,0.24782090203020485,0.1963825544784699,-0.9440593400527801,-0.093017578125,0.5666828474472199,0.12147812859270485,-0.8112000940635451,0.0771198591659699,0.6698426721885451,-0.03233434364548495,-0.7386045934364549,-0.06800745322951506,0.44675917609479515,0.023606316301734948,-0.8934650740097199,-0.03877161338576505
13,0.70257568359375,-0.68890380859375,-0.17742919921875,-0.01715087890625,0.9305419921875,0.13812255859375,-0.196533203125,-0.276123046875,0.2476806640625,0.1962890625,-0.94415283203125,-0.093017578125,0.5666158924932065,0.12135381283967392,-0.8113191024116848,0.07702105978260869,0.66998291015625,-0.03228759765625,-0.73846435546875,-0.06805419921875,0.4468994140625,0.0235595703125,-0.89337158203125,-0.038818359375
14,0.70257568359375,-0.68890380859375,-0.17742919921875,-0.01715087890625,0.9305419921875,0.13812255859375,-0.196533203125,-0.276123046875,0.2479674680575878,0.1964611448970527,-0.9440381104332148,-0.09307493892401755,0.56689453125,0.12152099609375,-0.81109619140625,0.07696533203125,0.66998291015625,-0.03228759765625,-0.73846435546875,-0.06805419921875,0.4468994140625,0.0235595703125,-0.89337158203125,-0.038818359375
15,0.70263671875,-0.68890380859375,-0.17694091796875,-0.01715087890625,0.93060302734375,0.13934326171875,-0.195556640625,-0.276123046875,0.24761962890625,0.1961669921875,-0.94415283203125,-0.09307861328125,0.566650390625,0.12126419934939381,-0.81134033203125,0.07660136653428093,0.6700439453125,-0.03253173828125,-0.7384033203125,-0.068359375,0.447021484375,0.02325439453125,-0.893310546875,-0.0391845703125
16,0.7027943078490803,-0.6887462194946697,-0.17690152069397994,-0.01715087890625,0.93060302734375,0.13914627534489968,-0.1956748324493102,-0.2760836496002299,0.2475014370819398,0.19624578673704013,-0.9441922293060201,-0.09307861328125,0.5666109933502299,0.12111926636966973,-0.81134033203125,0.07673507231135034,0.6700045480377299,-0.032610532830790136,-0.7384427175872701,-0.06843816954954013,0.44694268982545987,0.0231362027069398,-0.8933499441497701,-0.0391845703125
17,0.702880859375,-0.68865966796875,-0.1768798828125,-0.01715087890625,0.93072509765625,0.14013671875,-0.19488525390625,-0.27581787109375,0.2474365234375,0.1962890625,-0.9442138671875,-0.09307861328125,0.5664372779055183,0.12112396138168896,-0.8114619940818353,0.07672159966816472,0.66998291015625,-0.03265380859375,-0.73846435546875,-0.0684814453125,0.4468994140625,0.0230712890625,-0.89337158203125,-0.0391845703125
18,0.7029451606265678,-0.6886168004677049,-0.17685844906197742,-0.017108011405204848,0.93072509765625,0.1400509837479097,-0.19490668765677258,-0.27583930484427255,0.24730792093436454,0.19633193000104515,-0.9442353009380225,-0.09303574578020485,0.5663056134380225,0.1211300853104097,-0.81158447265625,0.07664198859479515,0.6699400426552049,-0.032632374843227424,-0.7384857892192725,-0.06852431281354515,0.44687798031197745,0.023092722813022576,-0.89337158203125,-0.0391845703125
19,0.70306396484375,-0.68853759765625,-0.17681884765625,-0.01702880859375,0.93096923828125,0.140625,-0.19415283203125,-0.27520751953125,0.2470703125,0.1964111328125,-0.94427490234375,-0.09295654296875,0.5662829549017558,0.12102148764109531,-0.8116218286214465,0.07669628742945234,0.66986083984375,-0.0325927734375,-0.738525390625,-0.068603515625,0.44683837890625,0.02313232421875,-0.89337158203125,-0.0391845703125
20,0.7030709052963001,-0.6885306572036999,-0.17681190720369983,-0.01702880859375,0.93096923828125,0.14061805954744983,-0.19416324271007526,-0.27520751953125,0.2468837368049749,0.19664833298494983,-0.9442783725700251,-0.09300716744617475,0.5660365688362249,0.12120540963367475,-0.8117710483512751,0.07660606154630017,0.66986083984375,-0.0325927734375,-0.738525390625,-0.068603515625,0.44683837890625,0.02313232421875,-0.8933750522575251,-0.03918804053877509
21,0.70318603515625,-0.68841552734375,-0.17669677734375,-0.01702880859375,0.9310247619016513,0.1406139769283027,-0.1940583193979933,-0.27504094867004597,0.246826171875,0.196533203125,-0.9443359375,-0.09283447265625,0.56597900390625,0.12103271484375,-0.8117730896608487,0.07677671502665134,0.66986083984375,-0.0325927734375,-0.738525390625,-0.068603515625,0.44683837890625,0.02313232421875,-0.8934326171875,-0.03924560546875
22,0.70318603515625,-0.68841552734375,-0.17660369362719483,-0.017075350452027592,0.9310302734375,0.1406715418582776,-0.19412384543530517,-0.27507095592077757,0.2467796300167224,0.196533203125,-0.9443359375,-0.09274138893969482,0.5659324620479724,0.12103271484375,-0.8118606618415551,0.0767822265625,0.6698142979854724,-0.0325927734375,-0.7385719324832776,-0.06865005748327759,0.4467452951896948,0.023085782360472408,-0.8934791590457776,-0.03924560546875
23,0.70318603515625,-0.68841552734375,-0.17657470703125,-0.01708984375,0.9310302734375,0.1405357947716346,-0.19404015174278846,-0.27512300931490385,0.24676513671875,0.196533203125,-0.9443359375,-0.09271240234375,0.5660682091346154,0.12099515474759616,-0.8117769681490384,0.0768573467548077,0.6700439453125,-0.0325927734375,-0.73834228515625,-0.068359375,0.44696044921875,0.02294921875,-0.89337158203125,-0.03912353515625
24,0.70318603515625,-0.6884441056777801,-0.1765175503631898,-0.017175578752090304,0.9310302734375,0.1404990511993102,-0.1940554615645903,-0.2751179060409699,0.2469845774979097,0.1964397111465301,-0.9443034806777801,-0.09271240234375,0.5660763743729097,0.1210002580215301,-0.8117636996368102,0.0768757185409699,0.6699867886444398,-0.0325356167694398,-0.7384280201583403,-0.068359375,0.4470461842208403,0.022834905413879596,-0.8933144253631898,-0.039094956822219896
25,0.70318603515625,-0.6884765625,-0.17645263671875,-0.01727294921875,0.93109130859375,0.1405029296875,-0.19390869140625,-0.27508544921875,0.24688720703125,0.19647216796875,-0.9443359375,-0.09271240234375,0.5662841796875,0.1207275390625,-0.8116455078125,0.0767822265625,0.67022705078125,-0.03271484375,-0.73822021484375,-0.0682373046875,0.4471435546875,0.022705078125,-0.89324951171875,-0.0390625
26,0.7032072647758152,-0.6884553328804348,-0.17643140709918478,-0.017326023267663044,0.93109130859375,0.1405029296875,-0.19396176545516305,-0.27504298997961957,0.24713930876358695,0.19637132727581522,-0.9442244819972826,-0.09309718919836957,0.5662417204483695,0.12073815387228261,-0.8116667374320652,0.07681407099184782,0.6702058211616848,-0.03275730298913043,-0.7382414444633152,-0.06822668987771739,0.4471329398777174,0.022673233695652172,-0.8932601265285326,-0.03907311480978261
27,0.70330810546875,-0.6883544921875,-0.17633056640625,-0.017578125,0.9310302734375,0.1407470703125,-0.19390869140625,-0.275146484375,0.24688720703125,0.19647216796875,-0.94427490234375,-0.0928955078125,0.566162109375,0.12066650390625,-0.811767578125,0.07672119140625,0.67010498046875,-0.032958984375,-0.73834228515625,-0.06817626953125,0.44708251953125,0.02252197265625,-0.893310546875,-0.03912353515625
28,0.7035228512358904,-0.6881397464203596,-0.17633056640625,-0.017846557208925584,0.9310839598792852,0.14063969742892976,-0.19412343717339048,-0.2748243657242893,0.24677983414767976,0.19657954085232024,-0.9443285887855352,-0.09284182137071488,0.5660010500496446,0.12066650390625,-0.8118212645667852,0.0770433100569607,0.6699439211433946,-0.032958984375,-0.7385033444816054,-0.0678541508805393,0.4468677737641095,0.022575659098035116,-0.8934179197585702,-0.038801416505539296
29,0.70355224609375,-0.6881103515625,-0.17633056640625,-0.01788330078125,0.93109130859375,0.14080381871864547,-0.1938398992736204,-0.2748249781171614,0.24676513671875,0.19659423828125,-0.9443359375,-0.09283447265625,0.5659342992265887,0.12057709454692726,-0.8118733179609113,0.07695328830476589,0.66998291015625,-0.0330810546875,-0.73846435546875,-0.06805419921875,0.44696044921875,0.0224609375,-0.89337158203125,-0.03900146484375
30,0.7036594148463629,-0.6880389057274248,-0.17629484348871238,-0.017954746616325252,0.9311270315112876,0.14079769478992474,-0.19383275469011288,-0.27476986275867477,0.24665796796613712,0.19662996119878762,-0.9443359375,-0.09287019557378763,0.5658465229149248,0.12050871067621237,-0.8119253713550376,0.07704718854515051,0.6699114643211748,-0.033116777605037624,-0.7385358013038252,-0.06794703046613712,0.44685328046613715,0.022425214582462372,-0.8934073049487876,-0.03889429609113712
31,0.7037353515625,-0.68798828125,-0.17626953125,-0.01800537109375,0.9311790849054139,0.14093425840039717,-0.1936412798521112,-0.27466575597042225,0.24658203125,0.1966552734375,-0.9443359375,-0.0928955078125,0.5657958984375,0.12045665728208611,-0.8119774247491639,0.07704147287834448,0.66986083984375,-0.03326416015625,-0.738525390625,-0.06805419921875,0.44683837890625,0.02227783203125,-0.8934326171875,-0.03900146484375
32,0.7037708703490803,-0.6879350030701296,-0.17626953125,-0.018023130487040132,0.9312311382995402,0.14112103822637959,-0.19333385863033026,-0.27456164918216974,0.24656427185670987,0.19671630859375,-0.9443359375,-0.09300757570808947,0.5657958984375,0.12040460388795987,-0.81201171875,0.0769575750548704,0.6698430804504598,-0.033299678942830264,-0.7385431500182902,-0.0680009210388796,0.44682061951295987,0.02227783203125,-0.8934503765807902,-0.0389481866638796
33,0.703857421875,-0.68780517578125,-0.17626953125,-0.01806640625,0.9312656364313336,0.14097365567516723,-0.19340285489391723,-0.27451898581208195,0.24652099609375,0.19671630859375,-0.9443359375,-0.09283447265625,0.5657958984375,0.1202392578125,-0.81201171875,0.07708740234375,0.66986083984375,-0.03338623046875,-0.73858642578125,-0.06787109375,0.44683837890625,0.022216796875,-0.8934326171875,-0.03875732421875
34,0.7037357598244147,-0.6879268378318353,-0.17626953125,-0.018127237275292644,0.93121337890625,0.14105163370087792,-0.19329833984375,-0.2747802734375,0.24646016506845736,0.19665547756845736,-0.9443967685252926,-0.09289530368154264,0.5657958984375,0.12036091986308528,-0.81201171875,0.07696574029316472,0.66986083984375,-0.03326456841816471,-0.73858642578125,-0.06799275580058528,0.44683837890625,0.022277627900292644,-0.8934326171875,-0.03893981729462793
35,0.7037353515625,-0.68792724609375,-0.17626953125,-0.01812744140625,0.9312652281694189,0.14079299977790552,-0.19329833984375,-0.2746765749111622,0.2464599609375,0.1966552734375,-0.94439697265625,-0.0928955078125,0.5658477477006689,0.1203094788618311,-0.8119598694868311,0.07717272908392558,0.669921875,-0.0333251953125,-0.738525390625,-0.0677490234375,0.4468994140625,0.022216796875,-0.8934326171875,-0.03875732421875
36,0.7036496165604097,-0.6880129810958403,-0.17626953125,-0.018170308907295152,0.9312744140625,0.14087567281563546,-0.19329833984375,-0.274658203125,0.2465456959395903,0.1966552734375,-0.9443541051552049,-0.09293837531354515,0.5658140660927049,0.1203860279708403,-0.81195068359375,0.0771237376541597,0.669921875,-0.033196592809364545,-0.738525390625,-0.0678347584395903,0.4468994140625,0.0223025318770903,-0.8934326171875,-0.038885926721885455
37,0.70361328125,-0.68804931640625,-0.17626953125,-0.0181884765625,0.9313082998014214,0.14093017578125,-0.19312891114914296,-0.2745904316471572,0.24658203125,0.1966552734375,-0.9443359375,-0.09295654296875,0.56597900390625,0.12030029296875,-0.8118896484375,0.0771484375,0.67010498046875,-0.033203125,-0.7384033203125,-0.06768798828125,0.44708251953125,0.022216796875,-0.893310546875,-0.038818359375
38,0.70361328125,-0.6880742203830477,-0.176194819319607,-0.01821338053929766,0.9313105452419523,0.14095507975804766,-0.19304297201609533,-0.27456103678929766,0.246507319319607,0.196580561507107,-0.9443608414767977,-0.09300635092234531,0.5659291959526547,0.12027538899195234,-0.8119394563910953,0.07712353352320234,0.6700551725151547,-0.033203125,-0.7384282242892977,-0.06771289225804766,0.447007807600857,0.02219189289820234,-0.8933603548285953,-0.038843263351797656
39,0.70361328125,-0.6881103515625,-0.17608642578125,-0.01824951171875,0.931290336277174,0.14105489979619565,-0.19306746773097827,-0.27459716796875,0.24639892578125,0.19647216796875,-0.94439697265625,-0.09307861328125,0.56573486328125,0.1202392578125,-0.81207275390625,0.0770263671875,0.669921875,-0.03326416015625,-0.738525390625,-0.0677490234375,0.4468994140625,0.02215576171875,-0.8934326171875,-0.038818359375
40,0.70355224609375,-0.6881103515625,-0.17626953125,-0.0181884765625,0.93133544921875,0.1412353515625,-0.1927490234375,-0.2745361328125,0.2464599609375,0.196533203125,-0.94439697265625,-0.09295654296875,0.56585693359375,0.120361328125,-0.81195068359375,0.0770263671875,0.6700439453125,-0.033203125,-0.7384033203125,-0.06768798828125,0.44708251953125,0.022216796875,-0.893310546875,-0.038818359375
41,0.70355224609375,-0.6881103515625,-0.17626953125,-0.0181884765625,0.93133544921875,0.1412353515625,-0.1927490234375,-0.2745361328125,0.2464599609375,0.196533203125,-0.94439697265625,-0.09295654296875,0.56585693359375,0.12012535273829432,-0.8120096774404264,0.07726234257420568,0.66998291015625,-0.03326416015625,-0.73846435546875,-0.06744384765625,0.4468994140625,0.02215576171875,-0.8934326171875,-0.03863525390625
42,0.7034022098400919,-0.6882103757316054,-0.17636955541910534,-0.0181884765625,0.93133544921875,0.14101917687865803,-0.19290416296509197,-0.274658203125,0.2464599609375,0.19638316687134197,-0.9444469847408027,-0.09300655505330267,0.5659069456783027,0.12026722375365803,-0.8119617066654473,0.07712047155884197,0.6700829343253554,-0.033114123902591976,-0.7384143433841973,-0.06754387182535534,0.4469994382316054,0.022255785887855352,-0.8933826051029473,-0.03873527807535535
43,0.703369140625,-0.688232421875,-0.1763916015625,-0.0181884765625,0.93133544921875,0.14105224609375,-0.19287109375,-0.274658203125,0.2464599609375,0.19635009765625,-0.9444580078125,-0.093017578125,0.5658359081051422,0.12021823232389214,-0.81195068359375,0.07733358427832358,0.6700439453125,-0.03302001953125,-0.73846435546875,-0.06719970703125,0.44696044921875,0.022216796875,-0.89337158203125,-0.0384521484375
44,0.7032470703125,-0.68841552734375,-0.17645263671875,-0.0181884765625,0.93133544921875,0.140869140625,-0.19293212890625,-0.274658203125,0.2464599609375,0.1962890625,-0.9444580078125,-0.0928955078125,0.56585693359375,0.120361328125,-0.81195068359375,0.0772705078125,0.67010498046875,-0.03289794921875,-0.7384033203125,-0.06732177734375,0.447021484375,0.0223388671875,-0.89337158203125,-0.03863525390625
45,0.7032470703125,-0.68841552734375,-0.17645263671875,-0.0181884765625,0.9313585160169314,0.1407999402304557,-0.19293212890625,-0.274658203125,0.2464599609375,0.1962890625,-0.9444580078125,-0.0928955078125,0.56585693359375,0.12030029296875,-0.81195068359375,0.07745361328125,0.670166015625,-0.0328369140625,-0.73834228515625,-0.0670166015625,0.44708251953125,0.02227783203125,-0.89337158203125,-0.03839111328125
46,0.70306396484375,-0.6885986328125,-0.1763916015625,-0.01812744140625,0.93133544921875,0.140869140625,-0.19287109375,-0.2747802734375,0.24639892578125,0.19610595703125,-0.94451904296875,-0.093017578125,0.56585693359375,0.120361328125,-0.81195068359375,0.07720947265625,0.67022705078125,-0.03271484375,-0.73834228515625,-0.0672607421875,0.44708251953125,0.02227783203125,-0.893310546875,-0.03863525390625
47,0.70306396484375,-0.6885986328125,-0.1763916015625,-0.01812744140625,0.93133544921875,0.14086403735106606,-0.1928813002978679,-0.2747700668896321,0.24639892578125,0.19610595703125,-0.94451904296875,-0.093017578125,0.5657958984375,0.12030029296875,-0.81201171875,0.07733154296875,0.67022705078125,-0.03271484375,-0.73834228515625,-0.067138671875,0.44708251953125,0.02227783203125,-0.893310546875,-0.03851318359375
48,0.70306396484375,-0.6885986328125,-0.1763916015625,-0.01812744140625,0.93133544921875,0.14080810546875,-0.1929931640625,-0.274658203125,0.24628461244512959,0.1961631136993102,-0.94451904296875,-0.093017578125,0.5657958984375,0.12030029296875,-0.81201171875,0.07733154296875,0.67022705078125,-0.03271484375,-0.73834228515625,-0.067138671875,0.44708251953125,0.02227783203125,-0.893310546875,-0.03851318359375
49,0.70306396484375,-0.6885986328125,-0.1763916015625,-0.01812744140625,0.93133544921875,0.14080810546875,-0.1929931640625,-0.274658203125,0.24627685546875,0.1961669921875,-0.94451904296875,-0.093017578125,0.5656995486256271,0.12030029296875,-0.8120598936559364,0.07718701825094064,0.670166015625,-0.03265380859375,-0.73834228515625,-0.06732177734375,0.447021484375,0.02227783203125,-0.89337158203125,-0.03863525390625
50,0.70318603515625,-0.68841552734375,-0.17645263671875,-0.01812744140625,0.93145751953125,0.14105224609375,-0.19268798828125,-0.2744140625,0.24627685546875,0.1961669921875,-0.94451904296875,-0.093017578125,0.565673828125,0.1202392578125,-0.81207275390625,0.07733154296875,0.670166015625,-0.03277587890625,-0.73834228515625,-0.06707763671875,0.447021484375,0.02227783203125,-0.89337158203125,-0.03839111328125
51,0.70318603515625,-0.68841552734375,-0.17645263671875,-0.01812744140625,0.93145751953125,0.14099182333037208,-0.19259735413618312,-0.27444427388168896,0.24627685546875,0.1961669921875,-0.94451904296875,-0.093017578125,0.56573486328125,0.12017822265625,-0.81207275390625,0.0772705078125,0.67022705078125,-0.03277587890625,-0.73834228515625,-0.06707763671875,0.4471435546875,0.02215576171875,-0.893310546875,-0.03839111328125
52,0.70318603515625,-0.6884765625,-0.1763916015625,-0.018310546875,0.93145751953125,0.14105224609375,-0.192626953125,-0.27435302734375,0.24615478515625,0.19610595703125,-0.944580078125,-0.093017578125,0.5655517578125,0.1202392578125,-0.81219482421875,0.0772705078125,0.67010498046875,-0.03265380859375,-0.73846435546875,-0.06707763671875,0.44696044921875,0.02227783203125,-0.89337158203125,-0.03839111328125
53,0.70318603515625,-0.6884765625,-0.1763916015625,-0.018310546875,0.93145751953125,0.14097875894910117,-0.19261470526755853,-0.2744020187735159,0.24615478515625,0.19610595703125,-0.944580078125,-0.093017578125,0.56561279296875,0.1199951171875,-0.8121337890625,0.07745361328125,0.67022705078125,-0.0328369140625,-0.73834228515625,-0.06689453125,0.44708251953125,0.02215576171875,-0.89337158203125,-0.03826904296875
54,0.70306396484375,-0.6885986328125,-0.1763916015625,-0.01849365234375,0.93145751953125,0.14093017578125,-0.192626953125,-0.2745361328125,0.2459716796875,0.19598388671875,-0.94464111328125,-0.09307861328125,0.56549072265625,0.1202392578125,-0.81219482421875,0.07733154296875,0.670166015625,-0.0325927734375,-0.7384033203125,-0.06695556640625,0.44696044921875,0.0223388671875,-0.89337158203125,-0.03839111328125
55,0.70306396484375,-0.6885986328125,-0.1763916015625,-0.01849365234375,0.93145751953125,0.14093017578125,-0.192626953125,-0.2745361328125,0.2459716796875,0.19598388671875,-0.94464111328125,-0.09307861328125,0.5654296875,0.1199951171875,-0.812255859375,0.07745361328125,0.67010498046875,-0.03265380859375,-0.73846435546875,-0.0667724609375,0.447021484375,0.022216796875,-0.89337158203125,-0.03826904296875
56,0.7030029296875,-0.6885986328125,-0.17645263671875,-0.0185546875,0.931396484375,0.140869140625,-0.19256591796875,-0.27471923828125,0.24591064453125,0.1959228515625,-0.94464111328125,-0.0931396484375,0.5654296875,0.1201171875,-0.812255859375,0.07745361328125,0.670166015625,-0.0325927734375,-0.73846435546875,-0.0667724609375,0.447021484375,0.0223388671875,-0.89337158203125,-0.03826904296875
57,0.7030029296875,-0.6885986328125,-0.17645263671875,-0.0185546875,0.9314338403401965,0.140869140625,-0.19256591796875,-0.274644526350857,0.24591064453125,0.1959228515625,-0.94464111328125,-0.0931396484375,0.5654296875,0.1199951171875,-0.81231689453125,0.0775146484375,0.6700439453125,-0.032470703125,-0.738525390625,-0.06671142578125,0.44696044921875,0.02239990234375,-0.8934326171875,-0.03826904296875
58,0.7030029296875,-0.68865966796875,-0.1763916015625,-0.01849365234375,0.931396484375,0.140869140625,-0.19256591796875,-0.27471923828125,0.24578857421875,0.19573974609375,-0.9447021484375,-0.09307861328125,0.5654296875,0.11993408203125,-0.81231689453125,0.077392578125,0.6700439453125,-0.03253173828125,-0.738525390625,-0.0667724609375,0.44696044921875,0.0223388671875,-0.8934326171875,-0.038330078125
59,0.7030029296875,-0.68865966796875,-0.1763916015625,-0.01849365234375,0.931415876815949,0.140849748184051,-0.192585310409699,-0.274661060958403,0.24578857421875,0.19573974609375,-0.9447021484375,-0.09307861328125,0.56536865234375,0.11993408203125,-0.81231689453125,0.07745361328125,0.67010498046875,-0.0323486328125,-0.73846435546875,-0.06671142578125,0.447021484375,0.02252197265625,-0.89337158203125,-0.03826904296875
60,0.7030029296875,-0.688720703125,-0.17626953125,-0.0184326171875,0.931396484375,0.14080810546875,-0.192626953125,-0.274658203125,0.24566650390625,0.1956787109375,-0.94476318359375,-0.09295654296875,0.56536865234375,0.119873046875,-0.8123779296875,0.07733154296875,0.67010498046875,-0.03240966796875,-0.738525390625,-0.06683349609375,0.44696044921875,0.02239990234375,-0.89337158203125,-0.038330078125
61,0.7030029296875,-0.688720703125,-0.17626953125,-0.0184326171875,0.9313979132917015,0.14080667655204848,-0.192624095291597,-0.274658203125,0.24566650390625,0.1956787109375,-0.94476318359375,-0.09295654296875,0.5654296875,0.1199951171875,-0.81231689453125,0.07733154296875,0.670166015625,-0.03228759765625,-0.7384033203125,-0.0667724609375,0.44708251953125,0.02252197265625,-0.893310546875,-0.03839111328125
62,0.7029494473766722,-0.6887741854358278,-0.17616256662834448,-0.0184326171875,0.9314040372204222,0.14080055262332775,-0.19255836512332775,-0.27471168543582775,0.24566650390625,0.19557174631584448,-0.9448166659045778,-0.09301002527957776,0.5653762051891722,0.11994163487667224,-0.8123703768420778,0.07727806065792224,0.6701125333141722,-0.03228759765625,-0.7384568026233278,-0.06687942555915552,0.44702903722042225,0.02252197265625,-0.8933640291858278,-0.03849807790290552
63,0.70294189453125,-0.68878173828125,-0.1761474609375,-0.0184326171875,0.931396484375,0.14080810546875,-0.19256591796875,-0.27471923828125,0.24566650390625,0.195556640625,-0.94482421875,-0.093017578125,0.56549072265625,0.119873046875,-0.81231689453125,0.07720947265625,0.67022705078125,-0.03228759765625,-0.73834228515625,-0.06683349609375,0.4471435546875,0.0224609375,-0.893310546875,-0.038330078125
64,0.70294189453125,-0.68878173828125,-0.176025390625,-0.01861572265625,0.931396484375,0.14056396484375,-0.192626953125,-0.27484130859375,0.2454833984375,0.19549560546875,-0.94488525390625,-0.0928955078125,0.5653076171875,0.11993408203125,-0.8123779296875,0.0772705078125,0.67010498046875,-0.03216552734375,-0.73846435546875,-0.06683349609375,0.44696044921875,0.02252197265625,-0.8934326171875,-0.03839111328125
65,0.70294189453125,-0.68878173828125,-0.176025390625,-0.01861572265625,0.931396484375,0.14056396484375,-0.192626953125,-0.27484130859375,0.2454833984375,0.19549560546875,-0.94488525390625,-0.0928955078125,0.5654296875,0.1197509765625,-0.81231689453125,0.0772705078125,0.67022705078125,-0.0323486328125,-0.7384033203125,-0.0667724609375,0.4471435546875,0.02239990234375,-0.893310546875,-0.03839111328125
66,0.7030029296875,-0.688720703125,-0.17596435546875,-0.018798828125,0.93145751953125,0.140625,-0.19244384765625,-0.27471923828125,0.245361328125,0.19561767578125,-0.94488525390625,-0.0928955078125,0.56524658203125,0.11981201171875,-0.81243896484375,0.077392578125,0.67010498046875,-0.03228759765625,-0.738525390625,-0.066650390625,0.44696044921875,0.0224609375,-0.89337158203125,-0.03826904296875
67,0.7030029296875,-0.688720703125,-0.17596435546875,-0.018798828125,0.93145751953125,0.140625,-0.19244384765625,-0.27471923828125,0.245361328125,0.19561767578125,-0.94488525390625,-0.0928955078125,0.5653076171875,0.11962890625,-0.81243896484375,0.0771484375,0.670166015625,-0.032470703125,-0.7384033203125,-0.06671142578125,0.447021484375,0.022216796875,-0.89337158203125,-0.03839111328125
68,0.7031241834761706,-0.6885994493363294,-0.17602498236308528,-0.01904133570234114,0.9314571112693353,0.14086954888691472,-0.19225992566367056,-0.2747819064851589,0.24524007433632944,0.19561767578125,-0.94488525390625,-0.09295613470683528,0.5651863633988294,0.11968953314433528,-0.8124995917380853,0.07739094507734114,0.6700447618363294,-0.03241007623066471,-0.7385245741011706,-0.06646891820390886,0.44690023058632944,0.022398677558005852,-0.8934322089255853,-0.038209232598244144
69,0.703125,-0.6885986328125,-0.176025390625,-0.01904296875,0.93145751953125,0.140869140625,-0.1922607421875,-0.2747802734375,0.2452392578125,0.19561767578125,-0.94488525390625,-0.09295654296875,0.56524658203125,0.1195068359375,-0.8125,0.07733154296875,0.6700439453125,-0.03271484375,-0.73858642578125,-0.0665283203125,0.44696044921875,0.02215576171875,-0.8934326171875,-0.0382080078125
70,0.7031676633700878,-0.6885559694424122,-0.17611071736517558,-0.019128295490175584,0.9314391477450878,0.140869140625,-0.19219970703125,-0.2748353887959866,0.2452392578125,0.19561767578125,-0.9449279172763378,-0.09295654296875,0.56524658203125,0.11954949930758779,-0.8125,0.07741686970892558,0.6700439453125,-0.032629517009824416,-0.73858642578125,-0.06640033020223662,0.44696044921875,0.022241088458925584,-0.8934326171875,-0.038122681072324416
71,0.70318603515625,-0.68853759765625,-0.1761474609375,-0.0191650390625,0.93145751953125,0.140869140625,-0.19219970703125,-0.2747802734375,0.2452392578125,0.19561767578125,-0.9449462890625,-0.09295654296875,0.565185546875,0.119384765625,-0.81256103515625,0.07745361328125,0.66998291015625,-0.03265380859375,-0.7386474609375,-0.06634521484375,0.4468994140625,0.022216796875,-0.8934326171875,-0.0380859375
72,0.7032470703125,-0.6884765625,-0.1761474609375,-0.019287109375,0.93145751953125,0.14080810546875,-0.19219970703125,-0.27490234375,0.2449951171875,0.19561767578125,-0.94500732421875,-0.09295654296875,0.56512451171875,0.11944580078125,-0.81256103515625,0.07757568359375,0.66986083984375,-0.03265380859375,-0.73870849609375,-0.06622314453125,0.44677734375,0.02227783203125,-0.89349365234375,-0.0379638671875
73,0.7032470703125,-0.6884765625,-0.1761474609375,-0.019287109375,0.93145751953125,0.14080810546875,-0.19219970703125,-0.27490234375,0.2449951171875,0.19561767578125,-0.94500732421875,-0.09295654296875,0.56494140625,0.11944580078125,-0.81268310546875,0.07745361328125,0.6697998046875,-0.03265380859375,-0.73876953125,-0.06634521484375,0.44671630859375,0.02227783203125,-0.8935546875,-0.03802490234375
74,0.70330810546875,-0.6883544921875,-0.17620849609375,-0.019287109375,0.9315185546875,0.1407470703125,-0.1920166015625,-0.27484130859375,0.24481201171875,0.19573974609375,-0.94500732421875,-0.0927734375,0.5649889687630644,0.119384765625,-0.8126898417903428,0.07756894727215718,0.6697998046875,-0.03271484375,-0.73876953125,-0.06622314453125,0.44677734375,0.02227783203125,-0.8935546875,-0.03790283203125
75,0.70330810546875,-0.6883544921875,-0.17620849609375,-0.019287109375,0.9315185546875,0.1407470703125,-0.1920166015625,-0.27484130859375,0.24481201171875,0.19573974609375,-0.94500732421875,-0.0927734375,0.56488037109375,0.119384765625,-0.812744140625,0.0775146484375,0.6697998046875,-0.03253173828125,-0.73883056640625,-0.066162109375,0.44677734375,0.0223388671875,-0.8935546875,-0.03778076171875
76,0.70330810546875,-0.6883544921875,-0.17620849609375,-0.01933691732859532,0.9315185546875,0.1407470703125,-0.19188330404734533,-0.2748525357964047,0.24456297195077342,0.19583936200094063,-0.9450571321723453,-0.0927734375,0.56488037109375,0.119384765625,-0.812744140625,0.07756445639109531,0.6697499967339047,-0.03253173828125,-0.73883056640625,-0.066162109375,0.4467275357964047,0.02238867514109532,-0.8935546875,-0.03778076171875
77,0.70330810546875,-0.6883544921875,-0.17620849609375,-0.01934814453125,0.9315185546875,0.1407470703125,-0.19189453125,-0.27484130859375,0.2445068359375,0.19586181640625,-0.945068359375,-0.0927734375,0.5648193359375,0.1195068359375,-0.812744140625,0.077392578125,0.6697998046875,-0.032470703125,-0.73876953125,-0.06622314453125,0.44677734375,0.02239990234375,-0.89349365234375,-0.03790283203125
78,0.7033717943274457,-0.6883226477581522,-0.17614480723505435,-0.01934814453125,0.9315185546875,0.14092752207880435,-0.19153097401494565,-0.27496337890625,0.2444113026494565,0.19586181640625,-0.9451002038043478,-0.09280528192934782,0.5647874915081522,0.11944314707880435,-0.8127759850543478,0.07742442255434782,0.6697679602581522,-0.032534391983695655,-0.7388332201086957,-0.06619130010190218,0.4467136548913043,0.022368057914402172,-0.8935254967730978,-0.037839143172554345
79,0.70343017578125,-0.68829345703125,-0.17608642578125,-0.01934814453125,0.9315185546875,0.140869140625,-0.19158935546875,-0.27496337890625,0.24432373046875,0.19586181640625,-0.94512939453125,-0.09283447265625,0.56475830078125,0.1192626953125,-0.8128662109375,0.07733154296875,0.6697998046875,-0.03265380859375,-0.73883056640625,-0.06622314453125,0.44677734375,0.022216796875,-0.8935546875,-0.037841796875
80,0.7034912109375,-0.68817138671875,-0.17608642578125,-0.01947021484375,0.9315185546875,0.14111328125,-0.19140625,-0.27508544921875,0.244140625,0.19586181640625,-0.94512939453125,-0.09283447265625,0.564697265625,0.11929596865854933,-0.8128662109375,0.07743973237614966,0.66973876953125,-0.03265380859375,-0.7388916015625,-0.06610107421875,0.4466552734375,0.02227783203125,-0.8935546875,-0.03765869140625
81,0.7034912109375,-0.68817138671875,-0.17608642578125,-0.01947021484375,0.9315185546875,0.14111328125,-0.19140625,-0.27508544921875,0.244140625,0.19586181640625,-0.94512939453125,-0.09283447265625,0.564697265625,0.11920166015625,-0.8128662109375,0.077392578125,0.669677734375,-0.03265380859375,-0.7388916015625,-0.0660400390625,0.4466552734375,0.02227783203125,-0.89361572265625,-0.03765869140625
82,0.7035481634746028,-0.68817138671875,-0.1759725207070443,-0.01947021484375,0.9314616021503972,0.1412353515625,-0.1913980847617057,-0.27520343691210286,0.244140625,0.19586181640625,-0.9451863470683528,-0.09277752011914715,0.5646403130878972,0.11908775508204432,-0.8129231634746028,0.077392578125,0.6696207818378972,-0.03271076113085284,-0.7389485540996028,-0.06609699159960285,0.44654136836329433,0.022220879494147156,-0.89361572265625,-0.03765869140625
83,0.70355224609375,-0.68817138671875,-0.17596435546875,-0.01947021484375,0.93145751953125,0.1412353515625,-0.19140625,-0.27520751953125,0.244140625,0.19586181640625,-0.9451904296875,-0.0927734375,0.5645751953125,0.119140625,-0.81298828125,0.07745361328125,0.6697126407687082,-0.03261890220004181,-0.7389046659437709,-0.06619701576870819,0.4466552734375,0.0223388671875,-0.8935546875,-0.03778076171875
84,0.70361328125,-0.68817138671875,-0.17584228515625,-0.01934814453125,0.93145751953125,0.14111328125,-0.19146728515625,-0.27520751953125,0.24407958984375,0.1959228515625,-0.9451904296875,-0.0927734375,0.5645972414558946,0.11911347558267141,-0.8130272702628554,0.07727561108643395,0.669677734375,-0.03277587890625,-0.7388916015625,-0.0662841796875,0.4466552734375,0.02215576171875,-0.89361572265625,-0.03778076171875
85,0.70361328125,-0.68817138671875,-0.17584228515625,-0.01934814453125,0.93145751953125,0.14111328125,-0.19146728515625,-0.27520751953125,0.24407958984375,0.1959228515625,-0.9451904296875,-0.0927734375,0.5645751953125,0.11920166015625,-0.81304931640625,0.07720947265625,0.66973876953125,-0.0325927734375,-0.73883056640625,-0.06646728515625,0.44671630859375,0.02227783203125,-0.8935546875,-0.03790283203125
86,0.7037353515625,-0.68804931640625,-0.17578125,-0.0194091796875,0.9312744140625,0.14056396484375,-0.19207763671875,-0.27557373046875,0.244140625,0.19598388671875,-0.94512939453125,-0.0926513671875,0.5644320995113922,0.11918267597721573,-0.8130703418948578,0.077392578125,0.66961669921875,-0.03265380859375,-0.73895263671875,-0.0662841796875,0.44659423828125,0.02227783203125,-0.89361572265625,-0.03778076171875
87,0.7037353515625,-0.68804931640625,-0.17578125,-0.0194091796875,0.9312744140625,0.14056396484375,-0.19207763671875,-0.27557373046875,0.244140625,0.19598388671875,-0.94512939453125,-0.0926513671875,0.56439208984375,0.1192626953125,-0.8131103515625,0.077392578125,0.669677734375,-0.03253173828125,-0.7388916015625,-0.06634521484375,0.44671630859375,0.02239990234375,-0.8935546875,-0.0377197265625
88,0.7037353515625,-0.68804931640625,-0.17572021484375,-0.01947021484375,0.9312744140625,0.1402587890625,-0.19219970703125,-0.27569580078125,0.244384765625,0.196044921875,-0.945068359375,-0.0926513671875,0.5645751953125,0.11920166015625,-0.81298828125,0.07745361328125,0.66961669921875,-0.032470703125,-0.73895263671875,-0.06634521484375,0.4466552734375,0.02239990234375,-0.89361572265625,-0.0377197265625
89,0.7037353515625,-0.68804931640625,-0.17572021484375,-0.01947021484375,0.9312744140625,0.1402587890625,-0.19219970703125,-0.27569580078125,0.244384765625,0.196044921875,-0.945068359375,-0.0926513671875,0.5645751953125,0.11920166015625,-0.81298828125,0.07745361328125,0.6698922760111831,-0.03263604920045987,-0.7387321752848035,-0.06629009948526338,0.4469308502299331,0.022344786985263376,-0.8934503765807902,-0.03782995727947325
90,0.7037814851588629,-0.6880031828098871,-0.17553568045829848,-0.019608615632838635,0.9312282804661371,0.14035105625522576,-0.19210743983852424,-0.2758342015703386,0.24452316641408864,0.196044921875,-0.9450222257786371,-0.09260523359113712,0.5646213289088629,0.11910939296352424,-0.8129421476536371,0.07740747968488712,0.6697373406145485,-0.03269994219011288,-0.7388468968828387,-0.0662841796875,0.44672978123693563,0.02229273359113712,-0.8935248843802257,-0.03779566327863712
91,0.70379638671875,-0.68798828125,-0.17547607421875,-0.0196533203125,0.93121337890625,0.140380859375,-0.19207763671875,-0.27587890625,0.24456787109375,0.196044921875,-0.94500732421875,-0.09259033203125,0.56463623046875,0.11907958984375,-0.81292724609375,0.077392578125,0.6698263417119565,-0.0328262992527174,-0.7387801460597826,-0.06632133152173914,0.4468781844429348,0.02212922469429347,-0.8934803838315217,-0.0378922172214674
92,0.7039794921875,-0.68792724609375,-0.17529296875,-0.01983642578125,0.93115234375,0.14105224609375,-0.19158935546875,-0.276123046875,0.24462890625,0.19598388671875,-0.94500732421875,-0.09271240234375,0.5645658052884616,0.11893404447115384,-0.8130540114182693,0.07743483323317307,0.669677734375,-0.032958984375,-0.7388916015625,-0.0662841796875,0.44677734375,0.02203369140625,-0.8935546875,-0.03778076171875
93,0.7039794921875,-0.68792724609375,-0.17529296875,-0.01983642578125,0.93115234375,0.14105224609375,-0.19158935546875,-0.276123046875,0.24462890625,0.19598388671875,-0.94500732421875,-0.09271240234375,0.564697265625,0.11883544921875,-0.81298828125,0.0772705078125,0.6696969226849916,-0.0330549259249582,-0.7388724132525084,-0.06632255630748328,0.44677734375,0.021956938166283437,-0.8935354991900084,-0.03781913833873328
94,0.7041015625,-0.687744140625,-0.1754150390625,-0.0201416015625,0.9307861328125,0.14239501953125,-0.19097900390625,-0.277099609375,0.24456787109375,0.196044921875,-0.94500732421875,-0.0927734375,0.5645751953125,0.11865234375,-0.81304931640625,0.07757568359375,0.66961669921875,-0.03314208984375,-0.73895263671875,-0.0660400390625,0.4466552734375,0.02203369140625,-0.8935546875,-0.03759765625
95,0.7041015625,-0.687744140625,-0.1754150390625,-0.0201416015625,0.9307861328125,0.14239501953125,-0.19097900390625,-0.277099609375,0.24456787109375,0.196044921875,-0.94500732421875,-0.0927734375,0.5645751953125,0.11865234375,-0.81304931640625,0.07757568359375,0.6696130248615175,-0.03314943855821489,-0.7389563110759825,-0.0660400390625,0.446533203125,0.02166748046875,-0.8936767578125,-0.0374755859375
96,0.7040482843201296,-0.687744140625,-0.1756281517819816,-0.020407992461852015,0.9300402382943144,0.146231048481919,-0.18884787671143388,-0.2790176238503345,0.2444613147340092,0.19588508733538879,-0.9450606023986204,-0.0928799938597408,0.5645219171326296,0.11843923103051839,-0.8131025945861204,0.0776822399534908,0.66943359375,-0.033188631702027585,-0.7391357421875,-0.06588020452288879,0.446533203125,0.02198714954797242,-0.8936767578125,-0.0374223077576296
97,0.70404052734375,-0.687744140625,-0.1756591796875,-0.02044677734375,0.929931640625,0.14678955078125,-0.18853759765625,-0.279296875,0.24444580078125,0.19586181640625,-0.945068359375,-0.0928955078125,0.56451416015625,0.118408203125,-0.8131103515625,0.07769775390625,0.6693892973322534,-0.033452164767976605,-0.7391800386052466,-0.06585693359375,0.44644461028950666,0.021723616482023395,-0.8937210542302466,-0.037370254363503344
98,0.7041015625,-0.6876220703125,-0.17584228515625,-0.02069091796875,0.9293212890625,0.14898681640625,-0.1875,-0.2808837890625,0.24444580078125,0.19580078125,-0.945068359375,-0.09295654296875,0.564453125,0.11834410600438963,-0.8131456662181229,0.07797720918687291,0.66937255859375,-0.03338623046875,-0.7392578125,-0.06561279296875,0.4464111328125,0.0218505859375,-0.89373779296875,-0.03717041015625
99,0.7041015625,-0.6876220703125,-0.17584228515625,-0.02069091796875,0.9293212890625,0.14898681640625,-0.1875,-0.2808837890625,0.24444580078125,0.19580078125,-0.945068359375,-0.09295654296875,0.564453125,0.1181640625,-0.81317138671875,0.0780029296875,0.6693198928067516,-0.03351789493624582,-0.7392841453934992,-0.0655337942882525,0.4463847999190008,0.021718921470004173,-0.8937641258622492,-0.03706507858225334
100,0.7039794921875,-0.68768310546875,-0.1759033203125,-0.0208740234375,0.92864990234375,0.15118408203125,-0.1866455078125,-0.28253173828125,0.2442626953125,0.19573974609375,-0.94512939453125,-0.09307861328125,0.5643310546875,0.11810302734375,-0.81329345703125,0.078125,0.66925048828125,-0.033447265625,-0.73931884765625,-0.0654296875,0.4462890625,0.02178955078125,-0.893798828125,-0.03704833984375
101,0.7039794921875,-0.68768310546875,-0.1759033203125,-0.0208740234375,0.92864990234375,0.15118408203125,-0.1866455078125,-0.28253173828125,0.2442626953125,0.19573974609375,-0.94512939453125,-0.09307861328125,0.5643310546875,0.11810302734375,-0.81329345703125,0.078125,0.669225380173495,-0.03345563499425167,-0.739343955764005,-0.06541294876149666,0.446263954392245,0.021772812042746656,-0.8938155668635034,-0.03701486236674331
102,0.7039190694241221,-0.6877435282321279,-0.1760845886026338,-0.020934446200877928,0.9277435608930811,0.15341972427623332,-0.18592043465196487,-0.2847069577628554,0.24420227254912208,0.19561890056699416,-0.94512939453125,-0.09307861328125,0.5642706319241221,0.11804260458037208,-0.81329345703125,0.07836669105351171,0.6691278055758779,-0.03332703249111622,-0.7394415303616221,-0.0653076171875,0.4461663797946279,0.021848748758883783,-0.8938604756741221,-0.03680419921875
103,0.70391845703125,-0.687744140625,-0.17608642578125,-0.02093505859375,0.927734375,0.1534423828125,-0.1859130859375,-0.28472900390625,0.24420166015625,0.19561767578125,-0.94512939453125,-0.09307861328125,0.56427001953125,0.1180419921875,-0.81329345703125,0.078369140625,0.66912841796875,-0.0333251953125,-0.73944091796875,-0.0653076171875,0.4461669921875,0.0218505859375,-0.89385986328125,-0.03680419921875
104,0.7038759977921195,-0.687744140625,-0.17617134425951086,-0.020977517832880436,0.9273097826086957,0.1546312415081522,-0.18553095278532608,-0.28570556640625,0.24420166015625,0.19561767578125,-0.9451718537703805,-0.09312107252038043,0.5642275602921195,0.1180419921875,-0.81329345703125,0.07845405910326086,0.6690673828125,-0.03348441745923913,-0.7395205290421195,-0.06508205247961957,0.44610595703125,0.021794858186141304,-0.8939208984375,-0.03662109375
105,0.703857421875,-0.687744140625,-0.17620849609375,-0.02099609375,0.9271240234375,0.1551513671875,-0.18536376953125,-0.2861328125,0.24420166015625,0.19561767578125,-0.9451904296875,-0.0931396484375,0.564208984375,0.1180419921875,-0.81329345703125,0.0784912109375,0.6690673828125,-0.033447265625,-0.739501953125,-0.0650634765625,0.44610595703125,0.0218505859375,-0.8939208984375,-0.03662109375
106,0.703857421875,-0.687744140625,-0.17633056640625,-0.02093505859375,0.9269890928746864,0.15573926434469065,-0.18504573349968645,-0.28659823108277593,0.24425024332410117,0.19554418863660117,-0.9451538902461329,-0.09316414415238294,0.5642575675428512,0.11796850504285117,-0.8132814133047659,0.07860123752351589,0.6690673828125,-0.033447265625,-0.73956298828125,-0.06494140625,0.44598388671875,0.0218505859375,-0.89398193359375,-0.03643798828125
107,0.703857421875,-0.687744140625,-0.17633056640625,-0.02093505859375,0.92669677734375,0.1566162109375,-0.18475341796875,-0.28729248046875,0.244140625,0.1954345703125,-0.9451904296875,-0.09320068359375,0.56414794921875,0.11785888671875,-0.8133544921875,0.07867431640625,0.6690673828125,-0.033447265625,-0.73956298828125,-0.06494140625,0.44598388671875,0.0218505859375,-0.89398193359375,-0.03643798828125
108,0.70367431640625,-0.68792724609375,-0.1763916015625,-0.02093505859375,0.9266030812343228,0.15694955679086542,-0.18447886183110368,-0.2874319019126254,0.24417553139370818,0.19553704405309363,-0.9451489911031563,-0.09341869545620819,0.5641283526468437,0.11796789264997909,-0.8133675565687709,0.07852387189067726,0.66888427734375,-0.0333251953125,-0.73968505859375,-0.06488037109375,0.44586181640625,0.02197265625,-0.89404296875,-0.03643798828125
109,0.70367431640625,-0.68792724609375,-0.1763916015625,-0.02093505859375,0.92633056640625,0.158203125,-0.1837158203125,-0.2880859375,0.24395751953125,0.19537353515625,-0.9453125,-0.09320068359375,0.56396484375,0.11785888671875,-0.8134765625,0.07879638671875,0.66888427734375,-0.0333251953125,-0.73968505859375,-0.06488037109375,0.44586181640625,0.02197265625,-0.89404296875,-0.03643798828125
110,0.7035751087609741,-0.687976849916388,-0.1764908092077759,-0.02088545477111204,0.926380170228888,0.15825272882263797,-0.18356700884458613,-0.2880859375,0.2440567271765259,0.19537353515625,-0.945262896177362,-0.09329989123902592,0.5640640513952759,0.11795809436402592,-0.813426958677362,0.07874678289611205,0.6689224498327759,-0.03322598766722408,-0.7397079212609741,-0.06462479913513795,0.44577791858277593,0.02196122491638796,-0.894115435239862,-0.03617098498902592
111,0.70355224609375,-0.68798828125,-0.176513671875,-0.0208740234375,0.9261474609375,0.1590576171875,-0.18310546875,-0.28857421875,0.243896484375,0.1953125,-0.9453125,-0.0931396484375,0.56396484375,0.117919921875,-0.8134765625,0.07891845703125,0.6689453125,-0.033203125,-0.73968505859375,-0.06463623046875,0.44580078125,0.02197265625,-0.89410400390625,-0.03619384765625
112,0.7034912109375,-0.68804931640625,-0.17645263671875,-0.02093505859375,0.926084180340719,0.15962265167746653,-0.18281846062395488,-0.2887640605403428,0.24383544921875,0.19528085970160952,-0.9453441402983904,-0.09313740299696907,0.563840527996969,0.11794931673285954,-0.8135692379546404,0.07892070247178093,0.6688232421875,-0.0330810546875,-0.73980712890625,-0.0645751953125,0.44561767578125,0.0220947265625,-0.8941650390625,-0.03607177734375
113,0.7034912109375,-0.68804931640625,-0.17645263671875,-0.02093505859375,0.926025390625,0.1600341796875,-0.1824951171875,-0.2889404296875,0.24383544921875,0.19525146484375,-0.94537353515625,-0.09307861328125,0.56378173828125,0.117919921875,-0.8135986328125,0.0789794921875,0.6688232421875,-0.0330810546875,-0.73980712890625,-0.0645751953125,0.44561767578125,0.0220947265625,-0.8941650390625,-0.03607177734375
114,0.70361328125,-0.68798828125,-0.17645263671875,-0.02099609375,0.925998037076714,0.1599668164715719,-0.182542475569607,-0.2889004200198579,0.2437744140625,0.195298823225857,-0.94537353515625,-0.09298389651703595,0.563707026350857,0.11783153317046405,-0.813612309586643,0.07911523927414298,0.66876220703125,-0.03326416015625,-0.7398681640625,-0.06439208984375,0.445556640625,0.02215576171875,-0.89422607421875,-0.03582763671875
115,0.70361328125,-0.68798828125,-0.17645263671875,-0.02099609375,0.9259033203125,0.16015625,-0.1824951171875,-0.2891845703125,0.2437744140625,0.19525146484375,-0.94537353515625,-0.09307861328125,0.56365966796875,0.11773681640625,-0.81365966796875,0.07916259765625,0.66876220703125,-0.03326416015625,-0.7398681640625,-0.06439208984375,0.445556640625,0.02215576171875,-0.89422607421875,-0.03582763671875
116,0.7035565328438546,-0.68798828125,-0.17650938512489547,-0.021109590562290975,0.9259600687186454,0.16021299840614547,-0.1824951171875,-0.28907107350020905,0.24371766565635453,0.19536496165604098,-0.94537353515625,-0.09307861328125,0.5633759259380225,0.11779356481239549,-0.8138299131871864,0.07933284287468646,0.66851806640625,-0.03315495009406354,-0.7401123046875,-0.06439208984375,0.44537353515625,0.022326006937186463,-0.8943438577811454,-0.03570556640625
117,0.70355224609375,-0.68798828125,-0.176513671875,-0.0211181640625,0.9259033203125,0.1602783203125,-0.18255615234375,-0.28912353515625,0.24346923828125,0.1953125,-0.9454345703125,-0.093017578125,0.5633544921875,0.1177978515625,-0.8138427734375,0.079345703125,0.66851806640625,-0.03314208984375,-0.7401123046875,-0.06439208984375,0.44537353515625,0.0223388671875,-0.89434814453125,-0.03570556640625
118,0.70355224609375,-0.687949496368102,-0.176513671875,-0.021156948944397996,0.9259033203125,0.1602783203125,-0.18255615234375,-0.289084750274352,0.24343045339935201,0.19535128488189799,-0.9454345703125,-0.092978793243102,0.563315707305602,0.11772028179870402,-0.813881558319398,0.07946205777069398,0.668357211211852,-0.03314208984375,-0.740234375,-0.064231234649352,0.445212679961852,0.022377652069397996,-0.894386929413148,-0.03554471121185201
119,0.70355224609375,-0.68792724609375,-0.176513671875,-0.02117919921875,0.92596435546875,0.16021728515625,-0.1824951171875,-0.2889404296875,0.243408203125,0.19525146484375,-0.9454345703125,-0.09295654296875,0.56329345703125,0.11767578125,-0.81390380859375,0.07952880859375,0.6683349609375,-0.03314208984375,-0.740234375,-0.064208984375,0.4451904296875,0.02239990234375,-0.8944091796875,-0.0355224609375
120,0.7035730674514005,-0.6879480674514005,-0.176472029159699,-0.021220841934051007,0.92596435546875,0.1602381065139005,-0.182536759902801,-0.2889404296875,0.2433873817673495,0.19525146484375,-0.9454553916701505,-0.0929773643264005,0.56329345703125,0.1176549598923495,-0.81390380859375,0.0795079872360995,0.668415388534699,-0.033203125,-0.740214982559051,-0.0641687705764005,0.445209822128449,0.0223388671875,-0.894389787246551,-0.0355224609375
121,0.70361328125,-0.68798828125,-0.1763916015625,-0.02130126953125,0.92596435546875,0.16046142578125,-0.18231201171875,-0.2889404296875,0.24334716796875,0.19525146484375,-0.94549560546875,-0.093017578125,0.56329345703125,0.11761474609375,-0.81390380859375,0.0794677734375,0.6683349609375,-0.033203125,-0.74029541015625,-0.064208984375,0.44512939453125,0.0223388671875,-0.89447021484375,-0.0355224609375
122,0.70367431640625,-0.6878662109375,-0.17633056640625,-0.0213623046875,0.925961497635347,0.16040896412520902,-0.18242550853104098,-0.28889082586486203,0.2432861328125,0.195248607010347,-0.94549560546875,-0.09290122347930603,0.563232421875,0.117431640625,-0.81396484375,0.0794677734375,0.668212890625,-0.0333251953125,-0.7403564453125,-0.06414794921875,0.445068359375,0.022216796875,-0.89447021484375,-0.0355224609375
123,0.70367431640625,-0.6878662109375,-0.17633056640625,-0.0213623046875,0.9259033203125,0.16058349609375,-0.1822509765625,-0.28912353515625,0.2432861328125,0.1951904296875,-0.94549560546875,-0.093017578125,0.563232421875,0.117431640625,-0.81396484375,0.0794677734375,0.668212890625,-0.0333251953125,-0.7403564453125,-0.06414794921875,0.445068359375,0.022216796875,-0.89447021484375,-0.0355224609375
124,0.703766175337061,-0.687774352006689,-0.17633056640625,-0.02145416361831104,0.9259492497779055,0.16053756662834448,-0.18234283549331104,-0.28903167622543896,0.24319427388168896,0.19528228861831104,-0.94549560546875,-0.09287978972878344,0.5631864924095945,0.11738571115959448,-0.8140107732154055,0.07951370290290552,0.6681669611595945,-0.03350830078125,-0.740448304243311,-0.06407119597878344,0.4450224299095945,0.02226272634040552,-0.8945161443091555,-0.03544570769753344
125,0.70379638671875,-0.687744140625,-0.17633056640625,-0.021484375,0.92584228515625,0.1612548828125,-0.18182373046875,-0.289306640625,0.2431640625,0.1953125,-0.94549560546875,-0.0931396484375,0.56317138671875,0.11737060546875,-0.81402587890625,0.07952880859375,0.66815185546875,-0.03350830078125,-0.740478515625,-0.06402587890625,0.44500732421875,0.02227783203125,-0.89453125,-0.035400390625
126,0.703852318601066,-0.687688208742684,-0.17635853234740803,-0.021540306882316056,0.9258702510974081,0.16119895093018394,-0.18187966235106606,-0.28922274280152593,0.2430801646765259,0.1953125,-0.9455235714099081,-0.09311168249634197,0.563115454836434,0.11734263952759197,-0.814081810788566,0.07952880859375,0.6680628543713419,-0.03354136999634197,-0.7405064815661581,-0.06406405139527592,0.444857287965092,0.022211693601066056,-0.8945592159411581,-0.03537752795777591
127,0.70391845703125,-0.6876220703125,-0.1763916015625,-0.0216064453125,0.92572021484375,0.16156005859375,-0.1817626953125,-0.28961181640625,0.24298095703125,0.1953125,-0.945556640625,-0.09307861328125,0.56304931640625,0.1173095703125,-0.81414794921875,0.07952880859375,0.66802978515625,-0.03350830078125,-0.74053955078125,-0.06396484375,0.44482421875,0.02227783203125,-0.89459228515625,-0.0352783203125
128,0.7039794921875,-0.68756103515625,-0.1763916015625,-0.0216064453125,0.92572021484375,0.1614990234375,-0.1817626953125,-0.28955078125,0.24302198735367891,0.19532250241691054,-0.945556640625,-0.09296654538566054,0.5630393139893395,0.11725853757316054,-0.81414794921875,0.07962087165551839,0.66796875,-0.0335693359375,-0.7406005859375,-0.06396484375,0.44482421875,0.02227783203125,-0.89459228515625,-0.0352783203125
129,0.7039794921875,-0.68756103515625,-0.1763916015625,-0.0216064453125,0.92572021484375,0.161865234375,-0.18145751953125,-0.2894287109375,0.242919921875,0.19537353515625,-0.945556640625,-0.093017578125,0.56298828125,0.1173095703125,-0.81414794921875,0.0794677734375,0.66796875,-0.0335693359375,-0.7406005859375,-0.06396484375,0.44482421875,0.02227783203125,-0.89459228515625,-0.0352783203125
130,0.704085640285326,-0.687454887058424,-0.17623237941576086,-0.0216064453125,0.92572021484375,0.16175908627717392,-0.18161674167798914,-0.289481784986413,0.24281377377717392,0.19526738705842392,-0.9456097146739131,-0.0929114300271739,0.562882133152174,0.11725649626358696,-0.814254097316576,0.07941469938858696,0.6679156759510869,-0.03362240998641305,-0.7406536599864131,-0.06412406589673914,0.4447180706521739,0.022232719089673912,-0.8946453592051631,-0.03541631283967391
131,0.7041015625,-0.68743896484375,-0.17620849609375,-0.0216064453125,0.92578125,0.16229248046875,-0.18115234375,-0.289306640625,0.2427978515625,0.19537353515625,-0.94561767578125,-0.093017578125,0.5628662109375,0.11724853515625,-0.81427001953125,0.07940673828125,0.66790771484375,-0.03363037109375,-0.74066162109375,-0.06414794921875,0.4447021484375,0.022216796875,-0.8946533203125,-0.035400390625
132,0.7042068940739966,-0.6874038543190845,-0.1761382750444189,-0.021571334787834448,0.92578125,0.16218714889475336,-0.1812225647993311,-0.28934175114966554,0.24276274103783446,0.19526820358225336,-0.9456527863059155,-0.09291224655100334,0.5628311004128345,0.1171783141069189,-0.8143051300559155,0.07930140670725334,0.6678726043190845,-0.03358770772366221,-0.7406967316184155,-0.06429594416283445,0.44472807306908446,0.022172500457253344,-0.8946273956809155,-0.035574310200668896
133,0.70428466796875,-0.6873779296875,-0.17608642578125,-0.02154541015625,0.92584228515625,0.16253662109375,-0.18072509765625,-0.28924560546875,0.24261474609375,0.19525146484375,-0.9456787109375,-0.093017578125,0.56280517578125,0.11712646484375,-0.8143310546875,0.0792236328125,0.6678466796875,-0.03369140625,-0.74072265625,-0.06427001953125,0.4447021484375,0.0220947265625,-0.8946533203125,-0.0355224609375
134,0.7043189619695861,-0.6873436356866639,-0.17605213178041387,-0.021562557156668063,0.92584228515625,0.16250232709291387,-0.18077653865750418,-0.28922845846833195,0.2425290110916597,0.19521717084291387,-0.9456958579379181,-0.09300043112458194,0.5627365877795778,0.11709217084291387,-0.8143824956887542,0.07920648581208194,0.6677513505304139,-0.03354259478208613,-0.7407569502508361,-0.06447986615541387,0.4446068192804139,0.022199649874581937,-0.8946704673129181,-0.03561023724916387
135,0.70440673828125,-0.687255859375,-0.17596435546875,-0.0216064453125,0.92578125,0.16253662109375,-0.18072509765625,-0.2894287109375,0.2423095703125,0.19512939453125,-0.94573974609375,-0.09295654296875,0.56256103515625,0.11700439453125,-0.81451416015625,0.07916259765625,0.66766357421875,-0.03363037109375,-0.7408447265625,-0.06439208984375,0.44451904296875,0.02215576171875,-0.89471435546875,-0.0355224609375
136,0.70440673828125,-0.687255859375,-0.17596435546875,-0.0216064453125,0.92578125,0.16253662109375,-0.18072509765625,-0.2894287109375,0.2423095703125,0.19512939453125,-0.94573974609375,-0.09295654296875,0.56256103515625,0.11700439453125,-0.81451416015625,0.07916259765625,0.66766357421875,-0.03357015246132943,-0.7407845079300794,-0.06457274574101171,0.44457926160117056,0.022215980351170568,-0.89471435546875,-0.035703116834761704
137,0.70452880859375,-0.6871337890625,-0.1759033203125,-0.02154541015625,0.92584228515625,0.16241455078125,-0.1806640625,-0.28936767578125,0.24224853515625,0.1951904296875,-0.94580078125,-0.0928955078125,0.5625,0.11688232421875,-0.8145751953125,0.07904052734375,0.66766357421875,-0.03375244140625,-0.7408447265625,-0.064453125,0.44451904296875,0.0220947265625,-0.89471435546875,-0.03558349609375
138,0.70452880859375,-0.6871337890625,-0.1759033203125,-0.02154541015625,0.92584228515625,0.16241455078125,-0.1806640625,-0.28936767578125,0.24224853515625,0.1951904296875,-0.94580078125,-0.0928955078125,0.5625,0.11688232421875,-0.8145751953125,0.07904052734375,0.6677058293269231,-0.03371018629807692,-0.7408024714543269,-0.06466440054086538,0.4445612980769231,0.022179236778846152,-0.89471435546875,-0.035752516526442304
139,0.7047119140625,-0.68695068359375,-0.17578125,-0.02154541015625,0.92584228515625,0.16241455078125,-0.1806640625,-0.28924560546875,0.2421875,0.1953125,-0.94580078125,-0.0928955078125,0.5625,0.1168212890625,-0.81463623046875,0.0789794921875,0.6676025390625,-0.03387451171875,-0.74090576171875,-0.06463623046875,0.4444580078125,0.02203369140625,-0.894775390625,-0.03564453125
140,0.7047847888142768,-0.6868778088419732,-0.17578125,-0.021521118572324416,0.9258665767401756,0.16231738444554766,-0.18068835408392558,-0.2892213138848244,0.24221179158392558,0.19526391683214883,-0.94580078125,-0.09279834147679766,0.5625,0.11674841431072325,-0.81463623046875,0.0789794921875,0.6676025390625,-0.03392309488660117,-0.7408814701348244,-0.06463623046875,0.44451904296875,0.02198510823839883,-0.89471435546875,-0.03575476196697325
141,0.70489501953125,-0.686767578125,-0.17578125,-0.021484375,0.92596435546875,0.162353515625,-0.18060302734375,-0.28900146484375,0.24224853515625,0.19537353515625,-0.94573974609375,-0.09283447265625,0.5625,0.11663818359375,-0.81463623046875,0.0789794921875,0.6676025390625,-0.03399658203125,-0.7408447265625,-0.06463623046875,0.44451904296875,0.02191162109375,-0.89471435546875,-0.03564453125
142,0.7048886914715718,-0.6867739061846782,-0.1757875780596781,-0.021484375,0.92596435546875,0.1623598436846781,-0.1805903712243938,-0.28900146484375,0.2422422070965719,0.1953608790368938,-0.9457460741534282,-0.09283447265625,0.5625,0.1166318555340719,-0.81463623046875,0.0789794921875,0.6675478319659282,-0.034112324284071904,-0.7408994336590718,-0.0645204882159281,0.4444580078125,0.021856913997178096,-0.894775390625,-0.035528788997178096
143,0.704833984375,-0.68682861328125,-0.17584228515625,-0.021484375,0.92596435546875,0.16204833984375,-0.1807861328125,-0.2890625,0.2421875,0.19525146484375,-0.94580078125,-0.09283447265625,0.5625,0.1165771484375,-0.81463623046875,0.0789794921875,0.6676025390625,-0.0340576171875,-0.7408447265625,-0.0645751953125,0.4444580078125,0.02191162109375,-0.894775390625,-0.03558349609375
144,0.704833984375,-0.68682861328125,-0.17584228515625,-0.021484375,0.92596435546875,0.16204833984375,-0.1807861328125,-0.2890625,0.2421875,0.19525146484375,-0.94580078125,-0.09283447265625,0.5625,0.1165771484375,-0.81463623046875,0.0789794921875,0.6675531393708194,-0.0340576171875,-0.7409435259458612,-0.06427879716241637,0.4443592084291388,0.021812821710388793,-0.8948247903166806,-0.03533649763534698
145,0.70458984375,-0.68701171875,-0.176025390625,-0.02154541015625,0.92596435546875,0.16180419921875,-0.180908203125,-0.28900146484375,0.2421875,0.19525146484375,-0.94580078125,-0.0928955078125,0.5625,0.11669921875,-0.81463623046875,0.07904052734375,0.66766357421875,-0.0338134765625,-0.7408447265625,-0.0643310546875,0.4444580078125,0.02203369140625,-0.894775390625,-0.03546142578125
146,0.7044955352477007,-0.6870745910848662,-0.1760882629598662,-0.02154541015625,0.9259957916361831,0.16189850772104933,-0.18081389462270067,-0.28900146484375,0.2422503723348662,0.1953143371786162,-0.9457693450825669,-0.09298981631479933,0.5625,0.11669921875,-0.81463623046875,0.07910339967861622,0.66766357421875,-0.03378204039506689,-0.7408761627299331,-0.06426818235263378,0.4444894439799331,0.022065127573683112,-0.8947439544575669,-0.03546142578125
147,0.70440673828125,-0.6871337890625,-0.1761474609375,-0.02154541015625,0.926025390625,0.161865234375,-0.18084716796875,-0.2889404296875,0.2421875,0.1951904296875,-0.94580078125,-0.09295654296875,0.5625,0.11669921875,-0.81463623046875,0.07916259765625,0.66766357421875,-0.03375244140625,-0.74090576171875,-0.064208984375,0.44451904296875,0.0220947265625,-0.89471435546875,-0.03546142578125
148,0.7044202109244356,-0.6871203164193144,-0.17618787886705686,-0.021518464869878757,0.9260388632681856,0.16183828908862877,-0.18082022268237877,-0.28892695704431437,0.24222791792955686,0.1951904296875,-0.9457873086068144,-0.09294307032556438,0.5625134726431856,0.11668574610681438,-0.8146227578255644,0.07916259765625,0.66766357421875,-0.03375244140625,-0.74090576171875,-0.06419551173181438,0.44453251561193563,0.0220947265625,-0.89471435546875,-0.03544795313806438
149,0.7044677734375,-0.68707275390625,-0.17633056640625,-0.02142333984375,0.92608642578125,0.161865234375,-0.18072509765625,-0.28887939453125,0.24224853515625,0.1953125,-0.94573974609375,-0.093017578125,0.56256103515625,0.11663818359375,-0.8145751953125,0.07916259765625,0.66766357421875,-0.03375244140625,-0.74090576171875,-0.06414794921875,0.444580078125,0.0220947265625,-0.89471435546875,-0.035400390625
150,0.7044677734375,-0.68707275390625,-0.17633056640625,-0.02142333984375,0.92608642578125,0.161865234375,-0.18072509765625,-0.28887939453125,0.24224853515625,0.1953125,-0.94573974609375,-0.093017578125,0.56256103515625,0.11663818359375,-0.8145751953125,0.07916259765625,0.66766357421875,-0.03375244140625,-0.74090576171875,-0.06414794921875,0.44446698957462377,0.022207815112876252,-0.8947708997439381,-0.03534384634981187
151,0.70440673828125,-0.6871337890625,-0.17633056640625,-0.02130126953125,0.9260729531380644,0.1618787070181856,-0.1806640625,-0.28881121479149247,0.24212646484375,0.19525146484375,-0.94580078125,-0.0928955078125,0.5625,0.11669921875,-0.81463623046875,0.0791015625,0.66766357421875,-0.03363037109375,-0.74090576171875,-0.064208984375,0.44451904296875,0.02215576171875,-0.89471435546875,-0.03546142578125
152,0.70440673828125,-0.6871337890625,-0.17633056640625,-0.02130126953125,0.92608642578125,0.161865234375,-0.1806640625,-0.28875732421875,0.24212646484375,0.19525146484375,-0.94580078125,-0.0928955078125,0.5624228384981187,0.11669921875,-0.8146748112196907,0.07925588550376254,0.6676249934678093,-0.03355320959186873,-0.7409443424696907,-0.06405466137123746,0.44448046221780935,0.022194342469690636,-0.8947529362196907,-0.035307102777487456
153,0.7042236328125,-0.68731689453125,-0.1763916015625,-0.02117919921875,0.926025390625,0.16168212890625,-0.180908203125,-0.2889404296875,0.2420654296875,0.1951904296875,-0.94580078125,-0.093017578125,0.5625,0.1168212890625,-0.81463623046875,0.0791015625,0.667724609375,-0.033447265625,-0.7408447265625,-0.06414794921875,0.444580078125,0.02227783203125,-0.89471435546875,-0.035400390625
154,0.7041617811324206,-0.6873787462113294,-0.1764328360158863,-0.02111734753867056,0.926025390625,0.1617233633596363,-0.18080511699153426,-0.28900228136757944,0.24212728136757944,0.1951904296875,-0.9457801640233069,-0.09310004703177259,0.5624793827733069,0.11686252351588629,-0.81463623046875,0.07914279695338629,0.6677452266016931,-0.033344179491534266,-0.7408241093358069,-0.06410671476536371,0.444580078125,0.02231906648463629,-0.89471435546875,-0.035379773398306856
155,0.70404052734375,-0.6875,-0.176513671875,-0.02099609375,0.92608642578125,0.16143798828125,-0.18096923828125,-0.28875732421875,0.24200439453125,0.19512939453125,-0.94586181640625,-0.09283447265625,0.56243896484375,0.116943359375,-0.81463623046875,0.0792236328125,0.66778564453125,-0.03314208984375,-0.74078369140625,-0.06402587890625,0.444580078125,0.02239990234375,-0.89471435546875,-0.03533935546875
156,0.7040272588315217,-0.6875106148097826,-0.1765189792798913,-0.020988132642663047,0.92608642578125,0.1614486030910326,-0.18095596976902176,-0.288765285326087,0.2419990871263587,0.1951240871263587,-0.9458644701086957,-0.0928397800611413,0.5622638204823369,0.11689028532608696,-0.8147529933763586,0.0795128863790761,0.6677882982336957,-0.03312882133152174,-0.74078369140625,-0.06402587890625,0.4444686226222826,0.022405209748641304,-0.8947700832201086,-0.035050101902173905
157,0.7037353515625,-0.687744140625,-0.1766357421875,-0.02081298828125,0.92608642578125,0.161376953125,-0.180908203125,-0.28887939453125,0.24188232421875,0.19500732421875,-0.9459228515625,-0.09295654296875,0.56243896484375,0.1170654296875,-0.81463623046875,0.07916259765625,0.6678466796875,-0.0328369140625,-0.74078369140625,-0.06402587890625,0.4447021484375,0.02252197265625,-0.8946533203125,-0.035400390625
158,0.7037353515625,-0.687744140625,-0.1766357421875,-0.02081298828125,0.92608642578125,0.161376953125,-0.180908203125,-0.28887939453125,0.24188232421875,0.19500732421875,-0.9459228515625,-0.09295654296875,0.5623017888404055,0.11701970435305184,-0.8147276811376464,0.07929977365959448,0.6677095036841555,-0.03279118872805184,-0.7408751420751464,-0.06393442823735368,0.44451924709970736,0.02256769799069816,-0.8947447709813964,-0.03530893995610368
159,0.70367431640625,-0.68780517578125,-0.1767578125,-0.020751953125,0.92608642578125,0.16107177734375,-0.18096923828125,-0.2890625,0.241943359375,0.1949462890625,-0.9459228515625,-0.0928955078125,0.5623779296875,0.1170654296875,-0.81463623046875,0.07928466796875,0.66778564453125,-0.03271484375,-0.74078369140625,-0.06396484375,0.444580078125,0.02264404296875,-0.89471435546875,-0.03533935546875
160,0.7036465545960493,-0.6878329375914507,-0.17678557431020067,-0.02077971493520067,0.92608642578125,0.16112730096415134,-0.18094147647104933,-0.28903473818979936,0.241943359375,0.19500181268290134,-0.9458950897522993,-0.09292326962270067,0.5623501678772993,0.1170654296875,-0.8146639922789507,0.07936795339935201,0.6678134063414507,-0.03268708193979933,-0.74078369140625,-0.06385379650919731,0.44460783993520064,0.022699566589151343,-0.8946865936585493,-0.03528383184834866
161,0.70361328125,-0.6878662109375,-0.17681884765625,-0.02081298828125,0.92608642578125,0.160888671875,-0.18115234375,-0.28900146484375,0.241943359375,0.19488525390625,-0.9459228515625,-0.09283447265625,0.56231689453125,0.1170654296875,-0.814697265625,0.0794677734375,0.6678466796875,-0.03265380859375,-0.74078369140625,-0.063720703125,0.44464111328125,0.02276611328125,-0.8946533203125,-0.03521728515625
162,0.70361328125,-0.6878760092234532,-0.17679925108434366,-0.020803189995296824,0.9260766274952968,0.160888671875,-0.18116214203595318,-0.28902106141565637,0.24193356108904682,0.19486565733434366,-0.9459326498484532,-0.09284427094220317,0.5623681314015468,0.11716790342809365,-0.81463623046875,0.07945797515154683,0.6678466796875,-0.032644010307796824,-0.74078369140625,-0.06374029969690635,0.44465091156720316,0.022775911567203176,-0.8946533203125,-0.03523688172815635
163,0.70361328125,-0.68792724609375,-0.17669677734375,-0.020751953125,0.92608642578125,0.16094970703125,-0.18109130859375,-0.2890625,0.241943359375,0.19488525390625,-0.9459228515625,-0.09283447265625,0.56231689453125,0.1170654296875,-0.81463623046875,0.07940673828125,0.6678466796875,-0.0325927734375,-0.74078369140625,-0.0638427734375,0.4447021484375,0.0228271484375,-0.8946533203125,-0.03533935546875
164,0.70361328125,-0.68792724609375,-0.17669677734375,-0.020751953125,0.92608642578125,0.16094970703125,-0.18109130859375,-0.2890625,0.241943359375,0.19488525390625,-0.9459228515625,-0.09283447265625,0.5624755042851171,0.1170654296875,-0.8145833605507943,0.07919525860942726,0.6678466796875,-0.0325927734375,-0.74078369140625,-0.0638427734375,0.44486075819136706,0.022774278519544316,-0.8945475804765887,-0.035497965222617056
165,0.7037353515625,-0.687744140625,-0.17657470703125,-0.02081298828125,0.9261303139370819,0.16102993049749162,-0.1809843439720945,-0.28900146484375,0.24200439453125,0.1949462890625,-0.94586181640625,-0.0928955078125,0.5623779296875,0.116943359375,-0.81463623046875,0.079345703125,0.66790771484375,-0.03271484375,-0.74072265625,-0.06396484375,0.44476318359375,0.02264404296875,-0.89459228515625,-0.03533935546875
166,0.703909883531041,-0.6876394214438755,-0.1764699878501254,-0.020917707462374587,0.9261474609375,0.1610280933188754,-0.18105660633099918,-0.2889316520563336,0.2418996753501254,0.1949462890625,-0.9459316291936664,-0.09268606945025082,0.5625173511313755,0.11683864019387541,-0.8145839729436664,0.07915402415604098,0.6678728084500418,-0.032959188505957374,-0.74072265625,-0.0640346565374164,0.4447980899874582,0.022504417393917217,-0.89459228515625,-0.03544407464987459
167,0.70404052734375,-0.68756103515625,-0.1763916015625,-0.02099609375,0.92608642578125,0.16119384765625,-0.18084716796875,-0.2891845703125,0.24200439453125,0.19500732421875,-0.94586181640625,-0.09295654296875,0.56243896484375,0.11676025390625,-0.81463623046875,0.07928466796875,0.6678466796875,-0.03314208984375,-0.74072265625,-0.0640869140625,0.44482421875,0.02239990234375,-0.89459228515625,-0.0355224609375
168,0.7041421845605143,-0.6874593779394857,-0.1763577158235786,-0.0210469223583821,0.9261033686507107,0.1610921904394858,-0.1809488251855142,-0.2891167988346572,0.2419535659228679,0.19500732421875,-0.9458957021451714,-0.0928210000130644,0.5624491713916179,0.1166483901416179,-0.8147142084944607,0.0789319296744356,0.6677789082096572,-0.033260689929974906,-0.7407734848583821,-0.0641038569319607,0.4447564472721572,0.0223321308659072,-0.8946261708951714,-0.035505518068039296
169,0.70440673828125,-0.68719482421875,-0.17626953125,-0.02117919921875,0.926025390625,0.16131591796875,-0.18084716796875,-0.2891845703125,0.24169921875,0.19512939453125,-0.9459228515625,-0.09295654296875,0.56231689453125,0.11651611328125,-0.81475830078125,0.07928466796875,0.6676025390625,-0.0335693359375,-0.74090576171875,-0.06414794921875,0.444580078125,0.02215576171875,-0.89471435546875,-0.03546142578125
170,0.7045267672841764,-0.6870147807143604,-0.1763295457514632,-0.02129922822167642,0.9260854051264632,0.16113587446436037,-0.1809071824702132,-0.28900452680811034,0.24169921875,0.19524942353417643,-0.9459228515625,-0.09271648496289715,0.5621337890625,0.11639404296875,-0.81494140625,0.07928058534960285,0.6674224955581104,-0.0335693359375,-0.7410858052231396,-0.06408793471728678,0.44440003462061034,0.022215776220213212,-0.8947743699702132,-0.035341396778323576
171,0.70452880859375,-0.68701171875,-0.17633056640625,-0.02130126953125,0.9261374585205895,0.1611328125,-0.18095923586433946,-0.2889504321044105,0.24139404296875,0.19512939453125,-0.946044921875,-0.0927734375,0.5621337890625,0.11639404296875,-0.81494140625,0.07928466796875,0.66741943359375,-0.0335693359375,-0.7410888671875,-0.0640869140625,0.44439697265625,0.022216796875,-0.894775390625,-0.03533935546875
172,0.7045708595709658,-0.6869696677727842,-0.1762885154290343,-0.02130126953125,0.9261474609375,0.1610907615227843,-0.1810112892584657,-0.2889404296875,0.24139404296875,0.1950873435540343,-0.946044921875,-0.09273138652278427,0.5616644919915342,0.11635199199153427,-0.81524658203125,0.07920464863346573,0.6672091787076714,-0.033401132028637114,-0.7412991220735786,-0.06421306699414717,0.4442287687473871,0.022385000783862883,-0.8948594925794314,-0.03542345742318144
173,0.70458984375,-0.68695068359375,-0.17626953125,-0.02130126953125,0.9261474609375,0.1611709849890259,-0.1809310657922241,-0.28887429125731606,0.24072265625,0.1953125,-0.9461669921875,-0.0927734375,0.5616455078125,0.1163330078125,-0.81524658203125,0.0792236328125,0.6671142578125,-0.0333251953125,-0.74139404296875,-0.06427001953125,0.44415283203125,0.0224609375,-0.8948974609375,-0.03546142578125
174,0.7046861935618729,-0.6868543337818771,-0.17626953125,-0.021277182078281776,0.9261715483904682,0.16111035809469065,-0.18089534287468645,-0.2887942719220318,0.24074674370296822,0.19526432509406355,-0.9461669921875,-0.09265300023515888,0.5613033843279682,0.11644385092234533,-0.81549072265625,0.07897785913984112,0.6670179080006271,-0.03339745767140467,-0.7414663053276547,-0.06434228189015467,0.4440805696723453,0.0224609375,-0.8949456358434364,-0.035437338328281776
175,0.704833984375,-0.68670654296875,-0.17626953125,-0.021240234375,0.92620849609375,0.16091888325668896,-0.18095413259040552,-0.2887422185279055,0.240234375,0.1953125,-0.9462890625,-0.09283447265625,0.56134033203125,0.1163330078125,-0.81549072265625,0.07916259765625,0.6668701171875,-0.03350830078125,-0.7415771484375,-0.064453125,0.4439697265625,0.0224609375,-0.89501953125,-0.035400390625
176,0.7049560546875,-0.6866455078125,-0.1761474609375,-0.02130126953125,0.92620849609375,0.16094970703125,-0.1810302734375,-0.2886962890625,0.2401123046875,0.19525146484375,-0.94635009765625,-0.09271240234375,0.56085205078125,0.11639404296875,-0.8157958984375,0.0789794921875,0.6667296750888378,-0.033544840222617056,-0.7417114666074415,-0.06442883341607442,0.4437255859375,0.0225830078125,-0.8951416015625,-0.0355224609375
177,0.7049560546875,-0.6866455078125,-0.1761474609375,-0.02130126953125,0.9263248507394439,0.160891529708403,-0.18091391879180602,-0.28840540244826507,0.23974609375,0.19549560546875,-0.9464111328125,-0.0926513671875,0.56085205078125,0.11639404296875,-0.8157958984375,0.0789794921875,0.66656494140625,-0.0333251953125,-0.7418212890625,-0.06475830078125,0.4437255859375,0.0225830078125,-0.8951416015625,-0.0355224609375
178,0.7050544458089465,-0.6865471166910535,-0.17609826537677675,-0.02130126953125,0.9263797619669732,0.16074108519283026,-0.18095739868572325,-0.28839111328125,0.23969689818927675,0.19544640990802675,-0.9464111328125,-0.09250378050533027,0.560791015625,0.1162956518473035,-0.8159061291544732,0.0789558129964465,0.6665157458455268,-0.03342358643394649,-0.7418704846232232,-0.0646599096598035,0.44377478149822325,0.0225830078125,-0.8950924060017768,-0.03547326537677675
179,0.705078125,-0.6865234375,-0.17608642578125,-0.02130126953125,0.9263513877639005,0.16070556640625,-0.1809290244826505,-0.2884313270798495,0.23974609375,0.1954345703125,-0.9464111328125,-0.0926513671875,0.560791015625,0.11627197265625,-0.81591796875,0.0789794921875,0.66650390625,-0.033447265625,-0.74188232421875,-0.064697265625,0.44378662109375,0.0225830078125,-0.89508056640625,-0.03546142578125
180,0.705078125,-0.6865234375,-0.176025390625,-0.02130126953125,0.92633056640625,0.16070556640625,-0.18096923828125,-0.28851318359375,0.23974609375,0.1954345703125,-0.9464111328125,-0.0926513671875,0.560791015625,0.11614990234375,-0.81591796875,0.0789794921875,0.6664741031302257,-0.03353953281772576,-0.74188232421875,-0.06463480155204848,0.4437880500104515,0.022490740619774244,-0.8951103695260243,-0.03543019374477424
181,0.705078125,-0.6865234375,-0.176025390625,-0.02130126953125,0.926352816680602,0.16063881558319396,-0.18101373882995403,-0.28846868304504597,0.2398681640625,0.1953125,-0.9464111328125,-0.092529296875,0.560791015625,0.11614990234375,-0.81591796875,0.0789794921875,0.66650390625,-0.0335693359375,-0.74188232421875,-0.0645751953125,0.44384765625,0.0224609375,-0.89508056640625,-0.035400390625
182,0.70489501953125,-0.68670654296875,-0.17596435546875,-0.021240234375,0.92633056640625,0.16070556640625,-0.18096923828125,-0.28851318359375,0.2398681640625,0.19525146484375,-0.9464111328125,-0.0927734375,0.560791015625,0.11614990234375,-0.81585693359375,0.07904052734375,0.66656494140625,-0.033495032269021736,-0.7418212890625,-0.06475299337635868,0.44384765625,0.022474206012228267,-0.89508056640625,-0.03559145720108694
183,0.70489501953125,-0.68670654296875,-0.17596435546875,-0.021240234375,0.9263348531563546,0.16068841940583192,-0.18098209853156355,-0.28849603659333195,0.23992919921875,0.19525146484375,-0.9464111328125,-0.092529296875,0.5607953023751046,0.11614561559364549,-0.81585693359375,0.07906196109427259,0.66656494140625,-0.033447265625,-0.7418212890625,-0.06451416015625,0.44384765625,0.02252197265625,-0.89508056640625,-0.035400390625
184,0.7047119140625,-0.6868896484375,-0.17596435546875,-0.0211181640625,0.9263916015625,0.16064453125,-0.18096923828125,-0.2884521484375,0.23992919921875,0.1951904296875,-0.94635009765625,-0.0927734375,0.5609130859375,0.11614990234375,-0.8157958984375,0.0791015625,0.66668701171875,-0.03338623046875,-0.74169921875,-0.06475830078125,0.4439133864182692,0.02252197265625,-0.89501953125,-0.03553654597355769
185,0.7047119140625,-0.6868896484375,-0.17596435546875,-0.0211181640625,0.9263916015625,0.16069188963210704,-0.18101659666335704,-0.2883574316732859,0.239990234375,0.195068359375,-0.9464111328125,-0.09259033203125,0.5609130859375,0.11614990234375,-0.8157958984375,0.0791015625,0.6666259765625,-0.03338623046875,-0.74176025390625,-0.06451416015625,0.44390869140625,0.02252197265625,-0.89501953125,-0.0355224609375
186,0.70465087890625,-0.68701171875,-0.176025390625,-0.02105712890625,0.9263916015625,0.1607666015625,-0.180908203125,-0.28839111328125,0.24005126953125,0.195068359375,-0.9464111328125,-0.09271240234375,0.5609130859375,0.11627197265625,-0.8157958984375,0.0791015625,0.66668701171875,-0.0333251953125,-0.74169921875,-0.06463623046875,0.4438929733225334,0.0225830078125,-0.8949968727137333,-0.03564453125
187,0.70465087890625,-0.68701171875,-0.176025390625,-0.02105712890625,0.9264209964203596,0.16082539127821907,-0.18084941340928093,-0.28827353384981186,0.23992919921875,0.19500732421875,-0.9464111328125,-0.0926513671875,0.5608836910796404,0.11621318294053093,-0.8157958984375,0.07918974707357859,0.66656494140625,-0.03326416015625,-0.7418212890625,-0.0645751953125,0.44384765625,0.0225830078125,-0.89501953125,-0.03564453125
188,0.70458984375,-0.68701171875,-0.17596435546875,-0.02099609375,0.92645263671875,0.160888671875,-0.1807861328125,-0.2882080078125,0.23992919921875,0.19488525390625,-0.94647216796875,-0.09271240234375,0.5609130859375,0.11614990234375,-0.8157958984375,0.0792236328125,0.6665853545019857,-0.03330478221676421,-0.7418212890625,-0.06465643943352842,0.44390869140625,0.022583211943457374,-0.89501953125,-0.03568515331051421
189,0.70458984375,-0.68701171875,-0.17596435546875,-0.02099609375,0.926464068052362,0.16085437787416387,-0.1807632701452759,-0.28819657647888797,0.24005126953125,0.1949462890625,-0.9464111328125,-0.092529296875,0.5609473799383361,0.11613847101013795,-0.8157730357702759,0.07924649547972408,0.6666259765625,-0.03326416015625,-0.7418212890625,-0.0645751953125,0.44390869140625,0.022705078125,-0.89501953125,-0.03564453125
190,0.70458984375,-0.6871337890625,-0.17578125,-0.02105712890625,0.92645263671875,0.16082763671875,-0.1807861328125,-0.2882080078125,0.2398681640625,0.19488525390625,-0.94647216796875,-0.09259033203125,0.5609130859375,0.11602783203125,-0.8157958984375,0.0792236328125,0.6665137045359532,-0.033266609727738296,-0.7418749755042852,-0.06469236648202341,0.44379641937970316,0.022641593397261704,-0.8950756672632734,-0.035764151991011704
191,0.70458984375,-0.6871337890625,-0.17578125,-0.02105712890625,0.92645263671875,0.16082763671875,-0.1807861328125,-0.2882080078125,0.24017333984375,0.1949462890625,-0.9464111328125,-0.09259033203125,0.5609130859375,0.11602783203125,-0.8157958984375,0.0792236328125,0.666748046875,-0.0333251953125,-0.74169921875,-0.0645751953125,0.44403076171875,0.0225830078125,-0.89495849609375,-0.03570556640625
192,0.70452880859375,-0.68719482421875,-0.1756591796875,-0.02117919921875,0.92645263671875,0.16070556640625,-0.1807861328125,-0.28826904296875,0.239990234375,0.1949462890625,-0.9464111328125,-0.0926513671875,0.56103515625,0.11614990234375,-0.81573486328125,0.0792236328125,0.6666259765625,-0.03326416015625,-0.74176025390625,-0.064697265625,0.4440907762202132,0.02255300056176839,-0.8949284888430183,-0.035736594311768385
193,0.70452880859375,-0.68719482421875,-0.1756591796875,-0.02117919921875,0.92645263671875,0.16055940864078178,-0.1807861328125,-0.28830558241011706,0.240234375,0.19488525390625,-0.9464111328125,-0.0926513671875,0.5611813140154682,0.11604028401964883,-0.8156252449571488,0.07926017225386706,0.66680908203125,-0.0333251953125,-0.74163818359375,-0.06451416015625,0.44415283203125,0.02252197265625,-0.8948974609375,-0.03570556640625
194,0.70452880859375,-0.68719482421875,-0.175537109375,-0.0213623046875,0.92645263671875,0.1605224609375,-0.180908203125,-0.28826904296875,0.24005126953125,0.1949462890625,-0.9464111328125,-0.09259033203125,0.56109619140625,0.11602783203125,-0.815673828125,0.07928466796875,0.6666259765625,-0.033203125,-0.74176025390625,-0.06451416015625,0.4440248419209866,0.022555450133256685,-0.8949644158915133,-0.03573904388325668
195,0.70452880859375,-0.68719482421875,-0.175537109375,-0.0213623046875,0.92645263671875,0.16054103685461957,-0.18087105129076086,-0.28828761888586957,0.240234375,0.19488525390625,-0.94635009765625,-0.09271240234375,0.5611333432404891,0.11602783203125,-0.8156552522078804,0.07924751613451086,0.66680908203125,-0.03338623046875,-0.74163818359375,-0.064453125,0.444091796875,0.02252197265625,-0.8948974609375,-0.03570556640625
196,0.70465087890625,-0.68707275390625,-0.17547607421875,-0.02142333984375,0.92645263671875,0.16046142578125,-0.18096923828125,-0.28826904296875,0.24017333984375,0.19488525390625,-0.9464111328125,-0.092529296875,0.5611572265625,0.11590576171875,-0.815673828125,0.079345703125,0.6667157941837375,-0.03350830078125,-0.7416800304400084,-0.06428920784124165,0.44405954418373744,0.02245134334500418,-0.8949489019387542,-0.03559309024874582
197,0.70465087890625,-0.68707275390625,-0.17547607421875,-0.02142333984375,0.92645263671875,0.16046203817412208,-0.18096678870976168,-0.2882696553616221,0.2403564453125,0.19500732421875,-0.94635009765625,-0.0926513671875,0.5611590637411162,0.11590637411162208,-0.8156719909463838,0.07934509073212792,0.6668701171875,-0.03350830078125,-0.7415771484375,-0.06439208984375,0.4442138671875,0.02239990234375,-0.8948974609375,-0.03564453125
198,0.7047119140625,-0.68707275390625,-0.17529296875,-0.02154541015625,0.92645263671875,0.1605224609375,-0.18096923828125,-0.288330078125,0.2401123046875,0.1949462890625,-0.9464111328125,-0.09259033203125,0.5611572265625,0.11590576171875,-0.81561279296875,0.079345703125,0.66668701171875,-0.03350830078125,-0.74176025390625,-0.064453125,0.4439697265625,0.02239990234375,-0.89501953125,-0.03564453125
199,0.7047119140625,-0.68707275390625,-0.17529296875,-0.02154541015625,0.92645263671875,0.1605224609375,-0.18096923828125,-0.288330078125,0.240478515625,0.19500732421875,-0.9462890625,-0.092529296875,0.5614193307117475,0.11599312976849917,-0.8154380568692516,0.079345703125,0.6669921875,-0.0335693359375,-0.741455078125,-0.0643310546875,0.4443359375,0.0223388671875,-0.89483642578125,-0.03564453125
200,0.7047119140625,-0.68719482421875,-0.175048828125,-0.021728515625,0.92645263671875,0.16058349609375,-0.180908203125,-0.28826904296875,0.24017333984375,0.19500732421875,-0.94635009765625,-0.0926513671875,0.56121826171875,0.11602783203125,-0.8155517578125,0.07928466796875,0.666748046875,-0.03350830078125,-0.74163818359375,-0.06451416015625,0.4443347127142559,0.0223388671875,-0.8948543893054974,-0.03569719703699832
201,0.7047119140625,-0.68719482421875,-0.175048828125,-0.021728515625,0.92645263671875,0.16058349609375,-0.180908203125,-0.28826904296875,0.2406005859375,0.19500732421875,-0.9462890625,-0.09259033203125,0.5613725847225125,0.11600211153062291,-0.8154488758099916,0.07931038846937709,0.6671142578125,-0.0335693359375,-0.74139404296875,-0.0643310546875,0.44451904296875,0.0223388671875,-0.894775390625,-0.03564453125
202,0.7047119140625,-0.68719482421875,-0.1748046875,-0.02191162109375,0.92645263671875,0.16046142578125,-0.18084716796875,-0.28839111328125,0.24029541015625,0.19500732421875,-0.94635009765625,-0.09259033203125,0.56134033203125,0.11590576171875,-0.81549072265625,0.079345703125,0.6668701171875,-0.0335693359375,-0.7415771484375,-0.06439208984375,0.4443310383570234,0.022261093292746656,-0.89484724472199,-0.03567208892924331
203,0.7047119140625,-0.68719482421875,-0.1748046875,-0.02191162109375,0.9264603936951296,0.160422640899352,-0.1808394109923704,-0.28839111328125,0.24066162109375,0.1949462890625,-0.9462890625,-0.09246826171875,0.5616455078125,0.1158447265625,-0.8153076171875,0.0794677734375,0.66717529296875,-0.03363037109375,-0.74127197265625,-0.064208984375,0.44464111328125,0.022216796875,-0.89471435546875,-0.03558349609375
204,0.70458984375,-0.6873779296875,-0.17462158203125,-0.02203369140625,0.9263916015625,0.16046142578125,-0.180908203125,-0.2884521484375,0.240478515625,0.1949462890625,-0.9462890625,-0.09271240234375,0.56146240234375,0.11590576171875,-0.8154296875,0.07928466796875,0.66705322265625,-0.03350830078125,-0.74139404296875,-0.06439208984375,0.4444580078125,0.02227783203125,-0.894775390625,-0.03582763671875
205,0.70458984375,-0.6873779296875,-0.17462158203125,-0.02203369140625,0.9263916015625,0.16046142578125,-0.180908203125,-0.2884521484375,0.24072265625,0.19488525390625,-0.9462890625,-0.09246826171875,0.5616148881688964,0.11595659032713211,-0.8153280302832357,0.07943715379389632,0.667236328125,-0.03350830078125,-0.74127197265625,-0.064208984375,0.44464111328125,0.02227783203125,-0.8946533203125,-0.03558349609375
206,0.70452880859375,-0.6875,-0.1744384765625,-0.0220947265625,0.92645263671875,0.160400390625,-0.18084716796875,-0.28839111328125,0.24053955078125,0.19488525390625,-0.9462890625,-0.09259033203125,0.56146240234375,0.115966796875,-0.8154296875,0.079345703125,0.6671142578125,-0.03350830078125,-0.7413330078125,-0.06439208984375,0.44451904296875,0.022216796875,-0.89471435546875,-0.0357666015625
207,0.70452880859375,-0.6875,-0.1744384765625,-0.0220947265625,0.9265183668870193,0.16033466045673075,-0.18074857271634615,-0.2883253831129808,0.2408447265625,0.19488525390625,-0.94622802734375,-0.092529296875,0.5616455078125,0.1160888671875,-0.81524658203125,0.07940673828125,0.66729736328125,-0.03338623046875,-0.74114990234375,-0.06427001953125,0.44482421875,0.0223388671875,-0.89459228515625,-0.03564453125
208,0.70452880859375,-0.68756103515625,-0.17413330078125,-0.022216796875,0.92645263671875,0.160400390625,-0.180908203125,-0.28839111328125,0.24053955078125,0.19476318359375,-0.94635009765625,-0.09259033203125,0.5614013671875,0.115966796875,-0.8154296875,0.079345703125,0.6671142578125,-0.033447265625,-0.7413330078125,-0.064453125,0.444710109544837,0.022301715353260868,-0.8946188221807065,-0.03579048488451087
209,0.70452880859375,-0.68756103515625,-0.17413330078125,-0.022216796875,0.9264973413984113,0.1603556859453386,-0.18078899064590298,-0.28831660548181437,0.2410888671875,0.19482421875,-0.9461669921875,-0.09246826171875,0.56182861328125,0.1160888671875,-0.81512451171875,0.0794677734375,0.66748046875,-0.0333251953125,-0.74102783203125,-0.06439208984375,0.44500732421875,0.0223388671875,-0.89447021484375,-0.03582763671875
210,0.70458984375,-0.6876220703125,-0.173583984375,-0.02239990234375,0.92645263671875,0.16033935546875,-0.18096923828125,-0.28826904296875,0.2406005859375,0.19464111328125,-0.94635009765625,-0.09246826171875,0.56146240234375,0.1158447265625,-0.8154296875,0.079345703125,0.66705322265625,-0.033447265625,-0.74139404296875,-0.06463623046875,0.4445841607441472,0.02216168151651338,-0.8946847564799331,-0.03594378723348662
211,0.70458984375,-0.6876220703125,-0.173583984375,-0.02239990234375,0.92645263671875,0.16033935546875,-0.18096923828125,-0.28826904296875,0.2413330078125,0.19451904296875,-0.94622802734375,-0.0924072265625,0.5619841610707567,0.11590269975438963,-0.8150818483486622,0.079345703125,0.6676025390625,-0.03350830078125,-0.7408447265625,-0.0645751953125,0.4451904296875,0.022216796875,-0.8944091796875,-0.035888671875
212,0.70465087890625,-0.68768310546875,-0.1729736328125,-0.0228271484375,0.926513671875,0.1600341796875,-0.18121337890625,-0.28814697265625,0.2406005859375,0.1944580078125,-0.9464111328125,-0.09234619140625,0.5614013671875,0.11578369140625,-0.81549072265625,0.07928466796875,0.66705322265625,-0.03350830078125,-0.7413330078125,-0.06475830078125,0.44451904296875,0.02215576171875,-0.89471435546875,-0.0360107421875
213,0.70465087890625,-0.68768310546875,-0.1729736328125,-0.0228271484375,0.9266337008779264,0.15979412168164714,-0.18089330156511285,-0.28814697265625,0.2412109375,0.19464111328125,-0.9461669921875,-0.092529296875,0.5618896484375,0.11590576171875,-0.815185546875,0.0789794921875,0.6676025390625,-0.03350830078125,-0.7408447265625,-0.06494140625,0.4451904296875,0.02215576171875,-0.89434814453125,-0.0362548828125
214,0.70489501953125,-0.6876220703125,-0.1724853515625,-0.023193359375,0.92657470703125,0.15966796875,-0.181396484375,-0.2880859375,0.2406005859375,0.194580078125,-0.94635009765625,-0.09228515625,0.56134033203125,0.11572265625,-0.8155517578125,0.07916259765625,0.6671142578125,-0.03363037109375,-0.74127197265625,-0.06488037109375,0.44464111328125,0.02203369140625,-0.8946533203125,-0.0361328125
215,0.70489501953125,-0.6876220703125,-0.1724853515625,-0.023193359375,0.9265526608878554,0.15973410718018394,-0.18128625365802675,-0.28819616821697325,0.2408447265625,0.19464111328125,-0.9462890625,-0.0926513671875,0.5615234375,0.11566162109375,-0.81549072265625,0.07867431640625,0.6673583984375,-0.03369140625,-0.7410888671875,-0.06524658203125,0.4449462890625,0.02197265625,-0.89447021484375,-0.03643798828125
216,0.70513916015625,-0.68731689453125,-0.17242431640625,-0.02337646484375,0.92657470703125,0.15966796875,-0.181396484375,-0.28814697265625,0.24072265625,0.1947021484375,-0.94635009765625,-0.09222412109375,0.56134033203125,0.1156005859375,-0.8155517578125,0.0791015625,0.66717529296875,-0.0338134765625,-0.7412109375,-0.06488037109375,0.4447762479750209,0.02188549233120819,-0.89459228515625,-0.03615016363137543
217,0.70513916015625,-0.68731689453125,-0.17242431640625,-0.02337646484375,0.9265706244121028,0.15968021660744147,-0.18139240175585283,-0.28815105527539714,0.2406005859375,0.19476318359375,-0.9462890625,-0.09259033203125,0.5614013671875,0.11553955078125,-0.81561279296875,0.0787353515625,0.66717529296875,-0.03399658203125,-0.7412109375,-0.06524658203125,0.44482421875,0.02178955078125,-0.89459228515625,-0.03643798828125
218,0.70538330078125,-0.68707275390625,-0.1724853515625,-0.0234375,0.92657470703125,0.1595458984375,-0.18145751953125,-0.28802490234375,0.24066162109375,0.19482421875,-0.94635009765625,-0.09222412109375,0.5614013671875,0.11541748046875,-0.81561279296875,0.0791015625,0.6671142578125,-0.03411865234375,-0.74127197265625,-0.06494140625,0.44482421875,0.021728515625,-0.89459228515625,-0.03607177734375
219,0.70538330078125,-0.68707275390625,-0.1724853515625,-0.0234375,0.92657470703125,0.1595458984375,-0.18145751953125,-0.28802490234375,0.2406005859375,0.19476318359375,-0.9462890625,-0.09259033203125,0.5614013671875,0.11541748046875,-0.81561279296875,0.07879638671875,0.66717529296875,-0.0341796875,-0.7412109375,-0.06512451171875,0.44488525390625,0.02166748046875,-0.89453125,-0.03631591796875
220,0.70556640625,-0.6868896484375,-0.17242431640625,-0.02349853515625,0.92657470703125,0.15960693359375,-0.18133544921875,-0.28814697265625,0.24053955078125,0.19476318359375,-0.94635009765625,-0.09228515625,0.56134033203125,0.11529541015625,-0.815673828125,0.0789794921875,0.6671142578125,-0.03436279296875,-0.74127197265625,-0.06494140625,0.44476318359375,0.0216064453125,-0.89459228515625,-0.03607177734375
221,0.70556640625,-0.6868896484375,-0.17242431640625,-0.02349853515625,0.92657470703125,0.15960693359375,-0.18133544921875,-0.28814697265625,0.2406005859375,0.19476318359375,-0.94635009765625,-0.0924072265625,0.56146240234375,0.115234375,-0.8155517578125,0.07891845703125,0.66717529296875,-0.03436279296875,-0.7412109375,-0.06494140625,0.44488525390625,0.02154541015625,-0.89453125,-0.0361328125
222,0.70562744140625,-0.68682861328125,-0.17236328125,-0.02349853515625,0.926513671875,0.159423828125,-0.181396484375,-0.28826904296875,0.24053955078125,0.19476318359375,-0.94635009765625,-0.09234619140625,0.56146240234375,0.1151123046875,-0.81561279296875,0.0789794921875,0.6671142578125,-0.03448486328125,-0.74127197265625,-0.06488037109375,0.44482421875,0.021484375,-0.89459228515625,-0.03607177734375
223,0.70562744140625,-0.68682861328125,-0.17236328125,-0.02349853515625,0.926513671875,0.159423828125,-0.181396484375,-0.28826904296875,0.2406005859375,0.19482421875,-0.94635009765625,-0.092529296875,0.5614013671875,0.11505126953125,-0.81561279296875,0.07891845703125,0.66717529296875,-0.034423828125,-0.7412109375,-0.06494140625,0.44488525390625,0.02154541015625,-0.89459228515625,-0.03607177734375
224,0.70562744140625,-0.68682861328125,-0.17230224609375,-0.02337646484375,0.926513671875,0.15924072265625,-0.18157958984375,-0.28839111328125,0.2406005859375,0.1947021484375,-0.94635009765625,-0.092529296875,0.56146240234375,0.114990234375,-0.81561279296875,0.078857421875,0.66717529296875,-0.0345458984375,-0.7412109375,-0.06500244140625,0.44488525390625,0.02142333984375,-0.89453125,-0.0361328125
225,0.70562744140625,-0.68682861328125,-0.17230224609375,-0.02337646484375,0.926513671875,0.15924072265625,-0.18157958984375,-0.28839111328125,0.240478515625,0.1947021484375,-0.94635009765625,-0.09259033203125,0.5613538046744356,0.114990234375,-0.8156670918034072,0.0788031230403428,0.6671142578125,-0.03448486328125,-0.7412109375,-0.0650634765625,0.44482421875,0.021484375,-0.89459228515625,-0.0361328125
226,0.7056884765625,-0.686767578125,-0.17242431640625,-0.02325439453125,0.926513671875,0.1593017578125,-0.1815185546875,-0.288330078125,0.24066162109375,0.1947021484375,-0.94635009765625,-0.09246826171875,0.5615234375,0.114990234375,-0.81561279296875,0.078857421875,0.667236328125,-0.03460693359375,-0.74114990234375,-0.06494140625,0.44500732421875,0.02142333984375,-0.89453125,-0.03607177734375
227,0.7056884765625,-0.686767578125,-0.17242431640625,-0.02325439453125,0.926513671875,0.1593017578125,-0.1815185546875,-0.288330078125,0.2403564453125,0.19476318359375,-0.9464111328125,-0.092529296875,0.561279296875,0.11505126953125,-0.81573486328125,0.078857421875,0.6671142578125,-0.03448486328125,-0.74127197265625,-0.06500244140625,0.44476318359375,0.021484375,-0.89459228515625,-0.03607177734375
228,0.70574951171875,-0.6866455078125,-0.172607421875,-0.02313232421875,0.926513671875,0.15911865234375,-0.18170166015625,-0.28826904296875,0.2406005859375,0.19476318359375,-0.94635009765625,-0.0924072265625,0.56146240234375,0.114990234375,-0.81561279296875,0.0789794921875,0.667236328125,-0.0345458984375,-0.74114990234375,-0.06488037109375,0.4449462890625,0.021484375,-0.89453125,-0.03594970703125
229,0.70574951171875,-0.6866455078125,-0.172607421875,-0.02313232421875,0.926513671875,0.15911865234375,-0.18170166015625,-0.28826904296875,0.240478515625,0.19476318359375,-0.94635009765625,-0.0924072265625,0.5614013671875,0.11505126953125,-0.815673828125,0.07904052734375,0.66717529296875,-0.034423828125,-0.7412109375,-0.0648193359375,0.44488525390625,0.02154541015625,-0.89453125,-0.03582763671875
230,0.7056884765625,-0.68670654296875,-0.17266845703125,-0.0230712890625,0.926513671875,0.15911865234375,-0.18170166015625,-0.28826904296875,0.24053955078125,0.19476318359375,-0.94635009765625,-0.09246826171875,0.56146240234375,0.11505126953125,-0.81561279296875,0.0789794921875,0.667236328125,-0.034423828125,-0.74114990234375,-0.06488037109375,0.44500732421875,0.02154541015625,-0.89453125,-0.035888671875
231,0.7056884765625,-0.68670654296875,-0.17266845703125,-0.0230712890625,0.926513671875,0.15911865234375,-0.18170166015625,-0.28826904296875,0.24041748046875,0.19482421875,-0.94635009765625,-0.09234619140625,0.5614013671875,0.114990234375,-0.81561279296875,0.0791015625,0.667236328125,-0.03436279296875,-0.7412109375,-0.064697265625,0.44500732421875,0.02154541015625,-0.89453125,-0.03582763671875
232,0.70562744140625,-0.686767578125,-0.1727294921875,-0.023193359375,0.926513671875,0.15911865234375,-0.1817626953125,-0.288330078125,0.24041748046875,0.1949462890625,-0.94635009765625,-0.09246826171875,0.56134033203125,0.11517333984375,-0.81561279296875,0.0791015625,0.667236328125,-0.03424072265625,-0.7412109375,-0.064697265625,0.4449462890625,0.021728515625,-0.89453125,-0.03582763671875
233,0.70562744140625,-0.686767578125,-0.1727294921875,-0.023193359375,0.926513671875,0.15911865234375,-0.1817626953125,-0.288330078125,0.240478515625,0.19476318359375,-0.94635009765625,-0.092529296875,0.56158447265625,0.11492919921875,-0.8155517578125,0.0789794921875,0.66729736328125,-0.03448486328125,-0.7410888671875,-0.06475830078125,0.445068359375,0.02142333984375,-0.89447021484375,-0.03582763671875
234,0.7056884765625,-0.68670654296875,-0.1727294921875,-0.02337646484375,0.92645263671875,0.1591796875,-0.1817626953125,-0.2884521484375,0.2403564453125,0.19488525390625,-0.94635009765625,-0.0924072265625,0.56146240234375,0.11505126953125,-0.81561279296875,0.07916259765625,0.667236328125,-0.03436279296875,-0.7412109375,-0.0645751953125,0.4449462890625,0.021484375,-0.89453125,-0.03570556640625
235,0.7056884765625,-0.68670654296875,-0.1727294921875,-0.02337646484375,0.92645263671875,0.1591796875,-0.1817626953125,-0.2884521484375,0.2403564453125,0.19488525390625,-0.94635009765625,-0.0927734375,0.56146240234375,0.11492919921875,-0.81561279296875,0.0787353515625,0.667236328125,-0.0345458984375,-0.74114990234375,-0.0648193359375,0.44500732421875,0.02130126953125,-0.89453125,-0.03594970703125
236,0.7059326171875,-0.6864013671875,-0.1728515625,-0.02349853515625,0.926513671875,0.15936279296875,-0.18157958984375,-0.28826904296875,0.24041748046875,0.19500732421875,-0.94635009765625,-0.09234619140625,0.56146240234375,0.11492919921875,-0.81561279296875,0.07916259765625,0.66717529296875,-0.03460693359375,-0.7412109375,-0.06439208984375,0.44500732421875,0.0213623046875,-0.89453125,-0.0355224609375
237,0.7059326171875,-0.6864013671875,-0.1728515625,-0.02349853515625,0.926513671875,0.15936279296875,-0.18157958984375,-0.28826904296875,0.24041748046875,0.19482421875,-0.94635009765625,-0.0926513671875,0.56146240234375,0.11468505859375,-0.81561279296875,0.07904052734375,0.66717529296875,-0.03485107421875,-0.7412109375,-0.0645751953125,0.44500732421875,0.0211181640625,-0.89453125,-0.03564453125
238,0.7059326171875,-0.68634033203125,-0.17291259765625,-0.023681640625,0.92645263671875,0.1591796875,-0.1817626953125,-0.2884521484375,0.2403564453125,0.19500732421875,-0.94635009765625,-0.09259033203125,0.5614013671875,0.11480712890625,-0.815673828125,0.07916259765625,0.6671142578125,-0.03472900390625,-0.74127197265625,-0.064453125,0.4449462890625,0.02130126953125,-0.89459228515625,-0.03558349609375
239,0.7059326171875,-0.68634033203125,-0.17291259765625,-0.023681640625,0.92645263671875,0.1591796875,-0.1817626953125,-0.2884521484375,0.240478515625,0.1949462890625,-0.9462890625,-0.09271240234375,0.5615234375,0.11468505859375,-0.81561279296875,0.07904052734375,0.66717529296875,-0.034912109375,-0.7412109375,-0.06451416015625,0.44500732421875,0.02117919921875,-0.89453125,-0.03570556640625
240,0.70611572265625,-0.68621826171875,-0.1728515625,-0.02386474609375,0.92645263671875,0.15924072265625,-0.18170166015625,-0.288330078125,0.24029541015625,0.19500732421875,-0.94635009765625,-0.09246826171875,0.56134033203125,0.11468505859375,-0.815673828125,0.07928466796875,0.66705322265625,-0.03497314453125,-0.74139404296875,-0.0643310546875,0.44482421875,0.02117919921875,-0.89459228515625,-0.0355224609375
241,0.70611572265625,-0.68621826171875,-0.1728515625,-0.02386474609375,0.92645263671875,0.15924072265625,-0.18170166015625,-0.288330078125,0.24072265625,0.19512939453125,-0.9461669921875,-0.0927734375,0.5616455078125,0.11468505859375,-0.81549072265625,0.07904052734375,0.66729736328125,-0.03509521484375,-0.7410888671875,-0.0645751953125,0.4451904296875,0.02117919921875,-0.8944091796875,-0.03582763671875
242,0.70635986328125,-0.68603515625,-0.1724853515625,-0.0240478515625,0.926513671875,0.15960693359375,-0.18145751953125,-0.28814697265625,0.2403564453125,0.195068359375,-0.94635009765625,-0.09246826171875,0.56134033203125,0.11444091796875,-0.81573486328125,0.07928466796875,0.6669921875,-0.03533935546875,-0.74139404296875,-0.064453125,0.44476318359375,0.02099609375,-0.8946533203125,-0.03558349609375
243,0.70635986328125,-0.68603515625,-0.1724853515625,-0.0240478515625,0.926513671875,0.15960693359375,-0.18145751953125,-0.28814697265625,0.2413330078125,0.1951904296875,-0.946044921875,-0.0927734375,0.56201171875,0.114501953125,-0.8153076171875,0.07891845703125,0.66754150390625,-0.0355224609375,-0.74078369140625,-0.06488037109375,0.44549560546875,0.0208740234375,-0.894287109375,-0.0360107421875
244,0.70672607421875,-0.685791015625,-0.17181396484375,-0.0244140625,0.92657470703125,0.16015625,-0.18109130859375,-0.2879638671875,0.2406005859375,0.19500732421875,-0.9462890625,-0.09234619140625,0.5614013671875,0.1141357421875,-0.81573486328125,0.0792236328125,0.66693115234375,-0.03582763671875,-0.7413330078125,-0.06475830078125,0.44482421875,0.0206298828125,-0.8946533203125,-0.0357666015625
245,0.70672607421875,-0.685791015625,-0.17181396484375,-0.0244140625,0.92657470703125,0.16015625,-0.18109130859375,-0.2879638671875,0.24169921875,0.1951904296875,-0.94586181640625,-0.09307861328125,0.562255859375,0.1141357421875,-0.815185546875,0.07861328125,0.66766357421875,-0.03631591796875,-0.74066162109375,-0.06536865234375,0.44573974609375,0.0203857421875,-0.8941650390625,-0.03643798828125
246,0.707275390625,-0.68536376953125,-0.17120361328125,-0.02496337890625,0.92645263671875,0.16015625,-0.18115234375,-0.2882080078125,0.240966796875,0.1951904296875,-0.9461669921875,-0.09234619140625,0.56158447265625,0.11376953125,-0.815673828125,0.0792236328125,0.6669921875,-0.03656005859375,-0.74127197265625,-0.06494140625,0.44488525390625,0.02020263671875,-0.89459228515625,-0.035888671875
247,0.707275390625,-0.68536376953125,-0.17120361328125,-0.02496337890625,0.92645263671875,0.16015625,-0.18115234375,-0.2882080078125,0.24176025390625,0.19537353515625,-0.94586181640625,-0.093017578125,0.56231689453125,0.11383056640625,-0.81524658203125,0.0784912109375,0.6676025390625,-0.0369873046875,-0.74066162109375,-0.06549072265625,0.44573974609375,0.0198974609375,-0.8941650390625,-0.0364990234375
248,0.707763671875,-0.68499755859375,-0.17071533203125,-0.02545166015625,0.9263916015625,0.16015625,-0.18121337890625,-0.2884521484375,0.24114990234375,0.19537353515625,-0.946044921875,-0.0924072265625,0.56170654296875,0.113525390625,-0.81561279296875,0.07904052734375,0.6669921875,-0.0372314453125,-0.7412109375,-0.06512451171875,0.445068359375,0.01971435546875,-0.89453125,-0.0360107421875
249,0.707763671875,-0.68499755859375,-0.17071533203125,-0.02545166015625,0.9263916015625,0.16015625,-0.18121337890625,-0.2884521484375,0.241455078125,0.195556640625,-0.94586181640625,-0.0931396484375,0.5621337890625,0.113525390625,-0.8154296875,0.0782470703125,0.6673583984375,-0.0374755859375,-0.7408447265625,-0.06585693359375,0.445556640625,0.01947021484375,-0.89422607421875,-0.0367431640625
250,0.70831298828125,-0.68438720703125,-0.1705322265625,-0.02593994140625,0.92633056640625,0.1602783203125,-0.1812744140625,-0.28863525390625,0.2410888671875,0.19573974609375,-0.946044921875,-0.09228515625,0.56170654296875,0.11334228515625,-0.815673828125,0.07904052734375,0.66693115234375,-0.03765869140625,-0.74127197265625,-0.06512451171875,0.445068359375,0.0194091796875,-0.89453125,-0.03594970703125
251,0.70831298828125,-0.68438720703125,-0.1705322265625,-0.02593994140625,0.92633056640625,0.1602783203125,-0.1812744140625,-0.28863525390625,0.2412109375,0.19580078125,-0.9459228515625,-0.09307861328125,0.56201171875,0.1131591796875,-0.8155517578125,0.0782470703125,0.6671142578125,-0.03814697265625,-0.740966796875,-0.06561279296875,0.4454345703125,0.0189208984375,-0.89434814453125,-0.03656005859375
252,0.708740234375,-0.6839599609375,-0.17059326171875,-0.02642822265625,0.9263407729541179,0.16031383909908026,-0.18119827321540552,-0.2886452563231605,0.240966796875,0.1961669921875,-0.9459228515625,-0.0924072265625,0.56170654296875,0.11322021484375,-0.815673828125,0.07891845703125,0.6668701171875,-0.03814697265625,-0.74127197265625,-0.06494140625,0.44512939453125,0.01910400390625,-0.89447021484375,-0.035888671875
253,0.708740234375,-0.6839599609375,-0.17059326171875,-0.02642822265625,0.92633056640625,0.16033935546875,-0.18115234375,-0.2886962890625,0.2413330078125,0.19586181640625,-0.94586181640625,-0.093017578125,0.5621337890625,0.11285400390625,-0.81549072265625,0.07843017578125,0.6671048677884616,-0.038616473858173114,-0.7410372220552884,-0.06527005709134619,0.445556640625,0.0185546875,-0.894287109375,-0.0362548828125
254,0.70904541015625,-0.68365478515625,-0.17047119140625,-0.027099609375,0.9263156648463629,0.16031628867056857,-0.18142098008988292,-0.2885646245950042,0.2408447265625,0.1962890625,-0.9459228515625,-0.092529296875,0.56158447265625,0.11297607421875,-0.8157958984375,0.0789794921875,0.666748046875,-0.03863525390625,-0.74139404296875,-0.06488037109375,0.44500732421875,0.01885986328125,-0.89453125,-0.03582763671875
255,0.70904541015625,-0.68365478515625,-0.17047119140625,-0.027099609375,0.92626953125,0.16033935546875,-0.18121337890625,-0.288818359375,0.2412109375,0.19598388671875,-0.94586181640625,-0.09326171875,0.56201171875,0.11248779296875,-0.815673828125,0.078369140625,0.66693115234375,-0.039306640625,-0.74114990234375,-0.0653076171875,0.4454345703125,0.01824951171875,-0.89434814453125,-0.03619384765625
256,0.70941162109375,-0.6832275390625,-0.17047119140625,-0.0277099609375,0.9263315870610368,0.16027627900292646,-0.1815416214856814,-0.2884480658183529,0.2408447265625,0.1964111328125,-0.9459228515625,-0.0926513671875,0.56158447265625,0.11260986328125,-0.81585693359375,0.0791015625,0.66656494140625,-0.0391845703125,-0.74151611328125,-0.06463623046875,0.44500732421875,0.01849365234375,-0.89459228515625,-0.03558349609375
257,0.70941162109375,-0.6832275390625,-0.17047119140625,-0.0277099609375,0.92620849609375,0.1605224609375,-0.18121337890625,-0.2889404296875,0.24127197265625,0.1962890625,-0.94573974609375,-0.0933837890625,0.56195068359375,0.1123046875,-0.815673828125,0.0784912109375,0.66680908203125,-0.039794921875,-0.74127197265625,-0.0650634765625,0.44537353515625,0.0179443359375,-0.8944091796875,-0.03607177734375
258,0.70977783203125,-0.682861328125,-0.1702880859375,-0.0281982421875,0.9261474609375,0.16058349609375,-0.18121337890625,-0.2889404296875,0.2408447265625,0.19647216796875,-0.94586181640625,-0.09283447265625,0.56158447265625,0.11224365234375,-0.81591796875,0.07904052734375,0.66644287109375,-0.03985595703125,-0.74163818359375,-0.06463623046875,0.4449462890625,0.01806640625,-0.8946533203125,-0.03558349609375
259,0.70977783203125,-0.682861328125,-0.1702880859375,-0.0281982421875,0.9261474609375,0.16058349609375,-0.18121337890625,-0.2889404296875,0.241169294784699,0.19636397856135032,-0.9457536269988503,-0.0932672302858487,0.56201171875,0.1119384765625,-0.815673828125,0.07861328125,0.6666592499085493,-0.04018052525344902,-0.7414218047789507,-0.0647985145798495,0.445270857284699,0.01774183802780098,-0.8944369414977007,-0.03585396961224918
260,0.70989990234375,-0.68280029296875,-0.17010498046875,-0.02862548828125,0.926102347995924,0.16070556640625,-0.18144425101902173,-0.28896696671195654,0.2408447265625,0.196533203125,-0.94580078125,-0.0931396484375,0.5616455078125,0.112060546875,-0.81591796875,0.07879638671875,0.6663818359375,-0.04010009765625,-0.74169921875,-0.064697265625,0.44488525390625,0.01788330078125,-0.8946533203125,-0.0357666015625
261,0.70989990234375,-0.68280029296875,-0.17010498046875,-0.02862548828125,0.92608642578125,0.16070556640625,-0.181396484375,-0.2890625,0.24102783203125,0.1964111328125,-0.94580078125,-0.09344482421875,0.56170654296875,0.11181640625,-0.81591796875,0.07855224609375,0.6663818359375,-0.040208491194607024,-0.7416630875705477,-0.06476952798390469,0.44500732421875,0.0177001953125,-0.89459228515625,-0.03582763671875
262,0.7099609375,-0.6827392578125,-0.17010498046875,-0.0286865234375,0.92608642578125,0.1606173818326714,-0.1814846689485786,-0.2890286142610786,0.240966796875,0.1964111328125,-0.94580078125,-0.09332275390625,0.56170654296875,0.11181640625,-0.81591796875,0.07867431640625,0.66632080078125,-0.040283203125,-0.74169921875,-0.064697265625,0.4449462890625,0.0177001953125,-0.89459228515625,-0.0357666015625
263,0.7099609375,-0.6827392578125,-0.17010498046875,-0.0286865234375,0.92608642578125,0.16058349609375,-0.1815185546875,-0.2890625,0.24072265625,0.1964111328125,-0.94586181640625,-0.0933837890625,0.56158447265625,0.11181640625,-0.8160400390625,0.07861328125,0.66619873046875,-0.04022216796875,-0.7418212890625,-0.064697265625,0.44476318359375,0.0177001953125,-0.89471435546875,-0.03570556640625
264,0.70989990234375,-0.6827392578125,-0.17034912109375,-0.0286865234375,0.9261382750444189,0.1605559384145067,-0.18138137868415552,-0.2889588014736622,0.24090576171875,0.19659423828125,-0.94580078125,-0.0933837890625,0.56170654296875,0.1119384765625,-0.81591796875,0.07867431640625,0.66632080078125,-0.04010009765625,-0.74169921875,-0.0645751953125,0.4449462890625,0.01788330078125,-0.89459228515625,-0.03564453125
265,0.70989990234375,-0.6827392578125,-0.17034912109375,-0.0286865234375,0.92608642578125,0.160400390625,-0.181640625,-0.2890625,0.24078369140625,0.19659423828125,-0.94586181640625,-0.09326171875,0.5615234375,0.11199951171875,-0.81597900390625,0.07879638671875,0.66632080078125,-0.03997802734375,-0.74169921875,-0.06451416015625,0.44488525390625,0.0179443359375,-0.8946533203125,-0.03558349609375
266,0.7098388671875,-0.68280029296875,-0.17034912109375,-0.0286865234375,0.92608642578125,0.16040916825616638,-0.18163184736883362,-0.28912353515625,0.24072265625,0.19659423828125,-0.94580078125,-0.09332275390625,0.5615234375,0.112060546875,-0.81597900390625,0.0787353515625,0.66632080078125,-0.03997802734375,-0.74169921875,-0.0645751953125,0.44488525390625,0.0179443359375,-0.8946533203125,-0.03564453125
267,0.7098388671875,-0.68280029296875,-0.17034912109375,-0.0286865234375,0.92608642578125,0.160400390625,-0.181640625,-0.28912353515625,0.24102783203125,0.19647216796875,-0.94580078125,-0.09332275390625,0.56170654296875,0.1119384765625,-0.81591796875,0.078857421875,0.6664506280701296,-0.040021303106709864,-0.7416126672240803,-0.06453191954954013,0.44512939453125,0.0179443359375,-0.89453125,-0.03564453125
268,0.7098388671875,-0.68280029296875,-0.170166015625,-0.02874755859375,0.9260939786266722,0.1605986017845945,-0.18152263730664714,-0.2889863591529055,0.2408447265625,0.1964111328125,-0.94586181640625,-0.09332275390625,0.5615234375,0.11187744140625,-0.81597900390625,0.07879638671875,0.6663818359375,-0.04010009765625,-0.74169921875,-0.0645751953125,0.44500732421875,0.01788330078125,-0.89459228515625,-0.03570556640625
269,0.7098388671875,-0.68280029296875,-0.170166015625,-0.02874755859375,0.9261474609375,0.16070556640625,-0.18133544921875,-0.28887939453125,0.24114990234375,0.19659423828125,-0.94573974609375,-0.09332275390625,0.56182861328125,0.1119384765625,-0.8157958984375,0.07867431640625,0.6664830848923495,-0.04010009765625,-0.7415726575564381,-0.0645751953125,0.4453125,0.01788330078125,-0.89447021484375,-0.03570556640625
270,0.7098388671875,-0.682861328125,-0.169921875,-0.02880859375,0.9261354172110159,0.16083192346885453,-0.18142057182796822,-0.28880978587479095,0.24090576171875,0.196533203125,-0.94580078125,-0.0933837890625,0.5617108297188546,0.11184906720317726,-0.8159136819998954,0.07866227267976589,0.66650390625,-0.0401611328125,-0.7415771484375,-0.06475830078125,0.445068359375,0.017822265625,-0.89453125,-0.03582763671875
271,0.7098241697585702,-0.6828907229828596,-0.1698704339987458,-0.028815942464464887,0.9262474851066054,0.16104748575982444,-0.18118173860785955,-0.2884888920098244,0.2412278803694607,0.19657219213785534,-0.9457470948082148,-0.09323742716607443,0.5618602535796404,0.11192377913357023,-0.8157642581391096,0.07875229443196069,0.6667796871733904,-0.03997802734375,-0.7412940187996446,-0.0646266363137542,0.4454588618964256,0.01792963850857023,-0.8943628419601798,-0.035695972251254204
272,0.709716796875,-0.68310546875,-0.16949462890625,-0.02886962890625,0.92608642578125,0.16131591796875,-0.181396484375,-0.28875732421875,0.24090576171875,0.1964111328125,-0.94580078125,-0.093505859375,0.5616455078125,0.11181640625,-0.81597900390625,0.07843017578125,0.66656494140625,-0.03997802734375,-0.741455078125,-0.06500244140625,0.4451904296875,0.017822265625,-0.89447021484375,-0.03607177734375
273,0.709716796875,-0.68310546875,-0.16949462890625,-0.02886962890625,0.9263916015625,0.161376953125,-0.180908203125,-0.2880859375,0.2412109375,0.1966552734375,-0.94573974609375,-0.0931396484375,0.56195068359375,0.1121826171875,-0.815673828125,0.07867431640625,0.6669683041779891,-0.03982676630434783,-0.7411525560461957,-0.06485118036684782,0.44564421280570654,0.017973526664402172,-0.8942685334578805,-0.03592051630434783
274,0.7095947265625,-0.683349609375,-0.1689453125,-0.02899169921875,0.9263132152748745,0.16145309397209448,-0.1811086597251254,-0.2881228852032818,0.24072265625,0.1964111328125,-0.94586181640625,-0.09344482421875,0.5618331041623119,0.11222630121237459,-0.8157718109845318,0.07847385980612459,0.66668701171875,-0.039794921875,-0.7413330078125,-0.0653076171875,0.4453125,0.01788330078125,-0.8944091796875,-0.03631591796875
275,0.7095947265625,-0.683349609375,-0.1689453125,-0.02899169921875,0.9263916015625,0.16131591796875,-0.1810302734375,-0.28802490234375,0.24114990234375,0.19659423828125,-0.94573974609375,-0.09307861328125,0.56195068359375,0.1123046875,-0.815673828125,0.07855224609375,0.6669466662965092,-0.0396975514083403,-0.7411058100569607,-0.0651777898986204,0.4459228515625,0.01800537109375,-0.89410400390625,-0.0361328125
276,0.70947265625,-0.68359375,-0.16845703125,-0.02911376953125,0.9262178861177884,0.16154127854567307,-0.1813025841346154,-0.28817514272836536,0.24066162109375,0.1964111328125,-0.94586181640625,-0.09332275390625,0.5617863581730769,0.11220609224759616,-0.8158240685096154,0.07825646033653846,0.6668701171875,-0.03961181640625,-0.74114990234375,-0.06549072265625,0.445556640625,0.01788330078125,-0.894287109375,-0.0364990234375
277,0.70947265625,-0.68359375,-0.16845703125,-0.02911376953125,0.92633056640625,0.16131591796875,-0.18115234375,-0.28802490234375,0.240966796875,0.1964111328125,-0.94580078125,-0.0931396484375,0.56201171875,0.11224365234375,-0.815673828125,0.078369140625,0.666942583677362,-0.03961181640625,-0.7410919291518604,-0.06543274946436037,0.44586181640625,0.017822265625,-0.8941650390625,-0.03619384765625
278,0.7093505859375,-0.6837158203125,-0.1683349609375,-0.029296875,0.92626953125,0.16153801245035534,-0.18121337890625,-0.2880359254154473,0.24078369140625,0.196533203125,-0.94586181640625,-0.09326171875,0.5618396363529473,0.11236572265625,-0.8157848753658027,0.07826360492004598,0.66705322265625,-0.03948974609375,-0.74102783203125,-0.0654296875,0.4456787109375,0.0179443359375,-0.89422607421875,-0.036376953125
279,0.7093505859375,-0.6837158203125,-0.1683349609375,-0.029296875,0.92626953125,0.16131591796875,-0.18121337890625,-0.28814697265625,0.24078369140625,0.1962890625,-0.9459228515625,-0.0931396484375,0.56195068359375,0.11236572265625,-0.815673828125,0.07843017578125,0.6671107875862249,-0.03954731102372491,-0.74102783203125,-0.06514186285012542,0.44585140572742477,0.017771641147575255,-0.8941685092887751,-0.036204258335075255
280,0.70928955078125,-0.683837890625,-0.1683349609375,-0.02935791015625,0.92626953125,0.16143798828125,-0.18115234375,-0.28814697265625,0.24072265625,0.19635009765625,-0.9459228515625,-0.09326171875,0.5618896484375,0.11223242514109531,-0.81573486328125,0.07846630696070235,0.66705322265625,-0.0394287109375,-0.74102783203125,-0.065185546875,0.44580078125,0.01788330078125,-0.8941650390625,-0.03631591796875
281,0.70928955078125,-0.683837890625,-0.1683349609375,-0.02935791015625,0.92626953125,0.16131591796875,-0.18115234375,-0.288330078125,0.24072265625,0.19598388671875,-0.94598388671875,-0.0931396484375,0.5618896484375,0.1121826171875,-0.81573486328125,0.0784912109375,0.6670136212505225,-0.039468312343227424,-0.7410674334369775,-0.0650271412520903,0.44576117984427255,0.01780409796979515,-0.8942046404682275,-0.03611791094011287
282,0.70904541015625,-0.68402099609375,-0.1685791015625,-0.0294189453125,0.92626953125,0.16146819966293896,-0.18100026618676843,-0.2882384233251463,0.2408447265625,0.19622802734375,-0.94586181640625,-0.09344482421875,0.5618894443065426,0.11245696919418895,-0.8157350674122074,0.0784918233303721,0.66717529296875,-0.0391845703125,-0.740966796875,-0.06500244140625,0.44586181640625,0.01806640625,-0.89410400390625,-0.03619384765625
283,0.70904541015625,-0.68402099609375,-0.1685791015625,-0.0294189453125,0.92626953125,0.161376953125,-0.18115234375,-0.2882080078125,0.2406005859375,0.19580078125,-0.946044921875,-0.0931396484375,0.56182861328125,0.11236572265625,-0.8157958984375,0.07867431640625,0.6671103793243102,-0.039206208193979936,-0.7410533484009197,-0.0648293383544105,0.44573974609375,0.01800537109375,-0.89422607421875,-0.0357666015625
284,0.708740234375,-0.68426513671875,-0.1688232421875,-0.0294189453125,0.9262821873693562,0.16159353607075663,-0.18084941340928096,-0.2881953516931438,0.24069734401128762,0.19590795000261282,-0.9459608199205686,-0.09342992265886284,0.56182861328125,0.11236572265625,-0.81573486328125,0.07891845703125,0.66717529296875,-0.03887939453125,-0.74102783203125,-0.064697265625,0.4459228515625,0.018310546875,-0.89410400390625,-0.0360107421875
285,0.7087181882316054,-0.6842835085049123,-0.16883426525919734,-0.029415270955267553,0.92633056640625,0.16127692895589468,-0.18106926245035532,-0.2881506470134824,0.2406079346519649,0.1956250244957149,-0.9460986083167852,-0.09316536893812712,0.5618359619957148,0.11238409444241224,-0.8157275145667852,0.07889273653062288,0.6671789673259825,-0.038857348387855324,-0.7410241576740175,-0.0646899169105351,0.4458118043216973,0.018264209147679785,-0.8941576903480352,-0.035727612549644676
286,0.7083740234375,-0.6845703125,-0.16900634765625,-0.02935791015625,0.92633056640625,0.16162109375,-0.18072509765625,-0.2882080078125,0.24072265625,0.19573974609375,-0.94598388671875,-0.09356689453125,0.561783500339674,0.1126151706861413,-0.8157242484714674,0.07876984969429349,0.667236328125,-0.03851318359375,-0.740966796875,-0.0645751953125,0.44598388671875,0.01849365234375,-0.89404296875,-0.03607177734375
287,0.7083740234375,-0.6845703125,-0.16900634765625,-0.02935791015625,0.92633056640625,0.16143798828125,-0.1810302734375,-0.2880859375,0.240478515625,0.1956787109375,-0.94610595703125,-0.0933837890625,0.561767578125,0.11260986328125,-0.81573486328125,0.07879638671875,0.6671428361465301,-0.03846643760451504,-0.7411070348427049,-0.06448170333403008,0.4458903947402801,0.018540398332984955,-0.8941364607284699,-0.03597828536528009
288,0.7083740234375,-0.68463134765625,-0.1690673828125,-0.0291748046875,0.92633056640625,0.16143798828125,-0.18084716796875,-0.2882080078125,0.24066162109375,0.195556640625,-0.946044921875,-0.09344482421875,0.5618373909124164,0.11262435657922241,-0.8156883214229724,0.07874984486047241,0.667236328125,-0.03851318359375,-0.74102783203125,-0.06451416015625,0.44598388671875,0.0184326171875,-0.89410400390625,-0.0360107421875
289,0.7083740234375,-0.68463134765625,-0.1690673828125,-0.0291748046875,0.92633056640625,0.161376953125,-0.1810302734375,-0.2882080078125,0.24053955078125,0.19561767578125,-0.94610595703125,-0.09332275390625,0.561767578125,0.1126708984375,-0.81573486328125,0.07879638671875,0.6671787631950251,-0.03842683619878762,-0.7410566144962375,-0.06445659522627507,0.44580078125,0.0186767578125,-0.8941650390625,-0.03582763671875
290,0.708251953125,-0.6846923828125,-0.1690673828125,-0.02899169921875,0.9262893319528637,0.16135878546979512,-0.18090657007734115,-0.28831191046979515,0.2406005859375,0.19549560546875,-0.946044921875,-0.093505859375,0.561767578125,0.1126708984375,-0.81573486328125,0.078857421875,0.667236328125,-0.038330078125,-0.740966796875,-0.0645751953125,0.4459228515625,0.0185546875,-0.89410400390625,-0.0360107421875
291,0.7082194963027801,-0.6847248396347199,-0.16907820175323998,-0.028959242396530086,0.92633056640625,0.16121548553772994,-0.18098699767454013,-0.28816861053772996,0.24050015350647994,0.19554582168426002,-0.94609513809051,-0.09325477829744985,0.5617892160064799,0.11268171737823997,-0.81572404434051,0.07880332717130015,0.66724714706574,-0.03827598342130015,-0.740966796875,-0.0645751953125,0.4458332380722199,0.01884904434051003,-0.89415422012176,-0.035809877325459885
292,0.70806884765625,-0.68487548828125,-0.16912841796875,-0.02880859375,0.9263324035848662,0.16131224361151755,-0.1807953187055811,-0.28826353143290134,0.24059507440165134,0.19549560546875,-0.9460485962322325,-0.09349667348191888,0.56170654296875,0.11279296875,-0.81573486328125,0.078857421875,0.66729736328125,-0.03802490234375,-0.740966796875,-0.0645751953125,0.44598388671875,0.018798828125,-0.89410400390625,-0.0360107421875
293,0.70806884765625,-0.68487548828125,-0.16912841796875,-0.02880859375,0.9263916015625,0.16119384765625,-0.18109130859375,-0.2880859375,0.24041748046875,0.19549560546875,-0.9461669921875,-0.09320068359375,0.56170654296875,0.11279296875,-0.81573486328125,0.078857421875,0.66729736328125,-0.03802490234375,-0.740966796875,-0.0645751953125,0.445876105573265,0.018798828125,-0.8941578944789925,-0.035741289323787596
294,0.70794677734375,-0.68505859375,-0.169189453125,-0.0286865234375,0.92633056640625,0.16109137391565634,-0.18099802074623747,-0.2882080078125,0.24053955078125,0.19549560546875,-0.94610595703125,-0.09344482421875,0.561767578125,0.11279296875,-0.815673828125,0.07891845703125,0.6673583984375,-0.03790283203125,-0.74090576171875,-0.064453125,0.44598388671875,0.01885986328125,-0.89404296875,-0.035888671875
295,0.70794677734375,-0.68505859375,-0.169189453125,-0.0286865234375,0.92633056640625,0.1610107421875,-0.1810302734375,-0.2882080078125,0.240478515625,0.1953125,-0.9461669921875,-0.09320068359375,0.561767578125,0.11279296875,-0.815673828125,0.07891845703125,0.667322471389005,-0.03790283203125,-0.74097761581574,-0.06427348975752507,0.44598388671875,0.018823936232755016,-0.894078895798495,-0.035709036632525074
296,0.70770263671875,-0.68524169921875,-0.16925048828125,-0.0286865234375,0.9263036211198787,0.1610662658079013,-0.18100883968697745,-0.28829598825512126,0.24040482434939378,0.195326789167015,-0.9461867928903638,-0.09337113294314378,0.56170654296875,0.11285400390625,-0.81573486328125,0.07904052734375,0.6673583984375,-0.0377197265625,-0.74090576171875,-0.0643310546875,0.446044921875,0.0189208984375,-0.89404296875,-0.03582763671875
297,0.7076487461460075,-0.6852955897914925,-0.16934030590248747,-0.028668559913252505,0.9262874947742475,0.1608815272914925,-0.181105597760765,-0.288330078125,0.24030622909698998,0.1952443202602425,-0.946253135451505,-0.09327253769073998,0.5617604335414925,0.11294382152748748,-0.8156809727085075,0.0789866367710075,0.6673763619617475,-0.03762990894126252,-0.74090576171875,-0.06425920059051002,0.44587263534699,0.01899275253448998,-0.894129112014005,-0.03549735282974499
298,0.70751953125,-0.6854248046875,-0.1695556640625,-0.02862548828125,0.9263395481683737,0.16096583337688125,-0.1809010585414925,-0.2883121146007525,0.2404246250522575,0.19534658986987877,-0.9461849557117475,-0.0933909336460075,0.56170654296875,0.113037109375,-0.815673828125,0.0792236328125,0.66741943359375,-0.03741455078125,-0.74090576171875,-0.0640869140625,0.446044921875,0.0191650390625,-0.89404296875,-0.03558349609375
299,0.70751953125,-0.6854248046875,-0.1695556640625,-0.02862548828125,0.9263916015625,0.16070556640625,-0.18121337890625,-0.2882080078125,0.2401123046875,0.1951904296875,-0.9462890625,-0.09307861328125,0.56170654296875,0.113037109375,-0.815673828125,0.0792236328125,0.66741943359375,-0.03741455078125,-0.74090576171875,-0.0640869140625,0.44586181640625,0.01904296875,-0.8941650390625,-0.03521728515625
