timestep,imu0_w,imu0_x,imu0_y,imu0_z,imu1_w,imu1_x,imu1_y,imu1_z,imu2_w,imu2_x,imu2_y,imu2_z,imu3_w,imu3_x,imu3_y,imu3_z,imu4_w,imu4_x,imu4_y,imu4_z,imu5_w,imu5_x,imu5_y,imu5_z
0,0.1697998046875,-0.97442626953125,-0.14556884765625,-0.02069091796875,0.93695068359375,0.27294921875,-0.13525390625,-0.17108154296875,-0.15570068359375,-0.06884765625,0.95611572265625,-0.23828125,0.29083251953125,0.28826904296875,-0.83258056640625,0.3729248046875,0.32684326171875,0.56134033203125,-0.7286376953125,0.216796875,0.273193359375,0.4312744140625,-0.8570556640625,0.06878662109375
1,0.1697998046875,-0.97442626953125,-0.14556884765625,-0.02069091796875,0.93682861328125,0.2734375,-0.1358642578125,-0.17047119140625,-0.15538836322899247,-0.06874354946174749,0.95611572265625,-0.23854151697063128,0.29119873046875,0.2886962890625,-0.83251953125,0.37237548828125,0.32708740234375,0.56170654296875,-0.7283935546875,0.21636962890625,0.273193359375,0.4312744140625,-0.8570556640625,0.06878662109375
2,0.16967058979149247,-0.97442626953125,-0.14578420581626253,-0.020303273280727424,0.9368716849132525,0.2734805716320025,-0.1358211861804975,-0.17025583324623747,-0.15567904571227006,-0.06898401572951506,0.956029579392245,-0.2385433541492475,0.29158637515677255,0.2893423635425376,-0.8322180298259825,0.37224627338524247,0.32734583213576507,0.5619219011287625,-0.7281781965274875,0.21615427074623747,0.27362407569502506,0.4315759154865176,-0.8567541626384825,0.06870047782974498
3,0.16961669921875,-0.97442626953125,-0.1458740234375,-0.0201416015625,0.9368896484375,0.27349853515625,-0.13580322265625,-0.170166015625,-0.15521240234375,-0.0689697265625,0.95599365234375,-0.23895263671875,0.291748046875,0.28961181640625,-0.83209228515625,0.3721923828125,0.3275146484375,0.562255859375,-0.72784423828125,0.21600341796875,0.2738037109375,0.43170166015625,-0.85662841796875,0.06866455078125
4,0.16961669921875,-0.974401161423495,-0.1459995639762751,-0.019940736700459864,0.9368143241142349,0.2736491838027801,-0.1359789794105351,-0.170166015625,-0.1553881590980351,-0.06909526710127509,0.95594343612824,-0.23900285293426005,0.29182337119826507,0.2899633299148202,-0.832067177048495,0.3719161936271948,0.3276652970840301,0.5623562918060201,-0.7277186977424749,0.21595320175323995,0.27387903526076507,0.43192763312604515,-0.8565279855377299,0.06843857781145485
5,0.16961669921875,-0.974365234375,-0.14617919921875,-0.0196533203125,0.93670654296875,0.27386474609375,-0.13623046875,-0.170166015625,-0.15460205078125,-0.06927490234375,0.95611572265625,-0.23883056640625,0.29193115234375,0.29046630859375,-0.83203125,0.37152099609375,0.3277587890625,0.56304931640625,-0.72747802734375,0.21490478515625,0.27398681640625,0.4322509765625,-0.85638427734375,0.068115234375
6,0.17034912109375,-0.97418212890625,-0.14654541015625,-0.01873779296875,0.9370298864052049,0.2730635320861204,-0.13567339536737041,-0.1700153669784699,-0.15545654296875,-0.06951904296875,0.95574951171875,-0.2396240234375,0.2928142228652801,0.29078189505382523,-0.8314494767715301,0.3719274208298495,0.32879638671875,0.5631103515625,-0.7269287109375,0.21514892578125,0.275146484375,0.432373046875,-0.85595703125,0.06756591796875
7,0.17034912109375,-0.97418212890625,-0.14654541015625,-0.01873779296875,0.93670654296875,0.27392578125,-0.13653564453125,-0.1697998046875,-0.15498295914767976,-0.06957824094638378,0.9559863036292852,-0.239091241638796,0.29302978515625,0.29132080078125,-0.8316650390625,0.370849609375,0.32928466796875,0.56341552734375,-0.726806640625,0.21380615234375,0.275146484375,0.432373046875,-0.85595703125,0.06756591796875
8,0.17075085081783026,-0.9740816964752299,-0.14679649123380017,-0.017984549736099496,0.9369576240463001,0.2733231866638796,-0.13593304994512959,-0.1697998046875,-0.15567128873589048,-0.06983115920255016,0.9557425712661999,-0.23957686918635032,0.2937328121733905,0.29152166564329013,-0.8312130931229097,0.3711006904525502,0.3300881274169105,0.5635159597747701,-0.7264049109009197,0.21385636855926005,0.2758997276076505,0.43242326309051005,-0.8557561663879598,0.06701353959813963
9,0.17083740234375,-0.97406005859375,-0.1468505859375,-0.017822265625,0.93682861328125,0.27374267578125,-0.1363525390625,-0.16937255859375,-0.15557534718593227,-0.06988525390625,0.9556884765625,-0.23972629304713627,0.29412841796875,0.291748046875,-0.83123779296875,0.37054443359375,0.3304443359375,0.56365966796875,-0.726318359375,0.21307373046875,0.27606201171875,0.43243408203125,-0.855712890625,0.06689453125
10,0.17074064426996238,-0.9740923112850125,-0.14697959670255017,-0.01753199140363712,0.9368931186637751,0.27374267578125,-0.1360300121498746,-0.16937255859375,-0.15574681719011288,-0.0700465173625627,0.9556562238712375,-0.2396815883674749,0.2943541868075878,0.2919738157138378,-0.8311410348949624,0.3704154228286998,0.33063785208507523,0.5638209314250627,-0.7261893486099499,0.21288021432117474,0.2761910224838002,0.4325308401050376,-0.8556483852424749,0.06663650971989966
11,0.170654296875,-0.97412109375,-0.1470947265625,-0.01727294921875,0.93695068359375,0.27374267578125,-0.13616943359375,-0.1689453125,-0.15607567216241638,-0.0701904296875,0.9555576286188336,-0.23981019087061037,0.2945556640625,0.29217529296875,-0.8310546875,0.37030029296875,0.33062744140625,0.56396484375,-0.7261962890625,0.21258544921875,0.27630615234375,0.4326171875,-0.8555908203125,0.06640625
12,0.170166015625,-0.97412109375,-0.1473388671875,-0.01702880859375,0.9369649727607651,0.27403744088367477,-0.13575647666701504,-0.1688556990097199,-0.15643310546875,-0.070556640625,0.95550537109375,-0.23974609375,0.29465956671979515,0.2925739607284699,-0.8309975308319398,0.3699730710441054,0.33056640625,0.5643310546875,-0.72601318359375,0.21209716796875,0.2762451171875,0.43280029296875,-0.85552978515625,0.066162109375
13,0.170166015625,-0.97412109375,-0.1473388671875,-0.01702880859375,0.93701171875,0.2738037109375,-0.13580322265625,-0.16876220703125,-0.1571044921875,-0.07061767578125,0.955322265625,-0.24017333984375,0.2947998046875,0.29248046875,-0.830810546875,0.37030029296875,0.3309326171875,0.5643310546875,-0.725830078125,0.21234130859375,0.2762451171875,0.43280029296875,-0.85552978515625,0.066162109375
14,0.16993657242892976,-0.9741784545490175,-0.1475109495845527,-0.01702880859375,0.93701171875,0.2740331541335702,-0.1356311402591973,-0.1686474854332149,-0.1571044921875,-0.07078975817830267,0.955322265625,-0.23994389664767976,0.29543077347669316,0.2928246335441054,-0.8304663820808946,0.3703576537677676,0.3308178955894649,0.5645604978835702,-0.7257727173259825,0.2121692261966973,0.276761364378658,0.43280029296875,-0.8553577027591973,0.066162109375
15,0.169921875,-0.97418212890625,-0.14752197265625,-0.01702880859375,0.93707275390625,0.274169921875,-0.13543701171875,-0.168212890625,-0.15778179870401338,-0.07113943450825669,0.9552255075512124,-0.23973568307117474,0.29547119140625,0.2928466796875,-0.8304443359375,0.370361328125,0.3316650390625,0.564453125,-0.72552490234375,0.21197509765625,0.27679443359375,0.43280029296875,-0.8553466796875,0.066162109375
16,0.1700400668243102,-0.9741427316314799,-0.14767956175533026,-0.016989411318979932,0.9371515484557902,0.27409112732545987,-0.13535821716920987,-0.1680946988006898,-0.157958984375,-0.07134621916806021,0.9551607980377299,-0.23984264769283026,0.29602275325303096,0.29292547423704013,-0.8302473495636497,0.3703219308502299,0.3317044363372701,0.5645319195495402,-0.7254067105194398,0.2120932894805602,0.27718840634145064,0.43272149841920987,-0.8552678851379598,0.0659257257263796
17,0.17010498046875,-0.97412109375,-0.14776611328125,-0.0169677734375,0.9371337890625,0.27447509765625,-0.135009765625,-0.167724609375,-0.15844563257734115,-0.07153279486308528,0.95513916015625,-0.2396250440922868,0.29632568359375,0.29296875,-0.83013916015625,0.37030029296875,0.33251953125,0.5643310546875,-0.72528076171875,0.21173095703125,0.27740478515625,0.43267822265625,-0.855224609375,0.0657958984375
18,0.17041015625,-0.9739990234375,-0.14801025390625,-0.01690673828125,0.9372344256244775,0.27429852437813546,-0.13484156171613712,-0.16748046875,-0.158935546875,-0.07183837890625,0.95501708984375,-0.23968505859375,0.29730224609375,0.29290771484375,-0.8297119140625,0.3704833984375,0.33270263671875,0.564453125,-0.72503662109375,0.21197509765625,0.2779541015625,0.4324951171875,-0.8551025390625,0.06573486328125
19,0.17041015625,-0.9739990234375,-0.14801025390625,-0.01690673828125,0.93719482421875,0.2745361328125,-0.1346435546875,-0.16748046875,-0.15960693359375,-0.07208251953125,0.95501708984375,-0.2391357421875,0.29730224609375,0.29290771484375,-0.8297119140625,0.3704833984375,0.333251953125,0.564208984375,-0.72503662109375,0.21185302734375,0.2779541015625,0.4324951171875,-0.8551025390625,0.06573486328125
20,0.1705322265625,-0.97393798828125,-0.148193359375,-0.01690673828125,0.937255859375,0.2744210029525502,-0.13463314400867474,-0.1672938930549749,-0.15960693359375,-0.072265625,0.9549560546875,-0.23931884765625,0.29779052734375,0.2930908203125,-0.82940673828125,0.37060546875,0.33331298828125,0.56427001953125,-0.724853515625,0.21197509765625,0.27825927734375,0.4324951171875,-0.85504150390625,0.06573486328125
21,0.1705322265625,-0.97393798828125,-0.148193359375,-0.01690673828125,0.937255859375,0.2745361328125,-0.13446044921875,-0.167236328125,-0.16016216979776338,-0.07254324310200669,0.9549005310670987,-0.239152276795046,0.29779052734375,0.2930908203125,-0.82940673828125,0.37060546875,0.333740234375,0.56427001953125,-0.724609375,0.212158203125,0.27825927734375,0.4324951171875,-0.85504150390625,0.06573486328125
22,0.17034605912938963,-0.9739845301395276,-0.148193359375,-0.016860196422972408,0.9372093175167224,0.27467575838733277,-0.13436736550219483,-0.1672828699832776,-0.1602638270145276,-0.07261734263952759,0.9549415613895276,-0.23894957475438963,0.2983955715013587,0.29341661332044316,-0.8290344034150293,0.37074509432483277,0.33369369251672243,0.5643631032478051,-0.724609375,0.21201857755016723,0.27872469592652593,0.43254165904577757,-0.8548553364731396,0.06596757257263795
23,0.1702880859375,-0.9739990234375,-0.148193359375,-0.016845703125,0.9373779296875,0.2742919921875,-0.1341552734375,-0.16729736328125,-0.1609919621394231,-0.07312011718750001,0.9548058143028846,-0.23877892127403846,0.298583984375,0.29351806640625,-0.82891845703125,0.37078857421875,0.3348388671875,0.56439208984375,-0.72381591796875,0.2130126953125,0.27886962890625,0.43255615234375,-0.85479736328125,0.0660400390625
24,0.169921875,-0.97406005859375,-0.148193359375,-0.01702880859375,0.9373415943770903,0.2745191899430393,-0.13401626025553928,-0.1672402066131898,-0.1612548828125,-0.073486328125,0.954833984375,-0.23834228515625,0.2999267578125,0.294189453125,-0.8280029296875,0.3712158203125,0.33453369140625,0.56451416015625,-0.72393798828125,0.2127685546875,0.2799072265625,0.43243408203125,-0.85443115234375,0.06671142578125
25,0.169921875,-0.97406005859375,-0.148193359375,-0.01702880859375,0.93743896484375,0.2742919921875,-0.1337890625,-0.16717529296875,-0.16174479711015888,-0.07366269727215718,0.954775194659281,-0.23818551258099915,0.2999267578125,0.294189453125,-0.8280029296875,0.3712158203125,0.3359375,0.56414794921875,-0.72320556640625,0.2138671875,0.2799072265625,0.43243408203125,-0.85443115234375,0.06671142578125
26,0.1697998046875,-0.97406005859375,-0.14837646484375,-0.01708984375,0.9374601944633152,0.274360988451087,-0.13358207370923914,-0.16708506708559784,-0.1627197265625,-0.07427978515625,0.95465087890625,-0.23779296875,0.30169677734375,0.29473876953125,-0.82696533203125,0.37158203125,0.3358154296875,0.5643310546875,-0.72314453125,0.2138671875,0.28094482421875,0.43218994140625,-0.85418701171875,0.06732177734375
27,0.1697998046875,-0.97406005859375,-0.14837646484375,-0.01708984375,0.93756103515625,0.27410888671875,-0.1331787109375,-0.167236328125,-0.16424560546875,-0.07470703125,0.95458984375,-0.2369384765625,0.30169677734375,0.29473876953125,-0.82696533203125,0.37158203125,0.33740234375,0.56390380859375,-0.72247314453125,0.21466064453125,0.28094482421875,0.43218994140625,-0.85418701171875,0.06732177734375
28,0.1697998046875,-0.9740063721519648,-0.14864489705267558,-0.01708984375,0.9376147215980352,0.2741625731605351,-0.13301765161214466,-0.16702158235785952,-0.1641919190269649,-0.07492177701714046,0.9545361573082148,-0.2369921630042851,0.3035758028062291,0.2953830068326714,-0.8258379167537625,0.37206520922606606,0.3373486573082149,0.5641185543608904,-0.7223120852058946,0.2147143309730351,0.2821796123798077,0.4320288820808946,-0.8538112066262542,0.06801970108695651
29,0.1697998046875,-0.9739990234375,-0.148681640625,-0.01708984375,0.93780517578125,0.2738037109375,-0.13250732421875,-0.1669921875,-0.16534689198369568,-0.07548762803093646,0.9544393992344272,-0.23646305556281355,0.3038330078125,0.29547119140625,-0.82568359375,0.37213134765625,0.3387718583429139,0.563790311781459,-0.7216194688675794,0.21570518264005017,0.2823486328125,0.4320068359375,-0.853759765625,0.068115234375
30,0.16949462890625,-0.97406005859375,-0.14874267578125,-0.01690673828125,0.9380195132864757,0.2735938643133361,-0.13183450858329848,-0.16676743931594898,-0.16595458984375,-0.0758056640625,0.95440673828125,-0.2359619140625,0.30633544921875,0.29632568359375,-0.82421875,0.37274169921875,0.33929443359375,0.5638427734375,-0.7213134765625,0.21575927734375,0.2838134765625,0.43182373046875,-0.853271484375,0.0689697265625
31,0.16949462890625,-0.97406005859375,-0.14874267578125,-0.01690673828125,0.93817138671875,0.2733154296875,-0.13153076171875,-0.16656494140625,-0.1668905302832358,-0.07628700485994984,0.9542997736595945,-0.23564102019753344,0.30633544921875,0.29632568359375,-0.82421875,0.37274169921875,0.3414306640625,0.5634765625,-0.7200927734375,0.217529296875,0.2838134765625,0.43182373046875,-0.853271484375,0.0689697265625
32,0.16888427734375,-0.97418212890625,-0.148681640625,-0.016845703125,0.938130356396321,0.2737049115541388,-0.13103798958768811,-0.16648165597564799,-0.168212890625,-0.07696533203125,0.95428466796875,-0.234619140625,0.3092041015625,0.29730224609375,-0.822509765625,0.373291015625,0.3411865234375,0.56365966796875,-0.72021484375,0.21697998046875,0.2857666015625,0.431640625,-0.8526611328125,0.0697021484375
33,0.16888427734375,-0.97418212890625,-0.148681640625,-0.016845703125,0.9384765625,0.2733154296875,-0.13043212890625,-0.16583251953125,-0.1700439453125,-0.078125,0.95416259765625,-0.23345947265625,0.3092041015625,0.29730224609375,-0.822509765625,0.373291015625,0.34344482421875,0.5633544921875,-0.71893310546875,0.21844482421875,0.2857666015625,0.431640625,-0.8526611328125,0.0697021484375
34,0.16864095324257944,-0.97418212890625,-0.14880330267558528,-0.016602379023829432,0.9384157314747074,0.2734979227633779,-0.13006714275449416,-0.16589335055654264,-0.1703481004389632,-0.07830749307587792,0.9541017666309574,-0.23327697958037208,0.3122456528271321,0.2983972045490176,-0.820806496916806,0.37365600177675584,0.3435664862693353,0.5635369852633779,-0.7188114434181647,0.2181406690922868,0.2880781805236204,0.4315189629494147,-0.8519311605089883,0.07055378279159699
35,0.16864013671875,-0.97418212890625,-0.1488037109375,-0.0166015625,0.9388427734375,0.27294921875,-0.12933349609375,-0.16522216796875,-0.17237124235733697,-0.07929324146895904,0.9539460147104933,-0.2321356833977843,0.312255859375,0.29840087890625,-0.82080078125,0.3736572265625,0.3467815488477216,0.5632783513404055,-0.7171000094716764,0.2194877292798913,0.2880859375,0.4315185546875,-0.8519287109375,0.070556640625
36,0.16851806640625,-0.97418212890625,-0.149169921875,-0.01605224609375,0.93896484375,0.27294921875,-0.128662109375,-0.1651611328125,-0.17327880859375,-0.07989501953125,0.95379638671875,-0.23193359375,0.31744384765625,0.30059814453125,-0.81768798828125,0.37445068359375,0.34771728515625,0.56353759765625,-0.7164306640625,0.219482421875,0.2920036188336121,0.431205417798913,-0.8505947151311664,0.07204536769701088
37,0.16851806640625,-0.97418212890625,-0.149169921875,-0.01605224609375,0.9393310546875,0.27227783203125,-0.1278076171875,-0.16448974609375,-0.17480366684521323,-0.08070827726536373,0.9536608437630644,-0.23108645027696487,0.31744384765625,0.30059814453125,-0.81768798828125,0.37445068359375,0.35093643035378347,0.5633342832227216,-0.7146686056385869,0.22056676552048496,0.29345703125,0.43096923828125,-0.85015869140625,0.07275390625
38,0.168212890625,-0.97412109375,-0.149658203125,-0.01556396484375,0.939602548860786,0.2721508625757734,-0.12681247877038043,-0.1640077929034281,-0.17645263671875,-0.0819091796875,0.95343017578125,-0.23028564453125,0.3233642578125,0.30316162109375,-0.81402587890625,0.3751220703125,0.353759765625,0.56365966796875,-0.71282958984375,0.2210693359375,0.29931640625,0.4305419921875,-0.84814453125,0.07501220703125
39,0.168212890625,-0.97412109375,-0.149658203125,-0.01556396484375,0.9398193359375,0.27178955078125,-0.1263427734375,-0.16357421875,-0.17889404296875,-0.08319091796875,0.953125,-0.22918701171875,0.3233642578125,0.30316162109375,-0.81402587890625,0.3751220703125,0.3592529296875,0.56280517578125,-0.71014404296875,0.22296142578125,0.29931640625,0.4305419921875,-0.84814453125,0.07501220703125
40,0.16790771484375,-0.97412109375,-0.150146484375,-0.01483154296875,0.9399969298704013,0.27175341960179766,-0.12536478202079848,-0.1634090768054975,-0.1795654296875,-0.08380126953125,0.9530029296875,-0.22900390625,0.32843017578125,0.30523681640625,-0.810791015625,0.3760986328125,0.35968017578125,0.5633544921875,-0.709716796875,0.22247314453125,0.30419921875,0.42999267578125,-0.84661865234375,0.07586669921875
41,0.16790771484375,-0.97412109375,-0.150146484375,-0.01483154296875,0.9404296875,0.27099609375,-0.1248779296875,-0.16259765625,-0.18109926970108695,-0.08474517107807274,0.9528259481474707,-0.2281779923965301,0.32843017578125,0.30523681640625,-0.810791015625,0.3760986328125,0.36587452968227424,0.5605227875470318,-0.7087139014815008,0.22259113222460283,0.30419921875,0.42999267578125,-0.84661865234375,0.07586669921875
42,0.16729736328125,-0.9742431640625,-0.1505126953125,-0.01397705078125,0.94049072265625,0.27130126953125,-0.123779296875,-0.16278076171875,-0.1820068359375,-0.08526611328125,0.9527587890625,-0.2276611328125,0.332763671875,0.3067626953125,-0.808349609375,0.37628173828125,0.36651611328125,0.56097412109375,-0.70831298828125,0.2218017578125,0.30771027121655514,0.4304088988033027,-0.8450521513769857,0.0766736288931856
43,0.16729736328125,-0.9742431640625,-0.1505126953125,-0.01397705078125,0.94085693359375,0.2705078125,-0.12396240234375,-0.161865234375,-0.18221198754964466,-0.08538920424853678,0.952799819384929,-0.22708670829849498,0.332763671875,0.3067626953125,-0.808349609375,0.37628173828125,0.36918308423913043,0.5599483630330268,-0.7074923818326714,0.2224992732937918,0.308349609375,0.430419921875,-0.84478759765625,0.0770263671875
44,0.16705322265625,-0.97412109375,-0.15142822265625,-0.01220703125,0.941162109375,0.27020263671875,-0.12200927734375,-0.16180419921875,-0.18402099609375,-0.08642578125,0.95245361328125,-0.226806640625,0.33673095703125,0.30743408203125,-0.8065185546875,0.376220703125,0.37176513671875,0.560302734375,-0.70599365234375,0.2220458984375,0.3108979802466555,0.4304213507917015,-0.8439010569084449,0.0762237242631689
45,0.16705322265625,-0.97412109375,-0.15142822265625,-0.01220703125,0.94122314453125,0.26971435546875,-0.1234130859375,-0.1612548828125,-0.18292236328125,-0.08526611328125,0.9530029296875,-0.22576904296875,0.33673095703125,0.30743408203125,-0.8065185546875,0.376220703125,0.3726806640625,0.558349609375,-0.70751953125,0.220458984375,0.311767578125,0.42987060546875,-0.8438720703125,0.0760498046875
46,0.16766357421875,-0.97381591796875,-0.15289306640625,-0.010009765625,0.9418851412259616,0.2686251126802885,-0.12166184645432694,-0.16063514122596154,-0.1849365234375,-0.086669921875,0.9522705078125,-0.2266845703125,0.338623046875,0.30657958984375,-0.80621337890625,0.37579345703125,0.3746337890625,0.55926513671875,-0.705810546875,0.22027587890625,0.31256103515625,0.4295654296875,-0.843994140625,0.0731201171875
47,0.16766357421875,-0.97381591796875,-0.15289306640625,-0.010009765625,0.941650390625,0.26885986328125,-0.12335205078125,-0.160400390625,-0.1822509765625,-0.08453369140625,0.9532470703125,-0.22552490234375,0.3384444322873118,0.3063346326949205,-0.8064481295072116,0.37564546208716554,0.37237548828125,0.55743408203125,-0.7095947265625,0.2166748046875,0.31256103515625,0.4295654296875,-0.843994140625,0.0731201171875
48,0.1685791015625,-0.9735107421875,-0.1541748046875,-0.00762939453125,0.94244384765625,0.267333984375,-0.12109375,-0.16009521484375,-0.1844482421875,-0.085693359375,0.95245361328125,-0.22674560546875,0.3385009765625,0.3048095703125,-0.8074951171875,0.37469482421875,0.3746337890625,0.55804443359375,-0.70794677734375,0.21661376953125,0.3114054498066471,0.4297718060853888,-0.8446596075459867,0.06868516800794308
49,0.1685791015625,-0.9735107421875,-0.1541748046875,-0.00762939453125,0.94158935546875,0.26849365234375,-0.12506103515625,-0.1600341796875,-0.1800643257472826,-0.08309191445443143,0.9537061608355978,-0.2258784571618938,0.3385009765625,0.3048095703125,-0.8074951171875,0.37469482421875,0.3717914696122491,0.5570809354750209,-0.7114635454771112,0.21251890252665132,0.3111572265625,0.42974853515625,-0.84478759765625,0.068359375
50,0.1702880859375,-0.97296142578125,-0.1556396484375,-0.00494384765625,0.942626953125,0.26617431640625,-0.1226806640625,-0.15948486328125,-0.1812744140625,-0.08355712890625,0.9530029296875,-0.2276611328125,0.3367919921875,0.3028564453125,-0.8099365234375,0.3724365234375,0.37384033203125,0.55731201171875,-0.71038818359375,0.2119140625,0.31193578203386285,0.43007555294993727,-0.8445595833768813,0.06573465915029258
51,0.1702880859375,-0.97296142578125,-0.1556396484375,-0.00494384765625,0.94134521484375,0.26824951171875,-0.12799072265625,-0.15936279296875,-0.17498779296875,-0.08087158203125,0.9549560546875,-0.22540283203125,0.3363690328438545,0.3023428518237876,-0.8112356128501255,0.37041236086433943,0.3746337890625,0.55621337890625,-0.7130126953125,0.2044677734375,0.3106689453125,0.4300537109375,-0.84521484375,0.06365966796875
52,0.172607421875,-0.972412109375,-0.1566162109375,-0.00152587890625,0.942626953125,0.26513671875,-0.1253662109375,-0.159423828125,-0.17816162109375,-0.08148193359375,0.9537353515625,-0.22796630859375,0.33917236328125,0.3023681640625,-0.810302734375,0.369873046875,0.37835693359375,0.55609130859375,-0.71099853515625,0.2049560546875,0.3157879373301631,0.429069187330163,-0.843765922214674,0.06432840098505434
53,0.172607421875,-0.972412109375,-0.1566162109375,-0.00152587890625,0.94207763671875,0.26593017578125,-0.12872314453125,-0.1585693359375,-0.17498779296875,-0.0806884765625,0.95465087890625,-0.226806640625,0.33945406400240385,0.3022824290604097,-0.8103394779473244,0.3696035940112876,0.383056640625,0.553466796875,-0.71160888671875,0.201171875,0.31817626953125,0.42779541015625,-0.84356689453125,0.06329345703125
54,0.17303466796875,-0.9722900390625,-0.15679931640625,0.00067138671875,0.9425146810984532,0.2647662210623955,-0.1270543739548495,-0.15915029264214045,-0.1771240234375,-0.08087158203125,0.9541015625,-0.22735595703125,0.34259033203125,0.30230712890625,-0.80950927734375,0.36846923828125,0.385009765625,0.553466796875,-0.710693359375,0.20050048828125,0.3262939453125,0.42498779296875,-0.8416748046875,0.06640625
55,0.17303466796875,-0.9722900390625,-0.15679931640625,0.00067138671875,0.94268798828125,0.26361083984375,-0.12884521484375,-0.15863037109375,-0.1757410362014005,-0.08031838713681021,0.954212201478888,-0.22807511039402173,0.34259033203125,0.30230712890625,-0.80950927734375,0.36846923828125,0.3891587273332985,0.5510327393394648,-0.7103061229488922,0.2007217662390259,0.3262939453125,0.42498779296875,-0.8416748046875,0.06640625
56,0.17138671875,-0.97259521484375,-0.15692138671875,0.0015869140625,0.94244384765625,0.26483154296875,-0.1275634765625,-0.15924072265625,-0.1766357421875,-0.0806884765625,0.95440673828125,-0.2265625,0.3446044921875,0.3023681640625,-0.80902099609375,0.36767578125,0.38958740234375,0.551513671875,-0.71014404296875,0.198974609375,0.3297184462531354,0.4236689028532609,-0.8409209490619775,0.06717010804243308
57,0.17138671875,-0.97259521484375,-0.15692138671875,0.0015869140625,0.942626953125,0.26348876953125,-0.12908935546875,-0.15899658203125,-0.17535400390625,-0.08001708984375,0.95458984375,-0.22711181640625,0.3450154078046614,0.3020693163409281,-0.8089089281981605,0.3677878491455895,0.392333984375,0.549560546875,-0.71002197265625,0.199462890625,0.3306884765625,0.423095703125,-0.84075927734375,0.0679931640625
58,0.17083740234375,-0.97259521484375,-0.1573486328125,0.002685546875,0.9427490234375,0.263671875,-0.1278076171875,-0.15911865234375,-0.17645263671875,-0.08056640625,0.95440673828125,-0.2266845703125,0.3460693359375,0.3026123046875,-0.8084716796875,0.36724853515625,0.3929443359375,0.55010986328125,-0.70947265625,0.19866943359375,0.3334440403558738,0.4220999523150083,-0.8401617860315636,0.06831058770119151
59,0.17083740234375,-0.97259521484375,-0.1573486328125,0.002685546875,0.94244384765625,0.26397705078125,-0.12957763671875,-0.1588134765625,-0.17474365234375,-0.080078125,0.95501708984375,-0.2257080078125,0.346088728378449,0.30253473492370403,-0.808704388978888,0.3668025090144231,0.39532470703125,0.54827880859375,-0.7100830078125,0.197021484375,0.33563232421875,0.4205322265625,-0.8399658203125,0.06951904296875
60,0.171875,-0.97235107421875,-0.157958984375,0.0042724609375,0.94305419921875,0.2625732421875,-0.1282958984375,-0.15869140625,-0.17620849609375,-0.08056640625,0.95440673828125,-0.22686767578125,0.34759521484375,0.302734375,-0.80810546875,0.3665771484375,0.39703369140625,0.54833984375,-0.708984375,0.197265625,0.33905029296875,0.418701171875,-0.83953857421875,0.06878662109375
61,0.1719192964177467,-0.972339642885138,-0.1579804181255226,0.0043024681882316285,0.9423417821775711,0.2641726082383988,-0.1301055193744774,-0.15867568816628344,-0.1744031619068771,-0.07984684462531355,0.9552440834683319,-0.2249020987928512,0.3476195064276756,0.3027300882498955,-0.8081040398332985,0.3665614303537834,0.3975634112405937,0.5473618523332985,-0.7103581763430183,0.1939372697402801,0.3390917315530937,0.418701171875,-0.8395199983016304,0.06882377292798916
62,0.17376708984375,-0.97186279296875,-0.15887451171875,0.00555419921875,0.94317626953125,0.26214599609375,-0.12921142578125,-0.15802001953125,-0.17547607421875,-0.08038330078125,0.95452880859375,-0.2269287109375,0.3486328125,0.30255126953125,-0.80804443359375,0.36590576171875,0.3992919921875,0.54730224609375,-0.7091064453125,0.19512939453125,0.34076683018917225,0.4179524195234114,-0.8392799402957776,0.06855513658810616
63,0.17376708984375,-0.97186279296875,-0.15887451171875,0.00555419921875,0.942626953125,0.26348876953125,-0.13006591796875,-0.15802001953125,-0.1748046875,-0.07989501953125,0.95501708984375,-0.22552490234375,0.3488553152435201,0.30215076459291385,-0.8084449385320861,0.36510475184207775,0.39924749163879597,0.5469017411554139,-0.7097294529943562,0.19406138136235365,0.34075927734375,0.4178466796875,-0.83935546875,0.06829833984375
64,0.1746826171875,-0.97161865234375,-0.15924072265625,0.005859375,0.9429931640625,0.2625732421875,-0.12994384765625,-0.15765380859375,-0.17498779296875,-0.08013916015625,0.95477294921875,-0.22650146484375,0.34930419921875,0.30206298828125,-0.80804443359375,0.36566162109375,0.39984130859375,0.546630859375,-0.70953369140625,0.1943359375,0.3413796313231605,0.4174914918216973,-0.8392278869016513,0.0689397193117684
65,0.1746826171875,-0.97161865234375,-0.15924072265625,0.005859375,0.9429931640625,0.2625732421875,-0.12969970703125,-0.15789794921875,-0.175048828125,-0.07977294921875,0.95477294921875,-0.2264404296875,0.3494368843410326,0.3018241550611413,-0.8080178965692935,0.3657677691915761,0.399658203125,0.5462646484375,-0.7099609375,0.19427490234375,0.3414306640625,0.417236328125,-0.83935546875,0.06878662109375
66,0.1741943359375,-0.9716796875,-0.15924072265625,0.00537109375,0.94281005859375,0.26318359375,-0.1300048828125,-0.15777587890625,-0.17462158203125,-0.07989501953125,0.9549560546875,-0.2259521484375,0.34912109375,0.3016357421875,-0.80828857421875,0.3656005859375,0.3990478515625,0.54644775390625,-0.71014404296875,0.19415283203125,0.34064475987667225,0.4173926924383361,-0.8395828706364966,0.0684814453125
67,0.17416004193666387,-0.971688261000209,-0.15923214915604098,0.0053367997491638765,0.942923555406041,0.26273818000104515,-0.12959478371916805,-0.15789794921875,-0.1745958615306229,-0.07952880859375,0.954964628187709,-0.22621445671770485,0.3490867997491639,0.301025390625,-0.8084363650318771,0.3658800412181229,0.39821152703020485,0.546090116468959,-0.7109021853443771,0.19425775534333195,0.3401756669366639,0.41718386646895905,-0.8398608970004181,0.06846429831208194
68,0.1739501953125,-0.97174072265625,-0.1591796875,0.005126953125,0.94287109375,0.26300048828125,-0.12969970703125,-0.15789794921875,-0.1744384765625,-0.07952880859375,0.95501708984375,-0.2259521484375,0.348876953125,0.301025390625,-0.80859375,0.36572265625,0.39794921875,0.546142578125,-0.7110595703125,0.19415283203125,0.3399658203125,0.417236328125,-0.8399658203125,0.068359375
69,0.1739501953125,-0.97174072265625,-0.1591796875,0.005126953125,0.94281005859375,0.26300048828125,-0.1298828125,-0.157958984375,-0.17350886418269232,-0.078857421875,0.9552753155048077,-0.22584885817307693,0.34805063100961536,0.30040564903846156,-0.8093684269831731,0.36525785006009615,0.3962449293870192,0.5460392878605769,-0.7122474083533654,0.19342980018028846,0.3382568359375,0.417236328125,-0.8406982421875,0.067626953125
70,0.17425537109375,-0.9716796875,-0.1593017578125,0.0052490234375,0.94293212890625,0.2626953125,-0.12982177734375,-0.1578369140625,-0.1734619140625,-0.07879638671875,0.9552001953125,-0.2261962890625,0.3480224609375,0.30029296875,-0.809326171875,0.365478515625,0.3961181640625,0.5460205078125,-0.7122802734375,0.19354248046875,0.3366237882786371,0.4173643182352634,-0.8414051476928303,0.06665222780361621
71,0.1748279584291388,-0.9715449610681438,-0.15947016585232024,0.005552157909176436,0.9428900779290343,0.26269939511914714,-0.13026372086642976,-0.15779057633517976,-0.17238859348871238,-0.0779482225909281,0.9555200685226798,-0.22607013613085286,0.34759317353417646,0.29986572265625,-0.8099659182953595,0.36479039016774667,0.39543003860524667,0.5458584278323578,-0.7130147366220736,0.19269227503135453,0.33625329059103265,0.4173520703778219,-0.8415674318039298,0.06657261673024668
72,0.17529296875,-0.971435546875,-0.15960693359375,0.00579833984375,0.94305419921875,0.26220703125,-0.130126953125,-0.15765380859375,-0.172607421875,-0.0780029296875,0.95538330078125,-0.2265625,0.34783935546875,0.29986572265625,-0.8096923828125,0.36517333984375,0.39581298828125,0.5457763671875,-0.7127685546875,0.1929931640625,0.33641128795202757,0.4172479635895694,-0.8415788631375418,0.06631337041440215
73,0.17560733042433113,-0.9713569564564172,-0.1597169601797659,0.005924084513482449,0.9427980148672659,0.26293026723191887,-0.13073546750888376,-0.1576048171639841,-0.17166413272104933,-0.07769959108486622,0.9557772735289507,-0.2256108414767977,0.347736677597199,0.29986572265625,-0.8103582579954013,0.363869351288148,0.3956057953595318,0.5457449310200669,-0.7133437957253345,0.19151995094324833,0.33632494055706524,0.4171438568013169,-0.8417025664977007,0.06565157785064801
74,0.176513671875,-0.97113037109375,-0.1600341796875,0.00628662109375,0.943115234375,0.26202392578125,-0.13055419921875,-0.15728759765625,-0.17193603515625,-0.077880859375,0.95550537109375,-0.2265625,0.34814453125,0.29986572265625,-0.809814453125,0.36468505859375,0.396240234375,0.545654296875,-0.712890625,0.19219970703125,0.33686690824885035,0.41703301369147155,-0.8414778183136497,0.06629887711642973
75,0.176513671875,-0.97113037109375,-0.1600341796875,0.00628662109375,0.9427490234375,0.26287841796875,-0.13104248046875,-0.15753173828125,-0.17156982421875,-0.077392578125,0.95587158203125,-0.2254638671875,0.34820332096571904,0.2995717740776547,-0.8103435605664716,0.36368563342652593,0.39612265494356186,0.5453603482964047,-0.7134197324414716,0.19137665101118312,0.33648681640625,0.4168701171875,-0.84185791015625,0.06494140625
76,0.17718505859375,-0.970947265625,-0.16046142578125,0.00665283203125,0.94305419921875,0.26214599609375,-0.1307373046875,-0.15716552734375,-0.171875,-0.0777587890625,0.95562744140625,-0.2261962890625,0.3485107421875,0.29974365234375,-0.809814453125,0.36431884765625,0.39666748046875,0.54541015625,-0.71295166015625,0.19183349609375,0.3370361328125,0.41693115234375,-0.841552734375,0.0655517578125
77,0.17718505859375,-0.970947265625,-0.16046142578125,0.00665283203125,0.9429931640625,0.26220703125,-0.130859375,-0.157470703125,-0.171875,-0.07733154296875,0.9556884765625,-0.2259521484375,0.34844970703125,0.29937744140625,-0.81005859375,0.36419677734375,0.396381697128449,0.5451651991011706,-0.713237443496551,0.1919968008596363,0.33642578125,0.4166259765625,-0.84197998046875,0.06494140625
78,0.17694091796875,-0.970947265625,-0.1607666015625,0.0068359375,0.9429931640625,0.26239013671875,-0.1304931640625,-0.1573486328125,-0.17205810546875,-0.07763671875,0.9556884765625,-0.22576904296875,0.3485107421875,0.29974365234375,-0.8099365234375,0.36407470703125,0.39630126953125,0.54534912109375,-0.71319580078125,0.19189453125,0.3365478515625,0.41693115234375,-0.841796875,0.06475830078125
79,0.17662084062761288,-0.9709929909594481,-0.1607894642297241,0.006858800167224081,0.9431687166858278,0.261771824048913,-0.13029495290290552,-0.15745539330319816,-0.17228693627194816,-0.07754506395014632,0.9555510964281981,-0.22608217985733695,0.3484039816968018,0.2998197931908445,-0.8097227983251464,0.36465484721206104,0.3960420232154055,0.5452421564720945,-0.7131576282922241,0.1928027098792851,0.33611305262332775,0.4168013250548704,-0.84197998046875,0.06525454313858696
80,0.17608642578125,-0.9710693359375,-0.16082763671875,0.00689697265625,0.94305419921875,0.26226806640625,-0.13006591796875,-0.15753173828125,-0.17236328125,-0.07769775390625,0.95562744140625,-0.2255859375,0.34832763671875,0.300048828125,-0.80987548828125,0.36419677734375,0.39581298828125,0.54547119140625,-0.71319580078125,0.1923828125,0.335956892440949,0.41696442568979936,-0.8419938613738503,0.06492487164245403
81,0.17605213178041387,-0.9710742350804766,-0.16084233414767976,0.00692146837113294,0.9432324055445234,0.26186531602738294,-0.1300267248249373,-0.15735353195547658,-0.17232674180863294,-0.07777838563440635,0.9556884765625,-0.22555654264214048,0.3482812989914298,0.3002002932953595,-0.8097485188257734,0.3644115231108905,0.3956298828125,0.5453125816523829,-0.7133080728077968,0.19283679974916387,0.3358301271164298,0.41688971375940637,-0.8420263181960702,0.0654515295124373
82,0.1756591796875,-0.97113037109375,-0.1610107421875,0.0072021484375,0.94317626953125,0.26214599609375,-0.12957763671875,-0.15740966796875,-0.172607421875,-0.0780029296875,0.9556884765625,-0.2252197265625,0.34844970703125,0.300537109375,-0.8096923828125,0.36407470703125,0.3956298828125,0.54559326171875,-0.71319580078125,0.19244384765625,0.33599853515625,0.4171142578125,-0.84185791015625,0.06500244140625
83,0.1756591796875,-0.97113037109375,-0.1610107421875,0.0072021484375,0.9432242403062291,0.2621939668687291,-0.1295296659437709,-0.1571218433188754,-0.1727033634249582,-0.0781468420124373,0.9557364473374791,-0.22488393113764632,0.3485456485812082,0.3006330509249582,-0.8095004997125836,0.3643625316811246,0.39548597048756273,0.5453054370688755,-0.7133876838811664,0.19277964308110368,0.33575439453125,0.41680908203125,-0.8421630859375,0.065185546875
84,0.17559814453125,-0.9710693359375,-0.1612548828125,0.00787353515625,0.943359375,0.2620849609375,-0.1287841796875,-0.1571044921875,-0.17340087890625,-0.0784912109375,0.95556640625,-0.22479248046875,0.34912109375,0.301025390625,-0.80914306640625,0.36431884765625,0.39599609375,0.54547119140625,-0.71307373046875,0.19256591796875,0.33636474609375,0.41693115234375,-0.84185791015625,0.06494140625
85,0.17559814453125,-0.9710693359375,-0.1612548828125,0.00787353515625,0.943359375,0.26232501894335286,-0.1287541724367684,-0.15680441968018394,-0.17328084990332357,-0.07861123994042642,0.9556564280021949,-0.22452241521216554,0.3491511010007316,0.3011154123771948,-0.8090530446540551,0.3644088694084448,0.3959060719978052,0.5452611406511287,-0.7132237667224081,0.19280597597460283,0.33599853515625,0.41668701171875,-0.84210205078125,0.0650634765625
86,0.17547607421875,-0.97100830078125,-0.16168212890625,0.0084228515625,0.9434814453125,0.26251220703125,-0.1280517578125,-0.1563720703125,-0.1737060546875,-0.07916259765625,0.95562744140625,-0.2242431640625,0.34954833984375,0.30169677734375,-0.80865478515625,0.3643798828125,0.39617919921875,0.54541015625,-0.71295166015625,0.19281005859375,0.33648681640625,0.4169921875,-0.84173583984375,0.06488037109375
87,0.1754640304922659,-0.9709962570547659,-0.1617784787181229,0.008531245100857014,0.9435055327654682,0.2631595062970318,-0.12747998700094065,-0.15577457900031355,-0.174119624007107,-0.07951513181960701,0.9556643891095318,-0.22344970703125,0.3502309537651547,0.301927241194607,-0.8081552767035953,0.3646240234375,0.3962755490306229,0.5453499376175794,-0.7129034852503136,0.19293049585859112,0.3366442013743729,0.4163930631401547,-0.8419687532660953,0.06510042426578178
88,0.1754150390625,-0.970947265625,-0.16217041015625,0.00897216796875,0.943603515625,0.2630615234375,-0.12689208984375,-0.15557861328125,-0.174560546875,-0.0799560546875,0.95556640625,-0.22344970703125,0.35052490234375,0.3023681640625,-0.807861328125,0.3646240234375,0.39666748046875,0.54510498046875,-0.71270751953125,0.19342041015625,0.3370361328125,0.41668701171875,-0.8416748046875,0.06500244140625
89,0.1754150390625,-0.970947265625,-0.16217041015625,0.00897216796875,0.943603515625,0.2637780230978261,-0.12623070554191052,-0.15497234433789714,-0.1747810083089465,-0.0799560546875,0.9557317523254598,-0.22251274593697742,0.35135163272104936,0.3023130487040134,-0.807420405257107,0.36478936951295987,0.39666748046875,0.54510498046875,-0.71270751953125,0.19342041015625,0.33709716796875,0.41607666015625,-0.84197998046875,0.0653076171875
90,0.1751708984375,-0.97088623046875,-0.16278076171875,0.0093994140625,0.9437255859375,0.26397705078125,-0.12548828125,-0.15460205078125,-0.17523193359375,-0.08062744140625,0.9556884765625,-0.2222900390625,0.3516845703125,0.30303955078125,-0.80706787109375,0.36468505859375,0.3973388671875,0.54486083984375,-0.71240234375,0.194091796875,0.33746337890625,0.41656494140625,-0.841552734375,0.06512451171875
91,0.1751708984375,-0.97088623046875,-0.16278076171875,0.0093994140625,0.9438741932744565,0.26405135444972827,-0.1247080927309782,-0.15419338060461954,-0.17586351477581527,-0.08066459324048914,0.9556513247282609,-0.2219556725543478,0.35242760699728265,0.30303955078125,-0.8065477454144021,0.3651308806046196,0.3977475373641305,0.5444150178328804,-0.7122537364130435,0.19490913722826092,0.33837890625,0.41571044921875,-0.841552734375,0.06591796875
92,0.17486572265625,-0.9708251953125,-0.1634521484375,0.00970458984375,0.94403076171875,0.26434326171875,-0.12359619140625,-0.153564453125,-0.17657470703125,-0.0814208984375,0.95550537109375,-0.2215576171875,0.35296630859375,0.30377197265625,-0.80596923828125,0.36529541015625,0.39813232421875,0.54473876953125,-0.71173095703125,0.19525146484375,0.338623046875,0.4163818359375,-0.8411865234375,0.06573486328125
93,0.17486572265625,-0.9708251953125,-0.1634521484375,0.00970458984375,0.9440883266487249,0.2644392032687082,-0.12309729534646735,-0.15341094664506688,-0.17690090830110788,-0.08147846336747493,0.95550537109375,-0.22125060422763376,0.3541259765625,0.30389404296875,-0.80535888671875,0.365478515625,0.3984201488686246,0.5445660747413252,-0.7116158271713001,0.19552010118363297,0.33941650390625,0.41583251953125,-0.841064453125,0.0665283203125
94,0.17474365234375,-0.97076416015625,-0.1639404296875,0.00970458984375,0.94427490234375,0.2647705078125,-0.12176513671875,-0.15264892578125,-0.1776123046875,-0.08209228515625,0.95550537109375,-0.2205810546875,0.35400390625,0.30438232421875,-0.80517578125,0.365478515625,0.39898681640625,0.54461669921875,-0.7110595703125,0.19610595703125,0.33941650390625,0.416259765625,-0.8408203125,0.0665283203125
95,0.17474365234375,-0.97076416015625,-0.1639404296875,0.00970458984375,0.9442822510582148,0.2647705078125,-0.12172594357493727,-0.15263790270955266,-0.17764659868833613,-0.08210330822794733,0.9555016967365175,-0.22056390768708192,0.35546875,0.3048095703125,-0.80413818359375,0.36602783203125,0.3990149864783654,0.5446056761470527,-0.7110460976693144,0.19612800317464466,0.3409423828125,0.41571044921875,-0.8404541015625,0.067138671875
96,0.17474365234375,-0.970703125,-0.16436767578125,0.009765625,0.9447021484375,0.2647705078125,-0.11956787109375,-0.1517333984375,-0.1793212890625,-0.08306884765625,0.95526123046875,-0.2198486328125,0.35546875,0.30517578125,-0.803955078125,0.36614990234375,0.40045166015625,0.54437255859375,-0.7100830078125,0.19732666015625,0.341064453125,0.416015625,-0.8402099609375,0.06719970703125
97,0.17474365234375,-0.970703125,-0.16436767578125,0.009765625,0.9449236305262333,0.26490339706573995,-0.11819468214360361,-0.1512904342600334,-0.18078307084813972,-0.08342321899822326,0.9550840447977633,-0.21927277938179346,0.35657616044366647,0.30544155975647996,-0.8032020390233068,0.3664599772679766,0.40045166015625,0.54437255859375,-0.7100830078125,0.19732666015625,0.3426513671875,0.4154052734375,-0.83984375,0.06787109375
98,0.1746826171875,-0.97064208984375,-0.16485595703125,0.009765625,0.945068359375,0.26507568359375,-0.117431640625,-0.15069580078125,-0.1812744140625,-0.0841064453125,0.9549560546875,-0.21905517578125,0.35687255859375,0.30596923828125,-0.80279541015625,0.36669921875,0.40191650390625,0.54400634765625,-0.7093505859375,0.19805908203125,0.3426513671875,0.41583251953125,-0.839599609375,0.06793212890625
99,0.1746826171875,-0.97064208984375,-0.16485595703125,0.009765625,0.9451210251619984,0.26528634674174334,-0.11685231696801837,-0.1504851376332567,-0.18193273639997912,-0.08408011241900083,0.9549560546875,-0.218581183698265,0.3574255493572325,0.3059429053877508,-0.8025847470082567,0.3666465529630017,0.40191650390625,0.54400634765625,-0.7093505859375,0.19805908203125,0.34405517578125,0.41485595703125,-0.83953857421875,0.06805419921875
100,0.17498779296875,-0.970458984375,-0.1656494140625,0.010009765625,0.9454345703125,0.2652587890625,-0.1156005859375,-0.1495361328125,-0.1829833984375,-0.08477783203125,0.95477294921875,-0.2183837890625,0.35821533203125,0.3065185546875,-0.80181884765625,0.36700439453125,0.40301513671875,0.54364013671875,-0.708984375,0.1981201171875,0.34442138671875,0.4154052734375,-0.83905029296875,0.0684814453125
101,0.17498779296875,-0.970458984375,-0.1656494140625,0.010009765625,0.9454262009432484,0.2653592214935201,-0.11549178413722826,-0.14949428596624165,-0.18305872276076504,-0.08472761581573997,0.9548064266957567,-0.21817455483120818,0.35894775390625,0.3062744140625,-0.80206298828125,0.36602783203125,0.4031406772575251,0.5435313349184783,-0.7090429605847617,0.19796109917171822,0.34503173828125,0.41448974609375,-0.83935546875,0.06744384765625
102,0.17608642578125,-0.97003173828125,-0.16668701171875,0.01068115234375,0.9459228515625,0.26483154296875,-0.1141357421875,-0.14837646484375,-0.18408203125,-0.085205078125,0.95452880859375,-0.2181396484375,0.3594970703125,0.30682373046875,-0.80108642578125,0.3671875,0.4049072265625,0.54315185546875,-0.7083740234375,0.1978759765625,0.34600830078125,0.4149169921875,-0.838623046875,0.06854248046875
103,0.17608642578125,-0.97003173828125,-0.16668701171875,0.01068115234375,0.9459228515625,0.26483154296875,-0.1141357421875,-0.14837646484375,-0.18408203125,-0.085205078125,0.95452880859375,-0.2181396484375,0.3608859773463629,0.3066179664637333,-0.8009835437787416,0.36615867997491636,0.4049072265625,0.54315185546875,-0.7083740234375,0.1978759765625,0.34759521484375,0.41363525390625,-0.8387451171875,0.0673828125
104,0.17730712890625,-0.9696044921875,-0.1678466796875,0.0115966796875,0.9466552734375,0.26397705078125,-0.11181640625,-0.1468505859375,-0.18621826171875,-0.0858154296875,0.9542236328125,-0.21759033203125,0.36187744140625,0.30718994140625,-0.7998046875,0.3671875,0.4083251953125,0.5423583984375,-0.70703125,0.19775390625,0.348876953125,0.4140625,-0.837890625,0.068603515625
105,0.17730712890625,-0.9696044921875,-0.1678466796875,0.0115966796875,0.9466552734375,0.26397705078125,-0.11181640625,-0.1468505859375,-0.18749040584500423,-0.08574847473348662,0.9541901553354933,-0.21665296267506268,0.3632500179635243,0.3070895089752299,-0.7994029577759197,0.3668527252299331,0.4083251953125,0.5423583984375,-0.70703125,0.19775390625,0.3515625,0.4124755859375,-0.83758544921875,0.06829833984375
106,0.1778564453125,-0.9693603515625,-0.16888427734375,0.01226806640625,0.947509765625,0.26318359375,-0.10894775390625,-0.14501953125,-0.1890869140625,-0.086669921875,0.95379638671875,-0.2166748046875,0.36480712890625,0.30780029296875,-0.79827880859375,0.36724853515625,0.4117431640625,0.54156494140625,-0.70556640625,0.19805908203125,0.3524169921875,0.4130859375,-0.83685302734375,0.06890869140625
107,0.1778564453125,-0.9693603515625,-0.16888427734375,0.01226806640625,0.9476804191053512,0.26287331469481606,-0.10846682137071488,-0.14475579405309363,-0.1895678465980351,-0.08654581025292642,0.9537343309077132,-0.21651966515990803,0.36651611328125,0.30731201171875,-0.79766845703125,0.3671875,0.4117431640625,0.54156494140625,-0.70556640625,0.19805908203125,0.35443115234375,0.41162109375,-0.83673095703125,0.0692138671875
108,0.177734375,-0.96917724609375,-0.1697998046875,0.01300048828125,0.94842529296875,0.26190185546875,-0.10601806640625,-0.1434326171875,-0.19171142578125,-0.087158203125,0.95330810546875,-0.2161865234375,0.366943359375,0.3082275390625,-0.797119140625,0.3671875,0.413818359375,0.5411376953125,-0.70465087890625,0.1981201171875,0.3551025390625,0.41229248046875,-0.8360595703125,0.069091796875
109,0.177734375,-0.96917724609375,-0.1697998046875,0.01300048828125,0.94842529296875,0.26190185546875,-0.10601806640625,-0.1434326171875,-0.19171142578125,-0.087158203125,0.95330810546875,-0.2161865234375,0.36840799899404264,0.3077002687996447,-0.7964746991926213,0.3675390135085702,0.413818359375,0.5411376953125,-0.70465087890625,0.1981201171875,0.35680152102058943,0.4110035976039925,-0.8359423991429766,0.06967765272261704
110,0.17730712890625,-0.9691162109375,-0.170654296875,0.01422119140625,0.949462890625,0.2603759765625,-0.1026611328125,-0.14166259765625,-0.1953125,-0.087646484375,0.95269775390625,-0.21563720703125,0.3692626953125,0.30877685546875,-0.79583740234375,0.3671875,0.41644287109375,0.540771484375,-0.70343017578125,0.19793701171875,0.35791015625,0.41168212890625,-0.835205078125,0.0692138671875
111,0.17730712890625,-0.9691162109375,-0.170654296875,0.01422119140625,0.949462890625,0.2603759765625,-0.1026611328125,-0.14166259765625,-0.19628742945234115,-0.08756524025397157,0.9524540215431647,-0.21567782909176422,0.370361328125,0.30853271484375,-0.795166015625,0.36773681640625,0.41644287109375,0.540771484375,-0.70343017578125,0.19793701171875,0.35931396484375,0.41064453125,-0.83502197265625,0.0699462890625
112,0.1767578125,-0.96905517578125,-0.17138671875,0.0155029296875,0.95025634765625,0.25921630859375,-0.100341796875,-0.1402587890625,-0.19805908203125,-0.08837890625,0.95208740234375,-0.21539306640625,0.37127685546875,0.3095703125,-0.7945556640625,0.36724853515625,0.41827392578125,0.54095458984375,-0.702392578125,0.19744873046875,0.36041259765625,0.4112548828125,-0.8343505859375,0.06927490234375
113,0.1767578125,-0.96905517578125,-0.17138671875,0.0155029296875,0.9503243232650501,0.25903504030361624,-0.10050040662886706,-0.1399415695547659,-0.19817237471258362,-0.08831093064119984,0.9520647438074833,-0.21541572494251673,0.37164306640625,0.30950927734375,-0.79437255859375,0.36737060546875,0.41827392578125,0.54095458984375,-0.702392578125,0.19744873046875,0.361083984375,0.41058349609375,-0.83428955078125,0.06976318359375
114,0.1763916015625,-0.968994140625,-0.17205810546875,0.01690673828125,0.95062255859375,0.2586669921875,-0.09918212890625,-0.13946533203125,-0.19976806640625,-0.08892822265625,0.95172119140625,-0.21527099609375,0.3726806640625,0.3104248046875,-0.793701171875,0.36700439453125,0.4195556640625,0.5411376953125,-0.70166015625,0.19677734375,0.36224365234375,0.41107177734375,-0.8336181640625,0.06915283203125
115,0.1763916015625,-0.968994140625,-0.17205810546875,0.01690673828125,0.9506319486177884,0.25862943209134615,-0.09921968900240384,-0.13944185697115385,-0.19978215144230768,-0.08890005258413462,0.9517071063701923,-0.21532264122596154,0.3726806640625,0.31005859375,-0.793701171875,0.3673095703125,0.4195556640625,0.5411376953125,-0.70166015625,0.19677734375,0.3624267578125,0.41033935546875,-0.8338623046875,0.070068359375
116,0.175537109375,-0.968994140625,-0.1727294921875,0.017822265625,0.95074462890625,0.2586669921875,-0.098388671875,-0.13909912109375,-0.20086669921875,-0.08941650390625,0.951416015625,-0.21527099609375,0.37322998046875,0.31109619140625,-0.7933349609375,0.3665771484375,0.4202880859375,0.5411376953125,-0.701171875,0.1968994140625,0.36309814453125,0.4110107421875,-0.833251953125,0.0692138671875
117,0.175537109375,-0.968994140625,-0.1727294921875,0.017822265625,0.95074462890625,0.2586669921875,-0.098388671875,-0.13909912109375,-0.20105776579483697,-0.08898660411005432,0.9512249490489131,-0.21608302904211962,0.37322998046875,0.31060791015625,-0.7930908203125,0.3675537109375,0.4202880859375,0.5411376953125,-0.701171875,0.1968994140625,0.36322021484375,0.4102783203125,-0.83343505859375,0.07073974609375
118,0.17431640625,-0.9691162109375,-0.17333984375,0.01837158203125,0.9508056640625,0.25885009765625,-0.09765625,-0.13885498046875,-0.20172119140625,-0.0897216796875,0.95123291015625,-0.21527099609375,0.37335205078125,0.31170654296875,-0.7930908203125,0.3665771484375,0.420654296875,0.5413818359375,-0.70074462890625,0.19696044921875,0.36346435546875,0.41107177734375,-0.83306884765625,0.069580078125
119,0.17431640625,-0.9691162109375,-0.17333984375,0.01837158203125,0.9508056640625,0.25885009765625,-0.09765625,-0.13885498046875,-0.2017807976457985,-0.08963227032817725,0.9511733039167015,-0.215509421051944,0.373779296875,0.31146240234375,-0.7926025390625,0.3673095703125,0.420654296875,0.5413818359375,-0.70074462890625,0.19696044921875,0.36431884765625,0.41033935546875,-0.83294677734375,0.07086181640625
120,0.17364501953125,-0.9691162109375,-0.1739501953125,0.019287109375,0.9510498046875,0.25872802734375,-0.09661865234375,-0.1383056640625,-0.2027587890625,-0.09033203125,0.950927734375,-0.2152099609375,0.37432861328125,0.31243896484375,-0.792236328125,0.36669921875,0.42193603515625,0.54150390625,-0.699951171875,0.19671630859375,0.36505126953125,0.41094970703125,-0.8323974609375,0.07012939453125
121,0.17364501953125,-0.9691162109375,-0.1739501953125,0.019287109375,0.9510498046875,0.25872802734375,-0.09661865234375,-0.1383056640625,-0.20280614744460704,-0.09030835205894648,0.950927734375,-0.2152099609375,0.375,0.3123779296875,-0.7918701171875,0.36688232421875,0.42193603515625,0.54150390625,-0.699951171875,0.19671630859375,0.365966796875,0.4102783203125,-0.83221435546875,0.07080078125
122,0.17333984375,-0.968994140625,-0.174560546875,0.02001953125,0.95135498046875,0.25860595703125,-0.0953369140625,-0.1373291015625,-0.2037353515625,-0.09088134765625,0.95074462890625,-0.215087890625,0.37542724609375,0.3131103515625,-0.79144287109375,0.36669921875,0.4234619140625,0.54156494140625,-0.69903564453125,0.196533203125,0.36663818359375,0.41082763671875,-0.83172607421875,0.0704345703125
123,0.17333984375,-0.968994140625,-0.174560546875,0.02001953125,0.95135498046875,0.25860595703125,-0.0953369140625,-0.1373291015625,-0.2037353515625,-0.09088134765625,0.95074462890625,-0.215087890625,0.37615966796875,0.3128662109375,-0.7911376953125,0.366943359375,0.4234619140625,0.54156494140625,-0.69903564453125,0.196533203125,0.3675167632342183,0.41022361321592804,-0.8316162517636915,0.07098368258779267
124,0.173095703125,-0.968994140625,-0.17510986328125,0.01947021484375,0.95147705078125,0.2587890625,-0.0946044921875,-0.13677978515625,-0.20404052734375,-0.091064453125,0.95062255859375,-0.215087890625,0.37548828125,0.3133544921875,-0.79119873046875,0.36700439453125,0.4241943359375,0.54132080078125,-0.6986083984375,0.197265625,0.3670654296875,0.4107666015625,-0.83148193359375,0.0711669921875
125,0.173095703125,-0.968994140625,-0.17510986328125,0.01947021484375,0.95147705078125,0.2587890625,-0.0946044921875,-0.13677978515625,-0.20404052734375,-0.091064453125,0.95062255859375,-0.215087890625,0.376953125,0.313232421875,-0.7904052734375,0.367431640625,0.4241943359375,0.54132080078125,-0.6986083984375,0.197265625,0.3680999653793897,0.4102862814198369,-0.8312232996707776,0.07146257381375419
126,0.173095703125,-0.96893310546875,-0.1754150390625,0.01824951171875,0.95135498046875,0.259521484375,-0.09423828125,-0.13653564453125,-0.20428466796875,-0.09130859375,0.95062255859375,-0.21484375,0.37579345703125,0.31329345703125,-0.79071044921875,0.3677978515625,0.42510986328125,0.5408935546875,-0.6981201171875,0.19805908203125,0.36773681640625,0.410400390625,-0.831298828125,0.0721435546875
127,0.173095703125,-0.96893310546875,-0.1754150390625,0.01824951171875,0.95135498046875,0.259521484375,-0.09423828125,-0.13653564453125,-0.20468333572846992,-0.09130859375,0.9505656060566472,-0.21467289238869147,0.37750244140625,0.31341552734375,-0.7899169921875,0.36767578125,0.42510986328125,0.5408935546875,-0.6981201171875,0.19805908203125,0.36968994140625,0.40966796875,-0.83074951171875,0.07244873046875
128,0.1732177734375,-0.9688720703125,-0.1756591796875,0.01739501953125,0.95123291015625,0.26007080078125,-0.09393310546875,-0.136474609375,-0.2047119140625,-0.09149169921875,0.95062255859375,-0.21441650390625,0.376708984375,0.31341552734375,-0.79010009765625,0.36810302734375,0.42584228515625,0.54034423828125,-0.69781494140625,0.19903564453125,0.36895751953125,0.40997314453125,-0.83087158203125,0.0728759765625
129,0.1732177734375,-0.9688720703125,-0.1756591796875,0.01739501953125,0.95123291015625,0.26007080078125,-0.09393310546875,-0.136474609375,-0.20472314126515467,-0.09148659594481605,0.9506194966293896,-0.21442262783497074,0.37762451171875,0.313232421875,-0.78961181640625,0.368408203125,0.42584228515625,0.54034423828125,-0.69781494140625,0.19903564453125,0.3695068359375,0.4093017578125,-0.8309326171875,0.07342529296875
130,0.172607421875,-0.968994140625,-0.1759033203125,0.0167236328125,0.95111083984375,0.260498046875,-0.09381103515625,-0.1363525390625,-0.20477294921875,-0.09149169921875,0.95062255859375,-0.21417236328125,0.37689208984375,0.3135986328125,-0.78997802734375,0.36810302734375,0.42510986328125,0.5404052734375,-0.69805908203125,0.1995849609375,0.3687744140625,0.4097900390625,-0.8310546875,0.0731201171875
131,0.172607421875,-0.968994140625,-0.1759033203125,0.0167236328125,0.95111083984375,0.260498046875,-0.09381103515625,-0.1363525390625,-0.20477294921875,-0.09149169921875,0.95062255859375,-0.21417236328125,0.376708984375,0.31329345703125,-0.7899169921875,0.36859130859375,0.42510986328125,0.5404052734375,-0.69805908203125,0.1995849609375,0.36842167576818563,0.4097459467757107,-0.8312310566471572,0.0732964863346572
132,0.17218017578125,-0.96905517578125,-0.1759033203125,0.0166015625,0.9510498046875,0.26092529296875,-0.09381103515625,-0.135986328125,-0.20440673828125,-0.0914306640625,0.95074462890625,-0.2142333984375,0.3765869140625,0.3134765625,-0.79010009765625,0.36822509765625,0.4244384765625,0.54058837890625,-0.69842529296875,0.19927978515625,0.3680419921875,0.409912109375,-0.831298828125,0.072998046875
133,0.17218017578125,-0.96905517578125,-0.1759033203125,0.0166015625,0.9510498046875,0.26092529296875,-0.09381103515625,-0.135986328125,-0.20424996570599915,-0.09145679282504181,0.9507707576687918,-0.2142072696749582,0.376220703125,0.3134765625,-0.79022216796875,0.36822509765625,0.4244384765625,0.54058837890625,-0.69842529296875,0.19927978515625,0.36767578125,0.409912109375,-0.83148193359375,0.07281494140625
134,0.17205810546875,-0.96905517578125,-0.1759033203125,0.0164794921875,0.950927734375,0.26177978515625,-0.09381103515625,-0.13543701171875,-0.20391845703125,-0.09149169921875,0.95086669921875,-0.21405029296875,0.3761329268133361,0.3135108565008361,-0.7903270912808319,0.3681640625,0.4241943359375,0.5406494140625,-0.69854736328125,0.19915771484375,0.36749267578125,0.40997314453125,-0.83154296875,0.07275390625
135,0.17205810546875,-0.96905517578125,-0.1759033203125,0.0164794921875,0.950927734375,0.26177978515625,-0.09381103515625,-0.13543701171875,-0.2039266222695443,-0.09150802969533862,0.9508503687421613,-0.2140992843985159,0.376220703125,0.3135986328125,-0.790283203125,0.3681640625,0.4241943359375,0.5406494140625,-0.69854736328125,0.19915771484375,0.36767578125,0.40985107421875,-0.83148193359375,0.0732421875
136,0.17138671875,-0.96923828125,-0.1756591796875,0.01611328125,0.95074462890625,0.2625732421875,-0.0936279296875,-0.1353759765625,-0.20367431640625,-0.09149169921875,0.95098876953125,-0.21368408203125,0.37579345703125,0.3135986328125,-0.79071044921875,0.3675537109375,0.4237060546875,0.54058837890625,-0.69873046875,0.19964599609375,0.36712646484375,0.409912109375,-0.83172607421875,0.0726318359375
137,0.17138671875,-0.96923828125,-0.1756591796875,0.01611328125,0.95074462890625,0.2625732421875,-0.0936279296875,-0.1353759765625,-0.20367431640625,-0.09149169921875,0.95098876953125,-0.21368408203125,0.37591552734375,0.3134765625,-0.79022216796875,0.3685302734375,0.4237060546875,0.54058837890625,-0.69873046875,0.19964599609375,0.36717770171404684,0.409912109375,-0.8316236004781563,0.07360533647313965
138,0.1702880859375,-0.969482421875,-0.1754150390625,0.0155029296875,0.9505615234375,0.2633056640625,-0.09344482421875,-0.13525390625,-0.2034912109375,-0.09149169921875,0.95111083984375,-0.21343994140625,0.3752863957331731,0.3134906475360577,-0.7907245342548077,0.36814058743990385,0.42279052734375,0.54071044921875,-0.69915771484375,0.19989013671875,0.3663330078125,0.41015625,-0.83197021484375,0.0728759765625
139,0.1702880859375,-0.969482421875,-0.1754150390625,0.0155029296875,0.9505615234375,0.2633056640625,-0.09344482421875,-0.13525390625,-0.20352448428354933,-0.09132533248850334,0.9510442931516513,-0.21380594821279264,0.37530517578125,0.31341552734375,-0.7906494140625,0.36834716796875,0.42279052734375,0.54071044921875,-0.69915771484375,0.19989013671875,0.3661999144283027,0.410056429961852,-0.8320367615358487,0.07317543667694398
140,0.16961669921875,-0.9696044921875,-0.17547607421875,0.0152587890625,0.95050048828125,0.26348876953125,-0.09332275390625,-0.1353759765625,-0.203369140625,-0.09136962890625,0.95111083984375,-0.21343994140625,0.37493896484375,0.3135506620375209,-0.7909302982598244,0.3680289278062291,0.42205810546875,0.540771484375,-0.69952392578125,0.20001220703125,0.36566162109375,0.4102783203125,-0.8321533203125,0.0728759765625
141,0.16961669921875,-0.9696044921875,-0.17547607421875,0.0152587890625,0.95050048828125,0.26348876953125,-0.09332275390625,-0.1353759765625,-0.20341507009040552,-0.09127776997543895,0.9510955300219481,-0.21353180033706104,0.37493896484375,0.31329345703125,-0.7908935546875,0.3682861328125,0.42205810546875,0.540771484375,-0.69952392578125,0.20001220703125,0.36564631127194813,0.4102017712034908,-0.8321992497779055,0.0729831453151129
142,0.16925048828125,-0.96966552734375,-0.1756591796875,0.01483154296875,0.950439453125,0.263671875,-0.09326171875,-0.1353759765625,-0.203125,-0.09124755859375,0.951171875,-0.21343994140625,0.37451396419053096,0.3134449222016095,-0.7911060550141095,0.3681346676421405,0.421875,0.5406494140625,-0.6995849609375,0.20037841796875,0.36517333984375,0.4102783203125,-0.8323974609375,0.0731201171875
143,0.16925048828125,-0.96966552734375,-0.1756591796875,0.01483154296875,0.950439453125,0.263671875,-0.09326171875,-0.1353759765625,-0.203125,-0.09124755859375,0.951171875,-0.21343994140625,0.37506103515625,0.31317138671875,-0.79083251953125,0.368408203125,0.421875,0.5406494140625,-0.6995849609375,0.20037841796875,0.3656403914741848,0.40986965013586957,-0.8323974609375,0.07335364300271739
144,0.169189453125,-0.96966552734375,-0.17578125,0.01409912109375,0.9503173828125,0.26416015625,-0.09307861328125,-0.13543701171875,-0.2032470703125,-0.0911865234375,0.951171875,-0.21337890625,0.37502020896477845,0.31297378795202757,-0.7908790613895276,0.3685419089020694,0.421875,0.540283203125,-0.69976806640625,0.20086669921875,0.364990234375,0.4100341796875,-0.83251953125,0.07354736328125
145,0.169189453125,-0.96966552734375,-0.17578125,0.01409912109375,0.9503173828125,0.26416015625,-0.09307861328125,-0.13543701171875,-0.2032470703125,-0.0911865234375,0.951171875,-0.21337890625,0.37518310546875,0.31292724609375,-0.79083251953125,0.3685302734375,0.421875,0.540283203125,-0.69976806640625,0.20086669921875,0.3654752495296823,0.409751254180602,-0.8324791133204431,0.07342610949257942
146,0.1695556640625,-0.96954345703125,-0.1759033203125,0.01336669921875,0.95025634765625,0.26446533203125,-0.09307861328125,-0.13543701171875,-0.20343017578125,-0.091064453125,0.951171875,-0.21331787109375,0.3749499879154473,0.3127755767924331,-0.7907678100177675,0.3689538451740176,0.42218017578125,0.53997802734375,-0.69964599609375,0.2012939453125,0.36517333984375,0.40966796875,-0.83258056640625,0.073974609375
147,0.1695556640625,-0.96954345703125,-0.1759033203125,0.01336669921875,0.95025634765625,0.26446533203125,-0.09307861328125,-0.13543701171875,-0.20354244780779684,-0.09110936193561874,0.9511494205946907,-0.21327296228313128,0.37530517578125,0.31280517578125,-0.7906494140625,0.36883544921875,0.42218017578125,0.53997802734375,-0.69964599609375,0.2012939453125,0.3653305206809156,0.40966796875,-0.8325132031903218,0.07395215496969064
148,0.16973876953125,-0.96954345703125,-0.17578125,0.01287841796875,0.9501953125,0.2646484375,-0.09326171875,-0.13543701171875,-0.2032470703125,-0.09100341796875,0.95123291015625,-0.21331787109375,0.37495243748693563,0.31261492572899247,-0.7907921016016931,0.3691200077733069,0.42205810546875,0.5399169921875,-0.69964599609375,0.20184326171875,0.365234375,0.40960693359375,-0.8326416015625,0.07421875
149,0.16973876953125,-0.96954345703125,-0.17578125,0.01287841796875,0.9501953125,0.2646484375,-0.09326171875,-0.13543701171875,-0.20323808855037626,-0.09101239973087374,0.9512284192751881,-0.21334032549905937,0.375,0.31280517578125,-0.7906494140625,0.3692626953125,0.42205810546875,0.5399169921875,-0.69964599609375,0.20184326171875,0.36522090235681437,0.40961591535587377,-0.8326371106814381,0.07422324088106187
150,0.1695556640625,-0.9696044921875,-0.17559814453125,0.01275634765625,0.95013427734375,0.26483154296875,-0.093505859375,-0.13531494140625,-0.2030029296875,-0.0909423828125,0.95123291015625,-0.21343994140625,0.37459520831155935,0.31273964974393814,-0.7909456080816263,0.3690185546875,0.42153573434887126,0.5400255898568144,-0.6999421901128763,0.20154706769962374,0.3648681640625,0.40966796875,-0.83270263671875,0.0740966796875
151,0.1695556640625,-0.9696044921875,-0.17559814453125,0.01275634765625,0.95013427734375,0.26483154296875,-0.093505859375,-0.13531494140625,-0.2030029296875,-0.0909423828125,0.95123291015625,-0.21343994140625,0.37457275390625,0.312744140625,-0.79095458984375,0.3690185546875,0.4215087890625,0.5400390625,-0.699951171875,0.2015380859375,0.3648681640625,0.40966796875,-0.83270263671875,0.0740966796875
152,0.1697998046875,-0.9696044921875,-0.17559814453125,0.01300048828125,0.9501953125,0.26470947265625,-0.09356689453125,-0.13494873046875,-0.2027587890625,-0.0909423828125,0.95123291015625,-0.21368408203125,0.3747011522784281,0.31283742847251256,-0.790887226627822,0.3689091404943562,0.42169189453125,0.5401611328125,-0.69989013671875,0.20111083984375,0.36474609375,0.40972900390625,-0.832763671875,0.0738525390625
153,0.1697998046875,-0.9696044921875,-0.17559814453125,0.01300048828125,0.9501953125,0.26470947265625,-0.09356689453125,-0.13494873046875,-0.20278838805131688,-0.09103117977895067,0.9512625091450669,-0.21353608708716554,0.3746337890625,0.31292724609375,-0.79095458984375,0.3687744140625,0.42169189453125,0.5401611328125,-0.69989013671875,0.20111083984375,0.36489408869408446,0.4097586028950669,-0.8327044738973662,0.07364534614078176
154,0.17022705078125,-0.96954345703125,-0.175537109375,0.012939453125,0.95013427734375,0.26513671875,-0.093505859375,-0.1346435546875,-0.20269775390625,-0.09100341796875,0.95123291015625,-0.2137451171875,0.37483914480560204,0.3127861916022157,-0.7908119023045569,0.36897568718645485,0.42230224609375,0.53997802734375,-0.69970703125,0.20098876953125,0.3651123046875,0.40960693359375,-0.83270263671875,0.07379150390625
155,0.17022705078125,-0.96954345703125,-0.175537109375,0.012939453125,0.95013427734375,0.26513671875,-0.093505859375,-0.1346435546875,-0.20276756669366638,-0.09103832436245819,0.95123291015625,-0.21367530440008362,0.3751220703125,0.31298828125,-0.790771484375,0.36865234375,0.42230224609375,0.53997802734375,-0.69970703125,0.20098876953125,0.3651821174749164,0.4095952981291806,-0.8326793657896112,0.07373332658340301
156,0.17059326171875,-0.969482421875,-0.1754150390625,0.0126953125,0.95013427734375,0.265380859375,-0.093505859375,-0.13433837890625,-0.20281982421875,-0.0909423828125,0.95123291015625,-0.21368408203125,0.3753662109375,0.31280517578125,-0.7906494140625,0.368896484375,0.42254638671875,0.5396728515625,-0.69970703125,0.2012939453125,0.3653564453125,0.40936279296875,-0.83270263671875,0.0738525390625
157,0.17059326171875,-0.969482421875,-0.1754150390625,0.0126953125,0.95013427734375,0.265380859375,-0.093505859375,-0.13433837890625,-0.20281982421875,-0.0909423828125,0.95123291015625,-0.21368408203125,0.3753662109375,0.31280517578125,-0.7906494140625,0.368896484375,0.42254638671875,0.5396728515625,-0.69970703125,0.2012939453125,0.3653564453125,0.40936279296875,-0.83270263671875,0.0738525390625
158,0.17059326171875,-0.969482421875,-0.17529296875,0.012451171875,0.9500732421875,0.265625,-0.093505859375,-0.13409423828125,-0.2027587890625,-0.0909423828125,0.95123291015625,-0.21380615234375,0.37518310546875,0.31268310546875,-0.7907257590405519,0.3689879350438963,0.4223175559155518,0.53961181640625,-0.6998291015625,0.20144643113764632,0.3651123046875,0.4093017578125,-0.83282470703125,0.07403564453125
159,0.17059326171875,-0.969482421875,-0.17529296875,0.012451171875,0.9500732421875,0.265625,-0.093505859375,-0.13409423828125,-0.2027587890625,-0.0909423828125,0.95123291015625,-0.21380615234375,0.37518310546875,0.31268310546875,-0.79071044921875,0.3690185546875,0.42230224609375,0.53961181640625,-0.6998291015625,0.20147705078125,0.3651123046875,0.4093017578125,-0.83282470703125,0.07403564453125
160,0.1705322265625,-0.96954345703125,-0.1751708984375,0.01251220703125,0.95001220703125,0.265869140625,-0.09368896484375,-0.13397216796875,-0.2027587890625,-0.09088134765625,0.95123291015625,-0.21380615234375,0.375,0.31280517578125,-0.79083251953125,0.36871337890625,0.42205810546875,0.5396728515625,-0.70001220703125,0.2012939453125,0.36505126953125,0.40924072265625,-0.8328857421875,0.07391357421875
161,0.1705322265625,-0.96954345703125,-0.1751708984375,0.01251220703125,0.95001220703125,0.265869140625,-0.09368896484375,-0.13397216796875,-0.2026648888221154,-0.09093768780048077,0.9512516902043269,-0.21378737229567307,0.375,0.31280517578125,-0.79083251953125,0.36871337890625,0.42205810546875,0.5396728515625,-0.70001220703125,0.2012939453125,0.36495736929086536,0.40927828275240385,-0.8329233022836539,0.07381967397836538
162,0.1707763671875,-0.969482421875,-0.17510986328125,0.0126953125,0.949951171875,0.2662353515625,-0.09375,-0.13360595703125,-0.20257568359375,-0.09100341796875,0.95123291015625,-0.21392822265625,0.37518310546875,0.312744140625,-0.7908935546875,0.3685302734375,0.4222412109375,0.53948974609375,-0.7000732421875,0.2010498046875,0.36492919921875,0.4091796875,-0.83294677734375,0.07373046875
163,0.1707763671875,-0.969482421875,-0.17510986328125,0.0126953125,0.949951171875,0.2662353515625,-0.09375,-0.13360595703125,-0.20257650011757944,-0.09100260144492056,0.95123291015625,-0.21392658960859112,0.37518310546875,0.312744140625,-0.7908935546875,0.3685302734375,0.4222412109375,0.53948974609375,-0.7000732421875,0.2010498046875,0.3649267496472617,0.4091780544523411,-0.8329492269152383,0.07372638613085283
164,0.1710205078125,-0.96942138671875,-0.1751708984375,0.01263427734375,0.9499593371132943,0.26646704019910117,-0.09365242540238294,-0.13321953712897158,-0.2025146484375,-0.0909423828125,0.95123291015625,-0.21405029296875,0.3753945851405727,0.31252449571488294,-0.7908243542929557,0.36861580430863294,0.42235511601170567,0.5392172312656772,-0.7001708167851171,0.2012410753945443,0.36474609375,0.4090576171875,-0.8331298828125,0.07366943359375
165,0.1710205078125,-0.96942138671875,-0.1751708984375,0.01263427734375,0.949951171875,0.26654052734375,-0.0936279296875,-0.1331787109375,-0.2025146484375,-0.0909423828125,0.95123291015625,-0.21405029296875,0.37542724609375,0.3125,-0.79083251953125,0.36859130859375,0.42236328125,0.5391845703125,-0.7001953125,0.20123291015625,0.36474609375,0.4090576171875,-0.8331298828125,0.07366943359375
166,0.17120361328125,-0.96942138671875,-0.17523193359375,0.0123291015625,0.94989013671875,0.266845703125,-0.09344482421875,-0.1328125,-0.20257568359375,-0.09088134765625,0.951171875,-0.21405029296875,0.37554931640625,0.31243896484375,-0.79071044921875,0.3687744140625,0.4223896141434992,0.5390449447376672,-0.7001865348688336,0.2015729923312082,0.36474609375,0.4088134765625,-0.83319091796875,0.07391357421875
167,0.17120361328125,-0.96942138671875,-0.17523193359375,0.0123291015625,0.94989013671875,0.266845703125,-0.09344482421875,-0.1328125,-0.20257568359375,-0.09088134765625,0.951171875,-0.21405029296875,0.37554931640625,0.31243896484375,-0.79071044921875,0.3687744140625,0.42254638671875,0.5389404296875,-0.70013427734375,0.20159912109375,0.36474609375,0.4088134765625,-0.83319091796875,0.07391357421875
168,0.1712646484375,-0.96942138671875,-0.17510986328125,0.01202392578125,0.94989013671875,0.2669677734375,-0.093505859375,-0.1326904296875,-0.20257568359375,-0.09075927734375,0.95123291015625,-0.214111328125,0.37542724609375,0.3123779296875,-0.790771484375,0.36883544921875,0.42242431640625,0.5389404296875,-0.7001953125,0.2017822265625,0.36468505859375,0.40869140625,-0.833251953125,0.07415771484375
169,0.1712646484375,-0.96942138671875,-0.17510986328125,0.01202392578125,0.94989013671875,0.2669677734375,-0.093505859375,-0.1326904296875,-0.20257568359375,-0.09077519955842392,0.951216987941576,-0.21415113366168478,0.37542724609375,0.3123779296875,-0.790771484375,0.36883544921875,0.42242431640625,0.5389404296875,-0.7001953125,0.2017822265625,0.364693019701087,0.4087073284646739,-0.8332439920176631,0.07417363705842392
170,0.17120361328125,-0.969482421875,-0.17498779296875,0.01177978515625,0.9498891160639632,0.2670298292485368,-0.09356995649561037,-0.13251038618311037,-0.20233154296875,-0.09075927734375,0.95123291015625,-0.21435546875,0.3751241116220736,0.3123758883779264,-0.7908345608408236,0.36901447206835286,0.4221211819345736,0.5389994235341764,-0.7002583889658236,0.20202330522313963,0.364501953125,0.40875244140625,-0.83331298828125,0.07421875
171,0.17120361328125,-0.969482421875,-0.17498779296875,0.01177978515625,0.94989013671875,0.26702880859375,-0.09356689453125,-0.13250732421875,-0.20233154296875,-0.09075927734375,0.95123291015625,-0.21435546875,0.3751220703125,0.3123779296875,-0.79083251953125,0.3690185546875,0.422119140625,0.53900146484375,-0.70025634765625,0.2020263671875,0.364501953125,0.40875244140625,-0.83331298828125,0.07421875
172,0.171142578125,-0.969482421875,-0.1748046875,0.01153564453125,0.9498711525397158,0.2671088279290343,-0.09370386640363712,-0.13244220644335283,-0.20220947265625,-0.0906982421875,0.951171875,-0.21466064453125,0.3748969138665343,0.3122368751959657,-0.7909735740227842,0.36908367246289714,0.4218329490227843,0.5389214455084658,-0.7004584373040342,0.20215252011914717,0.3641357421875,0.4088134765625,-0.83343505859375,0.07440185546875
173,0.171142578125,-0.969482421875,-0.1748046875,0.01153564453125,0.94989013671875,0.26708984375,-0.0936279296875,-0.13238525390625,-0.20220947265625,-0.0906982421875,0.951171875,-0.21466064453125,0.3748779296875,0.312255859375,-0.79095458984375,0.369140625,0.42181396484375,0.5389404296875,-0.700439453125,0.20220947265625,0.3641357421875,0.4088134765625,-0.83343505859375,0.07440185546875
174,0.17120361328125,-0.96954345703125,-0.1746826171875,0.01116943359375,0.9498291015625,0.2672713161710911,-0.09384961590719065,-0.13227604384406355,-0.20208740234375,-0.09063720703125,0.951171875,-0.21490478515625,0.374755859375,0.31207275390625,-0.791015625,0.36920166015625,0.4215328765154682,0.5388424468279682,-0.70062255859375,0.20236849067203178,0.36383056640625,0.4088134765625,-0.83355712890625,0.07452392578125
175,0.17120361328125,-0.96954345703125,-0.1746826171875,0.01116943359375,0.9498291015625,0.2674560546875,-0.0936279296875,-0.1322021484375,-0.20208740234375,-0.09063720703125,0.951171875,-0.21490478515625,0.374755859375,0.31207275390625,-0.791015625,0.36920166015625,0.42156982421875,0.53887939453125,-0.70062255859375,0.20233154296875,0.36383056640625,0.4088134765625,-0.83355712890625,0.07452392578125
176,0.17156982421875,-0.969482421875,-0.17449951171875,0.0108642578125,0.94964599609375,0.2679443359375,-0.0938720703125,-0.132080078125,-0.2020263671875,-0.09051513671875,0.951171875,-0.21490478515625,0.37469482421875,0.31182861328125,-0.79119873046875,0.369140625,0.42149654120505853,0.5385925905361622,-0.7008056640625,0.2026487624764841,0.3636474609375,0.40869140625,-0.833740234375,0.074462890625
177,0.17156982421875,-0.969482421875,-0.17449951171875,0.0108642578125,0.94964599609375,0.2679443359375,-0.0938720703125,-0.132080078125,-0.2020263671875,-0.09051513671875,0.951171875,-0.21490478515625,0.37469482421875,0.31182861328125,-0.79119873046875,0.369140625,0.42138671875,0.53875732421875,-0.7008056640625,0.20220947265625,0.3636474609375,0.40869140625,-0.833740234375,0.074462890625
178,0.17218017578125,-0.96942138671875,-0.17431640625,0.01092529296875,0.949632319319607,0.2679243311036789,-0.09425195802414298,-0.132005366194607,-0.2017822265625,-0.09033203125,0.95123291015625,-0.2149658203125,0.37463195188388376,0.31164734499111624,-0.791273442399143,0.3691251110472408,0.4217529296875,0.53839111328125,-0.7008056640625,0.20257568359375,0.363525390625,0.4085693359375,-0.8338623046875,0.0740966796875
179,0.17218017578125,-0.96942138671875,-0.17431640625,0.01092529296875,0.9495849609375,0.26806640625,-0.09429931640625,-0.1319580078125,-0.2017822265625,-0.09033203125,0.95123291015625,-0.2149658203125,0.37457275390625,0.31170654296875,-0.79132080078125,0.3690185546875,0.421142578125,0.5386962890625,-0.70111083984375,0.20196533203125,0.363525390625,0.4085693359375,-0.8338623046875,0.0740966796875
180,0.17266845703125,-0.9693603515625,-0.1741943359375,0.0111083984375,0.9497056023332985,0.2677357140990803,-0.09445547658862878,-0.13192391794262123,-0.201171875,-0.09014892578125,0.95135498046875,-0.2152099609375,0.374267578125,0.3115234375,-0.79156494140625,0.3690185546875,0.4211027725883152,0.538516041427153,-0.7012059648698787,0.20214700858329848,0.36285400390625,0.4088134765625,-0.83404541015625,0.07366943359375
181,0.17266845703125,-0.9693603515625,-0.1741943359375,0.0111083984375,0.94964599609375,0.2679443359375,-0.0946044921875,-0.13177490234375,-0.201171875,-0.09014892578125,0.95135498046875,-0.2152099609375,0.374267578125,0.3115234375,-0.79156494140625,0.3690185546875,0.42071533203125,0.53863525390625,-0.70135498046875,0.20208740234375,0.36285400390625,0.4088134765625,-0.83404541015625,0.07366943359375
182,0.17266845703125,-0.96942138671875,-0.17388916015625,0.01123046875,0.9495982294497283,0.26788330078125,-0.09467879585597827,-0.13207477072010868,-0.20086669921875,-0.08978271484375,0.95135498046875,-0.2154541015625,0.373779296875,0.3111572265625,-0.79193115234375,0.3690185546875,0.42055876358695643,0.5385052224864131,-0.7016442340353262,0.20193083389945654,0.36199951171875,0.408935546875,-0.83441162109375,0.07330322265625
183,0.17266845703125,-0.96942138671875,-0.17388916015625,0.01123046875,0.94964599609375,0.26788330078125,-0.0947265625,-0.1318359375,-0.20081525821749577,-0.08976556784333192,0.951363553968959,-0.21547124856291808,0.373779296875,0.3111572265625,-0.79193115234375,0.3690185546875,0.4195556640625,0.5386962890625,-0.7020263671875,0.2020263671875,0.36199951171875,0.408935546875,-0.83441162109375,0.07330322265625
184,0.172607421875,-0.969482421875,-0.173583984375,0.010986328125,0.94952392578125,0.26800537109375,-0.09503173828125,-0.13201904296875,-0.19989013671875,-0.0892333984375,0.95159912109375,-0.215576171875,0.37252572866586536,0.31046236478365385,-0.7929640549879808,0.3686711237980769,0.41937255859375,0.53851318359375,-0.70233154296875,0.2020263671875,0.36004638671875,0.4093017578125,-0.83514404296875,0.07232666015625
185,0.172607421875,-0.969482421875,-0.173583984375,0.010986328125,0.9493408203125,0.26861572265625,-0.0953369140625,-0.1319580078125,-0.19989013671875,-0.0892333984375,0.95159912109375,-0.215576171875,0.3724365234375,0.3104248046875,-0.79302978515625,0.36865234375,0.4171142578125,0.538818359375,-0.70355224609375,0.20159912109375,0.36004638671875,0.4093017578125,-0.83514404296875,0.07232666015625
186,0.17315673828125,-0.9693603515625,-0.17352294921875,0.01080322265625,0.9491942542851171,0.26877984394596577,-0.09610260928354937,-0.13206619721989968,-0.1982421875,-0.08795166015625,0.95196533203125,-0.216064453125,0.370361328125,0.3089599609375,-0.7947998046875,0.3682861328125,0.41717529296875,0.53851318359375,-0.70355224609375,0.2021484375,0.3565673828125,0.409912109375,-0.83648681640625,0.07049560546875
187,0.17315673828125,-0.9693603515625,-0.17352294921875,0.01080322265625,0.94903564453125,0.2691650390625,-0.09637451171875,-0.1322021484375,-0.1982421875,-0.08795166015625,0.95196533203125,-0.216064453125,0.370361328125,0.3089599609375,-0.7947998046875,0.3682861328125,0.4132080078125,0.5389404296875,-0.70587158203125,0.20098876953125,0.3565673828125,0.409912109375,-0.83648681640625,0.07049560546875
188,0.1739501953125,-0.96923828125,-0.17352294921875,0.0107421875,0.9491370976170569,0.2687590225883153,-0.09674113091816475,-0.13208028225595736,-0.1961669921875,-0.086669921875,0.9522705078125,-0.2169189453125,0.36810302734375,0.30767822265625,-0.7962646484375,0.3682861328125,0.4124519067464462,0.5387781455764006,-0.7063412873641306,0.2014356121969063,0.35235595703125,0.4107666015625,-0.83807373046875,0.0684814453125
189,0.1739501953125,-0.96923828125,-0.17352294921875,0.0107421875,0.948974609375,0.269287109375,-0.09698486328125,-0.1322021484375,-0.1961669921875,-0.086669921875,0.9522705078125,-0.2169189453125,0.36810302734375,0.30767822265625,-0.7962646484375,0.3682861328125,0.41046142578125,0.5390625,-0.7073974609375,0.20098876953125,0.35235595703125,0.4107666015625,-0.83807373046875,0.0684814453125
190,0.17431640625,-0.96923828125,-0.17315673828125,0.01019287109375,0.9489111246472617,0.26912115090666805,-0.09769768858434363,-0.1322705323082149,-0.1953125,-0.08587646484375,0.95245361328125,-0.21728515625,0.3668212890625,0.30657958984375,-0.797119140625,0.36871337890625,0.410090111569816,0.5386450521922032,-0.7077979658758361,0.2014086669105351,0.35015869140625,0.410888671875,-0.8389892578125,0.06756591796875
191,0.17431640625,-0.96923828125,-0.17315673828125,0.01019287109375,0.9488525390625,0.26953125,-0.09722900390625,-0.1324462890625,-0.1953125,-0.08587646484375,0.95245361328125,-0.21728515625,0.3668212890625,0.30657958984375,-0.797119140625,0.36871337890625,0.40850830078125,0.53887939453125,-0.7086181640625,0.20123291015625,0.35015869140625,0.410888671875,-0.8389892578125,0.06756591796875
192,0.17437744140625,-0.96929931640625,-0.1728515625,0.00921630859375,0.9485328699832776,0.27023060265990806,-0.09784139677832356,-0.13258183201818563,-0.19427490234375,-0.08514404296875,0.95269775390625,-0.217529296875,0.3648681640625,0.305419921875,-0.7984619140625,0.36871337890625,0.40777587890625,0.53863525390625,-0.7091064453125,0.20159912109375,0.34716796875,0.4112548828125,-0.84014892578125,0.06640625
193,0.17437744140625,-0.96929931640625,-0.1728515625,0.00921630859375,0.948486328125,0.2703857421875,-0.09771728515625,-0.1326904296875,-0.19427490234375,-0.08514404296875,0.95269775390625,-0.217529296875,0.3648681640625,0.305419921875,-0.7984619140625,0.36871337890625,0.4056396484375,0.53912353515625,-0.71014404296875,0.200927734375,0.34716796875,0.4112548828125,-0.84014892578125,0.06640625
194,0.17486572265625,-0.96923828125,-0.17266845703125,0.00848388671875,0.9483760974080268,0.27064355958664305,-0.09837295379128343,-0.13250140442098662,-0.19342041015625,-0.08453369140625,0.952880859375,-0.2177734375,0.36376953125,0.30450439453125,-0.79931640625,0.36871337890625,0.4052734375,0.538818359375,-0.71038818359375,0.20159912109375,0.3453369140625,0.41131591796875,-0.8409423828125,0.06561279296875
195,0.17486572265625,-0.96923828125,-0.17266845703125,0.00848388671875,0.9482421875,0.27117919921875,-0.09820556640625,-0.132568359375,-0.19342041015625,-0.08453369140625,0.952880859375,-0.2177734375,0.36376953125,0.30450439453125,-0.79931640625,0.36871337890625,0.4049072265625,0.53863525390625,-0.7109375,0.2008056640625,0.3453369140625,0.41131591796875,-0.8409423828125,0.06561279296875
196,0.17578125,-0.9691162109375,-0.172607421875,0.00811767578125,0.9483773221937709,0.27061947213367477,-0.09875835303877507,-0.13232421875,-0.1932373046875,-0.08428955078125,0.952880859375,-0.21783447265625,0.36376953125,0.3040771484375,-0.7994384765625,0.3687744140625,0.40496826171875,0.5382080078125,-0.71099853515625,0.20172119140625,0.34503173828125,0.41107177734375,-0.84124755859375,0.06512451171875
197,0.1757898235002091,-0.9691149861517558,-0.17260558469638376,0.008116450995505843,0.9481219543661162,0.27153806144178505,-0.09845399378135455,-0.13232360635712792,-0.19323363033026753,-0.08428771360263376,0.9528814717678721,-0.21783630983486624,0.3637701436428721,0.3040716369016513,-0.7994366393838838,0.36878176277696495,0.4048486409777383,0.5383251789820234,-0.7112432881741221,0.20075136522784287,0.3450323506741221,0.41106749059364545,-0.8412481709866221,0.06513247282608702
198,0.1766357421875,-0.968994140625,-0.17242431640625,0.00799560546875,0.94830322265625,0.27081298828125,-0.098876953125,-0.13226318359375,-0.19287109375,-0.0841064453125,0.95294189453125,-0.218017578125,0.3636474609375,0.3037109375,-0.79962158203125,0.36883544921875,0.40509033203125,0.537841796875,-0.7113037109375,0.201416015625,0.34478759765625,0.410888671875,-0.8414306640625,0.0648193359375
199,0.1766357421875,-0.968994140625,-0.17242431640625,0.00799560546875,0.9481201171875,0.271484375,-0.09881591796875,-0.13214111328125,-0.19287109375,-0.0841064453125,0.95294189453125,-0.218017578125,0.3636474609375,0.3037109375,-0.79962158203125,0.36883544921875,0.40460205078125,0.5380859375,-0.7115478515625,0.20086669921875,0.34478759765625,0.410888671875,-0.8414306640625,0.0648193359375
200,0.17694091796875,-0.96893310546875,-0.17230224609375,0.00787353515625,0.94818115234375,0.271240234375,-0.09906005859375,-0.13214111328125,-0.1923828125,-0.0838623046875,0.9530029296875,-0.21820068359375,0.36328125,0.30352783203125,-0.7998046875,0.36883544921875,0.4046630859375,0.537841796875,-0.71160888671875,0.20111083984375,0.34417724609375,0.41094970703125,-0.84161376953125,0.06475830078125
201,0.17694091796875,-0.96893310546875,-0.17230224609375,0.00787353515625,0.94818115234375,0.27142333984375,-0.0987548828125,-0.1319580078125,-0.1923828125,-0.0838623046875,0.9530029296875,-0.21820068359375,0.36328125,0.30352783203125,-0.7998046875,0.36883544921875,0.40435791015625,0.53790283203125,-0.711669921875,0.20135498046875,0.34417724609375,0.41094970703125,-0.84161376953125,0.06475830078125
202,0.17669677734375,-0.96905517578125,-0.17205810546875,0.0076904296875,0.94810929824676,0.2716005255147366,-0.09885429458873328,-0.13207415832723662,-0.1922607421875,-0.0836181640625,0.95306396484375,-0.21826171875,0.3631591796875,0.30340576171875,-0.79986572265625,0.3690185546875,0.40411376953125,0.537841796875,-0.7119140625,0.201171875,0.3438720703125,0.41094970703125,-0.841796875,0.06488037109375
203,0.17669677734375,-0.96905517578125,-0.17205810546875,0.0076904296875,0.9482421875,0.27142333984375,-0.0986328125,-0.13189697265625,-0.1922607421875,-0.0836181640625,0.95306396484375,-0.21826171875,0.3631591796875,0.30340576171875,-0.79986572265625,0.3690185546875,0.40411376953125,0.5379638671875,-0.71173095703125,0.2015380859375,0.3438720703125,0.41094970703125,-0.841796875,0.06488037109375
204,0.17657470703125,-0.9691162109375,-0.17181396484375,0.007568359375,0.9481201171875,0.2716064453125,-0.09881591796875,-0.132080078125,-0.1922607421875,-0.08367919921875,0.95306396484375,-0.21826171875,0.363037109375,0.30352783203125,-0.79986572265625,0.36895751953125,0.40399169921875,0.537841796875,-0.7119140625,0.201416015625,0.34381103515625,0.41107177734375,-0.84173583984375,0.0648193359375
205,0.17657470703125,-0.9691162109375,-0.17181396484375,0.007568359375,0.9481201171875,0.271728515625,-0.0985107421875,-0.1318359375,-0.1922607421875,-0.08367919921875,0.95306396484375,-0.21826171875,0.363037109375,0.30352783203125,-0.79986572265625,0.36895751953125,0.40399169921875,0.5382080078125,-0.71173095703125,0.20123291015625,0.34381103515625,0.41107177734375,-0.84173583984375,0.0648193359375
206,0.17694091796875,-0.96905517578125,-0.171630859375,0.007568359375,0.9482421875,0.27142333984375,-0.09869384765625,-0.13189697265625,-0.1920166015625,-0.08349609375,0.95306396484375,-0.2183837890625,0.36309814453125,0.3035888671875,-0.7999267578125,0.36871337890625,0.4041748046875,0.53790283203125,-0.7117919921875,0.20147705078125,0.3438720703125,0.4110107421875,-0.84173583984375,0.064697265625
207,0.17694091796875,-0.96905517578125,-0.171630859375,0.007568359375,0.94805908203125,0.27203369140625,-0.0986328125,-0.1318359375,-0.1920166015625,-0.08349609375,0.95306396484375,-0.2183837890625,0.36309814453125,0.3035888671875,-0.7999267578125,0.36871337890625,0.40423583984375,0.5380859375,-0.7117919921875,0.2008056640625,0.3438720703125,0.4110107421875,-0.84173583984375,0.064697265625
208,0.17755126953125,-0.96893310546875,-0.171630859375,0.007568359375,0.94818115234375,0.271484375,-0.09881591796875,-0.1317138671875,-0.19189453125,-0.08349609375,0.953125,-0.21832275390625,0.36346435546875,0.30352783203125,-0.79986572265625,0.36859130859375,0.40447998046875,0.537841796875,-0.711669921875,0.2012939453125,0.34417724609375,0.41082763671875,-0.84173583984375,0.0645751953125
209,0.17755126953125,-0.96893310546875,-0.171630859375,0.007568359375,0.94805908203125,0.27227783203125,-0.0986328125,-0.13140869140625,-0.19189453125,-0.08349609375,0.953125,-0.21832275390625,0.36346435546875,0.30352783203125,-0.79986572265625,0.36859130859375,0.4046630859375,0.53790283203125,-0.711669921875,0.2008056640625,0.34417724609375,0.41082763671875,-0.84173583984375,0.0645751953125
210,0.17791748046875,-0.9688720703125,-0.17156982421875,0.0074462890625,0.9481201171875,0.27197265625,-0.098876953125,-0.13134765625,-0.1917724609375,-0.08343505859375,0.95318603515625,-0.21826171875,0.3636474609375,0.30340576171875,-0.7998046875,0.36859130859375,0.4046630859375,0.5377197265625,-0.711669921875,0.201171875,0.34429931640625,0.41064453125,-0.84173583984375,0.064697265625
211,0.17791748046875,-0.9688720703125,-0.17156982421875,0.0074462890625,0.94805908203125,0.272216796875,-0.0985107421875,-0.1312255859375,-0.1917724609375,-0.08343505859375,0.95318603515625,-0.21826171875,0.3636474609375,0.30340576171875,-0.7998046875,0.36859130859375,0.40489497870505853,0.5377197265625,-0.7115539754912207,0.201171875,0.34429931640625,0.41064453125,-0.84173583984375,0.064697265625
212,0.177978515625,-0.96893310546875,-0.1715087890625,0.00732421875,0.94805908203125,0.272216796875,-0.09869384765625,-0.1312255859375,-0.19183349609375,-0.08349609375,0.953125,-0.21826171875,0.363525390625,0.303466796875,-0.79986572265625,0.36865234375,0.40478515625,0.53765869140625,-0.711669921875,0.20123291015625,0.34423828125,0.41070556640625,-0.84173583984375,0.0648193359375
213,0.177978515625,-0.96893310546875,-0.1715087890625,0.00732421875,0.94805908203125,0.27252197265625,-0.09844970703125,-0.130859375,-0.19183349609375,-0.08349609375,0.953125,-0.21826171875,0.363525390625,0.303466796875,-0.79986572265625,0.36865234375,0.40478515625,0.53778076171875,-0.7115478515625,0.2012939453125,0.34423828125,0.41070556640625,-0.84173583984375,0.0648193359375
214,0.17779541015625,-0.96893310546875,-0.17138671875,0.00738525390625,0.947998046875,0.27264404296875,-0.098388671875,-0.1309814453125,-0.19183349609375,-0.08349609375,0.95318603515625,-0.21826171875,0.36346435546875,0.30352783203125,-0.7999267578125,0.368408203125,0.40472412109375,0.53778076171875,-0.711669921875,0.20111083984375,0.3441162109375,0.41070556640625,-0.841796875,0.06475830078125
215,0.17779541015625,-0.96893310546875,-0.17138671875,0.00738525390625,0.9481201171875,0.27252197265625,-0.0982666015625,-0.13067626953125,-0.19183349609375,-0.08349609375,0.95318603515625,-0.21826171875,0.36346435546875,0.30352783203125,-0.7999267578125,0.368408203125,0.4044189453125,0.5377197265625,-0.7117919921875,0.2012939453125,0.3441162109375,0.41070556640625,-0.841796875,0.06475830078125
216,0.177490234375,-0.968994140625,-0.17144775390625,0.00738525390625,0.94805908203125,0.27276611328125,-0.09820556640625,-0.13067626953125,-0.191650390625,-0.08349609375,0.95318603515625,-0.2183837890625,0.36297607421875,0.30340576171875,-0.8001708984375,0.36846923828125,0.40423583984375,0.53790283203125,-0.7117919921875,0.2010498046875,0.3436279296875,0.410888671875,-0.8419189453125,0.064697265625
217,0.17746573866011706,-0.9689982232441472,-0.17146000176369147,0.00738525390625,0.9481160345683528,0.27260750352738294,-0.09794917792380853,-0.13042804628710283,-0.19164630800585283,-0.08347568065426421,0.95318603515625,-0.2183837890625,0.3629474958847199,0.3033894312421614,-0.8001953941523829,0.36845699042380853,0.40386146366795567,0.5377401396582357,-0.7121541205058528,0.20115554452341136,0.34362384706835286,0.4109050023515886,-0.8419148626933528,0.06468093514841138
218,0.1771240234375,-0.96905517578125,-0.171630859375,0.00738525390625,0.94805908203125,0.27294921875,-0.0977783203125,-0.13037109375,-0.19158935546875,-0.08319091796875,0.95318603515625,-0.2183837890625,0.362548828125,0.30316162109375,-0.800537109375,0.3682861328125,0.40374755859375,0.53802490234375,-0.71209716796875,0.200927734375,0.34320068359375,0.4107666015625,-0.8421630859375,0.06463623046875
219,0.1771240234375,-0.96905517578125,-0.171630859375,0.00738525390625,0.94818115234375,0.27301025390625,-0.09698486328125,-0.130126953125,-0.19158935546875,-0.08319091796875,0.95318603515625,-0.2183837890625,0.362548828125,0.30316162109375,-0.800537109375,0.3682861328125,0.40327601608225333,0.537459051329954,-0.712663018982546,0.20125781413304766,0.34320068359375,0.4107666015625,-0.8421630859375,0.06463623046875
220,0.1763916015625,-0.9691162109375,-0.17205810546875,0.00714111328125,0.947998046875,0.27374267578125,-0.0968017578125,-0.1297607421875,-0.19183349609375,-0.08270263671875,0.953125,-0.21856689453125,0.36163330078125,0.3023681640625,-0.80120849609375,0.368408203125,0.40264892578125,0.53790283203125,-0.7127685546875,0.20098876953125,0.341796875,0.41082763671875,-0.84271240234375,0.0645751953125
221,0.1763916015625,-0.9691162109375,-0.17205810546875,0.00714111328125,0.94830322265625,0.273193359375,-0.0958251953125,-0.12957763671875,-0.19183349609375,-0.08270263671875,0.953125,-0.21856689453125,0.36163330078125,0.3023681640625,-0.80120849609375,0.368408203125,0.40106201171875,0.537109375,-0.71405029296875,0.2017822265625,0.341796875,0.41082763671875,-0.84271240234375,0.0645751953125
222,0.17498779296875,-0.96929931640625,-0.1724853515625,0.0068359375,0.947998046875,0.274658203125,-0.09552001953125,-0.12933349609375,-0.19189453125,-0.0821533203125,0.95306396484375,-0.218994140625,0.359619140625,0.30157470703125,-0.8023681640625,0.36846923828125,0.40020751953125,0.5379638671875,-0.71405029296875,0.200927734375,0.33935546875,0.41119384765625,-0.843505859375,0.0643310546875
223,0.17463974968645488,-0.9693442252168687,-0.1725527147784281,0.006802255892035955,0.9484077377064172,0.2732860348296405,-0.09474758798860786,-0.12950537435984533,-0.19191698565530937,-0.08200736667798914,0.9530415104384407,-0.2191288670568562,0.35915882531615806,0.3014399805993938,-0.8026039353182484,0.3685253742945234,0.3977197755539298,0.5374223077576296,-0.7155375911240593,0.202145579666597,0.3392319695207985,0.4113622556960702,-0.8434946321723453,0.06403914741847827
224,0.173095703125,-0.96954345703125,-0.1728515625,0.00665283203125,0.94805908203125,0.2747802734375,-0.09429931640625,-0.12945556640625,-0.1920166015625,-0.08135986328125,0.95294189453125,-0.2197265625,0.35711669921875,0.30084228515625,-0.80364990234375,0.3687744140625,0.39697265625,0.53826904296875,-0.71563720703125,0.2010498046875,0.3363037109375,0.41180419921875,-0.844482421875,0.0638427734375
225,0.173095703125,-0.96954345703125,-0.1728515625,0.00665283203125,0.94854736328125,0.27294921875,-0.09405517578125,-0.1295166015625,-0.1920166015625,-0.08135986328125,0.95294189453125,-0.2197265625,0.35711669921875,0.30084228515625,-0.80364990234375,0.3687744140625,0.3949635993676839,0.5377803534568353,-0.7167231837243938,0.202461574388587,0.3363037109375,0.41180419921875,-0.844482421875,0.0638427734375
226,0.17120361328125,-0.9698486328125,-0.17315673828125,0.00665283203125,0.9481201171875,0.27471923828125,-0.0933837890625,-0.12957763671875,-0.19219970703125,-0.08123779296875,0.952880859375,-0.22003173828125,0.355224609375,0.30059814453125,-0.8045654296875,0.36883544921875,0.3939208984375,0.5386962890625,-0.71697998046875,0.201171875,0.334228515625,0.41241455078125,-0.84503173828125,0.06317138671875
227,0.17120361328125,-0.9698486328125,-0.17315673828125,0.00665283203125,0.94854736328125,0.27337646484375,-0.09344482421875,-0.12933349609375,-0.19219970703125,-0.08123779296875,0.952880859375,-0.22003173828125,0.355224609375,0.30059814453125,-0.8045654296875,0.36883544921875,0.3928671744356188,0.5385509478208612,-0.7174886748144857,0.20182591058737454,0.334228515625,0.41241455078125,-0.84503173828125,0.06317138671875
228,0.17022705078125,-0.969970703125,-0.17333984375,0.0068359375,0.94830322265625,0.27423095703125,-0.0928955078125,-0.12939453125,-0.19232177734375,-0.0811767578125,0.9527587890625,-0.22039794921875,0.35406494140625,0.300537109375,-0.8050537109375,0.36895751953125,0.39190673828125,0.53900146484375,-0.7177734375,0.201416015625,0.33294677734375,0.41290283203125,-0.84539794921875,0.06219482421875
229,0.17022705078125,-0.969970703125,-0.17333984375,0.0068359375,0.94842529296875,0.27398681640625,-0.0928955078125,-0.12921142578125,-0.19232177734375,-0.0811767578125,0.9527587890625,-0.22039794921875,0.35406494140625,0.300537109375,-0.8050537109375,0.36895751953125,0.3917046486334657,0.5389830930575878,-0.7179020400031354,0.2014343874111622,0.33294677734375,0.41290283203125,-0.84539794921875,0.06219482421875
230,0.17022705078125,-0.96990966796875,-0.17352294921875,0.007080078125,0.948486328125,0.27392578125,-0.0926513671875,-0.129150390625,-0.19268798828125,-0.08123779296875,0.95269775390625,-0.22039794921875,0.35400390625,0.30047607421875,-0.8050537109375,0.36895751953125,0.3914794921875,0.5390625,-0.71795654296875,0.201416015625,0.3328857421875,0.4129638671875,-0.84539794921875,0.061767578125
231,0.17022745904316472,-0.96990966796875,-0.17352335748066472,0.007080894648829445,0.9484867363869147,0.2740474433005853,-0.09246744519492056,-0.12884521484375,-0.19269002959082362,-0.08123942601640889,0.9526973456443353,-0.22039754095683528,0.35400390625,0.3004764824806647,-0.8050533026755853,0.3689579277931647,0.39111409777382944,0.5391239434181647,-0.7181392401755853,0.2012939453125,0.33288655871132944,0.4129642754494147,-0.8453975409568353,0.06176798638691472
232,0.1702880859375,-0.96990966796875,-0.173583984375,0.0072021484375,0.94854736328125,0.27398681640625,-0.09234619140625,-0.12884521484375,-0.1929931640625,-0.08148193359375,0.95263671875,-0.2203369140625,0.35400390625,0.300537109375,-0.80499267578125,0.3690185546875,0.3912353515625,0.5391845703125,-0.71807861328125,0.2012939453125,0.33295535084395905,0.41312982565583195,-0.845284452406459,0.061776151625209025
233,0.1702880859375,-0.96990966796875,-0.173583984375,0.0072021484375,0.9485908431751672,0.27398681640625,-0.09225923161841555,-0.12849737569241218,-0.1929931640625,-0.08148193359375,0.95263671875,-0.2203369140625,0.35400390625,0.300537109375,-0.80499267578125,0.3690185546875,0.3910614319868311,0.5393150099942516,-0.7180351333873328,0.2014243849942517,0.33294677734375,0.41314697265625,-0.84527587890625,0.061767578125
234,0.17010498046875,-0.969970703125,-0.17333984375,0.00726318359375,0.94854736328125,0.27410888671875,-0.09222412109375,-0.12860107421875,-0.193115234375,-0.08154296875,0.95257568359375,-0.22039794921875,0.3538818359375,0.300537109375,-0.8050537109375,0.36907958984375,0.39093017578125,0.53924560546875,-0.7181396484375,0.20123291015625,0.332763671875,0.41326904296875,-0.8453369140625,0.0616455078125
235,0.17010498046875,-0.969970703125,-0.17333984375,0.00726318359375,0.94866943359375,0.27410888671875,-0.09185791015625,-0.1279296875,-0.193115234375,-0.08154296875,0.95257568359375,-0.22039794921875,0.3538818359375,0.300537109375,-0.8050537109375,0.36907958984375,0.3907770775632316,0.539347670947429,-0.7181396484375,0.20133497563492894,0.332763671875,0.41326904296875,-0.8453369140625,0.0616455078125
236,0.16973876953125,-0.9700927734375,-0.17315673828125,0.00726318359375,0.94854736328125,0.27447509765625,-0.091796875,-0.128173828125,-0.193359375,-0.08160400390625,0.95257568359375,-0.22015380859375,0.3536376953125,0.300537109375,-0.80523681640625,0.36895751953125,0.39044189453125,0.53948974609375,-0.71826171875,0.20111083984375,0.33233642578125,0.41351318359375,-0.84539794921875,0.06158447265625
237,0.16973876953125,-0.9700927734375,-0.17315673828125,0.00726318359375,0.94866943359375,0.27435302734375,-0.09136962890625,-0.1275634765625,-0.193359375,-0.08160400390625,0.95257568359375,-0.22015380859375,0.3536376953125,0.300537109375,-0.80523681640625,0.36895751953125,0.3903890246132943,0.5394972989391722,-0.71826171875,0.20120147398881696,0.33233642578125,0.41351318359375,-0.84539794921875,0.06158447265625
238,0.1690673828125,-0.97021484375,-0.17303466796875,0.00732421875,0.948486328125,0.27490234375,-0.0911865234375,-0.1278076171875,-0.193603515625,-0.08160400390625,0.9525146484375,-0.22015380859375,0.353271484375,0.300537109375,-0.80535888671875,0.3690185546875,0.3897705078125,0.53973388671875,-0.71844482421875,0.20123291015625,0.331856718031459,0.4136338249895485,-0.8455185906145485,0.061568754572533496
239,0.1690673828125,-0.97021484375,-0.17303466796875,0.00732421875,0.9486382015572743,0.27475047031772576,-0.09093340105037624,-0.127402621368102,-0.193603515625,-0.08160400390625,0.9525146484375,-0.22015380859375,0.353271484375,0.300537109375,-0.80535888671875,0.3690185546875,0.38951738542537623,0.5395820132864757,-0.7184954486961748,0.20184040388534702,0.33184814453125,0.41363525390625,-0.84552001953125,0.06158447265625
240,0.16839599609375,-0.9703369140625,-0.173095703125,0.00738525390625,0.948486328125,0.27532958984375,-0.09063720703125,-0.12744140625,-0.1939697265625,-0.08160400390625,0.9525146484375,-0.219970703125,0.35302734375,0.30047607421875,-0.80548095703125,0.3690185546875,0.38922119140625,0.53985595703125,-0.71856689453125,0.201416015625,0.33160114607284696,0.41377385882629597,-0.845542269805602,0.06139054824676008
241,0.16839599609375,-0.9703369140625,-0.173095703125,0.00738525390625,0.9485516500313546,0.2752642679373955,-0.09040858035900917,-0.1272781014841137,-0.1939697265625,-0.08160400390625,0.9525146484375,-0.219970703125,0.35302734375,0.30047607421875,-0.80548095703125,0.3690185546875,0.3891232085467182,0.5397579741717182,-0.7186322164376046,0.20161198134406358,0.33154296875,0.4136962890625,-0.8455810546875,0.06158447265625
242,0.16815185546875,-0.9703369140625,-0.17327880859375,0.0074462890625,0.9486083984375,0.275390625,-0.09002685546875,-0.1270751953125,-0.19415283203125,-0.08154296875,0.95245361328125,-0.22003173828125,0.35296630859375,0.30047607421875,-0.805419921875,0.369140625,0.38897705078125,0.5399169921875,-0.7186279296875,0.20159912109375,0.3315192895589465,0.413893071305393,-0.8455436987223035,0.06144872556960703
243,0.16815185546875,-0.9703369140625,-0.17327880859375,0.0074462890625,0.9486230958664298,0.275390625,-0.08998276318196069,-0.1270164055967809,-0.19415283203125,-0.08154296875,0.95245361328125,-0.22003173828125,0.35296630859375,0.3004319819319607,-0.8054346193039298,0.3691700198578595,0.3889917482101798,0.5398875973296404,-0.7186426271164298,0.20161381852267976,0.33148193359375,0.413818359375,-0.8455810546875,0.0615234375
244,0.16790771484375,-0.9703369140625,-0.1734619140625,0.007568359375,0.9486083984375,0.27557373046875,-0.089599609375,-0.12677001953125,-0.19439697265625,-0.08160400390625,0.95245361328125,-0.21990966796875,0.35302734375,0.300537109375,-0.805419921875,0.36907958984375,0.3890380859375,0.5400390625,-0.71856689453125,0.20147705078125,0.33153153741638797,0.41399003351013797,-0.845470415708612,0.06129072820861205
245,0.16790771484375,-0.9703369140625,-0.1734619140625,0.007568359375,0.9486083984375,0.27557373046875,-0.089599609375,-0.12677001953125,-0.19439697265625,-0.08160400390625,0.95245361328125,-0.21990966796875,0.35302734375,0.300537109375,-0.805419921875,0.36907958984375,0.3890380859375,0.5400390625,-0.71856689453125,0.20147705078125,0.3314208984375,0.41387939453125,-0.8455810546875,0.0614013671875
246,0.1676025390625,-0.9703369140625,-0.17364501953125,0.0076904296875,0.94866943359375,0.2755126953125,-0.08929443359375,-0.1265869140625,-0.1943359375,-0.08154296875,0.952392578125,-0.22003173828125,0.352783203125,0.300537109375,-0.80560302734375,0.3690185546875,0.388671875,0.5401611328125,-0.7186279296875,0.201416015625,0.3311892098008988,0.41396492540238294,-0.8456541335702341,0.06135237575773413
247,0.1676025390625,-0.9703369140625,-0.17364501953125,0.0076904296875,0.9487490446671196,0.27519425101902173,-0.08937404466711957,-0.12670633067255435,-0.1943359375,-0.08154296875,0.952392578125,-0.22003173828125,0.352783203125,0.300537109375,-0.80560302734375,0.3690185546875,0.388671875,0.5401611328125,-0.7186279296875,0.201416015625,0.33111572265625,0.4139404296875,-0.845703125,0.0614013671875
248,0.16717529296875,-0.97039794921875,-0.17401123046875,0.00775146484375,0.94873046875,0.27545166015625,-0.089111328125,-0.12652587890625,-0.19427490234375,-0.08148193359375,0.952392578125,-0.2200927734375,0.3524169921875,0.30059814453125,-0.80572509765625,0.3690185546875,0.38812255859375,0.5404052734375,-0.71881103515625,0.20147705078125,0.3309005686271948,0.4142135569084448,-0.8456433146294942,0.06125092267192728
249,0.16717529296875,-0.97039794921875,-0.17401123046875,0.00775146484375,0.9487959947873119,0.2752113980194398,-0.08904580208768811,-0.12663508896843648,-0.19427490234375,-0.08148193359375,0.952392578125,-0.2200927734375,0.3524169921875,0.30044525044418896,-0.8057032556438127,0.36914960676212377,0.38810071658131273,0.5402742213628763,-0.7188547191811245,0.20162994486831107,0.33074951171875,0.4140625,-0.84576416015625,0.06146240234375
250,0.16680908203125,-0.97039794921875,-0.17431640625,0.0076904296875,0.9488525390625,0.275146484375,-0.0887451171875,-0.1265869140625,-0.1944580078125,-0.0814208984375,0.952392578125,-0.22003173828125,0.35223388671875,0.300537109375,-0.80572509765625,0.36920166015625,0.3878173828125,0.5404052734375,-0.7188720703125,0.20172119140625,0.33064030165656355,0.41436440968593224,-0.8456549500940636,0.06129542322063129
251,0.16680908203125,-0.97039794921875,-0.17431640625,0.0076904296875,0.9488602960388796,0.2751232134458612,-0.0887296032347408,-0.1265985495270694,-0.1944580078125,-0.0814208984375,0.952392578125,-0.22003173828125,0.3522455221833194,0.3005215954222408,-0.8057173406798704,0.3692171741090092,0.3878251397888796,0.5403897594847408,-0.7188759488006898,0.2017367053590092,0.3306884765625,0.41412353515625,-0.845703125,0.06158447265625
252,0.1666259765625,-0.97039794921875,-0.17449951171875,0.007568359375,0.94891357421875,0.2750244140625,-0.08843994140625,-0.1265869140625,-0.194580078125,-0.08148193359375,0.95233154296875,-0.2200927734375,0.35223388671875,0.300537109375,-0.8056640625,0.369384765625,0.38775634765625,0.54034423828125,-0.7188720703125,0.20196533203125,0.33056640625,0.41436767578125,-0.84564208984375,0.0615234375
253,0.1666259765625,-0.97039794921875,-0.17449951171875,0.007568359375,0.94891357421875,0.2750244140625,-0.08843994140625,-0.1265869140625,-0.194580078125,-0.08148193359375,0.95233154296875,-0.2200927734375,0.35223388671875,0.300537109375,-0.8056640625,0.369384765625,0.38775634765625,0.54034423828125,-0.7188720703125,0.20196533203125,0.33062744140625,0.41424560546875,-0.845703125,0.06146240234375
254,0.16668701171875,-0.9703369140625,-0.174560546875,0.00762939453125,0.948974609375,0.27490234375,-0.0882568359375,-0.12640380859375,-0.1944580078125,-0.08154296875,0.952392578125,-0.22003173828125,0.35223388671875,0.30059814453125,-0.8056640625,0.36932373046875,0.3878173828125,0.54052734375,-0.71875,0.20166015625,0.3306884765625,0.414306640625,-0.84564208984375,0.0615234375
255,0.16668701171875,-0.9703369140625,-0.174560546875,0.00762939453125,0.948974609375,0.27490234375,-0.0882568359375,-0.12640380859375,-0.1944580078125,-0.08154296875,0.952392578125,-0.22003173828125,0.35223388671875,0.30059814453125,-0.8056640625,0.36932373046875,0.3878173828125,0.54052734375,-0.71875,0.20166015625,0.33062744140625,0.41448974609375,-0.8455810546875,0.06134033203125
256,0.16668701171875,-0.97039794921875,-0.1744384765625,0.00775146484375,0.9490966796875,0.274658203125,-0.08782958984375,-0.126220703125,-0.1944580078125,-0.08154296875,0.95233154296875,-0.22027587890625,0.3521728515625,0.30072021484375,-0.8056640625,0.3692626953125,0.3878173828125,0.5406494140625,-0.71868896484375,0.20159912109375,0.33074951171875,0.4143876806150711,-0.845561049853679,0.061338290721676444
257,0.16668701171875,-0.97039794921875,-0.1744384765625,0.00775146484375,0.9490966796875,0.274658203125,-0.08782958984375,-0.126220703125,-0.1944580078125,-0.08154296875,0.95233154296875,-0.22027587890625,0.352139782347408,0.3007312379154473,-0.8056199702132107,0.36937292602947325,0.3878173828125,0.5406494140625,-0.71868896484375,0.20159912109375,0.33074951171875,0.4144287109375,-0.84552001953125,0.06158447265625
258,0.1661376953125,-0.97052001953125,-0.17425537109375,0.00762939453125,0.94940185546875,0.2742919921875,-0.0869140625,-0.1256103515625,-0.1944580078125,-0.08148193359375,0.9522705078125,-0.220458984375,0.35186767578125,0.30084228515625,-0.80572509765625,0.36932373046875,0.38751220703125,0.540771484375,-0.71875,0.20166015625,0.33050945371289714,0.41443279355664714,-0.8456990423808528,0.06111048057326505
259,0.1661376953125,-0.97052001953125,-0.17425537109375,0.00762939453125,0.94940185546875,0.2742919921875,-0.0869140625,-0.1256103515625,-0.1944580078125,-0.08148193359375,0.9522705078125,-0.220458984375,0.35186767578125,0.30084228515625,-0.80572509765625,0.36932373046875,0.38751220703125,0.540771484375,-0.71875,0.20166015625,0.33062744140625,0.41455078125,-0.8455810546875,0.0615234375
260,0.166015625,-0.9705810546875,-0.17413330078125,0.0074462890625,0.94976806640625,0.27362060546875,-0.0859375,-0.1251220703125,-0.19427490234375,-0.08123779296875,0.9522705078125,-0.22076416015625,0.35162353515625,0.30078125,-0.80572509765625,0.36956787109375,0.38739013671875,0.54083251953125,-0.71881103515625,0.20159912109375,0.33038330078125,0.41448974609375,-0.84564208984375,0.06146240234375
261,0.166015625,-0.9705810546875,-0.17413330078125,0.0074462890625,0.94976806640625,0.27362060546875,-0.0859375,-0.1251220703125,-0.19427490234375,-0.08123779296875,0.9522705078125,-0.22076416015625,0.35162353515625,0.30078125,-0.80572509765625,0.36956787109375,0.38739013671875,0.54083251953125,-0.71881103515625,0.20159912109375,0.33056640625,0.41455078125,-0.84564208984375,0.06109619140625
262,0.1663818359375,-0.970458984375,-0.1741943359375,0.00738525390625,0.9500732421875,0.2728271484375,-0.085205078125,-0.12469482421875,-0.194091796875,-0.0811767578125,0.95220947265625,-0.22119140625,0.35162353515625,0.30084228515625,-0.8056640625,0.36968994140625,0.38763427734375,0.54083251953125,-0.71875,0.201416015625,0.33056640625,0.41448974609375,-0.8455810546875,0.06146240234375
263,0.1663818359375,-0.970458984375,-0.1741943359375,0.00738525390625,0.9500732421875,0.2728271484375,-0.085205078125,-0.12469482421875,-0.194091796875,-0.0811767578125,0.95220947265625,-0.22119140625,0.35162353515625,0.30089678812186454,-0.8056640625,0.36963543844063546,0.38763427734375,0.54083251953125,-0.71875,0.201416015625,0.33074951171875,0.41455078125,-0.84552001953125,0.0609130859375
264,0.1666259765625,-0.970458984375,-0.17413330078125,0.0074462890625,0.950439453125,0.27197265625,-0.08453369140625,-0.12445068359375,-0.19403076171875,-0.08111572265625,0.9521484375,-0.2215576171875,0.35174560546875,0.30084228515625,-0.80560302734375,0.36968994140625,0.38787841796875,0.540771484375,-0.71868896484375,0.20123291015625,0.33087158203125,0.4144287109375,-0.84552001953125,0.06109619140625
265,0.1666259765625,-0.970458984375,-0.17413330078125,0.0074462890625,0.950439453125,0.27197265625,-0.08453369140625,-0.12445068359375,-0.19403076171875,-0.08111572265625,0.9521484375,-0.2215576171875,0.3517445848139632,0.30084228515625,-0.8056028232127926,0.3696913703229515,0.38787841796875,0.540771484375,-0.71868896484375,0.20123291015625,0.330810546875,0.41448974609375,-0.84552001953125,0.06121826171875
266,0.16632080078125,-0.97052001953125,-0.17401123046875,0.00738525390625,0.95068359375,0.27130126953125,-0.08392333984375,-0.124267578125,-0.19390869140625,-0.0809326171875,0.95208740234375,-0.22210693359375,0.35137939453125,0.30084228515625,-0.8056640625,0.36981201171875,0.38739013671875,0.5408935546875,-0.71881103515625,0.201416015625,0.33062744140625,0.41448974609375,-0.8455810546875,0.0609130859375
267,0.16632080078125,-0.97052001953125,-0.17401123046875,0.00738525390625,0.95068359375,0.27130126953125,-0.08392333984375,-0.124267578125,-0.19390869140625,-0.0809326171875,0.95208740234375,-0.22210693359375,0.3510331884275711,0.30084228515625,-0.8057073382629598,0.37011494205946904,0.38739013671875,0.5408935546875,-0.71881103515625,0.201416015625,0.3302001953125,0.4146728515625,-0.845703125,0.061279296875
268,0.16583251953125,-0.97064208984375,-0.17388916015625,0.00732421875,0.9508056640625,0.27099609375,-0.0836181640625,-0.12420654296875,-0.193603515625,-0.080810546875,0.95208740234375,-0.22222900390625,0.35076904296875,0.3009033203125,-0.80596923828125,0.36981201171875,0.3865966796875,0.54107666015625,-0.71917724609375,0.201171875,0.3299560546875,0.4146728515625,-0.84576416015625,0.060791015625
269,0.16583251953125,-0.97064208984375,-0.17388916015625,0.00732421875,0.9508056640625,0.27099609375,-0.0836181640625,-0.12420654296875,-0.193603515625,-0.080810546875,0.95208740234375,-0.22222900390625,0.350566545059051,0.3009033203125,-0.8059945505199624,0.36991326067359953,0.3865966796875,0.54107666015625,-0.71917724609375,0.201171875,0.3294677734375,0.41485595703125,-0.84588623046875,0.060791015625
270,0.165771484375,-0.97064208984375,-0.173828125,0.00750732421875,0.95098876953125,0.2705078125,-0.0833740234375,-0.12420654296875,-0.19354248046875,-0.08062744140625,0.95208740234375,-0.2225341796875,0.3504638671875,0.3009033203125,-0.8060302734375,0.36993408203125,0.38616943359375,0.54119873046875,-0.71929931640625,0.2010498046875,0.32958984375,0.41485595703125,-0.84588623046875,0.0606689453125
271,0.1657788330894649,-0.97064208984375,-0.1738207762855351,0.00750732421875,0.9510034669601798,0.2704784176421405,-0.08334462857964045,-0.12419184553982023,-0.19354248046875,-0.08062009269178512,0.95208740234375,-0.2225415284019649,0.3502270752769649,0.3009570067542851,-0.80609130859375,0.3698803955894649,0.3861473874503553,0.5412134278976798,-0.7193066651207148,0.20103510725857024,0.32928466796875,0.4149706786292851,-0.845947265625,0.06049318855821489
272,0.16583251953125,-0.97064208984375,-0.17376708984375,0.00750732421875,0.95111083984375,0.270263671875,-0.0831298828125,-0.12408447265625,-0.1934814453125,-0.0806884765625,0.9520263671875,-0.22265625,0.35028076171875,0.3009033203125,-0.80609130859375,0.36993408203125,0.385986328125,0.54132080078125,-0.7193603515625,0.200927734375,0.32928466796875,0.4149169921875,-0.845947265625,0.060546875
273,0.16583251953125,-0.97064208984375,-0.17376708984375,0.00750732421875,0.95111083984375,0.270263671875,-0.0831298828125,-0.12408447265625,-0.1934814453125,-0.0806884765625,0.9520263671875,-0.22265625,0.350028659986413,0.30100416100543476,-0.8061417289402174,0.3699845023777174,0.385986328125,0.54132080078125,-0.7193603515625,0.200927734375,0.3291015625,0.41510009765625,-0.845947265625,0.06036376953125
274,0.1658935546875,-0.97064208984375,-0.17364501953125,0.007568359375,0.9512939453125,0.26959228515625,-0.0828857421875,-0.124267578125,-0.19342041015625,-0.08050537109375,0.9520263671875,-0.2230224609375,0.35003662109375,0.3009033203125,-0.80615234375,0.3699951171875,0.38580322265625,0.54132080078125,-0.719482421875,0.20086669921875,0.32916259765625,0.41497802734375,-0.84600830078125,0.06036376953125
275,0.1658935546875,-0.97064208984375,-0.17364501953125,0.007568359375,0.9512939453125,0.26959228515625,-0.0828857421875,-0.124267578125,-0.19342041015625,-0.08050537109375,0.9520263671875,-0.2230224609375,0.3498418801604306,0.3009033203125,-0.8062172573944398,0.3700924876541597,0.38580322265625,0.54132080078125,-0.719482421875,0.20086669921875,0.328857421875,0.4151611328125,-0.8460693359375,0.06024169921875
276,0.16583251953125,-0.970703125,-0.17364501953125,0.007568359375,0.95135498046875,0.26922607421875,-0.082763671875,-0.12432861328125,-0.1932373046875,-0.080322265625,0.9520263671875,-0.22314453125,0.34967041015625,0.3009033203125,-0.8062744140625,0.3701171875,0.38531494140625,0.54144287109375,-0.71966552734375,0.2008056640625,0.32879638671875,0.4151611328125,-0.8460693359375,0.0601806640625
277,0.16583251953125,-0.970703125,-0.17364501953125,0.007568359375,0.95135498046875,0.26922607421875,-0.082763671875,-0.12432861328125,-0.1932373046875,-0.080322265625,0.9520263671875,-0.22314453125,0.3496124369643604,0.3009033203125,-0.8063034006584449,0.37010269420202757,0.38531494140625,0.54144287109375,-0.71966552734375,0.2008056640625,0.328369140625,0.415283203125,-0.84619140625,0.05999755859375
278,0.1658935546875,-0.97064208984375,-0.17364501953125,0.00762939453125,0.95147705078125,0.26898193359375,-0.08270263671875,-0.1243896484375,-0.19305419921875,-0.080322265625,0.9520263671875,-0.2232666015625,0.3494873046875,0.3009033203125,-0.80633544921875,0.3701171875,0.3851318359375,0.54150390625,-0.7197265625,0.2008056640625,0.32843017578125,0.41522216796875,-0.84619140625,0.06005859375
279,0.1658935546875,-0.97064208984375,-0.17364501953125,0.00762939453125,0.95147705078125,0.26898193359375,-0.08270263671875,-0.1243896484375,-0.19305419921875,-0.080322265625,0.9520263671875,-0.2232666015625,0.34931460989757523,0.3009033203125,-0.8064505790786999,0.37005962257002506,0.3851318359375,0.54150390625,-0.7197265625,0.2008056640625,0.3282470703125,0.415283203125,-0.84625244140625,0.059814453125
280,0.16607666015625,-0.97064208984375,-0.1737060546875,0.0076904296875,0.95147705078125,0.26885986328125,-0.0826416015625,-0.12432861328125,-0.19293212890625,-0.080322265625,0.9520263671875,-0.22332763671875,0.349365234375,0.3009033203125,-0.80633544921875,0.37017822265625,0.3851318359375,0.54156494140625,-0.7197265625,0.20068359375,0.32830810546875,0.415283203125,-0.84619140625,0.05999755859375
281,0.16607666015625,-0.97064208984375,-0.1737060546875,0.0076904296875,0.95147705078125,0.26885986328125,-0.0826416015625,-0.12432861328125,-0.19293212890625,-0.080322265625,0.9520263671875,-0.22332763671875,0.34932563296927255,0.30094292171822745,-0.8064542534359322,0.36998021562761285,0.3851318359375,0.54156494140625,-0.7197265625,0.20068359375,0.32830810546875,0.41534423828125,-0.84619140625,0.0596923828125
282,0.16632080078125,-0.9705810546875,-0.173828125,0.00787353515625,0.9515380859375,0.2686767578125,-0.0826416015625,-0.1243896484375,-0.19281005859375,-0.08026123046875,0.9520263671875,-0.22332763671875,0.34942626953125,0.301025390625,-0.80633544921875,0.3701171875,0.38525390625,0.5416259765625,-0.71966552734375,0.20050048828125,0.3284912109375,0.41534423828125,-0.8460693359375,0.05987548828125
283,0.16632080078125,-0.9705810546875,-0.173828125,0.00787353515625,0.9515380859375,0.2686767578125,-0.0826416015625,-0.1243896484375,-0.19281005859375,-0.08026123046875,0.9520263671875,-0.22332763671875,0.34940463164977004,0.30106866638795987,-0.8063787249817099,0.3700089980926003,0.38525390625,0.5416259765625,-0.71966552734375,0.20050048828125,0.328369140625,0.4154052734375,-0.84613037109375,0.0595703125
284,0.1666259765625,-0.970458984375,-0.1739501953125,0.00811767578125,0.95159912109375,0.26837158203125,-0.082763671875,-0.12445068359375,-0.19268798828125,-0.0802001953125,0.95208740234375,-0.22332763671875,0.349609375,0.30120849609375,-0.80621337890625,0.37005615234375,0.3856201171875,0.54180908203125,-0.71942138671875,0.20025634765625,0.3287353515625,0.41534423828125,-0.84600830078125,0.059814453125
285,0.16664802270589468,-0.9704553100177675,-0.17395386966973245,0.008128698852947338,0.9516064698082148,0.2683458615306229,-0.08275999751776755,-0.12444700923651755,-0.1926953369957149,-0.0802001953125,0.9520800536292852,-0.22335335721937713,0.3495593629154473,0.3013879272052676,-0.8063244261470527,0.3696472780361622,0.3856384889736622,0.5418017333167852,-0.7194103636470527,0.20026737072794734,0.3288721193039298,0.4153979247230351,-0.8460009520667852,0.05952764912991223
286,0.1669921875,-0.97039794921875,-0.17401123046875,0.00830078125,0.95159912109375,0.26837158203125,-0.08294677734375,-0.12451171875,-0.19256591796875,-0.0802001953125,0.95208740234375,-0.22332763671875,0.3497314453125,0.30133056640625,-0.80615234375,0.36993408203125,0.3861083984375,0.54180908203125,-0.71917724609375,0.20001220703125,0.3291015625,0.415283203125,-0.84588623046875,0.059814453125
287,0.1669921875,-0.97039794921875,-0.17401123046875,0.00830078125,0.95159912109375,0.26837158203125,-0.08294677734375,-0.12451171875,-0.19256591796875,-0.0802001953125,0.95208740234375,-0.22332763671875,0.3498249372909699,0.30147080437395485,-0.8062925817177049,0.3695133681281354,0.3861083984375,0.54180908203125,-0.71917724609375,0.20001220703125,0.3291015625,0.41532994911423493,-0.84588623046875,0.05958072317882522
288,0.16729736328125,-0.9703369140625,-0.17413330078125,0.00836181640625,0.9515380859375,0.26837158203125,-0.08319091796875,-0.12457275390625,-0.19232177734375,-0.08013916015625,0.9521484375,-0.223388671875,0.34991455078125,0.301513671875,-0.80615234375,0.36968994140625,0.38623046875,0.54193115234375,-0.71905517578125,0.19989013671875,0.3292236328125,0.41534423828125,-0.8458251953125,0.05975341796875
289,0.16729736328125,-0.9703369140625,-0.17413330078125,0.00836181640625,0.9515380859375,0.26837158203125,-0.08319091796875,-0.12457275390625,-0.19232177734375,-0.08013916015625,0.9521484375,-0.223388671875,0.3498282033862876,0.30157123680497494,-0.8062386911449624,0.3695748115463002,0.38623046875,0.54193115234375,-0.71905517578125,0.19989013671875,0.32919485034751256,0.41537302074623744,-0.8458251953125,0.05966707057378762
290,0.16748046875,-0.97027587890625,-0.1741943359375,0.0084228515625,0.9515380859375,0.268310546875,-0.08343505859375,-0.12445068359375,-0.19207763671875,-0.0802001953125,0.9521484375,-0.2235107421875,0.34979248046875,0.3016357421875,-0.80621337890625,0.36962890625,0.38623046875,0.5421142578125,-0.71893310546875,0.19976806640625,0.32928466796875,0.4154052734375,-0.84576416015625,0.05975341796875
291,0.16751292557221992,-0.97027587890625,-0.1741943359375,0.008433670503239971,0.95154890487824,0.2682780900527801,-0.08343505859375,-0.12445068359375,-0.19207763671875,-0.08018937637176003,0.9521484375,-0.22354319900971992,0.34974226425323995,0.30174699355926005,-0.80626359512176,0.3694172224472199,0.38625210663147996,0.54210343887176,-0.71893310546875,0.19978970428772994,0.32941755722198995,0.41551652480926005,-0.845703125,0.05965298553772994
292,0.16766357421875,-0.97027587890625,-0.1741943359375,0.00848388671875,0.9515380859375,0.2684326171875,-0.08349609375,-0.12445068359375,-0.1920166015625,-0.08026123046875,0.95220947265625,-0.2235107421875,0.34979248046875,0.30169677734375,-0.80621337890625,0.36956787109375,0.386474609375,0.5421142578125,-0.7188720703125,0.1995849609375,0.3294677734375,0.41546630859375,-0.845703125,0.05975341796875
293,0.16766357421875,-0.97027587890625,-0.1741943359375,0.00848388671875,0.9515380859375,0.2684326171875,-0.08349609375,-0.12445068359375,-0.1920166015625,-0.08026123046875,0.95220947265625,-0.2235107421875,0.349900261614235,0.30175066791649247,-0.8062672694789925,0.3692445276572951,0.386474609375,0.5421142578125,-0.7188720703125,0.1995849609375,0.329575554582985,0.415358527448265,-0.845703125,0.059483965105037596
294,0.16790771484375,-0.97021484375,-0.17425537109375,0.00836181640625,0.95147705078125,0.2685546875,-0.08355712890625,-0.12457275390625,-0.19207763671875,-0.0802001953125,0.95220947265625,-0.22344970703125,0.349853515625,0.30169677734375,-0.80621337890625,0.36944580078125,0.38671875,0.54193115234375,-0.7188720703125,0.19976806640625,0.32952880859375,0.41534423828125,-0.845703125,0.0596923828125
295,0.16790771484375,-0.97021484375,-0.17425537109375,0.00836181640625,0.95147705078125,0.2685546875,-0.08355712890625,-0.12457275390625,-0.19207763671875,-0.0802001953125,0.95220947265625,-0.22344970703125,0.35003662109375,0.30157470703125,-0.80621337890625,0.369384765625,0.38671875,0.54193115234375,-0.7188720703125,0.19976806640625,0.3297119140625,0.41522216796875,-0.845703125,0.0596923828125
296,0.16802978515625,-0.97015380859375,-0.17431640625,0.00823974609375,0.95147705078125,0.2685546875,-0.08349609375,-0.12445068359375,-0.192138671875,-0.0802001953125,0.9521484375,-0.22344970703125,0.34991455078125,0.30157470703125,-0.80621337890625,0.3695068359375,0.38677978515625,0.54180908203125,-0.7188720703125,0.199951171875,0.32965087890625,0.41522216796875,-0.845703125,0.05987548828125
297,0.16810163925323998,-0.97015380859375,-0.17431640625,0.00820381904525501,0.9514950143054975,0.26850079692725753,-0.08353202079849499,-0.1244327200695025,-0.1920847813022575,-0.0802001953125,0.9521484375,-0.22352156112823998,0.3500186575695025,0.301477744826505,-0.80615234375,0.36957869003449,0.38677978515625,0.541773154982755,-0.7188720703125,0.20002302597198998,0.3297549856945025,0.4151431692882525,-0.845703125,0.05994734237823998
298,0.16827392578125,-0.97015380859375,-0.17431640625,0.00811767578125,0.95147705078125,0.2686767578125,-0.08355712890625,-0.12432861328125,-0.1920166015625,-0.0802001953125,0.95220947265625,-0.2235107421875,0.3499755859375,0.3013916015625,-0.80615234375,0.3697509765625,0.38690185546875,0.54168701171875,-0.7188720703125,0.199951171875,0.3297119140625,0.41510009765625,-0.845703125,0.06011962890625
299,0.16827392578125,-0.97015380859375,-0.17431640625,0.00811767578125,0.95147705078125,0.2686767578125,-0.08355712890625,-0.12432861328125,-0.1920166015625,-0.0802001953125,0.95220947265625,-0.2235107421875,0.35009765625,0.301513671875,-0.8062744140625,0.3692626953125,0.38690185546875,0.54168701171875,-0.7188720703125,0.199951171875,0.329833984375,0.4151611328125,-0.845703125,0.05963134765625
