timestep,imu0_w,imu0_x,imu0_y,imu0_z,imu1_w,imu1_x,imu1_y,imu1_z,imu2_w,imu2_x,imu2_y,imu2_z,imu3_w,imu3_x,imu3_y,imu3_z,imu4_w,imu4_x,imu4_y,imu4_z,imu5_w,imu5_x,imu5_y,imu5_z
0,0.73431396484375,0.202392578125,-0.6346435546875,-0.13018798828125,0.68206787109375,0.55291748046875,0.47174072265625,0.08026123046875,0.42022705078125,-0.35260009765625,0.8349609375,-0.0421142578125,0.9267578125,-0.18206787109375,0.32421875,0.0526123046875,0.900390625,-0.406982421875,0.01947021484375,0.15228271484375,0.7471923828125,-0.58673095703125,-0.16204833984375,0.2666015625
1,0.73431396484375,0.202392578125,-0.6346435546875,-0.13018798828125,0.6813276922423704,0.5530760902226171,0.47263951126149667,0.07973253128919314,0.42022705078125,-0.35260009765625,0.8349609375,-0.0421142578125,0.9267578125,-0.18206787109375,0.32421875,0.0526123046875,0.900390625,-0.406982421875,0.01947021484375,0.15228271484375,0.7471923828125,-0.58673095703125,-0.16204833984375,0.2666015625
2,0.7349845350386706,0.2022584640860159,-0.6338835751332567,-0.13023269296091136,0.6814816069842182,0.5532794046561454,0.47210775011757944,0.08036615378083194,0.4201823461015886,-0.35237657425794316,0.8351397562186454,-0.04175662037520903,0.9267131078203387,-0.18171023365645902,0.32457638743729095,0.05243348596885451,0.9006588530779682,-0.40662478443770905,0.0197831476013796,0.15174625868781355,0.7474606108904682,-0.5865968429922659,-0.1619142258047659,0.2662886297423704
3,0.7352294921875,0.20220947265625,-0.63360595703125,-0.1302490234375,0.6810680376646112,0.5533081871211329,0.47266666067882523,0.08044474419941472,0.420166015625,-0.352294921875,0.835205078125,-0.0416259765625,0.92669677734375,-0.18157958984375,0.32470703125,0.0523681640625,0.9006472176133988,-0.4065672195077341,0.020920565295777592,0.15184260849968645,0.74755859375,-0.5865478515625,-0.161865234375,0.26617431640625
4,0.7356551052335911,0.20195410482859533,-0.6332370923913043,-0.13013552662520902,0.6804697298285953,0.5535106850308319,0.4732906890154682,0.0805208850465092,0.420166015625,-0.3519544314381271,0.8353469491403637,-0.04151247975020903,0.9266400289376046,-0.18140934462531355,0.32493402487458195,0.052283041453281776,0.9007156014841137,-0.4064743399221363,0.021180832266408864,0.15161296117265885,0.7477288389684364,-0.586434354750209,-0.16163824075041805,0.26606081959395905
5,0.73614501953125,0.20166015625,-0.6328125,-0.1300048828125,0.68017578125,0.55377197265625,0.473388671875,0.08074951171875,0.420166015625,-0.3515625,0.83551025390625,-0.0413818359375,0.92657470703125,-0.18121337890625,0.3251953125,0.05218505859375,0.90087890625,-0.4062099903323579,0.02109509726431856,0.1513453454875627,0.7479248046875,-0.5863037109375,-0.161376953125,0.26593017578125
6,0.7362895442490593,0.20158789389109533,-0.6326679752821907,-0.12992057672711121,0.6801035188910953,0.5538321912886706,0.473388671875,0.08084586153062291,0.42020214680445234,-0.351454106461643,0.8355343413592182,-0.04132161730507943,0.9265987944842182,-0.1811170290943771,0.3252073562264841,0.052160971140781776,0.9009511686089047,-0.40587337838367477,0.021971839726170568,0.15171012750836121,0.748033198225857,-0.5862194048521112,-0.16134082194554766,0.2658458696958612
7,0.7369239832645276,0.2013055807770694,-0.6320374147549123,-0.1295310948604724,0.6798599906589674,0.5540693914611204,0.47333049455215304,0.08124942843331939,0.4203413641173704,-0.3510054266173704,0.8356400811951296,-0.0410882956208194,0.9266851418791806,-0.1807289761444398,0.3252834970735786,0.05203583886392141,0.9012412386993102,-0.4053655005617684,0.022166376528532608,0.15131676715353262,0.748493513534699,-0.5858648293791806,-0.1611783337034908,0.2654796587583612
8,0.7375584222799958,0.20146419053093645,-0.6314558456573997,-0.12889665584500418,0.6805472995923914,0.553963651625209,0.4725374457828177,0.08140803818718645,0.42023562428145905,-0.35089968678145905,0.835745821031041,-0.041246905374686456,0.9265265321253136,-0.18078184606239547,0.3256535864992684,0.05166574943823161,0.9011883687813546,-0.4057884599054139,0.021479067595108696,0.1506294582201087,0.7487578631244775,-0.5857062196253136,-0.16096685403166805,0.2651624392506271
9,0.73760986328125,0.20147705078125,-0.63140869140625,-0.12884521484375,0.6799228629938336,0.553955078125,0.4733476415525711,0.08151806477320234,0.42022705078125,-0.35089111328125,0.83575439453125,-0.041259765625,0.926513671875,-0.1807861328125,0.32568359375,0.0516357421875,0.90118408203125,-0.40582275390625,0.02142333984375,0.15057373046875,0.748779296875,-0.585693359375,-0.16094970703125,0.26513671875
10,0.7380544605063755,0.20171955835859115,-0.6308832583220109,-0.12823894590039717,0.6803952220291597,0.5537529884772158,0.47288467254128347,0.08162380460911371,0.42010579699257944,-0.3509719491403637,0.83575439453125,-0.041421437343227424,0.9263924180863294,-0.18106905831939799,0.3259261013273411,0.05143365253971572,0.90118408203125,-0.40586317183580684,0.021544593632420568,0.15033122289140885,0.7486984610158863,-0.5857337773045569,-0.16111137874947742,0.26509630082044316
11,0.73828125,0.20184326171875,-0.630615234375,-0.1279296875,0.6803380653610995,0.5536176496524875,0.4731469808214883,0.08176179713628763,0.4200439453125,-0.35101318359375,0.83575439453125,-0.04150390625,0.92633056640625,-0.18121337890625,0.3260498046875,0.05133056640625,0.9011195766487249,-0.40581928367997494,0.02215474106396321,0.15065905720892558,0.7486572265625,-0.58575439453125,-0.16119384765625,0.26507568359375
12,0.7385221245296822,0.20191552407765467,-0.6303743598453178,-0.12764063806438128,0.6801372004990593,0.5534443424696907,0.47364567275031355,0.08194449434312291,0.41999577040656355,-0.3510854459526547,0.83575439453125,-0.041696605873745816,0.9262823915003136,-0.18145425343593227,0.3261220670464047,0.051210129141408864,0.9010379242657818,-0.4059544183737458,0.022379080986099496,0.15074887483016305,0.7485127018446907,-0.5859230067020276,-0.1610974978443771,0.2651720334056229
13,0.7389712126358695,0.2019308338994565,-0.6299730383831522,-0.12708581012228262,0.6803907311480978,0.5532863451086957,0.47342847741168476,0.08204451851222826,0.41995371942934784,-0.3511803668478261,0.83575439453125,-0.0419921875,0.926192573879076,-0.18187149711277173,0.3262169879415761,0.051089079483695655,0.9010009765625,-0.40621815557065216,0.02206818953804348,0.15033224354619565,0.7483387822690217,-0.5862134850543478,-0.16093378481657608,0.26516060207201086
14,0.73919677734375,0.20166015625,-0.6298828125,-0.12677001953125,0.6804732000548704,0.5534590398986204,0.4730457318666388,0.08197899247491638,0.4200439453125,-0.35113525390625,0.83575439453125,-0.0419921875,0.9261474609375,-0.1820068359375,0.326171875,0.05126953125,0.9010009765625,-0.4061279296875,0.0223388671875,0.1505126953125,0.7484508501646112,-0.5862804400083612,-0.16089642885137959,0.2648025563728052
15,0.73919677734375,0.20166015625,-0.6298828125,-0.12677001953125,0.6804203301369147,0.5534061699806647,0.47320434162050584,0.08245482173651755,0.4200439453125,-0.35113525390625,0.83575439453125,-0.0419921875,0.9261474609375,-0.1820068359375,0.326171875,0.05126953125,0.9010009765625,-0.4061279296875,0.0223388671875,0.1505126953125,0.7482922404107442,-0.5861218302544942,-0.16094929876933528,0.2654369953882734
16,0.739144315687709,0.20166015625,-0.6300401974681229,-0.12629786462688128,0.6805773068431229,0.553353300062709,0.4730481814381271,0.08203880284542224,0.42009640696854095,-0.35118771556229095,0.8356494712191681,-0.04204464915604097,0.9262523842495819,-0.1818494509693771,0.3260144900318771,0.05132199290604097,0.9010009765625,-0.40602300637541805,0.022076558907295152,0.1508799269047868,0.748343477281041,-0.5859632205006271,-0.1613169386235368,0.26549435618729095
17,0.7391357421875,0.20166015625,-0.63006591796875,-0.126220703125,0.6804258416727634,0.55347761581574,0.47306675735524667,0.08228028976797659,0.42010498046875,-0.3511962890625,0.83563232421875,-0.04205322265625,0.92626953125,-0.18182373046875,0.32598876953125,0.05133056640625,0.9010009765625,-0.406005859375,0.02203369140625,0.15093994140625,0.74835205078125,-0.5859375,-0.161376953125,0.2655029296875
18,0.739027348649143,0.20205759922397576,-0.6301381803276547,-0.12593165368938128,0.6806118049749164,0.5531665202367266,0.4731557584526547,0.08218067386078595,0.4200327181098453,-0.351413076139214,0.8355961930392977,-0.042161616194607024,0.92626953125,-0.18189599282765467,0.32598876953125,0.051077648150083615,0.9010371077419523,-0.40596972819554766,0.021780773150083612,0.15086767904734533,0.7481713948839883,-0.5861181558972617,-0.16144921548390467,0.2655751920464047
19,0.73895263671875,0.20233154296875,-0.63018798828125,-0.125732421875,0.6807022349890259,0.55291748046875,0.47328946422972407,0.08236684129389632,0.41998291015625,-0.3515625,0.8355712890625,-0.042236328125,0.92626953125,-0.18194580078125,0.32598876953125,0.0509033203125,0.9010899776599081,-0.40586092639527593,0.021466615606709868,0.15095770079954013,0.748046875,-0.58624267578125,-0.1614990234375,0.265625
20,0.7388734339072951,0.20252954999738712,-0.6302275896869775,-0.1255740162520903,0.6807614329666597,0.5526402706286581,0.4734480739835911,0.08290227679504598,0.4198839066419314,-0.3517803077315008,0.8355118869539089,-0.042374933045045984,0.9261903284385451,-0.1822626120270694,0.3260085702341137,0.050942921718227424,0.9010042426578178,-0.40599932718436454,0.021360671639841136,0.15114284757786373,0.7477894658627717,-0.5864406828098871,-0.16159802695181857,0.26586260843436454
21,0.7386852251646112,0.20302334278323578,-0.6303333295228888,-0.12517432783758362,0.681149485916597,0.5519931754938336,0.4735834128083194,0.08313274064590301,0.419677734375,-0.3523386058998746,0.8353416417354724,-0.042756657935305184,0.9260021196958612,-0.18309689524979098,0.32600326282922243,0.05107193248327759,0.9006753876855143,-0.40663376619983277,0.021437833141722408,0.1512888012123746,0.7471836051813336,-0.5869344755957357,-0.1617692928250418,0.2663806928041388
22,0.73858642578125,0.203369140625,-0.63043212890625,-0.1248779296875,0.6813999546012751,0.5516898368911999,0.4736328125,0.08292391467652592,0.419677734375,-0.352783203125,0.83514404296875,-0.04315185546875,0.9259033203125,-0.183837890625,0.3258056640625,0.05126953125,0.90032958984375,-0.4072265625,0.021240234375,0.1517333984375,0.7468663856735995,-0.5872906841163252,-0.1616384448813754,0.26650725399770064
23,0.73858642578125,0.203369140625,-0.63043212890625,-0.1248779296875,0.6814528245192307,0.5515840970552884,0.4736328125,0.08350548377403846,0.419677734375,-0.352783203125,0.83514404296875,-0.04315185546875,0.9259033203125,-0.183837890625,0.3258056640625,0.05126953125,0.90032958984375,-0.4072265625,0.021240234375,0.1517333984375,0.7465491661658654,-0.5874492938701923,-0.16190279447115385,0.26693021334134615
24,0.7382973763456313,0.2038027147784281,-0.6306730034359322,-0.12468523006375418,0.6816020442490593,0.5511893077837584,0.47392186193561875,0.08326807947063126,0.4195813845631271,-0.3531204274665552,0.8349995182509407,-0.04363360452811455,0.9258069705006271,-0.18446416440217392,0.3257093142506271,0.05136588106187291,0.9001368902200042,-0.40751561193561875,0.020903010033444816,0.1521669725909281,0.746087421940322,-0.5878487781537416,-0.16216714406093227,0.26711229815530935
25,0.73822021484375,0.20391845703125,-0.6307373046875,-0.1246337890625,0.6818406733382107,0.55108642578125,0.47367894609636285,0.08355100497752926,0.4195556640625,-0.35321044921875,0.8349609375,-0.04376220703125,0.92578125,-0.18463134765625,0.32568359375,0.0513916015625,0.90008544921875,-0.4075927734375,0.02081298828125,0.15228271484375,0.7459716796875,-0.58795166015625,-0.1622314453125,0.26715087890625
26,0.7379336149796195,0.20423690132472827,-0.6309602156929348,-0.1246337890625,0.68194580078125,0.5507998259171195,0.47382918648097827,0.08354916779891304,0.41952381963315216,-0.3534652046535326,0.8348654042119565,-0.04404880689538043,0.9257175611413043,-0.18504532523777173,0.32565174932065216,0.051327912703804345,0.8999580715013586,-0.4078475288722826,0.020685610563858696,0.1524100925611413,0.7457169242527174,-0.5882064155910326,-0.16248620074728262,0.26724641219429346
27,0.7376708984375,0.20452880859375,-0.63116455078125,-0.1246337890625,0.682135234309678,0.550537109375,0.4738132642663043,0.08349241939276755,0.41949462890625,-0.35369873046875,0.83477783203125,-0.0443115234375,0.9256591796875,-0.1854248046875,0.32562255859375,0.05126953125,0.89984130859375,-0.4081994506427676,0.02026101817255435,0.15226638436716136,0.7454833984375,-0.58843994140625,-0.1627197265625,0.267333984375
28,0.7375157589099081,0.2045443225465092,-0.6313352042616012,-0.1246648169680184,0.682356512267454,0.5505215954222408,0.47349829019910117,0.08353957364391723,0.4195256568117684,-0.35365218861047243,0.83477783203125,-0.04442012110681438,0.9256436657347408,-0.185502374451296,0.32566910045202757,0.051176447533444816,0.8998102806882317,-0.40840174442150917,0.01997707201086956,0.15196406641931437,0.7453748007681856,-0.5885330251228051,-0.1627662684207776,0.26741155413879597
29,0.7369797110158863,0.20451635660535117,-0.6319314707880435,-0.12485874137750837,0.6820480703908863,0.5505716075067935,0.4740063721519649,0.08314458024142976,0.41961669921875,-0.35345683528428096,0.8348072268891096,-0.04465058495767141,0.9255907958167852,-0.18567119075303093,0.3258497563492893,0.05092536645589465,0.8997412844246446,-0.40837377848035117,0.02056884765625,0.15231945841607442,0.7451075933450042,-0.5887253164846363,-0.16288078588785534,0.2676685550141095
30,0.7363981419183737,0.2039876574257943,-0.6326187797214674,-0.12559892022888797,0.6814665012933737,0.5512589164402174,0.47405924206992056,0.08325032007734114,0.41961669921875,-0.35303387594063546,0.8350187065609322,-0.044016145942203176,0.9255379258988294,-0.18524823140938546,0.3261669758570234,0.051083976209761704,0.8998998941785117,-0.40784507930079433,0.02056884765625,0.15258380800585283,0.7454776827706939,-0.5881437473871237,-0.1627221761339883,0.2678800346859323
31,0.73638916015625,0.2039794921875,-0.63262939453125,-0.1256103515625,0.6817177865018813,0.5514256914323787,0.47343541786423493,0.08319989973087374,0.41961669921875,-0.35302734375,0.83502197265625,-0.04400634765625,0.925537109375,-0.18524169921875,0.326171875,0.05108642578125,0.89990234375,-0.4078369140625,0.02056884765625,0.152587890625,0.7454833984375,-0.588134765625,-0.1627197265625,0.26788330078125
32,0.7360819430654264,0.20362838694084448,-0.6329804997779055,-0.12613700943248327,0.6811921492866848,0.5518037419654055,0.4737665182770694,0.08319091796875,0.41966058737458195,-0.3527201266591764,0.8351536371237458,-0.043523577942098664,0.9255809975308319,-0.18471504134876673,0.3263035394674958,0.051130313937081937,0.9001656726849916,-0.40735414434834866,0.0207882884354097,0.15250011431333613,0.7458783918399875,-0.5874764432875209,-0.1631586081208194,0.2679710770929139
33,0.7359619140625,0.2034912109375,-0.63311767578125,-0.1263427734375,0.6810764070338629,0.5519766408862876,0.47372365077602424,0.0833338096389005,0.419677734375,-0.35260009765625,0.835205078125,-0.0433349609375,0.92559814453125,-0.18450927734375,0.32635498046875,0.0511474609375,0.9002685546875,-0.40716552734375,0.0208740234375,0.1524658203125,0.74603271484375,-0.58721923828125,-0.163330078125,0.26800537109375
34,0.7357690103077968,0.20338098022052675,-0.6333656948944398,-0.12650811951295987,0.6809043246368102,0.5520846261627299,0.4738197964569398,0.08332482787677675,0.41978796509197325,-0.3526276553354933,0.8351499627665134,-0.043142057182796824,0.9256532598897366,-0.18437148894753344,0.3262723074310201,0.05136792237144649,0.9002961123667433,-0.40705529662677675,0.0206260043243102,0.15265872406720318,0.7460051571645067,-0.5871090075642768,-0.16352298187970318,0.26817071716920987
35,0.735437705764005,0.203227677871551,-0.633802739274143,-0.12667019949310201,0.680699989548495,0.552146273711852,0.47404352398620403,0.08321031040969899,0.419941267440949,-0.35271931013534696,0.835044222930602,-0.04296589216659699,0.925681429961852,-0.18432045620819398,0.326191267440949,0.051655134628449,0.900252020079954,-0.407076526246342,0.020460454117892976,0.15289306640625,0.745991072128449,-0.586994490097199,-0.16358279225020902,0.26842975935409696
36,0.7352294921875,0.20318603515625,-0.63409423828125,-0.1265869140625,0.680908203125,0.55206298828125,0.473876953125,0.083251953125,0.41998291015625,-0.35284423828125,0.8349609375,-0.0430908203125,0.92559814453125,-0.1845703125,0.32623291015625,0.05169677734375,0.90008544921875,-0.40740966796875,0.020751953125,0.15289306640625,0.745965351627822,-0.5870810416231187,-0.16330905263639214,0.2685659147026547
37,0.7352172443300585,0.2031952210493311,-0.6341034241743311,-0.1265777281694189,0.6809265749111622,0.5520446164950878,0.47387082919627926,0.08324582919627926,0.41998597212061034,-0.35286567203177255,0.8349486896425585,-0.043115316027382944,0.9255920206025293,-0.18460093214360368,0.32623903408497074,0.051690653415029264,0.9000701393969481,-0.407443349576714,0.020761139018081104,0.15289919033497074,0.7456389462270067,-0.5873078311167433,-0.16375732421875,0.26862797051369147
38,0.7350057646582357,0.20335383080319816,-0.6342620339281981,-0.12641911841555184,0.6812437944188964,0.5517273969873536,0.4737650893603679,0.08314008936036789,0.42003884203856606,-0.3532357614574624,0.8347372099707357,-0.04353827537102843,0.9254862807666179,-0.18512963132316054,0.3263447739208821,0.051584913579117896,0.8998057898071697,-0.4080249186742266,0.02091974877194816,0.1530049301708821,0.7451631169654055,-0.5877836603783445,-0.16375732421875,0.2688394501855142
39,0.7349853515625,0.203369140625,-0.63427734375,-0.12640380859375,0.6815132472826086,0.5515057107676631,0.47361158288043476,0.08346424932065218,0.4200439453125,-0.353271484375,0.834716796875,-0.0435791015625,0.92547607421875,-0.1851806640625,0.32635498046875,0.05157470703125,0.8997802734375,-0.4080810546875,0.02093505859375,0.15301513671875,0.7451171875,-0.58782958984375,-0.16375732421875,0.26885986328125
40,0.7347873445338629,0.20325033640781773,-0.6345941549958194,-0.12636420718802258,0.6814211842208403,0.5515318395302049,0.4737301829666597,0.08324031766043061,0.42000434390677255,-0.35335068718645485,0.834716796875,-0.04365830437395485,0.9253572700015678,-0.18541827249686454,0.32655298749738715,0.05149550421979515,0.8996218678145903,-0.408358264527592,0.021212268433841972,0.15301513671875,0.7449191804713629,-0.5879879954666597,-0.16379692562447742,0.26905787030988715
41,0.73468017578125,0.20318603515625,-0.634765625,-0.1263427734375,0.6814926300559155,0.5514175261940845,0.47372160946645064,0.08335177316314799,0.41998291015625,-0.3533935546875,0.834716796875,-0.043701171875,0.92529296875,-0.185546875,0.32666015625,0.05145263671875,0.8995361328125,-0.40850830078125,0.0213623046875,0.15301513671875,0.74481201171875,-0.58807373046875,-0.163818359375,0.2691650390625
42,0.7345638211355561,0.20302313865227842,-0.6349285215039716,-0.12643585715405517,0.6814777284960284,0.5514091568248328,0.473749167145694,0.08352508034594482,0.4199596392271112,-0.3533702837583612,0.8347400678041388,-0.04365463001672241,0.9252464268917224,-0.1855934168582776,0.3267532399665552,0.051545720435305184,0.8995128618833612,-0.4085315717103888,0.021455388404055184,0.15313149136444398,0.7447887407896112,-0.5880970013978888,-0.1637718175167224,0.2692581227790552
43,0.7343296829274666,0.20256241508152173,-0.6352835052388169,-0.12672286528010032,0.6810925333794942,0.5517263763325669,0.47398330535378347,0.08341934051003344,0.419921875,-0.3532267796953386,0.8348231491037834,-0.04350357310827759,0.925140687055811,-0.1855934168582776,0.32704024809260035,0.05168167165290552,0.8994902033470945,-0.4085089131741221,0.021757502220944816,0.15329010111831104,0.7449020334709449,-0.5879383916440217,-0.1636207606082776,0.2694242853783445
44,0.73419189453125,0.20196533203125,-0.63555908203125,-0.12713623046875,0.68072509765625,0.552001953125,0.47412109375,0.08355712890625,0.419921875,-0.3529052734375,0.8349609375,-0.04327392578125,0.925048828125,-0.18536376953125,0.32745361328125,0.0516357421875,0.8995361328125,-0.4083251953125,0.022216796875,0.1531982421875,0.7453266258622492,-0.5874176535718019,-0.1633702919235995,0.2694355125809992
45,0.73419189453125,0.20196533203125,-0.63555908203125,-0.12713623046875,0.68072509765625,0.552001953125,0.47412109375,0.08355712890625,0.419921875,-0.3529052734375,0.8349609375,-0.04327392578125,0.925048828125,-0.18536376953125,0.32745361328125,0.0516357421875,0.8995361328125,-0.4083251953125,0.022216796875,0.1531982421875,0.7450622762724707,-0.5879992226693144,-0.16321168216973245,0.26917116299122074
46,0.7340369591346154,0.2014488807091346,-0.6357656625600961,-0.12770432692307693,0.6804668719951923,0.5521568885216346,0.47427602914663464,0.0838153545673077,0.41987022986778844,-0.35269869290865385,0.8351158728966346,-0.04296405498798077,0.9249971829927884,-0.18500225360576922,0.3277118389423077,0.05173903245192308,0.8996394230769231,-0.40817025991586536,0.022681603064903848,0.15309495192307693,0.7454693134014423,-0.58734130859375,-0.16310471754807693,0.26937161959134615
47,0.7340087890625,0.20135498046875,-0.63580322265625,-0.1278076171875,0.6806808012385034,0.5520546189119984,0.47413027964308113,0.08377534489966555,0.41986083984375,-0.3526611328125,0.83514404296875,-0.04290771484375,0.92498779296875,-0.1849365234375,0.3277587890625,0.0517578125,0.899658203125,-0.40814208984375,0.02276611328125,0.153076171875,0.7454574738059155,-0.5874801176447534,-0.16304245760608277,0.26923526011183113
48,0.7339381597512542,0.20128435115750418,-0.6358738519674958,-0.12805481977686037,0.6806095595343854,0.5520725824362458,0.47420131721624165,0.08384617834186874,0.41986083984375,-0.35255518884563125,0.8351793576243729,-0.042837085532504184,0.9249171636575042,-0.1849012087818771,0.32793536234061454,0.05172249784437709,0.8996228884693771,-0.4081774044993729,0.023013315870610368,0.1531114865306229,0.7455283072481187,-0.5874441905962584,-0.16320147562186454,0.26902378044000835
49,0.73388671875,0.20123291015625,-0.63592529296875,-0.12823486328125,0.6805081064485786,0.5521783222721572,0.4742499003840928,0.08378759275710702,0.41986083984375,-0.35247802734375,0.835205078125,-0.04278564453125,0.9248928720735786,-0.1848483388639214,0.3281182636784072,0.051370984335806856,0.89959716796875,-0.408338872086643,0.023356255878971572,0.15278426460597827,0.74560546875,-0.58734130859375,-0.163330078125,0.2689208984375
50,0.7338677345709658,0.2013278310514214,-0.6358873246106814,-0.12838673671352424,0.6805040238294314,0.5521701570338629,0.4742770498014214,0.08375105331573997,0.41991779238085286,-0.3523831064485786,0.835205078125,-0.04278564453125,0.9249077736334658,-0.18485242148306857,0.3281670509772157,0.05113521308005853,0.8995781837897158,-0.4084893166022157,0.023483633596362876,0.15249562343227424,0.7456434371080686,-0.58734130859375,-0.1633490623040343,0.26880699336329433
51,0.7338040457122701,0.20159218064119983,-0.63579240371551,-0.12883133393864968,0.6803550082305602,0.5520235910064799,0.4745522183319398,0.0840778669784699,0.42003312637176005,-0.3521512136810201,0.8352267160064799,-0.042764006649770064,0.92486572265625,-0.18492570449676005,0.328125,0.051535309756479936,0.8995361328125,-0.40845808456573995,0.0233478865097199,0.1527995744277801,0.7457059011810201,-0.5872980328307902,-0.1634560269256898,0.2686520579666597
52,0.73370361328125,0.20184326171875,-0.6357421875,-0.12933349609375,0.6800537109375,0.5521240234375,0.474853515625,0.084228515625,0.41998291015625,-0.35205078125,0.8353271484375,-0.04266357421875,0.92486572265625,-0.18487548828125,0.328125,0.0516357421875,0.8995361328125,-0.40850830078125,0.02349853515625,0.15264892578125,0.7456134298573369,-0.5871051290760869,-0.1637467094089674,0.26906950577445654
53,0.73370361328125,0.20184326171875,-0.6357421875,-0.12933349609375,0.6800537109375,0.5521240234375,0.474853515625,0.084228515625,0.41998291015625,-0.35205078125,0.8353271484375,-0.04266357421875,0.92486572265625,-0.18487548828125,0.328125,0.0516357421875,0.8995361328125,-0.40850830078125,0.02349853515625,0.15264892578125,0.745772039611204,-0.587263738829954,-0.16353522973714466,0.2683821968410326
54,0.733656254899143,0.2020800536292851,-0.635600112353679,-0.12966500476849915,0.679958994173286,0.552076665055393,0.4749955907713211,0.08437059077132107,0.41998291015625,-0.352145498014214,0.835279790055393,-0.04266357421875,0.924818364274143,-0.18487548828125,0.3282670751463211,0.051446308659071904,0.899441416048286,-0.4087450926917851,0.024161552505748324,0.1524121338707149,0.745741215836643,-0.587185556673286,-0.16379733388639214,0.2685946971676421
55,0.733642578125,0.2021484375,-0.63555908203125,-0.1297607421875,0.6799708337688127,0.5521413745688755,0.4748798485184992,0.0843724279499373,0.41998291015625,-0.3521728515625,0.83526611328125,-0.04266357421875,0.9248046875,-0.18487548828125,0.32830810546875,0.0513916015625,0.8994140625,-0.4088134765625,0.02435302734375,0.15234375,0.7457275390625,-0.5871973962688127,-0.1639577808188754,0.26844159894962377
56,0.7335494944084449,0.20230357702759197,-0.6355901099367683,-0.12988485380957357,0.67999267578125,0.5520609469716764,0.47497864790186034,0.0843816138430184,0.4200759938728052,-0.3521418236569816,0.8352350853757317,-0.04266357421875,0.9248046875,-0.18496857199780517,0.3282150217521948,0.05160879690112876,0.8993520066889632,-0.4089065602790552,0.024259943627194816,0.15249888952759197,0.7456654832514632,-0.5872812940922868,-0.16415660437134197,0.2682795189694816
57,0.73345947265625,0.20245361328125,-0.6356201171875,-0.1300048828125,0.6800155384484741,0.5520552313048704,0.47497579006845736,0.08438875842652592,0.420166015625,-0.35211181640625,0.835205078125,-0.04266357421875,0.9248504128344481,-0.18501286841555184,0.32807927466555187,0.0517045343201296,0.8992919921875,-0.40899658203125,0.024169921875,0.15264892578125,0.74560546875,-0.58734130859375,-0.164306640625,0.26824951171875
58,0.7334153803694607,0.20255649528375835,-0.6356348146164298,-0.13003427767035952,0.6800684083664298,0.5521579091764214,0.47474389730089883,0.08436528336642976,0.4202101079117893,-0.3520971189773202,0.8351903806960702,-0.042722363934469064,0.9248973629546404,-0.1850247080110786,0.3280176271164298,0.05158715901964883,0.8992625973296404,-0.4090847666048286,0.024272803877508364,0.15257543863660117,0.7455760738921404,-0.587400098309469,-0.16423315348035117,0.26824951171875
59,0.7332698349968646,0.20292658470944816,-0.6356746201531146,-0.1301400175062709,0.6801278104750209,0.5518537540499582,0.4749886503187709,0.08440508890311454,0.42032952452184363,-0.3520638456312709,0.83514404296875,-0.04292731141565635,0.9247981553093646,-0.18533539532817725,0.32807049703438546,0.051805783274979096,0.8991568574937291,-0.4093954539219273,0.02464289330319816,0.15233721780936454,0.7454572696749582,-0.5875985136000209,-0.16402106141565637,0.2682756404812918
60,0.7332169650789089,0.20329667413513797,-0.6356217502351589,-0.13024575734218227,0.6802335503109322,0.5516422743781354,0.4750943901546823,0.08435221898515886,0.4201709147679766,-0.3521695854671823,0.83514404296875,-0.04308592116952341,0.9247452853914089,-0.1855997449179557,0.3281233669523411,0.05170004343906773,0.8990511176578178,-0.40965980351170567,0.02501298272888796,0.15228434789140885,0.7452457900031354,-0.5877042534359322,-0.16417967116952342,0.26848712015311454
61,0.73321533203125,0.20330810546875,-0.6356201171875,-0.1302490234375,0.68023681640625,0.5516357421875,0.47509765625,0.0843505859375,0.420166015625,-0.3521728515625,0.83514404296875,-0.0430908203125,0.92474365234375,-0.18560791015625,0.328125,0.05169677734375,0.8990478515625,-0.40966796875,0.0250244140625,0.15228271484375,0.7454442052936873,-0.5876562826609532,-0.1641845703125,0.26813499425167225
62,0.7331722603992475,0.20356653526076504,-0.635533973923495,-0.13037823833350753,0.6802798880382525,0.5513773123954849,0.47535608604201507,0.08447980083350752,0.4201229439929975,-0.3522159231945025,0.83514404296875,-0.04322003520850753,0.9247005807117475,-0.18573712505225753,0.328125,0.051782920607755016,0.8990047799304975,-0.40979718364600753,0.025196700590510032,0.15219657157974498,0.74531111190949,-0.5876895560070025,-0.16435685684051005,0.26828176441001256
63,0.733154296875,0.20367431640625,-0.635498046875,-0.13043212890625,0.6802978515625,0.55126953125,0.4754638671875,0.08453369140625,0.42010498046875,-0.35223388671875,0.83514404296875,-0.04327392578125,0.9246826171875,-0.185791015625,0.328125,0.05181884765625,0.89898681640625,-0.40985107421875,0.0252685546875,0.15216064453125,0.745413789781041,-0.5877773323186664,-0.16414945978783443,0.2679527053067517
64,0.7332077791858278,0.20372779871707775,-0.6353910822533445,-0.13061931699414717,0.6802443692516722,0.5512427900945861,0.47554409065374165,0.08464065602790552,0.4200782393133361,-0.35215366325250835,0.8351975252795778,-0.04330066693666388,0.9246826171875,-0.18571079215875835,0.32820522346624165,0.05176536534542224,0.8990135575616639,-0.4098243330633361,0.025509225086224916,0.1520269387541806,0.7455979159045778,-0.58782958984375,-0.16388694737667225,0.26755893669000835
65,0.7332949431046195,0.20388926630434784,-0.6351796025815217,-0.13097083050271738,0.6801572053328805,0.5511713442595109,0.4757027004076087,0.08485213569972826,0.42006252122961957,-0.35195790166440216,0.8352846891983695,-0.043390688688858696,0.9247011931046195,-0.18560791015625,0.32821522588315216,0.05180823284646739,0.8990292756453805,-0.40980861497961957,0.02578071925951087,0.15187404466711957,0.7456107761548914,-0.5878110139266305,-0.16394839079483695,0.26753035835597827
66,0.73333740234375,0.2041015625,-0.635009765625,-0.1312255859375,0.68011474609375,0.55108642578125,0.475830078125,0.08502197265625,0.42010498046875,-0.35174560546875,0.8353271484375,-0.04351806640625,0.92474365234375,-0.18560791015625,0.3280029296875,0.05206298828125,0.89898681640625,-0.40985107421875,0.02569580078125,0.15191650390625,0.7454833984375,-0.5877685546875,-0.16424560546875,0.2677001953125
67,0.7333284205816263,0.20411278970265467,-0.6350165019465928,-0.13123007681856189,0.6801102552126881,0.55108642578125,0.47583456900606186,0.08502646353731187,0.4201117167903428,-0.3517343782660953,0.8353271484375,-0.04352480272784281,0.9247481432248119,-0.18561015559678093,0.32798945704431437,0.05206972460284281,0.898984570965719,-0.40985556509981186,0.025686819019126256,0.15191874934678093,0.7454789075564381,-0.5877730455685619,-0.16425234179034282,0.2677001953125
68,0.7331169409098035,0.20437713929243312,-0.6351751117004598,-0.13133581665447325,0.6800045153767768,0.55108642578125,0.47594030884197325,0.08513220337322325,0.42027032654420987,-0.3514700286763169,0.8353271484375,-0.043683412481709864,0.9248538830607232,-0.18566302551473662,0.32767223753658026,0.052228334356709864,0.8989317010477634,-0.40996130493572325,0.025475339347303512,0.15197161926473662,0.7453731677205268,-0.5878787854044732,-0.16441095154420987,0.2677001953125
69,0.73309326171875,0.20440673828125,-0.63519287109375,-0.13134765625,0.67999267578125,0.55108642578125,0.4759521484375,0.08514404296875,0.4202880859375,-0.3514404296875,0.8353271484375,-0.043701171875,0.92486572265625,-0.1856689453125,0.32763671875,0.05224609375,0.89892578125,-0.40997314453125,0.02545166015625,0.1519775390625,0.745361328125,-0.5880314753605769,-0.16456956129807693,0.26741849459134615
70,0.732821767545464,0.20452309292694398,-0.635464365267036,-0.13138644113189799,0.67999267578125,0.551125210663148,0.475913363555602,0.085105258086852,0.420404440583194,-0.35120772039611203,0.835404718201296,-0.043817526520693977,0.92486572265625,-0.18570773019439799,0.32755914898620403,0.05228487863189799,0.898886996368102,-0.41005071429504597,0.025723154329535952,0.15201632394439799,0.745283758361204,-0.58807373046875,-0.16434032223296405,0.26764426343018394
71,0.732666015625,0.20458984375,-0.6356201171875,-0.13140869140625,0.67999267578125,0.5511474609375,0.47589111328125,0.0850830078125,0.42047119140625,-0.35107421875,0.83544921875,-0.04388427734375,0.9250494405178721,-0.18554626260712792,0.32714721271425584,0.05233774854985368,0.89886474609375,-0.41009521484375,0.02587890625,0.15203857421875,0.7452698774561036,-0.5880431108251464,-0.16430704888691472,0.26773040669418896
72,0.7325088347878345,0.20467966137123747,-0.6357548436193562,-0.13140869140625,0.679925312565322,0.551214824153428,0.47591356768655935,0.08512791662311874,0.42049364581155935,-0.3507374026703595,0.8355614907765468,-0.04392918615436873,0.9251421159725125,-0.18547604155779682,0.32693940739966554,0.05241307287311873,0.89886474609375,-0.41007276043844065,0.02587890625,0.15215084624529682,0.7452553841581313,-0.5880126953125,-0.1644960741534281,0.26772897777748744
73,0.7321673236961748,0.20484827354201504,-0.6360577739600752,-0.13140869140625,0.6797238353104097,0.5514591689093854,0.4759235701034699,0.08524794562604515,0.42060367239757523,-0.3497585947298286,0.8358829970343854,-0.0440635043243102,0.9250592388038252,-0.18559749947742474,0.32705229181908446,0.05253310187604515,0.8988790352607651,-0.40999131218645485,0.02587890625,0.15235803916701504,0.7451639334892349,-0.5880126953125,-0.1645260814041597,0.26795474661632523
74,0.73193359375,0.20489501953125,-0.63629150390625,-0.13140869140625,0.679443359375,0.5518798828125,0.475830078125,0.08538818359375,0.42083740234375,-0.34844970703125,0.8363037109375,-0.04425048828125,0.92529296875,-0.18536376953125,0.3265380859375,0.05267333984375,0.89892578125,-0.40985107421875,0.02587890625,0.15240478515625,0.7451171875,-0.5880126953125,-0.16424560546875,0.2681884765625
75,0.73193359375,0.20489501953125,-0.63629150390625,-0.13140869140625,0.679443359375,0.5518798828125,0.475830078125,0.08538818359375,0.42083740234375,-0.34844970703125,0.8363037109375,-0.04425048828125,0.92529296875,-0.18536376953125,0.3265380859375,0.05267333984375,0.89892578125,-0.40985107421875,0.02587890625,0.15240478515625,0.7451171875,-0.5880126953125,-0.16424560546875,0.2681884765625
76,0.73193359375,0.2048441909228679,-0.6363931611230143,-0.13130703418948578,0.6790367305079431,0.552337340287939,0.4757792495166179,0.08569315524404264,0.42119320260242477,-0.34672153434625835,0.836811997021321,-0.044352145498014216,0.9256995976170569,-0.18516045509772158,0.32547068516147576,0.05297831149404264,0.89892578125,-0.4097494170019858,0.025573934599707356,0.15276058541492474,0.7451680161083821,-0.5880635239208821,-0.16404229103522158,0.2681376479541179
77,0.73193359375,0.204833984375,-0.63641357421875,-0.13128662109375,0.678955078125,0.55242919921875,0.47576904296875,0.08575439453125,0.4212646484375,-0.34637451171875,0.8369140625,-0.04437255859375,0.92578125,-0.18511962890625,0.32525634765625,0.05303955078125,0.89892578125,-0.40972900390625,0.0255126953125,0.15283203125,0.7451355592861622,-0.5879457403584866,-0.16430010843436454,0.26834075825668896
78,0.7318645974864131,0.204833984375,-0.6365170686141305,-0.13114862856657608,0.678817085597826,0.552567191745924,0.47580354110054346,0.0860648777173913,0.42160962975543476,-0.345512058423913,0.8371210512907609,-0.04440705672554348,0.925919242527174,-0.18525762143342392,0.32466987941576086,0.053350033967391304,0.8988222868546195,-0.40983249830163043,0.025098717730978264,0.15317701256793478,0.7450826893682065,-0.5879596212635869,-0.16425622027853262,0.2684326171875
79,0.7318115234375,0.204833984375,-0.6365966796875,-0.13104248046875,0.6787109375,0.55267333984375,0.475830078125,0.0863037109375,0.421875,-0.3448486328125,0.8372802734375,-0.04443359375,0.9261570550924958,-0.18533743663775085,0.32382375659751256,0.053799530335493305,0.89874267578125,-0.409912109375,0.0247802734375,0.1534423828125,0.7450298194502508,-0.5879336966320025,-0.16443952987823995,0.2685642816549958
80,0.7317025175062709,0.2047976490645903,-0.636723853273934,-0.13098797750313546,0.6786564345343854,0.55267333984375,0.47584824578020485,0.08644905217913879,0.42185683234479515,-0.34475779453647576,0.8373347764031146,-0.044379090784385455,0.9262760634406354,-0.185302734375,0.32346673155309363,0.054022645471885455,0.89874267578125,-0.40989394171979515,0.024743938127090304,0.15349688577811454,0.7450314524979097,-0.5877387515677257,-0.1649286276520694,0.26871962531354515
81,0.7313852979985368,0.20475192373014214,-0.6370839402827132,-0.13086937741691054,0.678507827197429,0.552653335009929,0.4759411253658027,0.0868520066889632,0.4217839575930184,-0.3445534594481605,0.8374733813231605,-0.044260490698160536,0.926167465771321,-0.18529273195808946,0.3238125293948579,0.05389404296875,0.89874267578125,-0.40985107421875,0.024658203125,0.15360548344742894,0.745097182666179,-0.5875344164794105,-0.1650400831547868,0.2687467747308737
82,0.7310791015625,0.2049560546875,-0.63739013671875,-0.13092041015625,0.67840576171875,0.55255126953125,0.4761962890625,0.087158203125,0.421630859375,-0.3446044921875,0.8375244140625,-0.0443115234375,0.92626953125,-0.18524169921875,0.3236083984375,0.05389404296875,0.89874267578125,-0.40985107421875,0.024658203125,0.15350341796875,0.7449951171875,-0.58758544921875,-0.16473388671875,0.26910400390625
83,0.7310791015625,0.2049560546875,-0.63739013671875,-0.13092041015625,0.67840576171875,0.55255126953125,0.4761962890625,0.087158203125,0.421630859375,-0.3446044921875,0.8375244140625,-0.0443115234375,0.92626953125,-0.18524169921875,0.3236083984375,0.05389404296875,0.89874267578125,-0.40985107421875,0.024658203125,0.15350341796875,0.7449951171875,-0.58758544921875,-0.16473388671875,0.26910400390625
84,0.7308929341293896,0.20481642911266723,-0.637622846010138,-0.13101349387280517,0.6782661361439172,0.5525978113895276,0.47624283092077757,0.08748399613294314,0.42135160822533446,-0.3446044921875,0.8376640396373328,-0.044171897862667224,0.9262229893917224,-0.18486936435252926,0.32393419144544316,0.053568249960806856,0.8987892176395276,-0.4097579905021948,0.025077079849498324,0.1534568761104724,0.745227826478888,-0.587352739927362,-0.16487351229358277,0.26905746204797243
85,0.7308349609375,0.20477294921875,-0.6376953125,-0.13104248046875,0.67822265625,0.5526123046875,0.47625732421875,0.08758544921875,0.4212646484375,-0.3446044921875,0.83770751953125,-0.04412841796875,0.9263620025736831,-0.18459991148881688,0.32372863157138376,0.05358192673494983,0.8988037109375,-0.40972900390625,0.02520751953125,0.1534423828125,0.7452235397287834,-0.5872418968175167,-0.16510887528741638,0.2691580986099498
86,0.7307745381741221,0.20474273783706104,-0.6377859466450669,-0.13110290323212792,0.6780111765781772,0.5527331502142558,0.4764083811271948,0.08779692889057274,0.4212042256741221,-0.3445440694241221,0.8377679422946279,-0.04391693829692726,0.926422425337061,-0.18447906596206104,0.32366820880800584,0.05368011372543896,0.8988641337008779,-0.40954773561611624,0.025147096767872076,0.15362365110263376,0.745208434037939,-0.5871588155178721,-0.16513153382368312,0.2693167083638169
87,0.7306908444816054,0.2048000986360786,-0.6378343256819607,-0.13118659692464466,0.6776410871524875,0.5529005375992893,0.47671682300376256,0.08816701831626253,0.4211646242683946,-0.34457060644857856,0.8377854975569607,-0.04372321801839465,0.9263695554191054,-0.18440414990071072,0.3238355961930393,0.05373298364339465,0.8988816889632107,-0.4094068852555393,0.025041356931960704,0.15387473218018394,0.7452833500992893,-0.587031029538566,-0.16514929321697325,0.2693871335441054
88,0.73065185546875,0.2049560546875,-0.63775634765625,-0.1312255859375,0.6773681640625,0.552978515625,0.47698974609375,0.08843994140625,0.4210925660404473,-0.3446571579744983,0.837790804961852,-0.043706683410848664,0.92633056640625,-0.184326171875,0.32391357421875,0.05377197265625,0.8988314727477007,-0.409443220565949,0.025046664336852,0.15392229469324833,0.745361328125,-0.5869140625,-0.16534423828125,0.26934814453125
89,0.7306747181359741,0.20498463302153008,-0.6377277693222199,-0.13123701727111203,0.6773453013952759,0.552978515625,0.47701260876097407,0.08847995107389213,0.42069818503083195,-0.34442138671875,0.8380794461355561,-0.04353521340666806,0.9263362820730561,-0.18432045620819398,0.32391357421875,0.05374910998902592,0.89892578125,-0.40931890481291805,0.025312442843331943,0.15365222943666387,0.7453670437918061,-0.5869140625,-0.16536710094847407,0.2693195661972199
90,0.7308861978077968,0.20524898261130853,-0.6374634197324415,-0.13134275710702342,0.6771338217234532,0.552978515625,0.47722408843279684,0.08885004049958194,0.4205395752769649,-0.34442138671875,0.8381323160535117,-0.04369382316053512,0.9263891519910117,-0.1842675862902383,0.32391357421875,0.053537630317203176,0.89892578125,-0.4094775145667851,0.025153833089464884,0.15333500992892976,0.7454199137097617,-0.5869140625,-0.16557858062029682,0.26905521660744147
91,0.73089599609375,0.20526123046875,-0.637451171875,-0.13134765625,0.6771240234375,0.552978515625,0.47723388671875,0.0888671875,0.4205322265625,-0.34442138671875,0.838134765625,-0.043701171875,0.9263916015625,-0.18426513671875,0.32391357421875,0.05352783203125,0.89892578125,-0.40948486328125,0.025146484375,0.1533203125,0.74542236328125,-0.5869140625,-0.16558837890625,0.26904296875
92,0.7310227614182693,0.20534574068509615,-0.6372398963341346,-0.13138991135817307,0.6769550030048077,0.5530207707331731,0.4774029071514423,0.08899395282451923,0.4204054612379808,-0.34442138671875,0.8382192758413461,-0.04378568209134615,0.9263916015625,-0.18430739182692307,0.3238713191105769,0.05340106670673077,0.8988835261418269,-0.4096116286057692,0.025188739483173076,0.15327805739182693,0.7453801081730769,-0.5869563176081731,-0.16571514423076922,0.2689162034254808
93,0.7310791015625,0.20538330078125,-0.63714599609375,-0.13140869140625,0.6768798828125,0.55303955078125,0.47747802734375,0.08905029296875,0.42034912109375,-0.34442138671875,0.8382568359375,-0.0438232421875,0.9263234218227425,-0.184326171875,0.32409116815165134,0.053208367082984945,0.89886474609375,-0.40966796875,0.02520751953125,0.15325927734375,0.745361328125,-0.5870091875261287,-0.16546467554609112,0.26899622276076507
94,0.7312346493520067,0.20546107467600336,-0.6369645236726589,-0.1313568421430811,0.6768539581809155,0.5529617768864966,0.47755580123850333,0.08915399149508779,0.4202972718305811,-0.3445769345082567,0.8382309113059155,-0.043875091450668896,0.9263473051447534,-0.1843780211381689,0.32404646347198995,0.05307466130591555,0.8987869721989966,-0.40979759190792225,0.025233444162834448,0.15328520197533446,0.7452835542302466,-0.5871398313388378,-0.16542956502142558,0.26897438074832775
95,0.7315163500731605,0.20563744382316054,-0.6366299530335493,-0.13125110230716974,0.6769076446227007,0.5528031671326296,0.4776078546326296,0.08936547116691053,0.42031584774770064,-0.34482311644283026,0.8381247632080895,-0.044016350073160536,0.9263993585388796,-0.18453703915395067,0.3238015063231605,0.053004031994669736,0.8986638812317098,-0.4100441821044105,0.025144238934469067,0.15330255310670987,0.7451249444763796,-0.5873513110106605,-0.16569268982545987,0.26878106873170987
96,0.731689453125,0.205810546875,-0.63641357421875,-0.13116455078125,0.6770856468175167,0.5526637456887542,0.47753559227372494,0.08952898006375418,0.42047466163252506,-0.34492885627874165,0.8379708484662416,-0.04417026481500836,0.9262599370950042,-0.18473422965875835,0.3240225801499791,0.05287910384876672,0.89862060546875,-0.41021728515625,0.024918061833716552,0.15323049487876253,0.7450047113424958,-0.5875244140625,-0.16562063159751253,0.26873779296875
97,0.731692310958403,0.20581197579170152,-0.6364092874686454,-0.131161692947847,0.676877024979097,0.552609446854097,0.477849953948056,0.08948468364600752,0.4201617288748955,-0.34503888286475753,0.83807373046875,-0.0440673828125,0.9262099250104515,-0.18463277657295152,0.324274069489444,0.05267048201034699,0.8986191765520485,-0.4102215719063545,0.02532958984375,0.153073314041597,0.7450547234270485,-0.587527271895903,-0.16547059534385453,0.2687335062186455
98,0.7317980507943144,0.20586484570965718,-0.6362506777147784,-0.13105595311193563,0.6767712851431856,0.5525037070181856,0.47806143361987874,0.08974903323578595,0.42000311912102845,-0.345303232454536,0.83807373046875,-0.0440673828125,0.9262627949284072,-0.18468564649090718,0.32406258981762126,0.052564742174435616,0.8985663066340928,-0.41038018166022155,0.02532958984375,0.15296757420568563,0.7450018535090928,-0.5876330117318144,-0.16562920509772158,0.26857489646477845
99,0.7318115234375,0.20587158203125,-0.63623046875,-0.13104248046875,0.6767578125,0.552490234375,0.47808837890625,0.08978271484375,0.41998291015625,-0.3453369140625,0.83807373046875,-0.0440673828125,0.9261311304609113,-0.18473851640886288,0.3244508468985159,0.05241286874216137,0.8985595703125,-0.410400390625,0.02532958984375,0.1529541015625,0.7449951171875,-0.587646484375,-0.1656494140625,0.2685546875
100,0.7318874601536371,0.20579564531511288,-0.6361925003919314,-0.13100451211068143,0.6767198441419314,0.5524142976588629,0.47820228398045567,0.08989661991795568,0.4197930683659072,-0.3455267558528428,0.83807373046875,-0.04414331952863712,0.9261243941393186,-0.18471544961068143,0.32450902422136285,0.05229222734636288,0.8985216019544314,-0.41055226405727424,0.025557399992161372,0.15287816484636288,0.7450330855455686,-0.587646484375,-0.16545957227215718,0.2685167191419314
101,0.73193359375,0.20574951171875,-0.63616943359375,-0.1309814453125,0.67669677734375,0.5523681640625,0.478271484375,0.0899658203125,0.419677734375,-0.34564208984375,0.83807373046875,-0.044189453125,0.9260580515781772,-0.18484139841137123,0.3246417093436455,0.05224609375,0.89849853515625,-0.41064453125,0.02569580078125,0.15283203125,0.744936939864653,-0.5877954999738713,-0.16528463204170152,0.26861286482284696
102,0.7319119558685201,0.20551149502247074,-0.6362559851196697,-0.1310463589569398,0.6766535015807902,0.5523898019439799,0.47831476013795987,0.09007400971989966,0.41963445861204013,-0.3457070034881898,0.83807373046875,-0.044167815243520064,0.92596435546875,-0.18495428283079013,0.32487237732545987,0.0523110073944398,0.89849853515625,-0.41060125548704013,0.025782352307169732,0.15285366913147994,0.7449634768891096,-0.5877785571044105,-0.16511397856135032,0.2686728793243102
103,0.7318590859505644,0.20491645328177258,-0.6364674647914925,-0.13120496871080686,0.6764669258857651,0.5525639256506062,0.47838008204431437,0.09023057816419315,0.41952871877612874,-0.34570394152382944,0.838141093684678,-0.044020636823265055,0.92596435546875,-0.1847272892062082,0.3250320077341137,0.052415726575564384,0.898565898372178,-0.4103877345056438,0.02602077726536371,0.15285264847669314,0.7452662030988713,-0.58746337890625,-0.16489004690112877,0.26854121485681437
104,0.7318115234375,0.204345703125,-0.63665771484375,-0.13134765625,0.6761288850203804,0.5529864767323369,0.4783272121263587,0.09013565726902173,0.41943359375,-0.3453342603600543,0.8383523692255435,-0.04367728855298913,0.9259537406589674,-0.18424656080163043,0.3253333050271739,0.052362856657608696,0.8987824813179348,-0.40995456861413043,0.02630615234375,0.1527152683423913,0.7453294836956522,-0.5875058381453804,-0.16475777004076086,0.2685095745584239
105,0.7318115234375,0.204345703125,-0.63665771484375,-0.13134765625,0.6765518443640259,0.5524577775527801,0.47827434220840304,0.09061148653062291,0.41943359375,-0.3459158294575669,0.8380880196357651,-0.04404737797867893,0.9258480008230561,-0.1846695201452759,0.32549191478104095,0.05230998673965301,0.898571001646112,-0.41037752795777593,0.02630615234375,0.152768138260347,0.7450122641879181,-0.5879287974890259,-0.16438768061507109,0.26866818431229095
106,0.7319115476066054,0.2039456064485786,-0.63665771484375,-0.13144768041910534,0.6765246949466973,0.5523791871341973,0.478421520628658,0.09068721911580267,0.4191835333272366,-0.3459972777095527,0.8381737546378554,-0.04401737072794733,0.9258922972408027,-0.18424227405152593,0.32550048828125,0.05220710473714465,0.8986095823970527,-0.4104504027095527,0.026856285273829425,0.15247092358643394,0.745295189694816,-0.5877015997334867,-0.16436767578125,0.2684767094742893
107,0.73193359375,0.203857421875,-0.63665771484375,-0.1314697265625,0.676513671875,0.5523681640625,0.47845458984375,0.0906982421875,0.41912841796875,-0.34600830078125,0.83819580078125,-0.04400634765625,0.9257359329274666,-0.18431045379128344,0.32587710989757523,0.05210136490123328,0.89862060546875,-0.41046142578125,0.0269775390625,0.15240478515625,0.745361328125,-0.587646484375,-0.16436767578125,0.2684326171875
108,0.7320346385738922,0.20389110348296405,-0.6365566700198578,-0.1314697265625,0.676547353482964,0.5522334376306438,0.478488271451714,0.09083296861935619,0.41912841796875,-0.3461093456051421,0.838162119173286,-0.04404002926421405,0.925726542903428,-0.18442088863921405,0.3259150782556438,0.05206298828125,0.898586923860786,-0.4105287889971781,0.027044902278428092,0.1522700587243938,0.745327646517036,-0.5877475291988922,-0.16426663095735786,0.2682978907556438
109,0.73211669921875,0.20391845703125,-0.636474609375,-0.1314697265625,0.67657470703125,0.5521240234375,0.478515625,0.0909423828125,0.41912841796875,-0.34619140625,0.838134765625,-0.0440673828125,0.925679184521321,-0.1844482421875,0.3260608277591973,0.05190989006323161,0.8985595703125,-0.41058349609375,0.027099609375,0.15216064453125,0.7453513257080895,-0.58782958984375,-0.1640314720944816,0.2680864110838211
110,0.7321514014815008,0.20398786155675167,-0.6364052048494984,-0.1314523754311246,0.67657470703125,0.5521066723061245,0.4785503272627508,0.09095973394387542,0.41912841796875,-0.34619140625,0.838134765625,-0.044119436206626256,0.925537109375,-0.1844655933188754,0.326416015625,0.051644723949623744,0.8985422191811245,-0.41063554948787623,0.027134311637750836,0.15209124000574833,0.7453703098871237,-0.5878816432378763,-0.16390511503187707,0.2679269848061246
111,0.7322479554243311,0.20419934122857442,-0.6362120969638378,-0.13140869140625,0.6765930788174122,0.5520354306020067,0.4786376953125,0.09103097564799331,0.4191376038618311,-0.3462189639292433,0.8381163938388378,-0.04426886006741221,0.9255462952680811,-0.1845368350229933,0.3263884579457567,0.051522857768081104,0.8984893492631689,-0.4107941592417433,0.02719412200825669,0.1519256897993311,0.7452484437055811,-0.5880218812055811,-0.1641419069424122,0.2678649289950878
112,0.7322998046875,0.20440673828125,-0.6361083984375,-0.13140869140625,0.6766926947246028,0.5518819241220736,0.47864075727686034,0.09118958540186037,0.419189453125,-0.34637042909960286,0.8380147366220736,-0.04437255859375,0.9255971238764632,-0.1846923828125,0.3262349514658236,0.05157368637646321,0.8984385206547868,-0.4109476657216764,0.027039594873536788,0.1519785597172868,0.7453023342783236,-0.58807373046875,-0.16424050219481606,0.26775714784960286
113,0.7322998046875,0.20440673828125,-0.6361083984375,-0.13140869140625,0.6764812150527801,0.5519876639579849,0.4787993670307274,0.09134819515572742,0.419189453125,-0.3461589494277801,0.8381204764579849,-0.04437255859375,0.9255442539585075,-0.1846923828125,0.32634069130173493,0.05152081645850753,0.8984913905727425,-0.41084192588576507,0.027092464791492472,0.15203142963524247,0.7454080741142349,-0.58807373046875,-0.16397615260503762,0.2675456681777801
114,0.7323455300219481,0.20449818895014632,-0.6360169477686037,-0.13136296607180184,0.67645263671875,0.5519105024561037,0.47886652611569813,0.0915982555784908,0.41914372779055187,-0.34617609642819813,0.8380890402905519,-0.04446400926264632,0.9255828347094481,-0.18478383348139632,0.3262635297998537,0.051513671875,0.8984528098218019,-0.4109190873876463,0.02737396138168896,0.15194712354985368,0.7453309126123537,-0.5881651811376463,-0.16403188035639632,0.26751708984375
115,0.73236083984375,0.20452880859375,-0.635986328125,-0.13134765625,0.67645263671875,0.5518798828125,0.4788818359375,0.0916748046875,0.41912841796875,-0.34619140625,0.83807373046875,-0.04449462890625,0.9255230243389423,-0.18477689302884615,0.3264207106370192,0.051513671875,0.8984375,-0.41094970703125,0.0274658203125,0.15191650390625,0.74530029296875,-0.58819580078125,-0.1640625,0.26751708984375
116,0.7324490244173286,0.20449941373589048,-0.6358687486935619,-0.13134765625,0.6763350572873119,0.5519092776703596,0.47899941536893814,0.09176298926107859,0.41906962825303096,-0.34619140625,0.8381031253266096,-0.044435839190530936,0.9253878896451714,-0.18472402311089048,0.32686142937395485,0.05136669758570234,0.8984375,-0.41094970703125,0.027730374033235788,0.1518283193326714,0.745359082684469,-0.5881076162076714,-0.16418007943143814,0.2674289052701714
117,0.7326288637907609,0.2044677734375,-0.635636039402174,-0.13136888586956522,0.6762509553328805,0.55194091796875,0.47904105808423914,0.0919640582540761,0.4191337253736413,-0.34619140625,0.8380710767663043,-0.04437255859375,0.9253354279891305,-0.18467115319293478,0.3270820949388587,0.051229725713315216,0.8984587296195652,-0.41092847741168476,0.027887759001358692,0.15171216881793478,0.7454435929008152,-0.5880339249320652,-0.16424295176630435,0.26724906589673914
118,0.7327880859375,0.2044677734375,-0.63543701171875,-0.13140869140625,0.6763044376437082,0.5519278535874791,0.4789471578438545,0.0921238927936873,0.41925497916231186,-0.3462044706312709,0.8380039176813336,-0.04439868735629181,0.9253889102999582,-0.1846574764187918,0.3269085836251045,0.05124340248745819,0.8984724063937082,-0.4109409294000836,0.027779569593959035,0.1516462345187082,0.7454833984375,-0.58807373046875,-0.16412353515625,0.26708984375
119,0.7328027833664298,0.20444327772261706,-0.6354272134327968,-0.13141848969220318,0.6761986978077968,0.5518994793844063,0.4791723142898202,0.09198977875470318,0.41884283875940637,-0.34623284483434363,0.83819580078125,-0.04447503233434364,0.9253027670359532,-0.18472402311089048,0.32713863921404684,0.05114256179452341,0.8983911622726798,-0.41110831678511706,0.028244579914820232,0.15154049468279682,0.7455029950094063,-0.5880786296117266,-0.1640745437264841,0.2670604488921405
120,0.7329613931202968,0.20417892813283864,-0.6353214735968854,-0.13152422952811454,0.6760929579718854,0.5521109590562291,0.47901370453595316,0.09209551859061454,0.4190543184312291,-0.3460213651625209,0.83819580078125,-0.044263552662520904,0.9254085068718646,-0.18440680360315637,0.32703289937813546,0.05108969187656773,0.8985497720265468,-0.4108439671953386,0.02808597016095318,0.15143475484688546,0.7457144746812291,-0.5881314995296822,-0.16354584454692725,0.26674322938440637
121,0.73297119140625,0.20416259765625,-0.63531494140625,-0.13153076171875,0.676036821958612,0.552074419614862,0.4792023215405518,0.09195323931333613,0.4188193636993102,-0.34610750842652593,0.8382950084265259,-0.04430009210388796,0.925464642885138,-0.1841391879180602,0.32707597101013797,0.05098721813597408,0.8986587779577759,-0.4106788252508361,0.028324190988189796,0.15127941118833613,0.7459755581756898,-0.5877875388665342,-0.16400922182012959,0.2665252175219482
122,0.7329297528219063,0.2042454748249373,-0.6353563799905937,-0.13157220030309363,0.676025390625,0.551938672528219,0.47933092404368727,0.09216757681856187,0.41880364561559363,-0.34617180967809363,0.8382764325094063,-0.04427008485315635,0.9254346356344063,-0.18412346983434363,0.32712884092809363,0.05104723263743729,0.898681640625,-0.41060309266565637,0.02838134765625,0.1512451171875,0.7459912762594063,-0.58770751953125,-0.16412353515625,0.26660380794053096
123,0.73291015625,0.20428466796875,-0.6353759765625,-0.131591796875,0.676025390625,0.5518798828125,0.4793701171875,0.09228515625,0.4188232421875,-0.34619140625,0.8382568359375,-0.04425048828125,0.9254150390625,-0.18414306640625,0.3271484375,0.051019879089151336,0.898681640625,-0.41058349609375,0.02838134765625,0.1512451171875,0.7459716796875,-0.58770751953125,-0.16412353515625,0.26666259765625
124,0.73285994003449,0.20430977607650502,-0.6354513008857651,-0.13156668876724498,0.676000282517245,0.55193009902801,0.47931990097198995,0.09238558868102006,0.4188232421875,-0.34614119003448995,0.838281944045255,-0.044275596389005016,0.9254150390625,-0.18416817451400502,0.3271484375,0.050989463576505016,0.89863142440949,-0.41065882041701507,0.028456671979515052,0.15127022529525502,0.74592146347199,-0.5877828438545151,-0.16402310272522994,0.266637489548495
125,0.7327203144596572,0.2043626459944607,-0.6356268535090928,-0.1314968759798286,0.67596435546875,0.5519850102555393,0.4792988754833821,0.0924445825276965,0.4187215849707358,-0.3460862788069607,0.8383517568326714,-0.044328466306960704,0.9253642104541179,-0.1842379873014214,0.3272331518473035,0.051008447755539296,0.8985426274430393,-0.4108004873014214,0.028649167472303512,0.1513230952132107,0.7458834951139214,-0.5878736821305393,-0.1638963374007107,0.2665507338916179
126,0.7325439453125,0.20440673828125,-0.63580322265625,-0.13140869140625,0.6759292449440845,0.5519584732310828,0.4794399299749164,0.09228556451191472,0.41849214177466554,-0.3461391487249164,0.8384223861439172,-0.04431111517558528,0.9252582664872492,-0.1842471731945025,0.3274448356500836,0.05095557783758361,0.8985336456809155,-0.41084478371916805,0.028860851275083612,0.15132329934416805,0.7459716796875,-0.58782958984375,-0.1639404296875,0.26641845703125
127,0.7325433329196279,0.20441163742422658,-0.6358026102633779,-0.13140562944188963,0.6757238892009825,0.5520587015311454,0.4794927998928721,0.09265014240175586,0.4187005594821279,-0.3461944682143604,0.8383166463080058,-0.04394959925010452,0.9254144266696279,-0.18378236700459866,0.3273919657321279,0.050902095526755856,0.8987402262097617,-0.4105883952367266,0.028807368964255852,0.15106262411162208,0.7459729044732442,-0.5878302022366221,-0.16393981729462792,0.26641294549540134
128,0.7324904630016722,0.20483459676787208,-0.6357497403454222,-0.13114127985211121,0.6760411087087166,0.5516886121054557,0.47954566981082775,0.09254440256584448,0.41864768956417225,-0.3464588178041388,0.8382109064720945,-0.04431968867579431,0.9253615567516722,-0.18425819626619983,0.32733909581417225,0.05079635569084448,0.898528746537939,-0.4110113545803721,0.028701629128344484,0.15111549402957775,0.7460786443091555,-0.5878830721545778,-0.16388694737667225,0.2659371162338002
129,0.73248291015625,0.20489501953125,-0.6357421875,-0.131103515625,0.6759051574911162,0.5516810592600334,0.47973449094638376,0.09271056516513378,0.4185495025736831,-0.34649658203125,0.8382864349263169,-0.044100656158549335,0.9252633697611831,-0.1841449035848662,0.3276487624764841,0.05078125,0.8985891693013169,-0.41089050905361624,0.029185011235367885,0.1509417785848662,0.7461390670725334,-0.5877093567098662,-0.1640606628213838,0.26609572598766723
130,0.7325572138247283,0.20500647503396738,-0.6356678838315217,-0.13102921195652173,0.6759165888247283,0.5513995626698369,0.47994597061820654,0.0931449558423913,0.41851806640625,-0.34671949303668476,0.8382064155910326,-0.04408065132472826,0.9251947817595109,-0.18434209408967392,0.32761018172554346,0.05092985733695652,0.8985091499660326,-0.4110133958899457,0.02906069548233696,0.15113896908967392,0.7460804814877717,-0.5877579398777174,-0.16419783882472827,0.26610001273777173
131,0.73260498046875,0.205078125,-0.6356201171875,-0.1309814453125,0.67596435546875,0.55120849609375,0.48004150390625,0.0933837890625,0.41851806640625,-0.34686279296875,0.838134765625,-0.04412841796875,0.9251708984375,-0.18450927734375,0.3275146484375,0.051025390625,0.8984375,-0.4111328125,0.02886962890625,0.15130615234375,0.74603271484375,-0.58782958984375,-0.16424560546875,0.26605224609375
132,0.73260498046875,0.2049740182117475,-0.635661759902801,-0.130939802597199,0.676005998184051,0.5511460320207985,0.48004150390625,0.093467074493102,0.4184139596179975,-0.3469252570417015,0.8381555869826505,-0.044232524757002505,0.925087613006898,-0.18459256277435201,0.327764504729306,0.050921283836747495,0.898395857284699,-0.411216097930602,0.02920277062865802,0.151264509628449,0.7460118934860995,-0.5878920539167015,-0.164120677322847,0.266093888809051
133,0.732668261065531,0.20470966862196907,-0.6356915630225752,-0.13082140664193143,0.6761117380199624,0.5510760151024248,0.4799529110707567,0.09365324192621237,0.41828882734113715,-0.34696996172136285,0.83819580078125,-0.044458905988712376,0.9249647261705686,-0.18470279349132526,0.32818378971571904,0.050669590366325255,0.8983407419262124,-0.4113516408862876,0.02980822304818144,0.1510954891957567,0.7459590235681438,-0.5880633197899248,-0.1637654894570443,0.2661616602868938
134,0.73291015625,0.2044677734375,-0.635498046875,-0.13067626953125,0.6761995143316263,0.5512291133204431,0.47965916662311875,0.09376796352424749,0.41853419275188125,-0.34672010542955684,0.8382002916623119,-0.04456015494356187,0.9250784271138169,-0.18454520439224498,0.32799578510399247,0.05049403774299749,0.8984195364757525,-0.41127733721780935,0.029716976510242472,0.15078827210493312,0.74591064453125,-0.5882568359375,-0.163330078125,0.26611328125
135,0.73291015625,0.2044677734375,-0.635498046875,-0.13067626953125,0.6760937744957148,0.5507532840588419,0.4801878658026756,0.09397944319607024,0.4180054935723244,-0.347195934691158,0.8382531615802675,-0.04461302486151756,0.9247083376881271,-0.18496816373589048,0.3286302241194607,0.05070551741482023,0.8982080568039298,-0.4115416868075878,0.0303514155257107,0.1511583615306229,0.74591064453125,-0.5882568359375,-0.163330078125,0.26611328125
136,0.733106938492893,0.20441857787677675,-0.635301264632107,-0.1305778784098035,0.6762340124634197,0.5507694104044732,0.47997863157138376,0.09409253174644648,0.41782116331783026,-0.347425786149143,0.8382568359375,-0.04461669921875,0.9247810083089465,-0.18494836303302675,0.32842833860263376,0.05062182372230351,0.8982425549357232,-0.41160925415447325,0.030149530008883783,0.15098729978835704,0.7460090356526965,-0.5882568359375,-0.16303490476066054,0.26596569456783026
137,0.733154296875,0.20440673828125,-0.63525390625,-0.13055419921875,0.6761464402827132,0.5506171287102842,0.4802476761731814,0.09432136254964464,0.41778564453125,-0.34747314453125,0.8382568359375,-0.04461669921875,0.924845717822429,-0.1848134324702132,0.3284512012698579,0.050516083886392144,0.898295424853679,-0.4114980027827132,0.030213422998536788,0.15089891108382106,0.74603271484375,-0.5882568359375,-0.1629638671875,0.26593017578125
138,0.7332528921274039,0.2043738731971154,-0.6351881760817307,-0.13048846905048078,0.6760206956129807,0.5506028395432693,0.48040771484375,0.09448711688701923,0.41778564453125,-0.34737454927884615,0.8382897010216346,-0.04468242938701923,0.9248328575721154,-0.1847205528846154,0.3285569411057692,0.05031174879807693,0.8983154296875,-0.41147085336538464,0.030437762920673073,0.15074744591346154,0.7461970402644231,-0.5882568359375,-0.16279954176682693,0.2655686598557692
139,0.7334115018812709,0.2042963034333194,-0.6350330365541388,-0.1304568287520903,0.6759890553145903,0.5506838795333403,0.4803336153062291,0.0946422564146112,0.4179091437604515,-0.3472406393708194,0.8382684714020694,-0.044714069685409696,0.9248787870375209,-0.1846182832749791,0.3284897820207985,0.0501708984375,0.8983401295333403,-0.4114496237458194,0.0304551140520485,0.1505853659333194,0.7463872903166806,-0.5882074362458194,-0.16275749078961121,0.2651846895249791
140,0.7335205078125,0.2042236328125,-0.6348876953125,-0.1304931640625,0.676025390625,0.55072021484375,0.48024114398254597,0.09473799383361205,0.41807428570495403,-0.347201037965092,0.838179266173704,-0.044694268982545984,0.924938189146112,-0.18455888116638797,0.3283907785064799,0.050187433045045984,0.8983433956286581,-0.41144309155518394,0.030372645145275916,0.15054576452759197,0.746410357114862,-0.588151300232546,-0.162886297423704,0.2651583566314799
141,0.7335372465510034,0.20419852470474498,-0.6348793259432484,-0.1304931640625,0.6760170212557484,0.550745322951505,0.480260536423495,0.09461286155675168,0.41804652389475333,-0.347264930954745,0.8381431349942516,-0.04473040016199833,0.9248130568692516,-0.18466727470474498,0.3286049118807483,0.05022356422449833,0.8982711332697534,-0.411595985642245,0.030622909698996656,0.15061802688649664,0.7462852248380016,-0.5882041701505016,-0.1628083193979933,0.26536412063649667
142,0.733642578125,0.20404052734375,-0.63482666015625,-0.1304931640625,0.6759641513377926,0.5509033203125,0.4801025390625,0.09466593560566472,0.4181522637306647,-0.34710713772470736,0.8381955966502926,-0.04467732611308528,0.9248655185252926,-0.18450948147470736,0.3285526543556647,0.0501708984375,0.89837646484375,-0.41143778415029264,0.030518190517872076,0.15051289944345736,0.746337890625,-0.5882568359375,-0.16259765625,0.2652587890625
143,0.733642578125,0.20404052734375,-0.63482666015625,-0.1304931640625,0.6759112814198369,0.5509033203125,0.4801025390625,0.09477167544157608,0.4182580035665761,-0.347160007642663,0.8381427267323369,-0.04457158627717391,0.9248126486073369,-0.18456235139266305,0.3286583941915761,0.0501708984375,0.89837646484375,-0.411384914232337,0.030676800271739132,0.15056576936141305,0.746337890625,-0.5882568359375,-0.16259765625,0.2652587890625
144,0.733642578125,0.2041752537756062,-0.63482666015625,-0.13040334644126253,0.6760380467443562,0.5507685938806438,0.48014744787311875,0.09474268884563126,0.41818410816001256,-0.3473026951818562,0.8380898568143813,-0.04473529930497491,0.9248046875,-0.1847499477424749,0.32867431640625,0.05012598962688127,0.8983315560331313,-0.4115116795568562,0.03070068359375,0.15057373046875,0.7462031641931438,-0.5883466535587375,-0.1627772914924749,0.26534860668373744
145,0.733642578125,0.2042236328125,-0.63482666015625,-0.13037109375,0.6760496822089256,0.55072021484375,0.4802003177910744,0.09487353678929766,0.41815185546875,-0.34735107421875,0.83807373046875,-0.0447998046875,0.9247312003553512,-0.18492468384197325,0.32878454712322325,0.050073119708925584,0.8982419425428512,-0.41167028931072325,0.030774170738398828,0.15057373046875,0.74615478515625,-0.58837890625,-0.162841796875,0.265380859375
146,0.7335854214569398,0.2042522111465301,-0.6348838168243102,-0.1303139370819398,0.6760539689590301,0.5506344798416597,0.4802531877090301,0.0950850164611204,0.41815185546875,-0.3474368092208403,0.8380451521347199,-0.0449141180236204,0.9245968821854097,-0.1851976069319607,0.3289717352111204,0.050048828125,0.8981076243729097,-0.4118860557326505,0.0308513322402801,0.1506594654708403,0.7460690501541597,-0.5885217979201505,-0.1627560618729097,0.2654094377090301
147,0.7334796816210284,0.20416218939433528,-0.635050795947429,-0.13018778415029264,0.6760251864940426,0.550639174853679,0.4802652314355142,0.0950719520798495,0.41807020308580684,-0.3474117011130853,0.8380943476954431,-0.0450439453125,0.9244790986230143,-0.18534315230455686,0.3292240410744147,0.04994676264632107,0.8980510800977216,-0.41200751365227845,0.031047093828386288,0.15067518355455686,0.7460329189747074,-0.5886432558397784,-0.16249538664036373,0.26540106833977845
148,0.7333984375,0.20391845703125,-0.63525390625,-0.13006591796875,0.6759033203125,0.5508177894413671,0.48023685723244147,0.0948733326583403,0.41793221055863294,-0.3472169601797659,0.8382323402226171,-0.04503169745505853,0.9244139808476171,-0.1852663990645903,0.32948002129494147,0.049780395916074416,0.8980955806464256,-0.4119630131035744,0.03138431816994147,0.15054943888482442,0.7461057937264841,-0.5885987552910744,-0.16219490587113294,0.2653688156485159
149,0.7333861896425585,0.20387763083977842,-0.6352784019648829,-0.1300740832070443,0.6758747419784699,0.5507569584160744,0.48028972715039714,0.09519443065426421,0.4180093720605142,-0.3473835310409699,0.8381551787207357,-0.044954331822219896,0.9243123236308528,-0.18557116658392558,0.3295614695469273,0.04992267519335284,0.8979655492265887,-0.4120807966659699,0.031469849041074416,0.1506876355429557,0.7459228923886915,-0.5887369519492057,-0.16226798475386706,0.26556804746289714
150,0.7332275798886915,0.20334893166022158,-0.6355956214726171,-0.1301798230429557,0.6755046525527801,0.5512327876776756,0.48034259706835286,0.09493008106448579,0.4177450224707358,-0.3470134416152801,0.8384195283105143,-0.044584242396530104,0.9242594537128972,-0.18509533732232442,0.3299844288905727,0.04986980527539716,0.8981770288984113,-0.4117107072402801,0.031945678302675584,0.1505818957070443,0.7460815021425585,-0.5886312121132943,-0.16195076524613294,0.26562091738085286
151,0.73321533203125,0.20330810546875,-0.6356201171875,-0.13018798828125,0.67547607421875,0.5512207439511915,0.48029789238869147,0.09520239176160117,0.41801733316785117,-0.3471312251776756,0.8382447922110159,-0.0445556640625,0.92425537109375,-0.1852537429452341,0.3298707279473244,0.05015844644910117,0.8980957847773829,-0.4118284908026756,0.03173848538095736,0.15072009236517558,0.74609375,-0.588623046875,-0.16192626953125,0.265625
152,0.7330528437891931,0.20282064074257944,-0.6359044716110995,-0.13026923240227842,0.6751510977346363,0.5516147166988922,0.48036688865227845,0.09503214654316472,0.4180908203125,-0.3468023702053721,0.8383582890233069,-0.04423068757838629,0.92425537109375,-0.18493713583037208,0.3300777167380853,0.05011006741220736,0.8982337773045569,-0.4114996358303721,0.032083466698892144,0.15067559181647158,0.7463374823630853,-0.5883386924514005,-0.16188564747073578,0.26550313381845736
153,0.73297119140625,0.20257568359375,-0.63604736328125,-0.13031005859375,0.67498779296875,0.5518837613006898,0.4803103443770903,0.0951693225465092,0.4180908203125,-0.34661865234375,0.83843994140625,-0.0440673828125,0.92425537109375,-0.18475341796875,0.3302001953125,0.050048828125,0.8983478865097199,-0.4113483747909699,0.03228759765625,0.1504724815139005,0.7464599609375,-0.58819580078125,-0.161865234375,0.26544189453125
154,0.7328983166544732,0.20250280884197325,-0.6361445296169523,-0.13038293334552675,0.6749149182169732,0.5519166263848244,0.48032177571070234,0.09549511555445234,0.41801794556072325,-0.3465943607598244,0.8384885245741012,-0.044043091228574416,0.9242067879258988,-0.18472912638482442,0.3303216532321279,0.050145994460702344,0.89837646484375,-0.41132836995714883,0.03240905557587793,0.15042675617945234,0.7465085441053512,-0.5881229260294732,-0.16184094279107442,0.26549047769910117
155,0.7328042122831313,0.20237645177936872,-0.63629150390625,-0.13046091137123747,0.6748046875,0.5518798828125,0.48045262365436875,0.09562596349811874,0.41790771484375,-0.34652536449623744,0.8385781380643813,-0.044038600347512544,0.92413330078125,-0.18467625646686872,0.33050537109375,0.050260716058737456,0.89837646484375,-0.4112548828125,0.0325927734375,0.15054147777748747,0.7465981575956313,-0.5880288216581313,-0.16178807287311872,0.2655155858068562
156,0.73284912109375,0.20233154296875,-0.63629150390625,-0.13037109375,0.6748285708220109,0.5518161939538043,0.48043159816576086,0.09565270465353261,0.41787587041440216,-0.3464912746263587,0.8386150857676631,-0.044160262398097824,0.924117378566576,-0.18467911430027173,0.33052925441576086,0.05017885954483696,0.8983525815217391,-0.41129468834918476,0.03261665675951087,0.15048350458559784,0.7466191830842391,-0.588089652683424,-0.16173520295516305,0.26542066491168476
157,0.73284912109375,0.20233154296875,-0.63629150390625,-0.13037109375,0.6749871805758779,0.5513932346101589,0.4805902079196279,0.09612853391513376,0.41766439074257944,-0.3468613640520485,0.8385622158497074,-0.04437174206992056,0.9240116387306647,-0.18499633380800584,0.3306878641696279,0.05023172946279264,0.8981939717678721,-0.4115590379389632,0.03277526651337792,0.15069498425742056,0.7464605733303721,-0.5881953925193353,-0.16168233303720736,0.2656850145014632
158,0.7329544526677466,0.20217354560775502,-0.6362388381192516,-0.13026576217600336,0.6750404587557484,0.551549598923495,0.480432822951505,0.09613037109375,0.41776890579274667,-0.3466521298207567,0.83856201171875,-0.04442522438074833,0.9240638962557484,-0.18489222701975336,0.3306358107755017,0.05007393623275502,0.8982460251619984,-0.41145472701975333,0.03272321311925167,0.1504851376332567,0.746301963576505,-0.5884064639292433,-0.16152413154525502,0.26568603515625
159,0.73297119140625,0.2021484375,-0.63623046875,-0.1302490234375,0.675048828125,0.551396704836434,0.480496715941158,0.09635287383727006,0.41760764233643394,-0.34675215398986203,0.838606512267454,-0.04461159594481605,0.924027765076296,-0.18509799102477006,0.33067194195495403,0.05018232977111204,0.8981653934338419,-0.41166049102477004,0.03289284594481605,0.15062966235106606,0.74627685546875,-0.58843994140625,-0.1614990234375,0.26568603515625
160,0.7330438620270694,0.2021121021895903,-0.6361577981291806,-0.1302126881270903,0.6750851634354097,0.55133056640625,0.4804571145354306,0.0964718821854097,0.4175051685958403,-0.3466927518812709,0.8386957174958194,-0.04475040499581939,0.9239748951583403,-0.1851443287520903,0.3307611471833194,0.05005025704170151,0.89813232421875,-0.4117431640625,0.032849978443770904,0.1505867948500209,0.7463495260895694,-0.5884036060958403,-0.1615353587479097,0.2655770292250209
161,0.73309326171875,0.20208740234375,-0.6361083984375,-0.13018798828125,0.6750535231370193,0.5513869065504807,0.4804640549879808,0.09644024188701923,0.41748046875,-0.34661865234375,0.8387451171875,-0.0447998046875,0.9239501953125,-0.18511962890625,0.330810546875,0.0499267578125,0.8981886643629807,-0.41165865384615385,0.03291672926682692,0.15040001502403846,0.74639892578125,-0.58837890625,-0.16156005859375,0.2655029296875
162,0.7331532762202132,0.20212741201139214,-0.6360483839360368,-0.13018798828125,0.67498779296875,0.5513926222172868,0.4805897996577132,0.09637451171875,0.41748046875,-0.3466586620113921,0.8387051075198578,-0.04483981435514214,0.9239501953125,-0.18511962890625,0.3308305517088211,0.04986674331103679,0.898234389697429,-0.4116000682613921,0.03306104985367893,0.15024854985367894,0.7464389354488922,-0.588358901416179,-0.16158006342757106,0.2654229103522157
163,0.7333000463785535,0.20222131225177675,-0.635877934586643,-0.13019982787677675,0.6750114721598035,0.5512576916544732,0.4806892114339465,0.09642187010085702,0.417527827132107,-0.34675256225177675,0.8385993676839465,-0.044921875,0.9239620349080268,-0.18511962890625,0.330824223649143,0.04975549193927675,0.898193359375,-0.41168212890625,0.032960821553616224,0.15020751953125,0.7465091564982232,-0.5883297106892768,-0.16168029172763376,0.26524694946697325
164,0.7333984375,0.2022705078125,-0.63568115234375,-0.1302490234375,0.6751282350674122,0.5511937986648202,0.4805797972408027,0.09662967541544733,0.4177209350177676,-0.3468127808841973,0.8384973022052675,-0.0449402467861622,0.9240075561115175,-0.18514167504964466,0.3306311157634824,0.04980836185723244,0.8981823363033027,-0.4117041750496446,0.03271484375,0.1502258913174122,0.7464489378658027,-0.5883862549644648,-0.16192259517401755,0.2652051026207149
165,0.7333984375,0.2022705078125,-0.63568115234375,-0.1302490234375,0.6753925846571907,0.5509823189929975,0.48042118748693563,0.09678828516931438,0.41766806509981186,-0.34697139063806437,0.8384444322873119,-0.04520459637594063,0.9239546861935619,-0.18545889455737877,0.33068398568143814,0.04986123177518813,0.8980237265494356,-0.41202139455737874,0.03271484375,0.15049024090719063,0.7462903281119356,-0.5884919948003763,-0.16186972525606189,0.26531084245662623
166,0.7333500584631062,0.20202861262803093,-0.6358746684913252,-0.1302006444006062,0.6752699019518186,0.5511578716163252,0.48040771484375,0.09660824166492475,0.4175184371080686,-0.34679134713367477,0.8386334575538252,-0.045178671744356184,0.9239018162756062,-0.18529232369617474,0.33088199271007523,0.04972058554556856,0.8980586329431438,-0.4119032027330686,0.032956738934469064,0.15036755820181857,0.74627685546875,-0.5885977346362876,-0.1615265811167433,0.2652714451818562
167,0.73333740234375,0.20196533203125,-0.63592529296875,-0.13018798828125,0.6753525749895485,0.5511682822951505,0.480246859649352,0.09675868618049749,0.417641323944398,-0.346901577850648,0.838523226836852,-0.045286657020798496,0.92388916015625,-0.1854427682117475,0.3308119757917015,0.04988368618049749,0.8981115028610995,-0.4118250205764005,0.032899378135451504,0.150410017440949,0.74627685546875,-0.588623046875,-0.16143798828125,0.2652587890625
168,0.7332733052231396,0.20190123491063963,-0.6360214386496655,-0.13015593972094483,0.6753829905021949,0.5511795094978051,0.4801956227790552,0.09676664728783445,0.4176925608146948,-0.3469528147209448,0.8384719899665551,-0.04528502397313963,0.9239212087165551,-0.1853866321984741,0.33074951171875,0.04992369584813963,0.89813232421875,-0.41180419921875,0.032965108303720736,0.15041961159594483,0.7464050497099707,-0.5884948526337793,-0.16140593972094483,0.2652267405021948
169,0.73321533203125,0.20181937839673914,-0.6361083984375,-0.13010306980298914,0.67535400390625,0.55120849609375,0.480224609375,0.09670357082201086,0.41766357421875,-0.34687606148097827,0.8385009765625,-0.04522705078125,0.9239501953125,-0.18524169921875,0.33074951171875,0.049817956012228264,0.8981800908627717,-0.41170866593070654,0.0330810546875,0.15034285835597827,0.7465448794157609,-0.58837890625,-0.16135306980298914,0.26517387058423914
170,0.73321533203125,0.2017822265625,-0.6361083984375,-0.13006591796875,0.67535400390625,0.55120849609375,0.480224609375,0.09674072265625,0.41761641996760035,-0.34689606631479936,0.8384852584787834,-0.04522705078125,0.9239187591450669,-0.18525741730246656,0.33084382022104936,0.04975937042746655,0.89825439453125,-0.41156005859375,0.0330810546875,0.1502685546875,0.74658203125,-0.5883631881662834,-0.16126876371760032,0.2651681549174331
171,0.7332379905675167,0.20171425095369983,-0.6361083984375,-0.13005836512332775,0.6753464510608278,0.55120849609375,0.480224609375,0.09674827550167224,0.4175031272862667,-0.3471075459866221,0.8384625999425167,-0.04521194509040552,0.9238432306908445,-0.18524231161162208,0.33111572265625,0.04977447611831104,0.8982619473766722,-0.4115374000574833,0.0331188189146112,0.1502685546875,0.7465744784045778,-0.588348082475439,-0.16106483689119983,0.2652738947533445
172,0.7333966003213838,0.20123842169209866,-0.6361083984375,-0.13000549520537208,0.6752935811428721,0.55120849609375,0.480224609375,0.09680114541962792,0.41766173704013376,-0.3466845866429766,0.8386212096963838,-0.045106205254494144,0.9239489705267558,-0.18481935226797658,0.33111572265625,0.049562996446488296,0.8983148172946279,-0.41137879030361624,0.03338316850438963,0.1502685546875,0.7465216084866221,-0.5885595621472617,-0.16058900762959866,0.26537963458925584
173,0.7333984375,0.20123291015625,-0.6361083984375,-0.1300048828125,0.6754497413252508,0.5508426934181647,0.4803813819502508,0.0972720755382525,0.4176113166936664,-0.34699323265050164,0.8384662742997492,-0.04526175304400083,0.9238456802623328,-0.1852325133256689,0.33111572265625,0.049926349550585274,0.8981063995871655,-0.41169049827550164,0.03333397294366639,0.1506866148881689,0.74652099609375,-0.58856201171875,-0.16058349609375,0.265380859375
174,0.7333984375,0.20083607957514635,-0.6362847675846571,-0.12987260595213213,0.6752997050715929,0.5511339882943144,0.4802754379833821,0.09708652049801422,0.4175584467757107,-0.3466490678563963,0.8386604028401965,-0.045243993650710704,0.9237840327132107,-0.1852145498014214,0.3312479995166179,0.04998779296875,0.8982035659228679,-0.4115227026285535,0.03358974903323578,0.15049228221676422,0.7466091806673286,-0.5884738271451714,-0.1604953115201714,0.265380859375
175,0.7333984375,0.20068359375,-0.6363525390625,-0.12982177734375,0.675267860642245,0.5510898960075251,0.48033239052048493,0.09723635262071487,0.417577430954745,-0.3466402902252299,0.83867326309051,-0.04522705078125,0.92376708984375,-0.1851806640625,0.331298828125,0.04998779296875,0.89818254043426,-0.41154576942673493,0.033727333298494984,0.15053433319397994,0.74664306640625,-0.58843994140625,-0.16046142578125,0.265380859375
176,0.7334261993102007,0.20057254650919734,-0.6363525390625,-0.12976625372334866,0.6752652069397993,0.551047640899352,0.480324429413148,0.09738434756479933,0.41763030087270064,-0.34660191360524667,0.8386508086852007,-0.045171527160848664,0.92376708984375,-0.18515290225229933,0.33135435174540134,0.049960031158549335,0.8981878478391513,-0.41156557012959866,0.033780203216450665,0.15055148019439799,0.746726351836852,-0.5884121795960493,-0.160294854920046,0.265297573944398
177,0.7334986658000627,0.20041985655309363,-0.6363329424905937,-0.1296213207436246,0.67523193359375,0.5511670575094063,0.480224609375,0.09735107421875,0.41770276736256273,-0.34637675715928096,0.83868408203125,-0.04516377018446906,0.9237866864156563,-0.18513922547815637,0.33138170529368727,0.04984837152487459,0.89825439453125,-0.4114990234375,0.033852669706312705,0.15039287044053093,0.7468065753030937,-0.5884180993938127,-0.16007561827184363,0.2651193676186246
178,0.73358154296875,0.20037841796875,-0.63629150390625,-0.12945556640625,0.67523193359375,0.55120849609375,0.480224609375,0.09735107421875,0.41777421319763797,-0.3462181474054139,0.8387069446984741,-0.04525379193666389,0.9238052623327759,-0.18515780139527593,0.33135598479306017,0.04969404852111204,0.89825439453125,-0.4114990234375,0.033935546875,0.1502685546875,0.7467879993859741,-0.5885009765625,-0.15996559168582777,0.26496504461486203
179,0.7335848090640678,0.20037515187343227,-0.6362882378109322,-0.12945230031093227,0.6752123370218437,0.5512248265703387,0.48023440766095316,0.09736087250470317,0.41773114156563546,-0.3460660698421823,0.83880615234375,-0.04510498046875,0.9237125868781354,-0.18504879546404682,0.33159420562029684,0.04974691843906773,0.8982609267218854,-0.4114859590562291,0.03393881297031773,0.15027182078281773,0.7468937392218854,-0.5884911782765468,-0.15968756532190634,0.26500811624686454
180,0.7336376789820234,0.20032228195547658,-0.6362353678929766,-0.12939943039297658,0.6748951175141096,0.5514891761601171,0.4803930174148202,0.09751948225857024,0.41783688140154684,-0.3460131999242266,0.83880615234375,-0.04510498046875,0.9238183267140468,-0.18489018571017976,0.3314355958664298,0.04979978835702341,0.8983666665577968,-0.41127447938440637,0.03399168288827341,0.15032469070077342,0.7469994790577968,-0.5883325685226798,-0.16000478482964048,0.26490237641095316
181,0.733642578125,0.2003173828125,-0.63623046875,-0.12939453125,0.6746738395563336,0.5516096134249582,0.4805036563937082,0.09772606278741638,0.4179426212374582,-0.3458164176813336,0.83880615234375,-0.04500903891879181,0.923828125,-0.18487548828125,0.3314208984375,0.0498046875,0.8984244356187291,-0.4111589412625418,0.03399658203125,0.1502816190687709,0.74700927734375,-0.58831787109375,-0.1600341796875,0.264892578125
182,0.7337221891983695,0.20019796620244565,-0.6361906632133152,-0.12935472571331522,0.67462158203125,0.5517551587975543,0.4804103685461957,0.0977783203125,0.41780952785326086,-0.34580396569293476,0.8388857634171195,-0.04490329908288043,0.9237485139266305,-0.18475607167119565,0.3316597316576087,0.04968527088994565,0.8984773055366848,-0.41105320142663043,0.033956776494565216,0.15014913807744565,0.7470888884171195,-0.5882780655570652,-0.15991476307744565,0.26481296705163043
183,0.7337646484375,0.20013427734375,-0.63616943359375,-0.12933349609375,0.6745899417328596,0.5516922864626881,0.48050488117945234,0.0977783203125,0.417724609375,-0.3458251953125,0.83892822265625,-0.04486083984375,0.9237060546875,-0.1846923828125,0.331787109375,0.04962158203125,0.8984668948578596,-0.4110423824858905,0.03425194985890469,0.15005380892035952,0.74713134765625,-0.5882568359375,-0.15985107421875,0.2647705078125
184,0.7338350736177884,0.20008732722355768,-0.6360990084134616,-0.12931002103365385,0.6745840219350961,0.5515981820913461,0.48055795522836536,0.0978252704326923,0.41770113431490385,-0.3458721454326923,0.8389047475961539,-0.04490778996394231,0.9237060546875,-0.18466890775240385,0.33181058443509615,0.04959810697115385,0.8984609750600961,-0.41104830228365385,0.034475473257211536,0.14995398888221154,0.74713134765625,-0.5882803109975961,-0.15980412409855768,0.2647705078125
185,0.7339936833716555,0.1999356579222408,-0.6359710183031981,-0.12925715111569816,0.67462158203125,0.5516051225438963,0.48045364430915555,0.09796162991220736,0.41770950368415555,-0.3458707165159908,0.8388824973218019,-0.04496760033444816,0.9237366743311037,-0.1845547985472408,0.33183283470944813,0.04951461740959448,0.89849853515625,-0.41099543236569813,0.03433217332514632,0.1499178577027592,0.7471772771216555,-0.5882872514501463,-0.15972900390625,0.2646939587034908
186,0.734130859375,0.19970703125,-0.63592529296875,-0.12921142578125,0.67462158203125,0.551513671875,0.4805908203125,0.09814453125,0.4178252459369774,-0.3456778127612876,0.83892822265625,-0.044936164167015055,0.9238138358329849,-0.1843761839595527,0.331787109375,0.04941316432378763,0.89849853515625,-0.41094970703125,0.03424072265625,0.150146484375,0.7472858747909699,-0.5882243791152801,-0.15970757015572742,0.2645010549487876
187,0.734130859375,0.19970703125,-0.63592529296875,-0.12921142578125,0.67462158203125,0.551513671875,0.4805908203125,0.09814453125,0.41766663618311034,-0.34594216235106606,0.83892822265625,-0.045041904002926424,0.9237080959970736,-0.1847462733852425,0.331787109375,0.049677513913566056,0.89849853515625,-0.41094970703125,0.03424072265625,0.150146484375,0.7470743951191472,-0.5884358587871028,-0.15954896040186037,0.26476540453856606
188,0.7342345579013378,0.19944778493415552,-0.6358734437055811,-0.1291595765180811,0.6745178835049122,0.5516173704013378,0.4805389710493311,0.09830007903950669,0.4177672727450878,-0.3456880193091555,0.8389800719194189,-0.044992096049331104,0.9236542054243311,-0.18475341796875,0.3320463556908445,0.04942337087165551,0.8984466858930811,-0.4110534055575878,0.03444811970892559,0.1499909365854933,0.7471740110263378,-0.5885954891957567,-0.15897555654264214,0.2645112614966555
189,0.7342529296875,0.19940185546875,-0.6358642578125,-0.129150390625,0.67449951171875,0.5515483741377508,0.4807045212557483,0.09824026866900083,0.4176109084317517,-0.3455984058188754,0.8390766258622492,-0.04507027820599916,0.92364501953125,-0.18475341796875,0.33209228515625,0.04937744140625,0.8984811840248745,-0.41107177734375,0.03470328340562291,0.14987601085650085,0.7471923828125,-0.588623046875,-0.15887451171875,0.26446533203125
190,0.7343239672606605,0.19933081789558946,-0.6357932202393395,-0.12918590941158026,0.6744639929321697,0.5515847094481605,0.4807028882080895,0.09827660397941053,0.41757702269283026,-0.3456520922606605,0.8390758093384197,-0.044962905322428935,0.9236805383178303,-0.18457582403584866,0.33209228515625,0.049341922619669736,0.8985340539428303,-0.4110007397705895,0.034719001489339464,0.14980578980716974,0.747334457958821,-0.5884454529420987,-0.15905210565165134,0.2643232568849289
191,0.734375,0.19927978515625,-0.6357421875,-0.12921142578125,0.674411123014214,0.5516357421875,0.4807065625653219,0.0983823438153219,0.4176025390625,-0.345703125,0.83905029296875,-0.04486083984375,0.9237060546875,-0.1844482421875,0.33209228515625,0.04931640625,0.898586923860786,-0.410922353482964,0.03464061520171405,0.1497802734375,0.7474365234375,-0.58831787109375,-0.1591796875,0.26422119140625
192,0.7343941883099916,0.19931816177623327,-0.6357229991900084,-0.12923061409124165,0.67437744140625,0.5516165538775084,0.48077392578125,0.09848808365123328,0.4176409156824833,-0.34577987823996653,0.8389927280387751,-0.04486083984375,0.9236868663775084,-0.18448661880748327,0.33209228515625,0.04933559455999164,0.8986014171587584,-0.410888671875,0.03456855697376672,0.14979946174749165,0.7473789585075251,-0.5883946243337166,-0.15919887580999165,0.26420200309625835
193,0.7344139890128554,0.1993908323970527,-0.6356921754154473,-0.1292834840091973,0.67437744140625,0.5515636839595527,0.4807849488529473,0.09857177734375,0.4177025632316054,-0.345947265625,0.8388782105716973,-0.04483879370035535,0.9236229733878554,-0.18461440478678928,0.3321363774430393,0.04935539526285535,0.8985375241691054,-0.4109327641617893,0.03451793249634197,0.14986335473714466,0.7472644410404473,-0.5885399655753554,-0.15921867651285534,0.2641711793216973
194,0.73431396484375,0.1993408203125,-0.6357421875,-0.12933349609375,0.67437744140625,0.551513671875,0.4808349609375,0.09857177734375,0.41760539689590304,-0.34594440779159696,0.83892822265625,-0.04475020086486204,0.92352294921875,-0.184814453125,0.33233642578125,0.04925537109375,0.8984375,-0.4111328125,0.03466796875,0.14996337890625,0.747305879624791,-0.588451372739862,-0.15911865234375,0.26422119140625
195,0.73431396484375,0.1993408203125,-0.6357421875,-0.12933349609375,0.67437744140625,0.551513671875,0.4808349609375,0.09857177734375,0.4176582668138587,-0.3458915378736413,0.83892822265625,-0.044961680536684784,0.92352294921875,-0.184814453125,0.33233642578125,0.04925537109375,0.8984375,-0.4111328125,0.03466796875,0.14996337890625,0.747147269870924,-0.5886628524116848,-0.15911865234375,0.26422119140625
196,0.7342188398176213,0.19943594533862877,-0.6358373125261287,-0.12947618363294314,0.6744250039193144,0.5513234218227425,0.48097764847669316,0.09866690236987877,0.41752088667955684,-0.34602891800794316,0.83892822265625,-0.04488778513012124,0.9234753867056856,-0.18495714066419314,0.33238398829431437,0.04925537109375,0.8983899374869356,-0.41122793752612874,0.034715531263064384,0.15001094141931437,0.7470362226301213,-0.5888267695704431,-0.15907108983068563,0.26417362889318563
197,0.73419189453125,0.199462890625,-0.6358642578125,-0.1295166015625,0.6745172711120402,0.5513877230743102,0.4807816827576296,0.09885143675533027,0.4175986605743102,-0.34599054138795987,0.83892822265625,-0.0450972234923704,0.9234619140625,-0.18499755859375,0.3323974609375,0.04925537109375,0.89837646484375,-0.41133367736204013,0.0344926202576296,0.14974863313910952,0.74700927734375,-0.5888671875,-0.1590576171875,0.26416015625
198,0.7340357343488713,0.19955658673442725,-0.6360204179948787,-0.12954783359897576,0.6744980828020485,0.5513589406093228,0.4808392476876045,0.09881306013534699,0.41766357421875,-0.3458535695155727,0.8389594546927257,-0.04522705078125,0.9234619140625,-0.18506002266670152,0.3323037648280727,0.04928660313022575,0.8983140007707985,-0.4114394171979515,0.03451895315112876,0.14975332815112877,0.7469780453072743,-0.5888671875,-0.15921377736987877,0.26419138828647576
199,0.7337944515572743,0.19978439688283864,-0.6362155671901129,-0.12962377031511288,0.6744154097643186,0.5512464644518186,0.48106420000261285,0.09876304805079432,0.4175482402278428,-0.3459256277435201,0.8389661910143186,-0.04522705078125,0.9234157804661371,-0.18523496289715718,0.33228355586329433,0.04940867344272575,0.8982313277330686,-0.4115220902356814,0.034506501162729936,0.1499715441445443,0.7468559749947743,-0.5888902542981814,-0.15936279296875,0.2643826589935201
200,0.733642578125,0.20001220703125,-0.63629150390625,-0.12969970703125,0.67437744140625,0.55120849609375,0.48114013671875,0.098876953125,0.4174031031171614,-0.34611689845056437,0.8389431242161371,-0.04524195234113712,0.9233696468697743,-0.18538010000783864,0.3323378546979515,0.04951584219533863,0.898193359375,-0.41156005859375,0.03424072265625,0.15008544921875,0.7467339046822743,-0.5889431242161371,-0.15937769452863712,0.2645590281406773
201,0.7336223691602216,0.20005262496080686,-0.6362982402278428,-0.12970644335284282,0.67437744140625,0.5511815508073787,0.481173818326714,0.09888368944659282,0.41752129494147155,-0.34592664839830684,0.8389825214909072,-0.04529482225909281,0.9234551777409072,-0.18527538082671405,0.33216679295568563,0.04937070508465719,0.8981866230534072,-0.41158026755852845,0.03426766794262124,0.15007871289715718,0.7467992265886287,-0.5890027304556856,-0.15943056444659282,0.26432264449205684
202,0.7334637594063546,0.20036984446854098,-0.6363511101457985,-0.12975931327079848,0.67437744140625,0.5509700711355561,0.48143816791649247,0.0989365593645485,0.4173626851876045,-0.34624386790604095,0.8389296515729515,-0.045347692177048496,0.9234023078229515,-0.18553973041649247,0.33227253279159696,0.049317835166701504,0.8981337531354515,-0.4117388773123955,0.03447914761444398,0.15002584297920152,0.7465877469168061,-0.589108470291597,-0.15948343436454848,0.26463986399979095
203,0.73345947265625,0.20037841796875,-0.6363525390625,-0.1297607421875,0.67437744140625,0.55096435546875,0.4814453125,0.09893798828125,0.4174098394387542,-0.3462010004049958,0.83892822265625,-0.04545200309625836,0.92340087890625,-0.185546875,0.332275390625,0.04931640625,0.89813232421875,-0.4117431640625,0.03448486328125,0.1500244140625,0.74658203125,-0.5891627691262542,-0.15938198127874165,0.26449411449623744
204,0.7334161968932902,0.20046496949466974,-0.6363958148254598,-0.12971746642454013,0.67437744140625,0.5508778039428303,0.48148858826295987,0.09915436709604933,0.41737615783079013,-0.3463645093018395,0.8388416711303303,-0.045514467169209864,0.9233576031432902,-0.18567670228887959,0.332275390625,0.049402957775919736,0.8980890484557902,-0.4118729913513796,0.034441587518290136,0.15011096558841974,0.7465387554870402,-0.5892589148071697,-0.15936279296875,0.26450860779420987
205,0.7333984375,0.20050048828125,-0.63641357421875,-0.12969970703125,0.67437744140625,0.55084228515625,0.48147123713158446,0.09938360616116221,0.4173583984375,-0.346435546875,0.83880615234375,-0.0455322265625,0.92333984375,-0.18572998046875,0.332275390625,0.0494384765625,0.8980712890625,-0.41192626953125,0.034423828125,0.150146484375,0.74652099609375,-0.58929443359375,-0.15936279296875,0.2645263671875
206,0.7333714922136287,0.2005813241403637,-0.63641357421875,-0.12967276174487877,0.6744313319789925,0.5507614492971363,0.48147225778637126,0.09946035940112877,0.4173583984375,-0.34640860158862874,0.8388330976301213,-0.04558611713524247,0.92333984375,-0.1858108163278637,0.33222150005225753,0.04949236713524247,0.8980173984897575,-0.4120071053903637,0.034423828125,0.1502273202341137,0.7464671055210075,-0.5893752694528637,-0.15930890239600753,0.2645263671875
207,0.7333186222956731,0.20073993389423075,-0.63641357421875,-0.129638671875,0.6744619516225961,0.5506591796875,0.4815626878004808,0.09944504957932693,0.4173396183894231,-0.3464308518629808,0.8388484074519231,-0.04567307692307692,0.9233210637019231,-0.18595064603365385,0.3321721003605769,0.04954176682692308,0.8979304387019231,-0.41214693509615385,0.03444260817307692,0.15032958984375,0.7463613656850961,-0.5894963191105769,-0.15924072265625,0.26456392728365385
208,0.7332763671875,0.20086669921875,-0.63641357421875,-0.129638671875,0.67437744140625,0.5506591796875,0.481689453125,0.0994873046875,0.4173079780910326,-0.346504543138587,0.8388273819633152,-0.04572594684103261,0.92327880859375,-0.18603515625,0.33221435546875,0.04949951171875,0.89788818359375,-0.4122314453125,0.03448486328125,0.15032958984375,0.7462874702785326,-0.58953857421875,-0.1592513374660326,0.26461659307065216
209,0.7332739176160117,0.2008691487902383,-0.6364160237902383,-0.129638671875,0.6743700926917852,0.5506689779734532,0.4816845539820234,0.09949465340196488,0.4173534992945234,-0.34625244140625,0.83892822265625,-0.0457763671875,0.9232837077367266,-0.18603025710702342,0.3322070067542851,0.04949951171875,0.8978930827367266,-0.4122240965980351,0.034475064995296824,0.15032469070077342,0.7463354410535117,-0.58953857421875,-0.1593017578125,0.2644702311742266
210,0.7332210476980561,0.20092201870819398,-0.6364688937081939,-0.129638671875,0.6742114829379181,0.5508804576452759,0.48157881414611203,0.09965326315583194,0.41724775945861203,-0.34625244140625,0.83892822265625,-0.0457763671875,0.923389447572638,-0.18592451727111203,0.33204839700041805,0.04949951171875,0.897998822572638,-0.41206548684416805,0.03426358532347409,0.15021895086486203,0.7462825711355561,-0.58953857421875,-0.1593017578125,0.26457597101013797
211,0.73321533203125,0.200927734375,-0.636474609375,-0.129638671875,0.6741943359375,0.5509033203125,0.4815673828125,0.09967041015625,0.41742494512959866,-0.34615813290395064,0.83892822265625,-0.04563490443405101,0.92340087890625,-0.1859130859375,0.33203125,0.04949951171875,0.89801025390625,-0.41204833984375,0.03424072265625,0.15020751953125,0.7463240097198997,-0.5894442657164507,-0.15953752906824833,0.26454024809260035
212,0.7331373540055393,0.2010057124007107,-0.6365135983878554,-0.129638671875,0.674077368898934,0.5509423093253554,0.4817233388639214,0.09970939916910534,0.4174024907242893,-0.3462083491194607,0.83892822265625,-0.04563225073160535,0.9233618898933946,-0.18595207495035534,0.33214821703856606,0.04953850073160535,0.8979712648933946,-0.41204833984375,0.03435768969481605,0.1503634755826714,0.7463768796378554,-0.5893775148933946,-0.15960693359375,0.2645653562003554
213,0.73309326171875,0.2010498046875,-0.63653564453125,-0.129638671875,0.674042054243311,0.5509027079196279,0.4818115234375,0.09970062153793896,0.4173583984375,-0.34625244140625,0.83892822265625,-0.045654296875,0.92333984375,-0.18597412109375,0.33221435546875,0.049560546875,0.89794921875,-0.41204833984375,0.034423828125,0.15045166015625,0.74639892578125,-0.58935546875,-0.15960693359375,0.26458740234375
214,0.7331159202550167,0.2010498046875,-0.63653564453125,-0.129638671875,0.674072265625,0.55084228515625,0.4818115234375,0.09967041015625,0.41740371551003347,-0.3462750999425167,0.8388829055837166,-0.04569961394753344,0.9233171852137333,-0.18597412109375,0.3322370140050167,0.04951522980246656,0.89794921875,-0.41204833984375,0.03446914519753344,0.15040634308371656,0.7463762672449833,-0.58935546875,-0.15960693359375,0.26463271941628347
215,0.733154296875,0.20097733819763797,-0.6365501378292224,-0.129638671875,0.6740867589229724,0.5508712717521949,0.4817535502456104,0.09969939675219482,0.41748046875,-0.34624101007263797,0.8388351389396949,-0.045747380591555184,0.9232933018917224,-0.18593064119983277,0.33226089732702757,0.04942398326452759,0.8979637120479724,-0.41200485994983277,0.0345458984375,0.15032958984375,0.7463813705189172,-0.5893119888560828,-0.1595779469978052,0.26466599276233277
216,0.733154296875,0.20074462890625,-0.6365966796875,-0.129638671875,0.67413330078125,0.55096435546875,0.4815673828125,0.09979248046875,0.4174931248693562,-0.3460146288409281,0.838921894596572,-0.04567328105403428,0.92333984375,-0.185791015625,0.33221435546875,0.04937744140625,0.89801025390625,-0.411865234375,0.0345458984375,0.15032958984375,0.74652099609375,-0.589178691340928,-0.1594722071618938,0.2645390233068562
217,0.733154296875,0.20074462890625,-0.6365966796875,-0.129638671875,0.67413330078125,0.55096435546875,0.4815673828125,0.09979248046875,0.4175988647052676,-0.34606749875888376,0.8388690246786162,-0.045831890807901336,0.92333984375,-0.185791015625,0.33221435546875,0.04937744140625,0.89801025390625,-0.411865234375,0.0345458984375,0.15032958984375,0.74652099609375,-0.5892315612588838,-0.15936646732598245,0.2646447631427676
218,0.7331032641356605,0.20023430151285534,-0.6368008106448578,-0.1297917700930184,0.6737760716058737,0.5512705519047868,0.4816694482911789,0.09984351320808947,0.4175004735838211,-0.34571210676212377,0.8390713184573578,-0.04548017316837375,0.9232888110106605,-0.1853827537102843,0.33257158464412623,0.04953053962426839,0.8982143848636078,-0.4114569724602843,0.03495416035221571,0.15043165532242894,0.7468782252691263,-0.5888761692621237,-0.1591076292720527,0.2645974047606605
219,0.73309326171875,0.20013427734375,-0.6368408203125,-0.12982177734375,0.6737060546875,0.55133056640625,0.481689453125,0.099853515625,0.41748046875,-0.34577069234688546,0.8390684606239549,-0.045324421247909696,0.92327880859375,-0.185302734375,0.3326416015625,0.049560546875,0.89825439453125,-0.411376953125,0.0350341796875,0.15045166015625,0.7469482421875,-0.5887204173416597,-0.15935768969481606,0.26458740234375
220,0.73309326171875,0.19999546829274667,-0.6368755225752508,-0.12982177734375,0.6736713524247492,0.5513652686690008,0.481689453125,0.09995762241325251,0.41748046875,-0.3457904930497492,0.83905029296875,-0.04535749046300167,0.9233482131192516,-0.1851986275867475,0.3325374947742475,0.04962995140050167,0.8982890967940008,-0.4112728463367475,0.034930072899247495,0.15048636241900085,0.7469829444502508,-0.5886493797684992,-0.15934605423024667,0.26458740234375
221,0.7331463357676631,0.19981052564538043,-0.63690185546875,-0.1297952403192935,0.6736980935801631,0.5514181385869565,0.48160984205163043,0.10006315811820653,0.41750700577445654,-0.34568454908288043,0.8390768299932065,-0.04541015625,0.9233478048573369,-0.18511962890625,0.3325646441915761,0.04960300611413044,0.8983154296875,-0.41122038468070654,0.03501029636548912,0.15045962126358695,0.7470623513926631,-0.5885965098505435,-0.1592141856317935,0.26450779127038043
222,0.73321533203125,0.19970703125,-0.63690185546875,-0.1297607421875,0.67376708984375,0.55145263671875,0.48150634765625,0.10009765625,0.4174863885477634,-0.3455810546875,0.8391296999111622,-0.04542852803616221,0.92327880859375,-0.18511962890625,0.33270263671875,0.04949951171875,0.8983154296875,-0.4112548828125,0.03521728515625,0.150390625,0.7471497194424122,-0.58856201171875,-0.15912457214151338,0.2644226686611622
223,0.7332357451269857,0.19968661815426422,-0.6368814423730143,-0.1297607421875,0.6737568832958821,0.55145263671875,0.4815165542041179,0.10012827589360368,0.4173890180811037,-0.3455606415917642,0.83917236328125,-0.04546098485838211,0.92327880859375,-0.18511962890625,0.3327128432666179,0.04950971826661789,0.8983154296875,-0.4112446762646321,0.03520707860838211,0.1503804184521321,0.7472025893603679,-0.58856201171875,-0.1590067885791179,0.2644347123876463
224,0.73333740234375,0.1995849609375,-0.63677978515625,-0.1297607421875,0.6737060546875,0.55145263671875,0.4815673828125,0.10028076171875,0.4175435452158236,-0.34545286044627926,0.83917236328125,-0.04541423886914715,0.92327880859375,-0.18511962890625,0.332763671875,0.049560546875,0.8983154296875,-0.41119384765625,0.03515625,0.15032958984375,0.7472554592783236,-0.5885599704091764,-0.15906169980664717,0.26427610263377926
225,0.73333740234375,0.1995849609375,-0.63677978515625,-0.1297607421875,0.6737060546875,0.55145263671875,0.4815673828125,0.10028076171875,0.41759641513377926,-0.3452942506924122,0.83917236328125,-0.04551997870505853,0.92327880859375,-0.18511962890625,0.332763671875,0.049560546875,0.8983154296875,-0.41119384765625,0.03515625,0.15032958984375,0.7473083291962792,-0.5885071004912208,-0.15916743964255853,0.2641174928799122
226,0.73333740234375,0.19944472296979515,-0.63677978515625,-0.12980748817673496,0.6737060546875,0.5514993827079849,0.4814738908340301,0.10037425369721989,0.4176025390625,-0.3451823869277801,0.8392191092704849,-0.045438734584030104,0.9233255545829849,-0.18497939093854515,0.332763671875,0.049467054896530104,0.8984089216659699,-0.4111003556777801,0.035249741978469896,0.15018935187604515,0.7474079451034699,-0.5884074845840301,-0.1591796875,0.26405237510451507
227,0.73333740234375,0.19940185546875,-0.63677978515625,-0.12982177734375,0.6737060546875,0.551513671875,0.4814453125,0.10040283203125,0.41756395831155935,-0.34523097009563125,0.8392333984375,-0.045487317751881265,0.92333984375,-0.1849365234375,0.332763671875,0.0494384765625,0.8984375,-0.41107177734375,0.0352783203125,0.150146484375,0.7473979426865593,-0.58837890625,-0.1591796875,0.2640380859375
228,0.7333069868311037,0.19928019341816472,-0.6368406161815426,-0.12988260836904264,0.6736452236622074,0.5514832563623537,0.48153655903793896,0.10049407856918896,0.41748067288095736,-0.3453062944188963,0.8392333984375,-0.04547139553720736,0.9233094282373537,-0.18487569241220736,0.33285491841293896,0.04946889207514632,0.8984679155126463,-0.41098053080581104,0.03533915133779264,0.15017689988764632,0.7474363193065426,-0.5882572441994147,-0.15914927198735368,0.2641597479880853
229,0.733320867736204,0.199113214295046,-0.636879605194398,-0.12996609793060201,0.673606234649352,0.551408136170046,0.48162841796875,0.10065268832305602,0.41746393414245403,-0.34529241351379597,0.8392333984375,-0.04538790597564799,0.92327880859375,-0.184814453125,0.332924527069398,0.04954401226745401,0.89849853515625,-0.410866421600648,0.035400390625,0.15022976980560201,0.747542059142454,-0.588112515350648,-0.159163152892454,0.26423772601379597
230,0.7333984375,0.19903564453125,-0.6368408203125,-0.1300048828125,0.67364501953125,0.55133056640625,0.48162841796875,0.10076904296875,0.41751333383413464,-0.34524301382211536,0.8392333984375,-0.04536320612980769,0.92327880859375,-0.184814453125,0.3328857421875,0.04962158203125,0.89849853515625,-0.41082763671875,0.035400390625,0.1502685546875,0.7476055438701923,-0.58807373046875,-0.15924072265625,0.26418832632211536
231,0.7334043572977634,0.19900604554243312,-0.6368349005147366,-0.13001080261026338,0.6736331799357232,0.5513424060017768,0.4816343377665134,0.10077496276651338,0.41743127318927675,-0.3453132348714465,0.8392393182352634,-0.045392396856709864,0.92327880859375,-0.18479669373170987,0.33289758178302675,0.049615662233486624,0.8985044549540134,-0.4108217169209866,0.03541223022052676,0.15025671509197325,0.7475763531432902,-0.5880559710754598,-0.15924072265625,0.26426446716920987
232,0.733457227215719,0.19874169595265467,-0.636782030596781,-0.13006367252821907,0.6735274400998119,0.5514481458376881,0.48168720768446904,0.10082783268446907,0.41753701302518814,-0.3451017551996237,0.839292188153219,-0.04523378710284281,0.92327880859375,-0.18463808397784282,0.33300332161893814,0.049562792315530936,0.898557324871969,-0.41076884700303096,0.03551797005643813,0.15015097525606186,0.7477349628971572,-0.5878973613215928,-0.15924072265625,0.2641058574153428
233,0.73345947265625,0.19873046875,-0.63677978515625,-0.13006591796875,0.67352294921875,0.55145263671875,0.481689453125,0.100830078125,0.41754150390625,-0.34514339791492477,0.83929443359375,-0.04527767525867475,0.92327880859375,-0.18463134765625,0.3330078125,0.049560546875,0.8985595703125,-0.4107666015625,0.0355224609375,0.150146484375,0.7476910747413252,-0.5880424984322743,-0.159038224746551,0.26409912109375
234,0.73345947265625,0.19856063179347827,-0.6368647036345109,-0.13010837720788043,0.6733955715013586,0.5515800144361414,0.48164699388586957,0.10087253736413043,0.41749904466711957,-0.3450264308763587,0.8393793520720109,-0.04520316745923913,0.92327880859375,-0.18454642917798914,0.33305027173913043,0.049560546875,0.8985595703125,-0.41072414232336957,0.03560737941576087,0.150146484375,0.7478080417798914,-0.5879888119904891,-0.15891166355298914,0.26405666185461957
235,0.73345947265625,0.198486328125,-0.63690185546875,-0.130126953125,0.67333984375,0.5516357421875,0.48162841796875,0.10089111328125,0.4175147627508361,-0.3450049971258361,0.8393822099054139,-0.04513172162416388,0.92327880859375,-0.18450927734375,0.33306884765625,0.049560546875,0.8985595703125,-0.41070556640625,0.03564453125,0.150146484375,0.74786376953125,-0.5878830721545778,-0.15897739372125835,0.2640723799383361
236,0.7334856014187918,0.19843407059991638,-0.6368495979436664,-0.13017921065008362,0.6732614574623745,0.5516618709500418,0.48173293301891723,0.10094337080633362,0.4174631176186246,-0.3450839958063336,0.83935546875,-0.045052722943666385,0.9233049373562918,-0.18440476229358277,0.3330427188937082,0.049560546875,0.8986118278375836,-0.41060105135608277,0.03561840248745819,0.150146484375,0.7478898982937918,-0.5878034610812082,-0.15900535966241638,0.2641252498562918
237,0.73359236190949,0.19832833076400502,-0.63670793105926,-0.1302669869617475,0.6731747018054975,0.551660850295255,0.4818905221179975,0.10103114711799749,0.41746617958298493,-0.345117881545255,0.839319541701505,-0.044964946632002505,0.9233578072742475,-0.18426513671875,0.3329898489757525,0.049560546875,0.898681640625,-0.41046142578125,0.03558349609375,0.15018241142349498,0.7479427682117475,-0.5877505911632525,-0.15900740097198998,0.26410626567725753
238,0.7337646484375,0.1982421875,-0.63653564453125,-0.13031005859375,0.6732177734375,0.55157470703125,0.48193359375,0.10107421875,0.41768541623118727,-0.3450611331391095,0.8392431967234532,-0.044951269857859535,0.92340087890625,-0.18426513671875,0.33294677734375,0.049560546875,0.898681640625,-0.41046142578125,0.03558349609375,0.1502685546875,0.74798583984375,-0.58770751953125,-0.1591796875,0.26397705078125
239,0.7337695475804766,0.1982340222617057,-0.6365323784359322,-0.13031169164140885,0.6732161403898411,0.55157470703125,0.48193359375,0.10107585179765886,0.41748700094063546,-0.34520667851170567,0.83929443359375,-0.045100081325773415,0.92340087890625,-0.18426350367109115,0.3329500434390677,0.04955728077968227,0.898681640625,-0.4104597927335911,0.035588395236726585,0.15026365554452342,0.7479874728914089,-0.5877058864835911,-0.15917805445234115,0.2639754177335911
240,0.7339281573343437,0.19796967267192725,-0.6364266386000209,-0.13036456155936454,0.6731632704718854,0.55157470703125,0.48193359375,0.10112872171561454,0.4176984806124582,-0.3449423289219273,0.83929443359375,-0.04494147157190636,0.92340087890625,-0.18421063375313546,0.3330557832749791,0.049451540943770904,0.898681640625,-0.41040692281563546,0.03574700499059364,0.15010504579065637,0.7480403428093646,-0.5876530165656354,-0.15912518453438546,0.26392254781563546
241,0.73394775390625,0.19793701171875,-0.63641357421875,-0.13037109375,0.67315673828125,0.55157470703125,0.48193359375,0.10113525390625,0.41753925846571904,-0.34509501887803096,0.83929443359375,-0.045060888181960704,0.92340087890625,-0.1842041015625,0.33306884765625,0.0494384765625,0.898681640625,-0.410400390625,0.0357666015625,0.15008544921875,0.7479541995453596,-0.5876928221023202,-0.15916499007107024,0.2640550288069607
242,0.7340240988843019,0.19786066674069816,-0.6363372292406981,-0.13044743872805184,0.67315673828125,0.55157470703125,0.48193359375,0.10113525390625,0.41759498621707775,-0.34511563610472407,0.8392562611047241,-0.04499046300167224,0.9233627064172241,-0.1842041015625,0.3331451926343018,0.04936213158444816,0.8987198131140259,-0.410400390625,0.03572842907347408,0.15008544921875,0.7480011496655519,-0.5876311745531981,-0.15929420496707775,0.26406094860472407
243,0.73406982421875,0.19781494140625,-0.63629150390625,-0.1304931640625,0.67315673828125,0.55157470703125,0.48193359375,0.10113525390625,0.4176035597172868,-0.3450927734375,0.8392634056882317,-0.04495188225073161,0.92333984375,-0.1841140798103052,0.3332209252194816,0.04925639174853679,0.89874267578125,-0.410400390625,0.03570556640625,0.15008544921875,0.7480168677492683,-0.5876454637202132,-0.15921275671509197,0.2640380859375
244,0.7340916662311873,0.19781494140625,-0.6362478198813755,-0.1305368480873746,0.6731348962688127,0.5516183910561245,0.48191175173756273,0.10113525390625,0.4175851879311246,-0.3450054053877508,0.8393162756061873,-0.04491738411893813,0.9233616857624373,-0.1839991540813127,0.3332082691001254,0.04921617794993729,0.8987645177936873,-0.41033486458768814,0.03572740841868729,0.15001992318143814,0.7480295238686245,-0.5876638355063755,-0.15914498523724915,0.26397255990018814
245,0.734130859375,0.1978696485028219,-0.636155756819607,-0.130628911149143,0.673040996028428,0.551724130892036,0.4819272656903219,0.10117628422867893,0.41766357421875,-0.3449033399090719,0.839328115201714,-0.044813481461642976,0.923428232454536,-0.18393260738921405,0.3330614989417851,0.049310078190321904,0.898817387711643,-0.410203608382107,0.03567086414349917,0.14990234375,0.748066879833821,-0.587599125992893,-0.15932911136078595,0.2638960107911789
246,0.734130859375,0.19805908203125,-0.6361083984375,-0.13067626953125,0.6728515625,0.55181884765625,0.48211669921875,0.101318359375,0.41766908575459866,-0.345059704222408,0.8392444215091973,-0.04484981677205268,0.92352294921875,-0.183837890625,0.33282470703125,0.04949951171875,0.89886474609375,-0.41015625,0.03533935546875,0.14990234375,0.7479248046875,-0.587646484375,-0.159423828125,0.2640380859375
247,0.734130859375,0.19805908203125,-0.6361083984375,-0.13067626953125,0.6728515625,0.55181884765625,0.48211669921875,0.101318359375,0.4177219556725543,-0.3447424847146739,0.8393501613451086,-0.044744076936141304,0.92352294921875,-0.183837890625,0.33282470703125,0.04949951171875,0.89886474609375,-0.41015625,0.03533935546875,0.14990234375,0.7479248046875,-0.587646484375,-0.159423828125,0.2640380859375
248,0.734130859375,0.19825994689329013,-0.63605818222199,-0.13067626953125,0.67280134628449,0.55176863144074,0.4822171316497701,0.101318359375,0.417724609375,-0.34492742736204013,0.83930525253449,-0.04478898574676003,0.92352294921875,-0.183837890625,0.33287492324676005,0.049298646856709864,0.89881452987824,-0.41020646621551005,0.035540220330790136,0.14985212753448995,0.74797502090301,-0.587646484375,-0.15947404434051005,0.2638874372909699
249,0.734130859375,0.19830322265625,-0.63604736328125,-0.13067626953125,0.67279052734375,0.5517578125,0.48223876953125,0.101318359375,0.4176405074205686,-0.3449286521477843,0.8393364845709658,-0.04475775371028428,0.92352294921875,-0.183837890625,0.3328857421875,0.04925537109375,0.8988037109375,-0.41021728515625,0.03558349609375,0.14984130859375,0.7480278908209658,-0.587646484375,-0.15940076132681857,0.2637708785143186
250,0.7341647451139214,0.19840487987301422,-0.6359795918034072,-0.1306423837923286,0.6728244130826714,0.5516561552832357,0.4822726552701714,0.10138613085284282,0.4176025390625,-0.34504521092443563,0.8393215830110786,-0.04480654100909281,0.9234551777409072,-0.18397343358068563,0.33302128514318563,0.04918759961590719,0.8987698251985786,-0.41035282811193563,0.035719039049435616,0.14984130859375,0.7479791035221572,-0.5877142558528428,-0.15943056444659282,0.26373291015625
251,0.73419189453125,0.19856348962688128,-0.63592529296875,-0.13053807287311872,0.6729287240018813,0.5514975455293687,0.4822998046875,0.10138898868624582,0.4175768185618729,-0.3451795290943771,0.8392687130931229,-0.04496372184625836,0.9233751584056229,-0.18421063375313546,0.3331041623118729,0.04915902128187709,0.8986912347799958,-0.41056430778375835,0.03580191621812291,0.1498155880931229,0.7478219226849916,-0.5878971571906354,-0.15948486328125,0.26381007165813125
252,0.73419189453125,0.19866943359375,-0.63592529296875,-0.13043212890625,0.67303466796875,0.5513564910378345,0.48231735994983277,0.10140613568666389,0.41755905916858277,-0.34524995427466554,0.8392158431751672,-0.045122535731082776,0.92333984375,-0.18438720703125,0.33306884765625,0.0491943359375,0.89862060546875,-0.41068801114391723,0.03567882525083612,0.14986804974916387,0.7476806640625,-0.58807373046875,-0.15948486328125,0.263916015625
253,0.7341825045072116,0.19868821364182693,-0.6359346829927884,-0.13039456881009615,0.6730628380408654,0.5512413611778846,0.48235144981971156,0.10163292518028846,0.4175837590144231,-0.34534630408653844,0.8391817533052884,-0.04520357572115385,0.9233304537259616,-0.18442476712740385,0.3330876277043269,0.049166165865384616,0.8985924353966346,-0.4107008713942308,0.03551776592548077,0.15008544921875,0.7476431039663461,-0.5881112905649039,-0.15948486328125,0.26392540564903844
254,0.734130859375,0.19879150390625,-0.635986328125,-0.13018798828125,0.6732177734375,0.55108642578125,0.4822998046875,0.1016845703125,0.41748169353574416,-0.3454003987902383,0.8392309488660117,-0.045407706678511704,0.92327880859375,-0.18463134765625,0.33319091796875,0.04901123046875,0.8984375,-0.4110107421875,0.03582763671875,0.15008544921875,0.7474365234375,-0.58831787109375,-0.15948486328125,0.26397705078125
255,0.734130859375,0.19879150390625,-0.635986328125,-0.13018798828125,0.6732177734375,0.55108642578125,0.4822998046875,0.1016845703125,0.4175345634536998,-0.34550613862614965,0.8391252090301003,-0.045301966842600336,0.92327880859375,-0.18463134765625,0.33319091796875,0.04901123046875,0.8984375,-0.4110107421875,0.03582763671875,0.15008544921875,0.7474365234375,-0.58831787109375,-0.15948486328125,0.26397705078125
256,0.7340849299095945,0.19892929230246656,-0.636078187055811,-0.13000427041962792,0.6732637029029055,0.5509486373850334,0.48239166361831104,0.10173049977790552,0.41740371551003347,-0.3455659489966555,0.8391572575904055,-0.045517733264527585,0.9232328791283445,-0.18481506551787208,0.33309905903793896,0.049240877795777585,0.8983915705345945,-0.4110566716529055,0.035643918857127935,0.15008544921875,0.7472068761104724,-0.5885475184207776,-0.1592552159542224,0.26420669810827757
257,0.73406982421875,0.198974609375,-0.6361083984375,-0.12994384765625,0.67327880859375,0.5509033203125,0.482421875,0.10174560546875,0.4174716911188336,-0.3455810546875,0.8391345990541388,-0.04547996903741639,0.9232555376646112,-0.18476219559991638,0.33306884765625,0.0492786420228888,0.89837646484375,-0.41107177734375,0.03558349609375,0.15008544921875,0.7471691118833612,-0.5885852826478888,-0.1592552159542224,0.26420669810827757
258,0.7340106262411162,0.19912260431908443,-0.6361379974263169,-0.12985505068979933,0.6733084075825669,0.5508145233460493,0.4824514739888169,0.1017752044575669,0.41754150390625,-0.3456994506427676,0.8390521301473662,-0.045469354227633776,0.9232492096049331,-0.18486997674540134,0.3330984466450669,0.04922577210493311,0.8983172668661162,-0.41121977228783446,0.035672293060200665,0.15005585022993312,0.7471035858460493,-0.5886804076740175,-0.15927215882368312,0.26421935422763376
259,0.7339048864052049,0.19930121890677258,-0.6361908673442725,-0.12973930843697742,0.6733612775005225,0.5506987810932275,0.48250434390677255,0.10176377312395485,0.41749863640520485,-0.34584662906302255,0.8390106915630225,-0.045553660313022576,0.9231963396869775,-0.18512289500156773,0.3331298828125,0.049215769688022576,0.89825439453125,-0.41139838687552255,0.03580946906354515,0.15004584781302258,0.7469664098427049,-0.58880615234375,-0.1593264576583403,0.26432509406354515
260,0.73382568359375,0.1993408203125,-0.63623046875,-0.12969970703125,0.67340087890625,0.5506724481997283,0.48251740828804346,0.10172437584918478,0.41744597061820654,-0.34588623046875,0.8390237559442935,-0.04563306725543478,0.92315673828125,-0.18524169921875,0.3331298828125,0.04925537109375,0.8982278575067935,-0.41147779381793476,0.03587540336277174,0.15008544921875,0.74688720703125,-0.58880615234375,-0.15948486328125,0.264404296875
261,0.733820580319816,0.19932040721676422,-0.6362457785718019,-0.12970481030518394,0.6733855690844481,0.5507355246655519,0.48242697827393394,0.10185746923338211,0.4175312973583821,-0.3458709206469482,0.8389435324780519,-0.04576105736569816,0.92315673828125,-0.1852314926708821,0.33313498608643394,0.04925537109375,0.8981425307666179,-0.4116057839281982,0.035848049814485784,0.15008034594481606,0.746892310305184,-0.588811255617684,-0.15945424363764632,0.2643940903271321
262,0.7337677104018604,0.19910892754494147,-0.6364043883256689,-0.12975768022313963,0.6732269593305811,0.5508941344194189,0.4824798481918896,0.10175172939747074,0.41742555752247074,-0.34571231089308113,0.8391021422319189,-0.045602447611831104,0.92315673828125,-0.18512575283497074,0.3331878560043896,0.04925537109375,0.8982482706025292,-0.41144717417433113,0.03605952948630853,0.15002747602686037,0.7469451802231396,-0.5888641255356396,-0.1591370241299122,0.26428835049122074
263,0.7337646484375,0.1990966796875,-0.63641357421875,-0.1297607421875,0.6732675813910953,0.5508535123589047,0.48248291015625,0.10189502932953595,0.41751904950094065,-0.345703125,0.8390615201714047,-0.045792493533131265,0.9232065462348453,-0.18516943685984533,0.33299168615436875,0.04920556314015468,0.8982045865776547,-0.41153760418844065,0.035872545529368735,0.15017383792328595,0.7468486262803093,-0.5890664193143813,-0.15901903643655937,0.26418261065530935
264,0.733681363006898,0.198805180680393,-0.636538502364653,-0.129885670333403,0.673153880447847,0.550967213302153,0.482441267440949,0.102011996368102,0.417458218475648,-0.345494911423495,0.839175221114653,-0.04558754605194398,0.9232177734375,-0.184889165055393,0.33311334820495403,0.049235978652801,0.898276644805602,-0.411351845017245,0.03591092214935201,0.150040948670046,0.747076028166806,-0.588861471833194,-0.158871653885347,0.26416015625
265,0.733642578125,0.19866943359375,-0.6365966796875,-0.12994384765625,0.673095703125,0.551025390625,0.482421875,0.10205078125,0.4175198660247701,-0.3454649041727634,0.8391329660064799,-0.04550466888325669,0.9232177734375,-0.18482037292276338,0.3331239630147366,0.04925537109375,0.8983154296875,-0.4112548828125,0.03594970703125,0.14996337890625,0.7471589053354933,-0.5888120721415134,-0.15891390899352006,0.26402624634197325
266,0.7335919536475752,0.19854287240018814,-0.6366979286423495,-0.12999447213367474,0.673095703125,0.5510760151024248,0.4823965627612876,0.10210140572742475,0.4176278513012124,-0.34539345833768814,0.8391009174461748,-0.045506914323787624,0.9232177734375,-0.18474892708768814,0.33319540884981186,0.04925537109375,0.8983407419262124,-0.4112295705737876,0.036000331508674745,0.14998869114496238,0.7472325966110995,-0.5887659385451505,-0.1588953330764005,0.2639413278637124
267,0.7334862138116639,0.1983642578125,-0.6368751143133361,-0.13004877096833195,0.6730785561245819,0.5511474609375,0.48237798684416805,0.10213855756166389,0.4176121332174958,-0.34521484375,0.8391895102816681,-0.04547119140625,0.9232006264370819,-0.18460460650083613,0.33335687643708195,0.04927251809416806,0.8983593178433319,-0.41119384765625,0.03612321834500418,0.1500244140625,0.7473240472799958,-0.5886916348766722,-0.15863241240332357,0.26399419778166805
268,0.7333984375,0.1983642578125,-0.636962890625,-0.1300048828125,0.6730256862066263,0.5511384791753763,0.4824398385242475,0.10208670829849498,0.41745352346362874,-0.34522382551212377,0.8392423801996237,-0.04545322788200251,0.92315673828125,-0.1846923828125,0.33331298828125,0.04931640625,0.8983244114496237,-0.41118486589412623,0.03628182809887123,0.1500244140625,0.7471923828125,-0.5888671875,-0.1583251953125,0.2640380859375
269,0.7333992540238294,0.19836752390781773,-0.6369612575773411,-0.13000324976484115,0.6729760823839883,0.5510839762097617,0.48254312878867056,0.102294921875,0.4172989963289089,-0.3452783284777383,0.8392928005460911,-0.045351570665238296,0.92315673828125,-0.1846923828125,0.33331298828125,0.04931558972617057,0.8983748317960911,-0.4111360785953177,0.036436355233591136,0.1500244140625,0.7471923828125,-0.5888663709761706,-0.15833091097930602,0.2640380859375
270,0.7334521239417852,0.19857900357964048,-0.6368555177414298,-0.12989750992892976,0.6731346921378554,0.5509253664558946,0.4824902588707149,0.102294921875,0.4174047361648202,-0.3454369382316054,0.8391870607101798,-0.04551018041910535,0.92315673828125,-0.1846923828125,0.33331298828125,0.04926271980821488,0.8982690919601798,-0.4113475582671405,0.03633061539767977,0.1500244140625,0.7471923828125,-0.5888135010582148,-0.15870100040499582,0.2640380859375
271,0.73345947265625,0.1986083984375,-0.6368408203125,-0.1298828125,0.6730656958742683,0.5508577991090092,0.48261947376672243,0.1024314854854724,0.41728286998327757,-0.3453679419680184,0.8393089268917224,-0.0456232689694816,0.92315673828125,-0.1847379040159908,0.3334040306882316,0.04925537109375,0.8982999157347408,-0.41124038951452757,0.0364069603757316,0.1498878504520276,0.7471923828125,-0.5888971947507317,-0.158524835388796,0.26399256473400917
272,0.7335715405518395,0.1985710424723035,-0.636766108382107,-0.1298828125,0.673109379899143,0.5508049291910535,0.4826286596598035,0.10266480716973243,0.4173483960205895,-0.3452995580973035,0.8393181127848035,-0.045654296875,0.9231940942464465,-0.18467870603835704,0.3333229906981605,0.04925537109375,0.8983154296875,-0.4112312036214465,0.03647534424644649,0.14995337648933946,0.7471923828125,-0.5888908666910535,-0.15855933352058946,0.263902338850857
273,0.7337009595788043,0.19851817255434784,-0.6366603685461957,-0.12985362177309784,0.6731859290081522,0.5508104407269022,0.48251740828804346,0.10281239385190218,0.41741943359375,-0.34524668817934784,0.83929443359375,-0.045654296875,0.9232177734375,-0.18466053838315216,0.333251953125,0.049313752547554345,0.8983154296875,-0.4112548828125,0.036440641983695655,0.1499368418817935,0.7471923828125,-0.5889255689538043,-0.15848441745923914,0.26385498046875
274,0.7337646484375,0.198486328125,-0.6365966796875,-0.12982177734375,0.6731336714830686,0.5508633106448578,0.4824849514658236,0.10288628925846571,0.41741943359375,-0.3451307417955686,0.8393364845709658,-0.04561224589778429,0.9232177734375,-0.1846923828125,0.333251953125,0.04937744140625,0.8983364551761078,-0.4111918063466764,0.036397978613607856,0.14986233408235786,0.7471923828125,-0.5889892578125,-0.1583251953125,0.26385498046875
275,0.7337646484375,0.19852490887594063,-0.6365838194371864,-0.12979605684312293,0.6730122135634407,0.5508647395615593,0.48260498046875,0.10295344834343646,0.41741943359375,-0.34498356337531355,0.8394036436559364,-0.04557080731344063,0.9232177734375,-0.1846923828125,0.33326481337531355,0.04935172090562291,0.8983636045934364,-0.41112321834500415,0.036425128030936456,0.14990234375,0.7472309635634407,-0.5889506770615593,-0.15838949656406773,0.26380353946749585
276,0.7337646484375,0.19866943359375,-0.63653564453125,-0.12969970703125,0.6731332632211539,0.5507342998798077,0.4826096754807692,0.10291935847355768,0.41741943359375,-0.34502234825721156,0.8393601637620193,-0.04570124699519231,0.9232177734375,-0.18467829777644232,0.3333082932692308,0.04925067608173077,0.8983248197115384,-0.4112971379206731,0.03637225811298077,0.14987886868990385,0.74737548828125,-0.5888014573317307,-0.15864445612980768,0.2636155348557692
277,0.7337646484375,0.19866943359375,-0.63653564453125,-0.12969970703125,0.6728689136313755,0.5508929096336748,0.48266254539872494,0.10307796822742474,0.41741943359375,-0.3449166084213002,0.8394130336799749,-0.045542637241325255,0.9232177734375,-0.18451968802257526,0.33325542335127506,0.04919780616377509,0.8984305595474499,-0.41108565824885035,0.03631938819502509,0.14961451910012544,0.74737548828125,-0.5887485874137751,-0.15880306588367474,0.26366840477372494
278,0.7338140481291806,0.1987188332854306,-0.6364862448395694,-0.1296503073395694,0.6729503618833612,0.5508539206208194,0.4826166159333194,0.10313777859793061,0.4174688332854306,-0.34490966796875,0.8393671042145694,-0.0456310259458612,0.9232671731291806,-0.1845586770354306,0.3332025534333194,0.0491449362458194,0.8984375,-0.4111211770354306,0.0362665182770694,0.14959716796875,0.7473260885895694,-0.5887945168791806,-0.1588628762541806,0.2636224753083194
279,0.73382568359375,0.19873046875,-0.636474609375,-0.129638671875,0.6728911639057275,0.5509247540630225,0.48268744937552255,0.10319064851588629,0.41739799984322745,-0.34499213687552255,0.8393967032033863,-0.04561306242161371,0.9231963396869775,-0.18469401586015885,0.3332321524221363,0.049215769688022576,0.8983550310932275,-0.4112565158601589,0.036419820626045145,0.14972087132890885,0.7472319842182275,-0.5888886212505225,-0.15866833945181857,0.26369330875052255
280,0.73382568359375,0.19873046875,-0.636474609375,-0.12960560265990803,0.672785424069816,0.551030493898934,0.482693981566158,0.10324351843384197,0.4173583984375,-0.344998669066158,0.83941650390625,-0.04562633093384197,0.92315673828125,-0.18478648718384197,0.333251953125,0.04922230187865803,0.8983154296875,-0.41131591796875,0.036432885007316056,0.14984641186768394,0.7471923828125,-0.5889612918713419,-0.1585693359375,0.26373291015625
281,0.7338007796169523,0.19875537272679766,-0.6364995133517977,-0.12952782876515467,0.6727543961642977,0.5510615218044523,0.48269091960179766,0.10319677244460702,0.41738330241429766,-0.344970703125,0.83941650390625,-0.045654296875,0.92315673828125,-0.184814453125,0.3333017610785953,0.0491943359375,0.8982905257107023,-0.4113657259223453,0.03642676107859531,0.14990234375,0.7471674788357023,-0.5889643538357023,-0.15861914389109533,0.26383252606344065
282,0.7337646484375,0.19879150390625,-0.63653564453125,-0.12945556640625,0.6727235723897366,0.5510588681020067,0.4827605282582567,0.10313859512176003,0.41741943359375,-0.34495396438649667,0.83941650390625,-0.04560408065948997,0.92315673828125,-0.184814453125,0.3333740234375,0.0491943359375,0.8982878720082567,-0.4113710333272366,0.03644880722198997,0.14988560501149664,0.74713134765625,-0.58892822265625,-0.15869140625,0.26397705078125
283,0.7337646484375,0.19882579790708613,-0.636527071031041,-0.12944699290604098,0.6725721072193771,0.5511131669366639,0.48284912109375,0.103271484375,0.41742800709395905,-0.3449353884693771,0.8393993569058319,-0.045496911906877095,0.923148164781041,-0.18482302662520902,0.3333740234375,0.0491943359375,0.8983593178433319,-0.4112195681568771,0.036298770968331937,0.14984988209395902,0.74713134765625,-0.58892822265625,-0.1587171267506271,0.2639513302806229
284,0.7337646484375,0.19903564453125,-0.636474609375,-0.12939453125,0.6727299004494147,0.5509025037886706,0.4828495293556647,0.10327311742265886,0.41747924396425584,-0.3450931816994147,0.8392948418556647,-0.04565552166074415,0.9230952948630853,-0.18487630480507944,0.33337524822324416,0.04919392767558528,0.89825439453125,-0.41137776964882944,0.03619588896582358,0.14990152722617056,0.7471309393943353,-0.5889290391800794,-0.15887328693300584,0.2637943535744147
285,0.7337646484375,0.19903564453125,-0.636474609375,-0.12939453125,0.6727827703673704,0.5507967639527592,0.4829023992736204,0.10348459709448161,0.4173206342103888,-0.3451460516173704,0.8393477117736204,-0.04581413141461121,0.9230424249451296,-0.1849820446409908,0.3335338579771112,0.0491410577576296,0.89825439453125,-0.41148350948474083,0.03646023855560201,0.1497957873902592,0.7470780694763796,-0.5890347790159908,-0.15871467717913879,0.2638472234923704
286,0.7338548743206522,0.19894541864809784,-0.636429496433424,-0.12939453125,0.67279052734375,0.5508714758831522,0.48277481742527173,0.10356073794157608,0.41738758916440216,-0.34506358271059784,0.83935546875,-0.04583740234375,0.923079780910326,-0.18490733271059784,0.33346690302309784,0.04908818783967391,0.898299507472826,-0.4114539104959239,0.03645391049592391,0.14969004755434784,0.747115425441576,-0.589005180027174,-0.15873651919157608,0.26376475458559784
287,0.73388671875,0.19891357421875,-0.63641357421875,-0.12939453125,0.6729013704535953,0.5507555294993729,0.48272705078125,0.10368750326609531,0.41741943359375,-0.34510563368781355,0.8393185210467182,-0.045911297750313544,0.9230587554217182,-0.18498633139109533,0.3335459017035953,0.049072265625,0.8982415342809364,-0.41151188368781355,0.036474935984531776,0.14973209853156355,0.74713134765625,-0.5889892578125,-0.15875244140625,0.2637698578595318
288,0.73388671875,0.19888479175376253,-0.63641357421875,-0.12942331371498747,0.6729736328125,0.5506591796875,0.48269826831626256,0.10384611301996237,0.41741943359375,-0.34515380859375,0.83929443359375,-0.045930690191262544,0.92303466796875,-0.18502981128501253,0.3336181640625,0.049101048089987456,0.898193359375,-0.41156005859375,0.036527805902487456,0.1497802734375,0.74713134765625,-0.5889604753475125,-0.15875244140625,0.2637939453125
289,0.73388671875,0.1988525390625,-0.63641357421875,-0.12947618363294314,0.6729736328125,0.5506591796875,0.48268663285169316,0.10394287109375,0.41744005082044316,-0.3451125741403637,0.83929443359375,-0.04593967195338629,0.92303466796875,-0.18499755859375,0.33359754683580684,0.04909206632786371,0.898193359375,-0.41153944136705684,0.03656005859375,0.14980089066419314,0.7471519648829431,-0.58892822265625,-0.15875244140625,0.26373209363242056
290,0.73388671875,0.1988525390625,-0.63641357421875,-0.1295166015625,0.6729611808241012,0.5506716316758988,0.48271459879285117,0.10394287109375,0.41748046875,-0.34500683430445234,0.8393068855821488,-0.046045411789297656,0.9230471199571488,-0.18498510660535117,0.33355712890625,0.048986326491952344,0.8982058113633988,-0.4114990234375,0.03654760660535117,0.14979150064015467,0.7471923828125,-0.58892822265625,-0.15875244140625,0.26361083984375
291,0.7338910055001046,0.1988525390625,-0.6364092874686454,-0.12952088831260453,0.67291259765625,0.55072021484375,0.482666015625,0.10394715784385451,0.41748904225020905,-0.34490966796875,0.8393511819998954,-0.04613829137489549,0.923095703125,-0.1849365234375,0.3335528421561455,0.04889344690635451,0.89825439453125,-0.4114947366873955,0.03649473668739549,0.14959716796875,0.7471966695626046,-0.5889239359061454,-0.15875672815635453,0.26360226634354095
292,0.7339438754180602,0.1988525390625,-0.6363564175506898,-0.1295737582305602,0.67291259765625,0.55072021484375,0.482666015625,0.10400002776181021,0.4175947820861204,-0.34490966796875,0.8392983120819398,-0.0460854214569398,0.923095703125,-0.1849365234375,0.3334999722381898,0.0489463168243102,0.89825439453125,-0.4114418667694398,0.0364418667694398,0.14959716796875,0.7472495394805602,-0.5888710659881898,-0.1588095980743102,0.2634965265076296
293,0.73394775390625,0.1988525390625,-0.6363525390625,-0.12957763671875,0.67291259765625,0.5506222319842182,0.4827639984845318,0.10400390625,0.4175535476327341,-0.34490966796875,0.83929443359375,-0.04613053439851589,0.9230467116952341,-0.18503450629703178,0.3335450851797659,0.04885221245296823,0.89825439453125,-0.4115359711407818,0.03643798828125,0.14949918510921822,0.7473514008282818,-0.5888671875,-0.15866650227320234,0.2633907866717182
294,0.73394775390625,0.19877088667955686,-0.6363117128710284,-0.12961846291022158,0.6728717714647784,0.5506797969141931,0.4827880859375,0.10404473244147157,0.41758233009772155,-0.34486884177727845,0.83929443359375,-0.04610175193352843,0.9230754941602216,-0.18493611517558528,0.33351630271477845,0.048828125,0.8982952207227216,-0.41147840621080684,0.03643798828125,0.14947509765625,0.7474163144727216,-0.5888263613085284,-0.15867119728522158,0.26336669921875
295,0.73394775390625,0.19873046875,-0.63629150390625,-0.129638671875,0.6729168844063546,0.5506222319842182,0.4827880859375,0.10413026331260451,0.4176025390625,-0.3449139547188545,0.8392617726405728,-0.04614686487510451,0.9230630421718228,-0.18494081018760453,0.3335614156563545,0.048860785953177256,0.8982827687343228,-0.4114706492344273,0.03650331018760451,0.14954041956260453,0.7474365234375,-0.58880615234375,-0.15865874529682275,0.2633993601719273
296,0.7339722496211329,0.1986814773202341,-0.63629150390625,-0.12966316758988294,0.6729736328125,0.5504881179452341,0.48281258165238294,0.10423600314851589,0.41762703477738294,-0.34499519883988294,0.8392333984375,-0.046179117566367056,0.92303466796875,-0.18497306287886706,0.3336181640625,0.048913655871132944,0.8982788902461329,-0.41147452772261706,0.036535562878867056,0.14959716796875,0.7474610191523829,-0.5887816566288671,-0.15863037109375,0.26340323866011706
297,0.7340414500156772,0.19857573748432275,-0.6362588429530728,-0.12971603750783864,0.6729736328125,0.5504477000156772,0.4828164601405727,0.10434174298442726,0.4177125656485159,-0.3449990773280727,0.8392170679609113,-0.046109917171822744,0.9230509984453387,-0.18490386248432275,0.3335855031093227,0.04896652578908863,0.8983317601640887,-0.4113889968514841,0.036466362484322744,0.14958083749216136,0.7475138890703387,-0.5887614476640887,-0.15866303204692725,0.26328504683580684
298,0.734130859375,0.198486328125,-0.63616943359375,-0.1297607421875,0.6729817980507943,0.5505207788984113,0.48273521601954433,0.10443115234375,0.4178303492109114,-0.34490150273045567,0.8391805285195443,-0.046053168765677256,0.9230875378867057,-0.1848226183632943,0.33352058946488294,0.04897040427727843,0.8983682996054557,-0.41127937852738294,0.036409614078177256,0.14950347185932275,0.74755859375,-0.58880615234375,-0.15875244140625,0.2630615234375
299,0.734130859375,0.198486328125,-0.63616943359375,-0.1297607421875,0.67303466796875,0.5504150390625,0.4827880859375,0.10443115234375,0.417724609375,-0.3448486328125,0.8392333984375,-0.0462646484375,0.92303466796875,-0.18487548828125,0.33367919921875,0.0487060546875,0.8983154296875,-0.41143798828125,0.03662109375,0.1492919921875,0.74755859375,-0.58880615234375,-0.15875244140625,0.2630615234375
