timestep,imu0_w,imu0_x,imu0_y,imu0_z,imu1_w,imu1_x,imu1_y,imu1_z,imu2_w,imu2_x,imu2_y,imu2_z,imu3_w,imu3_x,imu3_y,imu3_z,imu4_w,imu4_x,imu4_y,imu4_z,imu5_w,imu5_x,imu5_y,imu5_z
0,0.783203125,0.006103515625,-0.6112060546875,-0.1136474609375,0.76031494140625,0.60791015625,0.2281494140625,0.01171875,0.4908447265625,-0.04833984375,0.86383056640625,0.10235595703125,0.9654541015625,0.1070556640625,0.2259521484375,0.07275390625,0.9888916015625,-0.0538330078125,-0.009033203125,0.13818359375,0.89788818359375,-0.40625,0.01324462890625,0.16876220703125
1,0.783203125,0.006103515625,-0.6112060546875,-0.1136474609375,0.76031494140625,0.60791015625,0.2281494140625,0.01171875,0.4908447265625,-0.04833984375,0.86383056640625,0.10235595703125,0.96539306640625,0.1070556640625,0.226318359375,0.07257080078125,0.9888916015625,-0.0538330078125,-0.009033203125,0.13818359375,0.89788818359375,-0.40625,0.013276473335597826,0.16876220703125
2,0.78326416015625,0.006103515625,-0.61114501953125,-0.11370849609375,0.76025390625,0.60791015625,0.22845458984375,0.011962890625,0.49066162109375,-0.04827880859375,0.8638916015625,0.1024169921875,0.96539306640625,0.1070556640625,0.2261962890625,0.0726318359375,0.9888916015625,-0.05377197265625,-0.0086669921875,0.13818359375,0.89788818359375,-0.40618896484375,0.01348876953125,0.16876220703125
3,0.78326416015625,0.006103515625,-0.61114501953125,-0.11370849609375,0.76025390625,0.60791015625,0.22845458984375,0.011962890625,0.49066162109375,-0.04827880859375,0.8638916015625,0.1024169921875,0.96533203125,0.1070556640625,0.2265625,0.0726318359375,0.9888916015625,-0.05377197265625,-0.0086669921875,0.13818359375,0.89788818359375,-0.40618896484375,0.01353653617527174,0.16880997367527173
4,0.7833251953125,0.00616455078125,-0.61102294921875,-0.1136474609375,0.75982666015625,0.608154296875,0.22918701171875,0.01275634765625,0.49029541015625,-0.048095703125,0.86407470703125,0.1026611328125,0.9653506071671195,0.10699462890625,0.22648554262907608,0.07267429517663043,0.98883056640625,-0.0538330078125,-0.0086669921875,0.13836669921875,0.89788818359375,-0.40625,0.0135498046875,0.16888427734375
5,0.7833251953125,0.00616455078125,-0.61102294921875,-0.1136474609375,0.75982666015625,0.608154296875,0.22918701171875,0.01275634765625,0.49029541015625,-0.048095703125,0.86407470703125,0.1026611328125,0.96527099609375,0.10699462890625,0.2266845703125,0.07275390625,0.98883056640625,-0.0538330078125,-0.0086669921875,0.13836669921875,0.8979147206182065,-0.4061438519021739,0.013523267663043478,0.16893735139266305
6,0.78338623046875,0.00634765625,-0.6109619140625,-0.11358642578125,0.75946044921875,0.60833740234375,0.2298583984375,0.013427734375,0.48992919921875,-0.04779052734375,0.86431884765625,0.10284423828125,0.96533203125,0.10677967900815218,0.22662618885869565,0.07284678583559782,0.98883056640625,-0.0538330078125,-0.0086669921875,0.13848876953125,0.89788818359375,-0.40618896484375,0.013427734375,0.16900634765625
7,0.78338623046875,0.00634765625,-0.6109619140625,-0.11358642578125,0.75946044921875,0.60833740234375,0.2298583984375,0.013427734375,0.48992919921875,-0.04779052734375,0.86431884765625,0.10284423828125,0.96533203125,0.10675048828125,0.2266845703125,0.0728759765625,0.98883056640625,-0.0538330078125,-0.0086669921875,0.13848876953125,0.8979253354279891,-0.4060775093410326,0.01346488620923913,0.16900634765625
8,0.783447265625,0.00634765625,-0.61090087890625,-0.113525390625,0.7593994140625,0.6082763671875,0.23016357421875,0.01385498046875,0.4898681640625,-0.04779052734375,0.86431884765625,0.10284423828125,0.9652895720108695,0.10679294752038043,0.22670845363451086,0.07285740064538043,0.98883056640625,-0.0537109375,-0.0086669921875,0.138427734375,0.89794921875,-0.40606689453125,0.01348876953125,0.16888427734375
9,0.783447265625,0.00634765625,-0.61090087890625,-0.113525390625,0.7593994140625,0.6082763671875,0.23016357421875,0.01385498046875,0.4898681640625,-0.04779052734375,0.86431884765625,0.10284423828125,0.96527099609375,0.1068115234375,0.22674560546875,0.0728759765625,0.98883056640625,-0.0537109375,-0.0086669921875,0.138427734375,0.8979014521059783,-0.40611466117527173,0.013584302819293478,0.16893204398777173
10,0.78350830078125,0.00628662109375,-0.61083984375,-0.11358642578125,0.7596435546875,0.60791015625,0.2303466796875,0.01416015625,0.48980712890625,-0.0479736328125,0.8643798828125,0.10260009765625,0.96527099609375,0.10666026239809782,0.22684379245923914,0.07292905061141304,0.98883056640625,-0.05377197265625,-0.00848388671875,0.13848876953125,0.89794921875,-0.40606689453125,0.01348876953125,0.1689453125
11,0.78350830078125,0.00628662109375,-0.61083984375,-0.11358642578125,0.7596435546875,0.60791015625,0.2303466796875,0.01416015625,0.4897487474524457,-0.04814877717391304,0.8644966457201086,0.10207466457201086,0.96527099609375,0.10662841796875,0.22686767578125,0.07293701171875,0.98883056640625,-0.05377197265625,-0.00848388671875,0.13848876953125,0.8978324558423914,-0.406242038892663,0.013839058254076086,0.1690620754076087
12,0.78350830078125,0.006103515625,-0.61077880859375,-0.11370849609375,0.75994873046875,0.6075439453125,0.23040771484375,0.01422119140625,0.48980712890625,-0.04803466796875,0.86444091796875,0.10223388671875,0.9652099609375,0.1065673828125,0.22723388671875,0.07293701171875,0.98876953125,-0.05377197265625,-0.00811767578125,0.1387939453125,0.89794921875,-0.40606689453125,0.0137939453125,0.16900634765625
13,0.78350830078125,0.006103515625,-0.61077880859375,-0.11370849609375,0.7599726137907609,0.6075121008831522,0.23042363705842392,0.014229152513586956,0.48968505859375,-0.04803466796875,0.864501953125,0.10205078125,0.9652099609375,0.1065673828125,0.22723388671875,0.07293701171875,0.9887774923573369,-0.05375605044157609,-0.00809379245923913,0.13878598420516305,0.89788818359375,-0.40606689453125,0.01397705078125,0.16912841796875
14,0.7835693359375,0.006103515625,-0.6107177734375,-0.11370849609375,0.7601318359375,0.6072998046875,0.23046875,0.01434326171875,0.48974609375,-0.04803466796875,0.864501953125,0.10205078125,0.9652099609375,0.10662841796875,0.22723388671875,0.07293701171875,0.98883056640625,-0.05364990234375,-0.00799560546875,0.13873291015625,0.89788818359375,-0.40606689453125,0.01385498046875,0.1690673828125
15,0.7835693359375,0.006103515625,-0.6107177734375,-0.11370849609375,0.7601875636888586,0.6072069251019022,0.23046875,0.01434326171875,0.48974609375,-0.048095703125,0.864501953125,0.101806640625,0.9652099609375,0.10662841796875,0.22723388671875,0.07293701171875,0.98883056640625,-0.05363132642663043,-0.007921301800271738,0.13873291015625,0.89801025390625,-0.4058837890625,0.013916015625,0.1689453125
16,0.78363037109375,0.00616455078125,-0.61065673828125,-0.11370849609375,0.7603759765625,0.60699462890625,0.23046875,0.014404296875,0.48980712890625,-0.04815673828125,0.864501953125,0.101806640625,0.96514892578125,0.10650634765625,0.22735595703125,0.07293701171875,0.98883056640625,-0.05364990234375,-0.0078125,0.13873291015625,0.89801025390625,-0.40594482421875,0.01385498046875,0.1689453125
17,0.78363037109375,0.00616455078125,-0.61065673828125,-0.11370849609375,0.7604927394701086,0.6068194845448369,0.23046875,0.014316724694293478,0.4898681640625,-0.04840087890625,0.86444091796875,0.10162353515625,0.96514892578125,0.10650634765625,0.22735595703125,0.07293701171875,0.9888013756793478,-0.05364990234375,-0.007637355638586956,0.13879129161005435,0.89801025390625,-0.40594482421875,0.0140380859375,0.16900634765625
18,0.78363037109375,0.00616455078125,-0.610595703125,-0.11376953125,0.7606201171875,0.606689453125,0.23040771484375,0.01434326171875,0.4898681640625,-0.0484619140625,0.86444091796875,0.1016845703125,0.965087890625,0.10638427734375,0.22772216796875,0.07305908203125,0.98876953125,-0.05364990234375,-0.00750732421875,0.138916015625,0.89801025390625,-0.4058837890625,0.01397705078125,0.16900634765625
19,0.7836701766304348,0.006124745244565217,-0.6105558975883152,-0.11376953125,0.7607793393342391,0.606490425441576,0.23036790930706522,0.014263650645380434,0.48990796959918476,-0.04864501953125,0.86444091796875,0.10137939453125,0.965087890625,0.10642408288043478,0.22764255689538043,0.07305908203125,0.98876953125,-0.05364990234375,-0.007427713145380435,0.13903543223505435,0.8979890242866848,-0.40584398352581524,0.014120350713315218,0.16910984205163043
20,0.78369140625,0.006103515625,-0.61053466796875,-0.11376953125,0.7608642578125,0.60638427734375,0.2303466796875,0.01422119140625,0.48992919921875,-0.04864501953125,0.86444091796875,0.10137939453125,0.965087890625,0.10626220703125,0.2276611328125,0.0731201171875,0.98876953125,-0.05364990234375,-0.00738525390625,0.13909912109375,0.89801025390625,-0.40582275390625,0.01409912109375,0.1690673828125
21,0.7837418265964674,0.006053095278532608,-0.6104842476222826,-0.11376953125,0.7609650985054348,0.6062834366508152,0.23029625934103262,0.014271611752717392,0.48996900475543476,-0.048583984375,0.86444091796875,0.101318359375,0.9651383109714674,0.10631262737771739,0.22761071246603262,0.07306969684103261,0.98876953125,-0.05370032269021739,-0.007435674252717392,0.13914954144021738,0.89794921875,-0.4058944038722826,0.014231806216032608,0.16913903277853262
22,0.78375244140625,0.00604248046875,-0.6104736328125,-0.11376953125,0.760986328125,0.60626220703125,0.23028564453125,0.0142822265625,0.489990234375,-0.048583984375,0.86444091796875,0.101318359375,0.965087890625,0.10626220703125,0.22772216796875,0.0731201171875,0.98876953125,-0.0537109375,-0.0074462890625,0.13916015625,0.89794921875,-0.4058837890625,0.01422119140625,0.16912841796875
23,0.7838134765625,0.00604248046875,-0.61041259765625,-0.11376953125,0.76092529296875,0.60626220703125,0.23052978515625,0.014404296875,0.4898681640625,-0.04827880859375,0.86444091796875,0.1014404296875,0.96514892578125,0.10626220703125,0.2276611328125,0.0731201171875,0.98876953125,-0.05364990234375,-0.00732421875,0.13909912109375,0.89801025390625,-0.4058837890625,0.01422119140625,0.1690673828125
24,0.7838134765625,0.00604248046875,-0.61041259765625,-0.11376953125,0.76092529296875,0.60626220703125,0.23052978515625,0.014404296875,0.4898681640625,-0.04827880859375,0.86444091796875,0.1014404296875,0.965087890625,0.106201171875,0.22784423828125,0.0731201171875,0.98876953125,-0.05364990234375,-0.00732421875,0.13909912109375,0.89801025390625,-0.4058837890625,0.01422119140625,0.1690673828125
25,0.78387451171875,0.0059814453125,-0.61029052734375,-0.1138916015625,0.76104736328125,0.606201171875,0.23028564453125,0.01458740234375,0.48992919921875,-0.04779052734375,0.864501953125,0.10125732421875,0.9650772758152174,0.10627016813858696,0.22777524201766305,0.07318115234375,0.98876953125,-0.05364990234375,-0.007080078125,0.13916015625,0.89801025390625,-0.40576171875,0.0142822265625,0.1690673828125
26,0.78387451171875,0.0059814453125,-0.61029052734375,-0.1138916015625,0.76104736328125,0.606201171875,0.23028564453125,0.01458740234375,0.48992919921875,-0.04779052734375,0.864501953125,0.10125732421875,0.96502685546875,0.10601806640625,0.22802734375,0.07318115234375,0.98876953125,-0.05364990234375,-0.007080078125,0.13916015625,0.89801025390625,-0.40576171875,0.0142822265625,0.1690673828125
27,0.783935546875,0.0059814453125,-0.6102294921875,-0.1138916015625,0.7611083984375,0.6060791015625,0.23028564453125,0.01470947265625,0.48992919921875,-0.04754638671875,0.86456298828125,0.10101318359375,0.9650454313858695,0.10595437754755435,0.2280936863111413,0.07322361158288043,0.98870849609375,-0.05377197265625,-0.00677490234375,0.139404296875,0.89794921875,-0.4058837890625,0.0145263671875,0.16925048828125
28,0.783935546875,0.0059814453125,-0.6102294921875,-0.1138916015625,0.7611083984375,0.6060791015625,0.23028564453125,0.01470947265625,0.48992919921875,-0.04754638671875,0.86456298828125,0.10101318359375,0.9649658203125,0.1058349609375,0.22833251953125,0.07330322265625,0.98870849609375,-0.05377197265625,-0.00677490234375,0.139404296875,0.89794921875,-0.4058837890625,0.0145263671875,0.16925048828125
29,0.783935546875,0.00604248046875,-0.6102294921875,-0.11376953125,0.76123046875,0.60595703125,0.230224609375,0.0146484375,0.4898681640625,-0.04730224609375,0.8646240234375,0.10076904296875,0.96502685546875,0.10577657948369565,0.22830067510190216,0.07327403192934782,0.98870849609375,-0.0537109375,-0.00701904296875,0.1392822265625,0.89794921875,-0.4058837890625,0.01434326171875,0.169189453125
30,0.783935546875,0.00604248046875,-0.6102294921875,-0.11376953125,0.76123046875,0.60595703125,0.230224609375,0.0146484375,0.4898681640625,-0.04730224609375,0.8646240234375,0.10076904296875,0.96502685546875,0.1058349609375,0.228271484375,0.07330322265625,0.98870849609375,-0.0537109375,-0.00701904296875,0.1392822265625,0.89794921875,-0.4058837890625,0.01434326171875,0.169189453125
31,0.7838134765625,0.00616455078125,-0.6103515625,-0.11376953125,0.76141357421875,0.605712890625,0.230224609375,0.01483154296875,0.48980712890625,-0.0472412109375,0.86468505859375,0.1007080078125,0.9649658203125,0.10575534986413043,0.22841213060461957,0.07321830417798914,0.98876953125,-0.0537109375,-0.00677490234375,0.13922119140625,0.89801025390625,-0.40576171875,0.01434326171875,0.16912841796875
32,0.7838134765625,0.00616455078125,-0.6103515625,-0.11376953125,0.76141357421875,0.605712890625,0.230224609375,0.01483154296875,0.48980712890625,-0.0472412109375,0.86468505859375,0.1007080078125,0.9649658203125,0.10577392578125,0.2283935546875,0.07318115234375,0.98876953125,-0.0537109375,-0.00677490234375,0.13922119140625,0.89801025390625,-0.40576171875,0.01434326171875,0.16912841796875
33,0.7837604025135869,0.00616455078125,-0.610457710597826,-0.11376953125,0.76141357421875,0.605712890625,0.23033075747282608,0.014884617017663044,0.4898230511209239,-0.04705810546875,0.8646770974864131,0.10064697265625,0.9649658203125,0.10572085173233696,0.22844662873641305,0.07323422639266304,0.98876953125,-0.05376401154891304,-0.006668754245923912,0.13922119140625,0.8979571798573369,-0.40582275390625,0.014388374660326088,0.16924252717391305
34,0.78375244140625,0.00616455078125,-0.6104736328125,-0.11376953125,0.76141357421875,0.605712890625,0.2303466796875,0.014892578125,0.48980712890625,-0.04705810546875,0.86468505859375,0.10064697265625,0.9649658203125,0.105712890625,0.22845458984375,0.0732421875,0.98876953125,-0.05377197265625,-0.00665283203125,0.13922119140625,0.89794921875,-0.40582275390625,0.014404296875,0.16925048828125
35,0.78369140625,0.006103515625,-0.61053466796875,-0.11376953125,0.761474609375,0.6055908203125,0.23046875,0.01513671875,0.48974609375,-0.0469970703125,0.86468505859375,0.10064697265625,0.9649658203125,0.10552978515625,0.22869873046875,0.07330322265625,0.98870849609375,-0.0538330078125,-0.00634765625,0.1392822265625,0.89794921875,-0.4058837890625,0.01446533203125,0.16925048828125
36,0.78369140625,0.006103515625,-0.61053466796875,-0.11376953125,0.761474609375,0.6055908203125,0.23046875,0.01513671875,0.489738132642663,-0.04698910920516304,0.8646930197010869,0.10063901154891304,0.9649658203125,0.10552978515625,0.22869873046875,0.07330322265625,0.98870849609375,-0.0538330078125,-0.00634765625,0.1392822265625,0.8979412576426631,-0.405891750169837,0.014497176460597828,0.16925844938858695
37,0.78369140625,0.00604248046875,-0.61053466796875,-0.11376953125,0.76153564453125,0.60540771484375,0.230712890625,0.01544189453125,0.48968505859375,-0.046875,0.86474609375,0.10064697265625,0.96490478515625,0.10546875,0.22882080078125,0.07342529296875,0.98870849609375,-0.0538330078125,-0.0062255859375,0.13934326171875,0.89788818359375,-0.40594482421875,0.01470947265625,0.1693115234375
38,0.78369140625,0.00604248046875,-0.61053466796875,-0.11376953125,0.76153564453125,0.60540771484375,0.230712890625,0.01544189453125,0.48964790675951086,-0.04683784816576087,0.8647646696671195,0.10064697265625,0.96490478515625,0.10546875,0.22882080078125,0.07342529296875,0.98870849609375,-0.0538330078125,-0.0062255859375,0.13934326171875,0.89788818359375,-0.40594482421875,0.01470947265625,0.1693115234375
39,0.78375244140625,0.00616455078125,-0.61053466796875,-0.1136474609375,0.76165771484375,0.605224609375,0.23077392578125,0.015625,0.48956298828125,-0.04681396484375,0.86480712890625,0.1004638671875,0.96484375,0.10540771484375,0.22918701171875,0.07330322265625,0.98876953125,-0.0538330078125,-0.00604248046875,0.13922119140625,0.89794921875,-0.4058837890625,0.01458740234375,0.169189453125
40,0.78375244140625,0.00616455078125,-0.61053466796875,-0.1136474609375,0.76165771484375,0.605224609375,0.23077392578125,0.015625,0.48956298828125,-0.04681396484375,0.86480712890625,0.1004638671875,0.96484375,0.10540771484375,0.22918701171875,0.07330322265625,0.98876953125,-0.0538330078125,-0.00604248046875,0.13922119140625,0.89794921875,-0.4058837890625,0.01458740234375,0.169189453125
41,0.78375244140625,0.0062255859375,-0.61053466796875,-0.11358642578125,0.76165771484375,0.605224609375,0.2308349609375,0.015625,0.48944091796875,-0.04656982421875,0.86492919921875,0.10040283203125,0.96484375,0.105224609375,0.2293701171875,0.0733642578125,0.98870849609375,-0.0538330078125,-0.0057373046875,0.1392822265625,0.89794921875,-0.4058837890625,0.0147705078125,0.169189453125
42,0.78375244140625,0.0062255859375,-0.61053466796875,-0.11358642578125,0.76165771484375,0.605224609375,0.2308349609375,0.015625,0.48948072350543476,-0.04664943529211957,0.8648893936820652,0.10040283203125,0.96484375,0.105224609375,0.2293701171875,0.0733642578125,0.98870849609375,-0.0538330078125,-0.0057373046875,0.1392822265625,0.89794921875,-0.4058837890625,0.0147705078125,0.169189453125
43,0.78375244140625,0.00628662109375,-0.61053466796875,-0.11358642578125,0.76177978515625,0.60504150390625,0.2308349609375,0.01580810546875,0.489501953125,-0.0467529296875,0.8648681640625,0.10040283203125,0.96484375,0.10516357421875,0.22930908203125,0.07342529296875,0.98870849609375,-0.0538330078125,-0.0059814453125,0.13934326171875,0.89794921875,-0.4058837890625,0.0146484375,0.16925048828125
44,0.78375244140625,0.00628662109375,-0.61053466796875,-0.11358642578125,0.76177978515625,0.60504150390625,0.2308349609375,0.01580810546875,0.489501953125,-0.0467529296875,0.8648681640625,0.10040283203125,0.96484375,0.10516357421875,0.22930908203125,0.07342529296875,0.98870849609375,-0.0538330078125,-0.0059814453125,0.13934326171875,0.89794921875,-0.4058837890625,0.0146484375,0.16925048828125
45,0.78375244140625,0.0062255859375,-0.6104736328125,-0.11358642578125,0.76171875,0.60516357421875,0.23077392578125,0.01593017578125,0.48956298828125,-0.04632568359375,0.86492919921875,0.10028076171875,0.96478271484375,0.1051025390625,0.2294921875,0.07342529296875,0.98870849609375,-0.05389404296875,-0.00579833984375,0.139404296875,0.89794921875,-0.4058837890625,0.01470947265625,0.16925048828125
46,0.78375244140625,0.0062255859375,-0.6104736328125,-0.11358642578125,0.76171875,0.60516357421875,0.23077392578125,0.01593017578125,0.4893798828125,-0.0462646484375,0.86492919921875,0.10089111328125,0.96478271484375,0.1051025390625,0.2294921875,0.07342529296875,0.98870849609375,-0.05389404296875,-0.00579833984375,0.139404296875,0.89794921875,-0.4058837890625,0.014709472656249998,0.16925048828125
47,0.7838134765625,0.00634765625,-0.6104736328125,-0.11346435546875,0.761474609375,0.60528564453125,0.23114013671875,0.01617431640625,0.48944091796875,-0.04632568359375,0.86492919921875,0.1007080078125,0.96478271484375,0.1051025390625,0.22943115234375,0.073486328125,0.98870849609375,-0.05389404296875,-0.005859375,0.13934326171875,0.89794921875,-0.40594482421875,0.0146484375,0.169189453125
48,0.7838134765625,0.00634765625,-0.6104736328125,-0.11346435546875,0.761474609375,0.60528564453125,0.23114013671875,0.01617431640625,0.48941968834918476,-0.046304453974184784,0.8649398140285326,0.10072923743206522,0.96478271484375,0.1051025390625,0.22943115234375,0.073486328125,0.98870849609375,-0.05389404296875,-0.005859375,0.13934326171875,0.8979598335597826,-0.40592359459918476,0.01463782269021739,0.16915760869565216
49,0.7838134765625,0.0064697265625,-0.6104736328125,-0.11346435546875,0.7615966796875,0.6051025390625,0.23126220703125,0.0164794921875,0.48931884765625,-0.04632568359375,0.864990234375,0.10076904296875,0.9647216796875,0.1051025390625,0.22967529296875,0.0733642578125,0.98870849609375,-0.05389404296875,-0.00567626953125,0.1392822265625,0.89794921875,-0.4058837890625,0.0145263671875,0.1690673828125
50,0.7838134765625,0.0064697265625,-0.6104736328125,-0.11346435546875,0.7615966796875,0.6051025390625,0.23126220703125,0.0164794921875,0.48934007727581524,-0.046346913213315216,0.8649690047554348,0.10074781334918478,0.9647216796875,0.1051025390625,0.22967529296875,0.0733642578125,0.98870849609375,-0.05389404296875,-0.00567626953125,0.1392822265625,0.8979279891304348,-0.4059474779211957,0.014505137567934782,0.16910984205163043
51,0.78375244140625,0.00628662109375,-0.6104736328125,-0.11346435546875,0.761474609375,0.60528564453125,0.231201171875,0.0164794921875,0.4893798828125,-0.0462646484375,0.86492919921875,0.10076904296875,0.9647216796875,0.10504150390625,0.22967529296875,0.073486328125,0.98870849609375,-0.05401611328125,-0.005859375,0.13934326171875,0.89794921875,-0.40594482421875,0.0145263671875,0.16912841796875
52,0.78375244140625,0.00628662109375,-0.6104736328125,-0.11346435546875,0.761474609375,0.60528564453125,0.231201171875,0.0164794921875,0.48934803838315216,-0.0462646484375,0.86492919921875,0.10089642068614131,0.9647216796875,0.10504150390625,0.22967529296875,0.073486328125,0.98870849609375,-0.05401611328125,-0.005859375,0.13934326171875,0.8979810631793478,-0.4058811353600543,0.01462190047554348,0.16909657353940216
53,0.7838134765625,0.00640869140625,-0.6104736328125,-0.11346435546875,0.76129150390625,0.60546875,0.2313232421875,0.01641845703125,0.4893798828125,-0.04638671875,0.86492919921875,0.1009521484375,0.96466064453125,0.10498046875,0.22998046875,0.073486328125,0.98870849609375,-0.053955078125,-0.00555419921875,0.13934326171875,0.89794921875,-0.40594482421875,0.0146484375,0.16912841796875
54,0.7838134765625,0.00640869140625,-0.6104736328125,-0.11346435546875,0.76129150390625,0.60546875,0.2313232421875,0.01641845703125,0.48933742357336957,-0.046259341032608696,0.86492919921875,0.10103706691576086,0.96466064453125,0.10498046875,0.22998046875,0.073486328125,0.98870849609375,-0.053955078125,-0.00555419921875,0.13934326171875,0.8979916779891305,-0.40590236497961957,0.01456351902173913,0.16912841796875
55,0.78375244140625,0.0064697265625,-0.6104736328125,-0.11346435546875,0.76123046875,0.6055908203125,0.23126220703125,0.01641845703125,0.4892578125,-0.0462646484375,0.864990234375,0.10107421875,0.96466064453125,0.10491943359375,0.2301025390625,0.073486328125,0.98870849609375,-0.053955078125,-0.005615234375,0.1392822265625,0.89794921875,-0.4058837890625,0.0145263671875,0.169189453125
56,0.78375244140625,0.0064697265625,-0.6104736328125,-0.11346435546875,0.76123046875,0.6055908203125,0.23126220703125,0.01641845703125,0.48947010869565216,-0.04615850033967391,0.864884086277174,0.10107421875,0.96466064453125,0.10491943359375,0.2301025390625,0.073486328125,0.98870849609375,-0.053955078125,-0.005615234375,0.1392822265625,0.89794921875,-0.4058837890625,0.0145263671875,0.169189453125
57,0.78369140625,0.0064697265625,-0.610595703125,-0.113525390625,0.76116943359375,0.6055908203125,0.23126220703125,0.0164794921875,0.4893798828125,-0.04620361328125,0.86492919921875,0.10113525390625,0.9647216796875,0.10491943359375,0.22991943359375,0.073486328125,0.98876953125,-0.05389404296875,-0.005615234375,0.13916015625,0.89794921875,-0.40594482421875,0.0145263671875,0.169189453125
58,0.7836887525475543,0.006467072860054347,-0.6105983568274457,-0.11352804432744565,0.7611667798913043,0.6055934740149457,0.23126486073369565,0.016476838485054348,0.4894382642663043,-0.046078889266304345,0.86492919921875,0.10089376698369565,0.9647190259850543,0.10492208729619565,0.2299247409986413,0.07348102072010869,0.98876953125,-0.05389404296875,-0.0056072732676630405,0.13916015625,0.8979518724524457,-0.4059395168138587,0.014531674592391306,0.1691841457201087
59,0.78363037109375,0.00640869140625,-0.61065673828125,-0.11358642578125,0.7613525390625,0.60546875,0.23114013671875,0.0164794921875,0.4893798828125,-0.0460205078125,0.86492919921875,0.1009521484375,0.96466064453125,0.10498046875,0.23004150390625,0.0733642578125,0.98876953125,-0.05389404296875,-0.00543212890625,0.13916015625,0.89801025390625,-0.40582275390625,0.0146484375,0.1690673828125
60,0.78363037109375,0.006421959918478262,-0.61065673828125,-0.11358642578125,0.7613525390625,0.6054554814877717,0.23114013671875,0.0164794921875,0.4893798828125,-0.046094811480978264,0.86492919921875,0.10076904296875,0.96466064453125,0.10496720023777174,0.2300680409307065,0.07337752632472826,0.9887562627377717,-0.05389404296875,-0.005405591881793475,0.13917342476222827,0.8979969853940217,-0.40583602241847827,0.0146484375,0.16908065132472827
61,0.78363037109375,0.0064697265625,-0.61065673828125,-0.11358642578125,0.761474609375,0.60528564453125,0.23114013671875,0.0166015625,0.4893798828125,-0.046142578125,0.86492919921875,0.10076904296875,0.96466064453125,0.10491943359375,0.23016357421875,0.07342529296875,0.98870849609375,-0.05389404296875,-0.00531005859375,0.13922119140625,0.89794921875,-0.4058837890625,0.0146484375,0.16912841796875
62,0.78363037109375,0.0064697265625,-0.61065673828125,-0.11358642578125,0.761474609375,0.60528564453125,0.23114013671875,0.0166015625,0.489501953125,-0.04608154296875,0.8648681640625,0.100830078125,0.96466064453125,0.10494331691576086,0.23011580757472827,0.07342529296875,0.9887323794157609,-0.05384627632472826,-0.005357825237771741,0.13917342476222827,0.8979731020720109,-0.40585990574048914,0.01460067085597826,0.16908065132472827
63,0.78363037109375,0.0064697265625,-0.61065673828125,-0.11358642578125,0.761474609375,0.605224609375,0.231201171875,0.0167236328125,0.489501953125,-0.04608154296875,0.8648681640625,0.100830078125,0.96466064453125,0.10498046875,0.23004150390625,0.07342529296875,0.98876953125,-0.05377197265625,-0.00543212890625,0.13909912109375,0.89801025390625,-0.40582275390625,0.0145263671875,0.16900634765625
64,0.78363037109375,0.006504224694293479,-0.61065673828125,-0.11358642578125,0.7615091075067935,0.6051901112432065,0.2312356700067935,0.01675813094429348,0.48956298828125,-0.04636018172554348,0.86480712890625,0.10076904296875,0.96466064453125,0.10498046875,0.23004150390625,0.07342529296875,0.98876953125,-0.05377197265625,-0.005501125169836958,0.1391336192255435,0.89801025390625,-0.40582275390625,0.014422872792119564,0.16900634765625
65,0.78363037109375,0.00653076171875,-0.61065673828125,-0.11358642578125,0.76171875,0.60498046875,0.231201171875,0.016845703125,0.48956298828125,-0.04638671875,0.86480712890625,0.10076904296875,0.96466064453125,0.10498046875,0.23004150390625,0.07342529296875,0.98876953125,-0.05377197265625,-0.00555419921875,0.13916015625,0.89801025390625,-0.40582275390625,0.01434326171875,0.16900634765625
66,0.783585258152174,0.00653076171875,-0.61065673828125,-0.11358642578125,0.76171875,0.60498046875,0.23124628481657608,0.016845703125,0.4896399456521739,-0.04644775390625,0.86480712890625,0.10052490234375,0.96466064453125,0.10502558169157608,0.23013172978940216,0.07338018002717392,0.98876953125,-0.05372685971467391,-0.005463973335597825,0.13916015625,0.898055366847826,-0.4057776409646739,0.014388374660326088,0.16900634765625
67,0.7835693359375,0.00653076171875,-0.61065673828125,-0.11358642578125,0.76190185546875,0.604736328125,0.23114013671875,0.01690673828125,0.4896240234375,-0.04644775390625,0.86480712890625,0.10052490234375,0.96466064453125,0.10504150390625,0.23016357421875,0.0733642578125,0.98876953125,-0.0537109375,-0.00543212890625,0.13916015625,0.8980712890625,-0.40576171875,0.014404296875,0.16900634765625
68,0.7835693359375,0.006642217221467391,-0.6107124660326086,-0.11358642578125,0.762069038722826,0.604569144870924,0.2310844089673913,0.016851010529891304,0.48968505859375,-0.04674231487771739,0.86480712890625,0.10034710427989131,0.964599609375,0.10499108355978261,0.2302803371263587,0.0733642578125,0.98876953125,-0.0537109375,-0.005264945652173914,0.13916015625,0.8980765964673914,-0.4057511039402174,0.014521059782608696,0.1690010402513587
69,0.7835693359375,0.00665283203125,-0.6107177734375,-0.11358642578125,0.7620849609375,0.60455322265625,0.2310791015625,0.016845703125,0.48968505859375,-0.0467529296875,0.86480712890625,0.100341796875,0.964599609375,0.10498046875,0.23028564453125,0.0733642578125,0.98876953125,-0.0537109375,-0.0052490234375,0.13916015625,0.8980712890625,-0.40576171875,0.0145263671875,0.16900634765625
70,0.7835693359375,0.00677490234375,-0.6107177734375,-0.1136474609375,0.7620955757472826,0.6044868800951086,0.23112952190896738,0.01690673828125,0.48980712890625,-0.04693603515625,0.86474609375,0.100341796875,0.964599609375,0.10504150390625,0.2303466796875,0.0733642578125,0.98876953125,-0.05375605044157609,-0.005254330842391305,0.13926630434782608,0.8980712890625,-0.40570068359375,0.0142822265625,0.16900634765625
71,0.7835693359375,0.00677490234375,-0.6107177734375,-0.1136474609375,0.76220703125,0.60443115234375,0.23101806640625,0.01690673828125,0.48980712890625,-0.04693603515625,0.86474609375,0.100341796875,0.964599609375,0.10504150390625,0.2303466796875,0.0733642578125,0.98876953125,-0.0535888671875,-0.00531005859375,0.13909912109375,0.8980712890625,-0.40570068359375,0.0142822265625,0.16900634765625
72,0.7835693359375,0.00689697265625,-0.6107177734375,-0.1136474609375,0.762283988620924,0.60430908203125,0.23100214419157608,0.016951851222826088,0.48992919921875,-0.047119140625,0.8646240234375,0.100341796875,0.964599609375,0.10498046875,0.23040771484375,0.07330322265625,0.98876953125,-0.0537109375,-0.005262291949728259,0.13922119140625,0.89801025390625,-0.40582275390625,0.014404296875,0.16900634765625
73,0.7835693359375,0.00689697265625,-0.6107177734375,-0.1136474609375,0.7623291015625,0.60430908203125,0.23095703125,0.01690673828125,0.48992919921875,-0.047119140625,0.8646240234375,0.100341796875,0.964599609375,0.10498046875,0.23040771484375,0.07330322265625,0.98876953125,-0.0537109375,-0.005126953125,0.13922119140625,0.89801025390625,-0.40582275390625,0.014404296875,0.16900634765625
74,0.7835693359375,0.00689697265625,-0.6107177734375,-0.1136474609375,0.7623291015625,0.60430908203125,0.2309304942255435,0.01690673828125,0.4898681640625,-0.04730224609375,0.86468505859375,0.10028076171875,0.96453857421875,0.10498046875,0.23065185546875,0.07330322265625,0.98876953125,-0.0537109375,-0.0052065641983695685,0.13922119140625,0.89801025390625,-0.40582275390625,0.014404296875,0.16912841796875
75,0.7835693359375,0.00689697265625,-0.6107177734375,-0.1136474609375,0.7623291015625,0.60430908203125,0.23089599609375,0.01690673828125,0.4898681640625,-0.04730224609375,0.86468505859375,0.10028076171875,0.96453857421875,0.10498046875,0.23065185546875,0.07330322265625,0.98876953125,-0.0537109375,-0.00531005859375,0.13922119140625,0.89801025390625,-0.40582275390625,0.014404296875,0.16912841796875
76,0.78350830078125,0.00689697265625,-0.61077880859375,-0.11358642578125,0.7623291015625,0.6042851987092391,0.23085884425951086,0.01692000679347826,0.489990234375,-0.04730224609375,0.86456298828125,0.10028076171875,0.964599609375,0.10498046875,0.23046875,0.07330322265625,0.98876953125,-0.053636633831521736,-0.005262291949728261,0.13912300441576086,0.8980712890625,-0.40576171875,0.01434326171875,0.1690673828125
77,0.78350830078125,0.00689697265625,-0.61077880859375,-0.11358642578125,0.7623291015625,0.60430908203125,0.2308349609375,0.0169677734375,0.489990234375,-0.04730224609375,0.86456298828125,0.10028076171875,0.964599609375,0.10498046875,0.23046875,0.07330322265625,0.98876953125,-0.0535888671875,-0.00531005859375,0.13909912109375,0.8980712890625,-0.40576171875,0.01434326171875,0.1690673828125
78,0.7835693359375,0.00701904296875,-0.6107177734375,-0.11346435546875,0.7623556385869565,0.6042347783627717,0.23085619055706522,0.01687224014945652,0.4901123046875,-0.04730224609375,0.864501953125,0.10028076171875,0.96453857421875,0.10498046875,0.2305908203125,0.07330322265625,0.98876953125,-0.053724206012228264,-0.005336595618206521,0.1391336192255435,0.8980712890625,-0.40576171875,0.014404296875,0.16900634765625
79,0.7835693359375,0.00701904296875,-0.6107177734375,-0.11346435546875,0.7623291015625,0.604248046875,0.23089599609375,0.016845703125,0.4901123046875,-0.04730224609375,0.864501953125,0.10028076171875,0.96453857421875,0.10498046875,0.2305908203125,0.07330322265625,0.98876953125,-0.0537109375,-0.00531005859375,0.13916015625,0.8980712890625,-0.40576171875,0.014404296875,0.16900634765625
80,0.78369140625,0.00714111328125,-0.610595703125,-0.1134033203125,0.762451171875,0.6040675951086957,0.23106583305027173,0.01690673828125,0.4901123046875,-0.0474853515625,0.864501953125,0.100341796875,0.96453857421875,0.1048583984375,0.2305908203125,0.073486328125,0.9887111497961957,-0.053716244904891304,-0.005376401154891303,0.1393379543138587,0.89801025390625,-0.40576171875,0.01422119140625,0.16912841796875
81,0.78369140625,0.00714111328125,-0.610595703125,-0.1134033203125,0.762451171875,0.60406494140625,0.2310791015625,0.01690673828125,0.4901096509850543,-0.04748800526494565,0.8645046068274457,0.100341796875,0.9645359205163043,0.1048583984375,0.23059878141983695,0.073486328125,0.98870849609375,-0.0537109375,-0.00537109375,0.13934326171875,0.89801025390625,-0.40576171875,0.01422119140625,0.16912841796875
82,0.78375244140625,0.0072021484375,-0.61053466796875,-0.11334228515625,0.7625732421875,0.6038818359375,0.2310791015625,0.016845703125,0.4901123046875,-0.047607421875,0.864501953125,0.1002197265625,0.96453857421875,0.10479736328125,0.230712890625,0.07342529296875,0.98870849609375,-0.05377197265625,-0.0052490234375,0.139404296875,0.89801025390625,-0.4058837890625,0.01434326171875,0.16912841796875
83,0.78375244140625,0.0072021484375,-0.61053466796875,-0.11334228515625,0.7625732421875,0.6038818359375,0.2310791015625,0.016845703125,0.49013884171195654,-0.047620690387228264,0.8644886846127717,0.10020645805027174,0.96453857421875,0.10479736328125,0.230712890625,0.07342529296875,0.98870849609375,-0.05377197265625,-0.0052490234375,0.139404296875,0.89801025390625,-0.4058837890625,0.01434326171875,0.16912841796875
84,0.78375244140625,0.0072021484375,-0.61053466796875,-0.11334228515625,0.76275634765625,0.60369873046875,0.23089599609375,0.0169677734375,0.490234375,-0.04766845703125,0.86444091796875,0.10015869140625,0.96453857421875,0.10479736328125,0.230712890625,0.07342529296875,0.98870849609375,-0.05389404296875,-0.00537109375,0.13934326171875,0.89801025390625,-0.40582275390625,0.01422119140625,0.16900634765625
85,0.78375244140625,0.0072021484375,-0.61053466796875,-0.11334228515625,0.76275634765625,0.60369873046875,0.23089599609375,0.0169677734375,0.4903060249660326,-0.04764457370923913,0.8644170346467391,0.10008704144021739,0.9645624575407609,0.10472571331521739,0.23066512398097827,0.07342529296875,0.98870849609375,-0.05389404296875,-0.00537109375,0.13934326171875,0.89801025390625,-0.40582275390625,0.01422119140625,0.16900634765625
86,0.78369140625,0.00701904296875,-0.610595703125,-0.11334228515625,0.76275634765625,0.603759765625,0.2308349609375,0.016845703125,0.4903564453125,-0.04742431640625,0.8643798828125,0.10003662109375,0.96453857421875,0.10479736328125,0.230712890625,0.0733642578125,0.98876953125,-0.0538330078125,-0.0052490234375,0.1392822265625,0.89801025390625,-0.40582275390625,0.0145263671875,0.16900634765625
87,0.78369140625,0.00701904296875,-0.610595703125,-0.11334228515625,0.76275634765625,0.603759765625,0.2308349609375,0.016845703125,0.49045993970788043,-0.04742431640625,0.8643453846807065,0.10003662109375,0.96453857421875,0.10476286514945653,0.2307473887567935,0.07339875594429347,0.98876953125,-0.0538330078125,-0.0052490234375,0.1392822265625,0.89801025390625,-0.40582275390625,0.0145263671875,0.16900634765625
88,0.78375244140625,0.0069580078125,-0.610595703125,-0.11334228515625,0.76275634765625,0.60382080078125,0.23077392578125,0.01678466796875,0.4906005859375,-0.04736328125,0.8642578125,0.10003662109375,0.96453857421875,0.10479736328125,0.230712890625,0.07342529296875,0.98870849609375,-0.05364990234375,-0.00518798828125,0.13934326171875,0.8980712890625,-0.40570068359375,0.0142822265625,0.16912841796875
89,0.78375244140625,0.0069580078125,-0.610595703125,-0.11334228515625,0.76275634765625,0.60382080078125,0.23077392578125,0.01678466796875,0.4905554729959239,-0.04740839419157609,0.864302925441576,0.10012684697690218,0.964493461277174,0.10479736328125,0.23093845533288043,0.07347040591032608,0.98870849609375,-0.05364990234375,-0.00518798828125,0.13934326171875,0.8980712890625,-0.40570068359375,0.0142822265625,0.16912841796875
90,0.78375244140625,0.007080078125,-0.61053466796875,-0.11328125,0.76275634765625,0.603759765625,0.2308349609375,0.01678466796875,0.49053955078125,-0.04754638671875,0.8642578125,0.10003662109375,0.9644775390625,0.10467529296875,0.23095703125,0.073486328125,0.98870849609375,-0.0537109375,-0.00518798828125,0.139404296875,0.89801025390625,-0.40582275390625,0.01434326171875,0.1690673828125
91,0.78375244140625,0.007080078125,-0.61053466796875,-0.1132255222486413,0.7628120754076086,0.6037040378736414,0.2308349609375,0.016728940217391304,0.4905952785326087,-0.04754638671875,0.8642578125,0.10003662109375,0.9644775390625,0.10467529296875,0.2310791015625,0.0734306003736413,0.98870849609375,-0.053766665251358696,-0.00518798828125,0.1393485691236413,0.89801025390625,-0.40582275390625,0.01434326171875,0.1690673828125
92,0.78375244140625,0.007080078125,-0.61053466796875,-0.11322021484375,0.76287841796875,0.60357666015625,0.23095703125,0.01678466796875,0.4906005859375,-0.04754638671875,0.8642578125,0.10003662109375,0.9644775390625,0.10467529296875,0.2310791015625,0.07342529296875,0.98870849609375,-0.05377197265625,-0.005126953125,0.13934326171875,0.89801025390625,-0.40576171875,0.0142822265625,0.1690673828125
93,0.7838134765625,0.0069580078125,-0.6104736328125,-0.11322021484375,0.76287841796875,0.6036376953125,0.2308349609375,0.01678466796875,0.49066162109375,-0.047607421875,0.86419677734375,0.10003662109375,0.96441650390625,0.1046142578125,0.2310791015625,0.07354736328125,0.98876953125,-0.05364990234375,-0.00518798828125,0.1392822265625,0.8980659816576086,-0.4057059909986413,0.0142822265625,0.16902226987092392
94,0.7838134765625,0.0069580078125,-0.6104736328125,-0.11322021484375,0.76287841796875,0.60357666015625,0.23101806640625,0.016845703125,0.49066162109375,-0.047607421875,0.86419677734375,0.10003662109375,0.96441650390625,0.1046142578125,0.2310791015625,0.07354736328125,0.98870849609375,-0.0537109375,-0.005126953125,0.1395263671875,0.89801025390625,-0.40576171875,0.0142822265625,0.169189453125
95,0.783935546875,0.0069580078125,-0.6103515625,-0.1131591796875,0.762939453125,0.60357666015625,0.2308349609375,0.01690673828125,0.49072265625,-0.04766845703125,0.8641357421875,0.10009765625,0.9644775390625,0.10455322265625,0.2310791015625,0.07354736328125,0.98870849609375,-0.05377197265625,-0.00531005859375,0.13946533203125,0.89801025390625,-0.40582275390625,0.014207922894021745,0.16908330502717392
96,0.783935546875,0.0069580078125,-0.6103515625,-0.1131591796875,0.76287841796875,0.60357666015625,0.23095703125,0.016845703125,0.49072265625,-0.04766845703125,0.8641357421875,0.10009765625,0.9644775390625,0.10455322265625,0.2310791015625,0.07354736328125,0.98870849609375,-0.05377197265625,-0.00506591796875,0.1395263671875,0.89801025390625,-0.40582275390625,0.01434326171875,0.16912841796875
97,0.78399658203125,0.0069580078125,-0.61029052734375,-0.1131591796875,0.76287841796875,0.60357666015625,0.23089599609375,0.01690673828125,0.49072265625,-0.047607421875,0.86419677734375,0.10009765625,0.96441650390625,0.10455322265625,0.23126220703125,0.07354736328125,0.98870849609375,-0.05377197265625,-0.00518798828125,0.1395263671875,0.89801025390625,-0.40582275390625,0.014300802479619573,0.1690408457880435
98,0.78399658203125,0.0069580078125,-0.61029052734375,-0.1131591796875,0.76287841796875,0.60357666015625,0.23089599609375,0.016845703125,0.49072265625,-0.047607421875,0.86419677734375,0.10009765625,0.96441650390625,0.10455322265625,0.23126220703125,0.07354736328125,0.98870849609375,-0.05377197265625,-0.0050048828125,0.1395263671875,0.89801025390625,-0.40582275390625,0.014404296875,0.16900634765625
99,0.78399658203125,0.00689697265625,-0.6102294921875,-0.11322021484375,0.76287841796875,0.6036376953125,0.23089599609375,0.01690673828125,0.49078369140625,-0.04736328125,0.8641357421875,0.10015869140625,0.96441650390625,0.10443115234375,0.23138427734375,0.0736083984375,0.98870849609375,-0.0537109375,-0.00506591796875,0.1395263671875,0.8980712890625,-0.40576171875,0.01441756538722826,0.16893204398777173
100,0.78399658203125,0.00689697265625,-0.6102294921875,-0.11322021484375,0.7628173828125,0.6036376953125,0.23089599609375,0.0169677734375,0.49078369140625,-0.04736328125,0.8641357421875,0.10015869140625,0.96441650390625,0.10443115234375,0.23138427734375,0.0736083984375,0.98870849609375,-0.05377197265625,-0.0048828125,0.13946533203125,0.8980712890625,-0.40576171875,0.01446533203125,0.16888427734375
101,0.78399658203125,0.0069580078125,-0.6102294921875,-0.11328125,0.7628173828125,0.6036376953125,0.23095703125,0.01702880859375,0.4908447265625,-0.04742431640625,0.8641357421875,0.10015869140625,0.96435546875,0.1043701171875,0.2314453125,0.0736083984375,0.98870849609375,-0.05377197265625,-0.00494384765625,0.1395263671875,0.8980712890625,-0.40577498726222827,0.014595363451086958,0.1688497792119565
102,0.78399658203125,0.0069580078125,-0.6102294921875,-0.11328125,0.76287841796875,0.60357666015625,0.23089599609375,0.0169677734375,0.4908447265625,-0.04742431640625,0.8641357421875,0.10015869140625,0.96435546875,0.10442319123641304,0.23155146059782608,0.07355532438858696,0.98870849609375,-0.05377197265625,-0.0047607421875,0.1395263671875,0.8980712890625,-0.40576171875,0.0146484375,0.1688232421875
103,0.7840576171875,0.0069580078125,-0.61016845703125,-0.11322021484375,0.76287841796875,0.60357666015625,0.2308349609375,0.0169677734375,0.49090576171875,-0.04730224609375,0.86407470703125,0.10009765625,0.96435546875,0.10443115234375,0.23150634765625,0.073486328125,0.98870849609375,-0.0538330078125,-0.0048828125,0.13946533203125,0.8980712890625,-0.4057643724524457,0.014645783797554348,0.1688789699388587
104,0.7840602708899457,0.006955354110054348,-0.6101631496263586,-0.11321756114130435,0.7628810716711957,0.6035182787024457,0.2309517238451087,0.01702880859375,0.4909084154211957,-0.04730489979619565,0.86407470703125,0.10010030995244565,0.96435546875,0.10437277088994565,0.2315620754076087,0.07372781504755435,0.98870849609375,-0.0537109375,-0.004888119904891303,0.1396431300951087,0.8980712890625,-0.40576171875,0.014645783797554348,0.1688789699388587
105,0.78411865234375,0.00689697265625,-0.61004638671875,-0.1131591796875,0.762939453125,0.6035686990489131,0.23085088315217392,0.01705269191576087,0.490966796875,-0.04736328125,0.86407470703125,0.10015869140625,0.96435546875,0.10443115234375,0.2314453125,0.07366943359375,0.98870849609375,-0.0537109375,-0.0050048828125,0.13955821161684784,0.8980712890625,-0.40576171875,0.014404296875,0.1689453125
106,0.7841319208559783,0.006883704144021739,-0.61004638671875,-0.11313264266304347,0.762939453125,0.603515625,0.23094376273777173,0.01719864555027174,0.49099333389945654,-0.04736328125,0.8640614385190217,0.10014542289402174,0.9643687372622283,0.1043701171875,0.23143204398777173,0.07382600203804347,0.98870849609375,-0.0537109375,-0.0050048828125,0.13973070227581522,0.8980712890625,-0.40576171875,0.01441756538722826,0.1689187754755435
107,0.7841796875,0.0068359375,-0.61004638671875,-0.113037109375,0.7629580290421195,0.6034784731657609,0.23091457201086957,0.017188030740489132,0.4910888671875,-0.04736328125,0.864013671875,0.10009765625,0.96441650390625,0.1043701171875,0.23138427734375,0.07373046875,0.9886899201766305,-0.05372951341711957,-0.0050048828125,0.1396431300951087,0.8980712890625,-0.40576171875,0.01446533203125,0.1689453125
108,0.7841558041779891,0.0068359375,-0.6100702700407609,-0.11301322605298914,0.76300048828125,0.6033935546875,0.23098091457201086,0.01722518257472826,0.4910888671875,-0.04738716457201087,0.8639897885529891,0.10012153957201086,0.96435546875,0.10430908203125,0.23146919582201086,0.07382865574048914,0.9886474609375,-0.05377197265625,-0.004957116168478261,0.13974662449048914,0.8980712890625,-0.40578560207201086,0.01451309867527174,0.1689453125
109,0.78411865234375,0.0068359375,-0.610107421875,-0.11297607421875,0.7630588697350543,0.6033351732336957,0.2309304942255435,0.017209260360054345,0.4910888671875,-0.04742431640625,0.86395263671875,0.10015869140625,0.96435546875,0.10430908203125,0.23150634765625,0.07379150390625,0.9886766516644022,-0.05377197265625,-0.004853621773097827,0.13970947265625,0.8980712890625,-0.40582275390625,0.01458740234375,0.1689453125
110,0.7840841542119565,0.006870435631793479,-0.6101419200067935,-0.11297607421875,0.76312255859375,0.6032369862432065,0.23090395720108695,0.01723845108695652,0.49112336531929346,-0.04745881453804348,0.86395263671875,0.10008969514266304,0.96435546875,0.10433561905570653,0.2315408457880435,0.07376496688179347,0.9886739979619565,-0.05377197265625,-0.004787279211956521,0.1397439707880435,0.8980367909307065,-0.40582275390625,0.014621900475543478,0.1689798106317935
111,0.7840576171875,0.00689697265625,-0.61016845703125,-0.11297607421875,0.7631623641304348,0.60321044921875,0.23091722571331522,0.017331330672554345,0.49114990234375,-0.0474853515625,0.86395263671875,0.10003662109375,0.96435546875,0.10430908203125,0.2315673828125,0.07379150390625,0.9886872664741848,-0.053732167119565216,-0.004641325577445655,0.13973070227581522,0.8980712890625,-0.40576171875,0.01458740234375,0.16888427734375
112,0.7840576171875,0.006942085597826087,-0.610213569972826,-0.11293096127717392,0.76318359375,0.603165336277174,0.23089599609375,0.017349906589673912,0.4911950152853261,-0.04744023862092391,0.863907523777174,0.09999150815217392,0.96429443359375,0.10432500424592392,0.23173456606657608,0.07366943359375,0.98870849609375,-0.05375605044157609,-0.004532523777173913,0.13970947265625,0.8980712890625,-0.4058068316915761,0.014632515285326088,0.16892939028532608
113,0.7840576171875,0.0069580078125,-0.6102294921875,-0.1129150390625,0.76318359375,0.6031494140625,0.23089599609375,0.017333984375,0.4912109375,-0.04742431640625,0.8638916015625,0.0999755859375,0.96429443359375,0.10430908203125,0.23175048828125,0.07366943359375,0.98870849609375,-0.05372155230978261,-0.004466181216032609,0.13960863196331522,0.8980712890625,-0.40570068359375,0.0145263671875,0.1689453125
114,0.7840576171875,0.007013735563858694,-0.6102294921875,-0.1129150390625,0.76318359375,0.6031547214673914,0.23095703125,0.01739501953125,0.4912666652513587,-0.04742431640625,0.8638916015625,0.10008704144021739,0.96429443359375,0.10431438943614131,0.2318115234375,0.07372516134510869,0.98870849609375,-0.053766665251358696,-0.00445556640625,0.1396431300951087,0.8980712890625,-0.4057564113451087,0.014470639436141306,0.1689453125
115,0.7840576171875,0.00701904296875,-0.6102294921875,-0.1129150390625,0.76318359375,0.6031494140625,0.23095703125,0.01739501953125,0.49127197265625,-0.04742431640625,0.8638916015625,0.10009765625,0.96429443359375,0.10430908203125,0.2318115234375,0.07373046875,0.98870849609375,-0.0537109375,-0.00433349609375,0.13970947265625,0.8980712890625,-0.40570068359375,0.01446533203125,0.1689453125
116,0.78399658203125,0.00701904296875,-0.61029052734375,-0.11285400390625,0.76318359375,0.6031494140625,0.23101806640625,0.017333984375,0.49127197265625,-0.0474853515625,0.8638916015625,0.10003662109375,0.9642333984375,0.10418701171875,0.23211669921875,0.07366943359375,0.98870849609375,-0.05377197265625,-0.0042724609375,0.1396484375,0.8980712890625,-0.40570068359375,0.0145263671875,0.1689453125
117,0.78399658203125,0.00701904296875,-0.61029052734375,-0.11285400390625,0.76318359375,0.6031494140625,0.23100745159646738,0.017355213994565223,0.49127197265625,-0.0474853515625,0.8638916015625,0.10003662109375,0.9642333984375,0.10418701171875,0.23209546959918478,0.07369066321331523,0.98870849609375,-0.0537109375,-0.00433349609375,0.13970947265625,0.8980712890625,-0.40576171875,0.0146484375,0.16900634765625
118,0.783935546875,0.0069580078125,-0.61041259765625,-0.11279296875,0.76318359375,0.6031494140625,0.23101806640625,0.01727294921875,0.49139404296875,-0.04736328125,0.86383056640625,0.0999755859375,0.9642333984375,0.104248046875,0.23211669921875,0.07366943359375,0.98870849609375,-0.0537109375,-0.00421142578125,0.1396484375,0.8980712890625,-0.40570068359375,0.0147705078125,0.16900634765625
119,0.783935546875,0.0069580078125,-0.61041259765625,-0.11279296875,0.7632048233695652,0.6031494140625,0.23097560716711957,0.017315408457880436,0.49139404296875,-0.04736328125,0.86383056640625,0.0999755859375,0.9642333984375,0.10426927649456522,0.23209546959918478,0.07366943359375,0.98870849609375,-0.0535888671875,-0.00433349609375,0.13958740234375,0.89813232421875,-0.4056396484375,0.01446533203125,0.1689453125
120,0.78387451171875,0.007080078125,-0.6104736328125,-0.11273193359375,0.7633056640625,0.60302734375,0.23095703125,0.01739501953125,0.49139404296875,-0.0474853515625,0.86383056640625,0.0999755859375,0.9642333984375,0.10418701171875,0.23211669921875,0.07366943359375,0.98870849609375,-0.0537109375,-0.00421142578125,0.13958740234375,0.8980712890625,-0.40576171875,0.01458740234375,0.16900634765625
121,0.78387451171875,0.007080078125,-0.6104736328125,-0.11273193359375,0.7633056640625,0.60302734375,0.23095703125,0.017458708389945655,0.49139404296875,-0.0474853515625,0.86383056640625,0.0999755859375,0.9642333984375,0.10421885614809782,0.23214854364809784,0.07370127802309782,0.98870849609375,-0.0535888671875,-0.0042724609375,0.13958740234375,0.89813232421875,-0.4056396484375,0.01446533203125,0.1689453125
122,0.78387451171875,0.00714111328125,-0.6104736328125,-0.1126708984375,0.76336669921875,0.60296630859375,0.23095703125,0.0174560546875,0.491455078125,-0.0474853515625,0.86376953125,0.0999755859375,0.9642333984375,0.1041259765625,0.232177734375,0.07366943359375,0.98870849609375,-0.05364990234375,-0.0042724609375,0.13958740234375,0.8980712890625,-0.40570068359375,0.0145263671875,0.1689453125
123,0.78387451171875,0.00714111328125,-0.6104736328125,-0.1126708984375,0.7633242399796195,0.6030087678328805,0.23091457201086957,0.01754097316576087,0.491455078125,-0.0474853515625,0.86376953125,0.0999755859375,0.9642333984375,0.1041259765625,0.23213527513586957,0.07375435207201088,0.98870849609375,-0.05364990234375,-0.0045166015625,0.1395263671875,0.8980712890625,-0.40576171875,0.01434326171875,0.16900634765625
124,0.7838134765625,0.00714111328125,-0.610595703125,-0.1126708984375,0.76324462890625,0.60302734375,0.23101806640625,0.01751708984375,0.491455078125,-0.04742431640625,0.86376953125,0.10009765625,0.9642333984375,0.1041259765625,0.23223876953125,0.07379150390625,0.98870849609375,-0.05364990234375,-0.00439453125,0.1395263671875,0.8980712890625,-0.40570068359375,0.01446533203125,0.1690673828125
125,0.7838134765625,0.00714111328125,-0.610595703125,-0.1126708984375,0.76324462890625,0.603133491847826,0.23085884425951086,0.01751708984375,0.491455078125,-0.04742431640625,0.86376953125,0.10009765625,0.9642333984375,0.1041259765625,0.23223876953125,0.0736853558084239,0.98870849609375,-0.0537109375,-0.00421142578125,0.1395263671875,0.8980712890625,-0.40570068359375,0.01458740234375,0.16888427734375
126,0.78375244140625,0.0072021484375,-0.61065673828125,-0.11273193359375,0.76324462890625,0.60308837890625,0.23095703125,0.01751708984375,0.491455078125,-0.04730224609375,0.86376953125,0.10015869140625,0.96417236328125,0.1041259765625,0.23236083984375,0.07373046875,0.98870849609375,-0.0537109375,-0.004150390625,0.13958740234375,0.8980712890625,-0.40570068359375,0.01458740234375,0.16900634765625
127,0.7837471340013586,0.007204802139945655,-0.6106593919836957,-0.11273458729619565,0.76318359375,0.6031467603600543,0.23096499235733697,0.01763916015625,0.491455078125,-0.04730755349864131,0.86376953125,0.10015869140625,0.96417236328125,0.1041259765625,0.2323051120923913,0.07367208729619565,0.98870849609375,-0.0537109375,-0.004145083220108691,0.1395316745923913,0.8980712890625,-0.40576171875,0.014590056046195654,0.1688895847486413
128,0.78363037109375,0.00726318359375,-0.6107177734375,-0.11279296875,0.76318359375,0.60308837890625,0.23114013671875,0.01763916015625,0.491455078125,-0.04742431640625,0.86376953125,0.10015869140625,0.96417236328125,0.1041259765625,0.232421875,0.07373046875,0.98870849609375,-0.0537109375,-0.0040283203125,0.1396484375,0.8980712890625,-0.40576171875,0.014624554177989127,0.16899042544157608
129,0.7836171025815217,0.00726318359375,-0.6107443104619565,-0.11283277428668478,0.7633534307065217,0.6029185419497283,0.23099683678668478,0.01765242866847826,0.49146834663722827,-0.047464121942934784,0.86376953125,0.10014542289402174,0.9642201299252717,0.10413924507472826,0.2323263417119565,0.07358716881793478,0.98870849609375,-0.05368440047554348,-0.004062818444293479,0.13938306725543478,0.8980712890625,-0.40573518172554346,0.01447860054347826,0.16892408288043478
130,0.7835693359375,0.00726318359375,-0.61083984375,-0.11297607421875,0.7633056640625,0.60296630859375,0.23114013671875,0.0177001953125,0.49151611328125,-0.047607421875,0.86376953125,0.10009765625,0.96417236328125,0.10418701171875,0.232421875,0.07373046875,0.98870849609375,-0.0535888671875,-0.00396728515625,0.1395263671875,0.8980527131453805,-0.4056953761888587,0.014544943104619566,0.16904880689538043
131,0.7835454526154891,0.00723930027173913,-0.6108637270720109,-0.11299995754076086,0.7634038510529891,0.6028681216032609,0.23100479789402173,0.017737347146739132,0.49153999660326086,-0.04758353855298913,0.8637456479279891,0.10009765625,0.96417236328125,0.10411270805027174,0.23238472316576086,0.07375435207201086,0.98870849609375,-0.053663170855978264,-0.00394340183423913,0.1395263671875,0.8980341372282609,-0.40579887058423914,0.01461128566576087,0.16903023097826086
132,0.78350830078125,0.0072021484375,-0.61090087890625,-0.113037109375,0.76336669921875,0.6029052734375,0.2310791015625,0.0177001953125,0.4915771484375,-0.04754638671875,0.86370849609375,0.10009765625,0.96417236328125,0.10418701171875,0.232421875,0.07379150390625,0.98870849609375,-0.0535888671875,-0.00390625,0.1395263671875,0.8980712890625,-0.40576171875,0.014619246773097826,0.1689506199048913
133,0.7834738026494565,0.007236646569293479,-0.6109353770380435,-0.113037109375,0.763427734375,0.6028097401494565,0.2310525645380435,0.01776123046875,0.4915771484375,-0.04754638671875,0.86370849609375,0.10009765625,0.96417236328125,0.10415251358695653,0.23242983610733695,0.0736083984375,0.98870849609375,-0.05368440047554348,-0.003749681555706521,0.1394387950067935,0.8980712890625,-0.40576171875,0.014621900475543478,0.16889223845108695
134,0.783447265625,0.00726318359375,-0.6109619140625,-0.113037109375,0.763427734375,0.602783203125,0.2310791015625,0.01776123046875,0.4915771484375,-0.04754638671875,0.86370849609375,0.10009765625,0.96417236328125,0.1041259765625,0.23248291015625,0.0736083984375,0.98870849609375,-0.0537109375,-0.00372314453125,0.13946533203125,0.8980314835258152,-0.40580152428668476,0.014608631963315218,0.1689453125
135,0.783447265625,0.007218070652173912,-0.6109619140625,-0.113037109375,0.763443656589674,0.602767280910326,0.23103398862092392,0.01776123046875,0.4915771484375,-0.04759149966032609,0.86370849609375,0.10009765625,0.96417236328125,0.1041100543478261,0.23248291015625,0.0736243206521739,0.98870849609375,-0.05366582455842391,-0.00390625,0.13946533203125,0.898055366847826,-0.4057776409646739,0.014632515285326088,0.1689453125
136,0.783447265625,0.0072021484375,-0.6109619140625,-0.113037109375,0.763427734375,0.602783203125,0.23101806640625,0.01776123046875,0.4915771484375,-0.047607421875,0.86370849609375,0.10009765625,0.96417236328125,0.1041259765625,0.23248291015625,0.0736083984375,0.98870849609375,-0.05364990234375,-0.00390625,0.13946533203125,0.8980712890625,-0.40576171875,0.014497176460597828,0.16889489215353262
137,0.7833915378736414,0.0072021484375,-0.6110176418138586,-0.113037109375,0.76336669921875,0.6029052734375,0.2311348293138587,0.017822265625,0.4915771484375,-0.04744023862092391,0.8636527683423914,0.1002648395040761,0.96417236328125,0.1041259765625,0.2325386379076087,0.0736083984375,0.98870849609375,-0.053594174592391304,-0.0037947944972826064,0.139404296875,0.8980712890625,-0.40576171875,0.014576787533967394,0.1689400050951087
138,0.78338623046875,0.0072021484375,-0.61102294921875,-0.113037109375,0.76336669921875,0.6029052734375,0.23114013671875,0.017822265625,0.4915771484375,-0.04742431640625,0.8636474609375,0.10028076171875,0.96417236328125,0.1041259765625,0.2325439453125,0.0736083984375,0.98870849609375,-0.0535888671875,-0.0037841796875,0.139404296875,0.8980712890625,-0.40576171875,0.01458740234375,0.1689453125
139,0.78338623046875,0.00726318359375,-0.611083984375,-0.11309814453125,0.7633056640625,0.6029052734375,0.23126220703125,0.01788330078125,0.49163818359375,-0.0474853515625,0.8636474609375,0.10040283203125,0.964111328125,0.104248046875,0.2325439453125,0.07366943359375,0.98876953125,-0.05352783203125,-0.00396728515625,0.13934326171875,0.8980712890625,-0.40570068359375,0.01446533203125,0.1689453125
140,0.78338623046875,0.00726318359375,-0.611083984375,-0.11309814453125,0.7633056640625,0.6029052734375,0.23126220703125,0.01788330078125,0.49163818359375,-0.0474853515625,0.8636474609375,0.10040283203125,0.964111328125,0.104248046875,0.2325439453125,0.07366943359375,0.98876953125,-0.05352783203125,-0.00396728515625,0.13934326171875,0.8980712890625,-0.4057112984035326,0.01445471722146739,0.16893469769021738
141,0.7833251953125,0.00726318359375,-0.61114501953125,-0.1131591796875,0.7633056640625,0.6029052734375,0.231201171875,0.01788330078125,0.49163818359375,-0.04742431640625,0.8636474609375,0.100341796875,0.964111328125,0.10418701171875,0.2325439453125,0.0736083984375,0.98876953125,-0.05364990234375,-0.00384521484375,0.13934326171875,0.8980712890625,-0.40576171875,0.01446533203125,0.16900634765625
142,0.7833251953125,0.00726318359375,-0.61114501953125,-0.1131591796875,0.7633056640625,0.6029052734375,0.231201171875,0.01788330078125,0.49163818359375,-0.04742431640625,0.8636474609375,0.100341796875,0.964111328125,0.10418701171875,0.2325439453125,0.0736083984375,0.98876953125,-0.05364990234375,-0.00384521484375,0.13934326171875,0.8980712890625,-0.40578294836956524,0.01446533203125,0.16894265879755435
143,0.78326416015625,0.00726318359375,-0.61114501953125,-0.11322021484375,0.76336669921875,0.60284423828125,0.231201171875,0.0179443359375,0.49169921875,-0.04736328125,0.8636474609375,0.10028076171875,0.964111328125,0.104248046875,0.23260498046875,0.0736083984375,0.98876953125,-0.0535888671875,-0.00384521484375,0.13934326171875,0.8980712890625,-0.40576171875,0.01446533203125,0.16888427734375
144,0.78326416015625,0.00726318359375,-0.61114501953125,-0.11322021484375,0.76336669921875,0.60284423828125,0.231201171875,0.0179443359375,0.49169921875,-0.04736328125,0.8636474609375,0.10028076171875,0.9641431725543478,0.10427989130434782,0.23254129161005435,0.07354470957880435,0.98876953125,-0.0535888671875,-0.00384521484375,0.13934326171875,0.8980712890625,-0.40576171875,0.014433487601902172,0.16882058848505435
145,0.783203125,0.0072021484375,-0.61126708984375,-0.11334228515625,0.7633056640625,0.60284423828125,0.2313232421875,0.01806640625,0.49169921875,-0.04736328125,0.8636474609375,0.10040283203125,0.964111328125,0.1043701171875,0.23260498046875,0.07354736328125,0.98876953125,-0.053466796875,-0.00372314453125,0.1392822265625,0.89813232421875,-0.4056396484375,0.0145263671875,0.1688232421875
146,0.783203125,0.0072021484375,-0.61126708984375,-0.11334228515625,0.7633056640625,0.60284423828125,0.2313232421875,0.01806640625,0.49169921875,-0.04736328125,0.8636474609375,0.10040283203125,0.964111328125,0.10432765794836957,0.23256252122961957,0.07346244480298912,0.98876953125,-0.053466796875,-0.00372314453125,0.1392822265625,0.8980898649796195,-0.40572456691576086,0.014611285665760873,0.1688232421875
147,0.783203125,0.0072021484375,-0.6112060546875,-0.11334228515625,0.7633056640625,0.6029052734375,0.23114013671875,0.01806640625,0.49176025390625,-0.0472412109375,0.86358642578125,0.10040283203125,0.96417236328125,0.10430908203125,0.23248291015625,0.07342529296875,0.98876953125,-0.05364990234375,-0.003662109375,0.1392822265625,0.8980712890625,-0.40576171875,0.01458740234375,0.1688232421875
148,0.783203125,0.0072021484375,-0.6112060546875,-0.11334228515625,0.7633056640625,0.6029052734375,0.23114013671875,0.01806640625,0.49176025390625,-0.0472412109375,0.86358642578125,0.10040283203125,0.9641192892323369,0.10430908203125,0.23274828040081522,0.07347836701766304,0.98876953125,-0.05364990234375,-0.003662109375,0.1392822265625,0.8981243631114131,-0.405708644701087,0.014640476392663046,0.1688232421875
149,0.7833251953125,0.00726318359375,-0.611083984375,-0.1134033203125,0.76324462890625,0.60296630859375,0.23114013671875,0.01806640625,0.49176025390625,-0.04736328125,0.863525390625,0.1005859375,0.964111328125,0.10430908203125,0.23260498046875,0.07354736328125,0.98876953125,-0.0535888671875,-0.003662109375,0.139404296875,0.8980712890625,-0.40570068359375,0.01446533203125,0.1688232421875
150,0.7833251953125,0.00726318359375,-0.611083984375,-0.1134033203125,0.76324462890625,0.6029636548913043,0.23114809782608697,0.018063752547554345,0.49176025390625,-0.04736328125,0.863525390625,0.1005859375,0.96405029296875,0.10430908203125,0.2327880859375,0.07354736328125,0.9887668775475543,-0.053586213485054345,-0.0036594556725543454,0.13940695057744565,0.89813232421875,-0.4056396484375,0.01446533203125,0.1688232421875
151,0.78338623046875,0.00726318359375,-0.6109619140625,-0.1134033203125,0.7633056640625,0.6029052734375,0.231201171875,0.01806640625,0.4918212890625,-0.0474853515625,0.86346435546875,0.1005859375,0.964111328125,0.10430908203125,0.232666015625,0.07354736328125,0.98876953125,-0.05352783203125,-0.00372314453125,0.139404296875,0.89813232421875,-0.40570068359375,0.014404296875,0.16876220703125
152,0.78338623046875,0.00726318359375,-0.6109619140625,-0.1134033203125,0.7633189325747283,0.6028787364130435,0.23121444038722827,0.01805313773777174,0.4918212890625,-0.0474853515625,0.86346435546875,0.1005859375,0.96405029296875,0.10430908203125,0.2327880859375,0.07354736328125,0.9887562627377717,-0.053541100543478264,-0.0036833389945652184,0.13941756538722827,0.89813232421875,-0.40570068359375,0.01458740234375,0.16876220703125
153,0.783447265625,0.00726318359375,-0.61090087890625,-0.11346435546875,0.76336669921875,0.602783203125,0.23126220703125,0.01812744140625,0.4918212890625,-0.04754638671875,0.863525390625,0.1004638671875,0.964111328125,0.10430908203125,0.23272705078125,0.0736083984375,0.98870849609375,-0.0535888671875,-0.003662109375,0.1395263671875,0.89813232421875,-0.40570068359375,0.01446533203125,0.16876220703125
154,0.783447265625,0.00726318359375,-0.61090087890625,-0.11346435546875,0.7633905825407609,0.6027354364809783,0.23126220703125,0.01810355808423913,0.4918212890625,-0.04754638671875,0.863525390625,0.1004638671875,0.96405029296875,0.104248046875,0.23297119140625,0.07354736328125,0.98870849609375,-0.0535888671875,-0.0035665760869565085,0.13955025050951086,0.89813232421875,-0.4056396484375,0.01458740234375,0.1688232421875
155,0.78350830078125,0.0072021484375,-0.61077880859375,-0.113525390625,0.763427734375,0.602783203125,0.231201171875,0.0181884765625,0.49188232421875,-0.0474853515625,0.86346435546875,0.10040283203125,0.96405029296875,0.1043701171875,0.23284912109375,0.0736083984375,0.98870849609375,-0.05352783203125,-0.00360107421875,0.13958740234375,0.898193359375,-0.40557861328125,0.01446533203125,0.16876220703125
156,0.78350830078125,0.0072021484375,-0.61077880859375,-0.113525390625,0.763427734375,0.602783203125,0.231201171875,0.0181884765625,0.49188232421875,-0.0474853515625,0.86346435546875,0.10040283203125,0.96405029296875,0.10430908203125,0.23297119140625,0.07354736328125,0.98870849609375,-0.05352783203125,-0.0034975798233695637,0.13958740234375,0.898193359375,-0.405517578125,0.0145263671875,0.16876220703125
157,0.78350830078125,0.0072021484375,-0.61077880859375,-0.113525390625,0.763427734375,0.602783203125,0.231201171875,0.0181884765625,0.491943359375,-0.04736328125,0.86346435546875,0.10040283203125,0.96405029296875,0.10430908203125,0.23297119140625,0.07354736328125,0.98870849609375,-0.05352783203125,-0.00341796875,0.13958740234375,0.898193359375,-0.405517578125,0.0145263671875,0.16876220703125
158,0.78350830078125,0.0072021484375,-0.61077880859375,-0.113525390625,0.763472847316576,0.602738090183424,0.23111094599184784,0.01827870244565217,0.491943359375,-0.04736328125,0.86346435546875,0.10040283203125,0.96405029296875,0.1043701171875,0.23284912109375,0.073486328125,0.98870849609375,-0.05348271908967391,-0.0035984205163043393,0.13949717646059784,0.89825439453125,-0.40545654296875,0.01434326171875,0.168701171875
159,0.783447265625,0.00732421875,-0.61090087890625,-0.113525390625,0.7635498046875,0.60260009765625,0.231201171875,0.01824951171875,0.49200439453125,-0.04736328125,0.86346435546875,0.100341796875,0.96405029296875,0.104248046875,0.23297119140625,0.07354736328125,0.98870849609375,-0.05352783203125,-0.0035400390625,0.13958740234375,0.898193359375,-0.405517578125,0.01446533203125,0.1688232421875
160,0.783447265625,0.00732421875,-0.61090087890625,-0.113525390625,0.7636612601902174,0.6024886421535326,0.2311454441236413,0.01824951171875,0.49200439453125,-0.04736328125,0.86346435546875,0.100341796875,0.96405029296875,0.10430908203125,0.23284912109375,0.073486328125,0.98870849609375,-0.05363928753396739,-0.003484311311141303,0.13958740234375,0.898193359375,-0.40557861328125,0.01446533203125,0.168701171875
161,0.783447265625,0.00726318359375,-0.61090087890625,-0.113525390625,0.76361083984375,0.60247802734375,0.23114013671875,0.01824951171875,0.49212646484375,-0.04736328125,0.8634033203125,0.1002197265625,0.96405029296875,0.1043701171875,0.23284912109375,0.073486328125,0.98870849609375,-0.0535888671875,-0.00347900390625,0.1395263671875,0.898193359375,-0.40557861328125,0.01446533203125,0.168701171875
162,0.783447265625,0.007252568783967394,-0.61090087890625,-0.1135200832201087,0.7636214546535326,0.6024727199388586,0.23114013671875,0.01824951171875,0.4921317722486413,-0.04734735903532609,0.8633980129076086,0.1002197265625,0.96405029296875,0.10419762652853261,0.23297119140625,0.07359778362771739,0.98870849609375,-0.053644594938858696,-0.00341796875,0.1396988578464674,0.8981376316236414,-0.4056953761888587,0.014592709748641302,0.1687515922214674
163,0.783447265625,0.00714111328125,-0.61090087890625,-0.11346435546875,0.76373291015625,0.6024169921875,0.23114013671875,0.01824951171875,0.4921875,-0.04718017578125,0.86334228515625,0.1002197265625,0.9640396781589674,0.10429846722146739,0.23299242102581522,0.073486328125,0.98870849609375,-0.0535888671875,-0.00341796875,0.13958740234375,0.898193359375,-0.4056396484375,0.0146484375,0.16864013671875
164,0.783447265625,0.00714111328125,-0.610916801120924,-0.11346435546875,0.76373291015625,0.6023851477581522,0.23118790336277176,0.018265433933423916,0.49215565557065216,-0.04718017578125,0.863358207370924,0.10020380434782608,0.9639892578125,0.104248046875,0.23310918393342392,0.073486328125,0.98870849609375,-0.0535888671875,-0.0032958984375,0.1396484375,0.898193359375,-0.405517578125,0.01458740234375,0.16876220703125
165,0.783447265625,0.00714111328125,-0.6109619140625,-0.11346435546875,0.76373291015625,0.602294921875,0.2313232421875,0.018310546875,0.4920654296875,-0.04718017578125,0.8634033203125,0.10015869140625,0.9639892578125,0.10422681725543478,0.23319675611413043,0.07350755774456522,0.98870849609375,-0.0535888671875,-0.0032958984375,0.1396484375,0.898193359375,-0.405517578125,0.01458740234375,0.16876220703125
166,0.7834207286005435,0.00714111328125,-0.6109619140625,-0.11343781844429347,0.7636798361073369,0.6023214588994565,0.23140285326086957,0.01833708389945652,0.49209196671195654,-0.04715363875679348,0.8633767832880435,0.10021176545516304,0.9639892578125,0.10418701171875,0.2332763671875,0.07352082625679347,0.98870849609375,-0.05355436905570652,-0.003330396569293479,0.1396219004755435,0.898193359375,-0.40557861328125,0.014613939368206522,0.16876220703125
167,0.78338623046875,0.00714111328125,-0.6109619140625,-0.1134033203125,0.76361083984375,0.60235595703125,0.23150634765625,0.01837158203125,0.49212646484375,-0.047119140625,0.86334228515625,0.10028076171875,0.96392822265625,0.10394287109375,0.2335205078125,0.07373046875,0.98870849609375,-0.0535888671875,-0.0032958984375,0.13958740234375,0.898193359375,-0.40557861328125,0.0146484375,0.16876220703125
168,0.7834233823029891,0.0071039614470108725,-0.6109247622282609,-0.11332901664402174,0.7636851435122283,0.6023188051970109,0.23143204398777176,0.01833443019701087,0.49212646484375,-0.04708198879076087,0.8633794369904891,0.10024360988451088,0.96392822265625,0.10394287109375,0.23348335597826086,0.07365616508152174,0.98870849609375,-0.05364990234375,-0.003272015115489127,0.13969620414402176,0.898193359375,-0.40557861328125,0.014550250509510873,0.16871178668478262
169,0.783447265625,0.007080078125,-0.61090087890625,-0.11328125,0.76373291015625,0.602294921875,0.23138427734375,0.018310546875,0.49212646484375,-0.04705810546875,0.8634033203125,0.1002197265625,0.9638671875,0.103759765625,0.23370361328125,0.07379150390625,0.98870849609375,-0.05364990234375,-0.0032958984375,0.1396484375,0.898193359375,-0.40557861328125,0.0145263671875,0.16864013671875
170,0.7834950322690217,0.007032311480978261,-0.6108531122622283,-0.11323348335597826,0.7635418435801631,0.6024859884510869,0.2314798106317935,0.01835831351902174,0.49217423148777173,-0.04705810546875,0.8633555536684783,0.10041079313858696,0.9639149541440217,0.10380753226902174,0.2336080799932065,0.07374373726222826,0.9886474609375,-0.05364990234375,-0.0034047002377717395,0.1398580799932065,0.89813232421875,-0.4056396484375,0.01460067085597826,0.1688497792119565
171,0.78350830078125,0.00701904296875,-0.61083984375,-0.11322021484375,0.76348876953125,0.6025390625,0.23150634765625,0.01837158203125,0.4921875,-0.04705810546875,0.86334228515625,0.1004638671875,0.9638671875,0.1038818359375,0.233642578125,0.0738525390625,0.9886474609375,-0.05364990234375,-0.00341796875,0.13983154296875,0.89813232421875,-0.4056396484375,0.01458740234375,0.1688232421875
172,0.7835666822350543,0.007135805876358691,-0.6107814622961957,-0.11316183338994565,0.7635471509850543,0.6024806810461957,0.23150634765625,0.01837158203125,0.4921291185461957,-0.04694134256114131,0.8634006666100543,0.10040548573369565,0.9639255689538043,0.10376507302989131,0.2335258152173913,0.0738525390625,0.98870849609375,-0.053641941236413034,-0.0033516261888586907,0.13983154296875,0.8981349779211957,-0.4056343410326087,0.014467985733695654,0.16876220703125
173,0.7835693359375,0.00714111328125,-0.61077880859375,-0.1131591796875,0.7635498046875,0.60247802734375,0.23150634765625,0.01837158203125,0.49212646484375,-0.04693603515625,0.8634033203125,0.10040283203125,0.9638671875,0.103759765625,0.23388671875,0.07373046875,0.98870849609375,-0.05364990234375,-0.00335693359375,0.13983154296875,0.89813232421875,-0.4056423021399456,0.014478600543478241,0.1687568996263587
174,0.78363037109375,0.00714111328125,-0.6107177734375,-0.11322021484375,0.763427734375,0.60260009765625,0.23162841796875,0.0184326171875,0.4920654296875,-0.0469970703125,0.8634033203125,0.10052490234375,0.9638671875,0.10380487856657608,0.23378853175951086,0.07379150390625,0.98870849609375,-0.05364990234375,-0.00311279296875,0.13983154296875,0.898193359375,-0.4056396484375,0.0146484375,0.16864013671875
175,0.78363037109375,0.00714111328125,-0.6107177734375,-0.11322021484375,0.763427734375,0.60260009765625,0.23162841796875,0.0184326171875,0.4920654296875,-0.0469970703125,0.8634033203125,0.10052490234375,0.9638671875,0.10369873046875,0.23394775390625,0.07379150390625,0.98870849609375,-0.05364990234375,-0.00311279296875,0.13983154296875,0.898193359375,-0.4056396484375,0.014674974524456522,0.16862686820652173
176,0.78369140625,0.0072021484375,-0.61065673828125,-0.11334228515625,0.76336669921875,0.60260009765625,0.23175048828125,0.01861572265625,0.49212646484375,-0.04705810546875,0.86334228515625,0.1007080078125,0.9638486115828805,0.10368015455163043,0.2339185631793478,0.07391357421875,0.9886474609375,-0.0537109375,-0.00311279296875,0.139892578125,0.89813232421875,-0.4056396484375,0.0146484375,0.16864013671875
177,0.78369140625,0.0072021484375,-0.61065673828125,-0.11334228515625,0.76336669921875,0.60260009765625,0.23175048828125,0.01861572265625,0.49212646484375,-0.04705810546875,0.86334228515625,0.1007080078125,0.96380615234375,0.1036376953125,0.234130859375,0.07391357421875,0.9886474609375,-0.0537109375,-0.00311279296875,0.139892578125,0.89813232421875,-0.40568741508152173,0.0147200874660326,0.16864013671875
178,0.78369140625,0.00714111328125,-0.610595703125,-0.11334228515625,0.7633056640625,0.6026611328125,0.23175048828125,0.01861572265625,0.49212646484375,-0.046875,0.86334228515625,0.10076904296875,0.96380615234375,0.10366953974184782,0.23406982421875,0.07391092051630434,0.9886474609375,-0.0537109375,-0.0029296875,0.13995361328125,0.89813232421875,-0.40570068359375,0.0147705078125,0.1685791015625
179,0.78369140625,0.00714111328125,-0.610595703125,-0.11334228515625,0.7633056640625,0.6026611328125,0.23175048828125,0.01861572265625,0.49212646484375,-0.046875,0.86334228515625,0.10076904296875,0.96380615234375,0.1036376953125,0.23406982421875,0.073974609375,0.9886474609375,-0.0537109375,-0.0029296875,0.13995361328125,0.89813232421875,-0.40573518172554346,0.014874002207880436,0.1686135996942935
180,0.78375244140625,0.00714111328125,-0.61053466796875,-0.11322021484375,0.76318359375,0.602783203125,0.23187255859375,0.0186767578125,0.49212646484375,-0.0469970703125,0.86334228515625,0.10089111328125,0.9638273819633152,0.10357666015625,0.23406717051630435,0.07395337975543478,0.9886474609375,-0.0538330078125,-0.00299072265625,0.13995361328125,0.89813232421875,-0.40582275390625,0.01495361328125,0.16851806640625
181,0.78375244140625,0.00714111328125,-0.61053466796875,-0.11322021484375,0.76318359375,0.602783203125,0.23187255859375,0.0186767578125,0.49212646484375,-0.0469970703125,0.86334228515625,0.10089111328125,0.96380615234375,0.10357666015625,0.234130859375,0.073974609375,0.9886474609375,-0.0538330078125,-0.00299072265625,0.13995361328125,0.898087211277174,-0.40582275390625,0.015088952105978272,0.1686082922894022
182,0.78387451171875,0.00714111328125,-0.61041259765625,-0.1131591796875,0.76324462890625,0.60272216796875,0.23187255859375,0.018798828125,0.49212646484375,-0.04693603515625,0.86334228515625,0.100830078125,0.9638167671535326,0.10341478430706522,0.23414943529211957,0.07406483525815218,0.9886474609375,-0.0538330078125,-0.0029296875,0.14007568359375,0.8980712890625,-0.40582275390625,0.0150146484375,0.16851806640625
183,0.78387451171875,0.00714111328125,-0.61041259765625,-0.1131591796875,0.76324462890625,0.60272216796875,0.23187255859375,0.018798828125,0.49212646484375,-0.04693603515625,0.86334228515625,0.100830078125,0.96380615234375,0.1033935546875,0.23419189453125,0.0740966796875,0.9886474609375,-0.0538330078125,-0.0029296875,0.14007568359375,0.8980712890625,-0.40582275390625,0.014958920686141302,0.1685737941576087
184,0.7838134765625,0.00714111328125,-0.6104736328125,-0.1131591796875,0.76312255859375,0.602783203125,0.23199462890625,0.01904296875,0.49212646484375,-0.04693603515625,0.86334228515625,0.10107421875,0.96380615234375,0.1033935546875,0.2342529296875,0.0740966796875,0.9886474609375,-0.05389404296875,-0.00299072265625,0.14007568359375,0.8980712890625,-0.40582275390625,0.0150146484375,0.16864013671875
185,0.7838081691576086,0.0071517280910326185,-0.6104789402173914,-0.1131591796875,0.76312255859375,0.602783203125,0.2319999363111413,0.019048276154891308,0.4921211574388587,-0.046925420346467385,0.86334228515625,0.10107421875,0.9638008449388586,0.10338293987771738,0.2342582370923913,0.07410198709239131,0.9886474609375,-0.05389404296875,-0.0029960300611413093,0.14005976137907608,0.89813232421875,-0.4057723335597826,0.01477581521739131,0.16834557574728262
186,0.78375244140625,0.00726318359375,-0.61053466796875,-0.1131591796875,0.76312255859375,0.602783203125,0.2320556640625,0.01910400390625,0.4920654296875,-0.04681396484375,0.86334228515625,0.10107421875,0.9637451171875,0.103271484375,0.234375,0.07403564453125,0.9886474609375,-0.05389404296875,-0.0030517578125,0.139892578125,0.89813232421875,-0.4058837890625,0.01483154296875,0.16845703125
187,0.78375244140625,0.00726318359375,-0.61053466796875,-0.11317510190217392,0.76312255859375,0.602783203125,0.23207158627717392,0.019119926120923916,0.4920654296875,-0.04681396484375,0.86334228515625,0.10107421875,0.9637451171875,0.10328740658967392,0.234375,0.07405156674592392,0.9886474609375,-0.05389404296875,-0.0029880689538043393,0.13992442255434784,0.8980712890625,-0.40594482421875,0.0150146484375,0.16839599609375
188,0.78375244140625,0.00726318359375,-0.61053466796875,-0.11322021484375,0.76300048828125,0.6029052734375,0.23211669921875,0.019287109375,0.4920654296875,-0.046630859375,0.86334228515625,0.10113525390625,0.9637451171875,0.10333251953125,0.2344970703125,0.0740966796875,0.9886474609375,-0.05389404296875,-0.0028076171875,0.1400146484375,0.8980712890625,-0.40594482421875,0.0150146484375,0.16839599609375
189,0.78375244140625,0.007316257642663055,-0.61053466796875,-0.11322021484375,0.7630270253057065,0.6028521993885869,0.23214323624320654,0.019313646399456527,0.4920654296875,-0.046683933423913054,0.86334228515625,0.10110871688179347,0.9637451171875,0.10327944548233695,0.2344970703125,0.07412321671195653,0.9886474609375,-0.05389404296875,-0.0028076171875,0.1400146484375,0.8981668223505435,-0.4058147927989131,0.01495361328125,0.16836149796195654
190,0.78375244140625,0.00738525390625,-0.61053466796875,-0.11322021484375,0.762939453125,0.6029052734375,0.23223876953125,0.0194091796875,0.491943359375,-0.04656982421875,0.8634033203125,0.1011962890625,0.963623046875,0.103271484375,0.23480224609375,0.07415771484375,0.9886474609375,-0.05389404296875,-0.0028076171875,0.1400146484375,0.89813232421875,-0.4058837890625,0.01495361328125,0.16839599609375
191,0.7837895932404891,0.0074224057404891335,-0.6104975161345109,-0.11322021484375,0.7629766049592391,0.6028681216032609,0.23223876953125,0.019446331521739132,0.49198051120923914,-0.046606976052989135,0.8634033203125,0.1011962890625,0.9636601987092391,0.103271484375,0.23476509425951086,0.07415771484375,0.9886474609375,-0.05389404296875,-0.0028447690217391335,0.1400146484375,0.89813232421875,-0.40579887058423914,0.015038531759510866,0.16839599609375
192,0.7838134765625,0.0074462890625,-0.6104736328125,-0.11322021484375,0.76275634765625,0.60308837890625,0.23236083984375,0.01953125,0.4918212890625,-0.0465087890625,0.86346435546875,0.1014404296875,0.96368408203125,0.10321044921875,0.2347412109375,0.07427978515625,0.9886474609375,-0.05389404296875,-0.00286865234375,0.1400146484375,0.89813232421875,-0.40582275390625,0.0150146484375,0.16839599609375
193,0.7838134765625,0.007541822350543479,-0.6104736328125,-0.11317244819972826,0.7628518809442935,0.6029928456182065,0.23236083984375,0.01953125,0.4918212890625,-0.046556555706521736,0.86346435546875,0.10139266304347826,0.96368408203125,0.10311491593070653,0.23469344429347827,0.07427978515625,0.9886474609375,-0.053941809612771736,-0.003107485563858697,0.14006241508152173,0.8980845575747283,-0.40597932235054346,0.0147705078125,0.16839599609375
194,0.7838134765625,0.007568359375,-0.6104736328125,-0.1131591796875,0.76263427734375,0.6031494140625,0.2325439453125,0.01959228515625,0.49188232421875,-0.0465087890625,0.8634033203125,0.10162353515625,0.963623046875,0.1031494140625,0.23486328125,0.0743408203125,0.9886474609375,-0.053955078125,-0.003173828125,0.14007568359375,0.8980712890625,-0.406005859375,0.0147705078125,0.16839599609375
195,0.7839302394701088,0.0075099779211956486,-0.6103568699048912,-0.1130424167798913,0.7626926587975543,0.6031494140625,0.23236880095108695,0.01959228515625,0.4919990871263587,-0.04645040760869565,0.8633449388586957,0.10156515370244565,0.9636814283288043,0.1031494140625,0.23468813688858695,0.0742240574048913,0.9886474609375,-0.053955078125,-0.0031154466711956486,0.14001730213994565,0.8980712890625,-0.4060032056725544,0.014834196671195649,0.16828188688858695
196,0.783935546875,0.00750732421875,-0.6103515625,-0.113037109375,0.7625732421875,0.603271484375,0.2325439453125,0.01971435546875,0.4918212890625,-0.04644775390625,0.8634033203125,0.1016845703125,0.96368408203125,0.1031494140625,0.23480224609375,0.07421875,0.9886474609375,-0.053955078125,-0.00311279296875,0.1400146484375,0.8980712890625,-0.406005859375,0.01483154296875,0.16827392578125
197,0.783935546875,0.00750732421875,-0.6103515625,-0.1129150390625,0.7625652810801631,0.60321044921875,0.23257578974184784,0.01967720363451087,0.491813327955163,-0.04639467985733696,0.86346435546875,0.10158638332201088,0.9636761209239131,0.10308837890625,0.23481020720108695,0.07418159816576088,0.9886474609375,-0.053955078125,-0.00311279296875,0.1400146484375,0.8980712890625,-0.406005859375,0.014892578125,0.16827392578125
198,0.783935546875,0.00750732421875,-0.6103515625,-0.1129150390625,0.76251220703125,0.60321044921875,0.2327880859375,0.01983642578125,0.49176025390625,-0.04644775390625,0.86346435546875,0.10174560546875,0.963623046875,0.10308837890625,0.23486328125,0.0743408203125,0.9886474609375,-0.053955078125,-0.00311279296875,0.1400146484375,0.8980712890625,-0.406005859375,0.014892578125,0.16827392578125
199,0.7839541227921196,0.00748874830163043,-0.6103329865828804,-0.11287788722826086,0.7624936311141304,0.6032290251358696,0.23282523777173914,0.01987357761548914,0.49174167798913043,-0.04644775390625,0.8634829313858696,0.10176418138586957,0.963623046875,0.10306980298913043,0.23486328125,0.0743408203125,0.9886474609375,-0.05397365404211957,-0.00313136888586957,0.14003322435461957,0.8980712890625,-0.40590236497961957,0.01483154296875,0.16841987941576086
200,0.78399658203125,0.0074462890625,-0.61029052734375,-0.11279296875,0.762451171875,0.603271484375,0.23291015625,0.01995849609375,0.49169921875,-0.04644775390625,0.863525390625,0.101806640625,0.963623046875,0.10302734375,0.23486328125,0.0743408203125,0.9886474609375,-0.05401611328125,-0.003173828125,0.14007568359375,0.8980712890625,-0.40594482421875,0.01483154296875,0.1683349609375
201,0.7840257727581522,0.007417098335597824,-0.61029052734375,-0.11276377802309782,0.7623927904211957,0.6033298658288043,0.2329393469769022,0.020046068274456527,0.49169921875,-0.04636018172554347,0.8634961998980978,0.10183583135190218,0.963623046875,0.10305653447690218,0.2348340905230978,0.0743408203125,0.9886182702105978,-0.05401611328125,-0.0031446373980978243,0.1401048743206522,0.8980394446331522,-0.406005859375,0.014892578125,0.16839864979619565
202,0.7840576171875,0.00738525390625,-0.61029052734375,-0.11273193359375,0.7623291015625,0.6033935546875,0.23297119140625,0.0201416015625,0.49169921875,-0.0462646484375,0.86346435546875,0.10186767578125,0.963623046875,0.10308837890625,0.23480224609375,0.0743408203125,0.98858642578125,-0.05401611328125,-0.00311279296875,0.14013671875,0.8980712890625,-0.406005859375,0.014892578125,0.1683349609375
203,0.7840178116508152,0.00738525390625,-0.61029052734375,-0.11273193359375,0.7623291015625,0.6033935546875,0.23297119140625,0.0201416015625,0.49165941321331524,-0.04618503736413044,0.8635041610054348,0.10194728685461957,0.963623046875,0.10308837890625,0.23484205163043478,0.0743408203125,0.9886262313179348,-0.053976307744565216,-0.0031525985054347816,0.14005710767663043,0.8980712890625,-0.40596605383831524,0.014871348505434782,0.16839599609375
204,0.78399658203125,0.00738525390625,-0.61029052734375,-0.11273193359375,0.76220703125,0.603515625,0.23309326171875,0.020263671875,0.49163818359375,-0.046142578125,0.863525390625,0.10198974609375,0.963623046875,0.1031494140625,0.23480224609375,0.07427978515625,0.9886474609375,-0.053955078125,-0.003173828125,0.1400146484375,0.8980712890625,-0.40594482421875,0.014892578125,0.16839599609375
205,0.78399658203125,0.007486094599184788,-0.6103409476902174,-0.11273193359375,0.7622574515964674,0.6034147843070652,0.2331436820652174,0.020314092221467395,0.4915877632472826,-0.04609215777853261,0.863525390625,0.10198974609375,0.963623046875,0.10309899371603261,0.2348526664402174,0.07433020550271739,0.9886474609375,-0.05390465777853261,-0.003123407778532606,0.1400146484375,0.8980819038722826,-0.4058731742527174,0.014820928158967394,0.16837476647418478
206,0.78399658203125,0.00750732421875,-0.6103515625,-0.11273193359375,0.76214599609375,0.60357666015625,0.233154296875,0.0203857421875,0.4915771484375,-0.04608154296875,0.863525390625,0.10198974609375,0.963623046875,0.10321044921875,0.23480224609375,0.07421875,0.9886474609375,-0.05389404296875,-0.00311279296875,0.1400146484375,0.8980712890625,-0.4058837890625,0.01483154296875,0.16839599609375
207,0.78399658203125,0.007568359375,-0.6103515625,-0.11273193359375,0.76214599609375,0.603515625,0.233154296875,0.0203857421875,0.49151611328125,-0.04620361328125,0.86358642578125,0.10205078125,0.96368408203125,0.1031494140625,0.23480224609375,0.07421875,0.9886474609375,-0.05389404296875,-0.0032958984375,0.1400146484375,0.8980712890625,-0.40594482421875,0.01483154296875,0.1683349609375
208,0.78399658203125,0.007568359375,-0.6103515625,-0.11273193359375,0.76202392578125,0.6036376953125,0.2332763671875,0.0203857421875,0.49151611328125,-0.04620361328125,0.86358642578125,0.10205078125,0.963623046875,0.10321044921875,0.23480224609375,0.07427978515625,0.9886474609375,-0.05389404296875,-0.0032958984375,0.1400146484375,0.8980712890625,-0.40594482421875,0.01483154296875,0.1683349609375
209,0.7840576171875,0.007568359375,-0.6102294921875,-0.11273193359375,0.76202392578125,0.6036376953125,0.23318614130434784,0.02043616253396739,0.49151611328125,-0.04638671875,0.863525390625,0.1021728515625,0.963623046875,0.10321044921875,0.23480224609375,0.07427978515625,0.9886474609375,-0.0538330078125,-0.0032958984375,0.14013671875,0.8980712890625,-0.40594482421875,0.0147705078125,0.16845703125
210,0.7840576171875,0.007568359375,-0.6102294921875,-0.11273193359375,0.76202392578125,0.6036376953125,0.23333740234375,0.0203857421875,0.49151611328125,-0.04638671875,0.863525390625,0.1021728515625,0.963623046875,0.10321044921875,0.23480224609375,0.07427978515625,0.9886474609375,-0.0538330078125,-0.0032958984375,0.14013671875,0.8980712890625,-0.40594482421875,0.0147705078125,0.16845703125
211,0.78411865234375,0.007568359375,-0.61016845703125,-0.1126708984375,0.7620849609375,0.6035952360733695,0.23325779127038043,0.02040697180706522,0.4915771484375,-0.0465087890625,0.863525390625,0.10205078125,0.963623046875,0.1031494140625,0.23492431640625,0.07427978515625,0.9886474609375,-0.053955078125,-0.003173828125,0.14013671875,0.8980712890625,-0.40594482421875,0.014892578125,0.16845703125
212,0.78411865234375,0.007568359375,-0.61016845703125,-0.1126708984375,0.7620849609375,0.603515625,0.23333740234375,0.02044677734375,0.4915771484375,-0.0465087890625,0.863525390625,0.10205078125,0.963623046875,0.1031494140625,0.23492431640625,0.07427978515625,0.9886474609375,-0.053955078125,-0.003173828125,0.14013671875,0.8980712890625,-0.40594482421875,0.014892578125,0.16845703125
213,0.7841796875,0.00762939453125,-0.610107421875,-0.11260986328125,0.76214599609375,0.6034837805706522,0.23321533203125,0.02051046620244565,0.49163818359375,-0.04656982421875,0.86346435546875,0.10198974609375,0.963623046875,0.1031494140625,0.2349853515625,0.0743408203125,0.9886474609375,-0.053955078125,-0.00323486328125,0.14013671875,0.8980712890625,-0.40594482421875,0.01495361328125,0.16839599609375
214,0.7841796875,0.00762939453125,-0.610107421875,-0.11260986328125,0.76214599609375,0.60345458984375,0.23321533203125,0.02056884765625,0.49163818359375,-0.04656982421875,0.86346435546875,0.10198974609375,0.963623046875,0.1031494140625,0.2349853515625,0.0743408203125,0.9886474609375,-0.053955078125,-0.00323486328125,0.14013671875,0.8980712890625,-0.40594482421875,0.01495361328125,0.16839599609375
215,0.78411865234375,0.0076904296875,-0.61016845703125,-0.11260986328125,0.7621035368546195,0.6034970490828805,0.23333740234375,0.02059273097826087,0.49163818359375,-0.04656982421875,0.86346435546875,0.10211181640625,0.963623046875,0.10321044921875,0.23480224609375,0.0743408203125,0.9886474609375,-0.05377197265625,-0.00335693359375,0.13995361328125,0.8980712890625,-0.40594482421875,0.014892578125,0.16839599609375
216,0.78411865234375,0.0076904296875,-0.61016845703125,-0.11260986328125,0.7620849609375,0.603515625,0.23333740234375,0.0206298828125,0.49163818359375,-0.04656982421875,0.86346435546875,0.10211181640625,0.963623046875,0.10321044921875,0.23480224609375,0.0743408203125,0.9886474609375,-0.05377197265625,-0.00335693359375,0.13995361328125,0.8980712890625,-0.40594482421875,0.014892578125,0.16839599609375
217,0.7840576171875,0.0078125,-0.61029052734375,-0.11260986328125,0.76214599609375,0.6033935546875,0.23345947265625,0.020621921705163044,0.4915771484375,-0.0467529296875,0.86346435546875,0.10211181640625,0.963623046875,0.10321044921875,0.23486328125,0.07427978515625,0.9886474609375,-0.053955078125,-0.00323486328125,0.14007568359375,0.89801025390625,-0.406005859375,0.01495361328125,0.16845703125
218,0.7840576171875,0.0078125,-0.61029052734375,-0.11260986328125,0.76214599609375,0.6033935546875,0.23345947265625,0.0206298828125,0.4915771484375,-0.0467529296875,0.86346435546875,0.10211181640625,0.963623046875,0.10321044921875,0.23486328125,0.07427978515625,0.9886474609375,-0.053955078125,-0.00323486328125,0.14007568359375,0.89801025390625,-0.406005859375,0.01495361328125,0.16845703125
219,0.7840576171875,0.0076904296875,-0.61029052734375,-0.1126708984375,0.7620876146399457,0.6035129712975543,0.2334541652513587,0.0206298828125,0.49169921875,-0.046630859375,0.86346435546875,0.10211181640625,0.963623046875,0.10333251953125,0.23492431640625,0.07421875,0.9886474609375,-0.0538330078125,-0.00311279296875,0.1400146484375,0.8980712890625,-0.40594482421875,0.0150146484375,0.16839599609375
220,0.7840576171875,0.0076904296875,-0.61029052734375,-0.11266293733016304,0.7621539572010869,0.60345458984375,0.23332944123641305,0.0206298828125,0.49169921875,-0.046630859375,0.86346435546875,0.10210385529891304,0.963623046875,0.10332455842391304,0.23492431640625,0.07421078889266304,0.9886474609375,-0.05384096891983696,-0.00311279296875,0.1400146484375,0.8980712890625,-0.405936863111413,0.0150146484375,0.16840395720108695
221,0.7840576171875,0.0076904296875,-0.61029052734375,-0.11260986328125,0.7620849609375,0.603515625,0.23345947265625,0.0206298828125,0.4915771484375,-0.04669189453125,0.86346435546875,0.1021728515625,0.963623046875,0.10333251953125,0.23492431640625,0.07421875,0.9886474609375,-0.0538330078125,-0.00311279296875,0.1400146484375,0.8980712890625,-0.4058837890625,0.0150146484375,0.16845703125
222,0.7840576171875,0.0076904296875,-0.6102719514266305,-0.11259128736413043,0.7620849609375,0.603515625,0.23344089673913043,0.020611306895380436,0.49159572435461957,-0.04667331861413044,0.86346435546875,0.1021728515625,0.963623046875,0.10331394361413043,0.23490574048913043,0.07420017408288043,0.9886474609375,-0.05385158372961956,-0.0031313688858695637,0.1400146484375,0.8980898649796195,-0.4058837890625,0.0150146484375,0.16843845533288043
223,0.7840576171875,0.0076904296875,-0.6102294921875,-0.112548828125,0.76214599609375,0.6033935546875,0.23345947265625,0.0206298828125,0.4915771484375,-0.0467529296875,0.863525390625,0.10223388671875,0.96356201171875,0.10333251953125,0.2349853515625,0.07421875,0.9886474609375,-0.0538330078125,-0.00311279296875,0.1400146484375,0.89813232421875,-0.4058837890625,0.0150146484375,0.16839599609375
224,0.7840868079144022,0.007661238960597824,-0.6102003014605978,-0.112548828125,0.76214599609375,0.6034227454144022,0.2334302819293478,0.0206298828125,0.49160633916440216,-0.046723738960597824,0.8634961998980978,0.10223388671875,0.9635912024456522,0.10336171025815218,0.2349561608355978,0.07421875,0.9886474609375,-0.053803817085597824,-0.0031711744225543514,0.1399854577105978,0.89813232421875,-0.4058837890625,0.014985457710597824,0.1683668053668478
225,0.78411865234375,0.00762939453125,-0.61016845703125,-0.112548828125,0.76220703125,0.6033935546875,0.23333740234375,0.02069091796875,0.49169921875,-0.04669189453125,0.86346435546875,0.10211181640625,0.963623046875,0.103271484375,0.23492431640625,0.07427978515625,0.9886474609375,-0.0538330078125,-0.00323486328125,0.14007568359375,0.89813232421875,-0.4058837890625,0.01495361328125,0.1683349609375
226,0.78411865234375,0.00762939453125,-0.61016845703125,-0.112548828125,0.76220703125,0.6033935546875,0.23333740234375,0.02069091796875,0.49169921875,-0.04669189453125,0.86346435546875,0.10211181640625,0.963623046875,0.103271484375,0.23492431640625,0.07427978515625,0.9886474609375,-0.0538330078125,-0.00323486328125,0.14007568359375,0.89813232421875,-0.4058837890625,0.01495361328125,0.1683349609375
227,0.78424072265625,0.0076904296875,-0.61004638671875,-0.11248779296875,0.7621778405230978,0.6034227454144022,0.23335067085597824,0.020571501358695662,0.4915771484375,-0.0467529296875,0.863525390625,0.1021728515625,0.96356201171875,0.103271484375,0.23516845703125,0.07427978515625,0.9886474609375,-0.05389404296875,-0.0029296875,0.14013671875,0.8980712890625,-0.40594482421875,0.01519775390625,0.16839599609375
228,0.7843415633491848,0.007791270380434775,-0.6099455460258152,-0.11248779296875,0.7621964164402174,0.6033537491508152,0.23334801715353262,0.020608653192934777,0.49172840947690216,-0.04685377038043478,0.8634245499320652,0.10212243121603261,0.9636124320652174,0.10317064368206523,0.23501719599184784,0.07433020550271739,0.9885970405910326,-0.05399488366168478,-0.003080948539402163,0.14018713909646738,0.8980208687160326,-0.40604566491168476,0.015046492866847836,0.16834557574728262
229,0.78436279296875,0.0078125,-0.60992431640625,-0.11248779296875,0.76220703125,0.60333251953125,0.23356031334918478,0.020574155061141304,0.4915771484375,-0.046875,0.863525390625,0.1021728515625,0.9635009765625,0.1031494140625,0.23529052734375,0.0743408203125,0.98858642578125,-0.05401611328125,-0.0030517578125,0.14031982421875,0.8980712890625,-0.406005859375,0.01513671875,0.16839599609375
230,0.78436279296875,0.00775146484375,-0.60986328125,-0.11248779296875,0.76214599609375,0.60333251953125,0.2335205078125,0.0206298828125,0.49163818359375,-0.04681396484375,0.86346435546875,0.1021728515625,0.9635009765625,0.10321044921875,0.23529052734375,0.0743408203125,0.98858642578125,-0.053955078125,-0.0030517578125,0.1402587890625,0.8980712890625,-0.40594482421875,0.01507568359375,0.1683349609375
231,0.78436279296875,0.00775146484375,-0.60986328125,-0.11248779296875,0.76226806640625,0.60321044921875,0.2335205078125,0.0206298828125,0.49163818359375,-0.046875,0.86346435546875,0.10205078125,0.96356201171875,0.1031494140625,0.2352294921875,0.07427978515625,0.98858642578125,-0.05401611328125,-0.003173828125,0.14019775390625,0.8980712890625,-0.40594482421875,0.01513671875,0.16827392578125
232,0.784423828125,0.0076904296875,-0.60980224609375,-0.112548828125,0.76226806640625,0.603271484375,0.23345947265625,0.02069091796875,0.49169921875,-0.04681396484375,0.8634033203125,0.1021728515625,0.9635513969089674,0.10321044921875,0.23518968665081522,0.0743408203125,0.98858642578125,-0.05389404296875,-0.00323486328125,0.14019775390625,0.89813232421875,-0.4058837890625,0.015065068783967388,0.16827392578125
233,0.784423828125,0.0076904296875,-0.60980224609375,-0.112548828125,0.76226806640625,0.60321044921875,0.23358154296875,0.020751953125,0.49169921875,-0.04681396484375,0.86346435546875,0.10211181640625,0.9635009765625,0.10321044921875,0.23529052734375,0.0743408203125,0.98858642578125,-0.05401611328125,-0.00323486328125,0.14019775390625,0.89813232421875,-0.4058837890625,0.0150146484375,0.16827392578125
234,0.784423828125,0.00775146484375,-0.60986328125,-0.11248779296875,0.7623291015625,0.6031494140625,0.23358154296875,0.02069091796875,0.49163818359375,-0.04681396484375,0.86346435546875,0.10205078125,0.9635009765625,0.10310960852581523,0.2353515625,0.07425855553668477,0.98858642578125,-0.0540771484375,-0.003173828125,0.14019775390625,0.8980712890625,-0.40594482421875,0.015096913213315225,0.16827392578125
235,0.784423828125,0.00775146484375,-0.60986328125,-0.11248779296875,0.7623291015625,0.60308837890625,0.233642578125,0.02081298828125,0.49163818359375,-0.046875,0.86346435546875,0.10198974609375,0.9635009765625,0.1031494140625,0.2353515625,0.07421875,0.98858642578125,-0.05401611328125,-0.00311279296875,0.14013671875,0.8980712890625,-0.40594482421875,0.01513671875,0.16827392578125
236,0.784423828125,0.0076904296875,-0.60980224609375,-0.11248779296875,0.7623291015625,0.6031494140625,0.23358154296875,0.02081298828125,0.49169921875,-0.04681396484375,0.86346435546875,0.10198974609375,0.9635328209918478,0.10314676036005434,0.23525868291440216,0.07428243885869566,0.9886474609375,-0.05401611328125,-0.003173828125,0.14013671875,0.8981004797894022,-0.40597666864809784,0.01507568359375,0.16824473505434784
237,0.784423828125,0.0076904296875,-0.60980224609375,-0.11248779296875,0.7623291015625,0.60308837890625,0.23370361328125,0.0208740234375,0.49169921875,-0.046875,0.86346435546875,0.10205078125,0.96356201171875,0.10308837890625,0.2352294921875,0.0743408203125,0.98858642578125,-0.0540771484375,-0.00323486328125,0.14031982421875,0.8980712890625,-0.406005859375,0.01507568359375,0.16827392578125
238,0.78448486328125,0.00762939453125,-0.6097412109375,-0.1124267578125,0.7623291015625,0.60308837890625,0.23358154296875,0.0208740234375,0.49176025390625,-0.0467529296875,0.8634033203125,0.10198974609375,0.96356201171875,0.10308837890625,0.23525337550951086,0.07436470363451088,0.98858642578125,-0.0540771484375,-0.0032958984375,0.1402587890625,0.8980712890625,-0.406005859375,0.015057107676630436,0.16819431470788043
239,0.78448486328125,0.00762939453125,-0.6097412109375,-0.1124267578125,0.76239013671875,0.60302734375,0.233642578125,0.0208740234375,0.49169921875,-0.04693603515625,0.8634033203125,0.10198974609375,0.96356201171875,0.10308837890625,0.23529052734375,0.07440185546875,0.98858642578125,-0.0540771484375,-0.00323486328125,0.14031982421875,0.8980712890625,-0.406005859375,0.01507568359375,0.168212890625
240,0.78448486328125,0.00750732421875,-0.6097412109375,-0.1124267578125,0.7623291015625,0.60308837890625,0.23358154296875,0.02081298828125,0.49169921875,-0.04681396484375,0.8634033203125,0.10205078125,0.9635009765625,0.1031043011209239,0.23529052734375,0.07439389436141305,0.98858642578125,-0.053955078125,-0.003173828125,0.1402587890625,0.8980792501698369,-0.405936863111413,0.015242866847826097,0.1682580035665761
241,0.78448486328125,0.00750732421875,-0.6097412109375,-0.1124267578125,0.76239013671875,0.60302734375,0.233642578125,0.02093505859375,0.49169921875,-0.04693603515625,0.86346435546875,0.10198974609375,0.9635009765625,0.10308837890625,0.23529052734375,0.07440185546875,0.98858642578125,-0.05401611328125,-0.003173828125,0.14031982421875,0.8980712890625,-0.40594482421875,0.0152587890625,0.16827392578125
242,0.78448486328125,0.00750732421875,-0.6097412109375,-0.1124267578125,0.7623874830163043,0.60302734375,0.233642578125,0.020940365998641308,0.49176025390625,-0.04693603515625,0.8634033203125,0.10205078125,0.96356201171875,0.10302734375,0.23529052734375,0.074462890625,0.98858642578125,-0.05401611328125,-0.00323486328125,0.1402587890625,0.8980712890625,-0.40594482421875,0.01507568359375,0.16827392578125
243,0.78448486328125,0.00750732421875,-0.6097412109375,-0.1124267578125,0.7623291015625,0.60302734375,0.233642578125,0.02105712890625,0.49176025390625,-0.04693603515625,0.8634033203125,0.10205078125,0.96356201171875,0.10302734375,0.23529052734375,0.074462890625,0.98858642578125,-0.05401611328125,-0.00323486328125,0.1402587890625,0.8980712890625,-0.40594482421875,0.01507568359375,0.16827392578125
244,0.7845458984375,0.007568359375,-0.60968017578125,-0.1124267578125,0.7623768682065217,0.60302734375,0.23360807999320654,0.021091627038043466,0.49176025390625,-0.04693603515625,0.8634033203125,0.10205078125,0.9635009765625,0.10302734375,0.23529052734375,0.074462890625,0.98858642578125,-0.05401611328125,-0.00323486328125,0.1402587890625,0.89813232421875,-0.40594482421875,0.0150146484375,0.168212890625
245,0.7845458984375,0.007568359375,-0.60968017578125,-0.1124267578125,0.7623291015625,0.60302734375,0.23370361328125,0.02099609375,0.49176025390625,-0.04693603515625,0.8634033203125,0.10205078125,0.9635009765625,0.10302734375,0.23529052734375,0.074462890625,0.98858642578125,-0.05401611328125,-0.00323486328125,0.1402587890625,0.89813232421875,-0.40594482421875,0.0150146484375,0.168212890625
246,0.78460693359375,0.00762939453125,-0.60955810546875,-0.11248779296875,0.7623662533967391,0.6030512270720109,0.23369034476902176,0.021070397418478253,0.49163818359375,-0.04705810546875,0.86346435546875,0.1021728515625,0.9635009765625,0.10296630859375,0.2354736328125,0.07452392578125,0.98858642578125,-0.05401611328125,-0.00323486328125,0.140380859375,0.8980712890625,-0.406005859375,0.01507568359375,0.16827392578125
247,0.78460693359375,0.00762939453125,-0.60955810546875,-0.11248779296875,0.7623291015625,0.60308837890625,0.2337646484375,0.02099609375,0.49163818359375,-0.04705810546875,0.86346435546875,0.1021728515625,0.9635009765625,0.10296630859375,0.2354736328125,0.07452392578125,0.98858642578125,-0.05401611328125,-0.00323486328125,0.140380859375,0.8980712890625,-0.406005859375,0.01507568359375,0.16827392578125
248,0.78466796875,0.00762939453125,-0.6094970703125,-0.112548828125,0.76226806640625,0.60308837890625,0.23370361328125,0.0211181640625,0.49169921875,-0.04705810546875,0.8634033203125,0.1021728515625,0.9635009765625,0.10302734375,0.23553466796875,0.074462890625,0.98858642578125,-0.05401611328125,-0.003226902173913042,0.14037289826766305,0.89813232421875,-0.40594482421875,0.01507568359375,0.1680908203125
249,0.78466796875,0.00762939453125,-0.6094970703125,-0.112548828125,0.7623291015625,0.60308837890625,0.23370361328125,0.02117919921875,0.49169921875,-0.04705810546875,0.8634033203125,0.1021728515625,0.9635009765625,0.10302734375,0.23553466796875,0.074462890625,0.98858642578125,-0.05401611328125,-0.003173828125,0.14031982421875,0.89813232421875,-0.40594482421875,0.01507568359375,0.1680908203125
250,0.78460693359375,0.00762939453125,-0.60955810546875,-0.112548828125,0.7623291015625,0.60308837890625,0.2337646484375,0.0211181640625,0.49169921875,-0.0469970703125,0.8634033203125,0.10211181640625,0.9635009765625,0.10308837890625,0.2354736328125,0.07440185546875,0.98858642578125,-0.05401611328125,-0.0029615319293478178,0.14027471127717392,0.89813232421875,-0.40594482421875,0.01519775390625,0.16802978515625
251,0.78460693359375,0.00762939453125,-0.60955810546875,-0.112548828125,0.7623291015625,0.60308837890625,0.2337646484375,0.021240234375,0.49169921875,-0.0469970703125,0.8634033203125,0.10211181640625,0.9635009765625,0.10308837890625,0.2354736328125,0.07440185546875,0.98858642578125,-0.05401611328125,-0.0029296875,0.1402587890625,0.89813232421875,-0.40594482421875,0.01519775390625,0.16802978515625
252,0.78466796875,0.0076904296875,-0.60943603515625,-0.112548828125,0.76239013671875,0.60302734375,0.23370361328125,0.0213623046875,0.49169921875,-0.047119140625,0.8634033203125,0.1021728515625,0.9635009765625,0.10302734375,0.23541259765625,0.07440185546875,0.98858642578125,-0.0540771484375,-0.003224248471467394,0.1403702445652174,0.89813232421875,-0.40594482421875,0.01507568359375,0.1680908203125
253,0.78466796875,0.0076904296875,-0.60943603515625,-0.112548828125,0.76239013671875,0.60296630859375,0.23382568359375,0.02130126953125,0.49169921875,-0.047119140625,0.8634033203125,0.1021728515625,0.9635009765625,0.10302734375,0.23541259765625,0.07440185546875,0.98858642578125,-0.0540771484375,-0.00323486328125,0.140380859375,0.89813232421875,-0.40594482421875,0.01507568359375,0.1680908203125
254,0.7847900390625,0.00762939453125,-0.609375,-0.11248779296875,0.7623795219089674,0.6029769234035326,0.23365319293478262,0.021306576936141308,0.49176025390625,-0.04705810546875,0.8634033203125,0.10223388671875,0.9635009765625,0.10308837890625,0.23541259765625,0.074462890625,0.98858642578125,-0.053955078125,-0.00335693359375,0.140380859375,0.89813232421875,-0.40594482421875,0.0150146484375,0.1680908203125
255,0.7847900390625,0.00775146484375,-0.609375,-0.1124267578125,0.76239013671875,0.60296630859375,0.2337646484375,0.0213623046875,0.49176025390625,-0.04718017578125,0.8634033203125,0.10211181640625,0.9635009765625,0.1031494140625,0.2354736328125,0.07440185546875,0.98858642578125,-0.0540771484375,-0.00335693359375,0.14044189453125,0.8980712890625,-0.40606689453125,0.0150146484375,0.1680908203125
256,0.7847900390625,0.00775146484375,-0.609375,-0.1124267578125,0.7623582922894022,0.6029981530230978,0.2337646484375,0.021378226902173916,0.49176025390625,-0.04705810546875,0.86334228515625,0.10235595703125,0.9635009765625,0.1031494140625,0.2354736328125,0.07440185546875,0.98858642578125,-0.053955078125,-0.00335693359375,0.14031982421875,0.898193359375,-0.4058837890625,0.014892578125,0.16802978515625
257,0.78472900390625,0.0079345703125,-0.60943603515625,-0.1124267578125,0.7623291015625,0.60296630859375,0.23388671875,0.02142333984375,0.49169921875,-0.0472412109375,0.8634033203125,0.102294921875,0.9635009765625,0.10308837890625,0.2354736328125,0.0743408203125,0.98858642578125,-0.0540771484375,-0.0032958984375,0.14044189453125,0.8980712890625,-0.406005859375,0.01495361328125,0.16815185546875
258,0.78472900390625,0.0079345703125,-0.60943603515625,-0.1124267578125,0.7623821756114131,0.6029397715692935,0.2338601817255435,0.021476413892663044,0.49176025390625,-0.04718017578125,0.86334228515625,0.10223388671875,0.9635009765625,0.10308837890625,0.2354736328125,0.0743408203125,0.98858642578125,-0.05419921875,-0.00311279296875,0.14031982421875,0.89813232421875,-0.406005859375,0.014892578125,0.16802978515625
259,0.78466796875,0.0078125,-0.60955810546875,-0.11248779296875,0.7623291015625,0.60296630859375,0.23388671875,0.02142333984375,0.49163818359375,-0.047119140625,0.8634033203125,0.10235595703125,0.96343994140625,0.10308837890625,0.23553466796875,0.07440185546875,0.98858642578125,-0.0540771484375,-0.00299072265625,0.14031982421875,0.898193359375,-0.4058837890625,0.0150146484375,0.1680908203125
260,0.78466796875,0.0078125,-0.60955810546875,-0.11248779296875,0.7623662533967391,0.60296630859375,0.23384956691576086,0.021460491677989132,0.49176025390625,-0.047119140625,0.8634033203125,0.10223388671875,0.96343994140625,0.10308837890625,0.23553466796875,0.07440185546875,0.98858642578125,-0.05413818359375,-0.003173828125,0.14031982421875,0.8980712890625,-0.40606689453125,0.0150146484375,0.1680908203125
261,0.78460693359375,0.00775146484375,-0.60955810546875,-0.1124267578125,0.76239013671875,0.60296630859375,0.23382568359375,0.02142333984375,0.49169921875,-0.04705810546875,0.8634033203125,0.1021728515625,0.9635009765625,0.1031494140625,0.23553466796875,0.07427978515625,0.98858642578125,-0.0540771484375,-0.00311279296875,0.1402587890625,0.8980712890625,-0.406005859375,0.01507568359375,0.1680908203125
262,0.78460693359375,0.00775146484375,-0.60955810546875,-0.1124267578125,0.7623423700747283,0.6030140752377717,0.23382568359375,0.02142333984375,0.49176025390625,-0.046875,0.86334228515625,0.10223388671875,0.9635009765625,0.1031494140625,0.23553466796875,0.07427978515625,0.98858642578125,-0.05401611328125,-0.00299072265625,0.1402587890625,0.89813232421875,-0.406005859375,0.01519775390625,0.16802978515625
263,0.78466796875,0.00787353515625,-0.60955810546875,-0.11236572265625,0.76239013671875,0.6029052734375,0.23382568359375,0.02142333984375,0.4918212890625,-0.0469970703125,0.86334228515625,0.1021728515625,0.96343994140625,0.10308837890625,0.23553466796875,0.0743408203125,0.98858642578125,-0.05413818359375,-0.0030517578125,0.1402587890625,0.8980712890625,-0.4061279296875,0.01513671875,0.16802978515625
264,0.78466796875,0.00787353515625,-0.60955810546875,-0.11236572265625,0.7623317552649457,0.6029636548913043,0.23400082795516305,0.02148172129755435,0.49169921875,-0.04693603515625,0.8634033203125,0.10223388671875,0.96343994140625,0.10308837890625,0.23553466796875,0.0743408203125,0.98858642578125,-0.0540771484375,-0.0029296875,0.1402587890625,0.89813232421875,-0.40594482421875,0.01513671875,0.16802978515625
265,0.78466796875,0.0079345703125,-0.6094970703125,-0.1123046875,0.76239013671875,0.6029052734375,0.23394775390625,0.021484375,0.4916965650475543,-0.046943996263586966,0.8634033203125,0.1021728515625,0.96343994140625,0.10302734375,0.2357177734375,0.07440185546875,0.98858642578125,-0.05419921875,-0.00299072265625,0.1402587890625,0.89813232421875,-0.4060032056725543,0.01513671875,0.1680350925611413
266,0.78466796875,0.0079345703125,-0.6094970703125,-0.1123046875,0.762451171875,0.602783203125,0.23406982421875,0.02154541015625,0.49163818359375,-0.047119140625,0.8634033203125,0.1021728515625,0.96343994140625,0.10302734375,0.2357177734375,0.07440185546875,0.98858642578125,-0.0540771484375,-0.00299072265625,0.140380859375,0.89813232421875,-0.40594482421875,0.01513671875,0.16815185546875
267,0.78472900390625,0.00787353515625,-0.6094970703125,-0.11224365234375,0.762451171875,0.602783203125,0.2340087890625,0.021484375,0.49168595023777173,-0.047036875849184784,0.8634033203125,0.10215958305027174,0.96343994140625,0.10302734375,0.23577880859375,0.074462890625,0.98858642578125,-0.0540771484375,-0.0030517578125,0.1402587890625,0.89813232421875,-0.40595809273097827,0.01513671875,0.16804305366847827
268,0.78472900390625,0.00787353515625,-0.6094970703125,-0.11224365234375,0.76251220703125,0.6026611328125,0.2340087890625,0.021484375,0.49163818359375,-0.04718017578125,0.8634033203125,0.10211181640625,0.96343994140625,0.10302734375,0.23577880859375,0.074462890625,0.98858642578125,-0.05413818359375,-0.0030517578125,0.140380859375,0.89813232421875,-0.406005859375,0.01513671875,0.1680908203125
269,0.78472900390625,0.0078125,-0.6094970703125,-0.11224365234375,0.76251220703125,0.60272216796875,0.2340087890625,0.021484375,0.49166206691576086,-0.047166907269021736,0.8634033203125,0.10214896824048914,0.96337890625,0.10302734375,0.23583984375,0.074462890625,0.98858642578125,-0.0540771484375,-0.0030517578125,0.140380859375,0.8981084408967391,-0.40596870754076086,0.015173870584239132,0.16807755180027173
270,0.78472900390625,0.0078125,-0.6094970703125,-0.11224365234375,0.7625732421875,0.60260009765625,0.2340087890625,0.021484375,0.49169921875,-0.0472412109375,0.8634033203125,0.10211181640625,0.96337890625,0.10302734375,0.23583984375,0.074462890625,0.98858642578125,-0.05413818359375,-0.00299072265625,0.140380859375,0.8980712890625,-0.406005859375,0.01513671875,0.16815185546875
271,0.78472900390625,0.0076904296875,-0.60943603515625,-0.1123046875,0.76251220703125,0.60272216796875,0.23394775390625,0.02154541015625,0.49173371688179346,-0.04714567764945652,0.8634033203125,0.10210385529891304,0.96337890625,0.10302734375,0.23583984375,0.07452392578125,0.98858642578125,-0.05401611328125,-0.0030517578125,0.140380859375,0.89813232421875,-0.40591828719429346,0.015171216881793478,0.1680563221807065
272,0.78472900390625,0.0076904296875,-0.60943603515625,-0.1123046875,0.7626953125,0.60260009765625,0.23382568359375,0.021484375,0.49176025390625,-0.047119140625,0.8634033203125,0.10205078125,0.96337890625,0.10298753821331522,0.23587964928668478,0.07448412024456522,0.98858642578125,-0.05413818359375,-0.00299072265625,0.140380859375,0.89813232421875,-0.40594482421875,0.01519775390625,0.16802978515625
273,0.78472900390625,0.00762939453125,-0.6094970703125,-0.1123046875,0.76263427734375,0.60260009765625,0.23388671875,0.021484375,0.49176025390625,-0.04705810546875,0.8634033203125,0.10200566830842392,0.96337890625,0.10302734375,0.2359619140625,0.07440185546875,0.98858642578125,-0.05413818359375,-0.0029296875,0.140380859375,0.89813232421875,-0.40594482421875,0.015333092730978255,0.16802978515625
274,0.78472900390625,0.00762939453125,-0.6094970703125,-0.1123046875,0.76263427734375,0.60260009765625,0.23394775390625,0.02154541015625,0.49176025390625,-0.04705810546875,0.8634033203125,0.10198974609375,0.9633284859035326,0.10302734375,0.23606275475543478,0.07440185546875,0.98858642578125,-0.05413818359375,-0.0028076171875,0.140380859375,0.89813232421875,-0.40594482421875,0.015380859375,0.16802978515625
275,0.78472900390625,0.00762939453125,-0.6094970703125,-0.1123046875,0.76263427734375,0.60260009765625,0.23394775390625,0.02154541015625,0.49176025390625,-0.04716956097146739,0.8634033203125,0.10210120159646739,0.96331787109375,0.10302734375,0.236083984375,0.07440185546875,0.98858642578125,-0.05413818359375,-0.0028076171875,0.140380859375,0.8981880519701086,-0.4058890964673913,0.015269403872282606,0.1679740574048913
276,0.78466796875,0.00775146484375,-0.6094970703125,-0.1123046875,0.7626953125,0.60247802734375,0.2340087890625,0.0216064453125,0.49169921875,-0.04730224609375,0.8634033203125,0.10211181640625,0.96331787109375,0.10302734375,0.2362060546875,0.0743408203125,0.98858642578125,-0.05413818359375,-0.0028076171875,0.14031982421875,0.89813232421875,-0.40594482421875,0.0152587890625,0.1680908203125
277,0.78466796875,0.00775146484375,-0.6094970703125,-0.1123046875,0.7626953125,0.60247802734375,0.2340087890625,0.0216064453125,0.49176025390625,-0.0472412109375,0.8634033203125,0.10205078125,0.96331787109375,0.10302734375,0.2362060546875,0.0743408203125,0.98858642578125,-0.05414879840353261,-0.002812924592391303,0.1403251316236413,0.89813232421875,-0.40594482421875,0.01519775390625,0.16802978515625
278,0.78472900390625,0.0076904296875,-0.60943603515625,-0.11236572265625,0.7626953125,0.60247802734375,0.2340087890625,0.02166748046875,0.4918212890625,-0.04718017578125,0.86334228515625,0.10211181640625,0.96331787109375,0.1029052734375,0.2362060546875,0.074462890625,0.98858642578125,-0.05413818359375,-0.00299072265625,0.140380859375,0.898193359375,-0.4058837890625,0.01507568359375,0.16802978515625
279,0.78472900390625,0.0076904296875,-0.60943603515625,-0.11236572265625,0.7626953125,0.60247802734375,0.2340087890625,0.02166748046875,0.4918212890625,-0.0472412109375,0.86334228515625,0.10205078125,0.96331787109375,0.1029052734375,0.2362060546875,0.074462890625,0.988570503566576,-0.05415410580842391,-0.0028951893682065363,0.14042862601902173,0.8980712890625,-0.406005859375,0.01531982421875,0.16815185546875
280,0.7847900390625,0.007568359375,-0.60931396484375,-0.11236572265625,0.7626953125,0.6025390625,0.23382568359375,0.0216064453125,0.491943359375,-0.047119140625,0.86328125,0.10211181640625,0.9632568359375,0.10284423828125,0.23638916015625,0.074462890625,0.98858642578125,-0.05413818359375,-0.00274658203125,0.1405029296875,0.89813232421875,-0.4058837890625,0.01519775390625,0.16802978515625
281,0.7847900390625,0.007568359375,-0.60931396484375,-0.11236572265625,0.7626953125,0.6025390625,0.23382568359375,0.0216064453125,0.4918212890625,-0.04718017578125,0.86334228515625,0.10223388671875,0.9632568359375,0.10284423828125,0.23638916015625,0.074462890625,0.9885598887567935,-0.05413818359375,-0.0026669709578804363,0.14055600373641305,0.89813232421875,-0.4058837890625,0.01544189453125,0.1680908203125
282,0.784912109375,0.00762939453125,-0.6092529296875,-0.1123046875,0.7626953125,0.60247802734375,0.2340087890625,0.02166748046875,0.491943359375,-0.0472412109375,0.86328125,0.1021728515625,0.963134765625,0.10247802734375,0.2369384765625,0.07476806640625,0.988525390625,-0.05419921875,-0.002685546875,0.140625,0.89813232421875,-0.406005859375,0.01531982421875,0.16802978515625
283,0.784912109375,0.00762939453125,-0.6092529296875,-0.1123046875,0.7626953125,0.60247802734375,0.2340087890625,0.02166748046875,0.4918212890625,-0.04736328125,0.86334228515625,0.10211181640625,0.963134765625,0.10247802734375,0.2369384765625,0.07476806640625,0.988525390625,-0.05419921875,-0.0025369395380434663,0.14069930366847827,0.89813232421875,-0.40594482421875,0.015380859375,0.16815185546875
284,0.784912109375,0.00762939453125,-0.60919189453125,-0.11224365234375,0.76275634765625,0.60235595703125,0.234130859375,0.0216064453125,0.4918212890625,-0.04730224609375,0.86334228515625,0.10211181640625,0.963134765625,0.10235595703125,0.2371826171875,0.07476806640625,0.988525390625,-0.05426025390625,-0.00244140625,0.1407470703125,0.89813232421875,-0.40594482421875,0.015380859375,0.1680908203125
285,0.784912109375,0.00762939453125,-0.60919189453125,-0.11224365234375,0.76275634765625,0.60235595703125,0.234130859375,0.0216064453125,0.4918212890625,-0.04742431640625,0.86334228515625,0.10205078125,0.963134765625,0.10235595703125,0.2371826171875,0.07476806640625,0.988525390625,-0.05430802055027174,-0.0025369395380434915,0.1407470703125,0.8980712890625,-0.40606689453125,0.01544189453125,0.1680908203125
286,0.784912109375,0.007568359375,-0.60919189453125,-0.1123046875,0.7628173828125,0.602294921875,0.23419189453125,0.021728515625,0.4918212890625,-0.04736328125,0.86334228515625,0.1021728515625,0.963134765625,0.10235595703125,0.23712158203125,0.0748291015625,0.988525390625,-0.05419921875,-0.0025634765625,0.1407470703125,0.89813232421875,-0.40594482421875,0.01544189453125,0.1680908203125
287,0.784912109375,0.007568359375,-0.60919189453125,-0.1123046875,0.7628173828125,0.602294921875,0.23419189453125,0.021728515625,0.49188232421875,-0.0474853515625,0.86328125,0.10211181640625,0.963134765625,0.10235595703125,0.23712158203125,0.0748291015625,0.988525390625,-0.05419921875,-0.0025050951086956486,0.1407470703125,0.89813232421875,-0.40594482421875,0.0152587890625,0.1680908203125
288,0.78497314453125,0.007568359375,-0.60919189453125,-0.11224365234375,0.76287841796875,0.60223388671875,0.2340087890625,0.021728515625,0.49188232421875,-0.0474853515625,0.86328125,0.10205078125,0.96307373046875,0.102294921875,0.2373046875,0.0748291015625,0.988525390625,-0.05426025390625,-0.00250244140625,0.14068603515625,0.89813232421875,-0.406005859375,0.0152587890625,0.16802978515625
289,0.78497314453125,0.007568359375,-0.60919189453125,-0.11224365234375,0.762862495754076,0.6022418478260869,0.23403267238451086,0.021728515625,0.49188232421875,-0.04742431640625,0.86328125,0.10211181640625,0.96307373046875,0.10228696076766304,0.23732060971467392,0.0748291015625,0.988525390625,-0.05419921875,-0.00250244140625,0.1407470703125,0.89813232421875,-0.40594482421875,0.01531982421875,0.16802978515625
290,0.78497314453125,0.007568359375,-0.609130859375,-0.1123046875,0.76275634765625,0.602294921875,0.23419189453125,0.0218505859375,0.49193009086277173,-0.047437584918478264,0.86328125,0.10222592561141307,0.96307373046875,0.10223388671875,0.23736572265625,0.07489013671875,0.988525390625,-0.05413818359375,-0.0025634765625,0.1407470703125,0.89813232421875,-0.40594482421875,0.0152587890625,0.1680908203125
291,0.78497314453125,0.007568359375,-0.609130859375,-0.1123046875,0.76275634765625,0.602294921875,0.23419189453125,0.0218505859375,0.49188232421875,-0.0474853515625,0.86328125,0.1024169921875,0.9630551545516304,0.10221531080163043,0.23744002632472827,0.07489013671875,0.988525390625,-0.0540771484375,-0.00244140625,0.1407470703125,0.898193359375,-0.40582275390625,0.01507568359375,0.16802978515625
292,0.78497314453125,0.0076904296875,-0.609130859375,-0.11236572265625,0.76275634765625,0.60223388671875,0.2342529296875,0.02191162109375,0.49184517238451086,-0.04758353855298913,0.86328125,0.10234534222146738,0.9630126953125,0.10211181640625,0.2376708984375,0.074951171875,0.988525390625,-0.05413818359375,-0.00250244140625,0.140869140625,0.89813232421875,-0.4058837890625,0.0150146484375,0.16815185546875
293,0.78497314453125,0.0076904296875,-0.609130859375,-0.11236572265625,0.7627855383831522,0.60223388671875,0.23419454823369565,0.02191162109375,0.49188232421875,-0.04754638671875,0.86328125,0.10223388671875,0.9630126953125,0.10208262567934782,0.23772927989130435,0.07489279042119565,0.988525390625,-0.0543212890625,-0.0023193359375,0.140869140625,0.89813232421875,-0.406005859375,0.01519775390625,0.16802978515625
294,0.784912109375,0.00762939453125,-0.60919189453125,-0.11236572265625,0.76275634765625,0.602294921875,0.23419189453125,0.0218505859375,0.491829250169837,-0.04745085343070652,0.8633077870244565,0.10239841627038045,0.96295166015625,0.10211181640625,0.23785400390625,0.0748291015625,0.988525390625,-0.0543212890625,-0.002197265625,0.14080810546875,0.89813232421875,-0.40594482421875,0.01531982421875,0.16802978515625
295,0.784912109375,0.00762939453125,-0.60919189453125,-0.11236572265625,0.7626369310461957,0.6024143384850543,0.23427150560461957,0.021810780400815213,0.49188232421875,-0.04742431640625,0.86328125,0.10247802734375,0.96295166015625,0.10215162194293478,0.23793361497961957,0.07486890709918478,0.988525390625,-0.05413818359375,-0.00225830078125,0.14080810546875,0.89813232421875,-0.4058837890625,0.01531982421875,0.16802978515625
296,0.78497314453125,0.0078125,-0.609130859375,-0.11236572265625,0.7626953125,0.60235595703125,0.23431396484375,0.02191162109375,0.49180802055027173,-0.04765253481657609,0.863265327785326,0.1024621051290761,0.96295166015625,0.10198974609375,0.2379150390625,0.07501220703125,0.988525390625,-0.0543212890625,-0.0023193359375,0.140869140625,0.8980712890625,-0.40606689453125,0.01519775390625,0.1680908203125
297,0.78497314453125,0.0078125,-0.609130859375,-0.11236572265625,0.7627961531929348,0.6022551163383152,0.2342635444972826,0.021962041440217395,0.49176025390625,-0.04766845703125,0.86328125,0.10247802734375,0.9629012398097826,0.10193932574728261,0.2380663001019022,0.07501220703125,0.98846435546875,-0.0543212890625,-0.00201416015625,0.14093017578125,0.89813232421875,-0.406005859375,0.0152587890625,0.16802978515625
298,0.78497314453125,0.00775146484375,-0.60919189453125,-0.11236572265625,0.76275634765625,0.602294921875,0.23431396484375,0.02191162109375,0.4918664020040761,-0.047551694123641304,0.8632865574048914,0.1023718792459239,0.962890625,0.10198974609375,0.2381591796875,0.074951171875,0.98846435546875,-0.05426025390625,-0.00201416015625,0.14093017578125,0.89813232421875,-0.40594482421875,0.01531982421875,0.16802978515625
299,0.78497314453125,0.00775146484375,-0.60919189453125,-0.11236572265625,0.7626953125,0.60235595703125,0.23431396484375,0.0220947265625,0.49188232421875,-0.04754638671875,0.86328125,0.10235595703125,0.96295166015625,0.1019287109375,0.23797607421875,0.0750732421875,0.98846435546875,-0.05438232421875,-0.002197265625,0.14093017578125,0.8980712890625,-0.40606689453125,0.015380859375,0.16802978515625
