timestep,imu0_w,imu0_x,imu0_y,imu0_z,imu1_w,imu1_x,imu1_y,imu1_z,imu2_w,imu2_x,imu2_y,imu2_z,imu3_w,imu3_x,imu3_y,imu3_z,imu4_w,imu4_x,imu4_y,imu4_z,imu5_w,imu5_x,imu5_y,imu5_z
0,0.681640625,0.10223388671875,-0.6722412109375,-0.27008056640625,0.93194580078125,0.291259765625,0.03656005859375,-0.21258544921875,-0.408935546875,-0.32208251953125,0.8516845703125,-0.0594482421875,-0.37884521484375,-0.12677001953125,0.8338623046875,-0.38067626953125,-0.193115234375,-0.11962890625,0.92071533203125,-0.317138671875,-0.29217529296875,0.014404296875,0.86737060546875,-0.4024658203125
1,0.6814893639605978,0.10228430706521739,-0.6724428923233695,-0.26987888502038043,0.9317945397418478,0.29171354874320654,0.036660899286684784,-0.21273671025815216,-0.40903638756793476,-0.32218336022418476,0.8516341499660326,-0.05919614045516304,-0.379097316576087,-0.12671959918478262,0.8337110436480978,-0.38082753057065216,-0.19336733610733695,-0.11957848590353261,0.9206144913383152,-0.31728993291440216,-0.29232655400815216,0.014152195142663044,0.8674210258152174,-0.40226413892663043
2,0.68145751953125,0.102294921875,-0.6724853515625,-0.26983642578125,0.9317626953125,0.29180908203125,0.03668212890625,-0.2127685546875,-0.4090576171875,-0.32220458984375,0.85162353515625,-0.05914306640625,-0.37911058508831524,-0.1269876231317935,0.8337588102921195,-0.3806205417798913,-0.19342041015625,-0.11980670431385869,0.9206330672554348,-0.31704313858695654,-0.2923583984375,0.01409912109375,0.867431640625,-0.4022216796875
3,0.6814283288043478,0.10241168478260869,-0.6725437330163043,-0.26969047214673914,0.9317335045855978,0.2918674634850543,0.036886463994565216,-0.21273936396059784,-0.4090576171875,-0.32223378057065216,0.8515943444293478,-0.05914306640625,-0.3791477369225543,-0.1270486582880435,0.8337136973505435,-0.38063911769701086,-0.19347879161005435,-0.11987570057744565,0.9205959154211957,-0.317069675611413,-0.29238758916440216,0.014011548913043478,0.8674024498980978,-0.40225087041440216
4,0.6813779084578805,0.10255763841711957,-0.6726445737092391,-0.26945694633152173,0.9317202360733695,0.2918754245923913,0.037109375,-0.21274467136548914,-0.4091133449388587,-0.3222098972486413,0.8515625,-0.05918021824048913,-0.37923000169836957,-0.12697170091711957,0.8336181640625,-0.38077976392663043,-0.19354248046875,-0.11984916355298914,0.9205322265625,-0.31727931810461957,-0.29245658542798914,0.013971743376358696,0.8673334536345109,-0.4023384425951087
5,0.68133544921875,0.10260009765625,-0.6727294921875,-0.269287109375,0.931746773097826,0.29177989130434784,0.037109375,-0.21282162873641305,-0.40919295601222827,-0.32208251953125,0.8515863833220109,-0.059233292289402176,-0.37922469429347827,-0.12701416015625,0.8336500084918478,-0.3807213824728261,-0.19349471382472827,-0.11991815981657608,0.920548148777174,-0.3173058551290761,-0.29250169836956524,0.014083198879076086,0.8672724184782609,-0.4024498980978261
6,0.68133544921875,0.10260009765625,-0.6727294921875,-0.269287109375,0.9316459324048914,0.2919815726902174,0.037109375,-0.21277120838994565,-0.4088904339334239,-0.32208251953125,0.8517376443614131,-0.05903161090353261,-0.3789221722146739,-0.12701416015625,0.8338516898777174,-0.3806205417798913,-0.19319219174592392,-0.11981731912364131,0.9206489894701086,-0.3172050144361413,-0.29224959663722827,0.013982358186141304,0.8674236795176631,-0.4023490574048913
7,0.6811921492866848,0.10264786430027174,-0.6729683254076086,-0.26919157608695654,0.931640625,0.29194442085597827,0.037157141644021736,-0.2130073879076087,-0.40877897843070654,-0.32198698624320654,0.8518411387567935,-0.058973229449728264,-0.3791450832201087,-0.12701416015625,0.8337190047554348,-0.38075853430706524,-0.1934151027513587,-0.11985977836277174,0.9205587635869565,-0.31734300696331524,-0.29214079483695654,0.01397705078125,0.867431640625,-0.40239151664402173
8,0.68115234375,0.1026611328125,-0.67303466796875,-0.2691650390625,0.931640625,0.29193115234375,0.03717041015625,-0.21307373046875,-0.40875244140625,-0.32196044921875,0.85186767578125,-0.0589599609375,-0.3789513629415761,-0.12697700832201086,0.8338278065557065,-0.3806868843410326,-0.1933328379755435,-0.11976159137228261,0.9206065302309783,-0.3172713569972826,-0.2921142578125,0.01397705078125,0.867431640625,-0.40240478515625
9,0.6810727326766305,0.10279381793478261,-0.6731142790421195,-0.269111965013587,0.931640625,0.29161270805027173,0.037488854449728264,-0.21339217476222827,-0.408805515455163,-0.3218277640964674,0.8518942128057065,-0.05893342391304348,-0.378837253736413,-0.12687351392663043,0.83392333984375,-0.38058869735054346,-0.19329037873641305,-0.11974301545516304,0.9205746858016305,-0.31735892917798914,-0.2921142578125,0.014056661854619566,0.8674051036005435,-0.40243132218070654
10,0.68096923828125,0.10309368631114131,-0.6731859290081522,-0.26907481317934784,0.9316883916440217,0.29116688603940216,0.037870987601902176,-0.21369469684103262,-0.40884266728940216,-0.3217189622961957,0.851912788722826,-0.05901038128396739,-0.37882663892663043,-0.12681778617527173,0.833907417629076,-0.38064973250679346,-0.19331160835597827,-0.11978016728940218,0.920487113620924,-0.31756591796875,-0.29201872452445654,0.01411238960597826,0.86737060546875,-0.40256135360054346
11,0.68096923828125,0.10345458984375,-0.673095703125,-0.2691650390625,0.9318131156589674,0.291023586107337,0.03784445057744565,-0.21348505434782608,-0.40877367102581524,-0.32186756963315216,0.8518729831861414,-0.05929963485054348,-0.37863822605298914,-0.12692128057065216,0.8338623046875,-0.38089387313179346,-0.19317626953125,-0.11968994140625,0.9205322265625,-0.31756591796875,-0.29177989130434784,0.01401420261548913,0.86737060546875,-0.40281080163043476
12,0.68096923828125,0.10345458984375,-0.673095703125,-0.2691650390625,0.9317122749660326,0.290519382642663,0.03844949473505435,-0.21449346127717392,-0.40897535241168476,-0.32156504755434784,0.8519234035326086,-0.05904753311820652,-0.37899116847826086,-0.12661875849184784,0.8338623046875,-0.38064177139945654,-0.19317626953125,-0.11968994140625,0.9205322265625,-0.31756591796875,-0.29208241338315216,0.01436714504076087,0.86737060546875,-0.40260912024456524
13,0.6811045771059783,0.10390571925951086,-0.6728250254755435,-0.26930037788722827,0.9318369989809783,0.2896091627038043,0.038648522418478264,-0.21500562584918478,-0.40908680791440216,-0.3214880901834239,0.851883597995924,-0.05933678668478261,-0.37857719089673914,-0.12672225288722827,0.833907417629076,-0.3809310249660326,-0.19313115658967392,-0.11946437669836957,0.9205322265625,-0.31770125679347827,-0.29197891898777173,0.014765200407608696,0.8672803795855978,-0.40281345533288043
14,0.68115234375,0.10406494140625,-0.6727294921875,-0.26934814453125,0.931884765625,0.289306640625,0.0386962890625,-0.21514892578125,-0.40911865234375,-0.32147216796875,0.85186767578125,-0.0594482421875,-0.37876295006793476,-0.12649403447690216,0.8338543435801631,-0.380973484205163,-0.19352921195652173,-0.11900528617527174,0.9204632302989131,-0.31785251783288043,-0.29193115234375,0.014892578125,0.86724853515625,-0.40289306640625
15,0.6812717603600543,0.10420824133831522,-0.6725384256114131,-0.2694675611413043,0.9319802989130435,0.2888767408288043,0.03852910580842391,-0.2153877590013587,-0.40921418563179346,-0.3214005180027174,0.8518199091372283,-0.059591542119565216,-0.37907608695652173,-0.12609067170516305,0.8337773862092391,-0.38096817680027173,-0.19356105638586957,-0.11878502887228261,0.9204579228940217,-0.31795601222826086,-0.29193115234375,0.015155294667119566,0.8672007685122283,-0.40298859969429346
16,0.6815238620923914,0.10448422639266304,-0.6721217943274457,-0.26974619989809784,0.93212890625,0.28830088739809784,0.03818943189538043,-0.21563986073369565,-0.4092301078464674,-0.32138194208559784,0.8517721424932065,-0.05984099014945652,-0.37900443699048914,-0.12584653108016305,0.8338065769361414,-0.38104248046875,-0.193115234375,-0.11877706776494565,0.9205322265625,-0.31801970108695654,-0.29178519870923914,0.015510890794836956,0.8671928074048914,-0.40311067000679346
17,0.6817626953125,0.10467529296875,-0.67169189453125,-0.27008056640625,0.9321368673573369,0.2885795261548913,0.037889563519021736,-0.21525772758152173,-0.40876570991847827,-0.32168977156929346,0.8518729831861414,-0.059939177139945655,-0.378486965013587,-0.12601371433423914,0.83404541015625,-0.3810371730638587,-0.193115234375,-0.11834716796875,0.9205322265625,-0.318115234375,-0.2912650730298913,0.015354322350543478,0.8674289869225543,-0.4030124830163043
18,0.6817626953125,0.10467529296875,-0.67169189453125,-0.27008056640625,0.9322881283967391,0.2875206988790761,0.037637461786684784,-0.21616529381793478,-0.40901781165081524,-0.32118556810461957,0.851973823879076,-0.05998959748641304,-0.37863822605298914,-0.12555993121603262,0.83404541015625,-0.3809363323709239,-0.193115234375,-0.11834716796875,0.9205322265625,-0.318115234375,-0.2913659137228261,0.016009786854619564,0.8673785665760869,-0.402962062669837
19,0.6816777768342391,0.10476021144701086,-0.67169189453125,-0.2703353218410326,0.9322695524796195,0.287056300951087,0.03700322690217391,-0.21681810461956522,-0.40888778023097827,-0.32102103855298914,0.8521171238111414,-0.05991264011548913,-0.37857719089673914,-0.12578549592391305,0.83404541015625,-0.38096286939538043,-0.19303031589673914,-0.11821979025135869,0.9206171450407609,-0.31803031589673914,-0.291084621263587,0.016155740489130436,0.8674979831861414,-0.40291164232336957
20,0.681640625,0.10479736328125,-0.67169189453125,-0.27044677734375,0.9322509765625,0.28692626953125,0.0367431640625,-0.217041015625,-0.4088134765625,-0.32098388671875,0.8521728515625,-0.05987548828125,-0.3784126613451087,-0.12566077190896738,0.8341727878736414,-0.38088591202445654,-0.19283394191576086,-0.11803668478260869,0.9207179857336957,-0.3179294752038043,-0.29095458984375,0.01617431640625,0.8675537109375,-0.40289306640625
21,0.6815557065217391,0.10486105213994565,-0.6717555833899457,-0.27044677734375,0.9322297469429348,0.28694749915081524,0.03663701596467391,-0.21710470448369565,-0.40877101732336957,-0.32098388671875,0.8521940811820652,-0.05987548828125,-0.37827466881793476,-0.12546970533288043,0.83428955078125,-0.38079833984375,-0.19275167713994565,-0.11798361073369565,0.9207339079483695,-0.3179347826086957,-0.29086967136548914,0.016153086786684784,0.8675749405570652,-0.40289306640625
22,0.6813540251358695,0.10501231317934782,-0.6719280740489131,-0.270393703294837,0.9322111710258152,0.28690238620923914,0.036469832710597824,-0.21724535071331522,-0.40876570991847827,-0.32094142747961957,0.8522126570991848,-0.05991794752038043,-0.378287937330163,-0.12552808678668478,0.8342470915421195,-0.380851413892663,-0.19286047894021738,-0.11810302734375,0.9206436820652174,-0.31808604364809784,-0.290763523267663,0.016123896059782608,0.8675722868546195,-0.4029567552649457
23,0.68115234375,0.10516357421875,-0.67218017578125,-0.2701416015625,0.93231201171875,0.2864990234375,0.03662109375,-0.21734619140625,-0.40911865234375,-0.32073974609375,0.85211181640625,-0.06011962890625,-0.3785400390625,-0.12542724609375,0.83404541015625,-0.381103515625,-0.19281005859375,-0.11810302734375,0.92059326171875,-0.3182373046875,-0.291015625,0.01617431640625,0.86737060546875,-0.40325927734375
24,0.68115234375,0.10516357421875,-0.67218017578125,-0.2701416015625,0.9322615913722826,0.2871544879415761,0.036974036175271736,-0.2167411472486413,-0.408866550611413,-0.32084058678668476,0.8521622367527174,-0.060018788213315216,-0.3784896187160326,-0.12562892747961957,0.83404541015625,-0.3811539359714674,-0.19281005859375,-0.11810302734375,0.92059326171875,-0.3182373046875,-0.29086436396059784,0.015922214673913044,0.8674210258152174,-0.4033096976902174
25,0.6812319548233695,0.10516357421875,-0.6722199813179348,-0.2699027683423913,0.9322509765625,0.2871730638586957,0.036928923233695655,-0.21677299167798914,-0.40885328209918476,-0.3206229831861413,0.8522524626358695,-0.06007716966711957,-0.37851880944293476,-0.1254325534986413,0.8340056046195652,-0.38124416185461957,-0.19288966966711957,-0.11806322180706522,0.9205136506453805,-0.31839652683423914,-0.29087232506793476,0.016107973845108696,0.8673918350883152,-0.40339992357336957
26,0.6812744140625,0.10516357421875,-0.6722412109375,-0.269775390625,0.9322801672894022,0.2873429008152174,0.03712795091711957,-0.2164200492527174,-0.40884532099184784,-0.3206123683763587,0.8522365404211957,-0.06020720108695652,-0.37856922978940216,-0.1253927479619565,0.8339259935461957,-0.38137419327445654,-0.19296131963315216,-0.11818794582201086,0.9204128099524457,-0.3185982082201087,-0.2908935546875,0.01614777938179348,0.8673122240149457,-0.4035591457201087
27,0.6813115658967391,0.10505211871603261,-0.6722412109375,-0.2697196628736413,0.93231201171875,0.2877091117527174,0.037637461786684784,-0.21573804772418478,-0.40883205247961957,-0.32073974609375,0.8521728515625,-0.060302734375,-0.37867537788722827,-0.12546970533288043,0.8338251528532609,-0.38148830247961957,-0.19303031589673914,-0.11825428838315218,0.9203862729279891,-0.3186698581861413,-0.29096785835597827,0.016070822010869564,0.8671928074048914,-0.40372367527173914
28,0.6814283288043478,0.10475755774456522,-0.672225288722826,-0.2695763629415761,0.932296089504076,0.28799571161684784,0.038115128226902176,-0.21530284052309784,-0.40885062839673914,-0.32070790166440216,0.8522046959918478,-0.060270889945652176,-0.37884521484375,-0.12538744055706522,0.8337641176970109,-0.38149095618206524,-0.19312319548233695,-0.11801810886548914,0.9204632302989131,-0.318550441576087,-0.2911376953125,0.01615308678668478,0.867081351902174,-0.40377674932065216
29,0.6816300101902174,0.10450545601222826,-0.6721244480298914,-0.2694755222486413,0.9321952488111414,0.2881973930027174,0.03791344684103261,-0.21550452190896738,-0.408699367357337,-0.3205062202785326,0.8524063773777174,-0.06006920855978261,-0.37884521484375,-0.12513533882472827,0.8339153787364131,-0.38123885444972827,-0.19317361582880435,-0.11786684782608696,0.9204128099524457,-0.3186008619225543,-0.2911376953125,0.01640518851902174,0.8671821925951086,-0.4035750679347826
30,0.681640625,0.1044921875,-0.672119140625,-0.26947021484375,0.93218994140625,0.288399074388587,0.038046131963315216,-0.2152763034986413,-0.40854810631793476,-0.32054337211277173,0.8524169921875,-0.06015412703804348,-0.37870191491168476,-0.12516983695652173,0.83392333984375,-0.38132111922554346,-0.19317626953125,-0.11785888671875,0.92041015625,-0.318603515625,-0.29099439538043476,0.01637069038722826,0.8671875,-0.40361221976902173
31,0.6816034731657609,0.10430642832880435,-0.6721934442934783,-0.26947021484375,0.9321156377377717,0.28852645210597827,0.038160241168478264,-0.2153585682744565,-0.40858260444972827,-0.32051948879076086,0.8524169921875,-0.059994904891304345,-0.37881071671195654,-0.12514595363451086,0.83392333984375,-0.38119904891304346,-0.19313911769701086,-0.11782173488451086,0.9205216117527174,-0.31838060461956524,-0.29110319718070654,0.016394573709239132,0.8672246518342391,-0.4035140327785326
32,0.68157958984375,0.10418701171875,-0.6722412109375,-0.26947021484375,0.9319882600203805,0.28878651494565216,0.038393766983695655,-0.2154275645380435,-0.40855076002038043,-0.32052214249320654,0.8524435292119565,-0.05979587720788043,-0.37887971297554346,-0.12517514436141305,0.8339764138926631,-0.38102390455163043,-0.19319484544836957,-0.11785092561141304,0.9205667246942935,-0.3182373046875,-0.29119873046875,0.01641845703125,0.8672750721807065,-0.40336277173913043
33,0.6816114342730978,0.10429846722146739,-0.672225288722826,-0.26937468155570654,0.9319325322690217,0.28901473335597827,0.03865117612092391,-0.21531345533288043,-0.4084631878396739,-0.3205407184103261,0.85247802734375,-0.059819760529891304,-0.3788611370584239,-0.12519637398097827,0.8339817212975543,-0.3810477878736413,-0.19325057319972827,-0.11787215523097826,0.9205003821331522,-0.3183646824048913,-0.29119873046875,0.016450301460597824,0.8672299592391305,-0.40341849949048914
34,0.681717582370924,0.1046142578125,-0.6721748683763586,-0.26907746688179346,0.93206787109375,0.2888687797214674,0.03866975203804348,-0.21510381283967392,-0.4085029933763587,-0.32046906844429346,0.8524886421535326,-0.06019127887228261,-0.37890625,-0.1250344981317935,0.83380126953125,-0.3814139988111413,-0.19313115658967392,-0.11772089419157608,0.9203995414402174,-0.31874681555706524,-0.2911934230638587,0.016572371773097824,0.86700439453125,-0.4038749363111413
35,0.681868843410326,0.1046142578125,-0.6721244480298914,-0.26882536514945654,0.93206787109375,0.2887679390285326,0.03841765030570652,-0.21525507387907608,-0.4084525730298913,-0.32021696671195654,0.8525894828464674,-0.06029211956521739,-0.37890625,-0.12478239639945653,0.83380126953125,-0.3814644191576087,-0.19328241762907608,-0.11756963315217392,0.9202987007472826,-0.31894849694293476,-0.2911430027173913,0.016874893851902172,0.86700439453125,-0.4039253566576087
36,0.681884765625,0.1046142578125,-0.672119140625,-0.268798828125,0.932022758152174,0.28898288892663043,0.038255774456521736,-0.21504543138586957,-0.408447265625,-0.32028065557065216,0.852554984714674,-0.060392960258152176,-0.3789513629415761,-0.12489119819972826,0.833756156589674,-0.3815148395040761,-0.19329833984375,-0.1175537109375,0.9202880859375,-0.3189697265625,-0.2911828082540761,0.016726286514945652,0.866959281589674,-0.4039757770040761
37,0.6819537618885869,0.10454526154891304,-0.672119140625,-0.26869533372961957,0.9320068359375,0.2890625,0.03810451341711957,-0.21510381283967392,-0.40841276749320654,-0.32020900560461957,0.8526080587635869,-0.06039030655570652,-0.37896728515625,-0.12480097231657608,0.8337747325067935,-0.38149626358695654,-0.1932638417119565,-0.11762270720108696,0.9203225840692935,-0.3189697265625,-0.29119873046875,0.016800590183423912,0.866943359375,-0.40395720108695654
38,0.6820068359375,0.1044921875,-0.672119140625,-0.26861572265625,0.9320068359375,0.2891341499660326,0.03809655230978261,-0.21506666100543478,-0.40836234714673914,-0.3202488111413043,0.8526133661684783,-0.06038765285326087,-0.37896728515625,-0.12483812415081522,0.8337535028872283,-0.38151749320652173,-0.1932373046875,-0.11781908118206522,0.9202774711277174,-0.31906525985054346,-0.29117484714673914,0.016787321671195652,0.866943359375,-0.40395454738451086
39,0.6820333729619565,0.1044921875,-0.6721058721127717,-0.268562648607337,0.9320333729619565,0.28920579993206524,0.03804878566576087,-0.21480394446331522,-0.40831192680027173,-0.3204345703125,0.8525390625,-0.060544221297554345,-0.37894074813179346,-0.12500796110733695,0.8336526621942935,-0.38168467646059784,-0.19322403617527173,-0.11798891813858696,0.9201792841372283,-0.31922713569972827,-0.29112442680027173,0.01662809952445652,0.8669035538383152,-0.4041111158288043
40,0.6821342136548914,0.10446565047554349,-0.67205810546875,-0.2683689283288043,0.9321182914402174,0.2890784222146739,0.03747823963994565,-0.21468187415081522,-0.40826416015625,-0.32042130180027173,0.8525470236073369,-0.060950237771739135,-0.378853175951087,-0.12480893342391304,0.8335650900135869,-0.3819978133491848,-0.19317892323369565,-0.11778989045516304,0.92022705078125,-0.3192722486413043,-0.2910872749660326,0.01673690132472826,0.8667655613111414,-0.4045197860054348
41,0.682235054347826,0.10396144701086957,-0.67205810546875,-0.268318507982337,0.9319166100543478,0.28938094429347827,0.03752865998641304,-0.21508523692255435,-0.40826416015625,-0.32016920006793476,0.8526982846467391,-0.06049645465353261,-0.37900443699048914,-0.12465767238451086,0.8337163510529891,-0.3815944505774457,-0.19322934358016305,-0.11763862941576086,0.92022705078125,-0.319221828294837,-0.29128895635190216,0.016989003057065216,0.866866402004076,-0.4041164232336957
42,0.6822509765625,0.1038818359375,-0.67205810546875,-0.268310546875,0.9319272248641305,0.28951362941576086,0.03719694718070652,-0.2150215480638587,-0.40817924167798914,-0.3202567722486413,0.8526797087296195,-0.06050972316576087,-0.37894340183423914,-0.12471870754076086,0.8336977751358695,-0.38170059867527173,-0.1932373046875,-0.11761474609375,0.92022705078125,-0.3192138671875,-0.29123588230298914,0.01685897163722826,0.86688232421875,-0.40413765285326086
43,0.6822509765625,0.10372261379076086,-0.67205810546875,-0.2683742357336957,0.9318821119225543,0.2896781589673913,0.03711202870244565,-0.21502950917119565,-0.40814208984375,-0.3203125,0.8526611328125,-0.06038765285326087,-0.3789699388586957,-0.12478770380434782,0.8337110436480978,-0.38161568019701086,-0.1932373046875,-0.11771027938179347,0.9202588952105978,-0.31905464504076086,-0.2912624193274457,0.01678466796875,0.8669141686480978,-0.40401558254076086
44,0.6823146654211957,0.10351297129755435,-0.6720156462296195,-0.26841138756793476,0.9317812712296195,0.2899010699728261,0.03710672129755435,-0.21515157948369565,-0.4080784009850543,-0.3203125,0.8527035920516305,-0.060220469599184784,-0.37898586107336957,-0.12477443529211957,0.8337826936141305,-0.38142726732336957,-0.19325853430706522,-0.11773416270380435,0.9202880859375,-0.31895115064538043,-0.29129957116168476,0.016827127207880436,0.8669645889945652,-0.40386962890625
45,0.68243408203125,0.1033935546875,-0.67193603515625,-0.26837158203125,0.9317228897758152,0.2901107124660326,0.036955460258152176,-0.2151754628057065,-0.4079695991847826,-0.32033372961956524,0.8527725883152174,-0.060212508491847824,-0.3789168648097826,-0.12472666864809782,0.8338410750679348,-0.38139011548913043,-0.19329833984375,-0.11761474609375,0.9202880859375,-0.31903076171875,-0.2912703804347826,0.016864279042119564,0.8669937797214674,-0.40389085852581524
46,0.68243408203125,0.1033935546875,-0.67193603515625,-0.26837158203125,0.93182373046875,0.2901611328125,0.03680419921875,-0.2147216796875,-0.40802001953125,-0.3204345703125,0.85272216796875,-0.06036376953125,-0.37896728515625,-0.1248779296875,0.833740234375,-0.381591796875,-0.19329833984375,-0.11761474609375,0.9202880859375,-0.31903076171875,-0.29132080078125,0.01666259765625,0.866943359375,-0.40399169921875
47,0.6824845023777174,0.10309103260869565,-0.6719864555027174,-0.26822032099184784,0.9317228897758152,0.29026197350543476,0.03675377887228261,-0.21502420176630435,-0.40802001953125,-0.32023288892663043,0.8527725883152174,-0.06016208814538043,-0.37911854619565216,-0.12462582795516304,0.8337906547214674,-0.38139011548913043,-0.19324791949728262,-0.11766516644021739,0.9203385062839674,-0.31892992102581524,-0.29147206182065216,0.016914699388586956,0.866943359375,-0.40384043817934784
48,0.6824951171875,0.10302734375,-0.6719970703125,-0.2681884765625,0.9316220490828805,0.290641452955163,0.03654413637907609,-0.2148490574048913,-0.40786079738451086,-0.32034965183423914,0.8528230086616848,-0.060079823369565216,-0.37899116847826086,-0.12469217051630435,0.8338410750679348,-0.38134765625,-0.1932373046875,-0.11767578125,0.92034912109375,-0.31890869140625,-0.2913048785665761,0.016808551290760868,0.8670229704483695,-0.40376878821331524
49,0.6824659264605978,0.10296896229619565,-0.6720846424932065,-0.2680717136548913,0.93157958984375,0.2907741380774457,0.036467179008152176,-0.21486763332201086,-0.40786345108695654,-0.3203178074048913,0.85284423828125,-0.060029403023097824,-0.37893544072690216,-0.12481424082880435,0.8338331139605978,-0.38137684697690216,-0.19326649541440216,-0.11773416270380435,0.92034912109375,-0.31887950067934784,-0.2913154933763587,0.01681120499320652,0.8670362389605978,-0.40374755859375
50,0.6824526579483695,0.10284954568614131,-0.6721987516983695,-0.26787003226902173,0.9315238620923914,0.2908776324728261,0.03651759935461957,-0.21500827955163043,-0.4079032566236413,-0.3201904296875,0.8528813901154891,-0.05997898267663043,-0.37900443699048914,-0.12478505010190218,0.83380126953125,-0.38139011548913043,-0.19329833984375,-0.11781642747961957,0.9203305451766305,-0.31888480808423914,-0.29146144701086957,0.016888162364130436,0.8669858186141305,-0.40376613451086957
51,0.6824951171875,0.10272216796875,-0.6722412109375,-0.2677001953125,0.9313885232676631,0.29130753226902173,0.036591903023097824,-0.21492601477581522,-0.407783840013587,-0.32022227411684784,0.8529424252717391,-0.05996040675951087,-0.3791052776834239,-0.12461255944293478,0.8337773862092391,-0.38137153957201086,-0.19329833984375,-0.11785888671875,0.9202880859375,-0.3189697265625,-0.291495945142663,0.016821819802989132,0.866927437160326,-0.40384043817934784
52,0.6824951171875,0.10272216796875,-0.6722412109375,-0.2677001953125,0.9313381029211957,0.2916100543478261,0.03679358440896739,-0.21467391304347827,-0.4078342603600543,-0.3204239555027174,0.8527911642323369,-0.06011166779891304,-0.3792061183763587,-0.12486466117527174,0.8336261251698369,-0.381522800611413,-0.19329833984375,-0.11785888671875,0.9202880859375,-0.3189697265625,-0.2914455247961957,0.016670558763586956,0.8668265964673914,-0.4040421195652174
53,0.6825428838315217,0.10243556810461957,-0.6722412109375,-0.26765242866847827,0.9312399159307065,0.291817043138587,0.03680419921875,-0.2148994777513587,-0.4078369140625,-0.32029127038043476,0.8528787364130435,-0.059880795686141304,-0.37930695906929346,-0.12478239639945653,0.8337136973505435,-0.3812919284986413,-0.19344163977581522,-0.11785888671875,0.9202403192934783,-0.31906525985054346,-0.29158617102581524,0.016805897588315216,0.8668690557065217,-0.4038139011548913
54,0.68255615234375,0.10235595703125,-0.6722412109375,-0.26763916015625,0.9312876825747283,0.29183296535326086,0.036729895550271736,-0.21474290930706522,-0.4078369140625,-0.32032576851222827,0.8528309697690217,-0.06007451596467391,-0.37933349609375,-0.124755859375,0.8336287788722826,-0.38144849694293476,-0.1934814453125,-0.11785888671875,0.92022705078125,-0.319091796875,-0.2916259765625,0.016808551290760868,0.8667708687160326,-0.404044773267663
55,0.6826357634171195,0.10209058678668478,-0.6722146739130435,-0.26766569718070654,0.931229301120924,0.29202137822690216,0.03668212890625,-0.21475883152173914,-0.407783840013587,-0.32037353515625,0.8528362771739131,-0.06018862516983696,-0.379386570142663,-0.12472932235054347,0.8335305918817935,-0.381591796875,-0.19353451936141305,-0.11777927564538043,0.9202005137567935,-0.319091796875,-0.29170558763586957,0.016890816066576084,0.8667788298233695,-0.4039970066236413
56,0.682755180027174,0.10155453889266304,-0.672164253566576,-0.26773203974184784,0.9310594641644022,0.29237697435461957,0.03657067340353261,-0.21498174252717392,-0.4076989215353261,-0.32034169072690216,0.8529371178668478,-0.05992856233016305,-0.37950333305027173,-0.12466297978940218,0.8335597826086957,-0.381416652513587,-0.19365128226902173,-0.11761209239130435,0.9202297044836957,-0.318916652513587,-0.29185684867527173,0.017012886379076088,0.86688232421875,-0.40363875679347827
57,0.68280029296875,0.10101318359375,-0.672119140625,-0.267822265625,0.93096923828125,0.2926025390625,0.0362548828125,-0.21502685546875,-0.40763257897418476,-0.32027269446331524,0.85302734375,-0.05941374405570652,-0.37961213485054346,-0.12458867612092392,0.833740234375,-0.38094694718070654,-0.19377069887907608,-0.11745817764945653,0.9203995414402174,-0.31845225458559784,-0.29197095788043476,0.01694123641304348,0.8668876316236414,-0.4035140327785326
58,0.68280029296875,0.10101318359375,-0.672119140625,-0.267822265625,0.93096923828125,0.2926025390625,0.0362548828125,-0.21502685546875,-0.40743089758831524,-0.32047437584918476,0.85302734375,-0.05966584578804348,-0.37936003311820654,-0.12473993716032608,0.833740234375,-0.38119904891304346,-0.19361943783967392,-0.11771027938179347,0.9202987007472826,-0.31875477666440216,-0.29176927649456524,0.01668913468070652,0.8669380519701086,-0.4036148734714674
59,0.68280029296875,0.10074250594429347,-0.672164253566576,-0.2677771526834239,0.930924125339674,0.2927829908288043,0.03598420516304348,-0.21507196841032608,-0.4074547809103261,-0.32036026664402173,0.853072456691576,-0.05946681810461957,-0.37946883491847827,-0.12466563349184782,0.833785347316576,-0.38100002122961957,-0.19355840268342392,-0.11782704228940218,0.920333198879076,-0.31865128226902173,-0.2919284986413043,0.016752823539402172,0.866988472316576,-0.4034450365149457
60,0.68280029296875,0.10064697265625,-0.67218017578125,-0.26776123046875,0.930908203125,0.292915675951087,0.03571618121603261,-0.21501889436141305,-0.40743620499320654,-0.32034699813179346,0.85308837890625,-0.05942170516304348,-0.379447605298913,-0.12470278532608696,0.83380126953125,-0.38095490828804346,-0.19354248046875,-0.11785888671875,0.92034912109375,-0.318603515625,-0.291923191236413,0.01675016983695652,0.86700439453125,-0.40338134765625
61,0.68280029296875,0.10059920601222826,-0.6722040591032609,-0.26778511379076086,0.9308843198029891,0.29299263332201086,0.03560737941576087,-0.21498970363451086,-0.40740966796875,-0.32039741847826086,0.85308837890625,-0.059400475543478264,-0.37941841457201086,-0.12473197605298914,0.8338251528532609,-0.38093367866847827,-0.19354248046875,-0.11785888671875,0.92034912109375,-0.31857963230298914,-0.29189400050951086,0.0167236328125,0.8670282778532609,-0.40333358101222827
62,0.68280029296875,0.10052490234375,-0.6722279424252717,-0.26783553413722827,0.93084716796875,0.29306959069293476,0.035604725713315216,-0.2150003184442935,-0.40740966796875,-0.32040803328804346,0.85308837890625,-0.059312903362771736,-0.37944229789402173,-0.12469482421875,0.8338623046875,-0.380859375,-0.19348940641983695,-0.11784561820652174,0.9203623896059783,-0.31855574898097827,-0.29191788383152173,0.0167236328125,0.8670654296875,-0.40325927734375
63,0.68280029296875,0.10052490234375,-0.67218017578125,-0.26788330078125,0.93084716796875,0.293212890625,0.03546142578125,-0.21490478515625,-0.4074043605638587,-0.3203098462975543,0.8530936863111414,-0.059267790421195655,-0.3793892238451087,-0.12469217051630435,0.8338649583899457,-0.380859375,-0.19329833984375,-0.1177978515625,0.92041015625,-0.318603515625,-0.2918701171875,0.0167236328125,0.8670654296875,-0.40325927734375
64,0.68280029296875,0.10052490234375,-0.67218017578125,-0.26788330078125,0.93084716796875,0.293212890625,0.03546142578125,-0.21490478515625,-0.4073035198709239,-0.320259425951087,0.853194527004076,-0.05931821076766304,-0.3792883831521739,-0.12464175016983696,0.8339153787364131,-0.380859375,-0.19329833984375,-0.1177978515625,0.92041015625,-0.318603515625,-0.2918701171875,0.0167236328125,0.8670654296875,-0.40325927734375
65,0.6826304560122283,0.10043998386548914,-0.6723500127377717,-0.26792576002038043,0.9308047087296195,0.29325534986413043,0.035291588824728264,-0.2150321628736413,-0.40749989385190216,-0.32025146484375,0.8530830715013586,-0.05924125339673913,-0.3791450832201087,-0.12454887058423914,0.8340082583220109,-0.380859375,-0.1931709621263587,-0.1177978515625,0.9204526154891305,-0.31856105638586957,-0.29182765794836957,0.016638714334239132,0.8671078889266305,-0.40325927734375
66,0.68255615234375,0.10040283203125,-0.67242431640625,-0.2679443359375,0.9307861328125,0.29324208135190216,0.034803307574728264,-0.2151834239130435,-0.40743355129076086,-0.32009224269701086,0.8531865658967391,-0.0592041015625,-0.37908935546875,-0.12451171875,0.83404541015625,-0.380859375,-0.193115234375,-0.1177978515625,0.92047119140625,-0.31854248046875,-0.29149063773777173,0.016697095788043476,0.8672219981317935,-0.4031955884850543
67,0.682450004245924,0.10040283203125,-0.6725092348845109,-0.2680080247961957,0.9308073624320652,0.29319166100543476,0.03457243546195652,-0.21527099609375,-0.4073512865149457,-0.3198826002038043,0.85333251953125,-0.05916164232336957,-0.37904689622961957,-0.12455417798913043,0.8340666397758152,-0.38083814538043476,-0.19300908627717392,-0.11781908118206522,0.9204924210258152,-0.31854248046875,-0.2913048785665761,0.016678519870923912,0.8672883406929348,-0.40315843665081524
68,0.6821872877038043,0.10040283203125,-0.6727109162703805,-0.26816990064538043,0.9308365531589674,0.29312001103940216,0.034766155740489135,-0.21532407014266305,-0.4075343919836957,-0.31980564283288043,0.8532794454823369,-0.059060801630434784,-0.37900974439538043,-0.12469747792119565,0.8340746008831522,-0.38079833984375,-0.19286313264266305,-0.11792257557744565,0.9205109969429348,-0.3185318656589674,-0.29147206182065216,0.0164794921875,0.86724853515625,-0.4032088569972826
69,0.681884765625,0.10040283203125,-0.67291259765625,-0.26837158203125,0.9307861328125,0.29296875,0.03436279296875,-0.215576171875,-0.4078369140625,-0.32000732421875,0.85302734375,-0.0589599609375,-0.37921142578125,-0.125,0.83392333984375,-0.38079833984375,-0.193115234375,-0.11822509765625,0.92041015625,-0.3184814453125,-0.29132080078125,0.0164794921875,0.86724853515625,-0.40325927734375
70,0.681884765625,0.10040283203125,-0.67291259765625,-0.26837158203125,0.9307861328125,0.29296875,0.03436279296875,-0.215576171875,-0.40793775475543476,-0.319755222486413,0.8530777640964674,-0.059060801630434784,-0.37911058508831524,-0.12474789826766304,0.8339737601902174,-0.38089918053668476,-0.19281271229619565,-0.11792257557744565,0.9204605765964674,-0.31868312669836957,-0.29132080078125,0.0164794921875,0.86724853515625,-0.40325927734375
71,0.681685737941576,0.10024360988451086,-0.6730320142663043,-0.2686104152513587,0.9307861328125,0.2928493333899457,0.03408415421195652,-0.2158150050951087,-0.40811820652173914,-0.31986137058423914,0.8529689622961957,-0.058843198029891304,-0.37916896654211957,-0.12473462975543478,0.8339445694633152,-0.38092041015625,-0.19278882897418478,-0.11785888671875,0.9204313858695652,-0.31876539147418476,-0.29128099524456524,0.016439686650815216,0.8672883406929348,-0.40325927734375
72,0.68157958984375,0.10015869140625,-0.673095703125,-0.26873779296875,0.9308153235394022,0.29275645380434784,0.03367283033288043,-0.21591319208559784,-0.40823231572690216,-0.3198295261548913,0.8529344641644022,-0.058774201766304345,-0.37921142578125,-0.124755859375,0.83392333984375,-0.38092041015625,-0.19281005859375,-0.11785888671875,0.92041015625,-0.31878662109375,-0.2911430027173913,0.016564410665760868,0.8673095703125,-0.40334684952445654
73,0.6815052861752717,0.10002865998641304,-0.6731514308763586,-0.2688492484714674,0.9308100161345109,0.29281748896059784,0.03355341372282609,-0.21591849949048914,-0.40833846382472827,-0.3197021484375,0.8529477326766305,-0.05867070737092391,-0.3792671535326087,-0.12484873896059782,0.8339419157608695,-0.380790378736413,-0.19284721042798914,-0.11787746263586957,0.9204473080842391,-0.31871231742527173,-0.2911270805027174,0.016630753226902176,0.8673281462296195,-0.4033309273097826
74,0.6813115658967391,0.09972348420516304,-0.673294730808424,-0.26913584833559784,0.930709175441576,0.29307755180027173,0.033975352411684784,-0.21599545686141305,-0.4085242229959239,-0.31973399286684784,0.852889351222826,-0.05826469089673913,-0.3794104534646739,-0.12509287958559784,0.8339764138926631,-0.380485202955163,-0.19294805112092392,-0.11795176630434782,0.9205242654551631,-0.31851859714673914,-0.2913659137228261,0.016402534816576088,0.8673785665760869,-0.4030602496603261
75,0.6811603048573369,0.09967306385869565,-0.6733955715013586,-0.2693375297214674,0.9306083347486414,0.2933800738790761,0.03422745414402174,-0.21594503651494565,-0.4086250636888587,-0.3199356742527174,0.8527885105298914,-0.05811342985733695,-0.3795112941576087,-0.1252945609714674,0.8339259935461957,-0.3804347826086957,-0.1930488918138587,-0.11815344769021739,0.9204738451086957,-0.318367336107337,-0.2912650730298913,0.016301694123641304,0.8674289869225543,-0.4029594089673913
76,0.68115234375,0.09967041015625,-0.67340087890625,-0.26934814453125,0.93060302734375,0.29339599609375,0.03424072265625,-0.2159423828125,-0.40853483780570654,-0.319755222486413,0.8528787364130435,-0.058057702105978264,-0.37946883491847827,-0.12511410920516305,0.8340188731317935,-0.38038436226222827,-0.1928153659986413,-0.11802076256793478,0.9205667246942935,-0.318359375,-0.291259765625,0.01629638671875,0.867431640625,-0.4029541015625
77,0.6809665845788043,0.09970756199048914,-0.6735494862432065,-0.26938529636548914,0.93060302734375,0.29335884425951086,0.034315026324728264,-0.2159423828125,-0.4086940599524457,-0.31973930027173914,0.8527938179347826,-0.05808158542798913,-0.37952987007472827,-0.12506103515625,0.8339339546535326,-0.3804825492527174,-0.1927490234375,-0.11794380519701086,0.9205561098845109,-0.31850798233695654,-0.29118546195652173,0.016333538552989132,0.867431640625,-0.40302840523097827
78,0.68084716796875,0.0997314453125,-0.67364501953125,-0.2694091796875,0.93060302734375,0.293388034986413,0.034070885699728264,-0.21599545686141305,-0.408760402513587,-0.3196570354959239,0.8527752420176631,-0.05815854279891304,-0.37957763671875,-0.12506103515625,0.8338623046875,-0.38055419921875,-0.1927490234375,-0.117919921875,0.9205322265625,-0.318603515625,-0.2910315472146739,0.016463569972826088,0.867431640625,-0.403129245923913
79,0.6807994013247283,0.09969960088315218,-0.6736768639605978,-0.26944102411684784,0.930587105129076,0.29345703125,0.03377101732336957,-0.216064453125,-0.4087073284646739,-0.3195031207540761,0.852860160495924,-0.05816385020380435,-0.3795617145040761,-0.12506103515625,0.833878226902174,-0.3805382770040761,-0.19273310122282608,-0.11790399966032608,0.9205322265625,-0.3185875934103261,-0.29094132133152173,0.01655379585597826,0.867431640625,-0.4031823199728261
80,0.680648140285326,0.099609375,-0.673783012058424,-0.2695365574048913,0.9305419921875,0.2934676460597826,0.033991274626358696,-0.2160591457201087,-0.4087683636209239,-0.3194633152173913,0.8528946586277174,-0.0579833984375,-0.3795325237771739,-0.1250716499660326,0.8339127250339674,-0.3804931640625,-0.19270921790081522,-0.1178748089334239,0.9205269191576086,-0.31854248046875,-0.2910713527513587,0.01641845703125,0.8674369480298914,-0.4031265922214674
81,0.680496879245924,0.099609375,-0.673934273097826,-0.2695869777513587,0.9305419921875,0.2935684867527174,0.033940854279891304,-0.2160087253736413,-0.4089196246603261,-0.3195137355638587,0.8527938179347826,-0.0579833984375,-0.3796837848165761,-0.12517249065896738,0.8338118843410326,-0.3804931640625,-0.19291089928668478,-0.11802606997282608,0.9204764988111414,-0.31854248046875,-0.2910209324048913,0.01641845703125,0.8674873683763586,-0.4030257515285326
82,0.68048095703125,0.099609375,-0.6739501953125,-0.26959228515625,0.9305419921875,0.2935791015625,0.033935546875,-0.21600341796875,-0.40884532099184784,-0.31942881708559784,0.8528734290081522,-0.0579833984375,-0.37960948114809784,-0.12513799252717392,0.8338914954144022,-0.3804480511209239,-0.19270656419836957,-0.11799687924592392,0.9205614172894022,-0.31854248046875,-0.291015625,0.01641845703125,0.86749267578125,-0.40301513671875
83,0.6803774626358695,0.099609375,-0.6740536897078805,-0.26959228515625,0.9305419921875,0.29354460343070654,0.03397004500679348,-0.2160379161005435,-0.4089514690896739,-0.31939697265625,0.8528362771739131,-0.05794890030570652,-0.37957763671875,-0.1250875721807065,0.83392333984375,-0.380501125169837,-0.192626953125,-0.11798095703125,0.9205587635869565,-0.31857697860054346,-0.291015625,0.01641845703125,0.8674581776494565,-0.403084132982337
84,0.6802978515625,0.099609375,-0.67413330078125,-0.26959228515625,0.9305181088654891,0.2935897163722826,0.03382939877717392,-0.21608833644701086,-0.4089859672214674,-0.31934920601222827,0.8528309697690217,-0.057970129925271736,-0.37957763671875,-0.12506103515625,0.83392333984375,-0.38055419921875,-0.192626953125,-0.11798095703125,0.9205322265625,-0.318603515625,-0.2908723250679348,0.01641845703125,0.8674555239470109,-0.40316109035326086
85,0.6802713145380435,0.09959610648777174,-0.6741731063179348,-0.26959228515625,0.93048095703125,0.29368790336277173,0.033609141474184784,-0.21613875679347827,-0.40886124320652173,-0.31926163383152173,0.8529185419497283,-0.05804443359375,-0.37956436820652173,-0.12506103515625,0.8339100713315217,-0.38056746773097827,-0.1926004161005435,-0.11798095703125,0.9205322265625,-0.318603515625,-0.290702488111413,0.01640518851902174,0.8674794072690217,-0.4031982421875
86,0.6801704738451086,0.09955099354619565,-0.6743217136548914,-0.2695896314538043,0.9304783033288043,0.2936427904211957,0.033757748811141304,-0.2161918308423913,-0.4088187839673913,-0.3192112134850543,0.8529636548913043,-0.05804708729619565,-0.3795219089673913,-0.12506103515625,0.8338596509850543,-0.3806178880774457,-0.1925101902173913,-0.11798361073369565,0.9205295728600543,-0.3186088230298913,-0.2908909009850543,0.016362729279891304,0.8674289869225543,-0.4032035495923913
87,0.680069633152174,0.09960141389266304,-0.674422554347826,-0.269539211107337,0.9304278829823369,0.293693210767663,0.03385858950407609,-0.21629267153532608,-0.4089196246603261,-0.319160793138587,0.8529132345448369,-0.05809750764266304,-0.3796227496603261,-0.12506103515625,0.8338092306385869,-0.380668308423913,-0.19261103091032608,-0.11803403108016304,0.9204791525135869,-0.3187096637228261,-0.290840480638587,0.016463569972826088,0.8673785665760869,-0.4033043902853261
88,0.6800537109375,0.099609375,-0.6744384765625,-0.26953125,0.930419921875,0.293701171875,0.03387451171875,-0.21630859375,-0.408935546875,-0.31915283203125,0.8529052734375,-0.05819038722826087,-0.37959621263586957,-0.12501857591711957,0.8337588102921195,-0.38076118800951086,-0.19254203464673914,-0.1180419921875,0.92047119140625,-0.31876804517663043,-0.29083251953125,0.0164794921875,0.86737060546875,-0.4033203125
89,0.6800537109375,0.09957753057065218,-0.6744703209918478,-0.26949940557065216,0.9304517663043478,0.29366932744565216,0.033906356148097824,-0.21624490489130435,-0.40896739130434784,-0.3190891431725543,0.8529052734375,-0.0582275390625,-0.3796413255774457,-0.12493631114130435,0.8336765455163043,-0.3809257175611413,-0.19256857167119565,-0.11801014775815218,0.9204075025475543,-0.31894584324048914,-0.29083251953125,0.016511336616847824,0.8673387610394022,-0.40341584578804346
90,0.6800537109375,0.09954833984375,-0.67449951171875,-0.26947021484375,0.9305021866508152,0.29366136633831524,0.03382939877717391,-0.21608037533967392,-0.40901781165081524,-0.31903076171875,0.8528840438179348,-0.05833368716032609,-0.37969970703125,-0.1248779296875,0.8336181640625,-0.38104248046875,-0.192626953125,-0.11798095703125,0.92034912109375,-0.319091796875,-0.29083251953125,0.01654052734375,0.8672458814538043,-0.4036095660665761
91,0.6800643257472826,0.09949526579483696,-0.6744888969089674,-0.2694596000339674,0.9305207625679348,0.29373301630434784,0.03363037109375,-0.21592380689538043,-0.40903638756793476,-0.31900953209918476,0.8528654679008152,-0.05852210003396739,-0.3797103218410326,-0.12485670006793478,0.8336181640625,-0.38104248046875,-0.192626953125,-0.11797034222146739,0.92034912109375,-0.3191024116847826,-0.29085374915081524,0.016572371773097828,0.8671476944633152,-0.40377674932065216
92,0.68011474609375,0.0992431640625,-0.6744384765625,-0.2694091796875,0.930419921875,0.29388427734375,0.03363037109375,-0.21612548828125,-0.408935546875,-0.31890869140625,0.85296630859375,-0.0584716796875,-0.3797607421875,-0.124755859375,0.8336181640625,-0.38104248046875,-0.192626953125,-0.117919921875,0.92034912109375,-0.31915283203125,-0.29095458984375,0.0167236328125,0.86724853515625,-0.40362548828125
93,0.6800643257472826,0.09904148267663043,-0.6745897376019022,-0.2693587593410326,0.9303695015285326,0.294136379076087,0.03388247282608696,-0.21597422724184784,-0.40908680791440216,-0.31880785071331524,0.85296630859375,-0.05826999830163043,-0.3797607421875,-0.124755859375,0.8336181640625,-0.38104248046875,-0.19282863451086957,-0.11781908118206522,0.92034912109375,-0.31900157099184784,-0.29095458984375,0.016673212466032608,0.86724853515625,-0.40362548828125
94,0.6800537109375,0.0989990234375,-0.67462158203125,-0.26934814453125,0.93035888671875,0.294189453125,0.033935546875,-0.2159423828125,-0.4088798191236413,-0.31886623216711957,0.8530459196671195,-0.058267344599184784,-0.3797607421875,-0.124755859375,0.8336181640625,-0.38104248046875,-0.1925924549932065,-0.11791726817255435,0.9203889266304348,-0.31904933763586957,-0.29095458984375,0.01666259765625,0.86724853515625,-0.40362548828125
95,0.6799369480298914,0.0988822605298913,-0.6747675356657609,-0.26931895380434784,0.9303296959918478,0.2943062160326087,0.03399392832880435,-0.2159423828125,-0.408927585767663,-0.3188503099524457,0.8530299974524457,-0.058171811311141304,-0.3797607421875,-0.12478505010190218,0.8336473547894022,-0.3809840990149457,-0.19244384765625,-0.11798095703125,0.92041015625,-0.31906260614809784,-0.29095458984375,0.016604216202445652,0.86724853515625,-0.40359629755434784
96,0.6798095703125,0.0987548828125,-0.6749267578125,-0.269287109375,0.9302792756453805,0.2945450492527174,0.033983313519021736,-0.21581235139266305,-0.4090071968410326,-0.31876804517663043,0.8530220363451086,-0.05804443359375,-0.3797607421875,-0.12481689453125,0.83367919921875,-0.38092041015625,-0.19244384765625,-0.11798095703125,0.92041015625,-0.31903076171875,-0.29080598250679346,0.016521951426630436,0.8673042629076086,-0.403564453125
97,0.6797697647758152,0.09873099949048914,-0.6749665633491848,-0.269287109375,0.93023681640625,0.294791843580163,0.033861243206521736,-0.21554698114809784,-0.4087365191915761,-0.3187255859375,0.8531573751698369,-0.05802055027173913,-0.3797607421875,-0.12483281674592392,0.83367919921875,-0.380912449048913,-0.19244384765625,-0.11800484035326086,0.9204181173573369,-0.31900687839673914,-0.2905220363451087,0.016463569972826088,0.8674077573029891,-0.403556492017663
98,0.6795176630434783,0.09857973845108696,-0.6752186650815217,-0.269287109375,0.93023681640625,0.2947414232336957,0.03416376528532609,-0.2157486625339674,-0.4086356784986413,-0.3187255859375,0.8532077955163043,-0.05786928923233695,-0.3797607421875,-0.1249336574388587,0.83367919921875,-0.3808620287024457,-0.19244384765625,-0.11815610139266304,0.9204685377038043,-0.318855617357337,-0.29087497877038043,0.016362729279891304,0.8672564962635869,-0.4035060716711957
99,0.6793133279551631,0.09847624405570653,-0.6754707668138586,-0.26919157608695654,0.9301412831182065,0.29488206946331524,0.034131920855978264,-0.21590257727581522,-0.40891697095788043,-0.31863005264945654,0.8531149159307065,-0.05776579483695652,-0.37971297554347827,-0.1250344981317935,0.8337269658627717,-0.38071607506793476,-0.19277821416440216,-0.1181640625,0.9203756581182065,-0.31884765625,-0.29094132133152173,0.01630965523097826,0.8672963018002717,-0.40345565132472827
100,0.67926025390625,0.09844970703125,-0.675537109375,-0.2691650390625,0.93011474609375,0.294921875,0.03411865234375,-0.2159423828125,-0.40877367102581524,-0.31867781929347827,0.8531626825747283,-0.05770210597826087,-0.37969970703125,-0.12506103515625,0.833740234375,-0.38067626953125,-0.19261103091032608,-0.11827551800271739,0.9204234247622283,-0.3187362007472826,-0.29095458984375,0.01629638671875,0.8673095703125,-0.4034423828125
101,0.6792337168817935,0.09847624405570653,-0.6756167204483695,-0.2690588909646739,0.93011474609375,0.294921875,0.03419826341711957,-0.2159423828125,-0.40870998216711957,-0.31864597486413043,0.85321044921875,-0.05773129670516304,-0.37969970703125,-0.12506103515625,0.8337136973505435,-0.38075588060461957,-0.1924173106317935,-0.11840024201766304,0.9204446543817935,-0.31874416185461957,-0.290901515794837,0.01626984969429348,0.8672830332880435,-0.40352199388586957
102,0.67919921875,0.0985107421875,-0.67572021484375,-0.2689208984375,0.930130668308424,0.29501740828804346,0.03436544667119565,-0.21576723845108695,-0.4087497877038043,-0.31857432489809784,0.853226371433424,-0.05781621518342391,-0.37969970703125,-0.12506103515625,0.83367919921875,-0.380859375,-0.1923828125,-0.11846923828125,0.92041015625,-0.31884765625,-0.29078475288722827,0.01618758491847826,0.86724853515625,-0.40365733271059784
103,0.6791939113451086,0.0984948199728261,-0.6757308296535326,-0.2689049762228261,0.9301704738451086,0.2952827785326087,0.034551205842391304,-0.21529222571331522,-0.4085852581521739,-0.3186539359714674,0.8532661769701086,-0.057856020720108696,-0.3797050144361413,-0.1250557277513587,0.8336738918138586,-0.3808646824048913,-0.19240404211956522,-0.11845862347146739,0.9204048488451086,-0.3188635784646739,-0.2906706436820652,0.016068168308423912,0.8672432277513586,-0.4037422511888587
104,0.6791434909986414,0.09834355893342392,-0.6758316703464674,-0.2687537151834239,0.9301200534986414,0.2952323581861413,0.034601626188858696,-0.21549390709918478,-0.4087365191915761,-0.3185530952785326,0.8532157566236414,-0.057805600373641304,-0.3797554347826087,-0.1250053074048913,0.8336234714673914,-0.3809151027513587,-0.19260572350543478,-0.11835778277853261,0.9203544284986414,-0.3190148395040761,-0.29087232506793476,0.016219429347826084,0.8671928074048914,-0.4036918308423913
105,0.6792284094769022,0.09819229789402174,-0.675797172214674,-0.26873779296875,0.9300245202105978,0.29549772843070654,0.03456182065217391,-0.21551513671875,-0.4087073284646739,-0.3184973675271739,0.8533006751019022,-0.057710067085597824,-0.37998630689538043,-0.12495488705842392,0.8336181640625,-0.38078507133152173,-0.19258184018342392,-0.11825694208559782,0.920394234035326,-0.31894053583559784,-0.29102889351222827,0.01637069038722826,0.8671875,-0.4036414104959239
106,0.67926025390625,0.09814453125,-0.67578125,-0.26873779296875,0.92999267578125,0.29559326171875,0.0345458984375,-0.21551513671875,-0.408760402513587,-0.31858493970788043,0.8532290251358695,-0.05764372452445652,-0.38006591796875,-0.12493896484375,0.8336181640625,-0.3807373046875,-0.19270391049592392,-0.11825959578804347,0.9203756581182065,-0.31890869140625,-0.29107666015625,0.01641845703125,0.8671875,-0.40362548828125
107,0.6793080205502717,0.09812064792798914,-0.6757334833559783,-0.26871390964673914,0.92999267578125,0.29556937839673914,0.03471308169157608,-0.21556290336277173,-0.40876570991847827,-0.31861678413722827,0.8531971807065217,-0.0576171875,-0.38001815132472827,-0.12493896484375,0.8336181640625,-0.38076118800951086,-0.1927145253057065,-0.11823836616847826,0.9203730044157609,-0.31895645805027173,-0.2910050101902174,0.016394573709239132,0.8672113833220109,-0.40362548828125
108,0.67938232421875,0.0980171535326087,-0.6756857167119565,-0.26866348930027173,0.9299794072690217,0.29561183763586957,0.034933338994565216,-0.21559740149456522,-0.40867813773777173,-0.31852921195652173,0.8532847528872283,-0.057577381963315216,-0.37997038468070654,-0.12491242781929347,0.8336048955502717,-0.38079833984375,-0.19260572350543478,-0.11813752547554347,0.92041015625,-0.318977687669837,-0.29093336022418476,0.01638395889945652,0.8672352666440217,-0.40362548828125
109,0.67938232421875,0.0977783203125,-0.67578125,-0.26861572265625,0.929931640625,0.2958984375,0.0347900390625,-0.2154541015625,-0.40863037109375,-0.3184814453125,0.85333251953125,-0.05743408203125,-0.38006591796875,-0.12481689453125,0.83355712890625,-0.38079833984375,-0.1927543308423913,-0.1180472995923913,0.9204075025475543,-0.318794582201087,-0.29107666015625,0.0164794921875,0.8671875,-0.40362548828125
110,0.67938232421875,0.0977783203125,-0.67578125,-0.26861572265625,0.929931640625,0.2958984375,0.0347900390625,-0.2154541015625,-0.40863037109375,-0.3184814453125,0.85333251953125,-0.05743408203125,-0.38006591796875,-0.12481689453125,0.83355712890625,-0.38079833984375,-0.19285517153532608,-0.11814814028532608,0.9203570822010869,-0.31894584324048914,-0.29107666015625,0.0164794921875,0.8671875,-0.40362548828125
111,0.6794672426970109,0.09769340183423914,-0.6756538722826086,-0.26857326341711957,0.929931640625,0.29594089673913043,0.03474757982336957,-0.2153267238451087,-0.40854545261548914,-0.3184814453125,0.8533749787703805,-0.05751900050951087,-0.38006591796875,-0.12481689453125,0.8335995881453805,-0.38075588060461957,-0.19278617527173914,-0.1180366847826087,0.9203915803328805,-0.31892726732336957,-0.29116157863451086,0.016606869904891304,0.8671450407608695,-0.40358302904211957
112,0.67950439453125,0.09765625,-0.67559814453125,-0.2685546875,0.929931640625,0.29595947265625,0.03472900390625,-0.21527099609375,-0.40854014521059784,-0.3185451341711957,0.8533617102581522,-0.057587996773097824,-0.38006591796875,-0.12481689453125,0.8336181640625,-0.3807373046875,-0.19281271229619565,-0.11801280146059782,0.9203783118206522,-0.31890869140625,-0.29119873046875,0.01666259765625,0.86712646484375,-0.403564453125
113,0.6795468537703805,0.09761379076086957,-0.67559814453125,-0.26853345788043476,0.929931640625,0.2960231615149457,0.03479269276494565,-0.21518607761548914,-0.40854810631793476,-0.31856105638586957,0.8533537491508152,-0.057595957880434784,-0.38004468834918476,-0.12483812415081522,0.8336181640625,-0.38071607506793476,-0.19280740489130435,-0.11810568104619565,0.9203703507133152,-0.31888746178668476,-0.29119873046875,0.016620138417119568,0.8671476944633152,-0.40354322350543476
114,0.67962646484375,0.09752356487771739,-0.6756087593410326,-0.26846180791440216,0.9299528702445652,0.2962062669836957,0.034997027853260865,-0.21484640370244565,-0.40850830078125,-0.3184814453125,0.8533935546875,-0.05755615234375,-0.38004734205163043,-0.12489915930706522,0.8335969344429348,-0.3806868843410326,-0.19270921790081522,-0.11819325322690218,0.9203995414402174,-0.3188582710597826,-0.29123057489809784,0.01654052734375,0.8671768851902174,-0.4035140327785326
115,0.67962646484375,0.09747314453125,-0.6756591796875,-0.268310546875,0.9300537109375,0.2965087890625,0.03540039062499999,-0.21398925781250003,-0.40850830078125,-0.3184814453125,0.8533935546875,-0.05755615234375,-0.3802490234375,-0.125,0.83349609375,-0.3807373046875,-0.19281005859375,-0.1180419921875,0.92034912109375,-0.31890869140625,-0.2913818359375,0.01654052734375,0.86712646484375,-0.403564453125
116,0.67962646484375,0.09747314453125,-0.6756591796875,-0.268310546875,0.9300537109375,0.2965087890625,0.035400390625,-0.2139892578125,-0.40850830078125,-0.3184814453125,0.8533935546875,-0.05755615234375,-0.3802490234375,-0.125,0.83349609375,-0.3807373046875,-0.19311258067255435,-0.11814283288043478,0.9202482804008152,-0.31900953209918476,-0.2913818359375,0.01654052734375,0.86712646484375,-0.403564453125
117,0.679825492527174,0.09751295006793478,-0.675460152004076,-0.26827074133831524,0.9300537109375,0.2966282056725543,0.03551980723505435,-0.21383003566576086,-0.40850830078125,-0.3186008619225543,0.8533537491508152,-0.05755615234375,-0.3803684400475543,-0.12488058338994565,0.8334562882133152,-0.38077711022418476,-0.1929374363111413,-0.11808445142663043,0.9203066618546195,-0.31903076171875,-0.29146144701086957,0.016739555027173916,0.8670866593070652,-0.403564453125
118,0.679931640625,0.0975341796875,-0.67535400390625,-0.26824951171875,0.9300537109375,0.29669189453125,0.03558349609375,-0.2137451171875,-0.4086250636888587,-0.31866455078125,0.8532741380774457,-0.05761453379755435,-0.38043212890625,-0.12481689453125,0.83343505859375,-0.38079833984375,-0.19295601222826086,-0.11798361073369565,0.9202907396399457,-0.3190891431725543,-0.29150390625,0.016845703125,0.8670654296875,-0.403564453125
119,0.679931640625,0.09747845193614131,-0.6753354279891305,-0.2683052394701087,0.9299979831861414,0.29676619819972827,0.03562064792798913,-0.2138008449388587,-0.40873386548913043,-0.31870170261548914,0.85321044921875,-0.057603918987771736,-0.38043212890625,-0.12481689453125,0.8334722104279891,-0.38070546025815216,-0.1930595066236413,-0.11788277004076086,0.9202827785326086,-0.31905995244565216,-0.29148533033288043,0.016845703125,0.8671025815217391,-0.4035087253736413
120,0.6799236795176631,0.09735107421875,-0.6753009298573369,-0.2684485394021739,0.929854683254076,0.29693603515625,0.03562595533288043,-0.2140157948369565,-0.4086754840353261,-0.3187706988790761,0.8532184103260869,-0.05742612092391304,-0.3804162066915761,-0.12480893342391304,0.833573051120924,-0.3804772418478261,-0.19294009001358695,-0.11782173488451086,0.92041015625,-0.31884765625,-0.2914269488790761,0.016853664232336956,0.8671954611073369,-0.40335746433423914
121,0.6798732591711957,0.09735107421875,-0.6753513502038043,-0.2685493800951087,0.9297538425611414,0.29693603515625,0.03512175186820652,-0.21457041864809784,-0.4085746433423913,-0.3186698581861413,0.8532688306725543,-0.05737570057744565,-0.3803153659986413,-0.12475851307744565,0.8336738918138586,-0.3803764011548913,-0.19299051036005435,-0.11797299592391304,0.92041015625,-0.31884765625,-0.2913261081861413,0.016904084578804348,0.8672458814538043,-0.403206203294837
122,0.67987060546875,0.09735107421875,-0.67535400390625,-0.2685546875,0.92974853515625,0.29693603515625,0.03509521484375,-0.214599609375,-0.4085693359375,-0.31866455078125,0.853271484375,-0.057373046875,-0.38031005859375,-0.124755859375,0.83367919921875,-0.38037109375,-0.19270656419836957,-0.11793319038722826,0.9205056895380435,-0.318656589673913,-0.29132080078125,0.01690673828125,0.86724853515625,-0.4031982421875
123,0.6797219981317935,0.09749968155570653,-0.6754654594089674,-0.26859183933423914,0.92974853515625,0.29671312415081524,0.03509521484375,-0.21493397588315216,-0.40860648777173914,-0.31870170261548914,0.853271484375,-0.05741019870923913,-0.38008714758831524,-0.12490446671195653,0.8337535028872283,-0.38040824558423914,-0.19270125679347827,-0.11810568104619565,0.9204579228940217,-0.31875212296195654,-0.2910607379415761,0.01675813094429348,0.8673599906589674,-0.40323539402173914
124,0.67962646484375,0.09759521484375,-0.675537109375,-0.26861572265625,0.92974853515625,0.29656982421875,0.03509521484375,-0.21514892578125,-0.40841807489809784,-0.31864597486413043,0.8534041694972826,-0.05740754500679348,-0.37994384765625,-0.125,0.83380126953125,-0.38043212890625,-0.1925101902173913,-0.11817202360733696,0.9204632302989131,-0.31882111922554346,-0.2908935546875,0.01666259765625,0.867431640625,-0.40325927734375
125,0.6795627759850543,0.09761113705842392,-0.6755848760190217,-0.26861572265625,0.9297166907269022,0.2965061353600543,0.03482453719429347,-0.2153877590013587,-0.4082057787024457,-0.3185584026834239,0.8535288935122283,-0.05738896908967391,-0.37991200322690216,-0.12496815557065218,0.83380126953125,-0.38047989555027173,-0.19219970703125,-0.11807118291440218,0.9205322265625,-0.31878662109375,-0.29086171025815216,0.016678519870923912,0.867415718410326,-0.4033229662024457
126,0.6793717094089674,0.09766686480978261,-0.6757308296535326,-0.2686316448709239,0.9296317722486414,0.29632568359375,0.034078846807065216,-0.21604853091032608,-0.40838623046875,-0.318603515625,0.8533935546875,-0.057439389436141304,-0.3798111625339674,-0.12489385190217392,0.8338065769361414,-0.3806099269701087,-0.1922050144361413,-0.11800749405570653,0.9205269191576086,-0.3187919284986413,-0.2907608695652174,0.016713018002717392,0.8673759128736414,-0.4034981105638587
127,0.6792708687160326,0.09776770550271739,-0.6758316703464674,-0.2687829059103261,0.9296821925951086,0.29632568359375,0.034280528192934784,-0.21589726987092392,-0.40838623046875,-0.318603515625,0.8533935546875,-0.057489809782608696,-0.3797103218410326,-0.12504511294157608,0.8338569972826086,-0.3805595066236413,-0.1922554347826087,-0.11825959578804347,0.9204764988111414,-0.3188423488451087,-0.2906600288722826,0.016612177309782608,0.8674263332201086,-0.4034476902173913
128,0.67926025390625,0.0977783203125,-0.67584228515625,-0.268798828125,0.929642387058424,0.29587455417798914,0.03380551545516305,-0.21673849354619565,-0.40847645635190216,-0.31851328974184784,0.8533935546875,-0.05745000424592391,-0.37969970703125,-0.12506103515625,0.8338623046875,-0.38055419921875,-0.19217051630434784,-0.11815079398777174,0.920516304347826,-0.3188025433084239,-0.2906494140625,0.0166015625,0.867431640625,-0.4034423828125
129,0.6792257557744565,0.09788181470788043,-0.6758077870244565,-0.26883332625679346,0.9296609629755435,0.2954048488451087,0.03287141219429348,-0.2175239894701087,-0.40847380264945654,-0.318550441576087,0.8533935546875,-0.05753757642663043,-0.379630710767663,-0.12499203889266304,0.8338278065557065,-0.38065769361413043,-0.19206967561141305,-0.11817202360733696,0.9205322265625,-0.318855617357337,-0.290580417798913,0.016705056895380436,0.8673971424932065,-0.403511379076087
130,0.67919921875,0.09796142578125,-0.67578125,-0.26885986328125,0.9296875,0.295166015625,0.03228759765625,-0.2178955078125,-0.40847114894701086,-0.31855574898097827,0.8533935546875,-0.057664954144021736,-0.37957763671875,-0.12493896484375,0.83380126953125,-0.3807373046875,-0.19204048488451086,-0.11817733101222826,0.9205083432404891,-0.31895645805027173,-0.29052734375,0.01678466796875,0.86737060546875,-0.403564453125
131,0.67919921875,0.09793488875679347,-0.67578125,-0.26888640030570654,0.9296609629755435,0.29515274711277173,0.0321549125339674,-0.2180281929347826,-0.40849503226902173,-0.31849471382472827,0.8533935546875,-0.057699452275815216,-0.37957763671875,-0.12493896484375,0.8338145380434783,-0.38072403617527173,-0.19203783118206522,-0.11810302734375,0.9204844599184783,-0.31901749320652173,-0.29051407523777173,0.01678466796875,0.8673838739809783,-0.40355118461277173
132,0.6791965650475543,0.09783139436141304,-0.67578125,-0.2689872409986413,0.9295627759850543,0.2951102878736413,0.031682553498641304,-0.218505859375,-0.408447265625,-0.31854248046875,0.8533935546875,-0.057550844938858696,-0.37957763671875,-0.12493896484375,0.8338649583899457,-0.3806656547214674,-0.1918998386548913,-0.11810568104619565,0.9205348802649457,-0.3189591117527174,-0.2904689622961957,0.01678466796875,0.8674369480298914,-0.4034928031589674
133,0.6791461447010869,0.09768013332201086,-0.67578125,-0.2690880816915761,0.9295123556385869,0.2952111285665761,0.03178339419157609,-0.218505859375,-0.408447265625,-0.31854248046875,0.8533935546875,-0.05745000424592391,-0.37957763671875,-0.12493896484375,0.8339153787364131,-0.38046397333559784,-0.19200067934782608,-0.11815610139266304,0.9205853006114131,-0.31875743036684784,-0.290519382642663,0.01678466796875,0.867537788722826,-0.40329112177309784
134,0.67913818359375,0.09765625,-0.67578125,-0.26910400390625,0.9294194760529891,0.29543934697690216,0.031671938688858696,-0.21854831861413043,-0.40836234714673914,-0.31850002122961957,0.8534784731657609,-0.057306704313858696,-0.37957763671875,-0.12493896484375,0.83392333984375,-0.38043212890625,-0.19193168308423914,-0.11820652173913043,0.9206357209578805,-0.31868312669836957,-0.29052734375,0.01678466796875,0.8675537109375,-0.40325927734375
135,0.67913818359375,0.09765625,-0.6758130944293478,-0.26907215947690216,0.9293504797894022,0.2956596042798913,0.03177543308423913,-0.21853505010190216,-0.40835703974184784,-0.31844960088315216,0.853515625,-0.0572509765625,-0.37957763671875,-0.12490712041440218,0.8339551842730978,-0.3803684400475543,-0.19192637567934784,-0.11819325322690218,0.9206224524456522,-0.31869639521059784,-0.29049549932065216,0.01678466796875,0.8675855553668478,-0.4031955884850543
136,0.67913818359375,0.09765625,-0.67584228515625,-0.26904296875,0.9293212890625,0.2957763671875,0.03192138671875,-0.218505859375,-0.40834377122961957,-0.31839918053668476,0.8535368546195652,-0.05720851732336957,-0.37957763671875,-0.1248779296875,0.833984375,-0.38031005859375,-0.19191310716711957,-0.1181640625,0.9206144913383152,-0.3186618970788043,-0.29046630859375,0.01678466796875,0.86761474609375,-0.40313720703125
137,0.6791169539741848,0.09768809442934782,-0.6758528999660326,-0.26904296875,0.9293212890625,0.29581882642663043,0.031900157099184784,-0.21848462975543478,-0.40828538977581524,-0.3183699898097826,0.8535660453464674,-0.057160750679347824,-0.3795670219089674,-0.12488854449728261,0.833984375,-0.3803206734035326,-0.19184411090353262,-0.11818529211956522,0.9206436820652174,-0.31857432489809784,-0.29046630859375,0.016774053158967392,0.86761474609375,-0.4031478218410326
138,0.67901611328125,0.09783935546875,-0.6759033203125,-0.26904296875,0.9293212890625,0.2960205078125,0.03179931640625,-0.2183837890625,-0.40838623046875,-0.31842041015625,0.853515625,-0.05731201171875,-0.3795166015625,-0.12493896484375,0.833984375,-0.38037109375,-0.19189453125,-0.1182861328125,0.92059326171875,-0.3187255859375,-0.29046630859375,0.0167236328125,0.86761474609375,-0.4031982421875
139,0.6790665336277174,0.09794019616168478,-0.6759033203125,-0.2689925484035326,0.9293212890625,0.29591966711956524,0.03174889605978261,-0.21833336871603262,-0.4083358101222826,-0.3183699898097826,0.853515625,-0.05731201171875,-0.3795670219089674,-0.12483812415081522,0.8340347953464674,-0.3803206734035326,-0.19179369055706522,-0.11833655315896739,0.9206436820652174,-0.3186751655910326,-0.2905167289402174,0.0167236328125,0.86761474609375,-0.40309740149456524
140,0.6790771484375,0.09796142578125,-0.6759033203125,-0.26898193359375,0.9292416779891305,0.2960974651834239,0.03189750339673913,-0.21836255944293478,-0.4084446119225543,-0.31831956946331524,0.853515625,-0.057192595108695655,-0.37957763671875,-0.12481689453125,0.83404541015625,-0.38031005859375,-0.19185207201086957,-0.11834716796875,0.920654296875,-0.31858493970788043,-0.29052734375,0.0167236328125,0.86761474609375,-0.403076171875
141,0.6791063391644022,0.09804899796195653,-0.6758449388586957,-0.26895274286684784,0.9292284094769022,0.2962619947350543,0.03221594769021739,-0.21820864470108695,-0.4084499193274457,-0.31829833984375,0.853515625,-0.05721647843070652,-0.37957763671875,-0.12484608525815218,0.8340162194293478,-0.38033924932065216,-0.1918069590692935,-0.11834716796875,0.920654296875,-0.31863005264945654,-0.29052734375,0.016694442085597824,0.8675855553668478,-0.40310536260190216
142,0.67913818359375,0.09814453125,-0.67578125,-0.2689208984375,0.92926025390625,0.29632568359375,0.032470703125,-0.218017578125,-0.40842338230298914,-0.31833549167798914,0.8534784731657609,-0.05731201171875,-0.37957763671875,-0.1248779296875,0.833984375,-0.38037109375,-0.1917671535326087,-0.11840289572010869,0.9206357209578805,-0.31870701002038043,-0.29052734375,0.01666259765625,0.8675537109375,-0.40313720703125
143,0.6791620669157609,0.09814453125,-0.675765327785326,-0.268912937330163,0.9292522927989131,0.29636548913043476,0.03246274201766304,-0.21800961701766305,-0.40848441745923914,-0.318412449048913,0.853409476902174,-0.05731997282608696,-0.379585597826087,-0.12486996858016304,0.833984375,-0.38037109375,-0.19187064792798914,-0.11851435122282608,0.9206012228260869,-0.31866455078125,-0.290535304857337,0.016686480978260868,0.8675537109375,-0.403145168138587
144,0.6793133279551631,0.09814453125,-0.6756644870923914,-0.2688625169836957,0.9292018724524457,0.29661759086277173,0.03241232167119565,-0.21795919667119565,-0.408333156419837,-0.3183620287024457,0.8535103175951086,-0.05737039317255435,-0.3796360181725543,-0.12481954823369565,0.833984375,-0.38037109375,-0.19171938688858695,-0.1184135105298913,0.9206516431725543,-0.31866455078125,-0.2905857252038043,0.016837742017663044,0.8675537109375,-0.4031955884850543
145,0.6794168223505435,0.09800123131793478,-0.6756114130434783,-0.26885986328125,0.9291036854619565,0.29677415930706524,0.03231413468070652,-0.2180520762567935,-0.40822966202445654,-0.31826384171195654,0.8536111582880435,-0.05727751358695652,-0.37968643851902173,-0.12476912788722826,0.833984375,-0.38027556046195654,-0.1918069590692935,-0.11831266983695653,0.920654296875,-0.31866455078125,-0.29063614555027173,0.016845703125,0.8675537109375,-0.40310270889945654
146,0.679443359375,0.09796142578125,-0.67559814453125,-0.26885986328125,0.9290028447690217,0.29703687584918476,0.032510508661684784,-0.21807861328125,-0.40824027683423914,-0.31831160835597827,0.8536005434782609,-0.05713952105978261,-0.37969970703125,-0.124755859375,0.833984375,-0.3802490234375,-0.19183349609375,-0.11832328464673914,0.920654296875,-0.3185530952785326,-0.2906494140625,0.016845703125,0.8675537109375,-0.403076171875
147,0.679443359375,0.09801449983016304,-0.67559814453125,-0.26883332625679346,0.928848930027174,0.2974190090013587,0.03278649371603261,-0.21818476137907608,-0.40826416015625,-0.31833283797554346,0.85357666015625,-0.05712094514266304,-0.37969970703125,-0.124755859375,0.8340109120244565,-0.38022248641304346,-0.19183349609375,-0.11834716796875,0.920654296875,-0.318534519361413,-0.29056980298913043,0.016845703125,0.8676067849864131,-0.403023097826087
148,0.679443359375,0.09808349609375,-0.67559814453125,-0.268798828125,0.9287109375,0.2977294921875,0.032958984375,-0.21832275390625,-0.40821639351222827,-0.31833018427309784,0.853592582370924,-0.057142174762228264,-0.37965194038722827,-0.12480362601902174,0.8340772545855978,-0.38015614385190216,-0.19175388502038043,-0.11837901239809782,0.920670219089674,-0.31857167119565216,-0.29046630859375,0.016845703125,0.86767578125,-0.4029541015625
149,0.6794327445652174,0.09809411090353261,-0.675614066745924,-0.26877759850543476,0.9287056300951086,0.2977454144021739,0.03297490658967391,-0.21832275390625,-0.4080969769021739,-0.3184044879415761,0.8536323879076086,-0.05702275815217391,-0.3795325237771739,-0.12492835003396739,0.834151558254076,-0.3800818401834239,-0.19154954993206522,-0.11846393087635869,0.9207047172214674,-0.31850267493206524,-0.29046630859375,0.016845703125,0.8676704738451086,-0.40297533118206524
150,0.6793319038722826,0.09819495159646739,-0.675765327785326,-0.2685759171195652,0.9286552097486414,0.2978966754415761,0.03312616762907609,-0.21832275390625,-0.4082482379415761,-0.3182532269021739,0.8535819675611414,-0.05717401919157609,-0.3796837848165761,-0.12482750934103261,0.834000297214674,-0.3802331012228261,-0.19175123131793478,-0.1184135105298913,0.9206038765285326,-0.3187043563179348,-0.29046630859375,0.016845703125,0.8676200534986414,-0.4031770125679348
151,0.679276176120924,0.09820556640625,-0.675826362941576,-0.26841934867527173,0.92864990234375,0.29782237177309784,0.03314208984375,-0.21841297978940216,-0.40826416015625,-0.3182373046875,0.853621773097826,-0.05723505434782609,-0.37978993291440216,-0.12477178158967392,0.833939262058424,-0.38033924932065216,-0.1917724609375,-0.118408203125,0.92059326171875,-0.31881581182065216,-0.29055653447690216,0.016800590183423912,0.8675245202105978,-0.4032433551290761
152,0.67926025390625,0.09820556640625,-0.67584228515625,-0.26837158203125,0.9285809060801631,0.2981010105298913,0.03321108610733695,-0.21834132982336957,-0.40829865828804346,-0.31827180281929346,0.8536031971807065,-0.05714748216711957,-0.37982177734375,-0.124755859375,0.83392333984375,-0.38037109375,-0.1917379628057065,-0.11847719938858696,0.9206277598505435,-0.31874416185461957,-0.29058837890625,0.01678466796875,0.86749267578125,-0.40325927734375
153,0.67926025390625,0.09822944972826086,-0.6758661684782609,-0.26837158203125,0.9284800653872283,0.2984592603600543,0.03343134341032609,-0.21826171875,-0.4083251953125,-0.31829833984375,0.85357666015625,-0.05709175441576087,-0.37986954398777173,-0.12480362601902174,0.8338994565217391,-0.38032332710597827,-0.19173530910326086,-0.11855415675951086,0.9206304135529891,-0.31868843410326086,-0.29058837890625,0.016808551290760868,0.8675165591032609,-0.4031876273777174
154,0.67926025390625,0.0982666015625,-0.6759033203125,-0.26837158203125,0.92840576171875,0.29864501953125,0.03369140625,-0.21826171875,-0.4083251953125,-0.31831160835597827,0.85357666015625,-0.05710236922554348,-0.37995711616847827,-0.1248779296875,0.8338755731997283,-0.38023575492527173,-0.1917724609375,-0.11859130859375,0.92059326171875,-0.31869904891304346,-0.29058837890625,0.016845703125,0.8675537109375,-0.403076171875
155,0.6792576002038043,0.09826925526494565,-0.6759033203125,-0.2683689283288043,0.9284031080163043,0.2986503269361413,0.03369936735733695,-0.21826171875,-0.4083278490149457,-0.318359375,0.8535740064538043,-0.05700948963994565,-0.3800048828125,-0.1248779296875,0.8339206861413043,-0.3801906419836957,-0.19177511463994565,-0.11859130859375,0.92059326171875,-0.3186088230298913,-0.2905910326086957,0.016845703125,0.8675510572350543,-0.4030867866847826
156,0.6792071798573369,0.09831967561141304,-0.6759033203125,-0.268318507982337,0.9283526876698369,0.2987511676290761,0.03385062839673913,-0.21826171875,-0.408378269361413,-0.318359375,0.8535235861073369,-0.05705990998641304,-0.3800048828125,-0.1248779296875,0.8338702657948369,-0.380241062330163,-0.19182553498641305,-0.11859130859375,0.92059326171875,-0.3187096637228261,-0.290641452955163,0.016845703125,0.8675006368885869,-0.40328846807065216
157,0.6792841372282609,0.09828517747961957,-0.6758184018342391,-0.26835300611413043,0.9283447265625,0.2988944675611413,0.03378959324048913,-0.21826171875,-0.40834377122961957,-0.318359375,0.8535580842391305,-0.05706787109375,-0.38004734205163043,-0.12483547044836957,0.8338198454483695,-0.3802490234375,-0.19179103685461957,-0.11850639011548914,0.92059326171875,-0.31876804517663043,-0.29069187330163043,0.016930621603260868,0.86749267578125,-0.40327785326086957
158,0.6793212890625,0.0982666015625,-0.67578125,-0.26837158203125,0.9282810377038043,0.29904572860054346,0.03394350798233695,-0.21832540760869565,-0.4083251953125,-0.31832753057065216,0.85357666015625,-0.05706787109375,-0.38006591796875,-0.12481689453125,0.83380126953125,-0.3802490234375,-0.1917724609375,-0.11846923828125,0.92059326171875,-0.31878662109375,-0.29071044921875,0.0169677734375,0.86749267578125,-0.40325927734375
159,0.6793212890625,0.09824537194293478,-0.6757600203804348,-0.2684352708899457,0.9281377377717391,0.299324367357337,0.034203570822010865,-0.21844747792119565,-0.40830396569293476,-0.31834079908288043,0.85357666015625,-0.05702541185461957,-0.38006591796875,-0.12483812415081522,0.8338224991508152,-0.38020656419836957,-0.1917724609375,-0.11851169752038043,0.92059326171875,-0.3187229322350543,-0.29062553074048914,0.0169677734375,0.8675351350203805,-0.40317435886548914
160,0.6793212890625,0.09820556640625,-0.67572021484375,-0.2685546875,0.927978515625,0.2996826171875,0.03436279296875,-0.21856689453125,-0.40823231572690216,-0.3184097953464674,0.8535978897758152,-0.05693518597146739,-0.3800446883491848,-0.12485670006793478,0.8338835343070652,-0.3801163383152174,-0.19173000169836957,-0.11855946416440218,0.9206144913383152,-0.3185929008152174,-0.29046630859375,0.0169677734375,0.86761474609375,-0.40301513671875
161,0.6793212890625,0.09820556640625,-0.67572021484375,-0.2685546875,0.927978515625,0.2996826171875,0.03436279296875,-0.21856689453125,-0.4080810546875,-0.318359375,0.85369873046875,-0.056884765625,-0.37994384765625,-0.124755859375,0.833984375,-0.38006591796875,-0.1915283203125,-0.118408203125,0.92071533203125,-0.31854248046875,-0.29046630859375,0.0169677734375,0.86761474609375,-0.40301513671875
162,0.6792204483695652,0.09820556640625,-0.6758210555366848,-0.26865552819293476,0.9279280952785326,0.29983387822690216,0.03441321331521739,-0.21861731487771738,-0.40818189538043476,-0.31846021569293476,0.8535978897758152,-0.05683434527853261,-0.3799942680027174,-0.12485670006793478,0.8339339546535326,-0.38006591796875,-0.19167958135190216,-0.11855946416440218,0.9206649116847826,-0.31854248046875,-0.2904158882472826,0.0169677734375,0.8676651664402174,-0.40301513671875
163,0.6791196076766305,0.09828517747961957,-0.6759218962296195,-0.26871656334918476,0.9279572860054348,0.29978611158288043,0.03450343919836956,-0.21858812415081522,-0.408203125,-0.31840183423913043,0.8536164656929348,-0.056863536005434784,-0.3800048828125,-0.12483812415081522,0.83392333984375,-0.38014552904211957,-0.19163181470788043,-0.11855150305706522,0.920654296875,-0.31862209154211957,-0.29044507897418476,0.016848356827445655,0.8676359757133152,-0.40309474779211957
164,0.6790771484375,0.09832763671875,-0.67596435546875,-0.26873779296875,0.9279493248980978,0.29974365234375,0.0345458984375,-0.21859608525815216,-0.408203125,-0.3183009935461957,0.8536668860394022,-0.056913956351902176,-0.3800048828125,-0.12481689453125,0.83392333984375,-0.38018798828125,-0.19158935546875,-0.11844270125679349,0.920654296875,-0.31866455078125,-0.29046630859375,0.016901430876358692,0.86761474609375,-0.40313720703125
165,0.6790585725203805,0.09832763671875,-0.6759457795516305,-0.26875636888586957,0.92791748046875,0.29978080417798914,0.03458305027173913,-0.21860935377038043,-0.40818454908288043,-0.31825588060461957,0.8536801545516305,-0.05692722486413043,-0.3800048828125,-0.12479831861413043,0.8339419157608695,-0.38015083644701086,-0.19158935546875,-0.11838431980298914,0.920654296875,-0.31864597486413043,-0.29046630859375,0.017010232676630436,0.8676333220108695,-0.40310005519701086
166,0.67901611328125,0.09832763671875,-0.6759033203125,-0.268798828125,0.92791748046875,0.29986572265625,0.03466796875,-0.21856689453125,-0.40814208984375,-0.318290378736413,0.8536456564198369,-0.056860882302989135,-0.3800048828125,-0.124755859375,0.833984375,-0.3800499957540761,-0.19158935546875,-0.11846923828125,0.9206622579823369,-0.318595554517663,-0.29046630859375,0.0169677734375,0.86767578125,-0.40301513671875
167,0.67901611328125,0.09832763671875,-0.6759033203125,-0.268798828125,0.92791748046875,0.29986572265625,0.03466796875,-0.21856689453125,-0.40814208984375,-0.3182399583899457,0.8536960767663043,-0.05670962126358696,-0.3800048828125,-0.124755859375,0.833984375,-0.3799491550611413,-0.19158935546875,-0.11846923828125,0.9207126783288043,-0.3185451341711957,-0.29046630859375,0.0169677734375,0.86767578125,-0.40301513671875
168,0.67901611328125,0.09837540336277174,-0.6759033203125,-0.26889436141304346,0.9278697138247283,0.3000090225883152,0.03476350203804348,-0.21861466117527173,-0.40814208984375,-0.31833283797554346,0.8536509638247283,-0.056749426800271736,-0.37995711616847827,-0.12485139266304347,0.833984375,-0.37999161430027173,-0.19154158882472827,-0.11856477156929347,0.92071533203125,-0.31849471382472827,-0.2903230086616848,0.0169677734375,0.8677713145380435,-0.40291960343070654
169,0.6789046577785326,0.09846297554347826,-0.6759776239809783,-0.2689208984375,0.9278935971467391,0.29997452445652173,0.03486434273097826,-0.21859077785326086,-0.40817924167798914,-0.318359375,0.8536376953125,-0.05679984714673913,-0.37994384765625,-0.1248779296875,0.833984375,-0.3800048828125,-0.19145401664402173,-0.11859130859375,0.92071533203125,-0.31855574898097827,-0.29032035495923914,0.01689346976902174,0.8677235478940217,-0.40296737007472827
170,0.6788330078125,0.0985107421875,-0.676025390625,-0.2689208984375,0.9278909434442935,0.29995329483695654,0.03480596127717392,-0.21861996858016305,-0.408150050951087,-0.318306300951087,0.8536907693614131,-0.05682373046875,-0.37986423658288043,-0.12482485563858696,0.8340109120244565,-0.38003141983695654,-0.1913797129755435,-0.11853823454483696,0.92071533203125,-0.31863005264945654,-0.290291164232337,0.01689877717391304,0.86767578125,-0.40304167374320654
171,0.6788330078125,0.0985107421875,-0.676041312839674,-0.2689208984375,0.9278564453125,0.29998779296875,0.03466796875,-0.21870488705842392,-0.4080810546875,-0.3182373046875,0.853759765625,-0.05682373046875,-0.3797766644021739,-0.124755859375,0.83404541015625,-0.38006591796875,-0.19136113705842392,-0.11846923828125,0.92071533203125,-0.31866455078125,-0.2902380901834239,0.0169677734375,0.86767578125,-0.4030920940896739
172,0.6788330078125,0.09850012737771739,-0.67608642578125,-0.2689262058423913,0.9278511379076086,0.2999931003736413,0.03467858355978261,-0.2187446925951087,-0.4080757472826087,-0.3182373046875,0.853759765625,-0.05681311565896739,-0.37982177734375,-0.124755859375,0.83404541015625,-0.3800606105638587,-0.1914009425951087,-0.11846923828125,0.92071533203125,-0.31866455078125,-0.2902778957201087,0.0169677734375,0.8676810886548914,-0.4031265922214674
173,0.6788330078125,0.09839928668478261,-0.67608642578125,-0.2689766261888587,0.9278007175611414,0.3000435207201087,0.03477942425271739,-0.2186942722486413,-0.4080253269361413,-0.3182373046875,0.853759765625,-0.05671227496603261,-0.37982177734375,-0.124755859375,0.83404541015625,-0.3800101902173913,-0.1913505222486413,-0.11846923828125,0.92071533203125,-0.31866455078125,-0.2902274753736413,0.0169677734375,0.8677315090013586,-0.4030257515285326
174,0.6788330078125,0.098388671875,-0.67608642578125,-0.26898193359375,0.92779541015625,0.30013905400815216,0.0347900390625,-0.21864385190217392,-0.40802001953125,-0.3182373046875,0.853759765625,-0.05670166015625,-0.37982177734375,-0.124755859375,0.83404541015625,-0.3800048828125,-0.19134521484375,-0.11846923828125,0.92071533203125,-0.31866455078125,-0.2901770550271739,0.0169677734375,0.867781929347826,-0.4029700237771739
175,0.6787640115489131,0.098388671875,-0.6761554220448369,-0.26894743546195654,0.92779541015625,0.300101902173913,0.03485903532608695,-0.2186624278192935,-0.407951023267663,-0.3182373046875,0.8537942637567935,-0.05666716202445652,-0.37978727921195654,-0.12479035750679347,0.8341144064198369,-0.379935886548913,-0.19127621858016305,-0.11853823454483696,0.9207498301630435,-0.31856105638586957,-0.290230129076087,0.0169677734375,0.8677288552989131,-0.40298859969429346
176,0.6787109375,0.098388671875,-0.67620849609375,-0.2689208984375,0.9277476435122283,0.30014436141304346,0.03493599269701087,-0.21873673148777173,-0.4078262992527174,-0.31821342136548914,0.8538685674252717,-0.056592858355978264,-0.3796890922214674,-0.12479301120923914,0.8341913637907609,-0.37985892917798914,-0.1911276112432065,-0.11854354194972826,0.9208002505095109,-0.31845756199048914,-0.29018766983695654,0.016920006793478264,0.8677474312160326,-0.40296737007472827
177,0.6786844004755435,0.09842847741168478,-0.6762350331182065,-0.26889436141304346,0.9276998768682065,0.300239894701087,0.03498641304347826,-0.21879776664402173,-0.40775464928668476,-0.31817626953125,0.8539296025815217,-0.05655836022418478,-0.37960417374320654,-0.124755859375,0.8342019786005435,-0.37986158288043476,-0.1910055409307065,-0.11848250679347826,0.9208241338315217,-0.318473484205163,-0.29005233101222827,0.016845703125,0.8678323496942935,-0.402946140455163
178,0.6785888671875,0.09857443104619565,-0.67633056640625,-0.268798828125,0.9277927564538043,0.300056789232337,0.035028872282608696,-0.21874734629755435,-0.4078952955163043,-0.3181736158288043,0.8538818359375,-0.05670166015625,-0.37969970703125,-0.124755859375,0.8341064453125,-0.3800048828125,-0.19110372792119565,-0.1185302734375,0.9207737134850543,-0.3186672044836957,-0.2900974439538043,0.016848356827445652,0.86773681640625,-0.40313720703125
179,0.6785888671875,0.09862485139266304,-0.67633056640625,-0.268798828125,0.9277423361073369,0.30020805027173914,0.03492803158967391,-0.21869692595108695,-0.407844875169837,-0.318123195482337,0.8538818359375,-0.05670166015625,-0.37969970703125,-0.124755859375,0.8341064453125,-0.3800048828125,-0.19115414826766305,-0.1185302734375,0.9207232931385869,-0.318717624830163,-0.290047023607337,0.016898777173913044,0.86773681640625,-0.40313720703125
180,0.6785888671875,0.0986328125,-0.67633056640625,-0.268798828125,0.927734375,0.30023193359375,0.035039487092391304,-0.21868896484375,-0.4078369140625,-0.318115234375,0.8538818359375,-0.05670166015625,-0.37969970703125,-0.124755859375,0.8341064453125,-0.3800048828125,-0.191162109375,-0.1185302734375,0.92071533203125,-0.3187255859375,-0.29012398097826086,0.01690673828125,0.86773681640625,-0.40313720703125
181,0.6786525560461957,0.0986328125,-0.6762668775475543,-0.268798828125,0.927734375,0.30026377802309784,0.035031525985054345,-0.21868896484375,-0.40780506963315216,-0.31821076766304346,0.8538818359375,-0.056669815726902176,-0.37969970703125,-0.12478770380434782,0.8341064453125,-0.37997303838315216,-0.19109842051630435,-0.11856211786684782,0.9207471764605978,-0.3186618970788043,-0.2900974439538043,0.016938582710597828,0.8677686608355978,-0.40310536260190216
182,0.6787109375,0.0986328125,-0.67620849609375,-0.268798828125,0.9277131453804348,0.3003566576086957,0.034994374150815216,-0.21868896484375,-0.40777587890625,-0.31831956946331524,0.8538606063179348,-0.056640625,-0.37969970703125,-0.12483812415081522,0.8341064453125,-0.37994384765625,-0.1910400390625,-0.11863376783288043,0.9207551375679348,-0.31862474524456524,-0.29006029211956524,0.01694654381793478,0.8677978515625,-0.40305494225543476
183,0.6787215523097826,0.0986328125,-0.67620849609375,-0.26877759850543476,0.92767333984375,0.3004654594089674,0.03502356487771739,-0.21869957965353262,-0.40777587890625,-0.31833814538043476,0.8538314155910326,-0.05665123980978261,-0.37969970703125,-0.12485670006793478,0.8341064453125,-0.3799544624660326,-0.1910400390625,-0.11869214928668478,0.92071533203125,-0.3186751655910326,-0.29010009765625,0.01692796790081522,0.8677872367527174,-0.4030257515285326
184,0.67877197265625,0.0986328125,-0.67620849609375,-0.2686767578125,0.92767333984375,0.3004150390625,0.03497314453125,-0.21875,-0.40777587890625,-0.3182373046875,0.8538818359375,-0.05670166015625,-0.37969970703125,-0.124755859375,0.8341064453125,-0.3800048828125,-0.1910400390625,-0.11859130859375,0.92071533203125,-0.3187255859375,-0.29010009765625,0.01702880859375,0.86773681640625,-0.403076171875
185,0.6788728133491848,0.09868323284646739,-0.6761580757472826,-0.2685759171195652,0.92767333984375,0.3005158797554348,0.03492272418478261,-0.2185987389605978,-0.40762461786684784,-0.3182877250339674,0.8539322562839674,-0.05675208050271739,-0.3795988663383152,-0.12480627972146739,0.8341568656589674,-0.3800048828125,-0.1909896187160326,-0.11864172894021739,0.9207657523777174,-0.3186751655910326,-0.29010009765625,0.016978388247282608,0.86773681640625,-0.403076171875
186,0.67889404296875,0.09869384765625,-0.6761474609375,-0.2685546875,0.9276335343070652,0.30061672044836957,0.03519074813179348,-0.21852708899456522,-0.4075927734375,-0.31829833984375,0.85394287109375,-0.0567626953125,-0.37957763671875,-0.12481689453125,0.83416748046875,-0.3800048828125,-0.19097900390625,-0.11865234375,0.9207763671875,-0.31866455078125,-0.29017970872961957,0.01684835682744565,0.8677766219429348,-0.4029567552649457
187,0.6789816151494565,0.09878141983695653,-0.6760306980298914,-0.26852549677309784,0.9276414954144022,0.3006591796875,0.03516421110733695,-0.2184182871942935,-0.40750520125679346,-0.31838591202445654,0.85394287109375,-0.0567626953125,-0.37949006453804346,-0.12484608525815218,0.8341966711956522,-0.3800048828125,-0.19092062245244565,-0.11871072520380435,0.9208055579144022,-0.3186061693274457,-0.290047023607337,0.016843049422554348,0.8678270422894022,-0.4029514478600543
188,0.6790771484375,0.098876953125,-0.6759033203125,-0.26849365234375,0.92767333984375,0.3006591796875,0.035066024116847824,-0.21834132982336957,-0.40750254755434784,-0.31855574898097827,0.8538871433423914,-0.05674411939538043,-0.37946883491847827,-0.12497080927309782,0.8342099397078805,-0.37996773097826086,-0.19094981317934784,-0.11886729364809782,0.9208002505095109,-0.31852390455163043,-0.289985988451087,0.01683243461277174,0.8678403108016305,-0.40297798488451086
189,0.6791249150815217,0.09890083644701088,-0.6758635147758152,-0.26846976902173914,0.9276813009510869,0.3006591796875,0.035206670346467385,-0.21836786684782608,-0.40766707710597827,-0.31870170261548914,0.8537836489470109,-0.05673350458559783,-0.37959090523097827,-0.12514329993206522,0.834183402683424,-0.3798987347146739,-0.1911063816236413,-0.11904774541440218,0.9207232931385869,-0.31850532863451086,-0.2902274753736413,0.016702403192934787,0.8678058126698369,-0.402901027513587
190,0.679427437160326,0.09905209748641304,-0.6756114130434783,-0.268318507982337,0.9277317212975543,0.3006591796875,0.034752887228260865,-0.2182670261548913,-0.4073645550271739,-0.318550441576087,0.8539349099864131,-0.05693518597146739,-0.3792883831521739,-0.12489119819972826,0.8342842433763586,-0.3799995754076087,-0.19075343919836957,-0.11884606402853261,0.9207737134850543,-0.318656589673913,-0.28987453294836957,0.01695450492527174,0.8678562330163043,-0.4029514478600543
191,0.6796344259510869,0.09906005859375,-0.6755026112432065,-0.268119480298913,0.9276388417119565,0.30075471297554346,0.034490170686141304,-0.21840501868206522,-0.407157566236413,-0.31868578040081524,0.8539906377377717,-0.05694580078125,-0.37917692764945654,-0.12502122961956522,0.83428955078125,-0.3800048828125,-0.19059156334918478,-0.11893098250679347,0.9208241338315217,-0.31856901749320654,-0.28990372367527173,0.016872240149456524,0.86785888671875,-0.4029541015625
192,0.6796875,0.09906005859375,-0.67547607421875,-0.26806640625,0.9275380010190217,0.3010413128396739,0.03453528362771739,-0.21848197605298914,-0.4071044921875,-0.3187255859375,0.85400390625,-0.05694580078125,-0.379150390625,-0.12506103515625,0.83428955078125,-0.3800048828125,-0.1905517578125,-0.11895751953125,0.92083740234375,-0.31854248046875,-0.28995414402173914,0.016548488451086953,0.8678960385529891,-0.4028426460597826
193,0.679793648097826,0.09913966966711957,-0.6753964631453805,-0.2679602581521739,0.9275167713994565,0.30118195906929346,0.034421174422554345,-0.218505859375,-0.40702488111413043,-0.31880519701086957,0.85400390625,-0.05697233780570652,-0.37907077955163043,-0.1250875721807065,0.8343426248301631,-0.3800048828125,-0.1905252207880435,-0.11901059358016304,0.92083740234375,-0.31856901749320654,-0.2898718792459239,0.01649010699728261,0.867919921875,-0.40285060716711957
194,0.679931640625,0.0992431640625,-0.67529296875,-0.267822265625,0.9275035028872283,0.3012589164402174,0.034227454144021736,-0.21853770380434784,-0.40695323114809784,-0.31900422469429346,0.8539561396059783,-0.056959069293478264,-0.37901505180027173,-0.1252176036005435,0.834395698879076,-0.37995711616847827,-0.19053848930027173,-0.11915920091711957,0.92083740234375,-0.3185398267663043,-0.2897975755774457,0.016567064368206524,0.867919921875,-0.40292225713315216
195,0.679947562839674,0.09925377887228261,-0.6752823539402174,-0.2678063434103261,0.9273681640625,0.3015693996263587,0.034341563349184784,-0.2186279296875,-0.4070328422214674,-0.3192589801290761,0.8538314155910326,-0.05683965268342391,-0.3791344684103261,-0.12546705163043478,0.8343558933423914,-0.3798323921535326,-0.19065790591032608,-0.1193688434103261,0.92083740234375,-0.3183752972146739,-0.2899621051290761,0.016317616338315216,0.867919921875,-0.4028373386548913
196,0.680098823879076,0.09935461956521739,-0.6751815132472826,-0.2676550823709239,0.9273681640625,0.3015189792798913,0.034139881963315216,-0.2186279296875,-0.4069320015285326,-0.3191077190896739,0.8539322562839674,-0.05699091372282609,-0.3789832073709239,-0.12526537024456522,0.8344063136888586,-0.3799332328464674,-0.19050664487092392,-0.1192175823709239,0.92083740234375,-0.3185265582540761,-0.2898108440896739,0.016519297724184784,0.867919921875,-0.4028877590013587
197,0.6802500849184783,0.09954568614130435,-0.6750355596127717,-0.2674587083899457,0.9272779381793478,0.30178434952445654,0.03389308763586957,-0.21858281674592392,-0.40692138671875,-0.31918202275815216,0.853897758152174,-0.0570068359375,-0.37896728515625,-0.12528925356657608,0.834366508152174,-0.3799889605978261,-0.19049072265625,-0.11920166015625,0.92083740234375,-0.31854248046875,-0.2898400348165761,0.016450301460597824,0.867919921875,-0.40289306640625
198,0.6802978515625,0.099609375,-0.67498779296875,-0.26739501953125,0.9271425993546195,0.30225936226222827,0.034020465353260865,-0.2186013926630435,-0.40692138671875,-0.3192138671875,0.8538818359375,-0.0570068359375,-0.37896728515625,-0.12530517578125,0.8343505859375,-0.3800048828125,-0.19049072265625,-0.11920166015625,0.92083740234375,-0.31854248046875,-0.28989045516304346,0.016314962635869568,0.8679544200067935,-0.402824070142663
199,0.6803217348845109,0.09963325832201086,-0.6750116762907609,-0.26734725288722827,0.92706298828125,0.30250350288722827,0.03415580417798913,-0.21865181300951086,-0.40694527004076086,-0.31926163383152173,0.8538579526154891,-0.05698295261548913,-0.37901505180027173,-0.12535294242527173,0.8343267026154891,-0.3800048828125,-0.19051460597826086,-0.11924942680027174,0.9208135190217391,-0.31859024711277173,-0.2899169921875,0.01628311820652174,0.8679570737092391,-0.40281876273777173
200,0.68035888671875,0.09967041015625,-0.675048828125,-0.26727294921875,0.9270497197690217,0.30250881029211957,0.03409211531929348,-0.21867569633152173,-0.40695588485054346,-0.31936247452445654,0.8538340692934783,-0.05697233780570652,-0.37907608695652173,-0.1254537831182065,0.8342762822690217,-0.38003141983695654,-0.1905517578125,-0.11932373046875,0.9207763671875,-0.31866455078125,-0.28990372367527173,0.016317616338315216,0.867919921875,-0.40290633491847827
201,0.6803562330163043,0.09966244904891304,-0.6750541355298914,-0.267264988111413,0.9269992994225543,0.3027927564538043,0.03399923573369565,-0.2186385444972826,-0.4068656589673913,-0.3194473930027174,0.8538818359375,-0.057062563688858696,-0.3790389351222826,-0.12554135529891305,0.834228515625,-0.3801242994225543,-0.19055441151494565,-0.11932107676630435,0.9207737134850543,-0.3186698581861413,-0.2898665718410326,0.016182277513586956,0.8679172681725543,-0.4029514478600543
202,0.6803058126698369,0.09951118800951088,-0.675154976222826,-0.26711372707201086,0.9269488790760869,0.302742336107337,0.03404965608016304,-0.21884022588315216,-0.4069664996603261,-0.31924571161684784,0.8538818359375,-0.05696172299592391,-0.37924061650815216,-0.12539009425951086,0.834228515625,-0.380073879076087,-0.19060483186141305,-0.11927065641983696,0.9207232931385869,-0.3187706988790761,-0.29006825322690216,0.01633353855298913,0.8678668478260869,-0.402901027513587
203,0.6802553923233695,0.09927500849184782,-0.6752558169157609,-0.26704738451086957,0.9268559994904891,0.30294667119565216,0.03367548403532609,-0.2189994480298913,-0.40689750339673914,-0.31917140794836957,0.8539242951766305,-0.056818423063858696,-0.37931492017663043,-0.1253662109375,0.834228515625,-0.37998099949048914,-0.19061279296875,-0.11922023607336957,0.9207577912703805,-0.3186592433763587,-0.29010009765625,0.016357421875,0.86785888671875,-0.40285060716711957
204,0.68023681640625,0.09918212890625,-0.67529296875,-0.26702880859375,0.92681884765625,0.30303955078125,0.03350830078125,-0.21905517578125,-0.4068603515625,-0.31915283203125,0.85394287109375,-0.0567626953125,-0.37933349609375,-0.1253662109375,0.834228515625,-0.37994384765625,-0.19061279296875,-0.11920166015625,0.9207763671875,-0.318603515625,-0.29010009765625,0.016357421875,0.86785888671875,-0.40283203125
205,0.6802155867866848,0.09918212890625,-0.6753354279891305,-0.2669651197350543,0.9267976180366848,0.30308201002038043,0.03346584154211957,-0.21907640540081522,-0.4068603515625,-0.31917406165081524,0.85394287109375,-0.056783924932065216,-0.37931226647418476,-0.1253662109375,0.834228515625,-0.37996507727581524,-0.19063402258831522,-0.11926534901494565,0.9207551375679348,-0.31862474524456524,-0.29010009765625,0.016314962635869568,0.86785888671875,-0.40285326086956524
206,0.68017578125,0.09918212890625,-0.6754150390625,-0.266845703125,0.9267471976902174,0.30319346552309784,0.033365000849184784,-0.21909498131793478,-0.4068603515625,-0.31924571161684784,0.8539322562839674,-0.05682373046875,-0.3792724609375,-0.1253980553668478,0.8342179008152174,-0.3800048828125,-0.190673828125,-0.119384765625,0.92071533203125,-0.31866455078125,-0.29010009765625,0.016214121942934784,0.86785888671875,-0.40289306640625
207,0.68017578125,0.09918212890625,-0.6754150390625,-0.266845703125,0.92669677734375,0.3033447265625,0.03326416015625,-0.218994140625,-0.4068603515625,-0.31939697265625,0.8538818359375,-0.05682373046875,-0.3792724609375,-0.12554931640625,0.83416748046875,-0.3800048828125,-0.190673828125,-0.119384765625,0.92071533203125,-0.31866455078125,-0.29010009765625,0.01611328125,0.86785888671875,-0.40289306640625
208,0.6802262015964674,0.09918212890625,-0.6754150390625,-0.26674486243206524,0.92669677734375,0.3032943062160326,0.033163319463315216,-0.21904456097146738,-0.4068099312160326,-0.31929613196331524,0.8539322562839674,-0.05687415081521739,-0.3792724609375,-0.12544847571331522,0.83416748046875,-0.3800553031589674,-0.19077466881793478,-0.11928392493206522,0.92071533203125,-0.3187149711277174,-0.2900496773097826,0.01621412194293478,0.86785888671875,-0.4029434867527174
209,0.6802766219429348,0.09914232336956522,-0.6754150390625,-0.26664402173913043,0.92669677734375,0.30336330247961957,0.033022673233695655,-0.21901537024456522,-0.40683912194293476,-0.31927490234375,0.85394287109375,-0.056844960088315216,-0.37935207201086957,-0.12542724609375,0.83416748046875,-0.38002611243206524,-0.19075609290081522,-0.11930250084918478,0.92071533203125,-0.3187255859375,-0.29011867357336957,0.0162353515625,0.8678190811820652,-0.4029541015625
210,0.6802978515625,0.09912109375,-0.6754150390625,-0.2666015625,0.92669677734375,0.30340576171875,0.032958984375,-0.218994140625,-0.4068603515625,-0.31927490234375,0.85394287109375,-0.05682373046875,-0.37930695906929346,-0.12548562754755435,0.83416748046875,-0.38003407353940216,-0.19073486328125,-0.11932373046875,0.92071533203125,-0.3187255859375,-0.29013194208559784,0.01614777938179348,0.8678270422894022,-0.4029541015625
211,0.6803164274796195,0.09906536599864131,-0.6754150390625,-0.26658298658288043,0.92669677734375,0.30344291355298914,0.03294040845788043,-0.21897556470788043,-0.4068046238111413,-0.31927490234375,0.8539614470108695,-0.05680515455163043,-0.37923000169836957,-0.12551216457201086,0.8341860563858695,-0.38002876613451086,-0.19071628736413043,-0.11934230638586957,0.9207339079483695,-0.31868843410326086,-0.29011867357336957,0.01608939792798913,0.86785888671875,-0.40291694972826086
212,0.68035888671875,0.09893798828125,-0.6754150390625,-0.26654052734375,0.9267047384510869,0.3035437542459239,0.03284222146739131,-0.2188773777173913,-0.40664540166440216,-0.3192908245584239,0.8540118673573369,-0.05677065641983695,-0.37924857761548914,-0.12544316830842392,0.8342364767323369,-0.379951808763587,-0.190673828125,-0.119384765625,0.9207763671875,-0.318603515625,-0.2901452105978261,0.016150433084239132,0.8678668478260869,-0.40283203125
213,0.68035888671875,0.09893798828125,-0.6754150390625,-0.26654052734375,0.9267551587975543,0.3036445949388587,0.032489279042119575,-0.21852443529211957,-0.4064437202785326,-0.3193916652513587,0.8540622877038043,-0.056821076766304345,-0.379097316576087,-0.1255440090013587,0.8342868970788043,-0.3800022291100543,-0.190673828125,-0.119384765625,0.9207763671875,-0.318603515625,-0.2900443699048913,0.01599917204483696,0.8679172681725543,-0.40283203125
214,0.6804066533627717,0.09879468834918478,-0.6754150390625,-0.26649276069972827,0.9267100458559783,0.30374543563179346,0.032470703125,-0.21864915930706522,-0.40643310546875,-0.31930143936820654,0.8541127080502717,-0.05672819718070652,-0.37913712211277173,-0.1254537831182065,0.8343373174252717,-0.37990934952445654,-0.190673828125,-0.119384765625,0.9208241338315217,-0.3184602156929348,-0.29008682914402173,0.016086744225543476,0.867919921875,-0.40273649796195654
215,0.6804570737092391,0.09886633831521739,-0.6753778872282609,-0.2664794921875,0.9267339291779891,0.30377197265625,0.03239639945652174,-0.21861466117527173,-0.40635880180027173,-0.31927490234375,0.8541631283967391,-0.05677596382472826,-0.37907608695652173,-0.12539009425951086,0.8343505859375,-0.3798828125,-0.190673828125,-0.119384765625,0.92083740234375,-0.31834610648777173,-0.29010009765625,0.01607612941576087,0.8679570737092391,-0.40263565726902173
216,0.68048095703125,0.09893798828125,-0.67535400390625,-0.2664794921875,0.9267578125,0.30377197265625,0.0323486328125,-0.21856689453125,-0.40631103515625,-0.31927490234375,0.85418701171875,-0.05682373046875,-0.379081394361413,-0.1253396739130435,0.8343771229619565,-0.37980320142663043,-0.190673828125,-0.119384765625,0.92083740234375,-0.31829833984375,-0.29017970872961957,0.01607878311820652,0.8680074940557065,-0.4024817425271739
217,0.680496879245924,0.09900167713994565,-0.6753221594769022,-0.2664794921875,0.926741890285326,0.30380381708559784,0.032380477241847824,-0.21853505010190216,-0.4062951129415761,-0.3192589801290761,0.854202933933424,-0.05682373046875,-0.37910262398097827,-0.12530517578125,0.83441162109375,-0.37974747367527173,-0.19065790591032608,-0.11940068783967392,0.9208692467730978,-0.31825057319972827,-0.29023543648097827,0.016097359035326088,0.8680419921875,-0.40239151664402173
218,0.6805419921875,0.09918212890625,-0.67523193359375,-0.2664794921875,0.9266861625339674,0.30392057999320654,0.03248131793478261,-0.21846074643342392,-0.4062553074048913,-0.3192138671875,0.854248046875,-0.05680780825407609,-0.3789778999660326,-0.12530517578125,0.8344169284986414,-0.3798668902853261,-0.19061279296875,-0.11944580078125,0.92095947265625,-0.318115234375,-0.2901107124660326,0.016041631283967392,0.8680526069972826,-0.40248970363451086
219,0.6805419921875,0.09918212890625,-0.67523193359375,-0.2664794921875,0.9265853218410326,0.30417268172554346,0.03258215862771739,-0.21861200747282608,-0.4063057277513587,-0.3192138671875,0.854248046875,-0.05665654721467392,-0.3790787406589674,-0.12530517578125,0.8344673488451086,-0.3797156292459239,-0.19061279296875,-0.11944580078125,0.92095947265625,-0.318115234375,-0.2902115531589674,0.01594079059103261,0.8681534476902174,-0.40213676120923914
220,0.6805419921875,0.09949791949728261,-0.675186820652174,-0.2664343792459239,0.9266649329144022,0.30397365404211957,0.03245743461277174,-0.21844747792119565,-0.4062659222146739,-0.3192589801290761,0.854202933933424,-0.05695641559103261,-0.37895401664402173,-0.12530517578125,0.834427543308424,-0.37997038468070654,-0.19052256708559784,-0.11949091372282608,0.92095947265625,-0.318115234375,-0.2900417162024457,0.015885062839673912,0.868118949558424,-0.40237028702445654
221,0.6806109884510869,0.09971286939538043,-0.6751364003057065,-0.266349460767663,0.92669677734375,0.30392854110054346,0.03247866423233695,-0.21831479279891305,-0.40621550186820654,-0.31924040421195654,0.8542215098505435,-0.05710236922554348,-0.37887175186820654,-0.12523617951766305,0.83441162109375,-0.38006591796875,-0.19055971891983695,-0.1195068359375,0.9209249745244565,-0.318184230638587,-0.28994352921195654,0.015903638756793476,0.86810302734375,-0.40243132218070654
222,0.6806640625,0.09979248046875,-0.67510986328125,-0.26629638671875,0.92669677734375,0.303955078125,0.03253173828125,-0.21826171875,-0.40618896484375,-0.3192138671875,0.854248046875,-0.05712890625,-0.3789168648097826,-0.12520698879076086,0.8343638544497283,-0.38008980129076086,-0.19061279296875,-0.1195068359375,0.9208984375,-0.3182373046875,-0.2899886421535326,0.015882409137228264,0.86810302734375,-0.40240478515625
223,0.6806905995244565,0.09977921195652174,-0.6750965947690217,-0.26626984969429346,0.92669677734375,0.3040214206861413,0.03253173828125,-0.2181953761888587,-0.40618896484375,-0.31922713569972827,0.854248046875,-0.05714217476222826,-0.37901505180027173,-0.12520433508831522,0.8343028192934783,-0.38011368461277173,-0.19062606148097827,-0.11949356742527174,0.9208984375,-0.3182373046875,-0.29008682914402173,0.01584791100543478,0.86810302734375,-0.40240478515625
224,0.6807861328125,0.0997314453125,-0.675048828125,-0.26617431640625,0.9266994310461957,0.30426025390625,0.03252908457880435,-0.2179512355638587,-0.4061916185461957,-0.3192802097486413,0.8542427394701086,-0.05719259510869565,-0.3789699388586957,-0.12506899626358695,0.8343479322350543,-0.3800712253736413,-0.190673828125,-0.11944580078125,0.9208984375,-0.3182373046875,-0.2900443699048913,0.015985903532608696,0.8681003736413043,-0.4024074388586957
225,0.6807861328125,0.0997314453125,-0.675048828125,-0.26617431640625,0.9267498513926631,0.30426025390625,0.03247866423233696,-0.21785039487092392,-0.406242038892663,-0.3193810504415761,0.854141898777174,-0.05724301545516304,-0.379020359205163,-0.12522025730298914,0.8342975118885869,-0.3801720660665761,-0.190673828125,-0.11944580078125,0.9208984375,-0.3182373046875,-0.2901452105978261,0.015885062839673916,0.8680499532948369,-0.402457859205163
226,0.6808285920516305,0.09964652683423914,-0.6750063688858695,-0.26613185716711957,0.9267153532608695,0.30430271314538043,0.03242824388586957,-0.21787693189538043,-0.40620754076086957,-0.31931205417798914,0.8541684358016305,-0.05720851732336957,-0.3790283203125,-0.12520168138586957,0.83428955078125,-0.38018798828125,-0.19071628736413043,-0.11936088230298914,0.9208559782608695,-0.3182373046875,-0.2901611328125,0.015954059103260868,0.8680844514266305,-0.40238090183423914
227,0.6809108568274457,0.09954568614130435,-0.6749559485394022,-0.26608143682065216,0.92669677734375,0.30428944463315216,0.03234597911005435,-0.21795919667119565,-0.4061252759850543,-0.31930674677309784,0.8542188561480978,-0.057158096976902176,-0.37899647588315216,-0.12511941661005435,0.8343213952105978,-0.3801242994225543,-0.19073486328125,-0.11935557489809782,0.9208692467730978,-0.31820546025815216,-0.29019297724184784,0.016023055366847824,0.86810302734375,-0.40231190557065216
228,0.68096923828125,0.0994873046875,-0.6749267578125,-0.26605224609375,0.92669677734375,0.30426025390625,0.03228759765625,-0.218017578125,-0.40606689453125,-0.3193359375,0.854248046875,-0.05712890625,-0.37896728515625,-0.12514595363451086,0.8343505859375,-0.38004468834918476,-0.19073486328125,-0.119384765625,0.9208984375,-0.31817626953125,-0.29022216796875,0.01605224609375,0.86810302734375,-0.40228271484375
229,0.6809798530910326,0.0994873046875,-0.6749161430027174,-0.26602040166440216,0.9266755477241848,0.3042708687160326,0.03221329398777175,-0.21808126698369565,-0.4060456649116848,-0.3193359375,0.8542586616847826,-0.05712890625,-0.3789566703464674,-0.1252733313519022,0.8343612007472826,-0.3800154976222826,-0.1907242484714674,-0.11939538043478261,0.9209196671195652,-0.318123195482337,-0.2902327827785326,0.016041631283967392,0.86810302734375,-0.4022721000339674
230,0.6810302734375,0.0994873046875,-0.67486572265625,-0.265869140625,0.92657470703125,0.3043212890625,0.031860351562500014,-0.2183837890625,-0.40594482421875,-0.3193359375,0.85430908203125,-0.05712890625,-0.37890625,-0.1251220703125,0.83441162109375,-0.38006591796875,-0.190673828125,-0.11944580078125,0.9210205078125,-0.31787109375,-0.290283203125,0.0159912109375,0.86810302734375,-0.4022216796875
231,0.6810302734375,0.0994873046875,-0.67486572265625,-0.265869140625,0.9264234459918478,0.30467423148777173,0.032263714334239135,-0.2185350501019022,-0.4059952445652174,-0.3196384595788044,0.8542082413383152,-0.056725543478260865,-0.3789566703464674,-0.12542459239130435,0.8344620414402174,-0.3797633958899456,-0.190673828125,-0.11944580078125,0.9210205078125,-0.31787109375,-0.29043446416440216,0.015638268512228253,0.8682038680366848,-0.40186873726222827
232,0.6811496900475543,0.0997261379076087,-0.6748259171195652,-0.2656303074048913,0.9264712126358695,0.3045097019361413,0.03206999405570652,-0.21852708899456522,-0.40596605383831524,-0.31954292629076086,0.8542666227921195,-0.05691926375679348,-0.37900709069293476,-0.12560769786005435,0.8344328507133152,-0.37977931810461957,-0.19075343919836957,-0.11952541185461957,0.9209807022758152,-0.31783128821331524,-0.29030708644701086,0.015723186990489132,0.8681852921195652,-0.4020332668138587
233,0.6813885232676631,0.10002865998641304,-0.6747171153192935,-0.2651818316915761,0.9265428626019022,0.30438232421875,0.03200895889945652,-0.21847666864809784,-0.4058864427649457,-0.31948719853940216,0.85430908203125,-0.057184634001358696,-0.3789115574048913,-0.12535028872282608,0.83441162109375,-0.38002611243206524,-0.19082508916440216,-0.11959706182065218,0.9209010912024457,-0.317985202955163,-0.29022216796875,0.015837296195652176,0.8681056810461957,-0.4022774074388587
234,0.68157958984375,0.1002197265625,-0.67462158203125,-0.26483154296875,0.92657470703125,0.30438232421875,0.0321044921875,-0.21844482421875,-0.40582275390625,-0.31951904296875,0.85430908203125,-0.05731201171875,-0.37885848335597827,-0.12520433508831522,0.8343558933423914,-0.38023044752038043,-0.19085693359375,-0.11962890625,0.92083740234375,-0.31817626953125,-0.29022216796875,0.015869140625,0.8680419921875,-0.40240478515625
235,0.6816353175951086,0.1002197265625,-0.674605659816576,-0.26474397078804346,0.92657470703125,0.30440620754076086,0.03207264775815217,-0.21842094089673914,-0.405814792798913,-0.31951904296875,0.85430908203125,-0.05731997282608696,-0.3790283203125,-0.12567138671875,0.834228515625,-0.38018798828125,-0.19087285580842392,-0.11962890625,0.9208294412364131,-0.318184230638587,-0.2902619735054348,0.015885062839673916,0.8680181088654891,-0.4024207073709239
236,0.6819882600203805,0.1002197265625,-0.6745048191236414,-0.26418934697690216,0.92657470703125,0.304557468580163,0.03187096637228261,-0.21826967985733695,-0.4057643724524457,-0.31951904296875,0.85430908203125,-0.05737039317255435,-0.3790283203125,-0.12567138671875,0.834228515625,-0.38018798828125,-0.1909736965013587,-0.11962890625,0.9207790208899457,-0.3182346509850543,-0.29051407523777173,0.015985903532608696,0.8678668478260869,-0.4025215480638587
237,0.6823412024456522,0.1002197265625,-0.6743084451426631,-0.2637302564538043,0.92657470703125,0.304756496263587,0.03195588485054348,-0.21792735224184784,-0.40561841881793476,-0.31961457625679346,0.8543568486752717,-0.057229746942934784,-0.37888502038043476,-0.12514595363451086,0.8343240489130435,-0.38028352156929346,-0.1907401706861413,-0.11910347316576088,0.9208241338315217,-0.318428371263587,-0.29062287703804346,0.01594344429347826,0.86785888671875,-0.40247908882472827
238,0.68243408203125,0.1002197265625,-0.67425537109375,-0.26361083984375,0.92657470703125,0.3048095703125,0.031982421875,-0.21783447265625,-0.40557861328125,-0.31964111328125,0.8543701171875,-0.05718994140625,-0.3790681258491848,-0.1253715183423913,0.8342762822690217,-0.3800871475883152,-0.19093389096467392,-0.11936618970788043,0.92083740234375,-0.3182585343070652,-0.2906494140625,0.01593017578125,0.86785888671875,-0.4024658203125
239,0.6826198412024457,0.1003258746603261,-0.674149222995924,-0.26339854364809784,0.92657470703125,0.30483610733695654,0.03190281080163043,-0.2178079356317935,-0.40557861328125,-0.319694187330163,0.8543435801630435,-0.05721647843070652,-0.3790787406589674,-0.1253715183423913,0.8342815896739131,-0.3800765327785326,-0.19118068529211957,-0.11957583220108696,0.9208108653192935,-0.318115234375,-0.29072902513586957,0.015956712805706524,0.8678323496942935,-0.40243928328804346
240,0.682861328125,0.1004638671875,-0.67401123046875,-0.26312255859375,0.92657470703125,0.30487060546875,0.03179931640625,-0.2177734375,-0.40557861328125,-0.31976318359375,0.85430908203125,-0.0572509765625,-0.37900178328804346,-0.12520433508831522,0.8343028192934783,-0.3801853345788043,-0.1912841796875,-0.1195068359375,0.9207763671875,-0.318115234375,-0.29083251953125,0.0159912109375,0.8677978515625,-0.40240478515625
241,0.6828931725543478,0.1004797894021739,-0.6739900008491848,-0.26308540675951086,0.9265800144361414,0.3048599906589674,0.03179931640625,-0.2177787449048913,-0.4055733058763587,-0.3197791058084239,0.85430908203125,-0.057256283967391304,-0.3792618461277174,-0.12559442934782608,0.8341727878736414,-0.3800101902173913,-0.1912735648777174,-0.11949622112771739,0.9207763671875,-0.3181205417798913,-0.2908431343410326,0.0159912109375,0.8677978515625,-0.40240478515625
242,0.6831956946331522,0.1006310504415761,-0.6737883194633152,-0.26273246433423914,0.9266304347826086,0.3047591499660326,0.03179931640625,-0.2178291652513587,-0.4055228855298913,-0.3199303668478261,0.85430908203125,-0.057306704313858696,-0.3791610054347826,-0.12544316830842392,0.8342232082201086,-0.3800606105638587,-0.1911727241847826,-0.11939538043478261,0.9207763671875,-0.3181709621263587,-0.2909439750339674,0.0159912109375,0.8677978515625,-0.40240478515625
243,0.6833177649456522,0.10073719853940218,-0.673721976902174,-0.26255997367527173,0.926590629245924,0.30474853515625,0.03179931640625,-0.21783447265625,-0.4054724651834239,-0.3199462890625,0.85430908203125,-0.05735712466032609,-0.37906016474184784,-0.12529190726902173,0.834228515625,-0.38015614385190216,-0.19107188349184784,-0.11924942680027174,0.9207763671875,-0.31831160835597827,-0.2909997027853261,0.0159912109375,0.867752738620924,-0.4024498980978261
244,0.683349609375,0.10076904296875,-0.6737060546875,-0.26251220703125,0.92657470703125,0.30474853515625,0.03179931640625,-0.21783447265625,-0.40545654296875,-0.3199462890625,0.85430908203125,-0.057373046875,-0.3790283203125,-0.1252786387567935,0.8342630137567935,-0.38015349014945654,-0.19110903532608695,-0.1193396526834239,0.9207418690557065,-0.318359375,-0.291015625,0.0159912109375,0.86773681640625,-0.4024658203125
245,0.6833257260529891,0.10079292629076086,-0.6737299380095109,-0.26251220703125,0.9265508237092391,0.30484406844429346,0.03182319972826087,-0.21785835597826086,-0.40543265964673914,-0.3199462890625,0.85430908203125,-0.057373046875,-0.37905220363451086,-0.12532905910326086,0.8342656674592391,-0.38015083644701086,-0.1910904594089674,-0.11942191745923914,0.9207392153532609,-0.31833549167798914,-0.29099174167798914,0.015967327615489132,0.86773681640625,-0.4024658203125
246,0.68328857421875,0.100830078125,-0.67376708984375,-0.26251220703125,0.926513671875,0.30499267578125,0.0318603515625,-0.2178955078125,-0.4053955078125,-0.3199462890625,0.85430908203125,-0.057373046875,-0.379036281419837,-0.12532640540081522,0.8342550526494565,-0.38017471976902173,-0.19097900390625,-0.119384765625,0.9207763671875,-0.31829833984375,-0.29095458984375,0.01593017578125,0.86773681640625,-0.4024658203125
247,0.6832779594089674,0.10084069293478261,-0.6737750509510869,-0.26251220703125,0.926513671875,0.3049900220788043,0.03187096637228261,-0.2178955078125,-0.4053981615149457,-0.3199436353600543,0.8543117357336957,-0.05737570057744565,-0.3788478685461957,-0.12518310546875,0.8343479322350543,-0.3801375679347826,-0.19097635020380435,-0.119384765625,0.9207737134850543,-0.31831160835597827,-0.290946628736413,0.015927522078804348,0.86773681640625,-0.402473781419837
248,0.6830762780230978,0.10104237432065218,-0.6739263119904891,-0.26251220703125,0.926513671875,0.304939601732337,0.03207264775815217,-0.2178955078125,-0.405448581861413,-0.319893215013587,0.8543621560801631,-0.05742612092391304,-0.378898288892663,-0.12518310546875,0.8342975118885869,-0.38033924932065216,-0.19092592985733695,-0.119384765625,0.9207232931385869,-0.3185637100883152,-0.29079536769701086,0.015877101732336956,0.86773681640625,-0.40262504245923914
249,0.6829170558763586,0.10111667798913043,-0.6740351137907609,-0.26259712550951086,0.9264712126358695,0.30501655910326086,0.0321044921875,-0.21793796705163043,-0.40545654296875,-0.31984279466711957,0.8543276579483695,-0.05751900050951087,-0.37899116847826086,-0.1253104831861413,0.8342046323029891,-0.38041355298913043,-0.1910453464673913,-0.1195121433423913,0.9206728727921195,-0.318603515625,-0.29081394361413043,0.015954059103260868,0.8676943571671195,-0.40269138502038043
250,0.682861328125,0.10113525390625,-0.674072265625,-0.26263427734375,0.92645263671875,0.3050537109375,0.0321044921875,-0.21795654296875,-0.40545654296875,-0.31982421875,0.85430908203125,-0.05755615234375,-0.37893278702445654,-0.1252706776494565,0.8342311693274457,-0.38043212890625,-0.1910055409307065,-0.11950418223505435,0.9206861413043478,-0.318603515625,-0.29083251953125,0.0159912109375,0.86767578125,-0.4027099609375
251,0.6827976392663043,0.10113525390625,-0.6741147248641305,-0.2626979662024457,0.9264314070991848,0.30507494055706524,0.032125721807065216,-0.21799900220788043,-0.40545654296875,-0.31984544836956524,0.85430908203125,-0.057534922724184784,-0.37886644446331524,-0.12526802394701086,0.8342470915421195,-0.38041089928668476,-0.19089673913043478,-0.11948826002038043,0.92071533203125,-0.31858228600543476,-0.29079006029211957,0.015906292459239132,0.8676970108695652,-0.4027099609375
252,0.68267822265625,0.10113525390625,-0.6741943359375,-0.2628173828125,0.9263916015625,0.30511474609375,0.03216552734375,-0.21807861328125,-0.40545654296875,-0.31988525390625,0.85430908203125,-0.0574951171875,-0.37888502038043476,-0.12540601647418478,0.8341887100883152,-0.38037109375,-0.19085693359375,-0.11956787109375,0.92071533203125,-0.31854248046875,-0.29071044921875,0.0157470703125,0.86773681640625,-0.4027099609375
253,0.68267822265625,0.10113525390625,-0.6741943359375,-0.2628173828125,0.9263916015625,0.30511474609375,0.03216552734375,-0.21807861328125,-0.40545654296875,-0.31988525390625,0.85430908203125,-0.0574951171875,-0.3787841796875,-0.12530517578125,0.83428955078125,-0.38037109375,-0.19085693359375,-0.11956787109375,0.92071533203125,-0.31854248046875,-0.29071044921875,0.0157470703125,0.86773681640625,-0.4027099609375
254,0.6825269616168478,0.10113525390625,-0.6742951766304348,-0.26291822350543476,0.9263916015625,0.30511474609375,0.032316788383152176,-0.21812903362771738,-0.4055069633152174,-0.3198348335597826,0.8543595023777174,-0.05744469684103261,-0.3787337593410326,-0.12525475543478262,0.83428955078125,-0.38037109375,-0.19080651324728262,-0.11951745074728261,0.92071533203125,-0.3185929008152174,-0.2906600288722826,0.0157470703125,0.8677872367527174,-0.40260912024456524
255,0.6824155061141305,0.10117505944293478,-0.6743562117866848,-0.2630588697350543,0.9264314070991848,0.3049953294836957,0.032308827275815216,-0.2181396484375,-0.405517578125,-0.31978441321331524,0.8543701171875,-0.05751369310461957,-0.37876295006793476,-0.12540336277173914,0.8342497452445652,-0.38041089928668476,-0.19083570397418478,-0.11966605808423914,0.9206755264945652,-0.318603515625,-0.29060960852581524,0.015786875849184784,0.8677580460258152,-0.4027073072350543
256,0.682373046875,0.1011962890625,-0.67437744140625,-0.26312255859375,0.92645263671875,0.304931640625,0.03228759765625,-0.2181396484375,-0.405517578125,-0.31976318359375,0.8543701171875,-0.05755615234375,-0.37881337041440216,-0.12534232761548914,0.834228515625,-0.3804905103600543,-0.19088612432065216,-0.11960502292798914,0.920654296875,-0.31869108780570654,-0.29058837890625,0.01580810546875,0.86773681640625,-0.40277099609375
257,0.6823544709578805,0.10115913722826086,-0.67437744140625,-0.2631782863451087,0.9264340608016305,0.30496879245923914,0.03226902173913043,-0.21815822435461957,-0.405517578125,-0.31974460767663043,0.8543701171875,-0.05751900050951087,-0.3787894870923913,-0.12518310546875,0.8342842433763586,-0.38047989555027173,-0.1908622409986413,-0.11944580078125,0.9206914487092391,-0.31871231742527173,-0.29060695482336957,0.015826681385869564,0.86773681640625,-0.40275242017663043
258,0.68231201171875,0.10107421875,-0.67437744140625,-0.2633056640625,0.9263916015625,0.3050537109375,0.0322265625,-0.21820068359375,-0.405517578125,-0.3197021484375,0.8543701171875,-0.05743408203125,-0.378662109375,-0.12518310546875,0.83441162109375,-0.38031005859375,-0.19073486328125,-0.11944580078125,0.9207763671875,-0.31854248046875,-0.2906494140625,0.015869140625,0.86773681640625,-0.4027099609375
259,0.68231201171875,0.10107421875,-0.67437744140625,-0.2633056640625,0.9263916015625,0.3050537109375,0.0322265625,-0.21820068359375,-0.405517578125,-0.3197021484375,0.8543701171875,-0.05743408203125,-0.378662109375,-0.12518310546875,0.83441162109375,-0.38031005859375,-0.19073486328125,-0.11944580078125,0.9207763671875,-0.31854248046875,-0.2906494140625,0.015869140625,0.86773681640625,-0.4027099609375
260,0.6821209451426631,0.10116975203804347,-0.6745685079823369,-0.26340119735054346,0.9262960682744565,0.30514924422554346,0.032274329144021736,-0.2184395168138587,-0.40546981148097827,-0.3197021484375,0.8543701171875,-0.05733854874320652,-0.37856657608695654,-0.12537417204483695,0.8344593877377717,-0.38016675866168476,-0.1906393299932065,-0.11954133406929347,0.9208241338315217,-0.318351413892663,-0.29050611413043476,0.015725840692934784,0.8678801163383152,-0.40256666100543476
261,0.6819564155910326,0.1014563519021739,-0.6746958856997283,-0.2633162788722826,0.9263438349184783,0.30495287024456524,0.03232474949048913,-0.21858016304347827,-0.40541939113451086,-0.31973930027173914,0.8543701171875,-0.05746061905570652,-0.37857719089673914,-0.12542724609375,0.8343240489130435,-0.380424167798913,-0.19064994480298914,-0.11964217476222826,0.9207259468410326,-0.318595554517663,-0.2903548530910326,0.01561173148777174,0.8678827700407609,-0.40267546280570654
262,0.681884765625,0.10162353515625,-0.67474365234375,-0.26324462890625,0.9263916015625,0.3048095703125,0.0323486328125,-0.2186279296875,-0.4053955078125,-0.31976318359375,0.8543701171875,-0.05755615234375,-0.3784949261209239,-0.12548032014266305,0.8342815896739131,-0.38058869735054346,-0.19056768002717392,-0.11976955247961957,0.9206808338994565,-0.31876008406929346,-0.290283203125,0.01556396484375,0.86785888671875,-0.40277099609375
263,0.6818529211956522,0.10163945737092392,-0.6747914189877717,-0.26319686226222827,0.926407523777174,0.30477772588315216,0.032316788383152176,-0.21859608525815216,-0.40536366338315216,-0.3197472613790761,0.854386039402174,-0.057603918987771736,-0.37832508916440216,-0.12554931640625,0.834334663722826,-0.38063381029211957,-0.19041376528532608,-0.11990489130434782,0.9206834876019022,-0.3187892747961957,-0.29025135869565216,0.015532120414402174,0.8678270422894022,-0.40285060716711957
264,0.6817626953125,0.1016845703125,-0.6749267578125,-0.2630615234375,0.92645263671875,0.3046875,0.0322265625,-0.218505859375,-0.4052734375,-0.3197021484375,0.85443115234375,-0.0577392578125,-0.37823486328125,-0.12554931640625,0.83428955078125,-0.380859375,-0.19036865234375,-0.1199951171875,0.92059326171875,-0.3189697265625,-0.2901611328125,0.01544189453125,0.86773681640625,-0.403076171875
265,0.6817626953125,0.1016845703125,-0.6749267578125,-0.2630615234375,0.92645263671875,0.3046875,0.0322265625,-0.218505859375,-0.4052734375,-0.3197021484375,0.85443115234375,-0.0577392578125,-0.37823486328125,-0.12554931640625,0.83428955078125,-0.380859375,-0.19036865234375,-0.1199951171875,0.92059326171875,-0.3189697265625,-0.2901611328125,0.01544189453125,0.86773681640625,-0.403076171875
266,0.6817626953125,0.10154923148777174,-0.6749267578125,-0.2630615234375,0.92645263671875,0.30459727411684784,0.03209122367527174,-0.21859608525815216,-0.4052734375,-0.3196570354959239,0.854476265285326,-0.05778437075407609,-0.37837020210597827,-0.12545909052309784,0.834244437839674,-0.3809044879415761,-0.19050399116847827,-0.11985977836277174,0.920548148777174,-0.31905995244565216,-0.29025135869565216,0.01557723335597826,0.867691703464674,-0.4031212848165761
267,0.6818316915760869,0.10139797044836957,-0.6748577615489131,-0.26316501783288043,0.9264181385869565,0.304634425951087,0.03200895889945652,-0.2186624278192935,-0.405204441236413,-0.31967561141304346,0.8545266856317935,-0.05776579483695652,-0.378348972486413,-0.1254617442255435,0.8342975118885869,-0.3807824176290761,-0.19048276154891305,-0.11981201171875,0.9206012228260869,-0.3189193062160326,-0.290283203125,0.015590501868206522,0.8677447775135869,-0.40303371263586957
268,0.681884765625,0.101318359375,-0.6748046875,-0.26324462890625,0.9263916015625,0.3046875,0.031982421875,-0.21868896484375,-0.4051513671875,-0.3197021484375,0.85455322265625,-0.0577392578125,-0.37831978175951086,-0.12551216457201086,0.8343267026154891,-0.38072403617527173,-0.19047745414402173,-0.11983589504076086,0.9206304135529891,-0.31883438773777173,-0.290283203125,0.01556396484375,0.8677978515625,-0.4029541015625
269,0.6819378396739131,0.10130509086277174,-0.6747516134510869,-0.26324462890625,0.9264181385869565,0.30464769446331524,0.03200895889945652,-0.21863589079483697,-0.40512483016304346,-0.31972868546195654,0.85455322265625,-0.05777906334918478,-0.37834366508152173,-0.12553604789402173,0.8342762822690217,-0.38083814538043476,-0.1905782948369565,-0.11988631538722826,0.9205799932065217,-0.318961765455163,-0.290283203125,0.01556396484375,0.8677845830502717,-0.40298063858695654
270,0.68212890625,0.10125732421875,-0.674560546875,-0.26324462890625,0.926513671875,0.30450439453125,0.0321044921875,-0.21844482421875,-0.405029296875,-0.31982421875,0.85455322265625,-0.05792236328125,-0.3782958984375,-0.12548828125,0.834228515625,-0.3809814453125,-0.190673828125,-0.11993408203125,0.9205322265625,-0.31915283203125,-0.290283203125,0.01556396484375,0.86773681640625,-0.403076171875
271,0.68212890625,0.10125732421875,-0.674560546875,-0.26324462890625,0.926513671875,0.30450439453125,0.0321044921875,-0.21844482421875,-0.405029296875,-0.31982421875,0.85455322265625,-0.05792236328125,-0.3782958984375,-0.12548828125,0.834228515625,-0.3809814453125,-0.190673828125,-0.11993408203125,0.9205322265625,-0.31915283203125,-0.290283203125,0.01556396484375,0.86773681640625,-0.403076171875
272,0.6823412024456522,0.1010025687839674,-0.6743482506793478,-0.26324462890625,0.9265561311141305,0.30446193529211957,0.03189219599184783,-0.2183174465013587,-0.40485945991847827,-0.31982421875,0.8545956818953805,-0.0580497409986413,-0.3780411430027174,-0.1253609035326087,0.8342709748641305,-0.38115128226902173,-0.1904190726902174,-0.1198067043138587,0.9205322265625,-0.3192802097486413,-0.29019828464673914,0.015606424082880434,0.86773681640625,-0.40311863111413043
273,0.6825296153192935,0.10054082455842392,-0.67425537109375,-0.26324462890625,0.9264473293138586,0.30466627038043476,0.03179931640625,-0.21848462975543478,-0.4046577785326087,-0.31979237432065216,0.8546779466711957,-0.05816915760869565,-0.37802522078804346,-0.1251777980638587,0.8344169284986414,-0.38090714164402173,-0.1904031504755435,-0.11955990998641305,0.9206277598505435,-0.3190811820652174,-0.2902885105298913,0.01568868885869565,0.8676731275475543,-0.40316905146059784
274,0.6826171875,0.1002197265625,-0.67425537109375,-0.26324462890625,0.9264154848845109,0.3047644573709239,0.03165070906929348,-0.21849789826766305,-0.404541015625,-0.31976318359375,0.854736328125,-0.0582275390625,-0.3780491041100543,-0.12510349439538043,0.8344700025475543,-0.38078507133152173,-0.19046949303668478,-0.11944845448369565,0.9206728727921195,-0.3189538043478261,-0.2904052734375,0.0157470703125,0.86761474609375,-0.4031982421875
275,0.6826278023097826,0.10013480808423914,-0.6742447562839674,-0.2632658585258152,0.9265428626019022,0.30466096297554346,0.031403914741847824,-0.2181502632472826,-0.40449855638586957,-0.3197844132133152,0.8547575577445652,-0.05815323539402175,-0.3779190726902174,-0.1251937202785326,0.8343930451766304,-0.38100798233695654,-0.1904190726902174,-0.11954664147418478,0.9206357209578804,-0.3190360691236413,-0.2904052734375,0.015725840692934784,0.8676572053328804,-0.40311332370923914
276,0.68267822265625,0.09973144531250001,-0.6741943359375,-0.26336669921875,0.9263916015625,0.30511474609375,0.03155517578124999,-0.21820068359375,-0.404296875,-0.31988525390625,0.8548583984375,-0.057800292968750014,-0.37786865234375,-0.125244140625,0.8345947265625,-0.38055419921875,-0.19036865234375,-0.11944580078125,0.92083740234375,-0.3184814453125,-0.2904052734375,0.015625000000000003,0.86785888671875,-0.4027099609375
277,0.68267822265625,0.0997314453125,-0.6741943359375,-0.26336669921875,0.9263916015625,0.30511474609375,0.03155517578125,-0.21820068359375,-0.404296875,-0.31988525390625,0.8548583984375,-0.05780029296875,-0.37786865234375,-0.125244140625,0.8345947265625,-0.38055419921875,-0.19036865234375,-0.11944580078125,0.92083740234375,-0.3184814453125,-0.2904052734375,0.015625,0.86785888671875,-0.4027099609375
278,0.6826384171195652,0.09989066745923912,-0.6741943359375,-0.26340650475543476,0.9264314070991848,0.30511474609375,0.03187362007472825,-0.21800165591032608,-0.404296875,-0.31992505944293476,0.8548583984375,-0.05780029296875,-0.37790845788043476,-0.12528394616168478,0.8345549210258152,-0.38063381029211957,-0.19048806895380435,-0.11948560631793478,0.9207577912703805,-0.3186008619225543,-0.29036546790081524,0.015585194463315218,0.86785888671875,-0.40267015540081524
279,0.6827047596807065,0.10006315811820651,-0.6741067637567935,-0.26339854364809784,0.9264818274456522,0.30508555536684784,0.03192669412364131,-0.21783712635869565,-0.40426768427309784,-0.31991709833559784,0.8548583984375,-0.057975437330163034,-0.37778373386548914,-0.12524679432744565,0.8345628821331522,-0.38076384171195654,-0.19040580417798914,-0.11944845448369565,0.9207445227581522,-0.31875212296195654,-0.29037342900815216,0.015651537024456517,0.8678005052649457,-0.40279487941576086
280,0.68280029296875,0.10015869140625,-0.67401123046875,-0.26336669921875,0.9265322477921195,0.3049979831861413,0.03181789232336956,-0.21775486158288043,-0.40423583984375,-0.31988525390625,0.8548583984375,-0.05816650390625,-0.37769881538722827,-0.12516452955163043,0.8345389988111414,-0.3809151027513587,-0.19035803753396738,-0.11936618970788043,0.9207206394361414,-0.3189033840013587,-0.2904052734375,0.0157470703125,0.86773681640625,-0.4029541015625
281,0.6828241762907609,0.10015073029891304,-0.6739714249320652,-0.26339854364809784,0.92657470703125,0.30487060546875,0.03187627377717391,-0.21772832455842392,-0.40423583984375,-0.319893215013587,0.8548583984375,-0.05816650390625,-0.377876613451087,-0.12510614809782608,0.8344195822010869,-0.3810265582540761,-0.19056502632472827,-0.11933169157608696,0.9206171450407609,-0.31899891728940216,-0.2904052734375,0.015770953634510868,0.8677447775135869,-0.4029381793478261
282,0.6829754373301631,0.10010030995244565,-0.6737193231997283,-0.2636002250339674,0.92657470703125,0.30487060546875,0.031977114470108696,-0.2178291652513587,-0.40423583984375,-0.3199436353600543,0.8548583984375,-0.05816650390625,-0.3779270337975543,-0.1250053074048913,0.8344700025475543,-0.3809257175611413,-0.19026250424592392,-0.11938211192255435,0.9207684060801631,-0.3187972359035326,-0.2904052734375,0.015922214673913044,0.8677951978600543,-0.4028373386548913
283,0.6829833984375,0.10009765625,-0.6737060546875,-0.26361083984375,0.92657470703125,0.30487060546875,0.031982421875,-0.21783447265625,-0.40423583984375,-0.3199462890625,0.8548583984375,-0.05816650390625,-0.3779296875,-0.125,0.83447265625,-0.38092041015625,-0.19043764860733695,-0.11919369904891304,0.9207286005434783,-0.31888215438179346,-0.2904052734375,0.01593017578125,0.8677978515625,-0.40283203125
284,0.6830205502717391,0.10006050441576086,-0.6736317510190217,-0.2637965990149457,0.9265375551970109,0.30490775730298914,0.03201957370923913,-0.21783447265625,-0.40416153617527173,-0.31990913722826086,0.8548955502717391,-0.05816650390625,-0.3777439283288043,-0.12492569633152174,0.8345469599184783,-0.38092041015625,-0.19030496348505435,-0.119140625,0.9207524838654891,-0.31890869140625,-0.29033096976902173,0.015967327615489132,0.8678721552309783,-0.40275772758152173
285,0.6830178965692935,0.09998354704483696,-0.673583984375,-0.263969089673913,0.9264871348505435,0.304984714673913,0.03209653108016305,-0.21783447265625,-0.40408723250679346,-0.31985871688179346,0.8549459706182065,-0.05813996688179348,-0.37765104874320654,-0.12493100373641304,0.8346212635869565,-0.380867336107337,-0.1902120838994565,-0.11916716202445653,0.9207763671875,-0.318855617357337,-0.29025666610054346,0.016017747961956524,0.867919921875,-0.4027099609375
286,0.6829833984375,0.09991455078125,-0.673583984375,-0.2640380859375,0.9264844811480978,0.30502186650815216,0.03214960512907609,-0.21777078379755435,-0.404052734375,-0.31982421875,0.85498046875,-0.05810546875,-0.3776696246603261,-0.12496815557065218,0.834639839504076,-0.38084610648777173,-0.19024658203125,-0.11920166015625,0.9207763671875,-0.31883438773777173,-0.29022216796875,0.01605224609375,0.867919921875,-0.4027099609375
287,0.6829887058423914,0.0999092433763587,-0.6735733695652174,-0.2640540081521739,0.92657470703125,0.3049369480298913,0.032109799592391304,-0.2175850246263587,-0.404052734375,-0.31982421875,0.85498046875,-0.05811608355978261,-0.37762451171875,-0.12486731487771739,0.8346000339673914,-0.3809814453125,-0.19023065981657608,-0.1192069675611413,0.9207816745923914,-0.3189538043478261,-0.29022216796875,0.016062860903532608,0.867919921875,-0.4027099609375
288,0.6830391261888586,0.0998588230298913,-0.6734725288722826,-0.2642052691915761,0.92657470703125,0.3049873683763587,0.032160219938858696,-0.2175346042798913,-0.404052734375,-0.31982421875,0.85498046875,-0.05821692425271739,-0.37762451171875,-0.12476647418478261,0.8346504543138586,-0.3809814453125,-0.19007939877717392,-0.1192573879076087,0.9208320949388586,-0.3188025433084239,-0.29022216796875,0.016163701596467392,0.867919921875,-0.4027099609375
289,0.68304443359375,0.099853515625,-0.6734619140625,-0.26422119140625,0.92657470703125,0.30499267578125,0.03216552734375,-0.217529296875,-0.404052734375,-0.31982421875,0.85498046875,-0.0582275390625,-0.37762451171875,-0.124755859375,0.83465576171875,-0.3809814453125,-0.19015370244565216,-0.11912735648777174,0.920792289402174,-0.31892195991847827,-0.29022216796875,0.01617431640625,0.867919921875,-0.4027099609375
290,0.68304443359375,0.09975002122961957,-0.6734274159307065,-0.2643936820652174,0.92657470703125,0.30502717391304346,0.03230351987092391,-0.217529296875,-0.404052734375,-0.31982421875,0.85498046875,-0.05815854279891305,-0.37762451171875,-0.124755859375,0.8346902598505435,-0.38087795091711957,-0.1902200450067935,-0.11904509171195653,0.9208108653192935,-0.31886623216711957,-0.29018766983695654,0.016139818274456524,0.8679544200067935,-0.40260646654211957
291,0.68304443359375,0.09971817680027174,-0.6733531122622283,-0.2645980171535326,0.92657470703125,0.30507759425951086,0.03240966796875,-0.2174337635869565,-0.404052734375,-0.31980033542798914,0.85498046875,-0.058153235394021736,-0.37760062839673914,-0.124755859375,0.834716796875,-0.38079833984375,-0.1901749320652174,-0.11909020465353261,0.92083740234375,-0.31878662109375,-0.29018501613451086,0.016137164572010868,0.8680048403532609,-0.40247908882472827
292,0.68304443359375,0.09979248046875,-0.67327880859375,-0.26470947265625,0.9265614385190217,0.30508820906929346,0.03238313094429348,-0.21736476732336957,-0.404052734375,-0.31976318359375,0.85498046875,-0.0582275390625,-0.3775634765625,-0.124755859375,0.834716796875,-0.38079833984375,-0.19007674507472827,-0.11917512313179347,0.9208506708559783,-0.31876008406929346,-0.29022216796875,0.01617431640625,0.8680419921875,-0.40240478515625
293,0.6830417798913043,0.09980309527853261,-0.67327880859375,-0.2647121263586957,0.926513671875,0.30499267578125,0.03228494395380435,-0.2176513671875,-0.4040580417798913,-0.31976318359375,0.8549778150475543,-0.0582275390625,-0.3775634765625,-0.124755859375,0.834716796875,-0.38079833984375,-0.19012185801630435,-0.11908755095108696,0.9208957837975543,-0.318672511888587,-0.2902168605638587,0.01617431640625,0.8680419921875,-0.40240478515625
294,0.6829913595448369,0.10000477666440218,-0.67327880859375,-0.264762546705163,0.926513671875,0.30499267578125,0.03223452360733695,-0.2176513671875,-0.4041588824728261,-0.31976318359375,0.8549273947010869,-0.0582275390625,-0.3775634765625,-0.124755859375,0.834716796875,-0.38079833984375,-0.19007143766983695,-0.11923881199048914,0.9208453634510869,-0.31882377292798914,-0.2901160198709239,0.01617431640625,0.8680419921875,-0.40240478515625
295,0.6829833984375,0.10003662109375,-0.67327880859375,-0.2647705078125,0.926513671875,0.30499267578125,0.0322265625,-0.2176513671875,-0.4041748046875,-0.31976318359375,0.85491943359375,-0.0582275390625,-0.3775634765625,-0.124755859375,0.834716796875,-0.38079833984375,-0.18997855808423914,-0.11917777683423914,0.9208798615828805,-0.3187202785326087,-0.29010009765625,0.01617431640625,0.8680419921875,-0.40240478515625
296,0.6829197095788043,0.10013215438179347,-0.6733424974524457,-0.2647705078125,0.926513671875,0.30499267578125,0.03229025135869565,-0.21768321161684784,-0.40414296025815216,-0.31976318359375,0.8549512780230978,-0.0582275390625,-0.3774997877038043,-0.12478770380434782,0.8347486413043478,-0.38083018427309784,-0.1898458729619565,-0.11920431385869565,0.9208984375,-0.31869639521059784,-0.29000456436820654,0.016078783118206524,0.8680738366168478,-0.40243662958559784
297,0.6828188688858695,0.10026218580163043,-0.6734433381453805,-0.26472804857336957,0.9265349014945652,0.30490775730298914,0.032369862432065216,-0.21771240234375,-0.40409253991168476,-0.31976318359375,0.85498046875,-0.0582275390625,-0.3773777173913043,-0.12483812415081522,0.8347566024116848,-0.3809230638586957,-0.18980076002038043,-0.11928392493206522,0.9208772078804348,-0.3187892747961957,-0.28987453294836957,0.015969981317934784,0.86810302734375,-0.40250827955163043
298,0.6827392578125,0.100341796875,-0.67352294921875,-0.2646484375,0.92657470703125,0.30478037958559784,0.032388438349184784,-0.21771240234375,-0.404052734375,-0.31976318359375,0.85498046875,-0.0582275390625,-0.37725830078125,-0.1248779296875,0.834716796875,-0.38104248046875,-0.18984852666440216,-0.11933434527853261,0.92083740234375,-0.31890869140625,-0.289794921875,0.01593017578125,0.86810302734375,-0.402587890625
299,0.6827392578125,0.100341796875,-0.67352294921875,-0.2646484375,0.92657470703125,0.304931640625,0.03228759765625,-0.21771240234375,-0.404052734375,-0.31976318359375,0.85498046875,-0.0582275390625,-0.37725830078125,-0.1248779296875,0.834716796875,-0.38104248046875,-0.189697265625,-0.119384765625,0.92083740234375,-0.31890869140625,-0.289794921875,0.01593017578125,0.86810302734375,-0.402587890625
