timestep,imu0_w,imu0_x,imu0_y,imu0_z,imu1_w,imu1_x,imu1_y,imu1_z,imu2_w,imu2_x,imu2_y,imu2_z,imu3_w,imu3_x,imu3_y,imu3_z,imu4_w,imu4_x,imu4_y,imu4_z,imu5_w,imu5_x,imu5_y,imu5_z
0,0.88873,0.109987,0.430626,-0.112318,0.83444,0.38268,0.380237,0.112554,0.77069,0.094135,0.443942,-0.447297,0.592645,0.276739,-0.747643,-0.114891,0.745799,0.038985,-0.654862,0.115772,0.5921,0.329944,-0.701746,-0.219293
1,0.8886779197324415,0.11013405016722408,0.4306796120401338,-0.11237773913043478,0.8343840903010034,0.38276118394648834,0.3801657725752508,0.11292928428093646,0.772769381270903,0.0930803745819398,0.44081412040133783,-0.4470174515050167,0.5924826321070233,0.2767298093645485,-0.7478099632107024,-0.1146650635451505,0.7456197826086957,0.03892296321070234,-0.655033558528428,0.11597419397993311,0.5919697993311036,0.3300435652173913,-0.7018968795986622,-0.21901345150501672
2,0.8886253076923076,0.11029014046822742,0.43073428762541804,-0.11243003344481606,0.8343175451505016,0.3828673612040134,0.38009614046822743,0.11329712374581939,0.774836,0.09202415384615384,0.4376740100334448,-0.4467421571906354,0.5923298361204014,0.27671530100334446,-0.7479716086956522,-0.11443753177257525,0.74544854180602,0.038839123745819396,-0.6551976722408026,0.11617426086956521,0.5918528929765886,0.3301250501672241,-0.7020451003344481,-0.2187312441471572
3,0.8885742474916388,0.11043860200668897,0.4307897290969899,-0.11247518060200669,0.8342382809364548,0.3829812675585284,0.38004596321070233,0.11366555518394648,0.7768895585284281,0.09097407692307692,0.43453208695652173,-0.446459508361204,0.5921755986622074,0.27670916722408023,-0.7481312107023411,-0.1142078093645485,0.7452730735785953,0.038760270903010034,-0.6553659498327759,0.11637845150501672,0.591734695652174,0.3302149464882943,-0.7021903645484949,-0.21844846153846154
4,0.8885263779264214,0.11056638795986623,0.4308451939799331,-0.1125151304347826,0.8341455484949832,0.3830877993311037,0.3800294782608696,0.11403956521739131,0.7789302675585283,0.08993464214046823,0.43139667224080264,-0.4461597391304348,0.5920117023411372,0.27672154180602004,-0.7482915351170568,-0.11397434782608695,0.7450840334448161,0.038707220735785954,-0.6555470133779264,0.11659155518394648,0.5916039899665552,0.3303337090301003,-0.7023326287625418,-0.21816591638795987
5,0.8884827224080267,0.11066748494983278,0.43089574247491635,-0.11256491304347825,0.8340436856187291,0.3831697491638796,0.38005934782608697,0.11440795652173913,0.7809583344481605,0.08889380267558529,0.42827109030100335,-0.44583117391304344,0.5918393779264214,0.27675217725752504,-0.7484546688963211,-0.11372543478260869,0.7448795418060201,0.03868577591973244,-0.655740016722408,0.1168151939799331,0.5914592374581941,0.3304868862876254,-0.7024727859531773,-0.21787564548494984
6,0.8884384715719064,0.11075548494983277,0.4309474816053512,-0.11262957859531772,0.8339495618729097,0.3832296722408027,0.3800945752508361,0.11477872909698997,0.7829816387959867,0.08784522408026757,0.4251443177257525,-0.4454793913043478,0.5916628862876254,0.27678817056856186,-0.748620779264214,-0.11345985284280936,0.7446619531772576,0.03868576254180602,-0.6559449264214047,0.11705133444816054,0.591299602006689,0.3306656622073579,-0.702617110367893,-0.21756989632107024
7,0.8883944113712374,0.11083937123745818,0.43099883946488293,-0.11269959197324415,0.8338612675585284,0.3832829230769231,0.3801248361204013,0.11514332107023412,0.7849967157190636,0.08679226086956522,0.42201323076923075,-0.44511626086956524,0.5914678628762542,0.27682317056856187,-0.7488029130434782,-0.11318732775919732,0.7444312207357859,0.03870236454849498,-0.6561637224080268,0.11728780602006689,0.5911241438127091,0.330858635451505,-0.7027684080267559,-0.21726332441471571
8,0.8883512642140468,0.11092234448160534,0.4310481170568562,-0.11277196321070233,0.8337767658862876,0.3833347525083612,0.38014908361204014,0.11550085953177258,0.7870011806020067,0.08573496321070234,0.4188776923076923,-0.4447462173913044,0.591252525083612,0.2768557190635451,-0.7490025518394648,-0.11291262876254181,0.7441893311036789,0.038733752508361204,-0.6563947625418061,0.11752063545150503,0.5909342107023412,0.3310609498327759,-0.7029265618729097,-0.2169610535117057
9,0.8883106722408027,0.11100276254180602,0.4310910066889632,-0.11285008361204013,0.8336909866220735,0.3833814715719064,0.38017971906354514,0.11586159197324415,0.7889909531772575,0.08466808361204013,0.4157421538461539,-0.4443678695652174,0.5910327157190636,0.2768901839464883,-0.749204745819398,-0.11263920735785954,0.7439442474916388,0.03878047157190635,-0.6566283578595318,0.11775346488294315,0.5907366120401338,0.3312715685618729,-0.7030866321070234,-0.2166600602006689
10,0.8882694214046822,0.11109372240802676,0.4311312608695652,-0.11292886287625419,0.8336078428093645,0.38342621404682276,0.3802096956521739,0.11621178260869565,0.7909662307692308,0.08359197993311036,0.41259541471571903,-0.4439901806020067,0.5908069765886288,0.27691410702341135,-0.7494141872909699,-0.11237171571906356,0.7436978461538462,0.03882257859531773,-0.6568645886287626,0.11797772909698998,0.5905291304347826,0.3314709866220736,-0.7032559264214047,-0.21637092642140468
11,0.8882340100334448,0.11119234113712374,0.4311570702341137,-0.11301157190635451,0.8335310735785953,0.3834663879598662,0.38023191973244147,0.11656026086956521,0.7929238628762542,0.08250036120401338,0.4094498294314381,-0.443613872909699,0.5905883444816054,0.27692442474916384,-0.7496218327759196,-0.11211113377926422,0.7434584515050168,0.038859264214046826,-0.6570944515050168,0.11819295652173913,0.590326839464883,0.3316571170568562,-0.7034245953177257,-0.21608839130434782
12,0.8882048996655518,0.11129592642140468,0.4311685719063545,-0.1130954448160535,0.8334609866220736,0.3835018160535117,0.380243618729097,0.11691045484949833,0.7948631137123746,0.08139634113712374,0.4063072040133779,-0.44323858862876253,0.5903767658862876,0.2769223311036789,-0.7498268996655518,-0.11185914046822742,0.743226381270903,0.03889105351170569,-0.6573177123745819,0.1183997558528428,0.5901309598662208,0.3318323210702341,-0.7035906053511706,-0.21581304013377925
13,0.8881803913043479,0.11140008695652175,0.43117086956521744,-0.1131735652173913,0.8333966521739131,0.38353321739130436,0.3802420869565218,0.11726582608695653,0.7967839565217391,0.0802888695652174,0.4031663043478261,-0.4428633043478261,0.5901669130434782,0.2769116086956522,-0.7500313913043478,-0.11161865217391304,0.7429989130434783,0.03891939130434782,-0.6575375217391304,0.11859965217391304,0.5899379565217391,0.33200234782608695,-0.7037537391304348,-0.21554804347826087
14,0.8881623846153845,0.11149630100334448,0.43116594314381274,-0.11324229431438128,0.8333236488294314,0.3835559498327759,0.3802658394648829,0.1176313110367893,0.798683127090301,0.07918573244147158,0.40002973913043477,-0.4424807959866221,0.5899577826086957,0.27691027759197323,-0.7502308260869566,-0.11138611036789298,0.7427801137123745,0.03895856521739131,-0.6577464949832776,0.11880027090301004,0.589752177257525,0.33218104347826083,-0.7039045919732442,-0.21529027090301003
15,0.8881433043478261,0.11158861872909699,0.431164,-0.11330996989966556,0.8332467056856186,0.3835898795986622,0.380289160535117,0.11799105685618728,0.8005722040133779,0.0780848093645485,0.39688708695652175,-0.442091016722408,0.5897545551839465,0.2769075585284281,-0.7504255618729098,-0.11115697658862876,0.7425628127090301,0.03899692642140468,-0.6579528628762542,0.11900190969899667,0.5895702508361205,0.3323607491638796,-0.7040517759197324,-0.2150300033444816
16,0.8881223745819398,0.1116792474916388,0.43116577926421407,-0.1133781304347826,0.8331660401337793,0.38363809698996654,0.38030984615384616,0.11833778929765887,0.8024524715719064,0.07698347157190635,0.3937365050167224,-0.4416940468227425,0.5895541505016723,0.2768978829431438,-0.7506200869565218,-0.11093027090301004,0.7423453043478261,0.03903242140468228,-0.6581588829431437,0.11920461204013379,0.5893897591973244,0.3325392073578596,-0.7041993277591974,-0.21476527424749164
17,0.8880993979933111,0.1117704882943144,0.43117104013377927,-0.11344808695652174,0.833082254180602,0.3837015050167224,0.38032675919732445,0.118665127090301,0.8043247023411371,0.07587870234113712,0.39057702341137124,-0.44129014381270903,0.5893524214046824,0.2768758762541806,-0.7508196588628763,-0.1107051204013378,0.7421260401337793,0.039063963210702345,-0.6583667190635452,0.11940819732441471,0.589207762541806,0.33271451505016725,-0.7043513745819397,-0.21449499665551838
18,0.8880764214046823,0.11186545819397994,0.4311725719063545,-0.11352773913043478,0.8330156220735786,0.3837589464882943,0.38031756856187293,0.1189753110367893,0.806183508361204,0.07476050836120401,0.38741008361204016,-0.44087579933110366,0.5891395050167224,0.27683298662207356,-0.7510356387959866,-0.11048071571906355,0.7418985719063546,0.039100725752508364,-0.6585849966555184,0.1196065618729097,0.5890078662207358,0.33288683946488296,-0.7045183377926422,-0.21422770234113714
19,0.8880551003344482,0.11194994314381271,0.4311707926421405,-0.11361897993311036,0.8329649933110368,0.3837932107023411,0.3802978929765886,0.11928549498327759,0.8080334849498327,0.07363514046822742,0.38424535117056857,-0.44044489966555184,0.5889276923076924,0.27679009698996654,-0.7512521705685619,-0.11024803344481605,0.741660618729097,0.039142454849498326,-0.6588137591973244,0.11980989297658863,0.5888046588628763,0.3330702006688963,-0.7046853010033445,-0.2139499230769231
20,0.8880344214046823,0.11202210033444816,0.4311680468227425,-0.11371884615384616,0.8329205719063545,0.38380259866220734,0.3802868595317726,0.11960108026755853,0.8098762240802676,0.07250667224080268,0.3810824280936455,-0.4399958227424749,0.5887153545150502,0.27675070234113713,-0.7514689163879599,-0.11000515050167224,0.7414182809364549,0.03919564214046823,-0.6590459531772576,0.12001705685618728,0.5885969899665552,0.3332680100334448,-0.7048522642140469,-0.21366204013377926
21,0.8880137424749164,0.1120824381270903,0.43116566555183944,-0.11382545819397993,0.8328754816053512,0.3837892441471572,0.38029567558528427,0.11992453511705685,0.8117121638795987,0.07137691973244147,0.3779200133779264,-0.4395287424749164,0.5885030100334447,0.2767156521739131,-0.7516849096989967,-0.10975198996655519,0.7411742408026756,0.03925993311036789,-0.6592785886287625,0.12022732775919732,0.5883855083612041,0.3334791571906355,-0.7050193946488295,-0.21336463879598663
22,0.8879930635451505,0.11214141137123745,0.43116260200668893,-0.11393957525083612,0.8328249331103679,0.38377316053511706,0.3803201839464883,0.12025003678929766,0.8135365050167225,0.07024034448160535,0.37475077591973244,-0.4390500635451505,0.5883015819397993,0.27667582608695657,-0.7518947625418061,-0.10949541806020067,0.740919966555184,0.039305120401337795,-0.6595221404682274,0.12044101003344482,0.5881794849498327,0.3336821170568562,-0.705187889632107,-0.21305905016722407
23,0.8879693076923078,0.1122126923076923,0.43116323076923074,-0.11405123076923077,0.8327682307692308,0.3837613846153846,0.38035023076923075,0.12058723076923078,0.8153485384615385,0.06909823076923076,0.3715661538461538,-0.43857384615384615,0.5881235384615384,0.27662000000000003,-0.752091076923077,-0.109245,0.7406816923076923,0.039312153846153844,-0.6597503076923077,0.12065407692307692,0.5879913076923077,0.3338512307692308,-0.7053582307692308,-0.21275038461538462
24,0.8879444180602006,0.11229422742474916,0.431164381270903,-0.11416075919732442,0.832701254180602,0.3837605752508361,0.3803892575250836,0.12092766555183947,0.8171480301003344,0.06795056856187291,0.368370143812709,-0.4381005183946488,0.5879687525083612,0.276551491638796,-0.7522726421404682,-0.10900142474916388,0.7404602943143812,0.039284311036789296,-0.6599621304347826,0.12086432441471572,0.58782427090301,0.3339884280936455,-0.7055263545150501,-0.21243829765886288
25,0.8879184080267559,0.11238542474916387,0.43116647157190635,-0.11426727759197325,0.8326218996655519,0.38377329765886287,0.3804406856187291,0.12126760200668897,0.8189345217391305,0.06679838127090301,0.3651629096989967,-0.4376300869565217,0.5878365150501672,0.2764750200668896,-0.7524385484949833,-0.10876308695652175,0.7402555050167223,0.03922319397993311,-0.6601575819397993,0.12107232107023412,0.5876819565217392,0.334092508361204,-0.7056901672240802,-0.21212234113712375
26,0.8878893043478261,0.11248652173913043,0.4311741304347826,-0.11436760869565217,0.8325276956521739,0.38380086956521736,0.3805119130434783,0.12160382608695652,0.8207067826086957,0.06564495652173913,0.3619408260869565,-0.43716213043478264,0.5877246956521739,0.2764022608695652,-0.7525871304347826,-0.10852413043478261,0.7400655652173913,0.03913052173913044,-0.6603375652173913,0.12128217391304348,0.5875724347826087,0.33415760869565214,-0.7058471739130434,-0.2118014347826087
27,0.8878554481605351,0.11259848160535117,0.4311872207357859,-0.11446658193979933,0.832438923076923,0.3838454147157191,0.3805600568561873,0.12192239799331103,0.822466822742475,0.06448745819397994,0.3587004113712375,-0.43669349498327764,0.5876074448160535,0.2763376488294314,-0.7527370702341137,-0.10827838461538461,0.7398763043478261,0.0390358127090301,-0.6605161906354515,0.12149338461538461,0.5874656287625418,0.3342132040133779,-0.7060055384615385,-0.21148120735785955
28,0.887820093645485,0.11270827424749164,0.4312036755852843,-0.11456938461538461,0.8323579632107023,0.38389168896321074,0.3805896755852843,0.12223915384615384,0.8242181806020067,0.06332765886287625,0.35545320066889635,-0.4362154314381271,0.5874868294314382,0.27628386622073575,-0.7528876287625418,-0.10802465217391304,0.739684016722408,0.038951963210702344,-0.6606964214046823,0.12171188628762541,0.5873578361204013,0.33427647826086954,-0.7061622976588628,-0.211157508361204
29,0.8877836755852843,0.11281023076923077,0.43122332107023414,-0.11467908026755853,0.8322859331103679,0.38393089966555183,0.38060573913043483,0.12255707357859531,0.8259625050167224,0.062165943143812706,0.3522021471571906,-0.4357224080267558,0.5873541739130435,0.2762405183946488,-0.7530458829431439,-0.10775798662207359,0.7394810535117057,0.03888730769230769,-0.6608859431438127,0.12193805351170568,0.5872414949832776,0.3343560769230769,-0.7063200903010033,-0.21082765886287624
30,0.8877461471571907,0.1128983076923077,0.43124629765886285,-0.11479932441471573,0.8322238963210703,0.38395234448160537,0.3806156956521739,0.12287721404682274,0.8277018327759198,0.0610025618729097,0.3489494280936455,-0.4352077324414716,0.5871948695652174,0.2762060535117057,-0.753223568561873,-0.10747077926421404,0.7392558829431438,0.03885207692307692,-0.6610965618729097,0.12217088294314381,0.5871051672240802,0.33446176923076926,-0.7064839899665553,-0.2104883712374582
31,0.8877108461538462,0.11296485284280937,0.43126333444816056,-0.114938872909699,0.8321618595317726,0.3839559698996655,0.38064347157190637,0.12320032441471572,0.8294307658862876,0.059831755852842804,0.34570487625418056,-0.434661872909699,0.5870036387959866,0.2761879230769231,-0.7534227859531772,-0.10716278260869565,0.7389973010033445,0.038864364548494984,-0.6613413344481606,0.12240742474916388,0.5869361705685618,0.3346134949832776,-0.7066553143812709,-0.2101446287625418
32,0.8876771404682274,0.11302258528428094,0.4312776421404682,-0.11508970568561873,0.832103381270903,0.3839381906354515,0.3806829933110368,0.1235255618729097,0.831152254180602,0.05865461538461538,0.34246210702341134,-0.434098762541806,0.5868063177257525,0.2761718327759197,-0.7536262408026756,-0.10685260535117057,0.7387290234113713,0.038893909698996657,-0.6615948093645485,0.12264459197324415,0.5867549598662207,0.334779381270903,-0.7068304314381271,-0.2097976956521739
33,0.8876455785953178,0.11308140802675586,0.43128545150501674,-0.11524896321070234,0.8320513678929766,0.38390491638795987,0.38072516387959865,0.12384798996655517,0.83286245819398,0.05746588294314381,0.33921873913043477,-0.4335276856187291,0.5866102608695652,0.2761485618729097,-0.7538306755852843,-0.10654768896321071,0.7384610301003345,0.03892595317725753,-0.6618485819397993,0.12287708026755853,0.5865724715719064,0.3349407357859532,-0.7070065284280936,-0.2094566220735786
34,0.8876165953177257,0.11315185953177258,0.43128327759197327,-0.11541274581939799,0.8320083946488295,0.383862110367893,0.3807616856187291,0.12416128762541806,0.8345572508361204,0.056260866220735783,0.3359719899665552,-0.432958745819398,0.5864221304347826,0.276108745819398,-0.7540333946488295,-0.10625499331103679,0.7382034013377926,0.0389459966555184,-0.6620940769230769,0.12309935451505018,0.5863990936454849,0.3350799364548495,-0.7071809498327759,-0.20913002675585285
35,0.8875897892976589,0.11326367892976588,0.43126949163879597,-0.11556056187290971,0.8319777591973244,0.3838069665551839,0.38079385284280937,0.1244339431438127,0.8362222876254181,0.055036979933110367,0.33270854849498327,-0.4324195618729097,0.5862528695652174,0.2760275618729097,-0.7542317591973244,-0.10598769899665551,0.7379820602006688,0.03892684949832776,-0.6623054615384616,0.12329695317725753,0.5862482140468227,0.3351741404682274,-0.7073517424749164,-0.20882520401337792
36,0.8875624113712375,0.11338579264214046,0.4312585652173913,-0.11569236454849499,0.831949983277592,0.38381587625418057,0.38074652508361206,0.1247386254180602,0.8378684515050168,0.053817668896321065,0.32943252508361204,-0.4318912441471572,0.5860830367892976,0.27594752173913045,-0.7544278361204013,-0.10573984949832776,0.7377704414715719,0.03891284949832776,-0.6625059799331103,0.12348711705685618,0.5860990501672241,0.3352677725752508,-0.7075151003344482,-0.20853982608695654
37,0.8875365284280936,0.11351004682274247,0.43124725752508364,-0.1158106287625418,0.8319137190635452,0.38385765886287626,0.38067763879598665,0.12506295317725752,0.8394974046822743,0.052603963210702334,0.3261525719063545,-0.4313676254180602,0.5858974715719063,0.27588307023411374,-0.7546288795986622,-0.10550264882943144,0.7375607692307693,0.038917147157190635,-0.6627051772575251,0.12366935451505016,0.585943712374582,0.3353733712374582,-0.707672220735786,-0.2082728662207358
38,0.8875135117056856,0.11363082608695652,0.4312333043478261,-0.11591841137123746,0.8318625652173912,0.38391170234113714,0.3806223411371238,0.12540297324414715,0.8411099632107024,0.05139560200668896,0.32287377257525085,-0.4308434247491639,0.5856906588628763,0.2758403712374582,-0.7548375117056856,-0.10527048160535117,0.7373481404682274,0.03894667224080268,-0.6629083043478261,0.1238444314381271,0.5857779464882944,0.3354980100334448,-0.7078239063545151,-0.2080227558528428
39,0.8874951304347826,0.11374034782608695,0.4312133913043478,-0.11602486956521739,0.8317928695652174,0.3839538260869565,0.38061008695652176,0.1257721304347826,0.8427053043478261,0.050188565217391304,0.3195996086956522,-0.4303073043478261,0.5854739130434783,0.2758135652173913,-0.7550481304347826,-0.10503765217391305,0.7371275652173913,0.039003347826086956,-0.6631173913043478,0.12401752173913044,0.5856002608695653,0.33564582608695653,-0.7079709565217391,-0.2077845652173913
40,0.8874773846153846,0.11384287959866221,0.4311947491638796,-0.1161268795986622,0.8317161839464883,0.3839813344481605,0.38062388628762545,0.1261539966555184,0.8442860301003344,0.04898661204013378,0.31632417391304346,-0.42976355852842807,0.5852533545150501,0.27579946822742474,-0.7552574782608695,-0.1048003745819398,0.736901906354515,0.039068284280936456,-0.6633315618729096,0.12419442474916388,0.5854136789297659,0.3358114347826087,-0.7081173712374582,-0.20754446822742476
41,0.8874581638795986,0.11393795652173913,0.4311835919732442,-0.11622195652173914,0.8316320434782608,0.38401146153846155,0.38064784949832775,0.12654489297658864,0.8458561304347826,0.04779493311036789,0.3130428595317726,-0.4292126287625418,0.5850320133779264,0.27579721070234114,-0.7554637558528428,-0.1045565652173913,0.7366703879598662,0.03913732441471572,-0.6635503879598662,0.12437572240802676,0.5852256722408027,0.3359935384615385,-0.7082592408026755,-0.20729555183946488
42,0.8874346421404682,0.11402522408026755,0.43118602006688966,-0.11630939130434784,0.8315384214046823,0.38405137458193983,0.38067969899665555,0.1269426254180602,0.8474177993311037,0.04661682274247492,0.30975025418060204,-0.42865358528428094,0.5848066588628763,0.27580684949832773,-0.7556694882943145,-0.10430531103678929,0.7364303143812708,0.03920788294314381,-0.6637768428093646,0.12456364548494983,0.585033347826087,0.3361911538461539,-0.708400110367893,-0.2070353010033445
43,0.8874009431438127,0.11410411036789297,0.43121359197324416,-0.11638904347826087,0.8314304314381271,0.38410805016722405,0.3807241204013378,0.12734394983277592,0.8489740802675585,0.045457270903010036,0.3064354983277592,-0.42808376588628766,0.5845669364548495,0.2758290602006689,-0.7558824046822743,-0.10404567558528428,0.7361752742474916,0.03927604682274247,-0.6640188628762541,0.12476354180602008,0.5848242608695653,0.3364025384615385,-0.7085517558528428,-0.2067618795986622
44,0.8873693411371237,0.11418369565217391,0.43123557190635453,-0.11647009364548494,0.8313042675585285,0.3841752107023411,0.38079720066889633,0.1277431772575251,0.8505121872909699,0.04429142809364549,0.3031193444816053,-0.42750835451505015,0.584338397993311,0.2758491739130435,-0.7560869331103679,-0.1037839431438127,0.7359293210702341,0.039341414715719066,-0.6642496989966555,0.12496553511705685,0.5846270568561873,0.33660903010033444,-0.708697110367893,-0.20648426421404684
45,0.8873305016722408,0.11427636454849499,0.43127003344481607,-0.11654569899665553,0.8311842675585285,0.3842480234113712,0.3808511739130435,0.1281449933110368,0.8520401872909699,0.04312498327759196,0.2997812073578595,-0.4269375217391304,0.5841086053511706,0.2758588595317726,-0.756296237458194,-0.10352479933110367,0.7356800535117057,0.03938884949832776,-0.6644845785953177,0.12516586956521739,0.5844263411371238,0.3368034314381271,-0.7088530200668897,-0.20620159866220736
46,0.8872863846153846,0.11438023076923078,0.43131407692307694,-0.11661423076923078,0.8310700769230769,0.3843282307692308,0.38088407692307696,0.1285493076923077,0.8535560769230769,0.04195876923076922,0.29642453846153843,-0.4263716153846154,0.5838798461538461,0.2758612307692308,-0.7565073076923077,-0.10326792307692308,0.7354315384615385,0.03941976923076923,-0.6647193076923077,0.12536569230769232,0.5842253846153846,0.3369861538461539,-0.7090152307692308,-0.2059163846153846
47,0.8872411973244146,0.11449051839464883,0.4313607959866221,-0.11667473578595318,0.830957491638796,0.38441860535117056,0.38090092642140466,0.12895522742474916,0.8550564481605352,0.04079309030100333,0.2930577023411371,-0.42580945484949834,0.5836569732441471,0.2758619966555184,-0.7567140969899666,-0.10301211705685619,0.7351910501672241,0.03943891638795987,-0.6649460100334448,0.1255671204013378,0.5840308494983278,0.3371592441471572,-0.7091753010033445,-0.2056322408026756
48,0.8871921973244147,0.11459623076923077,0.4314212408026756,-0.11672075250836121,0.8308296555183946,0.3845181304347826,0.380939889632107,0.1293672474916388,0.8565400434782608,0.039642662207357855,0.28967790301003343,-0.42524424414715717,0.5834234247491639,0.27587953846153845,-0.7569231739130435,-0.10275097324414716,0.7349482742474917,0.03946416387959866,-0.665175,0.12577388628762542,0.5838332642140468,0.3373430100334448,-0.7093338461538462,-0.20534733444816053
49,0.8871442374581939,0.11468924080267558,0.43148385953177254,-0.11676617725752508,0.83068854180602,0.38462297993311034,0.38100220066889634,0.12977665217391304,0.8580124682274247,0.03849917056856187,0.28629857525083613,-0.4246668662207358,0.5831813745819397,0.2759098361204013,-0.7571338461538462,-0.1024898060200669,0.7346996755852843,0.03950476254180602,-0.6654071705685619,0.1259854314381271,0.5836309096989967,0.3375453177257525,-0.709488685618729,-0.20505449832775918
50,0.8870970468227425,0.11477419732441471,0.43154654515050167,-0.11681165886287626,0.8305464949832776,0.3847293210702341,0.3810690735785953,0.13017339130434782,0.8594731371237458,0.03735758862876254,0.2829191906354515,-0.4240804949832776,0.5829269899665552,0.2759393578595318,-0.7573517056856187,-0.10224688628762542,0.7344575886287625,0.039548421404682274,-0.6656328193979933,0.12618851839464884,0.5834255351170569,0.3377529933110368,-0.7096436287625418,-0.20475927759197324
51,0.8870502073578596,0.11485592307692308,0.4316081170568562,-0.1168571304347826,0.8304143913043478,0.384833525083612,0.38112326421404685,0.13055083612040133,0.8609213946488294,0.036213999999999996,0.2795384314381271,-0.423488525083612,0.5826589297658863,0.27595748160535116,-0.7575803010033444,-0.10203326421404682,0.7342296387959867,0.03958450501672241,-0.6658464581939799,0.1263745685618729,0.5832191070234113,0.33795450836120405,-0.7098017023411372,-0.2044662441471572
52,0.8870019565217391,0.114944,0.4316732173913044,-0.11689695652173912,0.8303048695652174,0.3849292608695652,0.381139347826087,0.13091769565217393,0.8623513043478261,0.035068999999999996,0.27614708695652174,-0.4228972608695652,0.5823908695652174,0.2759636086956522,-0.7578131304347826,-0.10182034782608695,0.7339960434782609,0.03960365217391304,-0.6660685652173913,0.12655991304347824,0.5830169130434782,0.33813908695652173,-0.7099633043478261,-0.20417673913043477
53,0.8869513377926421,0.11503918060200669,0.43174186956521743,-0.11693204682274247,0.8302125150501672,0.38503091638795983,0.3811181371237458,0.1312656120401338,0.863766414715719,0.033921040133779265,0.2727444949832776,-0.42230836454849496,0.5821476722408027,0.27596026421404685,-0.7580305685618729,-0.10159855183946488,0.7337648160535117,0.03960622408026756,-0.6662865284280937,0.12675058528428093,0.5828230066889633,0.3383070903010033,-0.7101278662207358,-0.20388072240802674
54,0.88689572909699,0.11513966889632107,0.43182015384615385,-0.11696574581939799,0.8301327190635451,0.3851393210702341,0.38106521404682275,0.13160402675585284,0.865171093645485,0.03277292642140468,0.26932643143812707,-0.42171765886287627,0.5819035484949833,0.27595485284280935,-0.7582506421404682,-0.10136770568561873,0.7335267692307692,0.039606789297658866,-0.6665111471571907,0.1269453277591973,0.5826265250836121,0.33847093979933107,-0.7102972341137124,-0.20358028762541805
55,0.8868354715719063,0.11524407692307692,0.43190724080267556,-0.11700080602006689,0.8300598829431438,0.3852531906354515,0.3809924615384615,0.13193820066889633,0.8665658662207357,0.031623401337792637,0.2658943712374582,-0.42112261204013374,0.5816486789297658,0.27594976254180603,-0.7584801137123746,-0.10112864882943143,0.7332785451505016,0.03961309364548495,-0.666746474916388,0.1271423076923077,0.582421237458194,0.3386374615384615,-0.7104724515050168,-0.20327811036789298
56,0.8867764983277592,0.11534976923076923,0.43198919063545155,-0.11704292976588629,0.8299786989966556,0.3853657759197324,0.38093961538461535,0.13227365886287626,0.8679452274247492,0.03046231772575251,0.26246166889632105,-0.42051985953177257,0.581386745819398,0.27594210367892974,-0.7587160066889632,-0.10088509698996655,0.7330219732441472,0.039632240802675585,-0.6669907926421405,0.12733607692307694,0.5821998963210703,0.3388136153846154,-0.7106547324414716,-0.20298171237458196
57,0.8867168695652173,0.11544759531772575,0.4320724515050167,-0.11708964214046823,0.82989227090301,0.38546197324414716,0.38090709030100334,0.13263009364548495,0.8693121337792642,0.029300578595317733,0.2590256889632107,-0.41990465217391304,0.5811136688963211,0.275941,-0.758959110367893,-0.10063302341137123,0.7327522909698997,0.03966646488294315,-0.6672475652173913,0.1275318127090301,0.5819674113712374,0.3390068127090301,-0.7108383244147157,-0.2026826923076923
58,0.8866626086956522,0.11553609030100334,0.4321475050167224,-0.11713459866220736,0.829793160535117,0.38555246153846157,0.38090284949832776,0.13299848829431438,0.8706638795986622,0.028138729096989962,0.25559884949832773,-0.4192827123745819,0.5808404013377927,0.2759490066889632,-0.7591987926421404,-0.10038120066889632,0.7324816655518395,0.03972008361204014,-0.667503906354515,0.12772914381270903,0.5817334715719064,0.33921467892976587,-0.7110141304347827,-0.2023891304347826
59,0.8866143244147158,0.11561541806020068,0.4322137959866221,-0.11717655183946488,0.8296812207357859,0.38564035117056855,0.3809245518394649,0.13337826755852844,0.8719997023411371,0.0269774414715719,0.2521821806020067,-0.4186549230769231,0.580567762541806,0.27596786622073577,-0.7594335618729097,-0.10013113043478261,0.7322128227424749,0.03979403678929766,-0.6677566822742474,0.1279273210702341,0.5814996889632107,0.3394370602006689,-0.7111803946488294,-0.2021033879598662
60,0.8865706688963211,0.11568664548494983,0.43227430100334446,-0.11721561204013378,0.8295594448160535,0.3857276622073579,0.3809636120401338,0.1337719331103679,0.8733193244147157,0.02581788963210702,0.24877245484949834,-0.41802076923076925,0.5802928093645485,0.27600003344481605,-0.7596648595317725,-0.09988221739130435,0.7319462943143812,0.039888240802675584,-0.6680048294314381,0.12812491973244147,0.5812653277591973,0.33967448494983277,-0.7113374013377926,-0.20182690301003342
61,0.8865277324414715,0.11574852508361204,0.43233552508361206,-0.11725467224080267,0.8294240066889632,0.3858200066889632,0.38102424414715724,0.134173508361204,0.8746224080267558,0.024659775919732434,0.24536129096989964,-0.4173765484949833,0.5799962842809365,0.2760429866220736,-0.759908381270903,-0.09963258528428094,0.7316689799331103,0.04000257859531772,-0.6682652006688963,0.12831748494983278,0.5810173043478261,0.3399291672240803,-0.7114944080267558,-0.20155832775919733
62,0.8864921170568562,0.1158073712374582,0.43238030769230773,-0.11730003678929767,0.829280889632107,0.38590734448160535,0.3811081036789298,0.13456929431438128,0.875909381270903,0.023489632107023404,0.24196361204013375,-0.4167263377926422,0.5797153277591973,0.2760832474916388,-0.7601400903010034,-0.09938630100334449,0.7313996923076923,0.04011968227424749,-0.6685156989966555,0.12851069230769233,0.5807785752508361,0.3401825484949833,-0.7116431705685619,-0.2012926923076923
63,0.8864614682274248,0.11586782274247492,0.43241303010033444,-0.1173500568561873,0.8291343411371237,0.3859885819397993,0.38120736454849496,0.13495666220735786,0.877180872909699,0.02230719732441471,0.23857279598662207,-0.41607278595317726,0.5794472140468228,0.27611978595317727,-0.7603627391304348,-0.09914474247491639,0.7311397257525084,0.04023512040133779,-0.6687560033444816,0.12870295652173913,0.5805490066889633,0.3404290066889632,-0.7117859030100334,-0.20103372909698997
64,0.8864324816053512,0.11593475585284281,0.43244030100334446,-0.1174021204013378,0.8289890735785953,0.38606370568561876,0.38131180602006687,0.13533402675585285,0.8784379397993312,0.02111354515050167,0.2351799364548495,-0.4154188361204013,0.579185314381271,0.2761524849498328,-0.7605817658862876,-0.09890916722408027,0.7308886989966555,0.04034527424749164,-0.6689879163879598,0.12889172909698998,0.5803263177257525,0.34066366555183947,-0.7119259933110368,-0.20078598327759198
65,0.8864087391304348,0.11601517391304347,0.43245408695652177,-0.1174534347826087,0.8288550434782609,0.3861418260869565,0.3813945217391304,0.13570165217391306,0.8796717826086956,0.019901913043478256,0.2317878260869565,-0.4147701304347826,0.5789249130434783,0.2761746956521739,-0.7608000434782609,-0.09868782608695653,0.7306459130434783,0.0404494347826087,-0.6692130869565217,0.12906252173913044,0.5801118695652174,0.340877347826087,-0.7120630869565218,-0.20055621739130436
66,0.8863888361204013,0.11609833444816053,0.43245909698996654,-0.11750255518394649,0.8287270468227425,0.3862177525083612,0.3814640735785953,0.13606927759197324,0.880887525083612,0.01868260200668896,0.22840065217391303,-0.4141230702341137,0.5786705451505016,0.2761952608695652,-0.7610133846153846,-0.09847635785953177,0.7304140969899666,0.040555240802675585,-0.6694289331103679,0.12922398996655518,0.5799045518394649,0.34108335117056854,-0.7121946956521739,-0.20033632441471572
67,0.8863726555183946,0.11617818060200669,0.43245717056856187,-0.1175523779264214,0.8286026989966555,0.38628809364548494,0.3815328093645485,0.13643313043478258,0.8820888628762542,0.01745898996655518,0.2250188929765886,-0.4134713177257525,0.5784176254180602,0.2762211471571906,-0.7612235117056856,-0.09826754515050166,0.7301834849498328,0.040668615384615386,-0.6696429698996655,0.1293823913043478,0.5796984882943144,0.34129291304347825,-0.712322872909699,-0.20012034448160534
68,0.8863601973244146,0.11625002006688963,0.43244923411371233,-0.11760534113712375,0.8284808795986622,0.38635102006688965,0.38160722408026754,0.1367898795986622,0.8832780501672242,0.016233090301003342,0.22164354515050166,-0.41280996321070235,0.5781630301003344,0.27625673578595317,-0.7614316722408027,-0.09805604347826087,0.7299482775919732,0.04079401003344482,-0.669859795986622,0.12954185618729097,0.5794900869565217,0.3415132408026756,-0.7124483612040133,-0.19990444481605352
69,0.8863525384615385,0.11630746153846154,0.43243238461538464,-0.11766584615384616,0.8283652307692307,0.38640846153846153,0.38167615384615383,0.13713223076923076,0.8844521538461538,0.015003076923076923,0.21828053846153844,-0.4121321538461538,0.5779056923076923,0.27630192307692303,-0.7616384615384616,-0.09783700000000001,0.7297123846153846,0.040937230769230774,-0.6700773076923077,0.1297026923076923,0.5792809999999999,0.34174453846153846,-0.7125663076923077,-0.19968923076923076
70,0.8863461036789297,0.11636551505016722,0.43241308695652175,-0.11773002341137125,0.8282673311036789,0.3864475418060201,0.38172121404682274,0.1374874347826087,0.8856121806020067,0.013766331103678933,0.21491569565217392,-0.4114494481605351,0.5776434581939799,0.27634833444816054,-0.7618483110367893,-0.09762162876254181,0.729473431438127,0.0410841237458194,-0.6702978795986622,0.12986046822742475,0.5790676287625418,0.3419807324414716,-0.7126867023411372,-0.19947646488294313
71,0.886341110367893,0.11642750167224081,0.4323893946488294,-0.11779398996655518,0.828172381270903,0.3864729364548495,0.38176972240802676,0.1378534280936455,0.8867573311036789,0.012522224080267551,0.21155001337792642,-0.4107662675585284,0.5773833946488294,0.2763901404682274,-0.7620570401337793,-0.09741095986622074,0.729239,0.04122929431438127,-0.6705143076923077,0.13001445150501673,0.5788577157190635,0.34221211036789295,-0.7128046889632107,-0.19926884949832777
72,0.8863364180602006,0.11649423076923077,0.4323636923076923,-0.11785578595317726,0.8280735785953177,0.3864913210702341,0.38183008695652176,0.13822833110367894,0.8878873913043478,0.011272297658862866,0.20818149832775917,-0.4100840066889632,0.577127254180602,0.2764257525083612,-0.7622641170568563,-0.0972038829431438,0.7290094247491639,0.04136930434782609,-0.6707261237458194,0.13016619397993312,0.5786524581939799,0.34243670568561874,-0.7129202909698997,-0.19906416387959866
73,0.8863279933110367,0.1165646923076923,0.4323460769230769,-0.11791322742474916,0.827964822742475,0.38651965886287626,0.38189978260869567,0.13860821070234114,0.8890025217391304,0.010022371237458187,0.20480240802675584,-0.4094023678929766,0.5768729799331104,0.2764563879598662,-0.7624724381270903,-0.0969955618729097,0.7287773612040134,0.04149873913043479,-0.670939806020067,0.13032166889632107,0.5784472006688963,0.3426588127090301,-0.7130390033444817,-0.19885201337792643
74,0.8863121371237458,0.11663042474916388,0.4323480535117057,-0.11796053511705686,0.827831745819398,0.3865892073578595,0.3819802876254181,0.13898471237458193,0.8901048160535117,0.008786632107023408,0.2014057525083612,-0.4087166755852843,0.5766105986622073,0.27649377926421403,-0.7626841371237458,-0.09678251170568562,0.7285378662207358,0.04161939130434782,-0.6711595685618729,0.1304893043478261,0.5782338361204014,0.3428910535117057,-0.7131631204013378,-0.1986283779264214
75,0.8862935217391305,0.1166933177257525,0.43235838795986625,-0.11800207357859532,0.827694093645485,0.3866691204013378,0.3820609130434783,0.1393603210702341,0.8911943578595317,0.007557204013377923,0.1980005685618729,-0.4080295585284281,0.576348016722408,0.27653472240802673,-0.7628954046822742,-0.0965661806020067,0.7282956120401338,0.04173577926421405,-0.6713819096989966,0.13066121404682274,0.5780185050167224,0.343126856187291,-0.7132879598662207,-0.19839967558528426
76,0.886275889632107,0.11675396655518394,0.43236754849498327,-0.11804161204013378,0.8275556755852843,0.38674928428093647,0.3821445050167224,0.13973166555183947,0.8922697759197324,0.006326458193979927,0.19459561204013376,-0.40734034113712375,0.5760929264214047,0.2765780267558528,-0.7631002173913043,-0.09634873244147157,0.7280566220735786,0.041849274247491644,-0.6716005719063545,0.13083548494983277,0.5778083311036789,0.343362,-0.7134092742474916,-0.1981683779264214
77,0.8862644013377927,0.1168129397993311,0.4323621872909699,-0.1180845016722408,0.8274178160535116,0.3868205117056856,0.3822387090301004,0.14009239799331105,0.8933289966555183,0.005083424749163878,0.1912035016722408,-0.40664721404682275,0.5758562675585285,0.2766224481605351,-0.7632893913043478,-0.09613351839464883,0.7278299197324415,0.041961093645484955,-0.6718058294314381,0.13101087290969898,0.5776137959866221,0.343591,-0.7135210936454849,-0.19793708026755852
78,0.8862551304347827,0.11688078260869565,0.4323516521739131,-0.11812886956521738,0.8272895652173913,0.3868695652173913,0.3823329130434783,0.14045978260869565,0.8943667826086956,0.003827086956521741,0.18780843478260872,-0.40595482608695654,0.5756166521739131,0.27667278260869566,-0.7634778260869566,-0.09593086956521739,0.7276120869565218,0.04207513043478261,-0.6720029565217391,0.13117295652173913,0.5774244347826086,0.3438059565217391,-0.7136306956521739,-0.1977198260869565
79,0.886246949832776,0.1169615719063545,0.43233183946488296,-0.11818339130434782,0.8271682274247492,0.3869152909698997,0.3824155016722408,0.14082286287625417,0.8953911672240802,0.0025485518394648887,0.18441326086956522,-0.40526094983277594,0.5753870301003344,0.2767127257525084,-0.7636616889632107,-0.09573069565217392,0.7274031605351171,0.04217864214046823,-0.6721917090301003,0.13133051839464882,0.5772488963210702,0.34399616387959864,-0.7137381973244147,-0.19751267558528426
80,0.8862376655518395,0.11705375919732441,0.432308143812709,-0.11824746488294315,0.8270578662207358,0.38696458862876254,0.38247258528428096,0.1411792608695652,0.8964030702341137,0.0012512140468227463,0.1810134816053512,-0.4045641237458194,0.5751669598662208,0.2767409598662207,-0.7638423913043478,-0.0955275016722408,0.7271989397993311,0.042266381270903014,-0.672376016722408,0.13148788963210703,0.5770814849498328,0.344167618729097,-0.713848448160535,-0.19730370903010033
81,0.8862253745819397,0.11715467224080268,0.43228611705685616,-0.11831934782608697,0.8269622842809364,0.3870223913043478,0.38249226421404686,0.14152803344481604,0.8974032374581941,-5.994648829432246e-05,0.1776050668896321,-0.4038630802675585,0.5749545886287625,0.2767578829431438,-0.7640218294314381,-0.09531651505016722,0.7269945150501672,0.04233479598662208,-0.672560602006689,0.1316489464882943,0.576915795986622,0.344327983277592,-0.7139658862876255,-0.19708188963210702
82,0.8862123545150502,0.11725193979933111,0.4322677357859532,-0.11838904347826087,0.8268849297658862,0.3870721739130435,0.38247694648829433,0.14188263879598662,0.898386635451505,-0.0013703779264214089,0.17419227759197323,-0.40315693311036793,0.5747378428093646,0.27677626421404683,-0.7642056421404682,-0.09509823745819398,0.726776237458194,0.04239300334448161,-0.6727604983277592,0.13181437792642142,0.5767450033444816,0.3444941806020067,-0.7140884280936455,-0.19685059197324414
83,0.8861981973244147,0.11734465886287626,0.43225276588628764,-0.11845930769230768,0.8268070066889632,0.3871191137123746,0.3824656086956522,0.14224065551839463,0.8993563879598663,-0.0026808093645484953,0.17077835117056855,-0.40244510033444814,0.5745239397993311,0.27680260535117057,-0.7643849063545151,-0.09487370568561873,0.7265539799331103,0.042439270903010036,-0.6729643745819398,0.1319849264214047,0.5765781906354516,0.34465582943143813,-0.7142109698996656,-0.19661133444816054
84,0.886180635451505,0.11743814046822743,0.4322426588628763,-0.11853344816053511,0.8267328996655519,0.38716640468227426,0.3824429431438127,0.14260353511705684,0.9003150501672241,-0.003995588628762538,0.16735801003344483,-0.4017276153846154,0.5743203879598663,0.27682836454849497,-0.7645572408026755,-0.09464265551839464,0.7263269966555184,0.042480391304347824,-0.6731719732441471,0.1321619331103679,0.5764154347826087,0.34481222073578593,-0.7143361872909699,-0.19635861204013377
85,0.8861592909698996,0.1175367491638796,0.43223669565217393,-0.11861313712374581,0.8266661772575251,0.38721662541806023,0.382397762541806,0.14297196321070232,0.9012627056856187,-0.005319086956521731,0.1639293010033445,-0.4010054849498328,0.5741316254180603,0.2768478026755853,-0.7647211672240802,-0.09440710033444816,0.7260980066889633,0.042512792642140466,-0.6733806856187291,0.1323448795986622,0.5762584381270903,0.3449597525083612,-0.7144649565217391,-0.1960916822742475
86,0.8861386120401338,0.11764933444816053,0.4322267391304348,-0.11869815050167223,0.8266140969899666,0.38727483277591973,0.38231198327759197,0.14334571571906354,0.9021917257525084,-0.006663217391304335,0.1604965986622074,-0.4002840200668897,0.5739608327759197,0.2768539297658863,-0.7648751103678929,-0.09417886622073579,0.7258843244147157,0.04249594314381271,-0.6735767525083611,0.13252716053511707,0.5761167491638797,0.34507999665551836,-0.7145943913043478,-0.19582209030100334
87,0.8861191973244147,0.11777519397993311,0.4322079331103679,-0.11878379598662207,0.8265651772575251,0.38732166220735786,0.38222241137123747,0.14373969565217393,0.9030998862876254,-0.008025046822742472,0.15706389632107023,-0.3995676120401338,0.5737963612040133,0.2768486789297659,-0.765026525083612,-0.0939670668896321,0.725693397993311,0.04247656521739131,-0.6737487993311037,0.1327037525083612,0.5759788528428094,0.34518886287625417,-0.7147206655518394,-0.19557715050167224
88,0.8861036321070234,0.1179050568561873,0.4321796923076923,-0.1188703712374582,0.8265065785953177,0.3873605117056856,0.3821563143812709,0.144147110367893,0.9039916923076923,-0.009399377926421407,0.15363795986622072,-0.3988514782608696,0.5736165117056856,0.2768406220735786,-0.7651893444816054,-0.09376431772575251,0.7255048996655519,0.042476153846153844,-0.6739193444816054,0.13286998662207358,0.5758314113712375,0.3453040769230769,-0.7148466688963211,-0.19534817391304346
89,0.8860925250836121,0.11803061538461539,0.4321433143812709,-0.11895948494983277,0.8264343177257525,0.3873955217391304,0.3821201973244147,0.14456315050167223,0.904869347826087,-0.010780983277591971,0.15022188294314381,-0.39813002006688963,0.5734159665551839,0.2768362943143813,-0.7653656588628762,-0.09356573578595317,0.7253081304347826,0.04250687959866221,-0.6740982809364549,0.1330287424749164,0.5756694882943144,0.3454367257525084,-0.7149722207357859,-0.19513011371237457
90,0.8860856321070234,0.1181363076923077,0.4321027224080268,-0.11905522073578596,0.8263470066889632,0.38743534782608696,0.3821117725752508,0.14497979264214048,0.9057355652173914,-0.012159578595317744,0.14681905016722405,-0.3973917056856187,0.5731961571906354,0.276847016722408,-0.7655510033444817,-0.09336354180602006,0.7250890869565217,0.042585765886287624,-0.6742958795986622,0.13319111036789297,0.5754895050167225,0.3456036889632107,-0.715094762541806,-0.19491566555183948
91,0.8860780434782608,0.11822182608695653,0.4320683913043478,-0.11914886956521739,0.826259,0.38745917391304346,0.38211586956521737,0.14540269565217392,0.9065871739130434,-0.013526347826086969,0.14342178260869562,-0.39664017391304346,0.5729499130434783,0.2768744347826087,-0.765751652173913,-0.09314952173913042,0.7248547391304347,0.042690391304347826,-0.6745080869565218,0.13335973913043478,0.5752886521739131,0.3458047391304348,-0.7152193913043479,-0.19469495652173913
92,0.8860648461538461,0.11829792307692308,0.43205038461538464,-0.11923723076923078,0.8261755384615385,0.38747861538461537,0.3821156923076923,0.14582207692307692,0.9074285384615385,-0.014880846153846161,0.14001492307692306,-0.39588361538461536,0.5726839230769231,0.27689938461538466,-0.7659672307692307,-0.09293707692307691,0.7246156153846154,0.04279392307692308,-0.674725,0.13352992307692307,0.5750732307692308,0.34601892307692306,-0.7153525384615385,-0.19446115384615384
93,0.8860473143812709,0.11837096989966554,0.4320438628762542,-0.11932110702341137,0.8260942107023411,0.3874996421404682,0.3821132274247491,0.1462321237458194,0.9082572976588629,-0.016230314381270913,0.1365997759197324,-0.39512553177257526,0.5724121304347827,0.2769188662207358,-0.7661886789297658,-0.09272577591973244,0.7243761806020067,0.04288842474916388,-0.6749419966555184,0.13370185284280936,0.5748541404682275,0.34623358528428094,-0.7154911638795987,-0.1942166321070234
94,0.8860281672240803,0.11844832441471571,0.432040033444816,-0.11940229096989967,0.82601072909699,0.387528745819398,0.3821139933110368,0.14662655518394652,0.9090699030100334,-0.01758516722408029,0.1331808595317725,-0.39436960200668897,0.5721532608695652,0.27693188628762544,-0.766403127090301,-0.09251285953177257,0.7241410535117057,0.042967311036789295,-0.6751541471571906,0.13387647491638796,0.5746458193979933,0.3464342474916388,-0.7156297892976589,-0.1939661872909699
95,0.8860021872909699,0.11854238127090301,0.4320460735785953,-0.11947891973244147,0.82592572909699,0.3875760702341137,0.3821026120401338,0.147012635451505,0.909860491638796,-0.01895140802675587,0.12974675919732437,-0.3936220234113712,0.5719042608695651,0.2769373143812709,-0.7666130200668896,-0.09229766555183946,0.7239127591973243,0.043027976588628766,-0.675360983277592,0.13405109698996656,0.5744511638795986,0.3466060602006689,-0.7157699331103679,-0.19371953846153847
96,0.8859761471571906,0.11864183612040134,0.4320516755852843,-0.11955498327759197,0.8258375652173914,0.3876324816053512,0.3820884983277592,0.14739339130434784,0.9106356588628762,-0.020327200668896334,0.12631147491638792,-0.3928755685618729,0.571656397993311,0.27693689966555185,-0.7668239230769232,-0.09208140133779265,0.7236850501672241,0.04308795652173913,-0.6755672474916388,0.13422204347826086,0.5742545284280937,0.34677446822742475,-0.7159116655518394,-0.1934760735785953
97,0.8859515618729097,0.11874166220735786,0.432054127090301,-0.11963051505016722,0.8257491204013377,0.3876909498327759,0.3820723076923077,0.14777464882943145,0.9113954046822743,-0.021709946488294326,0.12288094648829428,-0.3921284314381271,0.5714090167224081,0.27693703678929765,-0.7670341438127091,-0.09186378260869565,0.7234546722408026,0.04315758862876254,-0.6757758896321071,0.1343895585284281,0.5740543110367893,0.34694695986622076,-0.7160526655518394,-0.19323754515050168
98,0.885929635451505,0.11883696989966556,0.4320516588628762,-0.11970523076923077,0.8256618361204013,0.38774461538461535,0.3820570802675585,0.14816213377926424,0.9121399565217391,-0.023096625418060207,0.11945998996655517,-0.3913789397993311,0.5711603277591973,0.2769438762541806,-0.7672429197324415,-0.09164468227424749,0.7232185217391305,0.04324575585284281,-0.6759898862876255,0.1345538829431438,0.5738485117056856,0.3471309197324415,-0.7161909498327759,-0.1930056254180602
99,0.885911254180602,0.11891738795986623,0.4320470635451505,-0.1197756923076923,0.8255653344481606,0.38777984615384614,0.3820716321070234,0.14856805351170568,0.9128667826086957,-0.024479050167224084,0.11605179598662207,-0.3906237759197324,0.5708953311036788,0.27696915050167226,-0.7674573678929766,-0.091424872909699,0.7229696086956522,0.04336370234113712,-0.6762173545150502,0.13471395317725754,0.5736264046822742,0.3473453678929766,-0.7163249799331104,-0.19278505016722408
100,0.8858987591973244,0.11898426755852842,0.4320348160535117,-0.11984615384615385,0.8254564715719064,0.38780860200668893,0.3821209130434783,0.14897103010033444,0.9135777157190635,-0.025862063545150502,0.11266184949832776,-0.3898615484949833,0.5706085551839465,0.27699736789297663,-0.7676847658862876,-0.09121683612040134,0.7227277591973245,0.043491066889632106,-0.6764359933110369,0.13487166889632107,0.5733984113712374,0.34757688628762545,-0.7164537123745819,-0.19256565217391305
101,0.8858859096989967,0.11904494314381271,0.43202664548494984,-0.11991200668896321,0.8253410501672241,0.3878346989966555,0.38218632441471573,0.14937524749163877,0.9142742909698997,-0.02724241806020067,0.10927491638795986,-0.38909790301003344,0.5703134481605351,0.27703178929765887,-0.7679160635451505,-0.09101092642140468,0.7224848461538461,0.0436226856187291,-0.6766555183946489,0.1350283210702341,0.5731633277591973,0.34781815384615383,-0.7165829765886288,-0.19234660869565218
102,0.8858708327759197,0.11910447491638797,0.43202503678929766,-0.11997154849498327,0.8252210133779264,0.3878622608695652,0.3822594013377926,0.1497802474916388,0.9149559063545151,-0.028621648829431454,0.10588618729096987,-0.38833616387959863,0.5700166454849498,0.2770706956521739,-0.7681474816053512,-0.09080373244147157,0.7222400367892976,0.04375619063545151,-0.6768772307692308,0.13518395986622073,0.5729247224080268,0.3480636856187291,-0.7167124214046823,-0.1921304548494983
103,0.8858570468227425,0.11917110702341137,0.43201890969899664,-0.12002592642140468,0.8250938762541806,0.38790208695652173,0.3823382876254181,0.15017621070234113,0.9156168662207358,-0.030012498327759207,0.1025032675585284,-0.38758023411371234,0.5697217792642141,0.2771005652173913,-0.7683795451505017,-0.09059847491638795,0.7220049096989967,0.04389098662207358,-0.6770886153846154,0.1353363712374582,0.5727003177257526,0.34830340802675586,-0.716829602006689,-0.19192979264214047
104,0.8858426086956521,0.1192514347826087,0.4320134347826087,-0.12007052173913044,0.8249641304347826,0.38795952173913045,0.3824067391304348,0.15056239130434784,0.916254347826087,-0.031416391304347834,0.09912034782608695,-0.3868373478260869,0.5694445217391305,0.2771395652173913,-0.768594,-0.09040430434782608,0.7217795652173913,0.044011434782608695,-0.6772921739130435,0.13547965217391306,0.572486347826087,0.3485216086956522,-0.7169454782608696,-0.19174021739130434
105,0.8858301471571907,0.11933916722408028,0.4320051471571906,-0.12010630434782608,0.8248268227424749,0.3880325685618729,0.3824762976588629,0.15094979264214048,0.916872685618729,-0.032827993311036786,0.09574328093645484,-0.38610426086956523,0.5691786956521739,0.2771776488294314,-0.7687991137123746,-0.09021708361204013,0.7215667959866221,0.044128127090301006,-0.6774834983277591,0.13561966889632107,0.5722796321070234,0.3487297859531773,-0.7170577826086957,-0.19155842809364548
106,0.8858196086956521,0.11943033779264214,0.4319944247491639,-0.12013543812709031,0.8246841538461538,0.38812083277591974,0.3825407491638796,0.15134146822742475,0.9174737190635451,-0.034245956521739125,0.09237329096989967,-0.38537669899665555,0.5689183545150501,0.2772167725752508,-0.7689990100334448,-0.09003403678929767,0.7213615986622074,0.04424800668896321,-0.6776670668896321,0.13575737458193982,0.5720761505016723,0.3489362408026756,-0.7171662006688964,-0.19138334782608696
107,0.885809652173913,0.1195191806020067,0.43198370234113714,-0.12016224414715719,0.8245432307692308,0.38822422742474916,0.3825813411371237,0.15173896321070235,0.9180596220735786,-0.03566973913043478,0.08901028428093646,-0.38464680936454854,0.5686533578595317,0.2772657892976588,-0.769198906354515,-0.08985098996655519,0.7211517458193979,0.04438127090301003,-0.6778547090301004,0.13589217056856187,0.5718685953177257,0.34915375250836117,-0.7172711270903009,-0.19121408695652176
108,0.8858018428093646,0.1196058762541806,0.431967254180602,-0.12019119732441472,0.8244166220735786,0.3883261906354515,0.3825890100334448,0.15214433110367895,0.9186262006688963,-0.037103541806020074,0.08566159197324413,-0.3839133411371238,0.5683869297658863,0.2773176688963211,-0.7693980869565218,-0.08966794314381271,0.7209404615384615,0.04452097658862876,-0.6780430668896321,0.1360276822742475,0.5716581772575251,0.3493769899665552,-0.717373906354515,-0.19104912040133779
109,0.8858033344481605,0.11968278929765887,0.43193210367892976,-0.12022993311036789,0.8242934247491639,0.3884136053511706,0.38260641137123746,0.1525459163879599,0.9191808294314382,-0.03855105016722409,0.08234231772575248,-0.38316758193979933,0.5681252173913043,0.27736974916387963,-0.7695938461538462,-0.08948296989966556,0.7207343745819398,0.04467847157190635,-0.6782242508361204,0.13616661538461539,0.5714562274247491,0.3496073712374582,-0.7174659397993312,-0.19088686287625417
110,0.885810474916388,0.11974881939799331,0.43188516053511705,-0.1202790568561873,0.8241756086956522,0.3884811070234114,0.382632652173913,0.1529461806020067,0.9197252441471572,-0.04000796655518395,0.0790460033444816,-0.38240729096989967,0.5678606555183946,0.2774245518394649,-0.7697913277591973,-0.08929413712374583,0.7205247324414716,0.04485535785953177,-0.6784073578595318,0.13630729096989966,0.5712477625418061,0.3498511371237458,-0.7175561739130435,-0.19072602675585285
111,0.8858183076923077,0.11980390969899667,0.43183578260869565,-0.12033829765886288,0.8240663143812709,0.3885242274247491,0.3826626287625418,0.15334890301003345,0.9202610702341136,-0.041468953177257524,0.07576319732441472,-0.3816311939799331,0.5675843311036789,0.27748489632107026,-0.7699965050167225,-0.08909965551839465,0.7203011070234113,0.04505154515050167,-0.6786034113712375,0.1364473545150502,0.5710151337792643,0.35011454849498325,-0.7176555785953177,-0.19056527090301
112,0.885835923076923,0.1198559899665552,0.43176608695652174,-0.12041258862876254,0.82396981270903,0.3885372474916388,0.3826986254180602,0.15374410033444816,0.9207803411371237,-0.04295477257525083,0.0725112441471572,-0.38084079933110365,0.5673170367892977,0.27753621070234114,-0.7701971672240803,-0.08890818394648829,0.7200782341137124,0.04525450501672241,-0.6787987123745819,0.13658215050167224,0.5707937926421405,0.3503749498327759,-0.7177459531772575,-0.19040903010033444
113,0.8858508127090301,0.11992715050167224,0.43169639130434784,-0.12048306354515051,0.8238978428093645,0.3885437257525084,0.38269319063545154,0.1541283946488294,0.9212816220735787,-0.04445858193979932,0.06925929096989969,-0.3800585819397993,0.5670573745819398,0.27757062541806016,-0.7703972842809365,-0.08872270903010034,0.7198738963210702,0.04542857190635451,-0.6789782040133779,0.1367109498327759,0.5705860802675585,0.35060809364548495,-0.717838508361204,-0.19025496989966556
114,0.8858624214046823,0.12001723411371237,0.4316298060200669,-0.12054608361204014,0.8238389163879598,0.3885587525083612,0.3826535618729097,0.15450329765886286,0.9217644214046823,-0.04597714046822741,0.06600547157190638,-0.3792862073578595,0.5668132441471572,0.27759570903010033,-0.7705878494983277,-0.08854837123745819,0.7196863946488294,0.045575076923076926,-0.6791419632107024,0.13683545484949833,0.5703932173913043,0.3508140267558528,-0.7179313244147157,-0.19010303678929766
115,0.8858703846153847,0.12012546153846154,0.4315683076923077,-0.1205996923076923,0.823783,0.3885929230769231,0.3825890769230769,0.154871,0.9222286153846154,-0.047508153846153825,0.06274900000000003,-0.37852415384615384,0.5665863076923077,0.2776163846153846,-0.7707655384615384,-0.08838884615384615,0.7195143076923077,0.04569607692307692,-0.6792906923076923,0.13695676923076924,0.5702154615384615,0.35099376923076925,-0.7180233076923077,-0.1899533846153846
116,0.8858742140468228,0.12024953511705687,0.4315116321070234,-0.12064641137123745,0.8237133043478261,0.3886518963210702,0.3825301036789298,0.15523939130434783,0.9226728294314381,-0.049052946488294336,0.0594932173913043,-0.37776898996655517,0.566350414715719,0.2776301705685619,-0.7709501170568562,-0.08824792307692308,0.7193580668896321,0.04579640802675585,-0.6794270200668897,0.13707394983277593,0.5700507959866221,0.3511507759197325,-0.7181159799331104,-0.18980786622073578
117,0.8858823043478261,0.12037239130434783,0.43144582608695653,-0.12069982608695652,0.8236210869565218,0.38870904347826085,0.3825173913043478,0.1556187391304348,0.923103652173913,-0.05061052173913046,0.05625813043478256,-0.37700226086956523,0.5661011304347826,0.27763969565217395,-0.7711444347826086,-0.08811917391304347,0.7192158260869566,0.045899173913043476,-0.6795475217391305,0.13718747826086958,0.5698849130434782,0.35130291304347827,-0.7182098695652174,-0.1896708695652174
118,0.8858937424749164,0.1204919364548495,0.43137204347826086,-0.12076208695652174,0.8235163110367894,0.38875260869565215,0.38253910033444816,0.15601103010033446,0.9235250234113712,-0.05217888963210704,0.05304187290969896,-0.3762220568561873,0.5658513846153846,0.2776473712374582,-0.771340143812709,-0.08798532775919732,0.7190693344481606,0.0460063143812709,-0.6796729264214046,0.1372970668896321,0.5697145953177257,0.3514541672240803,-0.7183070702341137,-0.1895353244147157
119,0.8859076688963211,0.12060835117056856,0.4312912675585284,-0.12083473244147157,0.8234037892976588,0.3887755953177257,0.38259187290969904,0.15641627424749166,0.923937745819398,-0.053758454849498344,0.049843494983277566,-0.3754268227424749,0.5656065953177257,0.27765117391304345,-0.7715346789297659,-0.08784132775919733,0.7189127993311036,0.04611736789297659,-0.6798096889632107,0.13740282274247492,0.5695398327759197,0.35160356521739133,-0.718408806020067,-0.189397872909699
120,0.885922220735786,0.12072476588628762,0.4312054882943144,-0.12092051170568562,0.8232881404682274,0.38876793645484947,0.3826784180602007,0.15683215050167224,0.9243398361204014,-0.055353030100334454,0.04666200334448159,-0.37461345150501674,0.5653699364548495,0.2776412173913043,-0.7717292140468228,-0.08769044816053512,0.7187481337792643,0.04622842140468227,-0.6799552073578595,0.13750545150501672,0.5693644448160535,0.35174295652173915,-0.7185167959866221,-0.18925541806020066
121,0.8859361003344481,0.1208465585284281,0.4311102976588629,-0.12103519732441471,0.8231698026755853,0.3887454882943144,0.3827790802675585,0.15726079933110368,0.9247352040133779,-0.0569744949832776,0.04349597324414715,-0.3737711739130435,0.5651541170568561,0.2776178160535117,-0.7719150100334448,-0.08752007357859531,0.7185834682274247,0.04632266889632107,-0.6801007257525084,0.1376148026755853,0.5692031739130434,0.3518662140468228,-0.7186268026755853,-0.18909414046822742
122,0.8859503244147158,0.12097391973244148,0.43100897658862874,-0.12116267224080267,0.8230541571906355,0.38871878929765885,0.3828760133779264,0.15769429431438126,0.9251217491638796,-0.058611973244147166,0.04034305016722406,-0.37291304013377924,0.5649438294314382,0.2775763311036789,-0.7721039698996656,-0.08734084949832775,0.7184135451505016,0.046409317725752505,-0.6802519397993311,0.13772596655518396,0.5690438695652174,0.35197889966555185,-0.7187423478260869,-0.18892498327759197
123,0.885963856187291,0.12110141806020067,0.430907110367893,-0.1212964983277592,0.8229401939799331,0.3886888193979933,0.3829695016722408,0.15813538795986623,0.9254995384615385,-0.06025597658862878,0.037201177257525045,-0.37204095652173913,0.5647324481605351,0.2775263913043478,-0.7722970234113712,-0.08715764882943144,0.7182352006688963,0.04649448160535117,-0.6804110869565217,0.13784166220735788,0.5688800769230768,0.35209066220735785,-0.7188634581939799,-0.18874924080267558
124,0.8859745785953177,0.12121936454849498,0.4308136722408027,-0.12142976254180603,0.8228245451505016,0.3886543545150502,0.383065237458194,0.15859109030100335,0.9258694615384616,-0.061892675585284294,0.034067170568561844,-0.37115482608695655,0.5645126387959867,0.2774865652173913,-0.7724923244147157,-0.08697613377926422,0.7180444949832776,0.04658638795986622,-0.680580347826087,0.13796803344481606,0.5687039230769231,0.35221703344481603,-0.7189890635451506,-0.1885661939799331
125,0.885983829431438,0.12131670903010033,0.4307320066889632,-0.12155934782608696,0.8226978595317725,0.3886213612040134,0.3831823110367893,0.1590453210702341,0.9262298193979933,-0.0635102441471572,0.030947879598662187,-0.3702503010033445,0.5642876789297658,0.27745998327759197,-0.7726905685618729,-0.08676150836120401,0.7178383377926422,0.04669521739130435,-0.6807621170568562,0.1381091204013378,0.5685204113712374,0.3523743076923077,-0.7191131973244147,-0.18835297993311037
126,0.8859880033444816,0.1214061872909699,0.43066286287625416,-0.12168476923076924,0.8225667090301003,0.38859896321070236,0.383299254180602,0.15949497658862877,0.9265817591973244,-0.06511599331103679,0.027832200668896308,-0.36933498996655517,0.5640554849498328,0.27743845819397994,-0.7728919431438127,-0.08654803678929766,0.7176285384615385,0.04680072575250836,-0.6809464046822743,0.13825582608695652,0.5683345919732441,0.35253786287625416,-0.7192382742474916,-0.1881295016722408
127,0.8859887324414716,0.12149303678929767,0.43060246822742476,-0.12180566889632106,0.8224315719063545,0.38858692976588627,0.38341620401337795,0.15993904347826088,0.9269243879598662,-0.06671539464882943,0.024721050167224076,-0.36841145150501675,0.563822,0.277418508361204,-0.773092762541806,-0.08633909698996656,0.7174227725752508,0.04689796655518395,-0.6811255953177258,0.1384073143812709,0.5681522642140467,0.35270138461538464,-0.7193617391304348,-0.18790046488294315
128,0.8859875986622073,0.12158211371237458,0.43054729431438127,-0.12192171571906354,0.8222930802675585,0.38858490301003346,0.3835328795986622,0.1603769297658863,0.9272568461538462,-0.0683134983277592,0.021615280936454852,-0.36748216387959864,0.5635929331103678,0.2773972642140468,-0.7732896287625418,-0.08613570234113713,0.7172269698996655,0.0469838127090301,-0.6812937926421404,0.13856315719063547,0.5679780401337793,0.35286002341137124,-0.7194815183946488,-0.18766969899665553
129,0.8859784080267559,0.12167631772575252,0.43050823411371236,-0.12202970568561873,0.8221575183946488,0.3886055819397993,0.3836217224080268,0.1608104214046823,0.9275739230769231,-0.06990501003344482,0.018507314381270876,-0.366547016722408,0.5633624013377926,0.27738041471571906,-0.7734872274247492,-0.08592278595317726,0.7170201806020067,0.0470711237458194,-0.6814722441471571,0.1387270568561873,0.5677957591973244,0.3530208595317726,-0.719607889632107,-0.1874338060200669
130,0.8859680869565217,0.1217665652173913,0.4304736956521739,-0.12213713043478261,0.8220151739130435,0.38862965217391304,0.3837241304347826,0.1612348695652174,0.9278825217391304,-0.07149200000000001,0.0154083913043478,-0.36559886956521737,0.5631267826086956,0.2773748695652174,-0.7736859565217391,-0.08569743478260869,0.7168032173913044,0.04716973913043478,-0.6816591739130434,0.13889434782608695,0.5676066956521739,0.35319526086956526,-0.7197336956521739,-0.18719452173913043
131,0.8859560401337793,0.12185408361204013,0.43044241806020067,-0.12224667224080267,0.8218704214046822,0.38864830434782605,0.3838386387959866,0.16165378929765886,0.9281838060200669,-0.0730770535117057,0.012317645484949815,-0.3646371672240803,0.5628867090301004,0.27737499331103677,-0.7738867424749164,-0.08546435785953177,0.716578668896321,0.04727700334448161,-0.6818530869565218,0.13906383612040135,0.5674122441471572,0.3533791137123746,-0.7198599632107023,-0.18695171571906355
132,0.885942254180602,0.12194034782608695,0.4304131204013378,-0.12236042140468227,0.8217264448160535,0.3886579698996655,0.38396222742474917,0.16206772575250836,0.9284780802675585,-0.07466254515050168,0.009235070234113706,-0.3636610100334448,0.5626434481605351,0.27737680602006687,-0.7740895083612039,-0.08522703010033444,0.7163488060200669,0.047390063545150504,-0.6820524113712375,0.13923414381270904,0.5672139765886288,0.35356798662207356,-0.7199871973244147,-0.18670673913043476
133,0.8859284682274248,0.12202995652173913,0.4303824849498328,-0.12248219732441472,0.8215878193979933,0.3886656287625418,0.38408247157190634,0.16246828428093646,0.9287629899665552,-0.07625405685618729,0.006163866220735788,-0.36266612374581936,0.5624021939799332,0.27737527424749164,-0.7742909364548495,-0.08499037123745819,0.7161182742474916,0.04750111705685619,-0.6822530735785953,0.13940110702341138,0.5670163779264213,0.3537495016722408,-0.7201151003344481,-0.18646778260869565
134,0.8859140535117057,0.12213214046822743,0.4303487056856187,-0.12260523076923077,0.8214674280936455,0.3886682575250836,0.38416876254180604,0.16286632775919732,0.9290353244147158,-0.07785751505016722,0.003100207357859542,-0.36166243478260873,0.5621672274247492,0.2773611672240803,-0.7744917357859532,-0.08476,0.7158946588628762,0.04759833779264214,-0.6824474481605352,0.13956241137123745,0.5668275819397993,0.35391341137123744,-0.7202442608695652,-0.18623259866220737
135,0.885897923076923,0.12224417056856188,0.4303154247491639,-0.12272577591973244,0.8213541705685619,0.38866702675585285,0.384244491638796,0.16326184949832775,0.9292962341137124,-0.07946594648829432,4.095652173912996e-05,-0.3606536688963211,0.5619324481605351,0.2773415551839465,-0.7746935819397993,-0.08453534113712374,0.7156721571906355,0.04768504347826087,-0.6826420301003344,0.13972208695652172,0.5666434682274247,0.3540679565217391,-0.720372906354515,-0.1860021839464883
136,0.8858793444816053,0.12236416722408026,0.4302866287625418,-0.12283810367892976,0.8212405117056856,0.3886707424749164,0.3843156454849498,0.16365728093645485,0.9295448026755853,-0.0810735551839465,-0.003015695652173935,-0.3596436989966555,0.5616914180602006,0.277318381270903,-0.7749000735785954,-0.08432038461538462,0.7154561872909699,0.047761003344481606,-0.6828311939799331,0.13987914381270902,0.5664609899665551,0.35421634113712375,-0.7205017725752508,-0.1857764448160535
137,0.8858571337792641,0.1224890066889632,0.43027054515050167,-0.1229292441471572,0.8211141404682274,0.3887029096989967,0.38438074581939796,0.1640593712374582,0.9297776321070234,-0.08266966220735786,-0.006072347826086969,-0.3586403879598662,0.561431016722408,0.27729157525083614,-0.7751198829431438,-0.08412661538461538,0.7152662474916388,0.04782304013377927,-0.6829943277591973,0.14002772575250835,0.5662748795986622,0.35436109364548496,-0.72063427090301,-0.18555433779264213
138,0.8858328461538462,0.12260692307692307,0.43026415384615385,-0.12301207692307693,0.8209704615384615,0.38876,0.3844562307692308,0.16446561538461538,0.930000076923077,-0.08425053846153846,-0.009123461538461542,-0.3576253076923077,0.5611664615384615,0.27727376923076924,-0.7753383076923076,-0.083937,0.7150728461538461,0.04788230769230769,-0.6831616153846154,0.14018115384615384,0.5660887692307692,0.35451692307692306,-0.7207619230769231,-0.18532876923076924
139,0.8858078795986623,0.12271860535117057,0.43026154180602005,-0.12308852842809365,0.8208199030100334,0.3888243210702341,0.3845378595317726,0.16487321739130434,0.9302140869565217,-0.08582109030100335,-0.012166655518394645,-0.35660302006688965,0.5609010066889633,0.27726333444816054,-0.7755542943143813,-0.0837473678929766,0.7148749531772576,0.04794403010033445,-0.6833330100334448,0.14033509698996657,0.5658999096989966,0.35468080267558527,-0.7208876856187291,-0.18510329096989966
140,0.8857832775919732,0.12282547491638796,0.430261,-0.12315904682274248,0.8206655117056856,0.3888899264214047,0.38462645819397995,0.16528053846153845,0.9304191404682275,-0.08738333110367892,-0.015200668896321056,-0.3555738193979933,0.5606347959866221,0.2772601204013378,-0.7757678461538462,-0.08355922073578596,0.7146754113712375,0.04801051170568562,-0.6835057458193979,0.14048836789297658,0.5657094280936454,0.35485221070234113,-0.7210098361204013,-0.18488103344481605
141,0.8857603010033445,0.12292963545150501,0.430261,-0.12322414715719064,0.8205100367892977,0.38895119732441474,0.38472372575250835,0.1656856923076923,0.9306144414715719,-0.08893961204013379,-0.018224387959866247,-0.3545375752508361,0.5603675016722408,0.2772639498327759,-0.7759792307692307,-0.08337540802675586,0.7144785785953177,0.048084036789297666,-0.6836757725752508,0.14064001337792642,0.5655194882943144,0.35503066220735785,-0.7211254849498328,-0.1846658193979933
142,0.8857373244147158,0.1230360635451505,0.430261,-0.12328546822742475,0.8203689230769231,0.38900566555183946,0.38479605016722407,0.1660863110367893,0.9307976488294315,-0.0904936254180602,-0.021238280936454867,-0.353489237458194,0.5600949163879598,0.27726853511705685,-0.7761943946488294,-0.08319159531772576,0.7142719197324415,0.04816058528428094,-0.6838556254180602,0.14078334448160534,0.565322745819398,0.35520835785953175,-0.7212456688963211,-0.18445816387959865
143,0.8857148695652174,0.12314356521739131,0.43026047826086955,-0.12334047826086957,0.8202321739130435,0.38906317391304346,0.3848607391304348,0.16647539130434783,0.9309702608695652,-0.09204447826086959,-0.024244217391304383,-0.3524370869565217,0.5598274782608695,0.27727313043478263,-0.7764059565217392,-0.0830025652173913,0.7140614782608696,0.04823508695652174,-0.6840403043478261,0.1409265652173913,0.5651253913043478,0.35538708695652177,-0.7213653913043478,-0.18425060869565218
144,0.8856929464882943,0.12324522742474917,0.4302628762541806,-0.12338651839464883,0.8200962274247492,0.3891195585284281,0.38492747491638796,0.16685794983277594,0.9311339632107023,-0.09358379933110371,-0.027242177257525133,-0.3513800635451505,0.5595596053511706,0.2772849163879599,-0.7766152341137124,-0.08280965551839464,0.713843287625418,0.04831522742474916,-0.6842323578595317,0.14107294983277593,0.5649231906354515,0.35557378260869565,-0.7214842943143812,-0.18404420401337793
145,0.8856715551839466,0.12333588628762542,0.43027085618729094,-0.1234214983277592,0.8199576722408027,0.38917313712374585,0.38500372575250835,0.16723763210702342,0.9312899531772575,-0.09510531103678932,-0.030232160535117097,-0.3503175117056856,0.5592874849498327,0.27731053177257525,-0.7768226454849498,-0.08261339130434782,0.7136151070234114,0.04840695652173913,-0.6844328595317726,0.1412248628762542,0.5647132307692307,0.3557738762541806,-0.7216019197324415,-0.18383965886287623
146,0.8856508762541806,0.12342013377926421,0.43028311036789296,-0.12344294314381271,0.819809856187291,0.3892466622073579,0.3850856755852843,0.16760449163879598,0.9314324080267559,-0.09661257525083614,-0.03321145819397996,-0.349251397993311,0.5590224882943143,0.2773610802675585,-0.7770179464882943,-0.08240430434782609,0.7133876387959867,0.048506521739130434,-0.6846312240802676,0.14138033779264214,0.5645018461538461,0.35598679264214045,-0.72171527090301,-0.18363440133779263
147,0.885627856187291,0.1235073076923077,0.43030180267558527,-0.12345502341137124,0.8196573578595318,0.38932662541806023,0.38516352842809365,0.1679830568561873,0.9315631571906354,-0.09811398662207359,-0.0361901705685619,-0.34818411371237457,0.5587528093645485,0.2774145551839465,-0.7772138327759197,-0.08220282608695652,0.7131625117056857,0.048609598662207355,-0.6848272474916388,0.14153054515050165,0.5642898762541806,0.3561991237458194,-0.7218268662207358,-0.1834332408026756
148,0.885606220735786,0.12360030100334449,0.4303175652173913,-0.12346105351170569,0.8194977959866221,0.3894166521739131,0.3852457357859532,0.16836242474916388,0.9316829197324414,-0.0996167525083612,-0.03916132775919734,-0.3471143612040134,0.5584830903010034,0.27746682608695655,-0.7774091973244147,-0.08200966555183946,0.7129440769230769,0.048711652173913045,-0.685017983277592,0.14167280602006688,0.5640815886287626,0.35640670903010035,-0.7219354615384616,-0.18324212374581939
149,0.8855876588628763,0.12369898327759198,0.4303265852842809,-0.12346346822742475,0.8193300769230769,0.38951551505016724,0.38533809030100336,0.16873929431438128,0.9317922173913044,-0.10112336789297659,-0.042121551839464894,-0.3460402474916388,0.5582138595317725,0.27751672575250835,-0.7776043177257524,-0.08182507692307692,0.7127336287625418,0.048812973244147156,-0.6852021571906355,0.1418071337792642,0.5638773946488295,0.3566096053511706,-0.7220408026755853,-0.18306266220735787
150,0.8855723411371237,0.12379701672240803,0.4303304147157191,-0.12346653177257524,0.8191539230769231,0.38961048494983275,0.3854499096989967,0.16912070568561874,0.9318917826086957,-0.10263063210702343,-0.04506944816053515,-0.3449557525083612,0.5579381404682273,0.27756727424749167,-0.7778026822742475,-0.08164892307692308,0.7125283712374583,0.04892402675585284,-0.6853798428093646,0.1419388662207358,0.5636706053511705,0.3568163946488294,-0.7221441973244147,-0.18289033779264213
151,0.8855609163879599,0.12389829431438128,0.430320618729097,-0.12347997658862876,0.8189764715719065,0.38969247826086956,0.38557989632107026,0.1694936822742475,0.9319835618729098,-0.10414827759197326,-0.047999826086956555,-0.3438524414715719,0.5576669632107023,0.2776074414715719,-0.7780010468227425,-0.08147666220735786,0.7123321973244147,0.04903767558528428,-0.6855490936454849,0.14206735451505018,0.563467060200669,0.3570173444816054,-0.7222456454849498,-0.18272385284280937
152,0.8855526822742475,0.12400057190635451,0.43030048494983275,-0.12350400334448161,0.818809983277592,0.3897642508361204,0.38569864548494986,0.16986264882943145,0.9320697892976588,-0.10567360200668897,-0.050917090301003366,-0.34273122073578594,0.5573953612040133,0.2776432474916388,-0.7782010702341138,-0.08130634782608695,0.7121368327759198,0.04915552508361204,-0.6857180668896321,0.14219111036789298,0.5632657591973245,0.35721889966555187,-0.722344254180602,-0.18255883612040136
153,0.8855467357859532,0.12410211705685618,0.4302733177257525,-0.12353757190635452,0.8186567692307692,0.38982519732441473,0.3857998662207358,0.17023185618729098,0.9321506989966555,-0.10720330100334449,-0.05382339799331105,-0.341592652173913,0.5571158428093645,0.2776715284280937,-0.7784082775919733,-0.08114539464882943,0.7119423913043479,0.0492660602006689,-0.685888093645485,0.14230683946488293,0.5630660434782608,0.35742095652173916,-0.7224414782608696,-0.18239344816053513
154,0.8855413745819398,0.12420015050167224,0.43024497993311034,-0.12357816387959866,0.8185158461538461,0.3898726822742475,0.3858841137123746,0.17060867224080267,0.9322257558528428,-0.1087312441471572,-0.05672151170568563,-0.3404376956521739,0.5568140836120401,0.2776822508361204,-0.7786342140468226,-0.08101136454849499,0.7117532173913044,0.04934264882943144,-0.6860581204013377,0.1424079364548495,0.5628669130434784,0.35762008695652175,-0.7225410434782609,-0.18222571906354515
155,0.8855353010033445,0.12429034782608696,0.43021735451505017,-0.12362516722408026,0.8183806220735785,0.38991874247491637,0.3859583879598662,0.1709840635451505,0.9322929765886288,-0.1102520635451505,-0.0596125016722408,-0.3392627926421405,0.556520160535117,0.2776894113712375,-0.7788565886287625,-0.08086736120401337,0.7115440969899666,0.04939572909698997,-0.6862509431438127,0.14250547157190635,0.5626606588628763,0.3578199297658863,-0.7226470200668896,-0.1820494414715719
156,0.8855282173913044,0.12437469565217392,0.43019313043478263,-0.12367552173913043,0.818242,0.38995991304347827,0.3860419565217391,0.17136460869565218,0.9323553043478261,-0.11176565217391304,-0.06250008695652173,-0.3380734782608696,0.5562421304347825,0.2777044347826087,-0.7790672173913044,-0.080703,0.7113234347826087,0.04944991304347826,-0.6864531304347826,0.1426137391304348,0.5624543478260869,0.35801982608695654,-0.722756347826087,-0.1818591304347826
157,0.885520558528428,0.12445636789297658,0.4301704314381271,-0.1237293110367893,0.8181001003344481,0.389997474916388,0.38613425083612035,0.1717483177257525,0.9324113812709031,-0.11327570234113711,-0.06538374916387958,-0.3368715150501672,0.555980872909699,0.27772361538461543,-0.7792658160535116,-0.0805229397993311,0.7110979531772575,0.049506555183946484,-0.6866574782608695,0.1427337491638796,0.5622517424749164,0.3582153277591973,-0.7228676454849499,-0.1816585685618729
158,0.8855128595317726,0.12453927424749163,0.4301466789297659,-0.12378677257525082,0.8179561237458194,0.3900334615384616,0.386232254180602,0.17213203678929767,0.9324594314381272,-0.11478691638795985,-0.06826271571906352,-0.3356590066889632,0.5557360401337792,0.2777411705685619,-0.7794532976588628,-0.08033448160535117,0.7108751906354516,0.04956454180602007,-0.6868565183946488,0.14286471571906353,0.5620566120401338,0.3584011070234114,-0.7229794849498328,-0.1814533110367893
159,0.8855021371237458,0.12463654180602006,0.4301221705685619,-0.12384574581939799,0.8178129030100335,0.3900686923076923,0.38632798996655515,0.1725165117056856,0.932492364548495,-0.1163072006688963,-0.07114168227424746,-0.33443818394648833,0.5555101036789298,0.27775419063545154,-0.7796286856187291,-0.0801422441471572,0.7106607424749164,0.04960589966555184,-0.6870487558528428,0.14299568227424747,0.5618743311036789,0.35856194314381273,-0.7230928361204014,-0.18124805351170567
160,0.8854897892976589,0.1247451872909699,0.4300971204013378,-0.12391067892976589,0.8176691404682274,0.39011096655518396,0.3864161404682274,0.17290477926421405,0.9325160869565218,-0.11783669565217392,-0.07402173244147159,-0.3332076086956522,0.5552917525083612,0.27776558528428097,-0.779800822742475,-0.07994567224080268,0.7104576722408027,0.04964400668896321,-0.6872279899665552,0.14313044147157192,0.5616963846153846,0.3587162775919732,-0.72320672909699,-0.18103900334448159
161,0.8854767692307692,0.12485299999999999,0.43007123076923076,-0.12398515384615386,0.8175251538461538,0.39015307692307694,0.38650361538461536,0.17329523076923076,0.9325341538461539,-0.1193672307692308,-0.07689792307692313,-0.33196007692307694,0.5550408461538461,0.2777643076923077,-0.7799983846153846,-0.07977038461538462,0.710258076923077,0.04965923076923077,-0.6874064615384616,0.14325784615384615,0.5615116153846154,0.3588753076923077,-0.7233242307692308,-0.18082715384615383
162,0.8854642642140468,0.12494998996655518,0.4300436153846154,-0.12407222742474917,0.8173821973244147,0.39018751505016724,0.38659563879598663,0.17368659866220737,0.9325495451505017,-0.12089231772575253,-0.07976563879598665,-0.3306895484949833,0.5547308294314381,0.2777424381270903,-0.7802402976588629,-0.07963608361204014,0.7100551036789298,0.049629946488294316,-0.6875943076923077,0.1433718160535117,0.5613119565217392,0.3590478361204013,-0.7234475083612041,-0.18061185284280934
163,0.8854566053511705,0.12502274916387962,0.43000838461538465,-0.1241786856187291,0.8172489331103678,0.3901928762541806,0.38669596989966554,0.17407796655518396,0.9325656287625418,-0.12240494314381271,-0.08261396989966557,-0.3293837123745819,0.5543647357859531,0.27769495317725756,-0.7805244414715719,-0.07956409030100334,0.7098375919732441,0.04948366220735786,-0.6878056923076923,0.14348440133779264,0.5610929130434782,0.35924390301003345,-0.7235777090301004,-0.1803813210702341
164,0.8854483411371238,0.12507916387959866,0.4299761806020067,-0.1242954347826087,0.8171289866220736,0.39017462876254183,0.3867920635451505,0.17446751839464883,0.9325786856187291,-0.1239042508361204,-0.08545564214046825,-0.3280542675585284,0.5537970602006689,0.27747796989966556,-0.780981110367893,-0.07978871906354515,0.7095159598662207,0.04887973244147157,-0.6880721638795986,0.1440031772575251,0.5608950568561872,0.3594950568561873,-0.7236806688963211,-0.18007996321070233
165,0.8854376889632107,0.12512901672240803,0.4299477491638796,-0.1244186254180602,0.817021110367893,0.3901415819397993,0.3868710702341137,0.17486921070234113,0.932586856187291,-0.12539594314381272,-0.08829591973244148,-0.32670928093645485,0.5532672508361204,0.2772498193979933,-0.7814163377926422,-0.0799943745819398,0.709135160535117,0.04822534448160535,-0.6884015050167224,0.14452461204013378,0.560692795986622,0.35974596989966556,-0.7237901404682274,-0.179767618729097
166,0.8854238461538462,0.12517883277591974,0.42992535451505015,-0.12454096321070234,0.8169209397993311,0.3901065886287625,0.386930364548495,0.17528171571906354,0.9325865719063545,-0.12688178595317726,-0.09113851170568563,-0.32535744481605355,0.5528537224080267,0.27707664214046823,-0.7817624448160535,-0.08007086956521739,0.7087385050167224,0.047675541806020065,-0.6887633645484951,0.14492695652173912,0.560486872909699,0.3599762976588629,-0.7239102374581939,-0.17946657859531773
167,0.8854062307692308,0.12523933779264212,0.42991616387959863,-0.12464129431438127,0.8168144816053512,0.3901042909698997,0.38697708361204014,0.17568227424749164,0.9325674247491639,-0.12836071237458194,-0.09398990635451504,-0.3240194414715719,0.5525282207357859,0.2769908628762542,-0.7820274414715719,-0.08003104347826087,0.7084229598662207,0.04725966555183946,-0.6890390836120401,0.14529534782608694,0.560313016722408,0.360184618729097,-0.7240121003344482,-0.1791793712374582
168,0.8853779130434782,0.12531455852842807,0.42993172240802674,-0.12471219397993312,0.816677254180602,0.39016353177257523,0.3870164448160535,0.17610022408026754,0.9325255351170568,-0.1298262608695652,-0.09686270568561871,-0.32270284280936457,0.5522562307692308,0.27692916387959865,-0.7822523043478261,-0.07992432775919732,0.7081348394648829,0.046964859531772575,-0.68929272909699,0.14559350501672239,0.5601344782608696,0.3603708662207358,-0.7241266722408026,-0.17890152842809365
169,0.8853449999999999,0.1253971304347826,0.42995782608695654,-0.12477056521739131,0.8165251304347826,0.39024995652173916,0.3870616956521739,0.17651460869565216,0.9324699130434783,-0.13128726086956521,-0.0997429565217391,-0.3213923913043478,0.5520241739130435,0.27689834782608697,-0.7824426521739131,-0.07976965217391305,0.7078589565217391,0.04671673913043478,-0.689536652173913,0.14586060869565218,0.5599591739130435,0.3605417391304348,-0.7242448260869565,-0.17862808695652174
170,0.8853101705685619,0.12548347491638795,0.4299890267558528,-0.12482083946488294,0.8163616488294314,0.3903522943143813,0.3871172608695652,0.17692355518394648,0.9324025317725753,-0.13274466889632106,-0.10262451170568558,-0.320083254180602,0.5518168193979933,0.27689160200668894,-0.7826103444816054,-0.07958022073578595,0.7075905685618729,0.046511070234113716,-0.6897744046822742,0.1461051973244147,0.5597872508361204,0.36070334113712377,-0.7243635016722408,-0.1783593712374582
171,0.8852764715719064,0.125569254180602,0.4300196622073578,-0.12486602675585284,0.8161885585284281,0.3904602842809365,0.3871869565217391,0.1773302408026756,0.9323244113712374,-0.13419755518394647,-0.10550041471571903,-0.3187712909698997,0.5516100301003345,0.27689389966555183,-0.7827757759197325,-0.07937496321070235,0.7073255719063545,0.046362488294314386,-0.6900087658862877,0.1463311337792642,0.55961645819398,0.36086494314381273,-0.7244799163879599,-0.1780974381270903
172,0.8852420401337793,0.12565283612040132,0.4300524949832776,-0.12491267892976589,0.8160249899665553,0.3905609498327759,0.3872420033444816,0.17773839130434782,0.9322345719063545,-0.13564531438127087,-0.10837192307692303,-0.3174476086956522,0.5514054381270903,0.27690645150501675,-0.7829382775919732,-0.07915066220735786,0.7070510535117057,0.04625052842809365,-0.6902533812709031,0.146534364548495,0.5594295518394649,0.3610360668896321,-0.7246036555183947,-0.17783404013377926
173,0.8852035886287625,0.12573432441471571,0.43009489632107023,-0.12495939799331103,0.8158738160535117,0.3906572943143813,0.3872714648829432,0.1781570735785953,0.9321367224080267,-0.13708536454849496,-0.11124921070234108,-0.3161164147157191,0.5511869933110367,0.27692644816053513,-0.7831091170568562,-0.07891153846153846,0.7067676287625418,0.04616964214046823,-0.6905069364548495,0.14673257190635453,0.5592284548494983,0.3612190869565217,-0.7247337090301004,-0.17756359866220736
174,0.8851640535117057,0.12581421404682275,0.43013947491638793,-0.1250074381270903,0.815731441471572,0.39074753511705684,0.3872851705685619,0.17858163879598662,0.9320308963210702,-0.13852166555183945,-0.11412468896321065,-0.314776983277592,0.55096,0.27695388963210704,-0.7832842408026757,-0.07866254515050168,0.706482033444816,0.04611907357859532,-0.6907616053511705,0.14692705351170568,0.5590193411371238,0.3614116956521739,-0.7248653879598662,-0.17729152508361204
175,0.8851266454849499,0.12589322073578596,0.4301782642140468,-0.12505792642140467,0.8155934916387959,0.39083004013377926,0.38729484280936455,0.17900679598662209,0.931917033444816,-0.13995852842809364,-0.11699024414715721,-0.3134287224080267,0.55073072909699,0.2769885652173913,-0.7834589531772576,-0.07840903678929766,0.7062013143812709,0.0460978127090301,-0.6910093913043478,0.14711789297658862,0.5588086622073579,0.3616109163879599,-0.724993906354515,-0.1770239464882943
176,0.8850921806020067,0.12597517056856186,0.4302104314381271,-0.1251069431438127,0.8154533344481606,0.3909073946488294,0.3873162876254181,0.17943416053511707,0.9317906622073578,-0.14139686287625416,-0.11984623411371238,-0.31207310367892976,0.5504948361204014,0.2770283913043478,-0.783635872909699,-0.07815552842809365,0.7059294247491639,0.046118491638795986,-0.691248347826087,0.14729328093645486,0.5585965117056857,0.3618123444816054,-0.7251187458193981,-0.17676814046822742
177,0.8850599632107023,0.1260571204013378,0.4302397892976589,-0.12515483612040135,0.8153041872909699,0.3909819397993311,0.38735852173913043,0.17985815384615386,0.9316547391304347,-0.14283463545150502,-0.12269435785953178,-0.31071242809364547,0.550252762541806,0.2770766454849498,-0.7838139163879598,-0.07790595317725753,0.7056648394648829,0.04615602675585284,-0.6914794381270903,0.14746529765886288,0.5583849230769231,0.36201714381270905,-0.7252396521739131,-0.17652076254180601
178,0.8850295451505017,0.12613939799331103,0.4302651772575251,-0.12520264882943144,0.8151488260869565,0.3910554648829431,0.3874184648829431,0.180271745819398,0.9315097759197325,-0.14427187625418061,-0.12553503678929764,-0.30934565551839466,0.5500094280936455,0.2771269765886288,-0.7839913846153845,-0.07765944481605351,0.7054061839464884,0.046205909698996656,-0.691704066889632,0.14763412374581938,0.5581758327759198,0.36222283946488293,-0.7253568361204014,-0.17627808361204014
179,0.8850009096989967,0.12622145819397992,0.430285779264214,-0.12525118060200668,0.8149893344481606,0.3911288026755853,0.3874931137123746,0.18067204013377927,0.9313562408026755,-0.14570830434782608,-0.12836780267558526,-0.3079715953177258,0.5497663779264214,0.27717664882943144,-0.7841681003344482,-0.07741559531772575,0.7051519096989967,0.04626711371237458,-0.6919238762541806,0.1477995719063545,0.5579683110367893,0.3624305317725752,-0.7254706722408026,-0.176039
180,0.8849756354515049,0.1262988127090301,0.43030033110367893,-0.12530172909698997,0.8148284983277593,0.3912007959866221,0.38757582943143815,0.1810649397993311,0.9311946387959866,-0.1471420434782609,-0.13118779598662214,-0.3065861070234113,0.549515933110368,0.27723102675585287,-0.7843488494983278,-0.07717510702341136,0.704897635451505,0.04634982943143813,-0.6921436856187291,0.14795964214046825,0.5577500334448161,0.36265570234113714,-0.725582491638796,-0.17581
181,0.8849541137123745,0.12636991304347825,0.43030737792642143,-0.12535540468227424,0.8146720401337793,0.39126090635451505,0.38766292307692307,0.18145221070234113,0.9310255317725753,-0.1485726555183947,-0.1339946555183947,-0.30518936120401335,0.5492592341137124,0.27728665551839465,-0.7845321003344482,-0.07693399331103679,0.7046396086956521,0.04645068227424749,-0.6923653712374582,0.14811783612040133,0.5575280033444816,0.3628896287625418,-0.7256911839464882,-0.1755822508361204
182,0.8849353913043478,0.12643491304347826,0.43031078260869565,-0.1254101739130435,0.814517347826087,0.3913066086956522,0.3877611739130435,0.18183782608695653,0.9308500434782608,-0.1499974782608696,-0.13679230434782613,-0.30378382608695653,0.5489972173913044,0.27734726086956524,-0.7847170869565218,-0.07669508695652173,0.7043791739130434,0.046565782608695656,-0.6925890434782609,0.14827247826086956,0.5573004347826087,0.36313334782608697,-0.7257979999999999,-0.17535830434782607
183,0.8849191705685618,0.1264982474916388,0.43031042809364545,-0.1254631170568562,0.8143610468227425,0.3913424882943144,0.38787309364548495,0.1822218093645485,0.9306664448160534,-0.15141931772575254,-0.139581602006689,-0.3023732408026756,0.5487316120401338,0.27741126086956525,-0.7849031973244147,-0.07646094314381272,0.7041235284280937,0.0466909364548495,-0.6928088695652175,0.1484195652173913,0.5570710434782609,0.36338172909698996,-0.7259024347826087,-0.17514071571906353
184,0.8849053846153846,0.12657253846153846,0.43030276923076927,-0.12550753846153848,0.8141956153846154,0.3913838461538462,0.3880002307692308,0.18260092307692308,0.9304688461538462,-0.15284846153846154,-0.14236176923076926,-0.3009663076923077,0.5484666153846154,0.27747099999999997,-0.7850893076923077,-0.07623653846153847,0.7038922307692307,0.04681730769230769,-0.693008,0.14854900000000001,0.556852,0.36361915384615384,-0.726002,-0.1749346923076923
185,0.884885397993311,0.1266723210702341,0.4303026889632107,-0.12554782608695653,0.8140343177257525,0.3914562073578595,0.38809085284280936,0.18297039130434783,0.9302505785953177,-0.1542920735785953,-0.14515364882943146,-0.2995628193979933,0.5482126421404683,0.2775066254180602,-0.7852712842809364,-0.07605829431438127,0.7036816020066889,0.04692576588628762,-0.6931912842809365,0.1486556989966555,0.5566364013377926,0.3638290200668896,-0.7261091438127091,-0.1747362474916388
186,0.8848633545150502,0.1267826822742475,0.4303039096989966,-0.1255881070234114,0.8138748461538462,0.3915447658862876,0.38816238795986624,0.18333832775919734,0.9300199966555184,-0.15574184949832776,-0.1479472909698997,-0.29815653177257523,0.5479598996655518,0.27752864214046824,-0.7854559832775919,-0.07589020735785952,0.7034796488294315,0.04703085953177257,-0.6933677959866221,0.14875576588628764,0.5564175484949833,0.36403171571906356,-0.7262207725752509,-0.17454547157190636
187,0.8848410401337793,0.12689855183946488,0.43030433779264216,-0.12562803678929765,0.8137169698996656,0.3916338662207358,0.38822785284280936,0.1837108093645485,0.9297790401337792,-0.15719451505016724,-0.1507385953177258,-0.2967458595317725,0.5477071571906355,0.27754429765886285,-0.7856428595317726,-0.07572377591973244,0.7032816086956523,0.04713457859531773,-0.6935406655518395,0.1488552408026756,0.5561997391304347,0.36423028762541804,-0.7263331237458194,-0.17435869899665551
188,0.8848203612040134,0.12701496655518393,0.43030204013377926,-0.12566633110367892,0.81356072909699,0.39170279598662205,0.3883036755852843,0.18409528428093647,0.9295293612040134,-0.15864663545150506,-0.15352335785953186,-0.2953297357859531,0.5474544147157191,0.2775626789297659,-0.7858297357859532,-0.07555298327759197,0.7030824782608696,0.04723720735785954,-0.6937129899665552,0.1489601672240803,0.5559906521739131,0.36442558862876256,-0.7264411137123745,-0.17417029096989964
189,0.8847981772575251,0.12711934113712373,0.4303042575250836,-0.1257046254180602,0.8134090033444816,0.3917687157190636,0.38837046822742477,0.18448201672240802,0.9292698996655518,-0.16008370568561878,-0.15630360535117066,-0.2939030769230769,0.5472091973244148,0.2775840702341137,-0.7860098394648829,-0.07536714046822741,0.702879585284281,0.04733456856187291,-0.6938853143812709,0.14908541137123746,0.5557845752508361,0.36462615719063546,-0.7265468461538461,-0.17396758528428094
190,0.884775966555184,0.12722039130434784,0.4303101839464883,-0.1257398093645485,0.8132615050167223,0.3918413210702341,0.38842414046822743,0.18486567892976588,0.9290019698996655,-0.16151325083612045,-0.1590816989966556,-0.2924726020066889,0.5469651505016723,0.27761018060200665,-0.7861893043478261,-0.075173254180602,0.7026698862876255,0.047427170568561876,-0.694062822742475,0.14921879264214047,0.5555832173913043,0.36482733779264215,-0.7266499464882943,-0.17375840468227424
191,0.8847500602006689,0.12732308361204014,0.4303263712374582,-0.1257666856187291,0.8131182608695652,0.39192567224080266,0.38845883277591975,0.18524558193979934,0.9287218361204013,-0.1629353511705686,-0.16186505685618735,-0.2910446588628762,0.5467224515050167,0.2776356755852843,-0.7863685217391304,-0.07497451839464883,0.702460381270903,0.047504752508361205,-0.6942382575250836,0.14936327759197324,0.5553852240802676,0.36502308026755853,-0.726754652173913,-0.17354113712374583
192,0.8847173913043478,0.1274319765886288,0.4303578595317726,-0.12578145150501674,0.8129796220735787,0.39202637792642137,0.388468491638796,0.18562113043478262,0.9284264314381271,-0.16435080936454852,-0.16465981270903018,-0.2896241404682274,0.5464817491638796,0.2776565551839465,-0.786547287625418,-0.07477370568561872,0.702256856187291,0.04755990969899666,-0.6944058361204013,0.1495204347826087,0.5551897090301003,0.36520808695652174,-0.726864474916388,-0.1733147491638796
193,0.8846775652173913,0.1275537525083612,0.4304015150501672,-0.12578834448160536,0.8128517190635451,0.3921542809364549,0.38843019732441475,0.18598952173913044,0.9281124180602006,-0.16576769899665555,-0.1674660200668897,-0.28820648494983275,0.5462489197324415,0.2776802976588629,-0.7867196120401339,-0.07457074581939799,0.702056193979933,0.047604331103678926,-0.6945712675585284,0.14967973913043478,0.5550020668896322,0.365377347826087,-0.7269785919732442,-0.17308191973244147
194,0.8846383210702341,0.1276836755852843,0.4304405150501672,-0.12579640133779266,0.8127243979933111,0.3922786923076923,0.3883965585284281,0.1863532575250836,0.9277867658862876,-0.16719215384615388,-0.17026698996655523,-0.28678417391304345,0.546017254180602,0.27769647491638794,-0.7868936822742475,-0.07437185953177257,0.7018601872909699,0.047642351170568566,-0.6947332073578595,0.14983380602006688,0.5548196622073579,0.3655308963210702,-0.7270938729096991,-0.17285665551839466
195,0.884601,0.12781269565217393,0.43047491304347824,-0.1258072608695652,0.8125937826086956,0.39239121739130434,0.38838143478260867,0.18671726086956522,0.9274536086956522,-0.16861691304347828,-0.1730600434782609,-0.28535343478260866,0.5457852608695652,0.2777064347826087,-0.7870696956521739,-0.07417530434782608,0.7016680869565217,0.047682521739130436,-0.6948916086956521,0.1499872608695652,0.5546354347826087,0.3656812173913043,-0.7272126521739131,-0.17263030434782609
196,0.8845665652173913,0.127934237458194,0.4305045250836121,-0.12582297993311037,0.8124580769230769,0.3924889632107023,0.3883904347826087,0.18708369565217392,0.9271153979933111,-0.17003666220735789,-0.17584284280936457,-0.2839104682274247,0.5455512943143813,0.27771304682274245,-0.7872479498327759,-0.07397829765886288,0.7014753879598662,0.04773077926421405,-0.695050381270903,0.15014140133779263,0.5544449799331104,0.365837381270903,-0.7273348528428093,-0.1723988628762542
197,0.8845366956521739,0.1280368662207358,0.43052826755852847,-0.12584978595317725,0.8123171538461539,0.39257627424749164,0.3884203043478261,0.18745208695652174,0.9267745785953178,-0.1714420635451505,-0.17860998996655522,-0.2824453277591973,0.5453108060200669,0.27772683277591975,-0.7874294648829432,-0.07377150836120401,0.7012624715719064,0.047796645484949836,-0.6952280668896321,0.15029228093645486,0.5542427859531772,0.3660150668896321,-0.7274550969899665,-0.17216220401337792
198,0.8845094080267558,0.1281220668896321,0.4305494280936455,-0.1258836923076923,0.8121755852842809,0.39263841137123745,0.38847212040133783,0.1878249966555184,0.9264305317725752,-0.17283390969899665,-0.18136551839464884,-0.2809627591973244,0.545056762541806,0.277752237458194,-0.7876161438127091,-0.07355761872909698,0.7010308361204014,0.047885103678929765,-0.6954225351170569,0.15044251505016723,0.5540289732441471,0.3662140535117057,-0.7275740501672241,-0.17192360869565218
199,0.8844834247491639,0.128199491638796,0.4305692842809365,-0.1259189230769231,0.8120347190635452,0.3926876254180602,0.38853132107023414,0.18820656521739132,0.9260801237458194,-0.17421829096989966,-0.18411353177257525,-0.2794720033444816,0.5448018361204013,0.27778186622073575,-0.7878021404682274,-0.07334199331103679,0.7007973545150502,0.04798188963210702,-0.6956193110367893,0.15059057190635453,0.5538138160535117,0.366421127090301,-0.7276902943143813,-0.17168465217391304
200,0.8844595685618729,0.12827266220735786,0.4305864816053512,-0.12595238127090302,0.8118913712374581,0.39273683946488297,0.3885928260869565,0.18859504682274247,0.9257219163879599,-0.17559770903010033,-0.18685321404682273,-0.2779766387959866,0.5445492140468227,0.27781557190635453,-0.7879851237458194,-0.07312654515050168,0.700566,0.0480827525083612,-0.6958137826086956,0.1507388060200669,0.553600431438127,0.36663210033444815,-0.7278026387959866,-0.17144782274247491
201,0.8844404214046823,0.12834465551839463,0.4305972040133779,-0.12597995317725755,0.8117374280936455,0.3928095986622074,0.3886525652173913,0.18898411705685617,0.9253542909698996,-0.17697477257525085,-0.18958053511705686,-0.27648009698996656,0.5442995351170569,0.2778569297658863,-0.7881628093645485,-0.07291286287625419,0.7003370000000001,0.04818538127090301,-0.6960029565217392,0.15089351505016724,0.5533905785953177,0.36684425083612043,-0.7279090969899666,-0.1712180568561873
202,0.8844184381270903,0.12841877591973244,0.4306143076923077,-0.12599901672240804,0.8115678862876253,0.39289015719063547,0.3887335752508361,0.1893795685618729,0.9249717759197325,-0.17834474581939802,-0.19230927424749167,-0.27498568227424747,0.5440512742474917,0.27790183277591973,-0.7883376588628762,-0.07270201672240803,0.7001143812709031,0.048285882943143815,-0.69618645819398,0.15105106020066889,0.5531892341137123,0.3670535652173913,-0.7280098829431438,-0.17099041806020066
203,0.8843952775919732,0.12849449163879598,0.4306333478260869,-0.12601644816053512,0.8113894949832776,0.39297846488294313,0.38882531438127094,0.18977078260869568,0.9245790434782608,-0.1797136755852843,-0.19503622742474921,-0.2734881137123745,0.5438059765886287,0.277943220735786,-0.788511331103679,-0.07249234782608695,0.6998932240802676,0.048379565217391306,-0.6963676053511706,0.15120978260869566,0.5529890468227424,0.3672579030100334,-0.7281125886287626,-0.170762
204,0.8843715351170569,0.1285715618729097,0.4306535016722408,-0.12603498327759197,0.8112066889632107,0.3930735451505017,0.3889230635451505,0.19015354849498328,0.9241769297658863,-0.18108207357859535,-0.19776105351170573,-0.2719848963210702,0.5435609799331104,0.27798204013377925,-0.7886856254180602,-0.0722818160535117,0.6996712040133779,0.04846989632107023,-0.6965495150501672,0.15136884615384616,0.5527860200668896,0.3674600535117057,-0.7282186755852843,-0.1705332408026756
205,0.8843478327759198,0.1286496153846154,0.4306740668896321,-0.12605732107023412,0.811024474916388,0.393173635451505,0.38902191638795985,0.19052427090301002,0.9237663678929766,-0.18244993311036792,-0.20048363210702347,-0.2704736020066889,0.5433127658862876,0.278020381270903,-0.7888625785953177,-0.07206811371237458,0.6994459866220736,0.04856198327759197,-0.696735652173913,0.15152736454849497,0.5525761204013379,0.36766385953177255,-0.7283289431438127,-0.17030504682274245
206,0.8843286856187291,0.1287200769230769,0.43068172575250835,-0.12609408361204014,0.8108498528428094,0.39324639464882943,0.38912684280936455,0.19089878929765888,0.923350491638796,-0.18381627424749164,-0.20318950836120406,-0.26893953177257524,0.5430569598662207,0.2780640367892977,-0.7890433277591974,-0.07185213377926421,0.6992154548494983,0.04867456856187291,-0.6969248260869565,0.15168360535117056,0.5523609063545151,0.36787677591973245,-0.728436933110368,-0.17008140802675584
207,0.884314923076923,0.12878784615384614,0.4306737692307692,-0.12614592307692307,0.810686,0.39329653846153845,0.38923607692307693,0.19126846153846155,0.9229319230769231,-0.18518800000000002,-0.2058776153846154,-0.2673844615384615,0.5428049230769231,0.27810123076923077,-0.7892235384615385,-0.0716366923076923,0.6989843846153846,0.04879576923076923,-0.6971145384615385,0.15183715384615384,0.5521494615384616,0.36809184615384616,-0.728540076923077,-0.1698583076923077
208,0.8843055652173912,0.12885508695652173,0.43065404347826086,-0.12620778260869564,0.8105346086956522,0.39332921739130433,0.3893401304347826,0.19163273913043477,0.9225082608695653,-0.18656413043478262,-0.20855182608695655,-0.2658144347826087,0.5425566086956521,0.27813265217391303,-0.7894026086956523,-0.0714226956521739,0.6987552173913044,0.04892060869565217,-0.6973023478260869,0.1519880434782609,0.5519417391304349,0.368306,-0.7286402608695652,-0.1696378695652174
209,0.8843,0.1289231806020067,0.43062520735785953,-0.12627588294314382,0.8103952876254181,0.3933496856187291,0.3894344816053512,0.1919896220735786,0.9220778260869565,-0.18794377257525086,-0.21121472909698996,-0.26423370234113713,0.5423132809364548,0.2781587558528428,-0.7895793812709031,-0.07121054515050167,0.6985303344481605,0.049045096989966556,-0.697485872909699,0.15213697658862876,0.5517383010033445,0.3685166822742475,-0.7287384983277592,-0.16942140468227426
210,0.8843,0.12899057859531773,0.43058384949832773,-0.1263509397993311,0.8102566622073579,0.3933680668896321,0.3895378762541806,0.1923235484949833,0.9216397391304347,-0.18932619732441472,-0.2138616321070234,-0.2626383612040134,0.5420873444816053,0.2781779030100334,-0.789747110367893,-0.07099839464882943,0.6983158862876254,0.04916610702341137,-0.6976589632107023,0.15228938795986624,0.5515452976588628,0.3687204080267558,-0.728831170568562,-0.16920772240802676
211,0.8842975919732441,0.1290621906354515,0.4305455016722408,-0.1264223846153846,0.8101258628762542,0.3933936722408027,0.38962862876254184,0.19263640468227425,0.9211890100334448,-0.19070681605351172,-0.21650853511705684,-0.2610430200668896,0.5418644180602007,0.2781874180602007,-0.7899154414715719,-0.07078865217391304,0.6981008361204013,0.04927146488294314,-0.6978344615384615,0.1524387892976589,0.551355906354515,0.3689126956521739,-0.7289274548494984,-0.16899103010033445
212,0.8842948963210702,0.12914083612040134,0.4305061337792642,-0.12649247826086957,0.810000872909699,0.39342197993311034,0.38971152508361206,0.19293653511705686,0.9207274816053512,-0.19209135785953177,-0.21915249498327757,-0.25944510367892976,0.5416555551839465,0.27818584949832775,-0.7900776822742475,-0.07058214046822743,0.6978955551839464,0.049357478260869565,-0.6980014180602007,0.1525877391304348,0.5511796387959866,0.3690853143812709,-0.729023618729097,-0.1687738862876254
213,0.8842916622073579,0.1292291939799331,0.43046597993311037,-0.12656163879598661,0.8098825384615385,0.3934525551839465,0.3897836254180602,0.19322682943143812,0.9202543812709031,-0.19348241471571906,-0.22179447491638793,-0.2578445351170569,0.5414653010033444,0.2781701772575251,-0.7902318193979933,-0.07038002006688963,0.6977034280936455,0.049418478260869564,-0.6981565518394648,0.1527364180602007,0.5510193143812709,0.3692319966555184,-0.7291209966555184,-0.16855526755852843
214,0.8842840033444817,0.12933335451505015,0.43043151505016725,-0.12662827090301004,0.8097768461538462,0.39349008361204013,0.38982728093645486,0.1935063779264214,0.9197642140468227,-0.19488168896321068,-0.224442143812709,-0.2562445986622074,0.5412952742474917,0.27813111705685617,-0.790379635451505,-0.07018548494983277,0.6975226789297658,0.04943839130434782,-0.6983028361204013,0.15288193645484952,0.5508722642140469,0.3693407525083612,-0.7292297525083612,-0.16832779933110367
215,0.8842723511705686,0.1294528227424749,0.430398381270903,-0.12670022742474918,0.8096804715719064,0.39352827759197323,0.38985496321070234,0.19377727424749164,0.9192587391304348,-0.1962909464882943,-0.2270931404682274,-0.2546373411371238,0.5411532006688964,0.2780967157190635,-0.7905061538461539,-0.06999161538461539,0.697365889632107,0.04942103344481605,-0.6984291538461538,0.15302812040133779,0.5507431839464882,0.3694195585284281,-0.7293411705685618,-0.16809301003344482
216,0.884262254180602,0.1295780501672241,0.43035897658862876,-0.1267764381270903,0.8095777357859532,0.39355449163879597,0.3899031036789298,0.1940554949832776,0.9187444849498327,-0.1977064548494983,-0.229736872909699,-0.25302121404682276,0.5410149096989967,0.2780668996655518,-0.7906281672240804,-0.0698004347826087,0.69721745819398,0.04940237123745819,-0.6985485785953177,0.15316879598662206,0.5506245785953177,0.36948565217391305,-0.7294499698996655,-0.16786402006688964
217,0.8842530401337793,0.12971068896321072,0.4303147525083612,-0.126855127090301,0.8094711505016723,0.39357272240802676,0.3899618662207358,0.1943435618729097,0.9182202809364549,-0.1991287993311037,-0.23237458528428098,-0.25139847491638795,0.5408715484949832,0.2780406856187291,-0.7907519397993311,-0.06961264214046822,0.6970723110367892,0.049388829431438123,-0.6986653879598662,0.15330236120401336,0.5505100200668895,0.369544602006689,-0.7295566254180602,-0.16764748494983278
218,0.884241551839465,0.12985697324414716,0.4302710969899666,-0.12693324749163878,0.8093708193979934,0.3935949331103679,0.39000016053511705,0.19464072575250835,0.9176818628762542,-0.2005602408026756,-0.2350122976588629,-0.24977403010033444,0.5407145418060201,0.2780161772575251,-0.7908836722408027,-0.06942882943143812,0.6969260267558528,0.04938040468227425,-0.6987833344481605,0.15342796655518393,0.5503897759197324,0.36960127759197325,-0.7296638494983277,-0.16745141806020067
219,0.8842307926421404,0.13001054849498328,0.43022452508361203,-0.12700845150501672,0.8092748628762542,0.3936317257525084,0.39000929096989967,0.1949451806020067,0.9171288628762542,-0.20199532775919732,-0.23764344816053515,-0.24814666889632106,0.5405465986622074,0.2779851070234114,-0.7910248829431438,-0.06925157859531772,0.6967804715719064,0.04938145819397993,-0.6989027391304348,0.1535455518394649,0.5502600535117057,0.3696652441471572,-0.7297725317725753,-0.16726045484949834
220,0.8842225451505017,0.1301506321070234,0.4301773110367893,-0.12708202341137123,0.8091647725752509,0.3936623244147157,0.3900436789297659,0.19527128762541807,0.9165716622073579,-0.203415254180602,-0.2402653578595318,-0.24651272575250838,0.540363254180602,0.27796558528428095,-0.7911725117056856,-0.06907614381270903,0.6966275284280937,0.049410709030100336,-0.6990276622073579,0.1536602575250836,0.5501164882943144,0.3697572976588629,-0.7298778227424749,-0.167069254180602
221,0.884215652173913,0.13027373913043477,0.4301326956521739,-0.12715504347826087,0.8090395217391304,0.3936862608695652,0.39010834782608694,0.19561347826086956,0.9160107391304347,-0.20481660869565219,-0.24288056521739132,-0.24487108695652174,0.5401642173913044,0.2779585652173913,-0.7913270434782609,-0.06889447826086956,0.696460347826087,0.04946660869565217,-0.6991641739130434,0.1537785652173913,0.5499588260869565,0.36987808695652175,-0.7299806956521739,-0.1668725652173913
222,0.8842085719063545,0.13037780936454849,0.43009419732441473,-0.12722872909698998,0.8088998361204013,0.3937047491638796,0.39020361204013376,0.19596452173913043,0.9154460401337793,-0.20619719732441472,-0.2454923712374582,-0.24322085953177258,0.5399507491638796,0.2779634280936455,-0.7914884314381271,-0.06869842809364549,0.6962727759197325,0.04954488963210703,-0.6993178060200669,0.15390737792642142,0.5497877123745819,0.37002596655518394,-0.7300825317725753,-0.16666499999999998
223,0.8841963177257525,0.13045822742474916,0.4300712207357859,-0.12730684949832777,0.8087520200668896,0.39372619397993314,0.3903070066889632,0.19632295652173914,0.9148746889632107,-0.20754822073578594,-0.248107872909699,-0.24155658862876253,0.5397431939799331,0.27797568227424746,-0.7916439063545151,-0.06848168227424749,0.6960659866220736,0.04962760535117057,-0.6994840033444816,0.1540613210702341,0.54960772909699,0.3701967591973244,-0.7301836287625418,-0.166436
224,0.8841823879598663,0.1305431137123746,0.4300527123745819,-0.12738329431438128,0.8086075551839466,0.39374708026755856,0.3904042575250836,0.1966836254180602,0.9142916086956522,-0.20889812709030098,-0.25072449163879595,-0.23989008361204014,0.5395445752508361,0.2779767658862876,-0.7917977056856187,-0.06826437792642141,0.6958603143812709,0.04969468227424749,-0.699648525083612,0.15422029096989967,0.5494322140468227,0.3703569397993311,-0.730288635451505,-0.16619806354515052
225,0.8841665384615385,0.13063095652173912,0.4300378093645485,-0.12745652173913044,0.8084617391304348,0.3937768428093646,0.3904933879598662,0.19704707023411372,0.9136973612040133,-0.2102463210702341,-0.253341525083612,-0.23822274916387962,0.5393521939799332,0.2779707826086957,-0.7919495852842809,-0.0680471906354515,0.6956560301003344,0.049749789297658865,-0.6998117759197324,0.15438177591973246,0.549261602006689,0.37050896321070237,-0.730395093645485,-0.16595453846153846
226,0.8841487424749164,0.13072083612040133,0.4300260066889632,-0.12752567558528427,0.8083106755852842,0.3938200501672241,0.39057646822742476,0.19741415719063543,0.913092127090301,-0.21159220735785952,-0.25595819732441466,-0.23655523411371238,0.5391631538461539,0.2779618193979933,-0.7920996989966554,-0.06783152842809365,0.6954537023411371,0.049797501672240806,-0.6999735117056856,0.15454396321070232,0.5490950434782609,0.3706561505016723,-0.7305011906354516,-0.1657090066889632
227,0.8841295953177257,0.1308127424749164,0.43001758193979933,-0.12759077591973245,0.8081467759197324,0.393871364548495,0.39067373578595316,0.1977886755852843,0.9124740568561873,-0.21293404013377923,-0.2585721672240802,-0.23488636789297662,0.5389693846153846,0.277960287625418,-0.7922498127090302,-0.06762397324414716,0.6952561036789298,0.04985264548494983,-0.7001305183946488,0.15470479933110368,0.5489257826086956,0.37081009364548495,-0.730604585284281,-0.16547158193979933
228,0.8841067157190635,0.13091460200668897,0.43001413377926423,-0.127655254180602,0.8079810100334448,0.3939320100334448,0.3907654046822742,0.1981638160535117,0.9118404347826087,-0.21427960535117052,-0.26118924749163874,-0.23321563545150503,0.5387625518394649,0.27795377926421405,-0.7924098795986623,-0.0674269933110368,0.6950572608695652,0.04990841137123746,-0.7002912575250836,0.1548538160535117,0.5487453244147157,0.37096030434782606,-0.7307154448160535,-0.16524224414715719
229,0.8840841371237458,0.13102652173913043,0.43000718060200666,-0.12772152842809364,0.8078171404682274,0.3939979163879599,0.3908495719063545,0.19853522073578594,0.9111958461538462,-0.21563379264214044,-0.26380200334448156,-0.23154020401337796,0.5385511471571907,0.2779422408026756,-0.7925737993311037,-0.06724021739130435,0.6948631739130435,0.04996432107023411,-0.7004493678929765,0.15499311705685617,0.5485622775919733,0.37110460869565215,-0.7308295819397993,-0.1650213712374582
230,0.884063,0.13114892307692305,0.429994,-0.12778923076923077,0.8076595384615384,0.39406392307692306,0.3909216923076923,0.19890361538461537,0.9105406923076923,-0.21699769230769228,-0.2664078461538461,-0.2298598461538462,0.5383354615384616,0.27792476923076925,-0.7927413846153847,-0.06706392307692308,0.694674,0.05002130769230769,-0.7006045384615385,0.1551223846153846,0.5483786153846154,0.3712429230769231,-0.7309453846153846,-0.16480953846153845
231,0.8840430869565217,0.13128295317725752,0.4299740869565218,-0.12785509698996655,0.8075178494983277,0.39411830100334444,0.3909699431438127,0.19927507023411373,0.9098720735785953,-0.21837016053511712,-0.2690057324414717,-0.22817642809364544,0.5381087591973245,0.2778987290969899,-0.7929175384615385,-0.0668992575250836,0.6944848260869565,0.05008257859531773,-0.7007615451505017,0.15523879933110368,0.5481925050167225,0.37137695317725755,-0.7310617993311037,-0.16460811036789297
232,0.8840224882943144,0.1314114983277592,0.42995897324414717,-0.12791205016722407,0.8073864448160535,0.39416925083612037,0.3909928260869565,0.19966297993311038,0.9091917993311037,-0.21973165886287632,-0.2715988193979934,-0.22649643812709025,0.537873143812709,0.27788365886287625,-0.7930971204013377,-0.06673047826086956,0.6942894816053511,0.050150020066889636,-0.7009226655518395,0.1553634414715719,0.5479954247491639,0.3715267525083612,-0.7311782140468228,-0.16440873913043477
233,0.884002712374582,0.13153127424749164,0.4299484849498328,-0.12796163879598663,0.8072512775919732,0.3942243143812709,0.39101589966555184,0.2000564280936455,0.9085042909698996,-0.22107968227424754,-0.27418773244147165,-0.22481775250836117,0.5376373879598663,0.2778802575250836,-0.7932730401337793,-0.06655534782608695,0.6940911571906354,0.05022360200668897,-0.7010838160535117,0.15549807692307693,0.5478024782608696,0.371691491638796,-0.7312860501672241,-0.16419967558528428
234,0.8839822608695652,0.13164191304347828,0.4299451739130435,-0.128004,0.8071087391304348,0.3942890434782609,0.3910420434782609,0.20045260869565218,0.9078085652173913,-0.222413347826087,-0.27677521739130445,-0.2231403478260869,0.5374016086956521,0.2778877826086956,-0.7934456956521739,-0.06637134782608695,0.6938877826086957,0.050299652173913044,-0.7012472608695652,0.15564378260869566,0.547612,0.37186773913043475,-0.7313887826086957,-0.1639791304347826
235,0.8839585183946489,0.13174377591973244,0.4299528327759197,-0.12803923076923077,0.8069563277591973,0.39437022742474914,0.391070381270903,0.20084933779264216,0.9071024180602006,-0.22373220401337796,-0.2793654448160536,-0.2214645886287625,0.5371641839464883,0.27790463210702343,-0.793617254180602,-0.06617528093645483,0.6936756321070234,0.05037241137123746,-0.701417287625418,0.15580155518394648,0.5474182307692307,0.37205002006688964,-0.7314937090301004,-0.1637470668896321
236,0.8839272842809365,0.13183814715719064,0.4299799698996655,-0.12806397324414714,0.8067911806020067,0.39445440802675585,0.3911181973244147,0.2012543076923077,0.9063805384615384,-0.22503083277591976,-0.28196616053511714,-0.2197940735785953,0.5369177692307693,0.27793196989966557,-0.7937918093645485,-0.06596647826086956,0.6934492474916387,0.05044217391304348,-0.7015985518394648,0.1559690668896321,0.5472117257525083,0.37224129096989966,-0.7316046287625418,-0.16350376588628762
237,0.8838958829431438,0.13192823076923077,0.4300101170568562,-0.12808539130434782,0.8066164782608696,0.3945438060200669,0.39118086956521736,0.20165585618729098,0.9056505819397993,-0.22632231438127093,-0.28456298996655527,-0.21812161538461536,0.5366649732441471,0.2779631471571906,-0.7939690066889632,-0.06575378595317725,0.6932168795986622,0.050518050167224084,-0.7017852173913044,0.15613679598662208,0.5469997859531772,0.37243842809364547,-0.7317167123745819,-0.1632612441471572
238,0.8838627959866221,0.13201602675585283,0.4300465752508361,-0.12810080936454848,0.8064383846153846,0.39463739799331105,0.3912488795986622,0.2020519966555184,0.9049101204013378,-0.227606602006689,-0.2871597792642141,-0.21645124414715716,0.5364013010033445,0.27799664214046826,-0.7941530769230769,-0.06553709030100334,0.6929761337792643,0.05059890301003345,-0.7019800100334448,0.15630396321070233,0.5467785953177258,0.37264085284280934,-0.7318329498327759,-0.1630195050167224
239,0.8838268461538461,0.13210338461538462,0.4300916220735786,-0.12810851505016724,0.8062624180602007,0.3947333377926422,0.3913144481605351,0.20244098996655518,0.9041573177257525,-0.22888395986622076,-0.28975944816053517,-0.21478578595317724,0.5361238160535117,0.2780312474916388,-0.7943468929765887,-0.0653165618729097,0.6927257826086957,0.050683478260869566,-0.7021843143812709,0.15647016053511706,0.5465457658862877,0.372848110367893,-0.7319552575250836,-0.16277801672240802
240,0.8837916153846154,0.13219146153846154,0.4301345117056856,-0.12811693979933111,0.8060893277591973,0.39482064882943146,0.39138720735785953,0.20281704013377927,0.9033937290969899,-0.2301591605351171,-0.2923512073578596,-0.21311385618729095,0.5358427357859531,0.27806801003344483,-0.7945414280936455,-0.06509675250836121,0.6924768695652175,0.05077308695652174,-0.7023857424749165,0.15663635785953178,0.5463129364548495,0.37306255852842807,-0.7320739698996656,-0.1625329331103679
241,0.8837517558528428,0.13226623076923077,0.4301924448160535,-0.12812073578595318,0.8059150802675585,0.39491548160535117,0.3914478160535117,0.20320871237458193,0.9026203043478261,-0.2314146889632107,-0.2949487525083612,-0.21144134782608695,0.5355448762541806,0.2781134515050167,-0.7947446421404682,-0.06487578595317726,0.6922169632107024,0.050876003344481606,-0.7025981638795987,0.15680139799331105,0.5460627491638796,0.3732972575250836,-0.7321973110367893,-0.16227859197324415
242,0.8837097090301004,0.13233290301003345,0.43025696989966555,-0.12812372240802677,0.8057387357859531,0.39500827090301005,0.39151964882943147,0.20358959531772575,0.901838872909699,-0.23265833779264214,-0.2975464481605351,-0.20976486287625418,0.53523572909699,0.27816445819397995,-0.7949534214046823,-0.06464996655518394,0.6919455752508361,0.050988394648829434,-0.7028206889632107,0.15696640802675585,0.5458024648829432,0.3735433344481605,-0.7323231839464883,-0.1620191872909699
243,0.8836675919732442,0.13239516053511707,0.4303219464882943,-0.12812832441471572,0.8055598428093645,0.3950950301003345,0.39161311371237456,0.20394822408026755,0.9010502173913043,-0.23389557525083612,-0.30013960869565215,-0.2080821973244147,0.5349219565217391,0.27821872575250833,-0.7951640267558528,-0.06441844816053512,0.6916663712374582,0.051106555183946495,-0.7030493444816054,0.1571325016722408,0.5455394615384616,0.37379354515050167,-0.7324492173913043,-0.16175758528428094
244,0.8836300635451505,0.13245872909698997,0.43037709030100335,-0.12813751505016724,0.8053783277591973,0.39517851170568563,0.3917249331103679,0.2042898093645485,0.9002536956521738,-0.23513477926421408,-0.30271834782608703,-0.2063903545150501,0.5346232608695652,0.27827233779264215,-0.7953654548494984,-0.06418561872909698,0.6913983110367894,0.051221438127090305,-0.703266856187291,0.15730252842809364,0.5452928461538461,0.37403326755852845,-0.732568695652174,-0.1614979498327759
245,0.8835938193979933,0.1325319297658863,0.43042452842809364,-0.128153127090301,0.8052000234113712,0.39525685618729095,0.39183996321070236,0.20461919397993314,0.8994456153846153,-0.23638361538461541,-0.30528873913043486,-0.20468823745819392,0.5343425451505017,0.2783163177257525,-0.7955572508361204,-0.06395407357859531,0.6911469464882943,0.05132733110367893,-0.7034676722408026,0.15747383946488294,0.5450622842809364,0.37425115719063545,-0.7326856053511706,-0.16124216722408025
246,0.8835594548494983,0.13261392307692307,0.43046109698996654,-0.12818140133779263,0.8050227458193979,0.3953354347826087,0.3919560200668897,0.2049433712374582,0.8986295953177257,-0.23764369230769236,-0.3078489531772576,-0.20297067558528423,0.5340652943143813,0.2783519130434782,-0.7957492307692308,-0.06372767224080267,0.6909057357859532,0.051428227424749166,-0.7036558862876254,0.15765682274247492,0.5448413444816054,0.3744574949832776,-0.7327995719063545,-0.1609903913043478
247,0.8835284347826088,0.132702,0.43048491304347825,-0.1282228260869565,0.8048489565217392,0.3954135217391304,0.392066,0.20526695652173915,0.8978075217391304,-0.2389130434782609,-0.31039643478260875,-0.20123626086956517,0.5337896086956522,0.27837830434782607,-0.7959430000000001,-0.06350608695652174,0.6906706086956521,0.05152904347826087,-0.7038379565217391,0.1578404347826087,0.5446254347826087,0.3746570434782609,-0.7329117391304348,-0.16074373913043477
248,0.8835039264214047,0.13279007692307693,0.43049333779264215,-0.12827490635451505,0.8046858227424749,0.3954862809364549,0.3921540769230769,0.20559705351170568,0.8969818963210702,-0.24018594648829433,-0.3129261571906355,-0.19948467892976585,0.5335192508361204,0.2783928561872909,-0.7961367692307693,-0.06328627759197325,0.6904354816053511,0.05163933110367893,-0.7040271304347826,0.15799208026755854,0.5444071571906355,0.3748554080267559,-0.7330250903010033,-0.16050478260869563
249,0.883486474916388,0.13286404013377928,0.43048835451505013,-0.12833616053511707,0.804537508361204,0.39553434113712377,0.3922266287625418,0.20594408695652175,0.8961534481605351,-0.24144826421404686,-0.3154347090301004,-0.197716160535117,0.533253127090301,0.27841517056856185,-0.7963248929765886,-0.06306223411371238,0.6901968260869564,0.0517644381270903,-0.7042170100334448,0.15814513712374584,0.5441881739130435,0.3750692976588629,-0.7331299732441472,-0.16026864882943143
250,0.883471983277592,0.13293208361204015,0.4304784548494983,-0.12839772575250835,0.8043876287625418,0.3955685050167224,0.3923129464882943,0.20629963879598665,0.8953200434782609,-0.24270402006688965,-0.317932966555184,-0.1959419531772575,0.532987364548495,0.27844427759197327,-0.7965097056856187,-0.06283877257525083,0.689955983277592,0.05189552508361204,-0.7044093076923077,0.15829548494983278,0.5439724314381271,0.3752878127090301,-0.733228474916388,-0.1600379431438127
251,0.8834584882943144,0.13299789632107023,0.4304678628762542,-0.12845709698996655,0.8042336086956522,0.39559626086956523,0.39241105685618727,0.20666150501672242,0.8944789464882943,-0.24395505685618732,-0.3204249765886288,-0.19416580936454847,0.5327244515050168,0.27847673578595317,-0.7966913277591974,-0.0626175618729097,0.6897161003344482,0.05202480602006689,-0.7046014147157191,0.15844382943143814,0.5437618361204013,0.3755041137123746,-0.7333232073578595,-0.15981166220735785
252,0.883443933110368,0.13306536454849496,0.4304609632107023,-0.1285122073578595,0.8040742675585284,0.3956263377926421,0.392514364548495,0.207027508361204,0.8936272006688962,-0.2452034949832776,-0.3229148494983278,-0.1923912642140468,0.5324679732441471,0.2785081003344481,-0.7968697224080268,-0.06240007357859531,0.6894810501672242,0.05214339799331104,-0.7047897558528428,0.15859164214046823,0.543558204013378,0.37571078929765883,-0.7334173913043478,-0.15958803678929767
253,0.8834286153846154,0.13314884615384615,0.43045253846153847,-0.1285596923076923,0.8039065384615385,0.3957036923076923,0.39259784615384613,0.20737292307692307,0.8927571538461538,-0.24646184615384617,-0.32539938461538465,-0.19061976923076923,0.5322328461538461,0.27853107692307694,-0.7970351538461539,-0.06218792307692307,0.6892635384615384,0.052234538461538464,-0.7049628461538461,0.1587386923076923,0.5433759230769232,0.37589153846153844,-0.733507,-0.15936746153846154
254,0.8834132976588629,0.13323607357859532,0.4304430434782609,-0.12860503678929766,0.8037366688963211,0.3957928193979933,0.39267223076923075,0.20771940802675584,0.8918769397993311,-0.24772019732441472,-0.32787910367892975,-0.18884720401337793,0.5320046755852843,0.27856101003344486,-0.7971936287625419,-0.061971491638795985,0.68905672909699,0.05232300334448161,-0.7051230936454849,0.1588953745819398,0.5432038093645485,0.37606747157190634,-0.7335917926421405,-0.15914795652173913
255,0.8833973779264214,0.13331859531772575,0.43043579598662207,-0.1286518662207358,0.8035734013377926,0.39588190635451503,0.3927327591973244,0.20806545150501674,0.890989331103679,-0.24897102341137123,-0.33035584280936453,-0.18706906020066888,0.5317743879598662,0.27859906020066894,-0.7973515117056856,-0.06174448494983278,0.6888436989966555,0.05241543143812709,-0.7052874347826087,0.15905952173913043,0.5430267491638796,0.3762515618729097,-0.7336784214046823,-0.1589198829431438
256,0.8833805953177257,0.13338867892976589,0.43043313377926423,-0.12870348494983277,0.803422491638796,0.3959588762541806,0.39277988628762545,0.20841157190635454,0.8900969397993311,-0.25020741806020064,-0.33283058528428094,-0.18528134113712375,0.531534591973244,0.2786474882943144,-0.797513448160535,-0.061502056856187294,0.6886106555183946,0.0525184381270903,-0.7054693946488295,0.1592293177257525,0.5428326688963211,0.37645527090301,-0.7337711605351172,-0.15867639130434782
257,0.8833645117056855,0.1334308026755853,0.43043466555183946,-0.12876628762541806,0.80327927090301,0.3959918093645485,0.39284728428093646,0.20877307023411373,0.8892031505016723,-0.2514144548494983,-0.3352990367892977,-0.18347614715719066,0.5312780200668896,0.27872177926421404,-0.7976788795986621,-0.06123935785953177,0.6883433612040134,0.05264940468227425,-0.7056800133779264,0.15940470568561874,0.5426113277591973,0.3766988227424749,-0.7338645986622073,-0.15841752173913043
258,0.8833514214046823,0.13345376923076924,0.43043260535117056,-0.1288380702341137,0.8031324581939799,0.39599421070234114,0.3929428193979933,0.20915372575250837,0.8883081638795987,-0.2526029331103679,-0.33775731103678935,-0.18165478929765885,0.5310106722408027,0.2788098394648829,-0.7978467056856187,-0.06096827759197324,0.688065889632107,0.052807311036789296,-0.7058978160535117,0.1595848829431438,0.5423828026755853,0.3769663210702341,-0.7339520501672241,-0.15815685618729097
259,0.8833402608695653,0.1334717491638796,0.4304269899665552,-0.12891381939799332,0.8029813612040133,0.395991364548495,0.3930513177257525,0.20953572240802676,0.8874077391304348,-0.2537854983277592,-0.34020800334448165,-0.17982563545150498,0.5307432307692308,0.27889955852842807,-0.7980137424749164,-0.06069777257525083,0.6877899498327759,0.05297274247491639,-0.7061132508361204,0.159767127090301,0.5421555518394648,0.3772390501672241,-0.7340363712374582,-0.15789641806020066
260,0.8833284782608696,0.13349378260869565,0.43042195652173915,-0.12898882608695653,0.8028256086956522,0.39599578260869567,0.3931629565217391,0.20991460869565218,0.886497,-0.2549684347826087,-0.3426559565217392,-0.17799495652173908,0.5304771739130435,0.27898426086956524,-0.798181,-0.06043295652173913,0.6875194782608696,0.05313504347826087,-0.7063236086956522,0.1599488695652174,0.5419311304347826,0.3775071739130435,-0.7341207826086956,-0.15763743478260867
261,0.8833077993311037,0.13353360869565217,0.4304334448160535,-0.12905239464882945,0.8026647725752508,0.3960179933110368,0.39326252173913046,0.21029984949832778,0.8855633846153846,-0.25615709030100337,-0.345115983277592,-0.1761744448160535,0.5302022207357859,0.279056254180602,-0.7983571538461539,-0.060180214046822736,0.6872521839464883,0.05328209364548495,-0.7065326956521739,0.16012425752508364,0.5417028963210703,0.3777606822742475,-0.7342134548494984,-0.1573816287625418
262,0.8832864581939799,0.1336045585284281,0.43043963545150504,-0.12910404347826088,0.8024933411371238,0.3960700033444816,0.3933634113712374,0.21066853511705685,0.8846079163879599,-0.2573715719063545,-0.3475687257525084,-0.1743632040133779,0.5299497826086956,0.27909778595317725,-0.7985280100334448,-0.05994601337792642,0.6870173377926422,0.05339404682274248,-0.7067139698996655,0.1602969966555184,0.541493204013378,0.3779777692307692,-0.7343094381270904,-0.15713178260869565
263,0.8832658695652174,0.133681237458194,0.43044242809364547,-0.12915553846153846,0.8023065518394649,0.396138237458194,0.393478635451505,0.21103591304347827,0.8836434615384615,-0.2585892408026756,-0.350014762541806,-0.1725491337792642,0.5297021538461538,0.27913497658862874,-0.7986967525083611,-0.059714715719063546,0.6867905685618729,0.05350735451505017,-0.7068866086956521,0.16047017725752508,0.5412885551839465,0.37818872575250834,-0.7344042274247492,-0.15688629431438128
264,0.8832471204013378,0.13375684615384614,0.43044009030100333,-0.12921265217391306,0.8021101170568562,0.3962091906354515,0.39360946822742476,0.21140352842809365,0.8826730635451505,-0.2598050702341137,-0.35245233444816054,-0.17072547826086956,0.52945127090301,0.27917483277591976,-0.7988664214046823,-0.05948322408026756,0.686563254180602,0.0536334381270903,-0.707058779264214,0.1606411237458194,0.5410821036789297,0.37840264214046826,-0.7344974715719064,-0.15664719397993312
265,0.8832318026755853,0.1338273076923077,0.4304286020066889,-0.12928234782608697,0.8019171137123746,0.39626127090301005,0.39375345484949836,0.21176885618729097,0.8816980903010033,-0.2610174682274248,-0.35487789632107025,-0.16888352173913043,0.5291878060200669,0.2792215518394649,-0.7990418093645485,-0.05925116053511706,0.6863273612040134,0.053781254180602006,-0.7072395284280937,0.160803491638796,0.5408653578595317,0.37862628093645484,-0.734590143812709,-0.15641895986622073
266,0.883223016722408,0.13389849498327758,0.43040042140468227,-0.1293665585284281,0.8017487859531772,0.3962864983277592,0.39387784615384613,0.21212982943143813,0.880718762541806,-0.26223204347826085,-0.35728458862876256,-0.16702051839464882,0.5289214381270904,0.2792668193979933,-0.7992201003344481,-0.05901982274247492,0.6860892909698997,0.053944311036789296,-0.707423906354515,0.16095642474916388,0.5406464347826088,0.3788528227424749,-0.734681364548495,-0.15620088628762543
267,0.8832150836120402,0.13397365551839466,0.4303668929765886,-0.12945501337792642,0.8015955886287626,0.39629401672240805,0.3939873879598662,0.21249154515050167,0.8797308361204014,-0.2634496889632107,-0.3596823712374582,-0.16514946822742477,0.5286485183946488,0.27931249832775923,-0.7994010100334448,-0.058792458193979935,0.6858515919732441,0.054113127090301,-0.7076084849498328,0.16110146153846153,0.5404273913043479,0.3790770668896321,-0.7347710301003344,-0.15599271571906356
268,0.8832074247491639,0.13405564548494983,0.43032986622073577,-0.12954384280936454,0.8014523879598662,0.39629557525083614,0.39407997993311034,0.21285664214046823,0.8787328394648829,-0.2646715551839465,-0.3620731906354515,-0.16327483612040133,0.528372033444816,0.2793553612040134,-0.7995845785953177,-0.05857063545150502,0.6856167424749164,0.05428030769230769,-0.7077915183946488,0.16123903678929766,0.540211695652174,0.37929478929765886,-0.7348596153846153,-0.15579284615384614
269,0.88319981270903,0.13414683277591974,0.4302907591973244,-0.12962948160535115,0.8013130367892977,0.39630440468227424,0.3941545284280936,0.2132273076923077,0.8777237926421404,-0.2658984113712375,-0.36445866889632106,-0.16140068896321072,0.5280959698996656,0.27939210033444817,-0.7997703846153845,-0.05835551505016722,0.6853873979933109,0.05443854180602007,-0.7079710802675585,0.16137021404682275,0.540002889632107,0.37950215719063546,-0.7349475050167223,-0.15559917056856187
270,0.8831936856187291,0.1342395050167224,0.43025016722408027,-0.12971066555183947,0.801150668896321,0.39635035785953177,0.39423724414715716,0.21359723076923076,0.8767028662207358,-0.26712229765886286,-0.36683597993311035,-0.15952579933110372,0.52783327090301,0.27942809698996657,-0.7999465384615384,-0.05814336454849498,0.6851714180602007,0.0545871237458194,-0.7081372775919732,0.1615080735785953,0.5398029933110368,0.37970358528428094,-0.7350294548494983,-0.15540846488294313
271,0.8831892240802676,0.13432495986622073,0.43020735451505016,-0.12979573578595316,0.8009755317725752,0.396408525083612,0.3943321739130435,0.21396992976588627,0.8756769431438127,-0.26833730100334446,-0.36920496321070234,-0.15764202675585284,0.5275766789297659,0.2794624280936455,-0.8001193612040134,-0.05793065886287625,0.6849537725752508,0.05473681605351171,-0.7083040301003344,0.16164870903010034,0.5396080936454849,0.3799061237458194,-0.7351097391304349,-0.15521220735785954
272,0.8831850735785953,0.1344057491638796,0.4301633779264214,-0.12988517056856186,0.8008045384615384,0.39645944816053513,0.3944221070234114,0.21435010367892976,0.8746446287625418,-0.26954540133779264,-0.37156821739130436,-0.15574974581939796,0.5273249732441472,0.27949259531772574,-0.8002902775919732,-0.05771677926421404,0.6847351739130434,0.054885645484949834,-0.7084709933110368,0.1617916822742475,0.5394144481605351,0.3801081204013378,-0.735190033444816,-0.15501191638795986
273,0.883181,0.1344836956521739,0.43011808695652176,-0.1299786956521739,0.8006474782608696,0.39649026086956524,0.39449878260869564,0.21473995652173913,0.8736052173913043,-0.2707481739130435,-0.3739261739130435,-0.1538495652173913,0.5270767391304348,0.27951847826086956,-0.8004601304347826,-0.05750191304347826,0.6845162173913043,0.05503408695652175,-0.7086378695652173,0.161936,0.5392199130434783,0.38031000000000004,-0.7352704347826087,-0.15481
274,0.883181,0.13456028428093647,0.4300660066889632,-0.13007289966555186,0.8005019598662207,0.3964925585284281,0.39457613712374584,0.21513591973244145,0.872559016722408,-0.2719475518394649,-0.3762705518394649,-0.15194327424749163,0.5268278260869566,0.27954911371237456,-0.8006286254180601,-0.05728976254180602,0.6842979397993311,0.05519339130434783,-0.7088040668896322,0.1620769230769231,0.5390253779264215,0.38052138461538465,-0.7353447257525083,-0.15461623076923076
275,0.883181618729097,0.134635635451505,0.4300145451505017,-0.13016153511705686,0.8003582976588629,0.396491762541806,0.39465163545150506,0.2155312642140468,0.8715022976588629,-0.2731413612040134,-0.3786087424749164,-0.15003822073578593,0.5265677759197325,0.2795846989966555,-0.8008020702341136,-0.0570763745819398,0.6840753311036789,0.05536073913043479,-0.7089739765886288,0.16221722742474914,0.5388246555183946,0.38074019397993314,-0.735418397993311,-0.15442741137123744
276,0.883182,0.134708,0.42996553846153845,-0.13024653846153847,0.8002085384615384,0.39649946153846155,0.3947332307692308,0.21592223076923078,0.8704373076923078,-0.2743280769230769,-0.38094276923076925,-0.14813384615384614,0.5263031538461539,0.27962646153846155,-0.8009766923076923,-0.056861153846153846,0.683849,0.055533846153846156,-0.7091470769230769,0.16235776923076922,0.5386186153846154,0.38096769230769234,-0.7354911538461538,-0.15423976923076924
277,0.8831816989966556,0.13477709364548496,0.4299200234113712,-0.13032759866220736,0.8000494381270903,0.39651871906354513,0.39482491973244144,0.21630870234113714,0.8693640401337793,-0.27550726755852845,-0.38327367558528425,-0.14623045484949834,0.5260348193979933,0.279676491638796,-0.8011513143812709,-0.05664380602006689,0.6836192474916387,0.05571317391304348,-0.7093224648829431,0.16249959531772576,0.5384074080267558,0.3812041605351171,-0.7355626956521739,-0.1540524280936455
278,0.8831801672240802,0.13484372575250836,0.42987943143812707,-0.13040188963210703,0.7998786454849498,0.3965478227424749,0.3949313779264214,0.2166939431438127,0.8682803110367893,-0.27667907357859534,-0.38560273578595317,-0.14432952508361205,0.5257591003344482,0.27974006020066894,-0.8013259364548495,-0.056423996655518394,0.6833864180602006,0.055902347826086954,-0.7094978528428093,0.16264511371237458,0.5381906622073578,0.3814492441471572,-0.7356323913043478,-0.15386631772575252
279,0.8831738595317726,0.1349233210702341,0.42984702675585285,-0.13046935785953176,0.7997051237458195,0.3965905719063545,0.3950310133779264,0.21707304347826087,0.8671767959866221,-0.27785497324414715,-0.38793384280936455,-0.14243405351170568,0.525484745819398,0.2797954414715719,-0.8015012408026756,-0.05621169230769231,0.683155635451505,0.05607105351170569,-0.709675287625418,0.16278312709030102,0.5379807391304348,0.3816806822742475,-0.7357034515050167,-0.15368634782608695
280,0.8831656220735786,0.13501884615384616,0.42981652173913043,-0.1305283712374582,0.7995375418060201,0.39664171571906354,0.3951123344481605,0.2174487023411371,0.8660583076923076,-0.2790412341137124,-0.3902625117056856,-0.1405441806020067,0.5252150401337793,0.2798314448160535,-0.8016793177257525,-0.05600747826086957,0.6829354113712375,0.05622111705685619,-0.7098444581939799,0.16291842809364548,0.5377756856187291,0.38189565886287624,-0.7357787123745819,-0.15351071571906355
281,0.8831564314381272,0.13512667892976588,0.42978622408026756,-0.1305800568561873,0.7993741939799331,0.39669955183946487,0.3951795518394649,0.2178218127090301,0.8649266421404682,-0.280235127090301,-0.3925867056856187,-0.13865844481605355,0.5249521505016723,0.2798524949832776,-0.8018578026755853,-0.05580963210702341,0.6827257056856187,0.05635503344481606,-0.7100048093645485,0.16305267224080267,0.5375767023411372,0.3820962976588629,-0.7358564046822743,-0.15333634113712374
282,0.8831472408026756,0.13524003010033445,0.42975482274247495,-0.13062677591973243,0.7992102943143813,0.39676235451505015,0.39524235451505013,0.21819326755852844,0.8637839397993311,-0.2814306755852843,-0.3949042775919733,-0.13677436454849495,0.5246986421404682,0.2798685785953177,-0.8020324247491639,-0.05561509698996655,0.6825242775919732,0.0564768093645485,-0.7101579866220735,0.16318746822742475,0.5373859966555183,0.3822870033444816,-0.7359329933110368,-0.15315865551839467
283,0.8831365585284281,0.1353444314381271,0.42973087959866224,-0.13066902006688963,0.7990486321070234,0.3968184448160535,0.3953006822742475,0.21857740133779266,0.862630050167224,-0.2826120535117057,-0.39721961204013384,-0.13489177591973242,0.5244391672240802,0.27989659531772576,-0.8022055551839464,-0.05541459531772575,0.6823153913043478,0.05660380602006689,-0.7103163846153846,0.16332599331103678,0.5371900702341137,0.38248815050167223,-0.7360103277591974,-0.15297724080267558
284,0.8831263478260869,0.13544142809364548,0.4297117424749164,-0.13069886287625418,0.7988773076923077,0.3968774247491639,0.3953721939799331,0.2189669933110368,0.8614686956521739,-0.2837812809364549,-0.3995302809364549,-0.13301741471571904,0.5241723678929766,0.2799315852842809,-0.8023812040133779,-0.05521853846153846,0.6820991404682274,0.056732478260869565,-0.7104836220735786,0.1634569431438127,0.5369863277591973,0.3826946956521739,-0.7360887056856187,-0.1527998193979933
285,0.8831136153846154,0.13553653177257527,0.4297018327759197,-0.13071788628762543,0.7986989331103679,0.3969373745819398,0.39545309030100334,0.21936273578595317,0.8602960100334448,-0.2849427190635452,-0.40184171571906363,-0.1311518394648829,0.523905618729097,0.27997071237458193,-0.802555347826087,-0.055022548494983274,0.6818823846153846,0.056856638795986625,-0.710651016722408,0.1635907424749164,0.536779050167224,0.3829026722408027,-0.7361687023411371,-0.15261971237458194
286,0.8830957826086957,0.135635,0.429704652173913,-0.13072817391304348,0.7985155217391304,0.3969993913043478,0.3955386956521739,0.2197636956521739,0.8591086086956521,-0.28610069565217394,-0.4041585652173914,-0.1292947391304347,0.523645652173913,0.280011,-0.8027244782608696,-0.05482230434782608,0.6816712173913044,0.05697065217391305,-0.7108108260869566,0.1637367391304348,0.5365729130434782,0.38310821739130435,-0.7362506521739131,-0.1524305652173913
287,0.8830743377926421,0.1357406923076923,0.4297161404682274,-0.13073123745819398,0.7983133277591973,0.39711197658862873,0.39562141137123746,0.220145872909699,0.8579038695652174,-0.28725794983277597,-0.4064761371237459,-0.12744052842809359,0.5233929096989967,0.2800462307692308,-0.8028914414715719,-0.05461628093645485,0.6814636622073579,0.05707021739130435,-0.7109663010033445,0.1638906822742475,0.5363776120401337,0.3833058160535117,-0.736332602006689,-0.1522291371237458
288,0.8830517424749164,0.13583948160535117,0.42972877926421404,-0.13073890301003344,0.7981030802675585,0.3972239866220736,0.39572138461538464,0.2205257491638796,0.856691652173913,-0.28840600000000005,-0.4087902575250837,-0.125579414715719,0.523134414715719,0.2800895150501672,-0.8030589799331104,-0.05440335451505016,0.6812503545150502,0.057182438127090306,-0.7111246521739131,0.16405267892976588,0.5361754080267559,0.38351376923076924,-0.7364139765886287,-0.1520208060200669
289,0.8830291070234114,0.13592916053511708,0.4297407759197325,-0.1307566220735786,0.7978935752508362,0.39732625418060197,0.3958328762541806,0.22089906354515051,0.8554752508361203,-0.28954315384615387,-0.4110991404682275,-0.1237050969899665,0.5228682140468227,0.2801344448160535,-0.803231143812709,-0.054183364548494976,0.6810255886287626,0.057308745819397995,-0.7112918026755852,0.16421666220735787,0.5359617056856187,0.38373402341137125,-0.7364989130434783,-0.15180609364548495
290,0.8830077525083612,0.13600852508361205,0.42974978595317725,-0.13078710033444818,0.7976922775919733,0.3974121337792642,0.3959486989966555,0.22126397993311037,0.8542564046822743,-0.29066882608695654,-0.41340057190635454,-0.12181408361204007,0.5225945785953178,0.28017799331103677,-0.8034090434782609,-0.05395721404682274,0.6807876454849499,0.05744919063545151,-0.7114701137123746,0.16437915384615384,0.5357363210702342,0.3839660702341137,-0.7365880936454849,-0.1515856421404682
291,0.8829916688963211,0.1360766889632107,0.42974825418060203,-0.13083075585284282,0.7975153578595318,0.39747034113712376,0.3960467324414716,0.22162164882943144,0.8530355819397992,-0.29178395652173916,-0.4156875083612041,-0.11990396321070229,0.5223196254180602,0.2802208829431438,-0.8035882608695653,-0.05372974581939798,0.6805417959866221,0.05760083612040134,-0.7116569899665551,0.1645376923076923,0.535509618729097,0.38420272909698994,-0.7366746387959867,-0.15136123745819396
292,0.8829723913043479,0.13615060200668896,0.4297492775919733,-0.13088016053511706,0.797367822742475,0.3975049130434783,0.3961141036789298,0.2219703745819398,0.8518019832775919,-0.2928990869565217,-0.41797316722408034,-0.11798617725752504,0.5220504214046823,0.28025546822742475,-0.8037662006688964,-0.05350611036789297,0.6803029732441471,0.057741622073578594,-0.711836839464883,0.1646968695652174,0.5352905819397993,0.3844272508361204,-0.7367643779264215,-0.15112916722408024
293,0.8829516688963212,0.13623172909698997,0.42975121404682276,-0.13092828093645484,0.7972346321070234,0.3975408528428094,0.3961539264214047,0.22231408361204014,0.8505565351170568,-0.29401745484949837,-0.4202553344481606,-0.11606686622073575,0.5217904548494984,0.28028394983277594,-0.8039394347826087,-0.053291331103678924,0.6800764749163879,0.05787053511705686,-0.7120067926421405,0.1648529364548495,0.5350791404682275,0.3846376220735786,-0.7368559665551839,-0.15089719063545148
294,0.8829303946488295,0.1363198093645485,0.42975334113712377,-0.13097235785953176,0.7971011806020066,0.39758528093645484,0.39618654515050167,0.22265558528428095,0.8492995384615384,-0.2951390535117057,-0.42253256521739135,-0.11414840802675583,0.5215382240802675,0.2803074347826087,-0.8041086956521739,-0.05308343478260869,0.6798607525083612,0.05798958528428094,-0.712167966555184,0.16500645484949833,0.5348744816053512,0.38483615384615383,-0.736948127090301,-0.15066768227424748
295,0.8829097157190636,0.13641324749163877,0.429754872909699,-0.13100988628762542,0.7969403444816054,0.3976404247491639,0.3962608361204013,0.22299946822742475,0.8480312307692307,-0.2962618428093645,-0.42480265217391305,-0.11223292642140466,0.5212877792642141,0.280327347826087,-0.8042779565217392,-0.05287434782608696,0.679648602006689,0.05810446822742475,-0.7123249732441472,0.16516116387959864,0.5346745852842809,0.3850299230769231,-0.7370385016722408,-0.15044174581939798
296,0.8828911438127091,0.13649334113712375,0.42975570234113714,-0.13105092642140467,0.7967535217391305,0.39769908026755857,0.396380779264214,0.22334896989966554,0.8467580066889632,-0.2973684782608696,-0.4270636086956522,-0.11030971906354514,0.5210310133779265,0.2803592006688963,-0.8044479197324415,-0.05265683277591973,0.6794245117056856,0.05823269565217391,-0.7124911103678929,0.16532149163879598,0.534465558528428,0.3852384414715719,-0.7371288762541807,-0.15020808361204013
297,0.8828718260869566,0.13657222742474917,0.429757872909699,-0.13109228428093644,0.7965657525083613,0.39775196655518397,0.3965132809364548,0.22368867892976588,0.8454763779264214,-0.2984699063545151,-0.42932046153846154,-0.1083839397993311,0.52077227090301,0.280385110367893,-0.8046207558528428,-0.0524329364548495,0.6791909130434782,0.058354170568561875,-0.712666033444816,0.16548466889632107,0.534249618729097,0.3854454849498328,-0.7372262742474917,-0.14996623076923077
298,0.882852381270903,0.13664526086956522,0.4297597658862876,-0.1311411337792642,0.7963800468227425,0.3977927892976588,0.3966520769230769,0.22403096989966556,0.8441889866220735,-0.29956263210702344,-0.431572889632107,-0.10644783946488294,0.5205128695652175,0.2804110033444816,-0.8047939732441471,-0.05220382943143813,0.6789498494983277,0.058477608695652175,-0.7128467190635451,0.1656516755852843,0.5340279364548496,0.3856570635451505,-0.7373267324414715,-0.14971727424749165
299,0.882834,0.136705,0.429759,-0.131207,0.796197,0.397815,0.396793,0.224394,0.8429,-0.300641,-0.43382,-0.104491,0.520254,0.280447,-0.804964,-0.051971,0.678704,0.058617,-0.713029,0.165824,0.533802,0.385883,-0.737424,-0.149463
