timestep,imu0_w,imu0_x,imu0_y,imu0_z,imu1_w,imu1_x,imu1_y,imu1_z,imu2_w,imu2_x,imu2_y,imu2_z,imu3_w,imu3_x,imu3_y,imu3_z,imu4_w,imu4_x,imu4_y,imu4_z,imu5_w,imu5_x,imu5_y,imu5_z
0,0.67034912109375,-0.676025390625,0.03057861328125,-0.3043212890625,0.7261962890625,0.4462890625,-0.46649169921875,-0.236083984375,0.84576416015625,0.32574462890625,-0.42230224609375,-0.01129150390625,0.65948486328125,0.28009033203125,-0.68450927734375,0.13427734375,0.84808349609375,-0.0091552734375,-0.529541015625,0.01275634765625,0.9285888671875,-0.32391357421875,-0.04620361328125,0.17486572265625
1,0.67034912109375,-0.676025390625,0.03057861328125,-0.3043212890625,0.7261962890625,0.4462890625,-0.46649169921875,-0.236083984375,0.84600830078125,0.32562255859375,-0.42193603515625,-0.01104736328125,0.65948486328125,0.28009033203125,-0.68450927734375,0.13427734375,0.84808349609375,-0.0091552734375,-0.529541015625,0.01275634765625,0.9285355890076296,-0.3240734087583612,-0.0460970569215092,0.1749722790159908
2,0.67034912109375,-0.67596435546875,0.03082275390625,-0.30438232421875,0.7261962890625,0.4461669921875,-0.46661376953125,-0.23614501953125,0.84588623046875,0.3255615234375,-0.42218017578125,-0.0111083984375,0.65948486328125,0.2799072265625,-0.68450927734375,0.13433837890625,0.8480224609375,-0.0093994140625,-0.5296630859375,0.01275634765625,0.92852783203125,-0.3240966796875,-0.0462646484375,0.1748046875
3,0.67034912109375,-0.67596435546875,0.03082275390625,-0.30438232421875,0.7261962890625,0.4461669921875,-0.46661376953125,-0.23614501953125,0.8460693359375,0.3253173828125,-0.42205810546875,-0.010986328125,0.65948486328125,0.2799072265625,-0.68450927734375,0.13433837890625,0.8480224609375,-0.0093994140625,-0.5296630859375,0.01275634765625,0.92852783203125,-0.3240966796875,-0.04608154296875,0.17498779296875
4,0.67034912109375,-0.67596435546875,0.031005859375,-0.304443359375,0.72607421875,0.4461669921875,-0.46673583984375,-0.23614501953125,0.8459772728757317,0.32510733205737874,-0.4223312326896948,-0.011137385033444816,0.65948486328125,0.2796630859375,-0.6846923828125,0.1341552734375,0.8480224609375,-0.009521484375,-0.5296630859375,0.0128173828125,0.92852783203125,-0.3240966796875,-0.04620361328125,0.17486572265625
5,0.67034912109375,-0.67596435546875,0.031005859375,-0.304443359375,0.72607421875,0.4461669921875,-0.46673583984375,-0.23614501953125,0.84600830078125,0.32489013671875,-0.42242431640625,-0.01123046875,0.65948486328125,0.2796630859375,-0.6846923828125,0.1341552734375,0.8480224609375,-0.009521484375,-0.5296630859375,0.0128173828125,0.92852783203125,-0.3240966796875,-0.046142578125,0.1749267578125
6,0.67034912109375,-0.6759033203125,0.0311279296875,-0.304443359375,0.72607421875,0.446044921875,-0.46685791015625,-0.23614501953125,0.8459327723270276,0.32480317693091554,-0.42263334650658446,-0.011305997204222408,0.65948486328125,0.2794189453125,-0.68475341796875,0.13421630859375,0.84796142578125,-0.00958251953125,-0.52972412109375,0.01275634765625,0.92852783203125,-0.3240966796875,-0.04620361328125,0.1748046875
7,0.67034912109375,-0.6759033203125,0.0311279296875,-0.304443359375,0.72607421875,0.446044921875,-0.46685791015625,-0.23614501953125,0.84588623046875,0.32452392578125,-0.42291259765625,-0.0113525390625,0.65948486328125,0.2794189453125,-0.68475341796875,0.13421630859375,0.84796142578125,-0.00958251953125,-0.52972412109375,0.01275634765625,0.928466796875,-0.32415771484375,-0.04620361328125,0.175048828125
8,0.67034912109375,-0.6759033203125,0.03136798769335284,-0.304443359375,0.7261342332514632,0.44586487837061034,-0.4669779391591764,-0.2360850050297868,0.8458262159672868,0.32452392578125,-0.42309264116063966,-0.011472568065426422,0.6594248487797868,0.27923890180811034,-0.6848734469716764,0.1341562940922868,0.8478413967783236,-0.00970356918896321,-0.5299051852529264,0.012819424122073578,0.9285268113764632,-0.32415771484375,-0.046323642284176424,0.17486878462061037
9,0.67034912109375,-0.6759033203125,0.0313720703125,-0.304443359375,0.72613525390625,0.44586181640625,-0.46697998046875,-0.236083984375,0.84564208984375,0.32476806640625,-0.42327880859375,-0.01153564453125,0.659423828125,0.27923583984375,-0.68487548828125,0.1341552734375,0.84783935546875,-0.00970458984375,-0.5299072265625,0.0128173828125,0.9284755745061664,-0.32415771484375,-0.046273426068666385,0.17502249523150085
10,0.67041015625,-0.67584228515625,0.031494140625,-0.30450439453125,0.72625732421875,0.44586181640625,-0.46697998046875,-0.23583984375,0.84564208984375,0.32464599609375,-0.42340087890625,-0.01153564453125,0.6593017578125,0.2791748046875,-0.68499755859375,0.1343994140625,0.84771728515625,-0.00982666015625,-0.53009033203125,0.012939453125,0.928466796875,-0.32421875,-0.04638671875,0.17498779296875
11,0.67041015625,-0.67584228515625,0.031494140625,-0.30450439453125,0.72625732421875,0.44586181640625,-0.46697998046875,-0.23583984375,0.8455810546875,0.3248291015625,-0.42333984375,-0.01141357421875,0.6593017578125,0.2791748046875,-0.68499755859375,0.1343994140625,0.84771728515625,-0.00982666015625,-0.53009033203125,0.012939453125,0.928466796875,-0.3241820064276756,-0.046423462322324416,0.17506128011339883
12,0.67047119140625,-0.67572021484375,0.0316162109375,-0.3045654296875,0.72625732421875,0.44580078125,-0.46697998046875,-0.2357177734375,0.8455520680915551,0.32476500444188966,-0.4234939626228052,-0.011384587622805184,0.6593017578125,0.27911376953125,-0.68499755859375,0.13470458984375,0.84759521484375,-0.00982666015625,-0.53033447265625,0.01312255859375,0.92840576171875,-0.32427978515625,-0.04656982421875,0.17498779296875
13,0.67047119140625,-0.67572021484375,0.0316162109375,-0.3045654296875,0.72625732421875,0.44580078125,-0.46697998046875,-0.2357177734375,0.84552001953125,0.3248291015625,-0.4234619140625,-0.0113525390625,0.6593017578125,0.27911376953125,-0.68499755859375,0.13470458984375,0.84759521484375,-0.00982666015625,-0.53033447265625,0.01312255859375,0.928466796875,-0.32415771484375,-0.04656982421875,0.175048828125
14,0.6705322265625,-0.6756591796875,0.0316162109375,-0.3045654296875,0.72637939453125,0.44573974609375,-0.46697998046875,-0.235595703125,0.8455675820443144,0.32479501169262126,-0.42344844141931437,-0.011278031263064382,0.6593017578125,0.279052734375,-0.6849365234375,0.1348876953125,0.84759521484375,-0.00982666015625,-0.53033447265625,0.01312255859375,0.92840576171875,-0.32421875,-0.04656982421875,0.175048828125
15,0.6705322265625,-0.6756591796875,0.0316162109375,-0.3045654296875,0.72637939453125,0.44573974609375,-0.46697998046875,-0.235595703125,0.84552001953125,0.32489013671875,-0.42340087890625,-0.01123046875,0.6593017578125,0.279052734375,-0.6849365234375,0.1348876953125,0.84759521484375,-0.00982666015625,-0.53033447265625,0.01312255859375,0.928466796875,-0.3240966796875,-0.046630859375,0.17498779296875
16,0.6705322265625,-0.6756591796875,0.03155517578125,-0.30450439453125,0.7263224419941472,0.44573974609375,-0.4669779391591764,-0.23571573212792643,0.8455810546875,0.32489013671875,-0.42333984375,-0.01123046875,0.65924072265625,0.2791748046875,-0.6849365234375,0.13482666015625,0.84765625,-0.009765625,-0.5302734375,0.01312255859375,0.928466796875,-0.3240966796875,-0.0465087890625,0.175048828125
17,0.6705322265625,-0.6756591796875,0.03155517578125,-0.30450439453125,0.726318359375,0.44573974609375,-0.46697998046875,-0.2357177734375,0.845458984375,0.3250732421875,-0.4234619140625,-0.0113525390625,0.65924072265625,0.2791748046875,-0.6849365234375,0.13482666015625,0.84765625,-0.009765625,-0.5302734375,0.01312255859375,0.928466796875,-0.3240966796875,-0.04661126280309365,0.175048828125
18,0.6705322265625,-0.67572021484375,0.031494140625,-0.30438232421875,0.72637939453125,0.44569626619983277,-0.46696242520641723,-0.23575288396216554,0.84552001953125,0.3250732421875,-0.42333984375,-0.01141357421875,0.6593017578125,0.279052734375,-0.68499755859375,0.13470458984375,0.84759521484375,-0.00970458984375,-0.5302734375,0.01300048828125,0.928466796875,-0.32403564453125,-0.04644775390625,0.175048828125
19,0.6705322265625,-0.67572021484375,0.031494140625,-0.30438232421875,0.72637939453125,0.4456787109375,-0.46697998046875,-0.2357177734375,0.84552001953125,0.32501220703125,-0.42340087890625,-0.01129150390625,0.6593017578125,0.279052734375,-0.68499755859375,0.13470458984375,0.84759521484375,-0.00970458984375,-0.5302734375,0.01300048828125,0.928466796875,-0.32410709036632523,-0.04655492265886287,0.17508455104253762
20,0.6705322265625,-0.67578125,0.031494140625,-0.30426025390625,0.72637939453125,0.445556640625,-0.46710205078125,-0.2357177734375,0.845464087648934,0.32501220703125,-0.42347967345579013,-0.011441540159908026,0.6591796875,0.27899169921875,-0.68511962890625,0.13470458984375,0.8475341796875,-0.00982666015625,-0.53045654296875,0.01300048828125,0.928466796875,-0.3240966796875,-0.04656982421875,0.175048828125
21,0.6705322265625,-0.67578125,0.031494140625,-0.30426025390625,0.72637939453125,0.445556640625,-0.46710205078125,-0.2357177734375,0.84539794921875,0.32501220703125,-0.42364501953125,-0.011474609375,0.6591796875,0.27899169921875,-0.68511962890625,0.13470458984375,0.8475341796875,-0.00982666015625,-0.53045654296875,0.01300048828125,0.928466796875,-0.3240966796875,-0.046610242148306856,0.17506903708977842
22,0.67047119140625,-0.6759033203125,0.03167724609375,-0.30419921875,0.72637939453125,0.44549560546875,-0.4671630859375,-0.23565673828125,0.8453007828830477,0.32504833821070234,-0.42375463785535117,-0.011632810866952342,0.6590576171875,0.27880859375,-0.68536376953125,0.1343994140625,0.84747314453125,-0.00982666015625,-0.530517578125,0.0128173828125,0.92852783203125,-0.323974609375,-0.04669189453125,0.1749267578125
23,0.67047119140625,-0.6759033203125,0.03167724609375,-0.30419921875,0.72637939453125,0.44549560546875,-0.4671630859375,-0.23565673828125,0.84539794921875,0.324951171875,-0.4237060546875,-0.01153564453125,0.6590576171875,0.27880859375,-0.68536376953125,0.1343994140625,0.84747314453125,-0.00982666015625,-0.530517578125,0.0128173828125,0.928466796875,-0.32403564453125,-0.04669189453125,0.1751708984375
24,0.6705322265625,-0.67584228515625,0.03179931640625,-0.30419921875,0.7264922789506689,0.4454345703125,-0.4671112366743311,-0.23559876508936037,0.8453369140625,0.32489013671875,-0.423828125,-0.0115966796875,0.65924072265625,0.27862548828125,-0.68524169921875,0.1346435546875,0.84747314453125,-0.010009765625,-0.530517578125,0.012939453125,0.928466796875,-0.3240966796875,-0.04669189453125,0.175048828125
25,0.6705322265625,-0.67584228515625,0.03179931640625,-0.30419921875,0.72650146484375,0.4454345703125,-0.46710205078125,-0.235595703125,0.8455810546875,0.32476806640625,-0.4234619140625,-0.0113525390625,0.65924072265625,0.27862548828125,-0.68524169921875,0.1346435546875,0.84747314453125,-0.010009765625,-0.530517578125,0.012939453125,0.92851701309051,-0.32404646347198995,-0.046491029669209864,0.175048828125
26,0.6705322265625,-0.67572021484375,0.0318603515625,-0.304443359375,0.7264828889266305,0.44549560546875,-0.4670967433763587,-0.2354789402173913,0.845458984375,0.32476806640625,-0.42364501953125,-0.01116943359375,0.6593017578125,0.278564453125,-0.6851806640625,0.1348876953125,0.84747314453125,-0.01007080078125,-0.530517578125,0.01312255859375,0.928466796875,-0.32415771484375,-0.04669189453125,0.175048828125
27,0.6705322265625,-0.67572021484375,0.0318603515625,-0.304443359375,0.72650146484375,0.44549560546875,-0.467041015625,-0.23553466796875,0.84564208984375,0.3248291015625,-0.4232177734375,-0.01129150390625,0.6593017578125,0.278564453125,-0.6851806640625,0.1348876953125,0.84747314453125,-0.01007080078125,-0.530517578125,0.01312255859375,0.9285014991377508,-0.3240883103182483,-0.046518383217495816,0.175048828125
28,0.67047119140625,-0.6756591796875,0.0318603515625,-0.3046875,0.7265625,0.4456787109375,-0.46685791015625,-0.2354736328125,0.8456079999738713,0.32486319143237874,-0.42328595317725753,-0.011155144426734948,0.6593017578125,0.27886962890625,-0.68499755859375,0.135009765625,0.8475341796875,-0.0098876953125,-0.5303955078125,0.01318359375,0.928466796875,-0.3240966796875,-0.046630859375,0.17510986328125
29,0.67047119140625,-0.6756591796875,0.0318603515625,-0.3046875,0.7265625,0.4456787109375,-0.46685791015625,-0.2354736328125,0.84564208984375,0.3248291015625,-0.4232177734375,-0.01129150390625,0.6593017578125,0.27886962890625,-0.68499755859375,0.135009765625,0.8475341796875,-0.0098876953125,-0.5303955078125,0.01318359375,0.928466796875,-0.3240966796875,-0.04655410613503344,0.17510986328125
30,0.67047119140625,-0.675537109375,0.03192138671875,-0.304931640625,0.7265625,0.44549560546875,-0.46697998046875,-0.23541259765625,0.8456153486883361,0.3248291015625,-0.42333229090457775,-0.01109696710388796,0.6593017578125,0.27886962890625,-0.68499755859375,0.13507080078125,0.8475341796875,-0.00994873046875,-0.53033447265625,0.01324462890625,0.92840576171875,-0.32421875,-0.046630859375,0.1751708984375
31,0.67047119140625,-0.675537109375,0.03192138671875,-0.304931640625,0.7265625,0.44549560546875,-0.46697998046875,-0.23541259765625,0.84576416015625,0.3248291015625,-0.42303466796875,-0.01104736328125,0.6593017578125,0.27886962890625,-0.68499755859375,0.13507080078125,0.8475341796875,-0.00994873046875,-0.53033447265625,0.01324462890625,0.9284094360759825,-0.3242114012855351,-0.04661983630330267,0.1751782471519649
32,0.67041015625,-0.675537109375,0.0321044921875,-0.3050537109375,0.7266112872988085,0.44567462831835286,-0.4668172880957358,-0.2352986925820443,0.84564208984375,0.324951171875,-0.4232177734375,-0.01104736328125,0.65936279296875,0.2789306640625,-0.68487548828125,0.13531494140625,0.84759521484375,-0.00982666015625,-0.5302734375,0.01348876953125,0.928466796875,-0.32403564453125,-0.046630859375,0.1751708984375
33,0.67041015625,-0.675537109375,0.0321044921875,-0.3050537109375,0.72662353515625,0.4456787109375,-0.466796875,-0.23529052734375,0.84576416015625,0.3250732421875,-0.4228515625,-0.0107421875,0.65936279296875,0.2789306640625,-0.68487548828125,0.13531494140625,0.84759521484375,-0.00982666015625,-0.5302734375,0.01348876953125,0.928466796875,-0.32403564453125,-0.046630859375,0.1751708984375
34,0.67041015625,-0.67547607421875,0.03228759765625,-0.30511474609375,0.7265843420124373,0.44559583376881273,-0.46702141905309363,-0.23516621159071907,0.845703125,0.32501220703125,-0.42303466796875,-0.0107421875,0.65924072265625,0.27874755859375,-0.68499755859375,0.1353759765625,0.847412109375,-0.0098876953125,-0.53057861328125,0.013427734375,0.928466796875,-0.32403564453125,-0.04669189453125,0.17523193359375
35,0.67041015625,-0.67547607421875,0.03228759765625,-0.30511474609375,0.72662353515625,0.445556640625,-0.467041015625,-0.235107421875,0.845703125,0.324951171875,-0.423095703125,-0.01068115234375,0.65924072265625,0.27874755859375,-0.68499755859375,0.1353759765625,0.847412109375,-0.0098876953125,-0.53057861328125,0.013427734375,0.928433115267036,-0.3241030077471781,-0.04672557613921405,0.1752992968096781
36,0.67034912109375,-0.675537109375,0.032470703125,-0.30511474609375,0.7265533141069189,0.4455658265180811,-0.46707612614966554,-0.23516845703125,0.84564208984375,0.32493443313649667,-0.42324369806908446,-0.01080322265625,0.65911865234375,0.27862548828125,-0.68524169921875,0.1351318359375,0.84735107421875,-0.010009765625,-0.53070068359375,0.0133056640625,0.928466796875,-0.32403564453125,-0.04681396484375,0.17523193359375
37,0.67034912109375,-0.675537109375,0.032470703125,-0.30511474609375,0.72662353515625,0.44549560546875,-0.467041015625,-0.23516845703125,0.84564208984375,0.3248291015625,-0.42327880859375,-0.01080322265625,0.65911865234375,0.27862548828125,-0.68524169921875,0.1351318359375,0.84735107421875,-0.010009765625,-0.53070068359375,0.0133056640625,0.9284486292197951,-0.3240719798416597,-0.04679579718854515,0.17528643655936454
38,0.6702880859375,-0.67559814453125,0.03265380859375,-0.30523681640625,0.7265625,0.44549560546875,-0.4671630859375,-0.23516845703125,0.8455304302100752,0.32496158255382523,-0.42343068202602424,-0.01077199061977425,0.65899658203125,0.27862548828125,-0.68536376953125,0.1351318359375,0.8472900390625,-0.010009765625,-0.53076171875,0.013427734375,0.92840576171875,-0.32403564453125,-0.0469970703125,0.17529296875
39,0.6702880859375,-0.67559814453125,0.03265380859375,-0.30523681640625,0.7265625,0.44549560546875,-0.4671630859375,-0.23516845703125,0.8455810546875,0.32501220703125,-0.42327880859375,-0.0106201171875,0.65899658203125,0.27862548828125,-0.68536376953125,0.1351318359375,0.8472900390625,-0.010009765625,-0.53076171875,0.013427734375,0.92840576171875,-0.32403564453125,-0.04698910920516304,0.1752982761548913
40,0.67022705078125,-0.675537109375,0.03289794921875,-0.30535888671875,0.7265471901781981,0.44561257250731606,-0.46706653199466974,-0.2350565932666179,0.845458984375,0.32501220703125,-0.42352294921875,-0.0106201171875,0.6588134765625,0.27850341796875,-0.68560791015625,0.135009765625,0.84716796875,-0.010009765625,-0.53094482421875,0.0133056640625,0.92840576171875,-0.32403564453125,-0.04705810546875,0.17529296875
41,0.67022705078125,-0.675537109375,0.03289794921875,-0.30535888671875,0.7265625,0.44561767578125,-0.467041015625,-0.23504638671875,0.84527587890625,0.32513427734375,-0.4237060546875,-0.0107421875,0.6588134765625,0.27850341796875,-0.68560791015625,0.135009765625,0.84716796875,-0.010009765625,-0.53094482421875,0.0133056640625,0.92840576171875,-0.32403564453125,-0.04705810546875,0.17529296875
42,0.67022705078125,-0.67547607421875,0.0330810546875,-0.30548095703125,0.7266425193352842,0.44563829300794316,-0.4670220314459657,-0.23482367984427258,0.84521484375,0.32513427734375,-0.4239501953125,-0.0107421875,0.65863037109375,0.2783203125,-0.685791015625,0.13519287109375,0.8470458984375,-0.0101318359375,-0.5311279296875,0.013427734375,0.92840576171875,-0.32403564453125,-0.04718017578125,0.1754150390625
43,0.67022705078125,-0.67547607421875,0.0330810546875,-0.30548095703125,0.72674560546875,0.44561767578125,-0.4669189453125,-0.2347412109375,0.84515380859375,0.3250732421875,-0.42401123046875,-0.01068115234375,0.65863037109375,0.2783203125,-0.685791015625,0.13519287109375,0.8470458984375,-0.0101318359375,-0.5311279296875,0.013427734375,0.92840576171875,-0.32403564453125,-0.04718017578125,0.1754150390625
44,0.67022705078125,-0.6754150390625,0.0333251953125,-0.30560302734375,0.7266733431098453,0.44565380696070234,-0.46706347003030935,-0.23470507975804766,0.8449819303276547,0.3251230501410953,-0.4243051790473453,-0.010755864274142976,0.65850830078125,0.27801513671875,-0.68609619140625,0.13507080078125,0.846923828125,-0.01025390625,-0.5313720703125,0.01336669921875,0.92840576171875,-0.3240966796875,-0.04736328125,0.17529296875
45,0.67022705078125,-0.6754150390625,0.0333251953125,-0.30560302734375,0.72674560546875,0.44561767578125,-0.4669189453125,-0.2347412109375,0.84490966796875,0.3251953125,-0.42437744140625,-0.0108642578125,0.65850830078125,0.27801513671875,-0.68609619140625,0.13507080078125,0.846923828125,-0.01025390625,-0.5313720703125,0.01336669921875,0.92840576171875,-0.3240966796875,-0.04736328125,0.17529296875
46,0.670166015625,-0.67535400390625,0.033447265625,-0.30572509765625,0.7266939603365384,0.44565054086538464,-0.467041015625,-0.23469895582932693,0.8448486328125,0.32525634765625,-0.42455115685096156,-0.010850172776442313,0.65838623046875,0.27801513671875,-0.68621826171875,0.135009765625,0.84686279296875,-0.01025390625,-0.53143310546875,0.01336669921875,0.92840576171875,-0.32403564453125,-0.0474853515625,0.17535400390625
47,0.670166015625,-0.67535400390625,0.033447265625,-0.30572509765625,0.72674560546875,0.44549560546875,-0.467041015625,-0.23480224609375,0.8448486328125,0.32525634765625,-0.42449951171875,-0.0111083984375,0.65838623046875,0.27801513671875,-0.68621826171875,0.135009765625,0.84686279296875,-0.01025390625,-0.53143310546875,0.01336669921875,0.9284041286710911,-0.3240389106265677,-0.047478819371864545,0.17535890304922658
48,0.67010498046875,-0.6754150390625,0.03369140625,-0.30584716796875,0.7265625,0.4456787109375,-0.46722412109375,-0.23480224609375,0.8447265625,0.32537841796875,-0.4246826171875,-0.0111083984375,0.65838623046875,0.27789306640625,-0.686279296875,0.13494873046875,0.84686279296875,-0.01031494140625,-0.53143310546875,0.0133056640625,0.92840576171875,-0.32403564453125,-0.0474853515625,0.17535400390625
49,0.67010498046875,-0.6754150390625,0.03369140625,-0.30584716796875,0.7266845703125,0.4454345703125,-0.4671630859375,-0.23492431640625,0.844970703125,0.3250732421875,-0.4244384765625,-0.0108642578125,0.65838623046875,0.27789306640625,-0.686279296875,0.13494873046875,0.84686279296875,-0.01031494140625,-0.53143310546875,0.0133056640625,0.92840576171875,-0.32403564453125,-0.0474853515625,0.17535400390625
50,0.6700439453125,-0.6754150390625,0.0340576171875,-0.30596923828125,0.7265980187865803,0.44547784607545987,-0.4672890347381898,-0.23488491913147994,0.8447265625,0.32513427734375,-0.4248046875,-0.010986328125,0.6583251953125,0.27764892578125,-0.68646240234375,0.13494873046875,0.84674072265625,-0.010498046875,-0.5316162109375,0.01324462890625,0.92840576171875,-0.32403564453125,-0.0474853515625,0.17529296875
51,0.6700439453125,-0.6754150390625,0.0340576171875,-0.30596923828125,0.7266845703125,0.4454345703125,-0.46722412109375,-0.23486328125,0.84490966796875,0.324951171875,-0.4246826171875,-0.0108642578125,0.6583251953125,0.27764892578125,-0.68646240234375,0.13494873046875,0.84674072265625,-0.010498046875,-0.5316162109375,0.01324462890625,0.92840576171875,-0.32403564453125,-0.0474853515625,0.17529296875
52,0.6700439453125,-0.67529296875,0.0343017578125,-0.30615234375,0.7266208814538043,0.4454345703125,-0.46732496178668476,-0.2346456776494565,0.8447743291440217,0.324951171875,-0.4248683763586957,-0.01080322265625,0.65826416015625,0.2774658203125,-0.6865234375,0.1351318359375,0.84674072265625,-0.01055908203125,-0.53167724609375,0.013427734375,0.9283447265625,-0.3240966796875,-0.0474853515625,0.17529296875
53,0.6700439453125,-0.67529296875,0.0343017578125,-0.30615234375,0.726806640625,0.4454345703125,-0.46710205078125,-0.2344970703125,0.8448486328125,0.324951171875,-0.4246826171875,-0.01080322265625,0.65826416015625,0.2774658203125,-0.6865234375,0.1351318359375,0.84674072265625,-0.01055908203125,-0.53167724609375,0.013427734375,0.9283447265625,-0.3240966796875,-0.0474853515625,0.17529296875
54,0.67010498046875,-0.67510986328125,0.03448486328125,-0.306396484375,0.7267539748380016,0.44547886673024667,-0.4673127139292433,-0.23435581169000835,0.8448210751332567,0.324915244826505,-0.4248957299069816,-0.010595009079744984,0.65826416015625,0.27734375,-0.6865234375,0.135498046875,0.8466796875,-0.01068115234375,-0.53173828125,0.01361083984375,0.9283447265625,-0.3240966796875,-0.04754638671875,0.17529296875
55,0.67010498046875,-0.67510986328125,0.03448486328125,-0.306396484375,0.726806640625,0.44537353515625,-0.46710205078125,-0.234619140625,0.84503173828125,0.3250732421875,-0.42431640625,-0.01043701171875,0.6582666097277383,0.2773461995714883,-0.6865197631427675,0.13549927166074416,0.8466796875,-0.01068115234375,-0.53173828125,0.01361083984375,0.9283453389553721,-0.32409545490175584,-0.04754271236151756,0.17529358114287208
56,0.67010498046875,-0.6749267578125,0.0345458984375,-0.30670166015625,0.72674560546875,0.4454345703125,-0.46728515625,-0.23431396484375,0.84490966796875,0.3250732421875,-0.424560546875,-0.01019287109375,0.6583251953125,0.277587890625,-0.686279296875,0.1358642578125,0.8468017578125,-0.01043701171875,-0.53155517578125,0.013916015625,0.9283447265625,-0.3240966796875,-0.0474853515625,0.1754150390625
57,0.67010498046875,-0.6749267578125,0.0345458984375,-0.30670166015625,0.7266845703125,0.44549560546875,-0.4671630859375,-0.23468017578125,0.8450927734375,0.32501220703125,-0.4241943359375,-0.0103759765625,0.6583251953125,0.277587890625,-0.686279296875,0.1358642578125,0.8468017578125,-0.01043701171875,-0.53155517578125,0.013916015625,0.9283447265625,-0.3240966796875,-0.0474853515625,0.1754150390625
58,0.670166015625,-0.6748046875,0.034423828125,-0.3070068359375,0.72674560546875,0.445556640625,-0.46722412109375,-0.234375,0.8450927734375,0.32501220703125,-0.42425537109375,-0.010009765625,0.65826416015625,0.27789306640625,-0.6861572265625,0.135986328125,0.8468017578125,-0.01019287109375,-0.5316162109375,0.01397705078125,0.9283447265625,-0.32415771484375,-0.04754638671875,0.17547607421875
59,0.670166015625,-0.6748046875,0.034423828125,-0.3070068359375,0.72674560546875,0.44573974609375,-0.467041015625,-0.23443603515625,0.8450927734375,0.3253173828125,-0.4239501953125,-0.01007080078125,0.65826416015625,0.2780767842678721,-0.6860959872752926,0.13601694776860368,0.8468017578125,-0.01019287109375,-0.5316162109375,0.01397705078125,0.9283447265625,-0.32415771484375,-0.04754638671875,0.17547607421875
60,0.67022705078125,-0.6746826171875,0.03424072265625,-0.30712890625,0.72686767578125,0.4456787109375,-0.46697998046875,-0.2342529296875,0.84515380859375,0.32525634765625,-0.42388916015625,-0.00982666015625,0.65826416015625,0.27825927734375,-0.68597412109375,0.13629150390625,0.8468017578125,-0.010009765625,-0.53155517578125,0.0142822265625,0.9283447265625,-0.3240966796875,-0.04754638671875,0.1754150390625
61,0.67022705078125,-0.6746826171875,0.03424072265625,-0.30712890625,0.72674560546875,0.4459228515625,-0.4669189453125,-0.23431396484375,0.844970703125,0.325439453125,-0.42413330078125,-0.0101318359375,0.6582490544654055,0.27825927734375,-0.6859892267845945,0.13627639821540552,0.8468017578125,-0.010009765625,-0.53155517578125,0.0142822265625,0.9283447265625,-0.3240966796875,-0.04754638671875,0.1754150390625
62,0.670166015625,-0.67474365234375,0.0341796875,-0.30706787109375,0.72674560546875,0.4459228515625,-0.466796875,-0.234375,0.844970703125,0.32550048828125,-0.424072265625,-0.0101318359375,0.65826416015625,0.2783203125,-0.68597412109375,0.13616943359375,0.84674072265625,-0.00994873046875,-0.5316162109375,0.01409912109375,0.9283447265625,-0.3240966796875,-0.0474853515625,0.17547607421875
63,0.670166015625,-0.67474365234375,0.0341796875,-0.30706787109375,0.72674560546875,0.4456787109375,-0.46710205078125,-0.23431396484375,0.84490966796875,0.3253173828125,-0.42437744140625,-0.01007080078125,0.65826416015625,0.2783203125,-0.68597412109375,0.13616943359375,0.84674072265625,-0.00994873046875,-0.5316162109375,0.01409912109375,0.9283447265625,-0.3240966796875,-0.0474853515625,0.17547607421875
64,0.6700439453125,-0.67498779296875,0.03424072265625,-0.30682373046875,0.7266845703125,0.44573974609375,-0.46697998046875,-0.234619140625,0.84490966796875,0.32550048828125,-0.42431640625,-0.0103759765625,0.658203125,0.27813720703125,-0.68621826171875,0.1357421875,0.8467041832148829,-0.010143879663984116,-0.5317056202968228,0.0137939453125,0.9283447265625,-0.3240966796875,-0.04754638671875,0.1754150390625
65,0.6700439453125,-0.67498779296875,0.03424072265625,-0.30682373046875,0.7265625,0.44561767578125,-0.46728515625,-0.234619140625,0.8447265625,0.3251953125,-0.42486572265625,-0.010498046875,0.6580677861752717,0.2779567552649457,-0.6863987134850543,0.13560684867527173,0.8466796875,-0.01019287109375,-0.53173828125,0.0137939453125,0.9283447265625,-0.3240966796875,-0.04754638671875,0.1754150390625
66,0.6700439453125,-0.67510986328125,0.0341796875,-0.306640625,0.72662353515625,0.44561767578125,-0.4671630859375,-0.2347412109375,0.84478759765625,0.3251953125,-0.42474365234375,-0.0106201171875,0.658203125,0.27789306640625,-0.6864013671875,0.13543701171875,0.84674072265625,-0.01025390625,-0.53167724609375,0.01361083984375,0.9283447265625,-0.3240966796875,-0.04754638671875,0.17535400390625
67,0.6700439453125,-0.67510986328125,0.0341796875,-0.306640625,0.7265625,0.445556640625,-0.46728515625,-0.2347412109375,0.84478759765625,0.3251953125,-0.42474365234375,-0.0107421875,0.658203125,0.27783386842861624,-0.6864013671875,0.13540741272993312,0.84674072265625,-0.01025390625,-0.53167724609375,0.01361083984375,0.9283447265625,-0.3240966796875,-0.04754638671875,0.17535400390625
68,0.67010498046875,-0.675048828125,0.03424072265625,-0.306640625,0.72650146484375,0.44549560546875,-0.4674072265625,-0.2347412109375,0.84478759765625,0.32513427734375,-0.4248046875,-0.0107421875,0.658203125,0.27764892578125,-0.68646240234375,0.1353759765625,0.8466796875,-0.01043701171875,-0.53179931640625,0.01361083984375,0.9283447265625,-0.32421875,-0.047607421875,0.17535400390625
69,0.6701331505408654,-0.6750206580528846,0.034212552584134616,-0.3066547100360577,0.7265906700721154,0.44552847055288464,-0.46728515625,-0.23469895582932693,0.8448627178485577,0.32528921274038464,-0.4244854266826923,-0.010516826923076924,0.6582172100360577,0.2778789813701923,-0.6863262469951923,0.13560133713942307,0.8466796875,-0.010465181790865384,-0.53179931640625,0.013653094951923076,0.9283447265625,-0.32421875,-0.04756516676682693,0.17536808894230768
70,0.67022705078125,-0.6749267578125,0.03411865234375,-0.30670166015625,0.7266845703125,0.4454345703125,-0.46728515625,-0.23455810546875,0.84490966796875,0.3251953125,-0.4244384765625,-0.0103759765625,0.65826416015625,0.27783203125,-0.686279296875,0.1357421875,0.84674072265625,-0.01025390625,-0.5316162109375,0.01397705078125,0.9283447265625,-0.32421875,-0.04742431640625,0.1754150390625
71,0.67022705078125,-0.6749267578125,0.03411865234375,-0.30670166015625,0.72686767578125,0.4456787109375,-0.46697998046875,-0.2342529296875,0.84478759765625,0.32550048828125,-0.4244384765625,-0.01043701171875,0.65826416015625,0.2780108499686455,-0.686160084395903,0.135861399979097,0.84674072265625,-0.01025390625,-0.5316162109375,0.01397705078125,0.9283447265625,-0.32421875,-0.04742431640625,0.1754150390625
72,0.67034912109375,-0.67474365234375,0.03399658203125,-0.3067626953125,0.72698974609375,0.445556640625,-0.467041015625,-0.23406982421875,0.8448486328125,0.3253173828125,-0.4244384765625,-0.01025390625,0.6583251953125,0.27789306640625,-0.6861572265625,0.1361083984375,0.84674072265625,-0.010333313192412206,-0.5316162109375,0.01416015625,0.92828369140625,-0.32427978515625,-0.0474853515625,0.17547607421875
73,0.67034912109375,-0.67474365234375,0.03399658203125,-0.3067626953125,0.72674560546875,0.44573974609375,-0.467041015625,-0.23431396484375,0.84478759765625,0.32550048828125,-0.4244384765625,-0.01025390625,0.6582811030257107,0.2780694355534072,-0.6861131342757107,0.1361083984375,0.84674072265625,-0.01031494140625,-0.5316162109375,0.01416015625,0.92828369140625,-0.32427978515625,-0.0474853515625,0.17547607421875
74,0.67041015625,-0.6746826171875,0.03375244140625,-0.3067626953125,0.7269287109375,0.44561767578125,-0.4669189453125,-0.23419189453125,0.84490966796875,0.325439453125,-0.42425537109375,-0.0101318359375,0.65838623046875,0.27813720703125,-0.68597412109375,0.13629150390625,0.8468017578125,-0.01007080078125,-0.531494140625,0.0142822265625,0.92828369140625,-0.32421875,-0.0474853515625,0.17547607421875
75,0.67041015625,-0.6746826171875,0.0336952847381898,-0.3067626953125,0.7268962541152801,0.44573974609375,-0.4668293318222199,-0.2342853865097199,0.8449992814590301,0.32562255859375,-0.4239540738006898,-0.0100422224472199,0.6583537736465301,0.2782878556777801,-0.6858845076034699,0.1362590470840301,0.8468303361465301,-0.01007080078125,-0.5314655622909699,0.0143108048965301,0.92828369140625,-0.32421875,-0.047456773228469896,0.1755046525527801
76,0.67041015625,-0.6746826171875,0.03363037109375,-0.3067626953125,0.7269287109375,0.44573974609375,-0.466796875,-0.2342529296875,0.84503173828125,0.32562255859375,-0.42388916015625,-0.010009765625,0.65838623046875,0.2783203125,-0.68585205078125,0.13629150390625,0.84686279296875,-0.01007080078125,-0.531494140625,0.01422119140625,0.92828369140625,-0.32421875,-0.0474853515625,0.17547607421875
77,0.6703970918687291,-0.6747087459500418,0.03359117794993729,-0.3067365665499582,0.7268938045437918,0.44580078125,-0.46681871701243727,-0.2342659940687709,0.8449837675062709,0.3256966581312709,-0.42391100216868727,-0.010022830006270904,0.6582292537625418,0.2783464412625418,-0.6860090274874582,0.1360953340562291,0.8468889217312918,-0.010057736399979096,-0.5314418830999164,0.01422119140625,0.9282967557875209,-0.3242056856187291,-0.047472287181229096,0.1754630098374791
78,0.67034912109375,-0.6748046875,0.033447265625,-0.306640625,0.72698974609375,0.44580078125,-0.4666748046875,-0.23431396484375,0.84503173828125,0.32574462890625,-0.42376708984375,-0.01007080078125,0.6583251953125,0.2784423828125,-0.6859130859375,0.13604736328125,0.84698486328125,-0.0098876953125,-0.53131103515625,0.01409912109375,0.9283447265625,-0.32415771484375,-0.04742431640625,0.1754150390625
79,0.67034912109375,-0.6748046875,0.033447265625,-0.306640625,0.72674560546875,0.44580078125,-0.46697998046875,-0.234375,0.8448486328125,0.3258056640625,-0.424072265625,-0.0103759765625,0.658203125,0.27850341796875,-0.68603515625,0.13580322265625,0.84698486328125,-0.0098876953125,-0.53131103515625,0.01409912109375,0.9283447265625,-0.32415771484375,-0.04742431640625,0.1754150390625
80,0.6702880859375,-0.6749267578125,0.03326416015625,-0.3065185546875,0.72686767578125,0.44586181640625,-0.46673583984375,-0.23443603515625,0.844970703125,0.32586669921875,-0.423828125,-0.01043701171875,0.6583251953125,0.27862548828125,-0.6859130859375,0.1357421875,0.8470052763769857,-0.009877488764632106,-0.5312193803563963,0.01390601320808947,0.9283447265625,-0.32415771484375,-0.04736328125,0.17535400390625
81,0.6702880859375,-0.6749267578125,0.03326416015625,-0.3065185546875,0.7266845703125,0.44580078125,-0.46697998046875,-0.234619140625,0.8448486328125,0.32574462890625,-0.42413330078125,-0.01055908203125,0.6583251953125,0.278564453125,-0.68597412109375,0.13555908203125,0.84698486328125,-0.0098876953125,-0.53125,0.01385498046875,0.9283447265625,-0.32415771484375,-0.04736328125,0.17535400390625
82,0.67022705078125,-0.675048828125,0.033203125,-0.30645751953125,0.7266845703125,0.44586181640625,-0.46685791015625,-0.23468017578125,0.84490966796875,0.32586669921875,-0.42401123046875,-0.0106201171875,0.6583251953125,0.27862548828125,-0.6859130859375,0.13543701171875,0.8470458984375,-0.009765625,-0.5311632443431229,0.01375863065687709,0.92840576171875,-0.32403564453125,-0.04742431640625,0.17535400390625
83,0.67022705078125,-0.675048828125,0.03317556732075669,-0.3064024041727634,0.7266510928354933,0.4458952938832567,-0.4668913876332567,-0.2346466983042433,0.8448761904917433,0.325927734375,-0.4239836727895067,-0.010708710022993312,0.6583192755147366,0.2785979306020067,-0.6859465634145067,0.1354094540395067,0.8470734561167433,-0.009793182679243312,-0.5311614071645067,0.01373291015625,0.92840576171875,-0.32403564453125,-0.047369201047763376,0.17535400390625
84,0.67022705078125,-0.675048828125,0.03314208984375,-0.30633544921875,0.7266845703125,0.44586181640625,-0.46685791015625,-0.23468017578125,0.84490966796875,0.325927734375,-0.4239501953125,-0.0107421875,0.65838623046875,0.278564453125,-0.6859130859375,0.1353759765625,0.8470458984375,-0.00982666015625,-0.53118896484375,0.01373291015625,0.92840576171875,-0.32403564453125,-0.04742431640625,0.17529296875
85,0.6702390945077341,-0.6750608718514841,0.03313004611726589,-0.3063113617657818,0.7266966140389841,0.4459108078360159,-0.4668458664297659,-0.23452115776546822,0.8450437820077341,0.3259156906485159,-0.4236940109610159,-0.010510090601484112,0.6584103179217182,0.27862548828125,-0.6858400070547659,0.1354860031485159,0.8470579421639841,-0.00982666015625,-0.5311648773907818,0.01373291015625,0.92840576171875,-0.32403564453125,-0.04738818522679766,0.17529296875
86,0.6702880859375,-0.67510986328125,0.0330810546875,-0.30621337890625,0.72674560546875,0.44586181640625,-0.466796875,-0.234619140625,0.8450927734375,0.32586669921875,-0.42364501953125,-0.01055908203125,0.65850830078125,0.27862548828125,-0.685791015625,0.13543701171875,0.8470458984375,-0.0098876953125,-0.53118896484375,0.0137939453125,0.9283447265625,-0.32403564453125,-0.04742431640625,0.17547607421875
87,0.6702880859375,-0.67510986328125,0.0330810546875,-0.30621337890625,0.7268607353286999,0.4457466865463002,-0.46685443992997494,-0.23444644583507526,0.8450927734375,0.32562255859375,-0.42376708984375,-0.010498046875,0.65850830078125,0.2783203125,-0.68585205078125,0.135498046875,0.8470458984375,-0.0098876953125,-0.53118896484375,0.0137939453125,0.9283447265625,-0.32403564453125,-0.04742431640625,0.17547607421875
88,0.67022705078125,-0.67510986328125,0.03326416015625,-0.30615234375,0.72674560546875,0.44573974609375,-0.46697998046875,-0.23455810546875,0.84503173828125,0.32562255859375,-0.423828125,-0.0106201171875,0.658447265625,0.27825927734375,-0.68597412109375,0.1353759765625,0.84698486328125,-0.010037119173285952,-0.53125,0.013660647797345318,0.9283447265625,-0.32415771484375,-0.04754638671875,0.17535400390625
89,0.67022705078125,-0.6751519142584658,0.03339031308789715,-0.3061943947272157,0.7267225386705686,0.4456597267584657,-0.4670640824231814,-0.23455810546875,0.8449896873040342,0.3255425392584657,-0.4240342972669314,-0.010601133008465718,0.6583631636705686,0.27813720703125,-0.6861192582044314,0.1352118552727843,0.8469428123040342,-0.010028749804034282,-0.5313341019544314,0.013587773045568564,0.9283867775397158,-0.3241156638665343,-0.04763048867318143,0.17526990195181857
90,0.67022705078125,-0.6751708984375,0.033447265625,-0.30621337890625,0.7266845703125,0.4456787109375,-0.46710205078125,-0.23455810546875,0.844970703125,0.3255615234375,-0.424072265625,-0.0106201171875,0.6583251953125,0.27813720703125,-0.6861572265625,0.13519287109375,0.846923828125,-0.010112647627508364,-0.5313377763116639,0.013652686690008364,0.9283447265625,-0.3240966796875,-0.04754638671875,0.1754150390625
91,0.67022705078125,-0.6751443614130435,0.03357995074728261,-0.30621337890625,0.7267270295516305,0.445556640625,-0.4671471637228261,-0.2345846424932065,0.8450396993885869,0.32529084578804346,-0.4240828804347826,-0.010490085767663044,0.6583941915760869,0.27793552564538043,-0.686202339504076,0.13526186735733695,0.8468707540760869,-0.010219408118206522,-0.5313906462296195,0.013626762058423912,0.9283712635869565,-0.3240966796875,-0.04762599779211957,0.17528235394021738
92,0.67022705078125,-0.67510986328125,0.03375244140625,-0.30621337890625,0.72662353515625,0.445556640625,-0.46728515625,-0.234619140625,0.844970703125,0.32525634765625,-0.42425537109375,-0.01055908203125,0.6583251953125,0.27783203125,-0.68634033203125,0.13519287109375,0.8468393179086539,-0.010329026442307702,-0.5314565805288461,0.013582669771634628,0.92828369140625,-0.32421875,-0.0474853515625,0.1754150390625
93,0.6702160277095527,-0.67510986328125,0.03380755676473663,-0.3062244019779473,0.7268346065661581,0.4453235230716973,-0.4672682133805393,-0.2343860230716973,0.8451207393786581,0.3249621949466973,-0.4242384282242893,-0.010581128174644652,0.6584752315661581,0.277587890625,-0.6862623540055393,0.13523186010660534,0.8469017819816054,-0.010498046875,-0.5314051395275919,0.013760876097408021,0.9282947144779473,-0.3242077269283027,-0.0475294438492893,0.1753709467757107
94,0.670166015625,-0.67510986328125,0.0340576171875,-0.3062744140625,0.7266845703125,0.44537353515625,-0.46746826171875,-0.23443603515625,0.8449870336015887,0.3249991426499791,-0.4244221460859114,-0.010661555771843639,0.6583251953125,0.277587890625,-0.68646240234375,0.1351318359375,0.84686279296875,-0.01068115234375,-0.53143310546875,0.01373291015625,0.92828369140625,-0.32427978515625,-0.0474853515625,0.17535400390625
95,0.6702225599001881,-0.6750533190060619,0.03439688283862877,-0.30633095833768814,0.7267025338367475,0.44525146484375,-0.46756338674487874,-0.23437050911893811,0.8451062460806856,0.32471152213106186,-0.42441602215719065,-0.010428029956626256,0.6583431588367475,0.27711308201818563,-0.6865620182509407,0.13531943228731189,0.8466931601431856,-0.010794240894126256,-0.5316592825695025,0.013563277330685618,0.9283402356814381,-0.32427978515625,-0.047654984388064384,0.17507128253030937
96,0.67022705078125,-0.675048828125,0.034423828125,-0.30633544921875,0.7266845703125,0.44525146484375,-0.46759033203125,-0.234375,0.8450927734375,0.32470703125,-0.4244384765625,-0.01043701171875,0.6583251953125,0.277099609375,-0.68658447265625,0.13531494140625,0.8467772620976171,-0.010900797253867056,-0.5315796714961329,0.013891315779159696,0.92828369140625,-0.32427978515625,-0.04754638671875,0.17547607421875
97,0.67022705078125,-0.6749667674801422,0.03458794941471573,-0.3063764795411789,0.7269076854488922,0.4451904296875,-0.4674492775397157,-0.234130859375,0.845234848583821,0.3246049657713211,-0.4242974220709657,-0.01025390625,0.6584462449702132,0.2768954784176421,-0.6865244581547868,0.13555908203125,0.8467196971676422,-0.011007353613607863,-0.5317192970709658,0.013894990136392137,0.92828369140625,-0.3243208154786789,-0.04766947768603679,0.1753529832514632
98,0.67022705078125,-0.6749267578125,0.03466796875,-0.306396484375,0.72686767578125,0.4451904296875,-0.467529296875,-0.234130859375,0.84521484375,0.3245849609375,-0.42437744140625,-0.01025390625,0.65838623046875,0.27685546875,-0.68658447265625,0.13555908203125,0.8467129608460493,-0.011014089935200668,-0.5317327697141513,0.01385498046875,0.9283447265625,-0.32421875,-0.047607421875,0.1754150390625
99,0.6702780835205895,-0.6748757250731605,0.03466796875,-0.3064475171143395,0.7269287109375,0.4451393969481605,-0.4675192944580895,-0.2339322399534908,0.84539794921875,0.3244118578856605,-0.42415881715091974,-0.010019768041910534,0.658447265625,0.2768044360106605,-0.6864879187134197,0.1357577014527592,0.8467152062865803,-0.011037360864339466,-0.5317027624634197,0.013906013208089466,0.9282936938231605,-0.3242697827393395,-0.047632938244669736,0.1754150390625
100,0.67034912109375,-0.6748046875,0.03466796875,-0.3065185546875,0.7269287109375,0.445068359375,-0.46759033203125,-0.23382568359375,0.84539794921875,0.3243408203125,-0.4241943359375,-0.00994873046875,0.658447265625,0.2767333984375,-0.6865234375,0.1358642578125,0.8466974468932902,-0.0110551202576296,-0.5317027624634197,0.013994810174540134,0.92828369140625,-0.32427978515625,-0.047607421875,0.17535400390625
101,0.6703591235106605,-0.674784682666179,0.0346379614992684,-0.3065385595213211,0.726948715771321,0.4452414624268395,-0.4674072265625,-0.2339787818117684,0.8454079516356605,0.3245749585205895,-0.4239401928955895,-0.009969755957357863,0.6583962328856605,0.27703857421875,-0.6864523999268395,0.13584323232389214,0.84674072265625,-0.010935295385660534,-0.5316162109375,0.01408809802205267,0.9282736889893395,-0.3243097924069816,-0.047607421875,0.1753840111569816
102,0.67041015625,-0.6746826171875,0.03448486328125,-0.306640625,0.72705078125,0.4451904296875,-0.4674072265625,-0.23382568359375,0.845458984375,0.32452392578125,-0.42388916015625,-0.009765625,0.658447265625,0.27703857421875,-0.6864013671875,0.13604736328125,0.846742968096781,-0.010970610041283435,-0.531613965496969,0.014338770837688124,0.9283447265625,-0.32421875,-0.047607421875,0.17535400390625
103,0.67041015625,-0.6746826171875,0.03448486328125,-0.306640625,0.726884210388796,0.4454680477895067,-0.46735170294209866,-0.23388120721415134,0.84539794921875,0.3248291015625,-0.423828125,-0.00970458984375,0.6583251953125,0.27734375,-0.68634033203125,0.13604736328125,0.8468017578125,-0.01055908203125,-0.53155517578125,0.01422119140625,0.9283447265625,-0.32421875,-0.047607421875,0.17535400390625
104,0.67047119140625,-0.67462158203125,0.03424072265625,-0.306640625,0.72705078125,0.44537353515625,-0.4671630859375,-0.2337646484375,0.84552001953125,0.32476806640625,-0.42364501953125,-0.00958251953125,0.658447265625,0.27740478515625,-0.68621826171875,0.13623046875,0.8467672596807065,-0.0106201171875,-0.5316241720448369,0.014308763586956522,0.92828369140625,-0.32427978515625,-0.0477294921875,0.1754150390625
105,0.67047119140625,-0.6747016013665342,0.03424072265625,-0.3064805863294314,0.7270297557613922,0.4452114551761079,-0.4674282520511079,-0.23374158163931855,0.8454989940426422,0.3246860057613921,-0.4236870705084657,-0.009742558201818559,0.6583841891591764,0.2772427051761079,-0.6863613575198578,0.13594835976693145,0.8467807323238922,-0.01066012685514214,-0.5315572170908236,0.014162197559573582,0.9283237010738922,-0.3241997658209657,-0.04756945351693144,0.17537502939485786
106,0.67047119140625,-0.67474365234375,0.03424072265625,-0.306396484375,0.72705078125,0.4451904296875,-0.4674072265625,-0.23382568359375,0.84552001953125,0.32470703125,-0.42364501953125,-0.00982666015625,0.658447265625,0.2772216796875,-0.68634033203125,0.1358642578125,0.8467049997387124,-0.01077791041753762,-0.5316554040813127,0.014228131858800161,0.92822265625,-0.3243408203125,-0.04779052734375,0.17547607421875
107,0.67047119140625,-0.6747926437735159,0.034265218371132944,-0.3062985015154682,0.72698974609375,0.44516593397261706,-0.46750480116011706,-0.23370402154316472,0.8456055504023829,0.32440185546875,-0.42368155897261706,-0.009375326609531776,0.6583741867422659,0.27689200819136706,-0.68646240234375,0.13607145073421822,0.8466676437735159,-0.0108642578125,-0.5317258292616012,0.014269774574101168,0.9282716476797659,-0.3242918288827341,-0.04771704019910117,0.1754270827889841
108,0.67047119140625,-0.67486572265625,0.0343017578125,-0.30615234375,0.72698974609375,0.44512939453125,-0.46746826171875,-0.23388671875,0.84564208984375,0.32440185546875,-0.42364501953125,-0.009521484375,0.658447265625,0.27685546875,-0.68646240234375,0.13592529296875,0.84669050644074,-0.010897735289506688,-0.5316999046300167,0.014126678772993312,0.92822265625,-0.3243408203125,-0.04791259765625,0.17547607421875
109,0.67047119140625,-0.6748836861804975,0.034292776050376256,-0.30612539846362874,0.7268156223871237,0.44500732421875,-0.4677554739757525,-0.23397469919262123,0.8456510716058737,0.32434980207462377,-0.4236880911632525,-0.00960048305549749,0.6582821236804975,0.27679443359375,-0.6866885794445025,0.1357852591320025,0.8465755807117475,-0.010977346362876256,-0.5318944414323787,0.01402012241325251,0.9282316380121237,-0.3243228567882525,-0.04787667060775502,0.17547607421875
110,0.67047119140625,-0.67498779296875,0.03424072265625,-0.30596923828125,0.72686767578125,0.44500732421875,-0.4676513671875,-0.234130859375,0.845703125,0.32440185546875,-0.423583984375,-0.00970458984375,0.6583850056830058,0.27679443359375,-0.6865856974419942,0.13568237712949416,0.8466784627142558,-0.010926517754494146,-0.5317395060357442,0.013917240410744146,0.92822265625,-0.3243408203125,-0.04791259765625,0.1754150390625
111,0.6705256943718646,-0.67498779296875,0.03407721375940636,-0.3058602323500209,0.7269221787468646,0.44506182718436454,-0.4675423612562709,-0.23407635640938546,0.8458121309312291,0.32440838765938546,-0.42329840516565637,-0.009453917028114546,0.6584342012437291,0.27673993062813546,-0.6865365018812709,0.1357421875,0.8467276582749791,-0.011040831090614546,-0.5316358075094063,0.014031553746864546,0.92822265625,-0.32439532327811454,-0.047694585793791815,0.1755240449937291
112,0.6705322265625,-0.67498779296875,0.0340576171875,-0.30584716796875,0.7269287109375,0.445068359375,-0.467529296875,-0.23406982421875,0.8458251953125,0.32440185546875,-0.42327880859375,-0.00946044921875,0.658447265625,0.2767333984375,-0.6865234375,0.1357421875,0.84674072265625,-0.01104736328125,-0.5316162109375,0.0140380859375,0.92816162109375,-0.324462890625,-0.04779052734375,0.17547607421875
113,0.6705322265625,-0.67498779296875,0.03401862817464465,-0.3058081789558946,0.7268456296378554,0.44500732421875,-0.46771240234375,-0.23416984838785534,0.845703125,0.32427978515625,-0.4236060305183946,-0.009765625,0.6584252194816054,0.27679443359375,-0.6865454836433946,0.13564216333089466,0.84674072265625,-0.01104736328125,-0.5316382570808946,0.013916015625,0.92816162109375,-0.324462890625,-0.04775153833089465,0.17551506323160534
114,0.6705322265625,-0.67498779296875,0.03399658203125,-0.3057861328125,0.72686767578125,0.44500732421875,-0.46771240234375,-0.23419189453125,0.845703125,0.32427978515625,-0.423583984375,-0.009765625,0.658447265625,0.27679443359375,-0.6865234375,0.1356201171875,0.8467719546927257,-0.010984899208298498,-0.5315849789010243,0.013916015625,0.92822265625,-0.32440185546875,-0.04766845703125,0.1754150390625
115,0.6705557016225961,-0.6749643179086539,0.03397310697115385,-0.3057861328125,0.7269521859975961,0.44510591947115385,-0.46746826171875,-0.2340087890625,0.8457876352163461,0.32425631009615385,-0.4234619140625,-0.009681114783653848,0.65850830078125,0.27677095853365385,-0.68646240234375,0.13564359224759615,0.8468017578125,-0.010948768028846152,-0.5315317007211539,0.013939490685096152,0.92822265625,-0.32442533052884615,-0.04764498197115385,0.17543851412259615
116,0.67059326171875,-0.6749267578125,0.033935546875,-0.3057861328125,0.72698974609375,0.445068359375,-0.46746826171875,-0.2340087890625,0.8458251953125,0.32421875,-0.4234619140625,-0.0096435546875,0.65850830078125,0.2767019622700669,-0.6864781204274666,0.13568115234375,0.8468017578125,-0.011033482376149666,-0.5315098587087166,0.013992768864966556,0.92816162109375,-0.3245849609375,-0.04754638671875,0.17559814453125
117,0.67059326171875,-0.67486572265625,0.0340576171875,-0.30584716796875,0.7269287109375,0.44500732421875,-0.46759033203125,-0.234130859375,0.845703125,0.32403564453125,-0.42376708984375,-0.00970458984375,0.65838623046875,0.27655029296875,-0.6866455078125,0.13568115234375,0.84674072265625,-0.01123046875,-0.53167724609375,0.01397705078125,0.92816162109375,-0.3245849609375,-0.04766845703125,0.17547607421875
118,0.67059326171875,-0.67486572265625,0.0340576171875,-0.30584716796875,0.7269287109375,0.44500732421875,-0.46759033203125,-0.234130859375,0.845703125,0.32403564453125,-0.42376708984375,-0.00970458984375,0.6583870469925794,0.2765492723139632,-0.6866453036815426,0.13568135647470736,0.8467409267872074,-0.01123108114287208,-0.5316768378318353,0.013977867305079439,0.92803955078125,-0.32470703125,-0.04754638671875,0.17578125
119,0.6705397794079222,-0.6749192049670778,0.03437851105246656,-0.30579368565792225,0.7268217463158445,0.44490035959709445,-0.46780426127456104,-0.23423782399665552,0.8455426780675167,0.32390602137332775,-0.42416412455581104,-0.010101624555811041,0.6584699241612667,0.27619163487667225,-0.6867984018995611,0.1354747759458612,0.8466947931908445,-0.01136009190792224,-0.5316621404029055,0.013953779852111199,0.9281465154029055,-0.32460006662834445,-0.04765335134040552,0.1755138384458612
120,0.6705322265625,-0.6749267578125,0.034423828125,-0.3057861328125,0.726806640625,0.44488525390625,-0.46783447265625,-0.2342529296875,0.84552001953125,0.32391357421875,-0.4241943359375,-0.0101318359375,0.658447265625,0.27577255402121653,-0.6870115146190426,0.13552846238764632,0.8465882368311036,-0.011581165734740804,-0.5318601474315426,0.014144642297240804,0.92803955078125,-0.32464599609375,-0.0478515625,0.17584228515625
121,0.6706461316367057,-0.6748887894544314,0.03453773319920569,-0.30571019609636285,0.7268907425794314,0.44471031367579433,-0.46788734257420567,-0.23408472577863712,0.8456800582018186,0.32349449336329433,-0.42427027265363715,-0.009757459761705684,0.658447265625,0.2754449238346572,-0.6871107222643186,0.13548314531511288,0.8465196488294314,-0.011771619917955684,-0.5319593550768186,0.014107286332044316,0.9280775191393186,-0.32472193280988715,-0.04781359414193144,0.17569041172397576
122,0.67071533203125,-0.67486572265625,0.03460693359375,-0.3056640625,0.72686767578125,0.44464111328125,-0.46795654296875,-0.234130859375,0.845703125,0.32342529296875,-0.42431640625,-0.00982666015625,0.6583566314799331,0.27529937846206104,-0.6872546345892558,0.13546722310043896,0.8464361592678721,-0.011810608930811034,-0.5321032674017558,0.014007874555811034,0.92803955078125,-0.32470703125,-0.0482177734375,0.17572021484375
123,0.67071533203125,-0.6749267578125,0.03448486328125,-0.3055419921875,0.72686767578125,0.4447021484375,-0.4678955078125,-0.234130859375,0.845703125,0.323486328125,-0.42425537109375,-0.0096435546875,0.65838623046875,0.2752685546875,-0.687255859375,0.13543701171875,0.846435546875,-0.01177978515625,-0.53204345703125,0.01397705078125,0.92803955078125,-0.32470703125,-0.04803466796875,0.17578125
124,0.67071533203125,-0.6749267578125,0.03448486328125,-0.3055419921875,0.72686767578125,0.4447021484375,-0.4678955078125,-0.234130859375,0.845703125,0.323486328125,-0.42425537109375,-0.0096435546875,0.6583568356108904,0.2752538572585702,-0.687314649090719,0.1353488271451714,0.846435546875,-0.011809180014109532,-0.5320581544601798,0.013918261065530934,0.92803955078125,-0.3248291015625,-0.0482177734375,0.175537109375
125,0.67059326171875,-0.67510986328125,0.0343017578125,-0.30548095703125,0.72674560546875,0.4447021484375,-0.468017578125,-0.234375,0.84552001953125,0.32366943359375,-0.42437744140625,-0.0101318359375,0.6583251953125,0.275390625,-0.68731689453125,0.13494873046875,0.8465576171875,-0.01171875,-0.531982421875,0.01373291015625,0.92803955078125,-0.32464599609375,-0.048095703125,0.17572021484375
126,0.67059326171875,-0.67510986328125,0.0343017578125,-0.30548095703125,0.72674560546875,0.4447021484375,-0.468017578125,-0.234375,0.84552001953125,0.32366943359375,-0.42437744140625,-0.0101318359375,0.6583251953125,0.275390625,-0.68731689453125,0.13494873046875,0.8465576171875,-0.01171875,-0.531982421875,0.01373291015625,0.9280997694136706,-0.32470621472617056,-0.048216140389841136,0.17559977757890888
127,0.670540800062709,-0.675162324937291,0.03419683450041806,-0.30537603371916805,0.726693143812709,0.44480707174958195,-0.46796511646895905,-0.234375,0.845572481187291,0.32378293040604095,-0.4242810915943771,-0.010184297593540972,0.6584301186245819,0.27550412181229095,-0.6872119712191681,0.13483523365645902,0.846549043687291,-0.011544218031459028,-0.5319385337191681,0.013671875,0.9281005859375,-0.32465456959395905,-0.04811285012541806,0.17565060618729098
128,0.6705322265625,-0.6751708984375,0.0341796875,-0.30535888671875,0.7266845703125,0.44482421875,-0.46795654296875,-0.234375,0.8455810546875,0.32379150390625,-0.42425537109375,-0.01019287109375,0.6584025609453387,0.2755126953125,-0.6872395288984113,0.1349607741952341,0.8464682078281772,-0.011446235171927256,-0.5320555007577341,0.013671875,0.9281005859375,-0.32452392578125,-0.04833984375,0.17559814453125
129,0.670654296875,-0.67510986328125,0.0340576171875,-0.3052978515625,0.72674560546875,0.44482421875,-0.46795654296875,-0.234375,0.845703125,0.32373046875,-0.4239501953125,-0.009765625,0.65850830078125,0.27545166015625,-0.6871337890625,0.13507080078125,0.84649658203125,-0.01153564453125,-0.53204345703125,0.0137939453125,0.92803955078125,-0.32470703125,-0.0482177734375,0.1756591796875
130,0.670654296875,-0.67510986328125,0.0340576171875,-0.3052978515625,0.72674560546875,0.44482421875,-0.46795654296875,-0.234375,0.845703125,0.32373046875,-0.4239501953125,-0.009765625,0.6583623471467391,0.27548085088315216,-0.6872797426970109,0.1349832286005435,0.8464382005774457,-0.011564835258152172,-0.5321310292119565,0.013706373131793482,0.92803955078125,-0.32464599609375,-0.0484619140625,0.17559814453125
131,0.67059326171875,-0.6751708984375,0.03411865234375,-0.3052978515625,0.7266845703125,0.44476318359375,-0.468017578125,-0.2344970703125,0.8455810546875,0.3238525390625,-0.4241943359375,-0.010009765625,0.65814208984375,0.27557373046875,-0.68743896484375,0.13482666015625,0.84637451171875,-0.011474609375,-0.5322265625,0.0135498046875,0.9281005859375,-0.3245849609375,-0.0484619140625,0.17559814453125
132,0.67059326171875,-0.6751708984375,0.03411865234375,-0.3052978515625,0.7266845703125,0.44476318359375,-0.468017578125,-0.2344970703125,0.8455810546875,0.3238525390625,-0.4241943359375,-0.010009765625,0.65814208984375,0.275560053694607,-0.687452641617893,0.134812983382107,0.84637451171875,-0.011501962923285954,-0.5322265625,0.0135498046875,0.9281005859375,-0.32464599609375,-0.0484619140625,0.17559814453125
133,0.67047119140625,-0.67529296875,0.0341796875,-0.30535888671875,0.72662353515625,0.44476318359375,-0.468017578125,-0.23468017578125,0.8455810546875,0.32403564453125,-0.424072265625,-0.0098876953125,0.6580810546875,0.275634765625,-0.68756103515625,0.13470458984375,0.8463134765625,-0.01141357421875,-0.53228759765625,0.01348876953125,0.9281005859375,-0.324462890625,-0.04852294921875,0.17559814453125
134,0.67047119140625,-0.67529296875,0.0341796875,-0.30535888671875,0.72662353515625,0.44476318359375,-0.468017578125,-0.23468017578125,0.8455810546875,0.32403564453125,-0.424072265625,-0.0098876953125,0.6580218567098662,0.27581235955790134,-0.68756103515625,0.13452699591084866,0.8463134765625,-0.01141357421875,-0.53228759765625,0.01348876953125,0.9281005859375,-0.3245812865802676,-0.04852294921875,0.1755389465536162
135,0.67047119140625,-0.67523193359375,0.03411865234375,-0.305419921875,0.7265625,0.4449462890625,-0.46795654296875,-0.23468017578125,0.84552001953125,0.32415771484375,-0.42401123046875,-0.01019287109375,0.65802001953125,0.27581787109375,-0.68756103515625,0.1346435546875,0.8463134765625,-0.0113525390625,-0.53228759765625,0.013427734375,0.9281005859375,-0.3245849609375,-0.04852294921875,0.17559814453125
136,0.67047119140625,-0.67523193359375,0.03411865234375,-0.305419921875,0.7265625,0.4449462890625,-0.46795654296875,-0.23468017578125,0.84552001953125,0.32415771484375,-0.42401123046875,-0.01019287109375,0.6579763355063755,0.2759926071932483,-0.6875173511313755,0.1345998706626254,0.8463134765625,-0.0113525390625,-0.53228759765625,0.013427734375,0.9281005859375,-0.3244975928877508,-0.04852294921875,0.1756418285561246
137,0.6705322265625,-0.67523193359375,0.03411865234375,-0.30535888671875,0.72674560546875,0.44488525390625,-0.46783447265625,-0.234375,0.84552001953125,0.32421875,-0.42401123046875,-0.0101318359375,0.65802001953125,0.2760009765625,-0.6875,0.13458251953125,0.84637451171875,-0.01129150390625,-0.5322265625,0.013427734375,0.9281005859375,-0.32452392578125,-0.0484619140625,0.17559814453125
138,0.6705322265625,-0.67523193359375,0.03411865234375,-0.30535888671875,0.72674560546875,0.44488525390625,-0.46783447265625,-0.234375,0.84552001953125,0.32421875,-0.42401123046875,-0.0101318359375,0.65802001953125,0.2758037860576923,-0.6875563401442307,0.13458251953125,0.84637451171875,-0.01129150390625,-0.5322265625,0.013427734375,0.9280724158653846,-0.32460843599759615,-0.048490084134615384,0.17568265474759615
139,0.67047119140625,-0.67529296875,0.03436279296875,-0.30523681640625,0.7266845703125,0.44464111328125,-0.4681396484375,-0.2344970703125,0.845458984375,0.323974609375,-0.42425537109375,-0.01025390625,0.657958984375,0.2755126953125,-0.687744140625,0.13433837890625,0.8463134765625,-0.01165771484375,-0.53228759765625,0.01324462890625,0.9281005859375,-0.3245849609375,-0.04852294921875,0.175537109375
140,0.67047119140625,-0.67529296875,0.03436279296875,-0.30523681640625,0.7266845703125,0.44464111328125,-0.4681396484375,-0.2344970703125,0.8454716404943562,0.32392398489757523,-0.4242806833324624,-0.010241250130643816,0.6580810546875,0.27520751953125,-0.687744140625,0.1343994140625,0.8463261326818562,-0.011708339321174741,-0.5322749415368938,0.013295253383674741,0.92803955078125,-0.32470703125,-0.0484619140625,0.17578125
141,0.67041015625,-0.67535400390625,0.03460693359375,-0.30517578125,0.72662353515625,0.44451904296875,-0.46826171875,-0.234619140625,0.845458984375,0.32379150390625,-0.42449951171875,-0.0103759765625,0.65802001953125,0.275146484375,-0.68792724609375,0.1341552734375,0.8463134765625,-0.01190185546875,-0.53228759765625,0.01324462890625,0.9281005859375,-0.3245849609375,-0.04852294921875,0.175537109375
142,0.67041015625,-0.67535400390625,0.03460693359375,-0.30517578125,0.72662353515625,0.44451904296875,-0.46826171875,-0.234619140625,0.845458984375,0.32379150390625,-0.42449951171875,-0.0103759765625,0.658078196854097,0.274971952406459,-0.687869068770903,0.13432980540604098,0.8463134765625,-0.01190185546875,-0.53228759765625,0.01324462890625,0.928042408614653,-0.324643138260347,-0.04852294921875,0.175595286697847
143,0.67047119140625,-0.67529296875,0.03466796875,-0.30517578125,0.7265731148097826,0.4445084281589674,-0.46832275390625,-0.234619140625,0.845458984375,0.32373046875,-0.42449951171875,-0.01019287109375,0.6580810546875,0.27484130859375,-0.68792724609375,0.13433837890625,0.84625244140625,-0.0120849609375,-0.5323486328125,0.0133056640625,0.92803955078125,-0.32476806640625,-0.04852294921875,0.175537109375
144,0.67047119140625,-0.67529296875,0.03466796875,-0.30517578125,0.7265625,0.44451904296875,-0.46832275390625,-0.234619140625,0.845458984375,0.32373046875,-0.42449951171875,-0.01019287109375,0.6580383913174122,0.27501196207410117,-0.6878845827236622,0.1342957155361622,0.84625244140625,-0.0120849609375,-0.5323486328125,0.0133056640625,0.9280822141513378,-0.3246827396660744,-0.04852294921875,0.17540911926473662
145,0.67047119140625,-0.67523193359375,0.03448486328125,-0.3052978515625,0.7266147575250836,0.4445539493624582,-0.4682268123562918,-0.23457566073108277,0.845458984375,0.32391357421875,-0.42437744140625,-0.01025390625,0.65802001953125,0.275146484375,-0.68780517578125,0.13446044921875,0.84637451171875,-0.0118408203125,-0.5322265625,0.0133056640625,0.92803955078125,-0.32470703125,-0.04852294921875,0.175537109375
146,0.67047119140625,-0.67523193359375,0.03448486328125,-0.3052978515625,0.7265625,0.444580078125,-0.46820068359375,-0.23468017578125,0.845458984375,0.32391357421875,-0.42437744140625,-0.01025390625,0.6580810546875,0.275390625,-0.687744140625,0.13427734375,0.84637451171875,-0.0118408203125,-0.5322265625,0.0133056640625,0.9281005859375,-0.32464599609375,-0.04833984375,0.1754150390625
147,0.67047119140625,-0.67523193359375,0.03436279296875,-0.305419921875,0.7265625,0.4447021484375,-0.4681396484375,-0.23468017578125,0.845458984375,0.3240966796875,-0.4241943359375,-0.01019287109375,0.65802001953125,0.2755126953125,-0.68768310546875,0.13446044921875,0.846435546875,-0.0115966796875,-0.53216552734375,0.0133056640625,0.9281005859375,-0.32464599609375,-0.04840087890625,0.175537109375
148,0.67047119140625,-0.67523193359375,0.03436279296875,-0.305419921875,0.7265625,0.4447021484375,-0.4681396484375,-0.23468017578125,0.8454706198395694,0.3240966796875,-0.4241827004729306,-0.0101812356291806,0.65802001953125,0.275634765625,-0.6876220703125,0.13446044921875,0.8464122759458612,-0.011561773293791803,-0.5321887982728888,0.0133056640625,0.92816162109375,-0.32452392578125,-0.0484619140625,0.175537109375
149,0.6705322265625,-0.6751708984375,0.0343017578125,-0.30535888671875,0.7266845703125,0.4447021484375,-0.46807861328125,-0.23443603515625,0.8455810546875,0.323974609375,-0.424072265625,-0.0101318359375,0.6580810546875,0.27557373046875,-0.6876220703125,0.134521484375,0.84637451171875,-0.01153564453125,-0.5322265625,0.01336669921875,0.9281005859375,-0.3245849609375,-0.04840087890625,0.175537109375
150,0.6705322265625,-0.6751708984375,0.0343017578125,-0.30535888671875,0.7266845703125,0.4447021484375,-0.46807861328125,-0.23443603515625,0.8455810546875,0.323974609375,-0.424072265625,-0.0101318359375,0.657958984375,0.27557373046875,-0.68768310546875,0.13458251953125,0.84637451171875,-0.01153564453125,-0.5322265625,0.01336669921875,0.9281005859375,-0.3245849609375,-0.0486295055784908,0.175537109375
151,0.6705322265625,-0.67523193359375,0.03424072265625,-0.30523681640625,0.7265480067020276,0.4446905129729306,-0.4681657772000418,-0.23465690485211121,0.84564208984375,0.323974609375,-0.4239501953125,-0.00994873046875,0.65802001953125,0.27557373046875,-0.6876220703125,0.134521484375,0.8463134765625,-0.01153564453125,-0.5323486328125,0.01324462890625,0.9281005859375,-0.32452392578125,-0.04852294921875,0.175537109375
152,0.6705322265625,-0.67523193359375,0.03424072265625,-0.30523681640625,0.72650146484375,0.4447021484375,-0.46820068359375,-0.23468017578125,0.84564208984375,0.323974609375,-0.4239501953125,-0.00994873046875,0.65789794921875,0.2755126953125,-0.68780517578125,0.13446044921875,0.8463134765625,-0.01153564453125,-0.5323486328125,0.01324462890625,0.9281005859375,-0.324607211211852,-0.048647877364653,0.175495466659699
153,0.67047119140625,-0.6754150390625,0.0341796875,-0.30499267578125,0.7264947285221572,0.4446004912207358,-0.4682547782974498,-0.2348904306673286,0.845703125,0.323974609375,-0.423828125,-0.01007080078125,0.6580810546875,0.27557373046875,-0.68768310546875,0.13421630859375,0.84637451171875,-0.0115966796875,-0.5322265625,0.01312255859375,0.92816162109375,-0.324462890625,-0.0484619140625,0.17547607421875
154,0.67047119140625,-0.6754150390625,0.0341796875,-0.30499267578125,0.7264404296875,0.44451904296875,-0.46844482421875,-0.23486328125,0.845703125,0.323974609375,-0.423828125,-0.01007080078125,0.657958984375,0.27532958984375,-0.68792724609375,0.13409423828125,0.84637451171875,-0.0115966796875,-0.5322265625,0.01312255859375,0.9281354923312082,-0.3245412769126254,-0.04854030035012542,0.17550220298129182
155,0.67041015625,-0.675537109375,0.03411865234375,-0.3048095703125,0.7264220579013377,0.44451904296875,-0.4683594974785744,-0.23500964314642558,0.84564208984375,0.323974609375,-0.42388916015625,-0.0101318359375,0.6580810546875,0.275390625,-0.68780517578125,0.1339111328125,0.84637451171875,-0.01171875,-0.5322265625,0.01287841796875,0.92816162109375,-0.32452392578125,-0.0484619140625,0.175537109375
156,0.67041015625,-0.675537109375,0.03411865234375,-0.3048095703125,0.72637939453125,0.44451904296875,-0.46844482421875,-0.23492431640625,0.8456102454144022,0.32400645380434784,-0.423942234205163,-0.01015306555706522,0.65789794921875,0.27545166015625,-0.68792724609375,0.1339111328125,0.8463638969089674,-0.01170813519021739,-0.5322477921195652,0.01286780315896739,0.92816162109375,-0.32452392578125,-0.048583984375,0.1754150390625
157,0.67047119140625,-0.675537109375,0.03387451171875,-0.3046875,0.7264404296875,0.44464111328125,-0.46826171875,-0.23492431640625,0.8455810546875,0.3240966796875,-0.4239501953125,-0.01019287109375,0.6580810546875,0.27545166015625,-0.687744140625,0.13397216796875,0.846435546875,-0.01171875,-0.5321044921875,0.012939453125,0.9281005859375,-0.3245849609375,-0.04833984375,0.175537109375
158,0.67047119140625,-0.675537109375,0.03387451171875,-0.3046875,0.7264404296875,0.44464111328125,-0.46826171875,-0.23492431640625,0.8455810546875,0.3240966796875,-0.4239501953125,-0.01019287109375,0.65802001953125,0.2755126953125,-0.68780517578125,0.13385009765625,0.846435546875,-0.01171875,-0.5321044921875,0.012939453125,0.9281567219507734,-0.3245288249242266,-0.04839597976327341,0.17536870133517976
159,0.67059326171875,-0.67547607421875,0.03369140625,-0.3046875,0.7265141209631062,0.4446641800794314,-0.4681523045568562,-0.23486328125,0.8455810546875,0.32415771484375,-0.42388916015625,-0.01025390625,0.65814208984375,0.27545166015625,-0.68768310546875,0.13397216796875,0.84649658203125,-0.0115966796875,-0.53204345703125,0.012939453125,0.9281005859375,-0.32464599609375,-0.04827880859375,0.17547607421875
160,0.67059326171875,-0.67547607421875,0.03369140625,-0.3046875,0.72650146484375,0.4447021484375,-0.4681396484375,-0.23486328125,0.8455810546875,0.32415771484375,-0.42388916015625,-0.01025390625,0.65814208984375,0.275634765625,-0.6876220703125,0.13409423828125,0.84649658203125,-0.0115966796875,-0.53204345703125,0.012939453125,0.9281412079980143,-0.32456475197272155,-0.048319430654264216,0.17551669627926422
161,0.670654296875,-0.67535400390625,0.0335693359375,-0.30474853515625,0.72662353515625,0.44467397836538464,-0.4680739182692308,-0.2347412109375,0.845703125,0.32421875,-0.42364501953125,-0.0098876953125,0.65814208984375,0.275634765625,-0.68756103515625,0.13427734375,0.84649658203125,-0.01153564453125,-0.53204345703125,0.01324462890625,0.9281005859375,-0.32464599609375,-0.04833984375,0.1756591796875
162,0.670654296875,-0.67535400390625,0.0335693359375,-0.30474853515625,0.72662353515625,0.4447021484375,-0.468017578125,-0.2347412109375,0.845703125,0.32421875,-0.42364501953125,-0.0098876953125,0.6580810546875,0.27569580078125,-0.6876220703125,0.13427734375,0.84649658203125,-0.01153564453125,-0.53204345703125,0.01324462890625,0.9281005859375,-0.324620887985995,-0.048289627534489975,0.17563407157974498
163,0.670654296875,-0.67529296875,0.03350830078125,-0.3048095703125,0.72662353515625,0.4446674461747492,-0.4680349292563754,-0.23465384288775082,0.84576416015625,0.32427978515625,-0.4234619140625,-0.00982666015625,0.6580810546875,0.27574785417537623,-0.6875436840248745,0.13445146745662626,0.84649658203125,-0.01141357421875,-0.53204345703125,0.0133056640625,0.9281005859375,-0.32464599609375,-0.04827880859375,0.1756591796875
164,0.670654296875,-0.67529296875,0.03350830078125,-0.3048095703125,0.72662353515625,0.444580078125,-0.46807861328125,-0.2347412109375,0.84576416015625,0.32429897346624165,-0.4234523199075042,-0.009797877691262537,0.6580810546875,0.27587890625,-0.6875,0.13458251953125,0.84649658203125,-0.011384791753762537,-0.53204345703125,0.013315258217495822,0.9281005859375,-0.32452392578125,-0.04833984375,0.1756591796875
165,0.6707763671875,-0.67523193359375,0.033447265625,-0.3048095703125,0.7267437682901338,0.44452455450459866,-0.46807677610263376,-0.2346783386026338,0.8458251953125,0.32427978515625,-0.42333984375,-0.0096435546875,0.6580810546875,0.27581603391513376,-0.6874408020223662,0.1346453918661162,0.84649658203125,-0.0113525390625,-0.53204345703125,0.01348876953125,0.92803955078125,-0.32464599609375,-0.04827880859375,0.17572021484375
166,0.6707763671875,-0.67523193359375,0.033447265625,-0.3048095703125,0.7266845703125,0.4447021484375,-0.468017578125,-0.234619140625,0.8458251953125,0.32427978515625,-0.42333984375,-0.0096435546875,0.6580810546875,0.2757568359375,-0.6875,0.13470458984375,0.84649658203125,-0.0113525390625,-0.53204345703125,0.01348876953125,0.9280946661397366,-0.32464599609375,-0.048333923952236624,0.17560998412677675
167,0.6707763671875,-0.67523193359375,0.0333251953125,-0.3048095703125,0.72674560546875,0.4447021484375,-0.4678955078125,-0.23455810546875,0.84576416015625,0.3243408203125,-0.42340087890625,-0.0096435546875,0.65814208984375,0.27581787109375,-0.68743896484375,0.134765625,0.846435546875,-0.01123046875,-0.5321044921875,0.01336669921875,0.9281005859375,-0.32464599609375,-0.04827880859375,0.1756591796875
168,0.6707763671875,-0.67523193359375,0.0333251953125,-0.3048095703125,0.72662353515625,0.44476318359375,-0.468017578125,-0.23468017578125,0.84576416015625,0.3243408203125,-0.42340087890625,-0.0096435546875,0.657958984375,0.2760009765625,-0.6875,0.13458251953125,0.846435546875,-0.01123046875,-0.5321044921875,0.01336669921875,0.9281005859375,-0.3246855974994774,-0.04835801140520485,0.17561957828177258
169,0.67071533203125,-0.67529296875,0.033203125,-0.30474853515625,0.7265890370244565,0.44479237432065216,-0.46799104110054346,-0.2347730553668478,0.845703125,0.324462890625,-0.42340087890625,-0.0098876953125,0.65802001953125,0.2760593580163044,-0.6874416185461957,0.13451883067255435,0.8465576171875,-0.01116943359375,-0.531982421875,0.0133056640625,0.9281005859375,-0.3245849609375,-0.04827880859375,0.1756591796875
170,0.67071533203125,-0.67529296875,0.033203125,-0.30474853515625,0.72650146484375,0.44476318359375,-0.46807861328125,-0.23480224609375,0.845703125,0.324462890625,-0.42340087890625,-0.0098876953125,0.65802001953125,0.2760009765625,-0.6875,0.13446044921875,0.8465576171875,-0.01116943359375,-0.531982421875,0.0133056640625,0.9280764984845318,-0.32463313584343645,-0.04835107095265467,0.17563509223453178
171,0.67059326171875,-0.67547607421875,0.033203125,-0.30462646484375,0.7264851343671613,0.4448362624764841,-0.4680218648751045,-0.2349853515625,0.84576416015625,0.324462890625,-0.42333984375,-0.0098876953125,0.65802001953125,0.2760903859218227,-0.6874716257969272,0.13419997811716136,0.8465576171875,-0.01104736328125,-0.53192138671875,0.0130615234375,0.92816162109375,-0.32452392578125,-0.04833984375,0.17559814453125
172,0.67059326171875,-0.67547607421875,0.033203125,-0.30462646484375,0.7264404296875,0.4447021484375,-0.46820068359375,-0.2349853515625,0.84576416015625,0.324462890625,-0.42333984375,-0.0098876953125,0.65802001953125,0.2760009765625,-0.68756103515625,0.1341552734375,0.8465576171875,-0.01104736328125,-0.53192138671875,0.0130615234375,0.928153047593541,-0.32453249928145905,-0.04835699075041805,0.17559814453125
173,0.67059326171875,-0.675537109375,0.03314208984375,-0.30450439453125,0.72650146484375,0.44470296496132944,-0.46807942980507944,-0.2350431206234323,0.84576416015625,0.324462890625,-0.42340087890625,-0.010009765625,0.6581404567960911,0.2759993435148411,-0.6874414144152383,0.13409423828125,0.8465576171875,-0.01116943359375,-0.53192138671875,0.0130615234375,0.9281005859375,-0.32452392578125,-0.04827880859375,0.17559814453125
174,0.67059326171875,-0.675537109375,0.03314208984375,-0.30450439453125,0.72650146484375,0.44476318359375,-0.4681396484375,-0.23480224609375,0.84576416015625,0.324462890625,-0.42340087890625,-0.010009765625,0.65802001953125,0.27587890625,-0.6876220703125,0.13409423828125,0.8465576171875,-0.01116943359375,-0.53192138671875,0.0130615234375,0.9281005859375,-0.32452392578125,-0.04827880859375,0.17559814453125
175,0.67059326171875,-0.67559814453125,0.033203125,-0.30438232421875,0.72650146484375,0.4447021484375,-0.46807861328125,-0.23492431640625,0.845703125,0.32452392578125,-0.42340087890625,-0.010009765625,0.65802001953125,0.27581787109375,-0.6876220703125,0.13397216796875,0.84649658203125,-0.01129150390625,-0.5321044921875,0.0128173828125,0.92816162109375,-0.32452392578125,-0.04840087890625,0.17547607421875
176,0.67059326171875,-0.67559814453125,0.033203125,-0.30438232421875,0.7265625,0.444580078125,-0.46820068359375,-0.23480224609375,0.845703125,0.32452392578125,-0.42340087890625,-0.010009765625,0.65802001953125,0.275634765625,-0.687744140625,0.13397216796875,0.84649658203125,-0.01129150390625,-0.5321044921875,0.0128173828125,0.9281230403428093,-0.3246396680340719,-0.04836229815530937,0.17547607421875
177,0.67047119140625,-0.67572021484375,0.03326416015625,-0.30438232421875,0.7264404296875,0.44476318359375,-0.4681396484375,-0.23492431640625,0.84564208984375,0.32452392578125,-0.423583984375,-0.0101318359375,0.6580206319241221,0.27572601216293896,-0.687713316850439,0.13378845010712792,0.8465576171875,-0.01123046875,-0.531982421875,0.01275634765625,0.92816162109375,-0.3245849609375,-0.04833984375,0.17547607421875
178,0.67047119140625,-0.67572021484375,0.03326416015625,-0.30438232421875,0.7264404296875,0.44451904296875,-0.46826171875,-0.235107421875,0.84564208984375,0.32452392578125,-0.423583984375,-0.0101318359375,0.6580810546875,0.27569580078125,-0.68768310546875,0.13372802734375,0.8465576171875,-0.01123046875,-0.531982421875,0.01275634765625,0.9281385542955686,-0.3246080277356814,-0.04831677695181857,0.17547607421875
179,0.67047119140625,-0.67572021484375,0.03338623046875,-0.30450439453125,0.72637939453125,0.444580078125,-0.4683837890625,-0.23504638671875,0.84564208984375,0.32440185546875,-0.42364501953125,-0.01019287109375,0.6579896040186036,0.2757111106030518,-0.6877592463158445,0.13377375267819816,0.8465576171875,-0.01116943359375,-0.531982421875,0.01275634765625,0.9281005859375,-0.32464599609375,-0.0484619140625,0.1754150390625
180,0.67047119140625,-0.67572021484375,0.03338623046875,-0.30450439453125,0.72650146484375,0.4447021484375,-0.4681396484375,-0.23504638671875,0.84564208984375,0.32440185546875,-0.42364501953125,-0.01019287109375,0.6580810546875,0.2757568359375,-0.6876220703125,0.13372802734375,0.8465576171875,-0.01116943359375,-0.531982421875,0.01275634765625,0.9281081387829222,-0.32463844324832775,-0.048424149835388786,0.1754150390625
181,0.6705320224315426,-0.6755377217678721,0.03344706149404264,-0.3046868876071279,0.7264406338184574,0.44464131741220736,-0.4682613104880853,-0.23480306261757944,0.8456422939747074,0.3244022637306647,-0.4235833719821279,-0.01007141317412207,0.6581418857127926,0.27581766696279264,-0.6875004082619147,0.13403218247021323,0.8465580254494147,-0.011230060488085288,-0.5319818094821279,0.012878009706835288,0.9281007900684574,-0.3247674540133779,-0.048400062382420575,0.1754150390625
182,0.6705322265625,-0.675537109375,0.033447265625,-0.3046875,0.72650146484375,0.44464111328125,-0.4681396484375,-0.2349853515625,0.84564208984375,0.32440185546875,-0.423583984375,-0.01007080078125,0.65814208984375,0.27581787109375,-0.6875,0.134033203125,0.8465576171875,-0.01123046875,-0.531982421875,0.01287841796875,0.9281005859375,-0.32476806640625,-0.04840087890625,0.1754150390625
183,0.67047119140625,-0.67547607421875,0.03375244140625,-0.30487060546875,0.72625732421875,0.44476318359375,-0.4683837890625,-0.23492431640625,0.84576416015625,0.324462890625,-0.42340087890625,-0.0098876953125,0.6580792175088838,0.27568191987614965,-0.6875785904185828,0.13425978848766723,0.846435546875,-0.01116943359375,-0.5321044921875,0.01300048828125,0.9281005859375,-0.32464599609375,-0.04840087890625,0.17547607421875
184,0.67047119140625,-0.67547607421875,0.03375244140625,-0.30487060546875,0.72650146484375,0.4444580078125,-0.46832275390625,-0.23492431640625,0.84576416015625,0.324462890625,-0.42340087890625,-0.0098876953125,0.65814208984375,0.275634765625,-0.6875,0.13433837890625,0.846435546875,-0.01116943359375,-0.5321044921875,0.01300048828125,0.9281005859375,-0.32464599609375,-0.04840087890625,0.17547607421875
185,0.67047119140625,-0.67547607421875,0.03411865234375,-0.304931640625,0.72625732421875,0.44451904296875,-0.46856689453125,-0.23504638671875,0.84588623046875,0.32427978515625,-0.42327880859375,-0.00970458984375,0.6580185906145485,0.275454517989653,-0.6877455695417015,0.13430571795307275,0.84637451171875,-0.011474609375,-0.5322265625,0.0130615234375,0.9281005859375,-0.32464599609375,-0.04840087890625,0.17547607421875
186,0.67047119140625,-0.67547607421875,0.03411865234375,-0.304931640625,0.72662353515625,0.4443359375,-0.46844482421875,-0.234619140625,0.84588623046875,0.32427978515625,-0.42327880859375,-0.00970458984375,0.6580810546875,0.27532958984375,-0.68768310546875,0.1343994140625,0.84637451171875,-0.011474609375,-0.5322265625,0.0130615234375,0.9281005859375,-0.32464599609375,-0.04840087890625,0.17547607421875
187,0.6705322265625,-0.67535400390625,0.0343017578125,-0.30499267578125,0.72650146484375,0.44427490234375,-0.4686279296875,-0.234619140625,0.845947265625,0.3240966796875,-0.4232177734375,-0.0093994140625,0.6579732735420151,0.27522180869826507,-0.6878519217704849,0.13445657073056022,0.8463134765625,-0.0115966796875,-0.5323486328125,0.01324462890625,0.9281005859375,-0.32470703125,-0.04852294921875,0.17547607421875
188,0.6705322265625,-0.67535400390625,0.0343017578125,-0.30499267578125,0.7265625,0.4443359375,-0.468505859375,-0.2347412109375,0.845947265625,0.3240966796875,-0.4232177734375,-0.0093994140625,0.65802001953125,0.2752685546875,-0.68780517578125,0.1346435546875,0.8463134765625,-0.0115966796875,-0.5323486328125,0.01324462890625,0.9281071181281354,-0.3246939668687291,-0.048509884837479096,0.1754630098374791
189,0.6705322265625,-0.6752343831652383,0.03412232670098244,-0.3051721068927676,0.7266223103705058,0.4443359375,-0.46844604900449416,-0.23444215908497074,0.8458850056830058,0.3245849609375,-0.42303589275449416,-0.009283467678720729,0.6579003987902383,0.27574703765154684,-0.6876855550402383,0.1346435546875,0.84637451171875,-0.01129150390625,-0.5322265625,0.013360575290029271,0.9280420003527383,-0.3247045816785117,-0.04852049964726171,0.17553343501776755
190,0.6705322265625,-0.67523193359375,0.03411865234375,-0.30517578125,0.7264404296875,0.444580078125,-0.46832275390625,-0.23486328125,0.84588623046875,0.3245849609375,-0.42303466796875,-0.00927734375,0.65789794921875,0.2757568359375,-0.68768310546875,0.1346435546875,0.84637451171875,-0.01129150390625,-0.5322265625,0.01336669921875,0.92803955078125,-0.32470703125,-0.04852294921875,0.175537109375
191,0.67047119140625,-0.67523193359375,0.03387451171875,-0.30535888671875,0.7265625,0.4447021484375,-0.4681396484375,-0.234619140625,0.845703125,0.324951171875,-0.42303466796875,-0.009521484375,0.65789794921875,0.27607283065948995,-0.68756103515625,0.13475480605926005,0.846435546875,-0.010986328125,-0.53216552734375,0.01336669921875,0.9281005859375,-0.3245849609375,-0.04840087890625,0.17559814453125
192,0.67047119140625,-0.67523193359375,0.03387451171875,-0.30535888671875,0.7264404296875,0.44464111328125,-0.46832275390625,-0.2347412109375,0.845703125,0.324951171875,-0.42303466796875,-0.009521484375,0.65789794921875,0.276123046875,-0.68756103515625,0.13470458984375,0.846435546875,-0.010986328125,-0.53216552734375,0.01336669921875,0.9281005859375,-0.3245849609375,-0.04840087890625,0.17559814453125
193,0.67041015625,-0.67535400390625,0.0338134765625,-0.30523681640625,0.72650146484375,0.4447021484375,-0.46820068359375,-0.23486328125,0.845703125,0.3250732421875,-0.42303466796875,-0.009765625,0.6579014194450251,0.27618408203125,-0.6875253122387124,0.13455373706626253,0.846435546875,-0.0108642578125,-0.53216552734375,0.01324462890625,0.92816162109375,-0.324462890625,-0.04840087890625,0.17547607421875
194,0.67041015625,-0.67535400390625,0.0338134765625,-0.30523681640625,0.72637939453125,0.4447021484375,-0.46832275390625,-0.23480224609375,0.845703125,0.3250732421875,-0.42303466796875,-0.009765625,0.6578369140625,0.27618408203125,-0.6876220703125,0.134521484375,0.846435546875,-0.0108642578125,-0.53216552734375,0.01324462890625,0.92816162109375,-0.324462890625,-0.04840087890625,0.17547607421875
195,0.6705322265625,-0.67535400390625,0.03375244140625,-0.3050537109375,0.7264404296875,0.444580078125,-0.46832275390625,-0.23492431640625,0.84576416015625,0.324951171875,-0.42291259765625,-0.00970458984375,0.65777587890625,0.27587890625,-0.687744140625,0.1346435546875,0.8463134765625,-0.0111083984375,-0.53228759765625,0.01336669921875,0.9281005859375,-0.3245849609375,-0.048583984375,0.175537109375
196,0.6705322265625,-0.67535400390625,0.03375244140625,-0.3050537109375,0.7265625,0.44464111328125,-0.46832275390625,-0.2344970703125,0.84576416015625,0.324951171875,-0.42291259765625,-0.00970458984375,0.65777587890625,0.27587890625,-0.687744140625,0.1346435546875,0.8463134765625,-0.0111083984375,-0.53228759765625,0.01336669921875,0.9281005859375,-0.3245849609375,-0.048583984375,0.175537109375
197,0.670591016278219,-0.67535400390625,0.033811231121969064,-0.3048185520746237,0.7265625,0.4444647441340928,-0.46832275390625,-0.23473222917537626,0.845761914715719,0.32489462759981186,-0.42303691340928096,-0.009573537769126261,0.65777587890625,0.2755849576714047,-0.6878617200564381,0.1346435546875,0.8461958971310619,-0.011402347016095327,-0.5324639668034072,0.013131540355873739,0.9281005859375,-0.32452392578125,-0.0487127910090928,0.17548281054034282
198,0.67059326171875,-0.67535400390625,0.0338134765625,-0.3048095703125,0.72650146484375,0.4444580078125,-0.46856689453125,-0.23455810546875,0.84576416015625,0.32489013671875,-0.42303466796875,-0.00958251953125,0.65777587890625,0.27557373046875,-0.6878662109375,0.1346435546875,0.84619140625,-0.01141357421875,-0.532470703125,0.01312255859375,0.9281005859375,-0.32452392578125,-0.0487060546875,0.17547607421875
199,0.67059326171875,-0.67547607421875,0.03369140625,-0.3046875,0.7265625,0.44439697265625,-0.4683837890625,-0.234619140625,0.84564208984375,0.32501220703125,-0.42315673828125,-0.00970458984375,0.6577681219298704,0.27559148986204013,-0.6878739679138796,0.13449596800533026,0.8463134765625,-0.01141357421875,-0.5323486328125,0.0130615234375,0.9281005859375,-0.3245849609375,-0.04864501953125,0.175537109375
200,0.67059326171875,-0.67547607421875,0.03369140625,-0.3046875,0.72637939453125,0.4444580078125,-0.46856689453125,-0.2347412109375,0.84564208984375,0.32501220703125,-0.42315673828125,-0.00970458984375,0.65771484375,0.27557373046875,-0.68792724609375,0.13446044921875,0.8463134765625,-0.01141357421875,-0.5323486328125,0.0130615234375,0.9281005859375,-0.3245849609375,-0.04864501953125,0.175537109375
201,0.6705322265625,-0.675537109375,0.03363037109375,-0.30462646484375,0.7264404296875,0.4444580078125,-0.468505859375,-0.23480224609375,0.84552001953125,0.3250732421875,-0.42333984375,-0.00994873046875,0.65765380859375,0.27569580078125,-0.68798828125,0.13427734375,0.8463134765625,-0.01129150390625,-0.5323486328125,0.01287841796875,0.92816162109375,-0.32452392578125,-0.04852294921875,0.175537109375
202,0.6705322265625,-0.675537109375,0.03363037109375,-0.30462646484375,0.7261962890625,0.4444580078125,-0.46868896484375,-0.23516845703125,0.84552001953125,0.3250732421875,-0.42333984375,-0.00994873046875,0.65765380859375,0.27569580078125,-0.68798828125,0.13427734375,0.8463134765625,-0.01129150390625,-0.5323486328125,0.01287841796875,0.92816162109375,-0.32452392578125,-0.04852294921875,0.175537109375
203,0.67059326171875,-0.675537109375,0.03338623046875,-0.30450439453125,0.72637939453125,0.4443359375,-0.468505859375,-0.2352294921875,0.84539794921875,0.3250732421875,-0.42352294921875,-0.01019287109375,0.65771484375,0.2757568359375,-0.68792724609375,0.13421630859375,0.8463134765625,-0.01129150390625,-0.53228759765625,0.0128173828125,0.9281005859375,-0.3245849609375,-0.04840087890625,0.17559814453125
204,0.67059326171875,-0.675537109375,0.03338623046875,-0.30450439453125,0.72613525390625,0.44439697265625,-0.46875,-0.2353515625,0.84539794921875,0.3250732421875,-0.42352294921875,-0.01019287109375,0.65771484375,0.2757568359375,-0.68792724609375,0.13421630859375,0.8463134765625,-0.01129150390625,-0.53228759765625,0.0128173828125,0.9281005859375,-0.3245849609375,-0.04840087890625,0.17559814453125
205,0.6706510307796822,-0.675537109375,0.03321292328595317,-0.30450439453125,0.7262507920281146,0.4443392035953177,-0.46863446187813546,-0.23529379343906773,0.8451505424984322,0.3253173828125,-0.42389569234688546,-0.010562348126567724,0.6577726128109322,0.2758146049984323,-0.6878694770328178,0.13415853953281773,0.8463134765625,-0.011118196723453171,-0.5323453667171822,0.012875151873432276,0.9281038520328178,-0.3245816948421823,-0.04852948140938545,0.17564938140154682
206,0.670654296875,-0.675537109375,0.033203125,-0.30450439453125,0.7261962890625,0.4444580078125,-0.46868896484375,-0.23516845703125,0.84515380859375,0.3253173828125,-0.42388916015625,-0.01055908203125,0.65777587890625,0.27581787109375,-0.6878662109375,0.1341552734375,0.8463134765625,-0.0111083984375,-0.5323486328125,0.01287841796875,0.9281005859375,-0.3245849609375,-0.04852294921875,0.1756591796875
207,0.6707388070913461,-0.6754525991586539,0.03311861478365385,-0.30450439453125,0.7262807992788461,0.44437349759615385,-0.46868896484375,-0.23512620192307693,0.8450739933894231,0.32547701322115385,-0.4239079402043269,-0.010516826923076922,0.65777587890625,0.2758601262019231,-0.6878239558293269,0.13428203876201925,0.8463134765625,-0.011066143329326922,-0.5323486328125,0.012962928185096154,0.9281193659855769,-0.3244675856370192,-0.04854172926682692,0.17564039963942307
208,0.6707763671875,-0.6754150390625,0.0330810546875,-0.30450439453125,0.72637939453125,0.4444580078125,-0.46856689453125,-0.23486328125,0.8450927734375,0.325439453125,-0.42388916015625,-0.010498046875,0.65777587890625,0.27587890625,-0.68780517578125,0.13433837890625,0.8463134765625,-0.01104736328125,-0.5323486328125,0.01300048828125,0.9281005859375,-0.32452392578125,-0.04852294921875,0.1756591796875
209,0.6707763671875,-0.67535400390625,0.032958984375,-0.3045654296875,0.7264404296875,0.4444580078125,-0.468505859375,-0.2347412109375,0.8450927734375,0.3255615234375,-0.423828125,-0.01043701171875,0.65771484375,0.27606201171875,-0.687744140625,0.13446044921875,0.8463134765625,-0.010986328125,-0.53228759765625,0.01312255859375,0.9281005859375,-0.32452392578125,-0.0484619140625,0.17578125
210,0.6707763671875,-0.67535400390625,0.032958984375,-0.3045654296875,0.7264404296875,0.4444580078125,-0.46856689453125,-0.234619140625,0.8450927734375,0.3255615234375,-0.423828125,-0.01043701171875,0.65771484375,0.27606201171875,-0.687744140625,0.13446044921875,0.8463134765625,-0.010986328125,-0.53228759765625,0.01312255859375,0.9281005859375,-0.32452392578125,-0.0484619140625,0.17578125
211,0.6707763671875,-0.67535400390625,0.032958984375,-0.30450439453125,0.7264404296875,0.44439697265625,-0.46856689453125,-0.23468017578125,0.84515380859375,0.32550048828125,-0.42376708984375,-0.010498046875,0.65765380859375,0.27618408203125,-0.687744140625,0.134521484375,0.84625244140625,-0.01092529296875,-0.53240966796875,0.01312255859375,0.9281005859375,-0.32452392578125,-0.04852294921875,0.17578125
212,0.6707763671875,-0.67535400390625,0.032958984375,-0.30450439453125,0.72650146484375,0.44451904296875,-0.46844482421875,-0.23455810546875,0.84515380859375,0.32550048828125,-0.42376708984375,-0.010498046875,0.65765380859375,0.27618408203125,-0.687744140625,0.134521484375,0.84625244140625,-0.01092529296875,-0.53240966796875,0.01312255859375,0.9281005859375,-0.32452392578125,-0.04852294921875,0.17578125
213,0.670889863999791,-0.6752972555001046,0.03301573278114549,-0.3044476461251045,0.72650146484375,0.44434879775031355,-0.46855832103104095,-0.23461485387489547,0.84521484375,0.32533024306281355,-0.4237060546875,-0.010310654656145486,0.6577105569998954,0.2758435915943771,-0.687857637437291,0.13463498118729098,0.8461956930001046,-0.011209034999477433,-0.5324664163748954,0.01329280381218646,0.92803955078125,-0.32463742259354095,-0.04864930628135451,0.17584657190635453
214,0.6708984375,-0.67529296875,0.03302001953125,-0.304443359375,0.7265504562735159,0.4442869460702341,-0.4686648773907818,-0.23452115776546822,0.84521484375,0.3253173828125,-0.4237060546875,-0.01031494140625,0.65771484375,0.27581787109375,-0.6878662109375,0.1346435546875,0.84619140625,-0.01123046875,-0.532470703125,0.0133056640625,0.92803955078125,-0.32464599609375,-0.04864501953125,0.17584228515625
215,0.6708572030466137,-0.6753754376567725,0.033102488438022576,-0.3043608904682274,0.7264800310932275,0.4443161367971363,-0.46868896484375,-0.23462077367265888,0.8453369140625,0.3252365469533863,-0.423583984375,-0.010194504141408866,0.6577560782033863,0.2756941677335911,-0.6878662109375,0.13451985132734112,0.84619140625,-0.01123046875,-0.532470703125,0.013181960702341134,0.9280197500783863,-0.3245833278898411,-0.04866482023411371,0.17582085140572742
216,0.67083740234375,-0.6754150390625,0.03314208984375,-0.3043212890625,0.7264404296875,0.4443359375,-0.46868896484375,-0.23468017578125,0.8453369140625,0.32525634765625,-0.423583984375,-0.01025390625,0.65777587890625,0.275634765625,-0.6878662109375,0.13446044921875,0.84619140625,-0.01123046875,-0.532470703125,0.01312255859375,0.92803955078125,-0.32452392578125,-0.04864501953125,0.17578125
217,0.6707763671875,-0.67547607421875,0.03302001953125,-0.30426025390625,0.72650146484375,0.4443359375,-0.46856689453125,-0.23468017578125,0.84539794921875,0.32525634765625,-0.4234619140625,-0.01031494140625,0.6578369140625,0.2757568359375,-0.6878662109375,0.13427734375,0.84625244140625,-0.01116943359375,-0.5324000738137542,0.012993956090614552,0.92803955078125,-0.32464599609375,-0.04864501953125,0.17572021484375
218,0.6707763671875,-0.67547607421875,0.03302001953125,-0.30426025390625,0.726318359375,0.4443359375,-0.46875,-0.23492431640625,0.84539794921875,0.32525634765625,-0.4234619140625,-0.01031494140625,0.6578369140625,0.2757568359375,-0.6878662109375,0.13427734375,0.84625244140625,-0.01116943359375,-0.532470703125,0.0128173828125,0.92803955078125,-0.32464599609375,-0.04864501953125,0.17572021484375
219,0.670654296875,-0.6756591796875,0.032958984375,-0.30419921875,0.72625732421875,0.4444580078125,-0.4686279296875,-0.23504638671875,0.8453369140625,0.32525634765625,-0.423583984375,-0.0106201171875,0.65777587890625,0.27581787109375,-0.6878662109375,0.1339111328125,0.8463134765625,-0.0111083984375,-0.5323486328125,0.01263427734375,0.9281005859375,-0.32452392578125,-0.048583984375,0.1756591796875
220,0.670654296875,-0.6756591796875,0.032958984375,-0.30419921875,0.72625732421875,0.4443359375,-0.46875,-0.235107421875,0.8453369140625,0.32525634765625,-0.423583984375,-0.0106201171875,0.65777587890625,0.27581787109375,-0.6878662109375,0.1339111328125,0.8463134765625,-0.0111083984375,-0.5323486328125,0.01263427734375,0.9281005859375,-0.32452392578125,-0.048583984375,0.1756591796875
221,0.670654296875,-0.6757149074388586,0.033070439877717385,-0.3040877632472826,0.7262015964673914,0.4442802097486413,-0.46875,-0.23521887737771738,0.8453369140625,0.3251953125,-0.423583984375,-0.010726265285326076,0.65777587890625,0.2757064155910326,-0.6879776664402174,0.13379967730978262,0.8463134765625,-0.011275581691576076,-0.5324043605638586,0.012690005095108692,0.9280952785326086,-0.3245902683423913,-0.04865032693614131,0.17573082965353262
222,0.670654296875,-0.67572021484375,0.0330810546875,-0.3040771484375,0.7263402013874373,0.44427490234375,-0.4687020292250209,-0.23498963831260453,0.8453369140625,0.3251953125,-0.423583984375,-0.0107421875,0.65777587890625,0.27569580078125,-0.68798828125,0.1337890625,0.8463134765625,-0.01129150390625,-0.53240966796875,0.0126953125,0.9281005859375,-0.3245849609375,-0.04864501953125,0.17572021484375
223,0.6706945106735995,-0.675639787246551,0.03320169608329849,-0.3040369346389005,0.7263391807326505,0.444194474746551,-0.4688096062395485,-0.2349645302048495,0.845458984375,0.324809709121551,-0.423664411972199,-0.010416190361099498,0.6578160927048495,0.2754143041910535,-0.6880284950485995,0.13394991769439799,0.846233048965301,-0.011492572899247487,-0.532490095565949,0.012775740097198994,0.92803955078125,-0.324604353378449,-0.048746268486099496,0.17574246511810201
224,0.67071533203125,-0.67559814453125,0.03326416015625,-0.30401611328125,0.7263832730194398,0.44415283203125,-0.4687746998458403,-0.2349853515625,0.845458984375,0.32476806640625,-0.4237060546875,-0.01043701171875,0.6578369140625,0.2752685546875,-0.68804931640625,0.134033203125,0.84619140625,-0.0115966796875,-0.53253173828125,0.0128173828125,0.92803955078125,-0.32464599609375,-0.04876708984375,0.1756591796875
225,0.6707400318770903,-0.6755734446854097,0.033338259693770904,-0.3040655129729306,0.7263910299958194,0.44415283203125,-0.4687630643812709,-0.2349359518708194,0.8455563548416597,0.3248291015625,-0.4234749784437709,-0.0103759765625,0.6579706198395694,0.2752438548416597,-0.6878792753187709,0.1341189381270903,0.84619140625,-0.0115966796875,-0.53253173828125,0.0128173828125,0.92803955078125,-0.3246343606291806,-0.048658083912520904,0.1757928854645694
226,0.6707763671875,-0.675537109375,0.033447265625,-0.30413818359375,0.7263522451139214,0.4441189462923286,-0.4688381845735786,-0.23493105272784282,0.84552001953125,0.3248291015625,-0.423583984375,-0.0103759765625,0.65789794921875,0.27520751953125,-0.68798828125,0.1341552734375,0.84619140625,-0.0115966796875,-0.53253173828125,0.0128173828125,0.92803955078125,-0.32470703125,-0.04876708984375,0.17572021484375
227,0.670654296875,-0.675537109375,0.03363037109375,-0.30426025390625,0.72625732421875,0.44415283203125,-0.4688720703125,-0.235107421875,0.8455810546875,0.3248291015625,-0.42333984375,-0.01019287109375,0.657958984375,0.27520751953125,-0.68792724609375,0.13421630859375,0.8460877077236622,-0.011492981161162203,-0.5326781001776756,0.012774719442412203,0.92803955078125,-0.32464599609375,-0.0487060546875,0.17572021484375
228,0.670654296875,-0.675537109375,0.03363037109375,-0.30426025390625,0.726260182052153,0.444149974197847,-0.4688706413957985,-0.2351088507917015,0.8455810546875,0.3248291015625,-0.42333984375,-0.01019287109375,0.657958984375,0.27520751953125,-0.68792724609375,0.13421630859375,0.84619140625,-0.0115966796875,-0.532470703125,0.01287841796875,0.92803955078125,-0.32464599609375,-0.0487060546875,0.17572021484375
229,0.670654296875,-0.675537109375,0.03384919948003761,-0.3043696680993938,0.7262152732415343,0.4440854688153219,-0.4690298635425376,-0.23516845703125,0.8457157811193562,0.3246396680340719,-0.4233145315112876,-0.0101318359375,0.6579042772784282,0.2751528124346781,-0.6879819531903218,0.1342710156903219,0.8460819920568562,-0.0115966796875,-0.5326895315112876,0.012823710872178097,0.92803955078125,-0.3247007031903219,-0.0487060546875,0.17572021484375
230,0.670654296875,-0.675537109375,0.03387451171875,-0.30438232421875,0.7261962890625,0.444091796875,-0.46905517578125,-0.23516845703125,0.845703125,0.32464599609375,-0.42333984375,-0.0101318359375,0.65789794921875,0.275146484375,-0.68798828125,0.13427734375,0.84619140625,-0.0115966796875,-0.53253173828125,0.01287841796875,0.92803955078125,-0.32470703125,-0.0487060546875,0.17572021484375
231,0.6706934900188127,-0.6754195299435619,0.03391370486256271,-0.30449990365018814,0.72637939453125,0.44411363888743727,-0.46886757943143814,-0.23492880728731186,0.845703125,0.3246896801186246,-0.42327431771268814,-0.00995322134981187,0.6578587560749373,0.27516832638743727,-0.6880056323813755,0.13451699349393814,0.8461130199623745,-0.0115966796875,-0.5326101245688755,0.01295680425637542,0.9280221996498745,-0.3246633472251254,-0.04880179210650084,0.17572021484375
232,0.67071533203125,-0.67535400390625,0.033935546875,-0.3045654296875,0.72637939453125,0.444091796875,-0.46893310546875,-0.23486328125,0.845703125,0.32464599609375,-0.42333984375,-0.0098876953125,0.6578369140625,0.275146484375,-0.68804931640625,0.13458251953125,0.8460693359375,-0.0115966796875,-0.53265380859375,0.01300048828125,0.927978515625,-0.32470703125,-0.04888916015625,0.17572021484375
233,0.6707390112223035,-0.675306645524143,0.033935546875,-0.3046601464517141,0.72637939453125,0.444091796875,-0.468919428694607,-0.23492799076348242,0.8458251953125,0.3246833520589465,-0.42304467038566057,-0.009854013704535931,0.657911625992893,0.2752685546875,-0.6878288549723035,0.13467723629546408,0.8460930151285535,-0.011573000496446483,-0.5326301294026965,0.013095205045464069,0.928053227555393,-0.324632319319607,-0.04873973629546407,0.17570653806960704
234,0.6707763671875,-0.67523193359375,0.033935546875,-0.3048095703125,0.726395316745924,0.44412364130434784,-0.46891452955163043,-0.23477305536684784,0.8458251953125,0.32464599609375,-0.42315673828125,-0.00970458984375,0.6578369140625,0.2752685546875,-0.6878662109375,0.13482666015625,0.84613037109375,-0.01153564453125,-0.5325927734375,0.01324462890625,0.927978515625,-0.32470703125,-0.04888916015625,0.17578125
235,0.67071533203125,-0.67523193359375,0.033935546875,-0.304931640625,0.7264404296875,0.4443359375,-0.46868896484375,-0.2347412109375,0.845947265625,0.32470703125,-0.42279052734375,-0.0093994140625,0.6578369140625,0.2755126953125,-0.687744140625,0.13507080078125,0.8460856664140887,-0.011397243742161363,-0.5326374781171613,0.01331382930079432,0.92803955078125,-0.32452392578125,-0.048828125,0.17584228515625
236,0.67071533203125,-0.67523193359375,0.033935546875,-0.304931640625,0.7264396131636706,0.4443355292380853,-0.46868978136757944,-0.23474161919941472,0.845947265625,0.32470703125,-0.42279052734375,-0.0093994140625,0.6578369140625,0.2755126953125,-0.687744140625,0.13507080078125,0.84619140625,-0.01129150390625,-0.53253173828125,0.01336669921875,0.92803955078125,-0.32452392578125,-0.048828125,0.17584228515625
237,0.6706616455894648,-0.6752856200355352,0.03398923331678512,-0.304931640625,0.7262646729332148,0.4443285887855351,-0.46881103515625,-0.23485593253553513,0.8458325440269648,0.3246386473792851,-0.4230273192542851,-0.00958251953125,0.65771484375,0.2755053465980351,-0.68792724609375,0.13477297371446487,0.8461377198082148,-0.01118413102267976,-0.5325854247230352,0.01331301277696488,0.92803955078125,-0.3244702393394649,-0.04904287076714048,0.17578859871446487
238,0.670654296875,-0.67529296875,0.03399658203125,-0.304931640625,0.72625732421875,0.4443359375,-0.46881103515625,-0.23486328125,0.8458251953125,0.32464599609375,-0.42303466796875,-0.00958251953125,0.65771484375,0.2755126953125,-0.68792724609375,0.134765625,0.8460693359375,-0.01116943359375,-0.53271484375,0.013427734375,0.92803955078125,-0.324462890625,-0.049072265625,0.17578125
239,0.670654296875,-0.6753311412390259,0.03395840954222408,-0.30481712315792225,0.7262344615515259,0.44423672985472407,-0.46891779564694813,-0.23491676356082777,0.8457412974890259,0.32436368297972407,-0.42344660424069813,-0.009513931529577763,0.6576080832593019,0.2752685546875,-0.6881332142297241,0.13475031517819816,0.8461456809155519,-0.01116943359375,-0.5326003262829222,0.013351389396948158,0.9280166881140259,-0.32466885876097407,-0.04922475145014631,0.17578125
240,0.670654296875,-0.67535400390625,0.033935546875,-0.30474853515625,0.72625732421875,0.4442138671875,-0.4688720703125,-0.2349853515625,0.84576416015625,0.3243408203125,-0.42340087890625,-0.00958251953125,0.65765380859375,0.2752685546875,-0.6881103515625,0.13470458984375,0.845947265625,-0.01141357421875,-0.53289794921875,0.01318359375,0.92803955078125,-0.32464599609375,-0.04913330078125,0.17578125
241,0.6705322265625,-0.675537109375,0.03399658203125,-0.3045654296875,0.7261962890625,0.44415283203125,-0.4691162109375,-0.235107421875,0.8455810546875,0.32452392578125,-0.4237060546875,-0.010009765625,0.65753173828125,0.2752685546875,-0.68829345703125,0.13427734375,0.84600830078125,-0.011336820978783444,-0.5327985374425167,0.012984770197533444,0.92803955078125,-0.324462890625,-0.04913330078125,0.17578125
242,0.6705322265625,-0.675537109375,0.03399658203125,-0.3045654296875,0.7261962890625,0.44415283203125,-0.4691162109375,-0.235107421875,0.8455810546875,0.32452392578125,-0.4237060546875,-0.010009765625,0.65753173828125,0.2752685546875,-0.68829345703125,0.13427734375,0.84600830078125,-0.01141357421875,-0.5328369140625,0.0130615234375,0.92803955078125,-0.324462890625,-0.04913330078125,0.17578125
243,0.670654296875,-0.675537109375,0.0340576171875,-0.304443359375,0.7261962890625,0.4439697265625,-0.46923828125,-0.235107421875,0.84552001953125,0.32464599609375,-0.42364501953125,-0.00994873046875,0.65753173828125,0.27508544921875,-0.68829345703125,0.1343994140625,0.8460011561977425,-0.01154278911475753,-0.5327901680732651,0.012939453125,0.92803955078125,-0.32452392578125,-0.0491943359375,0.17572021484375
244,0.670654296875,-0.675537109375,0.0340576171875,-0.304443359375,0.7261962890625,0.4439697265625,-0.46923828125,-0.235107421875,0.84552001953125,0.32464599609375,-0.42364501953125,-0.00994873046875,0.65753173828125,0.27508544921875,-0.68829345703125,0.1343994140625,0.845947265625,-0.0115966796875,-0.53289794921875,0.012939453125,0.92803955078125,-0.32452392578125,-0.0491943359375,0.17572021484375
245,0.670654296875,-0.6754844435880016,0.0340576171875,-0.3043906935880017,0.72613525390625,0.4441001662442517,-0.46917724609375,-0.23504638671875,0.8454146879572534,0.32454066451975333,-0.42390834846624165,-0.010159393616743322,0.65753173828125,0.2750327834317517,-0.6883987886052466,0.134241416701505,0.845947265625,-0.011649345474498331,-0.53289794921875,0.012939453125,0.9280922165682484,-0.32452392578125,-0.0491943359375,0.17566754905675167
246,0.670654296875,-0.67547607421875,0.0340576171875,-0.30438232421875,0.72613525390625,0.444091796875,-0.46917724609375,-0.23504638671875,0.84539794921875,0.32452392578125,-0.4239501953125,-0.01019287109375,0.65753173828125,0.2750244140625,-0.68841552734375,0.13421630859375,0.845947265625,-0.01153564453125,-0.53289794921875,0.012939453125,0.9281005859375,-0.32452392578125,-0.0491943359375,0.1756591796875
247,0.6706914487092391,-0.67547607421875,0.033983313519021736,-0.30434517238451086,0.7262334408967391,0.44405464504076086,-0.46914009425951086,-0.23492431640625,0.8453501825747283,0.32448677394701086,-0.42418106742527173,-0.010009765625,0.6574468198029891,0.27496337890625,-0.6885004458220109,0.13425346042798914,0.8459844174592391,-0.011572796365489132,-0.5328236455502717,0.012976604959239132,0.9280634341032609,-0.32452392578125,-0.049157184103260865,0.17573348335597827
248,0.67071533203125,-0.67547607421875,0.033935546875,-0.3043212890625,0.72625732421875,0.44403076171875,-0.4691162109375,-0.23492431640625,0.84539794921875,0.324462890625,-0.42413330078125,-0.010009765625,0.657470703125,0.27496337890625,-0.6884765625,0.13427734375,0.845947265625,-0.0115966796875,-0.5328369140625,0.01300048828125,0.92803955078125,-0.32452392578125,-0.04913330078125,0.17578125
249,0.6707369699127299,-0.67547607421875,0.0338706332305602,-0.3042996511810201,0.7261785296692098,0.44410955626829013,-0.46913397033079013,-0.23496371368102006,0.8450533761627299,0.3246853933685201,-0.42457830626829013,-0.010598479306020066,0.6573308734192098,0.2752685546875,-0.6885337191680602,0.13411587616272994,0.8459905413879598,-0.011618317568979934,-0.5327936382995402,0.013043764044209866,0.9280611886627299,-0.3245022878997701,-0.049111662899770064,0.17573797423704013
250,0.6707763671875,-0.67547607421875,0.03375244140625,-0.30426025390625,0.72625732421875,0.44403076171875,-0.46905517578125,-0.23492431640625,0.8450927734375,0.32464599609375,-0.42449951171875,-0.01055908203125,0.65740966796875,0.2752685546875,-0.68841552734375,0.1341552734375,0.8460693359375,-0.01141357421875,-0.53271484375,0.012939453125,0.9281005859375,-0.324462890625,-0.049072265625,0.1756591796875
251,0.6707886150449415,-0.6754638263613085,0.03372794569136706,-0.30426025390625,0.7262146608486622,0.44432368964255853,-0.46898189276755853,-0.23485103339255853,0.8449219158261915,0.3247496946200878,-0.4247863157138378,-0.010601745401337797,0.6572388103574415,0.27538450107127926,-0.6885253497988085,0.1341736452236622,0.8460754598662207,-0.011425822076191468,-0.5327087198212793,0.012957824911162203,0.9280944620087793,-0.32447513848244147,-0.049078389553720736,0.17566530361622074
252,0.6708984375,-0.67535400390625,0.03350830078125,-0.30426025390625,0.72637939453125,0.4442138671875,-0.4688720703125,-0.2347412109375,0.84503173828125,0.3245849609375,-0.42462158203125,-0.01043701171875,0.6573486328125,0.27532958984375,-0.68841552734375,0.13433837890625,0.8460693359375,-0.01141357421875,-0.53271484375,0.01312255859375,0.92803955078125,-0.3245849609375,-0.04913330078125,0.17572021484375
253,0.6708984375,-0.67535400390625,0.03350830078125,-0.30426025390625,0.7262761042668269,0.4443171574519231,-0.4688720703125,-0.23484450120192307,0.8448768028846154,0.3246882512019231,-0.4248798076923077,-0.01074688251201925,0.6572969876802884,0.27553617037259615,-0.6884671724759616,0.13418344350961536,0.8460693359375,-0.01141357421875,-0.53271484375,0.01312255859375,0.92803955078125,-0.3245849609375,-0.04913330078125,0.17572021484375
254,0.6708984375,-0.67535400390625,0.03326416015625,-0.30426025390625,0.72637939453125,0.4443359375,-0.46868896484375,-0.23480224609375,0.844970703125,0.32470703125,-0.42474365234375,-0.01068115234375,0.6573486328125,0.275634765625,-0.68829345703125,0.13427734375,0.84613037109375,-0.0111083984375,-0.5325927734375,0.01312255859375,0.9281005859375,-0.324462890625,-0.04901123046875,0.1756591796875
255,0.6708623063205477,-0.6753901350857023,0.03319189779734531,-0.30426025390625,0.7263544905544523,0.44443310383570234,-0.4686777376410953,-0.23480224609375,0.844970703125,0.32467090007054766,-0.42474365234375,-0.010645021164297656,0.6573847639919523,0.2758290982964047,-0.6882211946723453,0.13421630859375,0.8461665022732023,-0.011072267258047656,-0.5325205110785953,0.013158689773202344,0.9281005859375,-0.32442675944554766,-0.048975099289297656,0.17569531086695234
256,0.67083740234375,-0.6754150390625,0.03314208984375,-0.30426025390625,0.72637939453125,0.4444580078125,-0.4686279296875,-0.23480224609375,0.844970703125,0.32464599609375,-0.42474365234375,-0.0106201171875,0.65740966796875,0.27587890625,-0.68817138671875,0.13421630859375,0.84613037109375,-0.010986328125,-0.5325927734375,0.01312255859375,0.9281005859375,-0.32440185546875,-0.0489501953125,0.17572021484375
257,0.67083740234375,-0.6754356562891931,0.033121472617056856,-0.30426025390625,0.72613525390625,0.44441758988294316,-0.4688918710153637,-0.23506700394544314,0.8449302851954431,0.32472764847669316,-0.42478407027330684,-0.0108642578125,0.6573082148829431,0.27596055863294316,-0.6882728398045569,0.13409423828125,0.8461509883204431,-0.010986328125,-0.5325721562108069,0.01312255859375,0.9281212031641931,-0.32438123824205684,-0.0489501953125,0.17569959761705686
258,0.67083740234375,-0.67547607421875,0.0330810546875,-0.30426025390625,0.72613525390625,0.4444580078125,-0.46881103515625,-0.235107421875,0.844970703125,0.32476806640625,-0.42474365234375,-0.0108642578125,0.6573486328125,0.2760009765625,-0.688232421875,0.13409423828125,0.84613037109375,-0.0108642578125,-0.5325927734375,0.01300048828125,0.92816162109375,-0.3243408203125,-0.0489501953125,0.1756591796875
259,0.67083740234375,-0.67547607421875,0.03307084813963211,-0.3042500473583821,0.7261454604541179,0.44445290453856606,-0.4689228989208821,-0.23486838452393394,0.844975806398934,0.32464599609375,-0.4247334457958821,-0.0106201171875,0.6572367690478679,0.27593994140625,-0.6882832504833821,0.13415017016356606,0.8461405776416179,-0.0108642578125,-0.5325825668896321,0.01300048828125,0.928156517819816,-0.32434592358643394,-0.04896040186036789,0.17566428296143394
260,0.67083740234375,-0.67547607421875,0.032958984375,-0.30413818359375,0.72625732421875,0.44439697265625,-0.46881103515625,-0.23492431640625,0.84503173828125,0.32464599609375,-0.42462158203125,-0.0106201171875,0.6573486328125,0.27593994140625,-0.68817138671875,0.13409423828125,0.84613037109375,-0.010986328125,-0.5325927734375,0.0130615234375,0.9281005859375,-0.32440185546875,-0.049072265625,0.17572021484375
261,0.6707361533889005,-0.6755773231735995,0.032908359897575255,-0.30408755911632523,0.7261560752639005,0.4444982216110995,-0.46881103515625,-0.2350255653610995,0.8449811138038252,0.3247472450485995,-0.42462158203125,-0.01077199061977424,0.6573382221336748,0.2759801552048495,-0.6882428325538252,0.1339319541701505,0.8461809955711748,-0.010885079170150507,-0.5324915244826505,0.0130615234375,0.9281005859375,-0.32435123099132523,-0.049072265625,0.17566959036632526
262,0.67071533203125,-0.67559814453125,0.03289794921875,-0.3040771484375,0.72613525390625,0.44451904296875,-0.46881103515625,-0.23504638671875,0.844970703125,0.32476806640625,-0.42462158203125,-0.01080322265625,0.6573486328125,0.2760009765625,-0.688232421875,0.1339111328125,0.84619140625,-0.01092529296875,-0.532470703125,0.0128173828125,0.9281005859375,-0.3243408203125,-0.049072265625,0.1756591796875
263,0.6706802215065845,-0.6756683655805811,0.03293305974341555,-0.30404203791283446,0.7261703644309155,0.44448393244408446,-0.46881103515625,-0.2349761656694189,0.8450409241743311,0.32469784535691887,-0.42455136098191887,-0.010733001606918893,0.6573486328125,0.27591401677466554,-0.68829345703125,0.1337188414506689,0.8462265167746655,-0.010855071919418893,-0.532470703125,0.012747161763168893,0.9281005859375,-0.3243408203125,-0.04910737614966555,0.1757294007368311
264,0.670654296875,-0.67572021484375,0.032958984375,-0.30401611328125,0.7261962890625,0.4444580078125,-0.46881103515625,-0.23492431640625,0.8450927734375,0.32464599609375,-0.42449951171875,-0.01068115234375,0.6573486328125,0.27593994140625,-0.68829345703125,0.1336669921875,0.84619140625,-0.01104736328125,-0.53253173828125,0.01287841796875,0.9281005859375,-0.3243408203125,-0.04913330078125,0.17578125
265,0.6706347003030937,-0.67572021484375,0.03299817751881271,-0.30405530642506273,0.726137499346781,0.44447760438440637,-0.46883063172815637,-0.23504189583768814,0.845151563153219,0.32470478580946904,-0.4243427391434992,-0.010583169484218224,0.657472948565531,0.27587890625,-0.6882105798625627,0.13385009765625,0.8461522131061873,-0.01100817013743729,-0.5325709314250627,0.01287841796875,0.9281201825094063,-0.32430162716868727,-0.049192090496969064,0.17578125
266,0.67059326171875,-0.67572021484375,0.0330810546875,-0.30413818359375,0.72601318359375,0.44451904296875,-0.4688720703125,-0.23529052734375,0.84527587890625,0.3248291015625,-0.42401123046875,-0.0103759765625,0.6573486328125,0.27587890625,-0.68829345703125,0.13385009765625,0.84625244140625,-0.0108642578125,-0.532470703125,0.01287841796875,0.92816162109375,-0.32421875,-0.04931640625,0.17578125
267,0.67059326171875,-0.6757161322246028,0.03309330254494147,-0.30414226621289714,0.7260091009746028,0.44451087773045567,-0.46888431816994147,-0.23530277520119147,0.8452799615253972,0.32483318418164714,-0.42399898261130853,-0.010363728705058532,0.6575235730429557,0.27587482363085286,-0.6881185168007943,0.1339111328125,0.8462442761679557,-0.010868340431647156,-0.5324829509824415,0.012870252730455688,0.92816162109375,-0.32422283261914714,-0.04931232363085284,0.17578125
268,0.67059326171875,-0.6756591796875,0.03326416015625,-0.30419921875,0.7259521484375,0.44439697265625,-0.46905517578125,-0.2354736328125,0.8453369140625,0.32489013671875,-0.423828125,-0.01019287109375,0.65740966796875,0.27581787109375,-0.688232421875,0.1339111328125,0.8461877318927675,-0.011040014566785114,-0.5325390869957148,0.012985790852320227,0.92816162109375,-0.32427978515625,-0.04925537109375,0.17578125
269,0.67059326171875,-0.6756591796875,0.03341297162416387,-0.30424882257263797,0.726001752260138,0.44434736883361203,-0.46905517578125,-0.23532482134458613,0.845287310239862,0.3246917214281982,-0.42412574793582775,-0.010341682561663873,0.6573714954797241,0.275634765625,-0.6883316295202759,0.13392256414611203,0.8460921986047241,-0.01104736328125,-0.5326309459265259,0.012901280635974085,0.92816162109375,-0.32427978515625,-0.04935457873902591,0.1756820423547241
270,0.67059326171875,-0.6756591796875,0.033447265625,-0.30426025390625,0.72601318359375,0.4443359375,-0.46905517578125,-0.23529052734375,0.84527587890625,0.32464599609375,-0.4241943359375,-0.0103759765625,0.6573486328125,0.275634765625,-0.6883544921875,0.1339111328125,0.8461530296300167,-0.011131056973766717,-0.5325701149012333,0.012794724276233283,0.9281005859375,-0.3243408203125,-0.0491943359375,0.17572021484375
271,0.6705591718488713,-0.6756250898176213,0.033549535234636274,-0.30432843364600753,0.7260472734636287,0.4443359375,-0.46905517578125,-0.23518825773411373,0.8452076991664925,0.32464599609375,-0.4242966055471363,-0.010444156302257517,0.6574025233852425,0.275634765625,-0.6883616367710075,0.1337890625,0.8461232265102425,-0.011135343723871241,-0.5326340078908863,0.012722257786371241,0.9281346758073787,-0.3243408203125,-0.049330695417015034,0.1756520351039925
272,0.6705322265625,-0.67559814453125,0.03363037109375,-0.30438232421875,0.72607421875,0.4443359375,-0.46905517578125,-0.235107421875,0.84515380859375,0.32464599609375,-0.42437744140625,-0.010498046875,0.6573486328125,0.275634765625,-0.68841552734375,0.1337890625,0.84619140625,-0.01116943359375,-0.53253173828125,0.012939453125,0.9281005859375,-0.32440185546875,-0.04913330078125,0.17572021484375
273,0.6705322265625,-0.67559814453125,0.03387451171875,-0.30450439453125,0.72613525390625,0.44427490234375,-0.46905517578125,-0.23504638671875,0.84521484375,0.32440185546875,-0.42437744140625,-0.01025390625,0.6573486328125,0.27532958984375,-0.6884765625,0.1339111328125,0.8460693359375,-0.01116943359375,-0.53277587890625,0.01287841796875,0.9281430451766305,-0.32442043138586957,-0.04929783033288043,0.1756538722826087
274,0.6705322265625,-0.67559814453125,0.03387451171875,-0.30450439453125,0.72613525390625,0.44427490234375,-0.46905517578125,-0.23504638671875,0.84521484375,0.32440185546875,-0.42437744140625,-0.01025390625,0.6573486328125,0.27532958984375,-0.6884765625,0.1339111328125,0.8460693359375,-0.0113525390625,-0.53271484375,0.01287841796875,0.9281005859375,-0.324462890625,-0.04925537109375,0.17578125
275,0.67047119140625,-0.67559814453125,0.03411865234375,-0.30462646484375,0.72607421875,0.44415283203125,-0.46917724609375,-0.23516845703125,0.84515380859375,0.3245849609375,-0.4244384765625,-0.010498046875,0.65728759765625,0.27532958984375,-0.6885986328125,0.13385009765625,0.845947265625,-0.01129150390625,-0.53289794921875,0.01275634765625,0.9281005859375,-0.32440185546875,-0.049490325825668896,0.17560120649561037
276,0.67047119140625,-0.67559814453125,0.03411865234375,-0.30462646484375,0.72607421875,0.44415283203125,-0.46917724609375,-0.23516845703125,0.84515380859375,0.3245849609375,-0.4244384765625,-0.010498046875,0.65728759765625,0.27532958984375,-0.6885986328125,0.13385009765625,0.8461162860576923,-0.01129150390625,-0.532672588641827,0.012925368088942304,0.9281005859375,-0.32440185546875,-0.04931640625,0.1756591796875
277,0.67047119140625,-0.6755009781955477,0.03421581867945234,-0.3048207975151547,0.72607421875,0.44415283203125,-0.46922582926160117,-0.23511987386339883,0.8451052254258988,0.32463354410535117,-0.42448705973035117,-0.010352297371446495,0.6573249536214465,0.27521997151964883,-0.6885126936794523,0.1340568823160535,0.8459846215901965,-0.011340087074101168,-0.5328481412651547,0.013036619460702337,0.9280520027696488,-0.32445043863660117,-0.04951073892140467,0.1756591796875
278,0.67047119140625,-0.67547607421875,0.03424072265625,-0.30487060546875,0.72607421875,0.44415283203125,-0.46923828125,-0.235107421875,0.8450927734375,0.32464599609375,-0.42449951171875,-0.01031494140625,0.65728759765625,0.27520751953125,-0.68853759765625,0.13409423828125,0.8460289180079431,-0.011230060488085293,-0.5328162968358069,0.0130615234375,0.9281005859375,-0.32440185546875,-0.04931640625,0.17559814453125
279,0.67047119140625,-0.67535400390625,0.03411865234375,-0.30511474609375,0.72601318359375,0.44439697265625,-0.46905517578125,-0.23516845703125,0.84521484375,0.32489013671875,-0.42413330078125,-0.01025390625,0.6573486328125,0.275634765625,-0.68829345703125,0.13433837890625,0.84600830078125,-0.01116943359375,-0.5328369140625,0.0133056640625,0.92803955078125,-0.32452392578125,-0.04949951171875,0.17584228515625
280,0.67047119140625,-0.67535400390625,0.03411865234375,-0.30511474609375,0.72601318359375,0.44439697265625,-0.46905517578125,-0.23516845703125,0.84521484375,0.32489013671875,-0.42413330078125,-0.01025390625,0.6573486328125,0.275634765625,-0.68829345703125,0.13433837890625,0.8460842374973871,-0.010966935684051037,-0.5327356651076505,0.01328035182378763,0.92816162109375,-0.32421875,-0.04925537109375,0.17559814453125
281,0.6705322265625,-0.67523193359375,0.03387451171875,-0.30535888671875,0.72613525390625,0.444580078125,-0.46881103515625,-0.23492431640625,0.84515380859375,0.3250732421875,-0.42401123046875,-0.010009765625,0.6573486328125,0.276123046875,-0.68804931640625,0.1346435546875,0.84613037109375,-0.01068115234375,-0.5325927734375,0.01361083984375,0.92803955078125,-0.32440185546875,-0.04937744140625,0.1759033203125
282,0.6705322265625,-0.67523193359375,0.03387451171875,-0.30535888671875,0.72613525390625,0.444580078125,-0.46881103515625,-0.23492431640625,0.84515380859375,0.3250732421875,-0.42401123046875,-0.010009765625,0.6573486328125,0.276123046875,-0.68804931640625,0.1346435546875,0.8461205728077968,-0.010671354057796822,-0.5326123700094063,0.013581444985890465,0.9281005859375,-0.3243408203125,-0.04937744140625,0.17572021484375
283,0.6705322265625,-0.67523193359375,0.03375244140625,-0.3052978515625,0.72607421875,0.44464111328125,-0.46881103515625,-0.2349853515625,0.84515380859375,0.3251953125,-0.42401123046875,-0.010009765625,0.65728759765625,0.2762451171875,-0.6881103515625,0.13458251953125,0.84613037109375,-0.0106201171875,-0.53265380859375,0.01348876953125,0.9281005859375,-0.3243408203125,-0.04932048886914717,0.1757792086904264
284,0.6705322265625,-0.67523193359375,0.03375244140625,-0.3052978515625,0.72607421875,0.44464111328125,-0.46881103515625,-0.2349853515625,0.84515380859375,0.3251953125,-0.42401123046875,-0.010009765625,0.65728759765625,0.2762451171875,-0.6881103515625,0.13458251953125,0.846075051604306,-0.010675436676943985,-0.532764447572638,0.01348876953125,0.9281005859375,-0.3243408203125,-0.0494384765625,0.17572021484375
285,0.6705322265625,-0.67529296875,0.03375244140625,-0.30511474609375,0.7260266562369356,0.444580078125,-0.46889268753919316,-0.2351208945181856,0.8450927734375,0.32501220703125,-0.4241943359375,-0.01019287109375,0.6572265625,0.276123046875,-0.688232421875,0.13433837890625,0.84613037109375,-0.01068115234375,-0.53265380859375,0.01336669921875,0.92816162109375,-0.32427978515625,-0.04925537109375,0.1756591796875
286,0.6705322265625,-0.67529296875,0.03375244140625,-0.30511474609375,0.72601318359375,0.444580078125,-0.46893310546875,-0.235107421875,0.8450927734375,0.32501220703125,-0.4241943359375,-0.01019287109375,0.6572265625,0.276123046875,-0.688232421875,0.13433837890625,0.8460109544836957,-0.010760763417119571,-0.5327732252038043,0.01336669921875,0.9281005859375,-0.32440185546875,-0.04949951171875,0.17578125
287,0.67047119140625,-0.67547607421875,0.03375244140625,-0.304931640625,0.7259811350334449,0.4445480295646948,-0.46890718083716554,-0.23525541681908443,0.8450927734375,0.32501220703125,-0.42431640625,-0.01019287109375,0.65716552734375,0.27606201171875,-0.6883544921875,0.13421630859375,0.8460693359375,-0.0107421875,-0.53271484375,0.01318359375,0.92816162109375,-0.32421875,-0.04931640625,0.17572021484375
288,0.67047119140625,-0.67547607421875,0.03375244140625,-0.304931640625,0.7259521484375,0.44451904296875,-0.468994140625,-0.23516845703125,0.8450927734375,0.32501220703125,-0.42431640625,-0.01019287109375,0.65716552734375,0.27606201171875,-0.6883544921875,0.13421630859375,0.8460207527696488,-0.010790770667851174,-0.5327877185017768,0.013232176917851174,0.9281005859375,-0.32427978515625,-0.049560546875,0.17584228515625
289,0.6705322265625,-0.67547607421875,0.03375244140625,-0.30474853515625,0.7259521484375,0.44439697265625,-0.46917724609375,-0.235107421875,0.8450927734375,0.3248291015625,-0.42437744140625,-0.01025390625,0.65716552734375,0.2757568359375,-0.6884765625,0.134033203125,0.84600830078125,-0.01092529296875,-0.5328369140625,0.01318359375,0.9281005859375,-0.3243408203125,-0.04937744140625,0.17572021484375
290,0.6705322265625,-0.67547607421875,0.03375244140625,-0.30474853515625,0.7259521484375,0.44439697265625,-0.46917724609375,-0.235107421875,0.8450927734375,0.3248291015625,-0.42437744140625,-0.01025390625,0.65716552734375,0.27573928067516723,-0.6884853401311664,0.13406831364966557,0.8459907455189172,-0.010916515337583612,-0.5328544693248328,0.013192371381166388,0.9281005859375,-0.3243408203125,-0.04962158203125,0.17578125
291,0.67059326171875,-0.67547607421875,0.03375244140625,-0.30462646484375,0.72613525390625,0.44439697265625,-0.468994140625,-0.23492431640625,0.84521484375,0.32470703125,-0.42425537109375,-0.010009765625,0.6572265625,0.27557373046875,-0.6884765625,0.13421630859375,0.845947265625,-0.010986328125,-0.53289794921875,0.01318359375,0.9281005859375,-0.3243408203125,-0.04949951171875,0.17572021484375
292,0.67059326171875,-0.67547607421875,0.03375244140625,-0.30462646484375,0.72613525390625,0.44439697265625,-0.468994140625,-0.23492431640625,0.84521484375,0.32470703125,-0.42425537109375,-0.010009765625,0.6572265625,0.27557373046875,-0.6884765625,0.13421630859375,0.845947265625,-0.010986328125,-0.53289794921875,0.01318359375,0.9281005859375,-0.32427978515625,-0.04949951171875,0.17584228515625
293,0.67071533203125,-0.67535400390625,0.03375244140625,-0.3046875,0.72613525390625,0.4444290212165552,-0.4689620920646948,-0.23480224609375,0.84521484375,0.32476806640625,-0.4241943359375,-0.0098876953125,0.65716552734375,0.2755126953125,-0.68853759765625,0.134521484375,0.845947265625,-0.0111083984375,-0.532958984375,0.01336669921875,0.92803955078125,-0.32440185546875,-0.049560546875,0.17584228515625
294,0.67071533203125,-0.67535400390625,0.03375244140625,-0.3046875,0.72613525390625,0.4444580078125,-0.46893310546875,-0.23480224609375,0.84521484375,0.32476806640625,-0.4241943359375,-0.0098876953125,0.657087957579954,0.27570661972199,-0.68853759765625,0.134443914611204,0.845986050506898,-0.010953258909908012,-0.532881414611204,0.01336669921875,0.92816162109375,-0.32421875,-0.0494384765625,0.17578125
295,0.6707763671875,-0.67529296875,0.03363037109375,-0.3046875,0.72625732421875,0.4444600491220736,-0.4688710496577132,-0.2347101830319816,0.84521484375,0.3248291015625,-0.4241943359375,-0.010009765625,0.6571044921875,0.2757568359375,-0.68841552734375,0.134521484375,0.84600830078125,-0.01092529296875,-0.53277587890625,0.01348876953125,0.9281005859375,-0.32427978515625,-0.04937744140625,0.17584228515625
296,0.6707763671875,-0.67529296875,0.03363037109375,-0.3046875,0.72625732421875,0.444580078125,-0.46881103515625,-0.23468017578125,0.84521484375,0.3248291015625,-0.4241943359375,-0.010009765625,0.6571044921875,0.2758499196540552,-0.6883922564146112,0.13454475530413879,0.84600830078125,-0.010878751110472405,-0.53277587890625,0.013442227672972405,0.92816162109375,-0.32421875,-0.04937744140625,0.17572021484375
297,0.6707763671875,-0.67523193359375,0.033447265625,-0.30474853515625,0.7263328526729724,0.4445500708742684,-0.46868896484375,-0.2346201612797868,0.84527587890625,0.32501220703125,-0.4239501953125,-0.00994873046875,0.65716552734375,0.27606201171875,-0.688232421875,0.134765625,0.8460693359375,-0.01080322265625,-0.53271484375,0.0135498046875,0.9281005859375,-0.32427978515625,-0.04931640625,0.1759033203125
298,0.6707763671875,-0.67523193359375,0.033447265625,-0.30474853515625,0.7261962890625,0.44464111328125,-0.46868896484375,-0.23480224609375,0.84527587890625,0.32501220703125,-0.4239501953125,-0.00994873046875,0.6571732843201296,0.27607752567150917,-0.6882246648986204,0.13474235407086121,0.8460770929138796,-0.010787708703490802,-0.5327070867736204,0.013534290734740802,0.92816162109375,-0.32427978515625,-0.04931640625,0.17572021484375
299,0.6707763671875,-0.67523193359375,0.03326416015625,-0.3048095703125,0.7261962890625,0.444580078125,-0.46875,-0.23486328125,0.8453369140625,0.3250732421875,-0.4237060546875,-0.0098876953125,0.65728759765625,0.2762451171875,-0.68804931640625,0.13470458984375,0.84613037109375,-0.0106201171875,-0.5325927734375,0.01361083984375,0.9281005859375,-0.32427978515625,-0.04931640625,0.1759033203125
