timestep,imu0_w,imu0_x,imu0_y,imu0_z,imu1_w,imu1_x,imu1_y,imu1_z,imu2_w,imu2_x,imu2_y,imu2_z,imu3_w,imu3_x,imu3_y,imu3_z,imu4_w,imu4_x,imu4_y,imu4_z,imu5_w,imu5_x,imu5_y,imu5_z
0,0.9892578125,-0.1453857421875,-0.0106201171875,-0.001220703125,0.94989013671875,0.2523193359375,-0.015869140625,-0.1837158203125,0.977783203125,0.166259765625,-0.0882568359375,0.092041015625,0.9241943359375,0.05908203125,-0.18841552734375,0.32672119140625,0.763671875,-0.03515625,-0.400390625,0.505126953125,0.9228515625,-0.22003173828125,-0.1942138671875,0.24932861328125
1,0.9892578125,-0.1453857421875,-0.010498046875,-0.00115966796875,0.94989013671875,0.252197265625,-0.01593017578125,-0.18365478515625,0.977783203125,0.16619873046875,-0.08837890625,0.09197998046875,0.92425537109375,0.05902099609375,-0.188232421875,0.3267822265625,0.763671875,-0.03521728515625,-0.40045166015625,0.50506591796875,0.9228515625,-0.2198486328125,-0.19415283203125,0.24932861328125
2,0.9892578125,-0.1453857421875,-0.010498046875,-0.00115966796875,0.94989013671875,0.252197265625,-0.01593017578125,-0.18365478515625,0.977783203125,0.1661376953125,-0.08807373046875,0.09210205078125,0.92425537109375,0.05902099609375,-0.188232421875,0.3267822265625,0.7635498046875,-0.03509521484375,-0.4005126953125,0.5052490234375,0.9228515625,-0.2198486328125,-0.19415283203125,0.24932861328125
3,0.9892578125,-0.1455078125,-0.0103759765625,-0.0010986328125,0.949951171875,0.252197265625,-0.0159912109375,-0.18353271484375,0.977783203125,0.166259765625,-0.08819580078125,0.092041015625,0.9241943359375,0.05902099609375,-0.18841552734375,0.32684326171875,0.7635498046875,-0.03509521484375,-0.400634765625,0.505126953125,0.9228515625,-0.21978759765625,-0.1944580078125,0.24932861328125
4,0.9892578125,-0.1455078125,-0.0103759765625,-0.0010986328125,0.949951171875,0.252197265625,-0.0159912109375,-0.18353271484375,0.977783203125,0.16619873046875,-0.08831787109375,0.0921630859375,0.9241943359375,0.05902099609375,-0.18841552734375,0.32684326171875,0.763427734375,-0.03509521484375,-0.4007568359375,0.5052490234375,0.9228515625,-0.21978759765625,-0.1944580078125,0.24932861328125
5,0.9892578125,-0.1455078125,-0.01031494140625,-0.00103759765625,0.95001220703125,0.2520751953125,-0.0159912109375,-0.18341064453125,0.977783203125,0.16619873046875,-0.08837890625,0.09210205078125,0.9241943359375,0.0589599609375,-0.18841552734375,0.32684326171875,0.763427734375,-0.03509521484375,-0.40081787109375,0.50518798828125,0.9228515625,-0.2197265625,-0.19464111328125,0.249267578125
6,0.9892578125,-0.1455078125,-0.01031494140625,-0.00103759765625,0.95001220703125,0.2520751953125,-0.0159912109375,-0.18341064453125,0.97772216796875,0.166259765625,-0.08837890625,0.09197998046875,0.9241943359375,0.0589599609375,-0.18841552734375,0.32684326171875,0.763427734375,-0.03497314453125,-0.4007568359375,0.5052490234375,0.9228515625,-0.2197265625,-0.19464111328125,0.249267578125
7,0.9892578125,-0.14544677734375,-0.01031494140625,-0.00103759765625,0.95001220703125,0.25201416015625,-0.015869140625,-0.1832275390625,0.977783203125,0.16619873046875,-0.08837890625,0.09197998046875,0.9241943359375,0.0589599609375,-0.188232421875,0.326904296875,0.763427734375,-0.0350341796875,-0.4007568359375,0.5052490234375,0.9228515625,-0.2196044921875,-0.19464111328125,0.24932861328125
8,0.9892578125,-0.14544677734375,-0.01031494140625,-0.00103759765625,0.95001220703125,0.25201416015625,-0.015869140625,-0.1832275390625,0.977783203125,0.16619873046875,-0.08819580078125,0.09210205078125,0.9241943359375,0.0589599609375,-0.188232421875,0.326904296875,0.763427734375,-0.03497314453125,-0.4005126953125,0.50543212890625,0.9228515625,-0.2196044921875,-0.19464111328125,0.24932861328125
9,0.9892578125,-0.14544677734375,-0.01025390625,-0.00091552734375,0.9500732421875,0.2518310546875,-0.01580810546875,-0.18316650390625,0.977783203125,0.16619873046875,-0.08831787109375,0.09197998046875,0.92425537109375,0.05877685546875,-0.18804931640625,0.326904296875,0.76348876953125,-0.0350341796875,-0.4005126953125,0.50531005859375,0.92279052734375,-0.219482421875,-0.19476318359375,0.2493896484375
10,0.9892578125,-0.14544677734375,-0.01025390625,-0.00091552734375,0.9500732421875,0.2518310546875,-0.01580810546875,-0.18316650390625,0.977783203125,0.1661376953125,-0.08819580078125,0.092041015625,0.92425537109375,0.05877685546875,-0.18804931640625,0.326904296875,0.76336669921875,-0.03509521484375,-0.4005126953125,0.50543212890625,0.92279052734375,-0.219482421875,-0.19476318359375,0.2493896484375
11,0.9892578125,-0.1455078125,-0.01025390625,-0.0008544921875,0.9501953125,0.25177001953125,-0.015869140625,-0.1829833984375,0.977783203125,0.16619873046875,-0.08819580078125,0.09197998046875,0.92425537109375,0.0587158203125,-0.1878662109375,0.32696533203125,0.763427734375,-0.0350341796875,-0.4005126953125,0.50537109375,0.92279052734375,-0.2193603515625,-0.19488525390625,0.24945068359375
12,0.9892578125,-0.1455078125,-0.01025390625,-0.0008544921875,0.9501953125,0.25177001953125,-0.015869140625,-0.1829833984375,0.977783203125,0.1661376953125,-0.0882568359375,0.092041015625,0.92425537109375,0.0587158203125,-0.1878662109375,0.32696533203125,0.76336669921875,-0.03509521484375,-0.40045166015625,0.50555419921875,0.92279052734375,-0.2193603515625,-0.19488525390625,0.24945068359375
13,0.9892578125,-0.1456298828125,-0.01031494140625,-0.0008544921875,0.95025634765625,0.2515869140625,-0.015869140625,-0.18280029296875,0.977783203125,0.166259765625,-0.08819580078125,0.092041015625,0.92425537109375,0.0587158203125,-0.18768310546875,0.3270263671875,0.763427734375,-0.03497314453125,-0.40045166015625,0.5054931640625,0.92279052734375,-0.21929931640625,-0.1949462890625,0.24945068359375
14,0.9892578125,-0.1456298828125,-0.01031494140625,-0.0008544921875,0.95025634765625,0.2515869140625,-0.015869140625,-0.18280029296875,0.977783203125,0.16619873046875,-0.08831787109375,0.092041015625,0.92425537109375,0.0587158203125,-0.18768310546875,0.3270263671875,0.76324462890625,-0.035888671875,-0.400146484375,0.50592041015625,0.92279052734375,-0.21929931640625,-0.1949462890625,0.24945068359375
15,0.9892578125,-0.145751953125,-0.01031494140625,-0.00079345703125,0.95025634765625,0.2515869140625,-0.0157470703125,-0.18267822265625,0.97772216796875,0.166259765625,-0.08831787109375,0.09197998046875,0.92437744140625,0.05841064453125,-0.18743896484375,0.32696533203125,0.7633056640625,-0.0357666015625,-0.40020751953125,0.50579833984375,0.9228515625,-0.21929931640625,-0.194580078125,0.24969482421875
16,0.9892578125,-0.145751953125,-0.01031494140625,-0.00079345703125,0.95025634765625,0.2515869140625,-0.0157470703125,-0.18267822265625,0.977783203125,0.166015625,-0.08856201171875,0.09197998046875,0.9243851983826296,0.058325317791074416,-0.187361395079954,0.3269963599367684,0.7630615234375,-0.03668212890625,-0.40008544921875,0.50616455078125,0.9228515625,-0.21929931640625,-0.194580078125,0.24969482421875
17,0.98919677734375,-0.14599609375,-0.01007080078125,-0.000732421875,0.9503173828125,0.25140380859375,-0.01593017578125,-0.18255615234375,0.97772216796875,0.166259765625,-0.0888671875,0.09185791015625,0.9244384765625,0.057861328125,-0.1871337890625,0.32708740234375,0.76300048828125,-0.03662109375,-0.400390625,0.5059814453125,0.9227294921875,-0.21966552734375,-0.194580078125,0.24969482421875
18,0.98919677734375,-0.14599609375,-0.01007080078125,-0.000732421875,0.9503173828125,0.25140380859375,-0.01593017578125,-0.18255615234375,0.977783203125,0.16607666015625,-0.088134765625,0.092041015625,0.9244384765625,0.057861328125,-0.1871337890625,0.32708740234375,0.7631639971780937,-0.03662109375,-0.40000910424069813,0.5061449542093437,0.9227294921875,-0.21966552734375,-0.194580078125,0.24969482421875
19,0.98919677734375,-0.14593505859375,-0.010009765625,-0.00079345703125,0.950439453125,0.25128173828125,-0.01568603515625,-0.18231201171875,0.977783203125,0.166015625,-0.08819580078125,0.09210205078125,0.9244384765625,0.05792236328125,-0.1868896484375,0.3271484375,0.76312255859375,-0.03668212890625,-0.39996337890625,0.5062255859375,0.9228515625,-0.21905517578125,-0.19464111328125,0.249755859375
20,0.98919677734375,-0.14593505859375,-0.010009765625,-0.00079345703125,0.950439453125,0.25128173828125,-0.01568603515625,-0.18231201171875,0.977783203125,0.16607666015625,-0.0880126953125,0.09210205078125,0.9244384765625,0.05792236328125,-0.1868896484375,0.3271484375,0.7631627723923495,-0.036561487510451504,-0.399882951309051,0.5062255859375,0.9228515625,-0.21905517578125,-0.19464111328125,0.249755859375
21,0.98919677734375,-0.14581298828125,-0.00994873046875,-0.00079345703125,0.950439453125,0.25115966796875,-0.0157470703125,-0.1822509765625,0.97784423828125,0.16595458984375,-0.08807373046875,0.09210205078125,0.92449951171875,0.0576171875,-0.1866455078125,0.3272705078125,0.76312255859375,-0.03662109375,-0.39984130859375,0.50628662109375,0.9228515625,-0.21905517578125,-0.19464111328125,0.24969482421875
22,0.98919677734375,-0.14581298828125,-0.00994873046875,-0.00079345703125,0.950439453125,0.25115966796875,-0.0157470703125,-0.1822509765625,0.97784423828125,0.16595458984375,-0.08782958984375,0.09197998046875,0.92449951171875,0.0576171875,-0.1866455078125,0.3272705078125,0.7631484832253345,-0.03664701838158445,-0.3997894593305811,0.5063125457253345,0.9228515625,-0.21905517578125,-0.19464111328125,0.24969482421875
23,0.9892578125,-0.14581298828125,-0.0098876953125,-0.0008544921875,0.9505615234375,0.25091552734375,-0.0157470703125,-0.18206787109375,0.97784423828125,0.16595458984375,-0.087890625,0.09210205078125,0.92449951171875,0.0577392578125,-0.1865234375,0.32720947265625,0.76312255859375,-0.03668212890625,-0.3997802734375,0.50634765625,0.92279052734375,-0.21929931640625,-0.19451904296875,0.249755859375
24,0.9892578125,-0.14581298828125,-0.0098876953125,-0.0008544921875,0.9505615234375,0.25091552734375,-0.0157470703125,-0.18206787109375,0.97784423828125,0.165771484375,-0.08795166015625,0.092041015625,0.9245111471833194,0.05769271595422241,-0.18650016657086121,0.3272211081208194,0.76312255859375,-0.03692626953125,-0.399658203125,0.50640869140625,0.92279052734375,-0.21929931640625,-0.19451904296875,0.249755859375
25,0.98919677734375,-0.14581298828125,-0.00982666015625,-0.00091552734375,0.95062255859375,0.25091552734375,-0.01580810546875,-0.181884765625,0.97784423828125,0.165771484375,-0.0880126953125,0.09210205078125,0.92449951171875,0.0574951171875,-0.18646240234375,0.3272705078125,0.7630615234375,-0.03692626953125,-0.39971923828125,0.50640869140625,0.92279052734375,-0.21929931640625,-0.1944580078125,0.24981689453125
26,0.98919677734375,-0.14581298828125,-0.00982666015625,-0.00091552734375,0.95062255859375,0.25091552734375,-0.01580810546875,-0.181884765625,0.97784423828125,0.165771484375,-0.08795166015625,0.09210205078125,0.92449951171875,0.0574951171875,-0.18646240234375,0.3272705078125,0.7631199048913043,-0.03710141389266305,-0.39942733101222827,0.5065254543138586,0.92279052734375,-0.21929931640625,-0.1944580078125,0.24981689453125
27,0.98919677734375,-0.14599609375,-0.00982666015625,-0.0008544921875,0.95062255859375,0.25091552734375,-0.01568603515625,-0.181640625,0.97784423828125,0.16595458984375,-0.0880126953125,0.092041015625,0.924560546875,0.0576171875,-0.18646240234375,0.32720947265625,0.76318359375,-0.0369873046875,-0.3995361328125,0.50640869140625,0.9228515625,-0.21917724609375,-0.19427490234375,0.24993896484375
28,0.98919677734375,-0.14599609375,-0.00982666015625,-0.0008544921875,0.95062255859375,0.25091552734375,-0.01568603515625,-0.181640625,0.97784423828125,0.165771484375,-0.0877685546875,0.09228515625,0.924560546875,0.0576171875,-0.18646240234375,0.32720947265625,0.7630954091764214,-0.03720776612144649,-0.3993597636653428,0.5066291528401965,0.9228515625,-0.21917724609375,-0.19427490234375,0.24993896484375
29,0.98919677734375,-0.14599609375,-0.0096435546875,-0.00067138671875,0.95068359375,0.25079345703125,-0.01568603515625,-0.1815185546875,0.97784423828125,0.16571044921875,-0.08795166015625,0.09210205078125,0.924560546875,0.05731201171875,-0.18646240234375,0.32720947265625,0.76312255859375,-0.03741455078125,-0.3994140625,0.50653076171875,0.92279052734375,-0.21929931640625,-0.19427490234375,0.25006103515625
30,0.98919677734375,-0.14599609375,-0.0096435546875,-0.00067138671875,0.95068359375,0.25079345703125,-0.01568603515625,-0.1815185546875,0.9779052734375,0.165771484375,-0.08758544921875,0.09228515625,0.924560546875,0.05728220859897575,-0.186343189864653,0.3272988820155727,0.76312255859375,-0.03753376326034699,-0.3992352437813545,0.506649974197847,0.92279052734375,-0.21929931640625,-0.19427490234375,0.25006103515625
31,0.98919677734375,-0.14593505859375,-0.00946044921875,-0.00048828125,0.95074462890625,0.25054931640625,-0.0155029296875,-0.18145751953125,0.9779052734375,0.1656494140625,-0.0877685546875,0.09210205078125,0.924560546875,0.05712890625,-0.18634033203125,0.32720947265625,0.76318359375,-0.03790283203125,-0.399169921875,0.50665283203125,0.92279052734375,-0.21929931640625,-0.19403076171875,0.2501220703125
32,0.98919677734375,-0.14593505859375,-0.00946044921875,-0.00048828125,0.95074462890625,0.25054931640625,-0.0155029296875,-0.18145751953125,0.9779052734375,0.1656494140625,-0.0875244140625,0.0921630859375,0.9245760608277592,0.0571133922972408,-0.1862782762202132,0.3272405005617684,0.76318359375,-0.03796488784228679,-0.3990458102529264,0.506730401795046,0.92279052734375,-0.21929931640625,-0.19403076171875,0.2501220703125
33,0.98919677734375,-0.14593505859375,-0.00927734375,-0.00042724609375,0.95086669921875,0.2503662109375,-0.015625,-0.18133544921875,0.9779052734375,0.1656494140625,-0.08770751953125,0.09210205078125,0.92462158203125,0.05694580078125,-0.186279296875,0.3272705078125,0.76318359375,-0.03826904296875,-0.3988037109375,0.50689697265625,0.9228515625,-0.21942138671875,-0.1937255859375,0.25018310546875
34,0.98919677734375,-0.14593505859375,-0.00927734375,-0.00042724609375,0.95086669921875,0.2503662109375,-0.015625,-0.18133544921875,0.97796630859375,0.16546630859375,-0.08758544921875,0.0921630859375,0.92462158203125,0.05694090163827341,-0.1862768473035117,0.32727173259824416,0.7631799193927675,-0.03828129082619147,-0.3987988117945234,0.5069043213707148,0.9228515625,-0.21942138671875,-0.1937255859375,0.25018310546875
35,0.98919677734375,-0.14599609375,-0.00921630859375,-0.00042724609375,0.9509158947794732,0.2502067846598035,-0.015575804439276758,-0.18122521850177675,0.9779052734375,0.16552734375,-0.087646484375,0.0921630859375,0.924560546875,0.0567626953125,-0.186279296875,0.32733154296875,0.76300048828125,-0.03887939453125,-0.39862060546875,0.50726318359375,0.92279052734375,-0.2196044921875,-0.1934814453125,0.25042724609375
36,0.98919677734375,-0.14599609375,-0.00921630859375,-0.00042724609375,0.950927734375,0.25018310546875,-0.01556396484375,-0.18121337890625,0.97796630859375,0.1654052734375,-0.08746337890625,0.0921630859375,0.9246085176499791,0.05666675376254181,-0.1861353845500627,0.3273795137437291,0.76300048828125,-0.03911924840614549,-0.3983807515938545,0.5074550666936664,0.92279052734375,-0.2196044921875,-0.1934814453125,0.25042724609375
37,0.98919677734375,-0.14617919921875,-0.009033203125,-0.0003662109375,0.9509075254102216,0.25028455855455684,-0.015624591738085282,-0.18115193548808528,0.9779052734375,0.16552734375,-0.087646484375,0.09210205078125,0.924560546875,0.0567626953125,-0.186279296875,0.32733154296875,0.76300048828125,-0.0391845703125,-0.3985595703125,0.50732421875,0.92279052734375,-0.21954345703125,-0.19342041015625,0.25042724609375
38,0.98919677734375,-0.14617919921875,-0.009033203125,-0.0003662109375,0.950927734375,0.250244140625,-0.01556396484375,-0.18109130859375,0.97796630859375,0.1656494140625,-0.0872802734375,0.0921630859375,0.924594228482964,0.05672901370453595,-0.18617825205110786,0.327365224576714,0.76300048828125,-0.039285615136392144,-0.3984585254886079,0.507391581965928,0.92279052734375,-0.21954345703125,-0.19342041015625,0.25042724609375
39,0.98919677734375,-0.1461181640625,-0.00897216796875,-0.00030517578125,0.950927734375,0.25018310546875,-0.0155029296875,-0.1810302734375,0.97796630859375,0.16558837890625,-0.08734130859375,0.09210205078125,0.92462158203125,0.05657958984375,-0.18609619140625,0.32733154296875,0.76300048828125,-0.0394287109375,-0.39837646484375,0.50738525390625,0.92291259765625,-0.21942138671875,-0.19293212890625,0.25054931640625
40,0.98919677734375,-0.1461181640625,-0.00897216796875,-0.00030517578125,0.950927734375,0.25018310546875,-0.0155029296875,-0.1810302734375,0.97796630859375,0.1654052734375,-0.0870361328125,0.09222412109375,0.92462158203125,0.05654080496185201,-0.18605740652435201,0.32733154296875,0.763058665604097,-0.03954506558319398,-0.398260110198056,0.50738525390625,0.92291259765625,-0.21942138671875,-0.19293212890625,0.25054931640625
41,0.98919677734375,-0.14599609375,-0.009033203125,-0.00030517578125,0.9510498046875,0.2498779296875,-0.01544189453125,-0.18096923828125,0.97802734375,0.165283203125,-0.08697509765625,0.09222412109375,0.9246826171875,0.056396484375,-0.18585205078125,0.327392578125,0.76318359375,-0.03985595703125,-0.39788818359375,0.5074462890625,0.92291259765625,-0.2197265625,-0.192626953125,0.25054931640625
42,0.98919677734375,-0.14601140357180184,-0.009022996577132108,-0.00030517578125,0.951044701413566,0.24989323950930184,-0.015452101079117892,-0.18096923828125,0.97796630859375,0.16542058325930184,-0.08729047998536789,0.092041015625,0.9246826171875,0.05628462061036789,-0.18574529029055184,0.32733154296875,0.76318359375,-0.040156029538566056,-0.3977814231030518,0.5074971176708821,0.92291259765625,-0.2197163559521321,-0.1926371596728679,0.25054421313231606
43,0.98919677734375,-0.14617919921875,-0.0089111328125,-0.00030517578125,0.9510477633779264,0.25006103515625,-0.015504970997073578,-0.18085125058789717,0.97796630859375,0.16558837890625,-0.08740234375,0.092041015625,0.9246826171875,0.056396484375,-0.1859130859375,0.32733154296875,0.76318359375,-0.04010009765625,-0.39794921875,0.50738525390625,0.9229715915029264,-0.21972247988085283,-0.1924540542041179,0.2505472750966764
44,0.98919677734375,-0.14617919921875,-0.0089111328125,-0.00030517578125,0.9510498046875,0.25006103515625,-0.0155029296875,-0.18084716796875,0.97796630859375,0.16552734375,-0.08721923828125,0.09222412109375,0.9246826171875,0.056344635111831104,-0.1858612366743311,0.3273833922319189,0.7632872922763378,-0.040048248393081104,-0.3976899724341555,0.5074371031694189,0.9229736328125,-0.2197265625,-0.19244384765625,0.25054931640625
45,0.98919677734375,-0.14593505859375,-0.0089111328125,-0.000244140625,0.9510945093671613,0.24986159921091136,-0.015385146125104514,-0.1807130539297659,0.97802734375,0.165283203125,-0.08721923828125,0.0921630859375,0.9246826171875,0.05609130859375,-0.185791015625,0.327392578125,0.76336669921875,-0.040283203125,-0.39752197265625,0.50750732421875,0.9229573023359113,-0.2197755539297659,-0.1922486984610159,0.2505940210859114
46,0.98919677734375,-0.14593505859375,-0.0089111328125,-0.000244140625,0.95111083984375,0.2498779296875,-0.01531982421875,-0.1806640625,0.97802734375,0.165283203125,-0.08709716796875,0.0921630859375,0.92474365234375,0.0560302734375,-0.185546875,0.327392578125,0.7634042593149039,-0.040358323317307696,-0.39737173227163464,0.50750732421875,0.9229736328125,-0.2197265625,-0.19219970703125,0.2506103515625
47,0.98919677734375,-0.14605712890625,-0.0087890625,-0.00018310546875,0.9510802202001464,0.24990875346206104,-0.015502725556542644,-0.18069468214360368,0.97796630859375,0.1654052734375,-0.08721923828125,0.09210205078125,0.92474365234375,0.05609130859375,-0.1856689453125,0.32733154296875,0.763427734375,-0.0404052734375,-0.39739990234375,0.50738525390625,0.9229736328125,-0.2198486328125,-0.19195556640625,0.2506103515625
48,0.98919677734375,-0.14605712890625,-0.0087890625,-0.00018310546875,0.95111083984375,0.24981689453125,-0.01556396484375,-0.1806640625,0.97802734375,0.165283203125,-0.0870361328125,0.0921630859375,0.92474365234375,0.055908203125,-0.18560791015625,0.32745361328125,0.763427734375,-0.04052162808319398,-0.39739990234375,0.5074085248353888,0.9229736328125,-0.2198486328125,-0.19195556640625,0.2506103515625
49,0.98919677734375,-0.14617919921875,-0.00872802734375,-0.00018310546875,0.95111083984375,0.24992283849811872,-0.015592747308737458,-0.18064793615436872,0.97802734375,0.1654052734375,-0.08709716796875,0.09210205078125,0.9246826171875,0.0560302734375,-0.1856689453125,0.327392578125,0.763427734375,-0.0406494140625,-0.39752197265625,0.50738525390625,0.92303466796875,-0.2197265625,-0.1920166015625,0.2506103515625
50,0.98919677734375,-0.14617919921875,-0.00872802734375,-0.00018310546875,0.95111083984375,0.2498779296875,-0.0155029296875,-0.18060302734375,0.97802734375,0.1654052734375,-0.0870361328125,0.0921630859375,0.92474365234375,0.05615234375,-0.18560791015625,0.327392578125,0.7634546796613713,-0.04060450525188127,-0.39749502736987874,0.5073672903820025,0.92303466796875,-0.2197265625,-0.1920166015625,0.2506103515625
51,0.98919677734375,-0.14605712890625,-0.00872802734375,-0.00018310546875,0.951171875,0.2497540221963838,-0.015497418151651336,-0.1806011901651338,0.97802734375,0.165283203125,-0.0870361328125,0.0921630859375,0.92474365234375,0.0560302734375,-0.18560791015625,0.327392578125,0.76361083984375,-0.04046630859375,-0.39727783203125,0.50732421875,0.92303466796875,-0.2196044921875,-0.19207763671875,0.25054931640625
52,0.98919677734375,-0.14605712890625,-0.00872802734375,-0.00018310546875,0.951171875,0.24969482421875,-0.01531982421875,-0.1805419921875,0.97802734375,0.1654052734375,-0.0870361328125,0.092041015625,0.92474365234375,0.05596923828125,-0.1854248046875,0.327392578125,0.7636665675951086,-0.04063349184782609,-0.3972221042798913,0.5072684909986414,0.92303466796875,-0.2196044921875,-0.19207763671875,0.25054931640625
53,0.98919677734375,-0.14605712890625,-0.00872802734375,-0.000244140625,0.9512204581678512,0.2495490747151965,-0.01536840738660117,-0.18048095703125,0.97802734375,0.1654052734375,-0.0870361328125,0.09210205078125,0.92474365234375,0.05596923828125,-0.1854248046875,0.32745361328125,0.76361083984375,-0.04058837890625,-0.397216796875,0.50732421875,0.92303466796875,-0.21970165852320234,-0.19188330404734533,0.25065893473035117
54,0.98919677734375,-0.14605712890625,-0.00872802734375,-0.000244140625,0.95123291015625,0.24951171875,-0.015380859375,-0.18048095703125,0.97808837890625,0.16510009765625,-0.08697509765625,0.092041015625,0.9248046875,0.05572509765625,-0.185302734375,0.32745361328125,0.76361083984375,-0.040754133243624584,-0.39709248112196904,0.5074070959186873,0.92303466796875,-0.2197265625,-0.19183349609375,0.25067138671875
55,0.98919677734375,-0.14630126953125,-0.00872802734375,-0.00030517578125,0.951171875,0.24972156537416387,-0.01531982421875,-0.180419921875,0.97802734375,0.16534423828125,-0.08697509765625,0.09210205078125,0.92474365234375,0.05596923828125,-0.1854248046875,0.32745361328125,0.76361083984375,-0.0406494140625,-0.39715576171875,0.50738525390625,0.9230614091241639,-0.21958530387750835,-0.19181839040290552,0.2507056807195861
56,0.98919677734375,-0.14630126953125,-0.00872802734375,-0.00030517578125,0.951171875,0.24969482421875,-0.01531982421875,-0.180419921875,0.97802734375,0.16552734375,-0.0869140625,0.092041015625,0.9248046875,0.055908203125,-0.185302734375,0.32745361328125,0.7635565410090928,-0.04070371289715719,-0.3971286123014214,0.5074667021582357,0.92303466796875,-0.21966552734375,-0.19171142578125,0.250732421875
57,0.98919677734375,-0.146240234375,-0.00860595703125,-0.000244140625,0.951191879833821,0.24965379389632106,-0.015422910352215722,-0.1804209425297868,0.97802734375,0.16546630859375,-0.0870361328125,0.09197998046875,0.9248046875,0.0557861328125,-0.18536376953125,0.327392578125,0.76348876953125,-0.0408935546875,-0.39715576171875,0.507568359375,0.923095703125,-0.2197265625,-0.19158935546875,0.250732421875
58,0.98919677734375,-0.14622737412468645,-0.00856737628030936,-0.00023128037468645362,0.95123291015625,0.24968196396843645,-0.01529736981344064,-0.1802978515625,0.97802734375,0.1653795529368729,-0.08683057293844064,0.09215022568718645,0.92474365234375,0.055760412311872905,-0.1852674197193771,0.32756282334343645,0.7634759092809364,-0.040906414937813544,-0.3971300412181229,0.5075940798756271,0.9230828428746864,-0.2197522830006271,-0.1916150759693771,0.2507067013743729
59,0.98919677734375,-0.14617919921875,-0.0084228515625,-0.00018310546875,0.95123291015625,0.2496337890625,-0.015419031864025918,-0.18028642022888797,0.97802734375,0.165283203125,-0.08697509765625,0.09210205078125,0.92474365234375,0.0556640625,-0.18536376953125,0.3275146484375,0.763427734375,-0.04095458984375,-0.39703369140625,0.5076904296875,0.92303466796875,-0.21978759765625,-0.19158935546875,0.250732421875
60,0.98919677734375,-0.14617919921875,-0.0084228515625,-0.00018310546875,0.95123291015625,0.2496337890625,-0.01519775390625,-0.18017578125,0.97802734375,0.165283203125,-0.08685302734375,0.09210205078125,0.9248046875,0.05560302734375,-0.1851806640625,0.32757568359375,0.763427734375,-0.04095458984375,-0.39703369140625,0.5076904296875,0.92303466796875,-0.21978759765625,-0.19158935546875,0.250732421875
61,0.98919677734375,-0.14617919921875,-0.00830078125,-0.0001220703125,0.95123291015625,0.2496337890625,-0.01531982421875,-0.18023681640625,0.97802734375,0.165283203125,-0.08697509765625,0.092041015625,0.9248046875,0.0555419921875,-0.185302734375,0.3275146484375,0.763427734375,-0.04132080078125,-0.39697265625,0.5076904296875,0.923087129624791,-0.21995355612458195,-0.19139665584500418,0.25066281321854095
62,0.98919677734375,-0.14617919921875,-0.00830078125,-0.0001220703125,0.9512939453125,0.24957275390625,-0.01519775390625,-0.18011474609375,0.97808837890625,0.1651611328125,-0.0869140625,0.092041015625,0.9248046875,0.05548095703125,-0.1851806640625,0.3275146484375,0.763427734375,-0.04132080078125,-0.39697265625,0.5076904296875,0.923095703125,-0.219970703125,-0.19134521484375,0.25067138671875
63,0.98919677734375,-0.146240234375,-0.00823974609375,-6.103515625e-05,0.9512939453125,0.2496337890625,-0.0152587890625,-0.18017578125,0.97808837890625,0.16522216796875,-0.08697509765625,0.09197998046875,0.9248046875,0.0555419921875,-0.18524169921875,0.32745361328125,0.76348876953125,-0.04132080078125,-0.3968505859375,0.5076904296875,0.923095703125,-0.21989435814694816,-0.19152076746707777,0.2506103515625
64,0.98919677734375,-0.146240234375,-0.00823974609375,-6.103515625e-05,0.9512939453125,0.24957275390625,-0.01519775390625,-0.18011474609375,0.97802734375,0.16534423828125,-0.0869140625,0.09197998046875,0.9248046875,0.0555419921875,-0.18524169921875,0.3275146484375,0.7634577416257317,-0.04132080078125,-0.3969436696540552,0.5076594017819817,0.923095703125,-0.2198486328125,-0.19158935546875,0.2506103515625
65,0.98919677734375,-0.14605712890625,-0.00830078125,-6.103515625e-05,0.95135498046875,0.24934188179347827,-0.01513671875,-0.18011474609375,0.97808837890625,0.1651611328125,-0.08685302734375,0.09197998046875,0.9248046875,0.05535888671875,-0.18511962890625,0.32757568359375,0.76348876953125,-0.0413818359375,-0.39691162109375,0.5076904296875,0.9230585512907609,-0.21994681980298914,-0.19146728515625,0.25067138671875
66,0.98919677734375,-0.1460906063832567,-0.00830078125,-9.451263325669032e-05,0.95135498046875,0.2493010556020067,-0.015119980011496654,-0.1800812686167433,0.9780716401677466,0.1651946102895067,-0.08705287155100334,0.09183035247700669,0.9248489839177466,0.05539236419575669,-0.18519740280100336,0.32747035201975333,0.7635222470082567,-0.041365097198996656,-0.3968781436167433,0.5076569522104933,0.9230789643864966,-0.2198761904917433,-0.19148402389475336,0.25068812545725333
67,0.98919677734375,-0.14617919921875,-0.00830078125,-0.00018310546875,0.95135498046875,0.24938005428250418,-0.015085277748745818,-0.18002145824623747,0.97802734375,0.165283203125,-0.08709716796875,0.0919189453125,0.9248046875,0.05548095703125,-0.18524169921875,0.3275146484375,0.76361083984375,-0.04132080078125,-0.39678955078125,0.507568359375,0.9230442621237458,-0.21979719181124582,-0.19149953784751253,0.2507228277200042
68,0.98919677734375,-0.14618409836172658,-0.008298331678511706,-0.00018800461172658825,0.95135498046875,0.24933351242422658,-0.015139168321488294,-0.18017088210702342,0.9780859293347617,0.16528810226797658,-0.08691651207148829,0.09167970383047659,0.9248632730847617,0.05542482101797659,-0.1851220784777383,0.3273974772679766,0.7636083902722617,-0.04132814949571488,-0.3967920003527383,0.5075708089464883,0.923095703125,-0.21984373366952342,-0.19135011398672658,0.2506738362902383
69,0.98919677734375,-0.14630126953125,-0.00823974609375,-0.00030517578125,0.95135498046875,0.24945068359375,-0.01519775390625,-0.1800537109375,0.97802734375,0.1654052734375,-0.08697509765625,0.091796875,0.9248046875,0.0555419921875,-0.1851806640625,0.3275146484375,0.7635498046875,-0.04150390625,-0.3968505859375,0.50762939453125,0.923095703125,-0.2197265625,-0.19146728515625,0.250732421875
70,0.98919677734375,-0.14630126953125,-0.00823974609375,-0.00030517578125,0.95135498046875,0.2493896484375,-0.01507568359375,-0.17999267578125,0.97808837890625,0.165283203125,-0.08673095703125,0.09173583984375,0.92486572265625,0.05535888671875,-0.18511962890625,0.32745361328125,0.7635498046875,-0.04150390625,-0.3968505859375,0.50762939453125,0.923095703125,-0.21990966796875,-0.1912841796875,0.250732421875
71,0.98919677734375,-0.146240234375,-0.00811767578125,-0.0003662109375,0.95135498046875,0.24932861328125,-0.01519775390625,-0.179931640625,0.97808837890625,0.16522216796875,-0.08685302734375,0.09185791015625,0.9248046875,0.0552978515625,-0.18524169921875,0.3275146484375,0.76361083984375,-0.0416259765625,-0.39666748046875,0.50762939453125,0.9231187699231814,-0.21984455019335283,-0.19123804609113712,0.250732421875
72,0.98919677734375,-0.14617042158758362,-0.00811767578125,-0.0003662109375,0.95135498046875,0.24938087080633362,-0.01513671875,-0.17999267578125,0.9780622501437082,0.16539649580633362,-0.0867919921875,0.091796875,0.92486572265625,0.05541114424383361,-0.1850847225125418,0.3274885196749582,0.7635759334500418,-0.04155616377508361,-0.3967023868624582,0.5076643009249582,0.9231218318875418,-0.21985741044366638,-0.1911272029812918,0.250732421875
73,0.98919677734375,-0.1461181640625,-0.00811767578125,-0.0003662109375,0.95135498046875,0.24932861328125,-0.01513671875,-0.17999267578125,0.97808837890625,0.16534423828125,-0.0867919921875,0.091796875,0.92486572265625,0.05535888671875,-0.18505859375,0.3275146484375,0.7635498046875,-0.04150390625,-0.396728515625,0.5076904296875,0.923095703125,-0.21985414434834866,-0.19123988326975336,0.25070466006479936
74,0.98919677734375,-0.14605631238242056,-0.00815891023463629,-0.0003662109375,0.9513755976954431,0.24938883191367056,-0.015177136679556856,-0.17995225785169314,0.9780479609766931,0.16534342175742056,-0.08691324597617056,0.09175645707044315,0.9248046875,0.05537868742161371,-0.18517984753867056,0.32753526566419316,0.7635704219141931,-0.04146267179661371,-0.396728515625,0.5076904296875,0.923095703125,-0.2198288321096363,-0.1913650155466137,0.2507126211721363
75,0.98919677734375,-0.14593505859375,-0.00823974609375,-0.0003662109375,0.951416015625,0.249267578125,-0.01513671875,-0.17999267578125,0.97808837890625,0.16522216796875,-0.0867919921875,0.091796875,0.9248046875,0.0552978515625,-0.18505859375,0.32757568359375,0.76361083984375,-0.0413818359375,-0.396728515625,0.5076904296875,0.923095703125,-0.21989619532556437,-0.19131112497387123,0.25076651174487874
76,0.98919677734375,-0.14593505859375,-0.008246074153428094,-0.00035988287782190545,0.95135498046875,0.24932861328125,-0.015130390690321906,-0.1799990038409281,0.978033671809678,0.1654052734375,-0.0868466992840719,0.0917295117840719,0.924749980403428,0.05548095703125,-0.1851743360028219,0.3276303906903219,0.76361083984375,-0.04136917981814381,-0.3967348436846781,0.507684101627822,0.923095703125,-0.2198486328125,-0.1913935938806438,0.25067138671875
77,0.98919677734375,-0.14593505859375,-0.00830078125,-0.00030517578125,0.95135498046875,0.24932861328125,-0.01507568359375,-0.1800537109375,0.97808837890625,0.1654052734375,-0.0867919921875,0.0916748046875,0.9248046875,0.05548095703125,-0.18511962890625,0.32757568359375,0.76361083984375,-0.041259765625,-0.39678955078125,0.50762939453125,0.923095703125,-0.2198486328125,-0.1912841796875,0.25067138671875
78,0.98919677734375,-0.14593505859375,-0.00830078125,-0.00030517578125,0.951416015625,0.24920654296875,-0.01513671875,-0.179931640625,0.97808837890625,0.16534423828125,-0.0869140625,0.09173583984375,0.92474365234375,0.05535888671875,-0.1851806640625,0.32769775390625,0.76361083984375,-0.041259765625,-0.39678955078125,0.50762939453125,0.92303466796875,-0.21990966796875,-0.19134521484375,0.25079345703125
79,0.98919677734375,-0.14605712890625,-0.00823974609375,-0.00018310546875,0.95135498046875,0.24932861328125,-0.01519775390625,-0.1800537109375,0.97802734375,0.16546630859375,-0.08697509765625,0.09161376953125,0.9248046875,0.055419921875,-0.18524169921875,0.3275146484375,0.76348876953125,-0.04132080078125,-0.39691162109375,0.5076904296875,0.923095703125,-0.2198486328125,-0.19134521484375,0.2506103515625
80,0.98919677734375,-0.14605712890625,-0.008162176329954014,-0.0001055357049540143,0.951416015625,0.249267578125,-0.015192038239443978,-0.179948175232546,0.97802734375,0.16552734375,-0.08699163226379598,0.09165827007995402,0.92474365234375,0.05532010183685201,-0.18534151925689799,0.32762018414245403,0.76348876953125,-0.041398370545045984,-0.396950405975648,0.507651644805602,0.92303466796875,-0.21994845285064799,-0.19144503488189799,0.25071588726745403
81,0.98919677734375,-0.14605712890625,-0.00811767578125,-6.103515625e-05,0.951416015625,0.249267578125,-0.0152587890625,-0.17999267578125,0.97802734375,0.16552734375,-0.0870361328125,0.09161376953125,0.92474365234375,0.0552978515625,-0.18536376953125,0.32757568359375,0.76336669921875,-0.04144287109375,-0.39697265625,0.5078125,0.92303466796875,-0.219970703125,-0.19146728515625,0.25067138671875
82,0.98919677734375,-0.14608162462113294,-0.008068684351484112,-6.103515625e-05,0.951416015625,0.24923103868363294,-0.015124675023515888,-0.17990714491011706,0.97802734375,0.16546630859375,-0.08702408908601589,0.09165030897261706,0.9247191566288671,0.05523681640625,-0.1853517258047659,0.32773429334761706,0.7633422035038671,-0.04151635823839883,-0.39697265625,0.5078369957148829,0.92303466796875,-0.219970703125,-0.1913942062735159,0.25070792616011706
83,0.98919677734375,-0.1461181640625,-0.00799560546875,-6.103515625e-05,0.951416015625,0.249267578125,-0.01519775390625,-0.17987060546875,0.97802734375,0.16546630859375,-0.08709716796875,0.09161376953125,0.9246826171875,0.05523681640625,-0.1854248046875,0.32769775390625,0.7633056640625,-0.0416259765625,-0.39697265625,0.50787353515625,0.92303466796875,-0.22000540538775085,-0.19143258289349915,0.2506887378501254
84,0.98919677734375,-0.14614878370610368,-0.007985398920882108,-6.103515625e-05,0.9514668442333821,0.24917612745610368,-0.01519775390625,-0.17987060546875,0.97802734375,0.16555796339360368,-0.08704633936036789,0.09154252782713211,0.92474365234375,0.05508433058110367,-0.18538418262698578,0.32769775390625,0.7633056640625,-0.0416259765625,-0.3969930693457358,0.5078531220605143,0.9230448745166179,-0.22006215379389632,-0.19136562793948578,0.2507222153271321
85,0.98919677734375,-0.14630126953125,-0.0079345703125,-6.103515625e-05,0.951416015625,0.24932861328125,-0.01519775390625,-0.17987060546875,0.97802734375,0.16571044921875,-0.08709716796875,0.09149169921875,0.92474365234375,0.05523681640625,-0.18548583984375,0.32769775390625,0.7633056640625,-0.0416259765625,-0.3970947265625,0.50775146484375,0.923095703125,-0.21991579189747074,-0.19146116122752926,0.25066832475438966
86,0.98919677734375,-0.14630126953125,-0.0079345703125,-6.103515625e-05,0.951416015625,0.24920654296875,-0.01519775390625,-0.17987060546875,0.97802734375,0.16583251953125,-0.08709716796875,0.09136962890625,0.9246826171875,0.05517578125,-0.18548583984375,0.32769775390625,0.7633056640625,-0.0416259765625,-0.3970947265625,0.50775146484375,0.923095703125,-0.22003173828125,-0.19134521484375,0.2506103515625
87,0.98919677734375,-0.146240234375,-0.0079345703125,-0.0001220703125,0.95147705078125,0.2491455078125,-0.01519775390625,-0.1798095703125,0.97802734375,0.165771484375,-0.08709716796875,0.0914306640625,0.9246826171875,0.05511474609375,-0.1854248046875,0.3277587890625,0.76336669921875,-0.0416259765625,-0.3970947265625,0.5076904296875,0.92303466796875,-0.2200927734375,-0.19140625,0.25067138671875
88,0.98919677734375,-0.14615490763482442,-0.007891906942412208,-0.00020739705267558428,0.95147705078125,0.24906018107232442,-0.015179382120087792,-0.17978527872857442,0.9780089719638378,0.16586926310357442,-0.08689569071383779,0.09145495564642558,0.9247009889736622,0.055151489666074416,-0.1854064329013378,0.3277220454901756,0.7632813724785744,-0.041711303302675584,-0.3970947265625,0.5077757564276756,0.9231140749111622,-0.21999499470892558,-0.1913268430575878,0.2506346431464256
89,0.98919677734375,-0.1461181640625,-0.00787353515625,-0.000244140625,0.95147705078125,0.2490234375,-0.01519775390625,-0.17974853515625,0.97802734375,0.16583251953125,-0.0869140625,0.09149169921875,0.9246826171875,0.05511474609375,-0.1854248046875,0.3277587890625,0.76348876953125,-0.04156494140625,-0.39691162109375,0.5076904296875,0.923095703125,-0.22003173828125,-0.19134521484375,0.25067138671875
90,0.98919677734375,-0.14608978985942725,-0.00787353515625,-0.00032926323421823134,0.9515054249843228,0.2490234375,-0.0152587890625,-0.17978548285953178,0.97802734375,0.165771484375,-0.0869140625,0.09145475151546822,0.9247152781406772,0.05517578125,-0.185302734375,0.3276608062029682,0.7634320211251046,-0.04156494140625,-0.39691162109375,0.5077471780936454,0.9230673289219272,-0.21999907732807275,-0.19131255389057275,0.2506344390154682
91,0.98919677734375,-0.14605712890625,-0.00787353515625,-0.00042724609375,0.9515380859375,0.2490234375,-0.0152587890625,-0.1796875,0.97802734375,0.165771484375,-0.0869140625,0.091552734375,0.9246826171875,0.05517578125,-0.185302734375,0.3277587890625,0.763427734375,-0.0416259765625,-0.39697265625,0.5076904296875,0.92303466796875,-0.22003173828125,-0.19134521484375,0.250732421875
92,0.98919677734375,-0.14605712890625,-0.007887620192307694,-0.0004554161658653891,0.9514911358173077,0.24907038762019232,-0.015244704026442306,-0.17973445012019232,0.97802734375,0.16583251953125,-0.0868999774639423,0.09139779897836539,0.9247295673076923,0.05517578125,-0.18534968449519232,0.32766488882211536,0.7634136493389423,-0.04159780649038461,-0.3969585712139423,0.5077185997596154,0.923095703125,-0.22007868840144232,-0.19122314453125,0.25057748647836536
93,0.98919677734375,-0.14605712890625,-0.0079345703125,-0.00054931640625,0.9515380859375,0.2490234375,-0.01519775390625,-0.1796875,0.97802734375,0.16583251953125,-0.08685302734375,0.09149169921875,0.9246895576400501,0.05519660260765051,-0.18530967482755017,0.32774490815739965,0.763427734375,-0.04144287109375,-0.39691162109375,0.50775146484375,0.923095703125,-0.22002479782869983,-0.19123008498380017,0.25065750581364965
94,0.98919677734375,-0.14599629788095736,-0.008056232363085284,-0.0006709784568352848,0.9515378818065426,0.24908467678720736,-0.015137127011914716,-0.17956583794941472,0.97796630859375,0.16595479397470736,-0.08679240044941472,0.09149129095683528,0.92474365234375,0.05535888671875,-0.18524210748066472,0.3277583808005853,0.763427734375,-0.04138204006845736,-0.3967899590431647,0.5078731268943353,0.923095703125,-0.219970703125,-0.19122334866220736,0.2507318094821279
95,0.98919677734375,-0.14599609375,-0.008056640625,-0.00067138671875,0.9515380859375,0.24908447265625,-0.01513671875,-0.1795654296875,0.97796630859375,0.16595458984375,-0.0867919921875,0.09149169921875,0.92474365234375,0.05535888671875,-0.18524169921875,0.3277587890625,0.76336669921875,-0.04132080078125,-0.39691162109375,0.50787353515625,0.923095703125,-0.219970703125,-0.19122314453125,0.250732421875
96,0.9892433192020276,-0.1459030100334448,-0.008149724341555186,-0.00067138671875,0.9515380859375,0.2490524240959448,-0.015151212047972408,-0.17950439453125,0.9780128504520276,0.1660446115959448,-0.08659133145641722,0.0914306640625,0.92474365234375,0.055448908470944816,-0.18516310880016723,0.32774429576452757,0.7634132410770276,-0.04136734263952759,-0.3968185373771948,0.5079200770145276,0.923095703125,-0.2198951746707776,-0.1913131662834448,0.25065689342077757
97,0.9892578125,-0.1458740234375,-0.0081787109375,-0.00067138671875,0.9515380859375,0.2490234375,-0.01513671875,-0.17950439453125,0.97802734375,0.166015625,-0.0865478515625,0.0914306640625,0.92474365234375,0.055419921875,-0.18511962890625,0.3277587890625,0.763427734375,-0.041259765625,-0.3968505859375,0.50787353515625,0.923095703125,-0.21990966796875,-0.1912841796875,0.25067138671875
98,0.9892578125,-0.14584177074623747,-0.008210963628762542,-0.00067138671875,0.9515380859375,0.24905221996498747,-0.015104466058737458,-0.1795654296875,0.97796630859375,0.16619873046875,-0.08651559887123746,0.09136962890625,0.92474365234375,0.05548095703125,-0.18508737621498747,0.3277587890625,0.763427734375,-0.041259765625,-0.39678608055497494,0.50787353515625,0.9231244855899875,-0.21990966796875,-0.19119089183998747,0.25064260425376256
99,0.9892578125,-0.14581298828125,-0.00823974609375,-0.00067138671875,0.9515380859375,0.2490234375,-0.01507568359375,-0.1795654296875,0.97796630859375,0.16619873046875,-0.08648681640625,0.09136962890625,0.92474365234375,0.055506065139005016,-0.18503348564224498,0.327783897170255,0.76348876953125,-0.041259765625,-0.396728515625,0.5078125,0.923095703125,-0.21990966796875,-0.191162109375,0.25067138671875
100,0.9892578125,-0.1457950247570025,-0.008257709617997492,-0.00067138671875,0.9515560494617475,0.2489444388195025,-0.015179790382002508,-0.1795654296875,0.9779842721179975,0.1662418021007525,-0.08640781772575251,0.09136962890625,0.92474365234375,0.055524028663252505,-0.1849795950695025,0.32781982421875,0.76348876953125,-0.041259765625,-0.3967105521007525,0.5078304635242475,0.923095703125,-0.2199886666492475,-0.1911441458507525,0.25067138671875
101,0.9892578125,-0.145751953125,-0.00830078125,-0.00067138671875,0.95159912109375,0.2489013671875,-0.01513671875,-0.1795654296875,0.97802734375,0.16619873046875,-0.08636474609375,0.09136962890625,0.92474365234375,0.05547013809051003,-0.18494734237823995,0.32783064315948995,0.76348876953125,-0.04132080078125,-0.396728515625,0.50787353515625,0.923095703125,-0.22005337616272994,-0.19110107421875,0.25068220565948995
102,0.9892578125,-0.145751953125,-0.00836181640625,-0.00067138671875,0.95159912109375,0.24884033203125,-0.01507568359375,-0.17950439453125,0.97802734375,0.16619873046875,-0.08624267578125,0.09149169921875,0.92474365234375,0.05548095703125,-0.1849365234375,0.327880859375,0.76348876953125,-0.04132080078125,-0.39666748046875,0.50787353515625,0.923095703125,-0.22015380859375,-0.1910400390625,0.250732421875
103,0.9892578125,-0.145751953125,-0.00836181640625,-0.00067138671875,0.95159912109375,0.24884033203125,-0.01507568359375,-0.17950439453125,0.97802734375,0.16619873046875,-0.08624267578125,0.09149169921875,0.92474365234375,0.05553852196122492,-0.1849365234375,0.327880859375,0.76348876953125,-0.04119873046875,-0.396728515625,0.5078125,0.923095703125,-0.22015380859375,-0.1910400390625,0.250732421875
104,0.9892578125,-0.14565111243206522,-0.008311396059782606,-0.0007218070652173928,0.95159912109375,0.2489119819972826,-0.015054453974184786,-0.17940355383831522,0.97802734375,0.16603685461956522,-0.08629309612771739,0.09154211956521739,0.9246932319972826,0.055390731148097824,-0.1849365234375,0.3279312797214674,0.7634383491847826,-0.041299571161684784,-0.396728515625,0.5079133406929348,0.9231063179347826,-0.22007154381793478,-0.19091796875,0.2506607719089674
105,0.9892578125,-0.1456298828125,-0.00830078125,-0.000732421875,0.95159912109375,0.2489013671875,-0.01507568359375,-0.17938232421875,0.97802734375,0.166015625,-0.0863037109375,0.091552734375,0.9247258929504598,0.05544543824466973,-0.18484997191158026,0.32789861876829013,0.7635498046875,-0.04132080078125,-0.39654541015625,0.50787353515625,0.923095703125,-0.2200927734375,-0.19091796875,0.25067138671875
106,0.9892578125,-0.1456298828125,-0.008264650070547658,-0.0008046842339046824,0.9516352522732023,0.24884033203125,-0.014989744460702342,-0.17937109701609533,0.97802734375,0.16595458984375,-0.08621777180445234,0.09150292642140469,0.9247075211642977,0.05548095703125,-0.18485058430445234,0.3279531217339047,0.7635136735080477,-0.04132080078125,-0.39658154133570234,0.5079096663357023,0.9231206071017977,-0.2200927734375,-0.19092919595265467,0.2506826139214047
107,0.9892578125,-0.1456298828125,-0.00823974609375,-0.0008544921875,0.95166015625,0.24884033203125,-0.0150146484375,-0.1793212890625,0.97802734375,0.16595458984375,-0.08624267578125,0.091552734375,0.9247116037834449,0.055451970435305184,-0.1848465016853052,0.3279449564956104,0.7635498046875,-0.04144287109375,-0.3966064453125,0.5078125,0.923095703125,-0.2200927734375,-0.19097900390625,0.250732421875
108,0.9892578125,-0.1456080408000627,-0.00823974609375,-0.0009200182248118703,0.9516209631061873,0.2488184900188127,-0.0150146484375,-0.17943886849393814,0.9780665368938127,0.1659937829875627,-0.08612060546875,0.09137411978731187,0.9247218103313127,0.05539807986256271,-0.184814453125,0.32794638541231186,0.7635279626750627,-0.04144287109375,-0.39658460330006273,0.5078780260373119,0.9231348962688127,-0.2200927734375,-0.1908787756061873,0.2506540355873746
109,0.9892578125,-0.14556884765625,-0.00823974609375,-0.00103759765625,0.95166015625,0.248779296875,-0.0150146484375,-0.1793212890625,0.97802734375,0.16595458984375,-0.08612060546875,0.09149169921875,0.9248046875,0.05548095703125,-0.1846923828125,0.327880859375,0.763671875,-0.04119873046875,-0.396484375,0.50775146484375,0.923095703125,-0.2200927734375,-0.19091796875,0.250732421875
110,0.9892653653454222,-0.14555374196540552,-0.00824729893917224,-0.0010753618833612007,0.9516142267845945,0.24876419118415552,-0.01500709559207776,-0.17947418314956104,0.97808837890625,0.16594703699832775,-0.08604446462165552,0.0914073931333612,0.9247895818091555,0.05548095703125,-0.18468482996707775,0.3279186236021112,0.7636567693091555,-0.04119117762332776,-0.39647682215457775,0.507781676225439,0.9231491854358278,-0.21991722081417225,-0.19110107421875,0.2505260454771112
111,0.98931884765625,-0.14544677734375,-0.00830078125,-0.0013427734375,0.95172119140625,0.2486572265625,-0.01495361328125,-0.17926025390625,0.97808837890625,0.1658935546875,-0.0859375,0.0916748046875,0.9248046875,0.055419921875,-0.18463134765625,0.327880859375,0.76373291015625,-0.0411376953125,-0.3963623046875,0.5078125,0.9230965196488294,-0.21997151964882944,-0.19109903290917643,0.2507918239835911
112,0.9892645488215928,-0.14555537501306437,-0.00824648241534281,-0.001559968776128761,0.95166015625,0.24876582423181437,-0.01495361328125,-0.17940926950512123,0.9780340800715928,0.16600215235681437,-0.08604609766931438,0.09147149025397157,0.9246960898306856,0.055528519544314384,-0.18473994532556437,0.32804375587897155,0.7635700136522784,-0.041029097643185616,-0.39652520119147155,0.5078667988346572,0.9231634746028428,-0.21998417576818563,-0.19095879494147158,0.25071221291022155
113,0.9892578125,-0.14556884765625,-0.00823974609375,-0.0015869140625,0.95166015625,0.248779296875,-0.01495361328125,-0.17938232421875,0.97802734375,0.166015625,-0.0860595703125,0.09149169921875,0.9247769256897993,0.055494837936350336,-0.18470626371760032,0.32787534783915134,0.763671875,-0.04107666015625,-0.39642333984375,0.50775146484375,0.92315673828125,-0.219970703125,-0.19097900390625,0.250732421875
114,0.9892578125,-0.1456488669915343,-0.00815972675846572,-0.0017469527330685613,0.9516391307613922,0.24877725556542643,-0.01511569326139214,-0.17946642617318143,0.9780483692386078,0.1660346091790343,-0.08607855449153429,0.09140759726431856,0.9247246681647158,0.05556097636653428,-0.1847724021477843,0.3279398532216764,0.7635918556647158,-0.041036650488607856,-0.3965433688466764,0.5078314841790342,0.9231777637698578,-0.2200127541022157,-0.19095593710806857,0.2506693454091764
115,0.9892578125,-0.14569091796875,-0.00811767578125,-0.0018310546875,0.95166015625,0.24884033203125,-0.01513671875,-0.17938232421875,0.97802734375,0.16607666015625,-0.08612060546875,0.09149169921875,0.9247154822716346,0.055570162259615384,-0.1847815880408654,0.3279371995192308,0.76361083984375,-0.0411376953125,-0.3966064453125,0.50775146484375,0.92315673828125,-0.219970703125,-0.1910400390625,0.250732421875
116,0.9892578125,-0.14563947696749582,-0.008066234779995816,-0.0019082161893812764,0.9516248415943771,0.2487535763743729,-0.014944019126254184,-0.17942723302936872,0.97808837890625,0.16596418399874582,-0.08602425565687709,0.09144679040813128,0.9247179318431229,0.055490551186245816,-0.18480485897000418,0.32795802087688125,0.7635336783418687,-0.041163415813127095,-0.3966321658131271,0.5078286263456313,0.9231663324362458,-0.21996110897000418,-0.19090837459500418,0.2506007574075042
117,0.9892578125,-0.14556884765625,-0.00799560546875,-0.00201416015625,0.95166015625,0.24871826171875,-0.0150146484375,-0.1793212890625,0.97808837890625,0.1658935546875,-0.0860595703125,0.091552734375,0.92474365234375,0.05548095703125,-0.18463134765625,0.32794189453125,0.7635498046875,-0.0411376953125,-0.39642333984375,0.5079345703125,0.923095703125,-0.22003173828125,-0.19097900390625,0.25067138671875
118,0.9892578125,-0.14555741632263797,-0.007972742801525918,-0.0020484541570861214,0.95166015625,0.248779296875,-0.014976475948474082,-0.17940906537416387,0.978076947572638,0.16606522882263797,-0.08596036266722408,0.09140392290708613,0.924732221010138,0.05546952569763796,-0.1846542103234741,0.3279761885320861,0.7635269420202759,-0.04114912664611204,-0.39644620251097407,0.5079574329797241,0.9231949107702759,-0.21998213445861203,-0.19083019243833613,0.25063321422972407
119,0.9892578125,-0.1455078125,-0.00787353515625,-0.002197265625,0.95166015625,0.248779296875,-0.01507568359375,-0.17926025390625,0.97802734375,0.166015625,-0.0860595703125,0.091552734375,0.92474365234375,0.05548095703125,-0.1845703125,0.3280029296875,0.76348876953125,-0.041259765625,-0.39642333984375,0.508056640625,0.9230999898751046,-0.22002745153114547,-0.19097900390625,0.25072384837479095
120,0.989315989822847,-0.14533328053145902,-0.00793171247909699,-0.0023136202706939813,0.9517154757394439,0.24866580006270902,-0.01489543595840301,-0.179263111739653,0.978085521072847,0.16589927035430602,-0.08582114535430602,0.09166623118729098,0.92474365234375,0.05536460238555602,-0.18445395785430602,0.32817746165604095,0.763430592208403,-0.04131794294784699,-0.396306985198056,0.5081729952706939,0.923098560958403,-0.22008705777069398,-0.19097900390625,0.25078488353104095
121,0.98931884765625,-0.14532470703125,-0.0079345703125,-0.0023193359375,0.95172119140625,0.2486572265625,-0.014892578125,-0.17926025390625,0.97808837890625,0.1658935546875,-0.0858154296875,0.0916748046875,0.92474365234375,0.0555419921875,-0.1845703125,0.32806396484375,0.7635498046875,-0.04107666015625,-0.3963623046875,0.50799560546875,0.923095703125,-0.2200927734375,-0.19097900390625,0.25079345703125
122,0.98931884765625,-0.14514915440792223,-0.008022346624163882,-0.0024071122491638812,0.9517040444058319,0.24866477940792223,-0.014865836969586118,-0.17923351275083613,0.9780712319058319,0.16596214268917223,-0.08580583553250418,0.09156232852999582,0.92474365234375,0.05541032772000418,-0.18443864803250418,0.3281517411554139,0.7635498046875,-0.04116443646791388,-0.3962306402200042,0.5081272699362458,0.9231128501254181,-0.22004133243624582,-0.19095226275083613,0.2506809808737458
123,0.98931884765625,-0.14508056640625,-0.008056640625,-0.00244140625,0.95172119140625,0.24859619140625,-0.01483154296875,-0.17919921875,0.97808837890625,0.1658935546875,-0.08575439453125,0.09161376953125,0.92474365234375,0.055419921875,-0.1844482421875,0.32806396484375,0.76361083984375,-0.041015625,-0.396240234375,0.50799560546875,0.923095703125,-0.2200927734375,-0.19091796875,0.250732421875
124,0.98931884765625,-0.14508056640625,-0.008145437591450672,-0.0025302032164506725,0.9516897552388169,0.2486572265625,-0.015108956939799328,-0.17929352725229933,0.97808837890625,0.16598418883256688,-0.08603180850229933,0.09145842587270067,0.92474365234375,0.05547911985263378,-0.1843890442098662,0.3281527618102007,0.76361083984375,-0.04095642702236622,-0.39618103639736624,0.5080844024352007,0.92315673828125,-0.2200946106161162,-0.19088836976118312,0.2506066772052676
125,0.98931884765625,-0.14508056640625,-0.00823974609375,-0.00262451171875,0.95172119140625,0.2486572265625,-0.0150146484375,-0.17919921875,0.97808837890625,0.166015625,-0.0859375,0.091552734375,0.92474365234375,0.05548095703125,-0.1844482421875,0.32806396484375,0.76361083984375,-0.041015625,-0.39630126953125,0.50799560546875,0.92315673828125,-0.22003173828125,-0.19085693359375,0.250732421875
126,0.98931884765625,-0.14509587622805184,-0.008300985380957363,-0.0026551313623536816,0.95172119140625,0.2486572265625,-0.015258584931542637,-0.17922963426264632,0.9780730690844481,0.16596989966555184,-0.08612040133779264,0.09146128370610368,0.92474365234375,0.05551157667485368,-0.18440231272209448,0.3280945844873537,0.76361083984375,-0.04095438571279263,-0.3962706498876463,0.5080109152905519,0.9231110129468019,-0.22029098459709448,-0.19082631395014632,0.25059524587165555
127,0.98931884765625,-0.1451416015625,-0.00848388671875,-0.00274658203125,0.95172119140625,0.2486572265625,-0.01507568359375,-0.17913818359375,0.97802734375,0.166015625,-0.0859375,0.091552734375,0.92474365234375,0.0556640625,-0.18438720703125,0.32806396484375,0.76373291015625,-0.0406494140625,-0.396240234375,0.50787353515625,0.92315673828125,-0.22015380859375,-0.19073486328125,0.250732421875
128,0.9893198683110368,-0.14513956025292643,-0.008488989992683955,-0.0027476026860367908,0.95166015625,0.24889830522313963,-0.015193671287102837,-0.1792592332514632,0.9780283644047868,0.16619668915917643,-0.08605344638377925,0.09143168471728678,0.9247446729985368,0.0556640625,-0.18438210375731603,0.3280660061533236,0.7637339308110368,-0.04064737275292642,-0.39623615175585286,0.5078755764658236,0.9232177734375,-0.2200327589360368,-0.19079181581835283,0.2505523783706104
129,0.9893798828125,-0.14501953125,-0.0087890625,-0.0028076171875,0.95166015625,0.24871826171875,-0.01495361328125,-0.17919921875,0.97808837890625,0.16607666015625,-0.085693359375,0.09149169921875,0.9248046875,0.05584716796875,-0.18414306640625,0.32806396484375,0.7637939453125,-0.04046630859375,-0.3961181640625,0.50787353515625,0.9232177734375,-0.2200927734375,-0.1905517578125,0.250732421875
130,0.9893321161684783,-0.14501953125,-0.008980129076086954,-0.0028553838315217386,0.95166015625,0.24876602836277173,-0.01495361328125,-0.17915145210597827,0.9780751103940217,0.16618546195652173,-0.08568539826766304,0.09141739555027174,0.9248046875,0.05594270125679348,-0.18399976647418478,0.32811173148777173,0.7638417119565217,-0.040323008661684784,-0.39597486413043476,0.5079690684442935,0.9232177734375,-0.2199362049932065,-0.19059156334918478,0.25069261633831524
131,0.98931884765625,-0.14501953125,-0.009033203125,-0.00286865234375,0.95166015625,0.248779296875,-0.01495361328125,-0.17913818359375,0.97808837890625,0.16619873046875,-0.08563232421875,0.0914306640625,0.92474365234375,0.05596923828125,-0.1842041015625,0.32806396484375,0.76385498046875,-0.04022216796875,-0.3961181640625,0.5078125,0.9232177734375,-0.21990966796875,-0.1905517578125,0.250732421875
132,0.98931884765625,-0.14501953125,-0.009200590510033448,-0.00286865234375,0.95166015625,0.2489013671875,-0.015030366521216552,-0.1791106259145067,0.97802734375,0.1663542782582567,-0.08589218292746656,0.09136962890625,0.9247771298207567,0.056036193235263376,-0.18403671417746656,0.3280974423207567,0.7638884579457567,-0.04012173553772993,-0.3960177316314799,0.5078459774770067,0.9231902157582567,-0.2199982608042433,-0.19072302368572325,0.2506438290395067
133,0.98931884765625,-0.14501953125,-0.00933837890625,-0.00286865234375,0.95166015625,0.2489013671875,-0.014892578125,-0.17913818359375,0.97802734375,0.1663818359375,-0.08575439453125,0.09136962890625,0.92474365234375,0.05615234375,-0.1842041015625,0.328125,0.76385498046875,-0.03997802734375,-0.39617919921875,0.5078125,0.9232177734375,-0.219970703125,-0.19061279296875,0.25067138671875
134,0.9893380359662416,-0.14500034294000835,-0.009415132146216552,-0.002849464033758362,0.9516793445599916,0.24892402572376673,-0.014998930353783448,-0.17897426643499165,0.9779854969037416,0.1663818359375,-0.08592178191628344,0.0914306640625,0.9247628406537416,0.05615234375,-0.18412734832253344,0.32810581169000835,0.7638933570887333,-0.03995883903375836,-0.39610244597878347,0.5078125,0.9232177734375,-0.21990966796875,-0.19076099204379182,0.25069057502874165
135,0.9893798828125,-0.14495849609375,-0.00958251953125,-0.0028076171875,0.95172119140625,0.24884033203125,-0.01483154296875,-0.17901611328125,0.97802734375,0.1663818359375,-0.08575439453125,0.0914306640625,0.92474365234375,0.05621337890625,-0.18408203125,0.328125,0.76397705078125,-0.039794921875,-0.39599609375,0.5078125,0.9232177734375,-0.21990966796875,-0.1905517578125,0.250732421875
136,0.9893798828125,-0.1448974609375,-0.0096435546875,-0.00274658203125,0.95166015625,0.2489013671875,-0.01483154296875,-0.1790771484375,0.97796630859375,0.16656494140625,-0.0858154296875,0.09130859375,0.9248046875,0.05615234375,-0.18401609695077342,0.3281298991429766,0.76397705078125,-0.03985595703125,-0.3958740234375,0.5078125,0.92327880859375,-0.21990966796875,-0.1905517578125,0.25067138671875
137,0.9893798828125,-0.1448974609375,-0.0096435546875,-0.00274658203125,0.95166015625,0.2489013671875,-0.01483154296875,-0.1790771484375,0.97796630859375,0.16656494140625,-0.0858154296875,0.09130859375,0.9248046875,0.05615234375,-0.1839599609375,0.32818603515625,0.76397705078125,-0.0399169921875,-0.39581298828125,0.50787353515625,0.92327880859375,-0.21990966796875,-0.1905517578125,0.25067138671875
138,0.9893798828125,-0.1448974609375,-0.0096435546875,-0.00274658203125,0.95166015625,0.2489013671875,-0.014883188100961538,-0.17902550330528846,0.97802734375,0.16650390625,-0.08575439453125,0.09136962890625,0.9248046875,0.05615234375,-0.1839599609375,0.32818603515625,0.76397705078125,-0.0399169921875,-0.39581298828125,0.50787353515625,0.9232177734375,-0.219970703125,-0.19049072265625,0.250732421875
139,0.9893798828125,-0.1448974609375,-0.0096435546875,-0.00274658203125,0.95166015625,0.2489013671875,-0.014892578125,-0.17901611328125,0.97802734375,0.16650390625,-0.08575439453125,0.09136962890625,0.92474365234375,0.0560302734375,-0.1839599609375,0.3282470703125,0.7640380859375,-0.0400390625,-0.395751953125,0.5078125,0.9232177734375,-0.219970703125,-0.19049072265625,0.250732421875
140,0.9893798828125,-0.1449348169026965,-0.0096435546875,-0.0027839379964464867,0.9516975122151965,0.2489013671875,-0.014817866194607026,-0.17901611328125,0.97802734375,0.1665412622151965,-0.085693359375,0.09130859375,0.92474365234375,0.05606762940269649,-0.1839973169026965,0.3282844262776965,0.7640007299723035,-0.04000170653480351,-0.3957893090901965,0.5078498559651965,0.92327880859375,-0.2199943823160535,-0.1903449731526965,0.250732421875
141,0.9893798828125,-0.14495849609375,-0.0096435546875,-0.0028076171875,0.95172119140625,0.2489013671875,-0.0147705078125,-0.17901611328125,0.97802734375,0.16656494140625,-0.085693359375,0.09130859375,0.9248046875,0.05609130859375,-0.183837890625,0.32818603515625,0.76409912109375,-0.03997802734375,-0.3956298828125,0.5078125,0.92327880859375,-0.219970703125,-0.19036865234375,0.250732421875
142,0.9893798828125,-0.14493542929556855,-0.00962048788931856,-0.0028306839856814406,0.95172119140625,0.24885523359113712,-0.01479357461068144,-0.17899304648306855,0.97802734375,0.16648083945181855,-0.08559435586068144,0.09133166054818144,0.9248046875,0.05606824179556856,-0.18381482382681855,0.3282091019544314,0.76409912109375,-0.04000109414193144,-0.3956298828125,0.5078355667981814,0.9233167769518186,-0.21993273476693145,-0.190185546875,0.2507554886731814
143,0.9893798828125,-0.1448974609375,-0.00958251953125,-0.00286865234375,0.95172119140625,0.248779296875,-0.01483154296875,-0.178955078125,0.97802734375,0.16644287109375,-0.08563232421875,0.09136962890625,0.9248046875,0.0560302734375,-0.18377685546875,0.3282470703125,0.7640380859375,-0.03997802734375,-0.39556884765625,0.50799560546875,0.92327880859375,-0.219970703125,-0.190185546875,0.25079345703125
144,0.9893798828125,-0.14487112804400085,-0.009564964268917222,-0.002877429974916389,0.95172119140625,0.248779296875,-0.01483154296875,-0.17896385575616638,0.97802734375,0.16647757335650085,-0.08540573885608278,0.09137840653741638,0.9248046875,0.05602149580633361,-0.18376807783758362,0.3282558479436664,0.7640293083063336,-0.04000436023724917,-0.3955776252874164,0.5080131607310828,0.9233222884876672,-0.21993600086224915,-0.19026413729358277,0.2506801643499164
145,0.9893798828125,-0.14471435546875,-0.00946044921875,-0.0029296875,0.95172119140625,0.248779296875,-0.01483154296875,-0.17901611328125,0.97802734375,0.16632080078125,-0.08551025390625,0.0914306640625,0.9248046875,0.05596923828125,-0.1837158203125,0.32830810546875,0.76397705078125,-0.0400390625,-0.39544677734375,0.5081787109375,0.9232177734375,-0.2200927734375,-0.19036865234375,0.250732421875
146,0.9894354064329013,-0.1446033082279473,-0.009293878357545984,-0.0030407347408026777,0.95172119140625,0.248779296875,-0.01483154296875,-0.17901611328125,0.9780828673704013,0.16626527716084866,-0.08539920666544733,0.09148618768290134,0.9247491638795987,0.055802667420045984,-0.1838268675533027,0.3284191527095527,0.7638660035404473,-0.040205633361204016,-0.39550230096415134,0.5082897581783027,0.9232287965091973,-0.21995416851745403,-0.1903576292720527,0.2507824339595527
147,0.98944091796875,-0.14459228515625,-0.00927734375,-0.0030517578125,0.95172119140625,0.248779296875,-0.01483154296875,-0.17901611328125,0.97808837890625,0.166259765625,-0.08538818359375,0.09149169921875,0.9248046875,0.05584716796875,-0.18365478515625,0.32830810546875,0.763916015625,-0.04022216796875,-0.3953857421875,0.50830078125,0.9232177734375,-0.219970703125,-0.19036865234375,0.25079345703125
148,0.98944091796875,-0.14450981624947742,-0.009153640389841133,-0.0031342267192725776,0.95172119140625,0.2487380624216137,-0.01483154296875,-0.17901611328125,0.97808837890625,0.16629936703072742,-0.08547065250052258,0.09139106265677258,0.9248046875,0.05580593351536371,-0.18365478515625,0.3283493399221363,0.7638335467182275,-0.040304636875522576,-0.3954682110942726,0.5083832501567725,0.9232375741403637,-0.22011420718802258,-0.19030925023515888,0.2507126211721363
149,0.98944091796875,-0.14447021484375,-0.00909423828125,-0.003173828125,0.95172119140625,0.24871826171875,-0.01483154296875,-0.17901611328125,0.97808837890625,0.166259765625,-0.08551025390625,0.0914306640625,0.9248046875,0.0557861328125,-0.18365478515625,0.328369140625,0.76397705078125,-0.04022216796875,-0.39532470703125,0.50836181640625,0.9232177734375,-0.22015380859375,-0.19036865234375,0.250732421875
150,0.98944091796875,-0.14441632427100753,-0.009040347708507522,-0.003227718697742478,0.9516942461198787,0.24877215229149247,-0.01485848825512124,-0.17904305856762123,0.97808837890625,0.16626691020850753,-0.08550310932274248,0.09130144916649248,0.9248046875,0.05581307809887124,-0.18362783986987877,0.32839608591137126,0.7639231602085075,-0.04027605854149248,-0.39532470703125,0.5084157069789925,0.9233128984636287,-0.21996355854149247,-0.19030047260399247,0.25069833200512126
151,0.98944091796875,-0.14434814453125,-0.00897216796875,-0.0032958984375,0.95166015625,0.24884033203125,-0.014892578125,-0.1790771484375,0.97808837890625,0.16619873046875,-0.0855712890625,0.09136962890625,0.9248046875,0.05584716796875,-0.18359375,0.32843017578125,0.76397705078125,-0.0400390625,-0.39532470703125,0.50830078125,0.92327880859375,-0.22003173828125,-0.19036865234375,0.250732421875
152,0.98944091796875,-0.14432283229253762,-0.00895951184939381,-0.003308554556856189,0.9516728123693562,0.2488276759118938,-0.014892578125,-0.1790898045568562,0.97808837890625,0.16629548854253762,-0.08552291002560619,0.09126021471310619,0.9248046875,0.05585982408810619,-0.1835810938806438,0.32843017578125,0.7639643946618938,-0.040064374738712376,-0.39532470703125,0.5083134373693562,0.9233271876306438,-0.21999601536371238,-0.1901371678381062,0.2506230076818562
153,0.98944091796875,-0.14422607421875,-0.0089111328125,-0.00335693359375,0.95172119140625,0.248779296875,-0.014892578125,-0.17913818359375,0.97808837890625,0.16619873046875,-0.0855712890625,0.09130859375,0.9248046875,0.055908203125,-0.18353271484375,0.32843017578125,0.76397705078125,-0.04010009765625,-0.395263671875,0.50830078125,0.92327880859375,-0.2200927734375,-0.190185546875,0.25067138671875
154,0.98944091796875,-0.14422607421875,-0.0089111328125,-0.00335693359375,0.95172119140625,0.248779296875,-0.014892578125,-0.17913818359375,0.97808837890625,0.16631753468593227,-0.08551188695390886,0.09130859375,0.9248046875,0.055908203125,-0.18353271484375,0.32843017578125,0.76397705078125,-0.04010009765625,-0.395263671875,0.50830078125,0.92327880859375,-0.2200927734375,-0.19012614476640885,0.25067138671875
155,0.98944091796875,-0.14422607421875,-0.00885009765625,-0.00335693359375,0.95172119140625,0.248779296875,-0.0150146484375,-0.1790771484375,0.97808837890625,0.166259765625,-0.0855712890625,0.09130859375,0.92474365234375,0.0557861328125,-0.18359375,0.3284912109375,0.7639247932561664,-0.0401611328125,-0.3953159294000836,0.5084052963001672,0.92327880859375,-0.2200927734375,-0.190185546875,0.25067138671875
156,0.98944091796875,-0.14427118716032608,-0.00889521059782609,-0.003311820652173911,0.95172119140625,0.24882440981657608,-0.0150146484375,-0.1789869225543478,0.97808837890625,0.16618280825407608,-0.08563232421875,0.0913855511209239,0.92474365234375,0.0557861328125,-0.18359375,0.3285363238790761,0.763961128566576,-0.04011601987092391,-0.3952795940896739,0.508377738620924,0.923262886379076,-0.22004766049592392,-0.19032353940217392,0.2507483440896739
157,0.98944091796875,-0.144287109375,-0.0089111328125,-0.0032958984375,0.95172119140625,0.24884033203125,-0.0150146484375,-0.178955078125,0.97808837890625,0.16619873046875,-0.08563232421875,0.09136962890625,0.92474365234375,0.0557861328125,-0.18359375,0.32855224609375,0.7639011140651129,-0.04010009765625,-0.39533960859113715,0.5083997847643186,0.92327880859375,-0.22003173828125,-0.1903076171875,0.250732421875
158,0.98944091796875,-0.14431793314956104,-0.008972780361622072,-0.0032650746629389635,0.95172119140625,0.24884033203125,-0.014953000888377928,-0.17892425435043896,0.97808837890625,0.16613830770537208,-0.08557067666962792,0.09146087544418896,0.92474365234375,0.05581695658706104,-0.18356292622543896,0.32858306986831104,0.763885804243311,-0.04006927388168896,-0.3953240946383779,0.508392027787939,0.923248597212061,-0.22000091450668896,-0.19036803995087792,0.25076263325668896
159,0.98944091796875,-0.14434814453125,-0.009033203125,-0.00323486328125,0.95172119140625,0.24884033203125,-0.014892578125,-0.17889404296875,0.97808837890625,0.16619873046875,-0.08551025390625,0.0914306640625,0.92474365234375,0.05584716796875,-0.18353271484375,0.32861328125,0.763868657242893,-0.040086420882107024,-0.395358388639214,0.508409174788357,0.92327880859375,-0.219970703125,-0.1903076171875,0.250732421875
160,0.98944091796875,-0.14439774835388797,-0.009049737732545988,-0.00323486328125,0.95172119140625,0.24884033203125,-0.014909112732545988,-0.17889404296875,0.97808837890625,0.16606522882263797,-0.08544921875,0.09149169921875,0.924727117736204,0.05584716796875,-0.183549249451296,0.32861328125,0.7637939453125,-0.04011152898986203,-0.3955078125,0.508467352111204,0.923234308045046,-0.22010420477111203,-0.190413152892454,0.250732421875
161,0.98944091796875,-0.14453125,-0.00909423828125,-0.00323486328125,0.95172119140625,0.24884033203125,-0.01495361328125,-0.17889404296875,0.97808837890625,0.16619873046875,-0.08544921875,0.09149169921875,0.9246826171875,0.05584716796875,-0.18359375,0.32861328125,0.7637939453125,-0.039987417367788464,-0.3955265925480769,0.5084040715144231,0.92327880859375,-0.219970703125,-0.19036865234375,0.250732421875
162,0.989438672528219,-0.14453574088106186,-0.009100974602842801,-0.0032393541623118674,0.95172119140625,0.24884257747178093,-0.01495361328125,-0.17889179752821907,0.97808837890625,0.16608115103731186,-0.08544472786893813,0.09143515494356187,0.9246826171875,0.055849413409280936,-0.18359824088106186,0.32861103580946904,0.7637939453125,-0.04003008073787626,-0.39562763737196904,0.508303026690531,0.923220018878031,-0.2201470722721572,-0.19042744205946907,0.25061484244356186
163,0.9893798828125,-0.1446533203125,-0.00927734375,-0.00335693359375,0.95172119140625,0.2489013671875,-0.01495361328125,-0.1788330078125,0.97808837890625,0.16619873046875,-0.0853271484375,0.091552734375,0.9246826171875,0.055908203125,-0.1837158203125,0.32855224609375,0.7637939453125,-0.039794921875,-0.39556884765625,0.50836181640625,0.92327880859375,-0.219970703125,-0.19036865234375,0.250732421875
164,0.9893798828125,-0.1446533203125,-0.00927734375,-0.00335693359375,0.95172119140625,0.2489013671875,-0.01495361328125,-0.1788330078125,0.9781373703360159,0.16600276474968645,-0.0853271484375,0.09150374294523411,0.9246826171875,0.055908203125,-0.1837158203125,0.32855224609375,0.7637939453125,-0.03985595703125,-0.39581298828125,0.50823974609375,0.92327880859375,-0.2200196945547659,-0.1904176437735159,0.25053645615593645
165,0.9893798828125,-0.144775390625,-0.009521484375,-0.0035400390625,0.95172119140625,0.2489013671875,-0.014892578125,-0.17877197265625,0.97808837890625,0.1661376953125,-0.0850830078125,0.09161376953125,0.9246826171875,0.05609130859375,-0.18365478515625,0.32861328125,0.7638166038487667,-0.03959262809625836,-0.39573276481500835,0.5081944290212166,0.92327880859375,-0.2198486328125,-0.1903076171875,0.250732421875
166,0.9893798828125,-0.14481009288775085,-0.009625591163252501,-0.0036441458507525015,0.95172119140625,0.24893606945025085,-0.014788471336747499,-0.1786678658679975,0.97808837890625,0.16620709983800167,-0.08511771007525083,0.09161376953125,0.9246826171875,0.056160713119251665,-0.18372418968175167,0.3285785789872492,0.76385498046875,-0.039507709617997495,-0.3957172508622492,0.5081870803067516,0.92327880859375,-0.2198486328125,-0.1903076171875,0.250732421875
167,0.9893798828125,-0.14483642578125,-0.00970458984375,-0.00372314453125,0.95172119140625,0.24896240234375,-0.01495361328125,-0.17877197265625,0.97808837890625,0.166259765625,-0.08514404296875,0.09161376953125,0.9246826171875,0.05621337890625,-0.18377685546875,0.32855224609375,0.7639100958272366,-0.039483826295986624,-0.3957184756479933,0.5081295153767768,0.92327880859375,-0.2198486328125,-0.1903076171875,0.250732421875
168,0.9893798828125,-0.14483642578125,-0.009745416035221569,-0.0038047969141931357,0.95172119140625,0.24896240234375,-0.01495361328125,-0.17877197265625,0.97808837890625,0.16621914356448578,-0.08534735740227843,0.09139024613294314,0.9246826171875,0.05621337890625,-0.18375644237301422,0.32855224609375,0.7639362245897784,-0.03948954196279265,-0.3957315400292642,0.5080568447559574,0.9233804658105143,-0.21988925487301422,-0.19028720409176422,0.2505088984766931
169,0.9893798828125,-0.14483642578125,-0.00982666015625,-0.00396728515625,0.95172119140625,0.24896240234375,-0.01495361328125,-0.17877197265625,0.97808837890625,0.166259765625,-0.08526611328125,0.091552734375,0.9246826171875,0.05621337890625,-0.1837158203125,0.32855224609375,0.7638947860054348,-0.039354407269021736,-0.39570418648097827,0.5081256368885869,0.92333984375,-0.2198486328125,-0.19024658203125,0.25067138671875
170,0.9893798828125,-0.14484254970997074,-0.009832784084970734,-0.003991780871132936,0.95172119140625,0.24896852627247074,-0.01495361328125,-0.17876584872752926,0.9780822549775293,0.16632692470997074,-0.08525998935252926,0.09133308946488293,0.9246826171875,0.0562317506924122,-0.18370969638377926,0.32855224609375,0.7640258380800585,-0.0392882688388378,-0.395751953125,0.5079529420986622,0.9233947549775293,-0.21983638495505853,-0.19024658203125,0.25045174180863294
171,0.9893798828125,-0.1448974609375,-0.0098876953125,-0.00421142578125,0.95172119140625,0.2490234375,-0.01495361328125,-0.1787109375,0.97802734375,0.1663818359375,-0.085205078125,0.091552734375,0.9246826171875,0.056396484375,-0.18365478515625,0.32855224609375,0.763916015625,-0.03912353515625,-0.395751953125,0.50811767578125,0.92333984375,-0.2197265625,-0.19024658203125,0.25067138671875
172,0.9893798828125,-0.1448974609375,-0.0098876953125,-0.00421142578125,0.95172119140625,0.2490234375,-0.01495361328125,-0.1787109375,0.9780802136679557,0.1663818359375,-0.085205078125,0.09149986445704432,0.9246826171875,0.056396484375,-0.18365478515625,0.32855224609375,0.76397705078125,-0.03912353515625,-0.3958740234375,0.5079345703125,0.9233927136679557,-0.2197794324179557,-0.1902994519492057,0.25051277696488294
173,0.9893798828125,-0.144775390625,-0.010009765625,-0.00433349609375,0.95172119140625,0.24896240234375,-0.014892578125,-0.1787109375,0.97808837890625,0.16632080078125,-0.08502197265625,0.09161376953125,0.9246826171875,0.056396484375,-0.18353271484375,0.32861328125,0.76397705078125,-0.03912353515625,-0.39569091796875,0.508056640625,0.92333984375,-0.2198486328125,-0.190185546875,0.2506103515625
174,0.9893798828125,-0.144775390625,-0.010009765625,-0.004410657595631268,0.95172119140625,0.24896240234375,-0.014892578125,-0.17863377599811872,0.9780497981553093,0.1664365430340719,-0.08506055340719064,0.09157518878030936,0.9246826171875,0.056473645876881265,-0.18357129559469063,0.32861328125,0.7639384700303093,-0.03896288409280937,-0.39569091796875,0.5081338021268813,0.92333984375,-0.21977147131061872,-0.1903012891278219,0.2506103515625
175,0.9893798828125,-0.144775390625,-0.010009765625,-0.00445556640625,0.95166015625,0.24908447265625,-0.01483154296875,-0.1787109375,0.97802734375,0.16650390625,-0.0850830078125,0.091552734375,0.9246826171875,0.0565185546875,-0.18359375,0.32861328125,0.763916015625,-0.0389404296875,-0.39569091796875,0.5081787109375,0.92333984375,-0.2197265625,-0.19036865234375,0.2506103515625
176,0.9893798828125,-0.14475109904107442,-0.009985474041074416,-0.004504149574101168,0.9516844478339256,0.24906018107232442,-0.014855834552675584,-0.17866235433214883,0.9780640873223244,0.16647961466607442,-0.08510729939642558,0.09147924723035117,0.9246826171875,0.056494263103574416,-0.18359375,0.3286375728339256,0.7638917240410744,-0.039025756427675584,-0.39569091796875,0.5082272941053512,0.92333984375,-0.21970227091607442,-0.19039294392767558,0.25065893473035117
177,0.9893798828125,-0.14471435546875,-0.00994873046875,-0.00457763671875,0.95172119140625,0.2490234375,-0.01483154296875,-0.17864990234375,0.97802734375,0.16644287109375,-0.08514404296875,0.091552734375,0.9246826171875,0.05645751953125,-0.18359375,0.32867431640625,0.76385498046875,-0.0390625,-0.39569091796875,0.50830078125,0.92333984375,-0.21966552734375,-0.1904296875,0.250732421875
178,0.9893798828125,-0.14470435305183946,-0.009928725634928932,-0.004587639135660534,0.95172119140625,0.2490234375,-0.014851547802571068,-0.17863989992683946,0.97802734375,0.16655493898933946,-0.08516404780257107,0.09150170163566053,0.9246826171875,0.056447517114339464,-0.18358374758308946,0.32867431640625,0.763834975634929,-0.039133537573160536,-0.3956398852294105,0.50836181640625,0.92333984375,-0.21968553217757106,-0.1904296875,0.2507224194580895
179,0.9893798828125,-0.1446533203125,-0.00982666015625,-0.004638671875,0.95172119140625,0.24908447265625,-0.014892578125,-0.17864990234375,0.97802734375,0.16650390625,-0.08526611328125,0.091552734375,0.9246826171875,0.056396484375,-0.18353271484375,0.32867431640625,0.763735767989653,-0.03918742814590301,-0.395688060135347,0.50836181640625,0.92333984375,-0.21978759765625,-0.1904296875,0.25067138671875
180,0.9893798828125,-0.1446533203125,-0.00982666015625,-0.004638671875,0.95172119140625,0.24908447265625,-0.014892578125,-0.17864990234375,0.9780840921561454,0.16639040943770902,-0.08515261646895902,0.09143923756270902,0.9246826171875,0.056396484375,-0.18353271484375,0.32867431640625,0.7637939453125,-0.03924560546875,-0.3956298828125,0.50836181640625,0.92333984375,-0.2198443460623955,-0.19031619068770902,0.2506146383126045
181,0.9893798828125,-0.1446533203125,-0.00982666015625,-0.0047607421875,0.95172119140625,0.24908447265625,-0.01483154296875,-0.17864990234375,0.97808837890625,0.1663818359375,-0.08514404296875,0.091552734375,0.9246826171875,0.05633544921875,-0.1834716796875,0.3287353515625,0.76373291015625,-0.03924560546875,-0.39569091796875,0.5084228515625,0.92333984375,-0.21978759765625,-0.1903076171875,0.25067138671875
182,0.9893798828125,-0.1446533203125,-0.00982666015625,-0.00484566066576088,0.95172119140625,0.24908447265625,-0.01483154296875,-0.1785649838654891,0.97808837890625,0.1663818359375,-0.08510158372961955,0.091552734375,0.9246826171875,0.05629298997961956,-0.18342922044836957,0.3287353515625,0.7637514860733695,-0.03924560546875,-0.39569091796875,0.5083432404891305,0.92333984375,-0.21978759765625,-0.1903076171875,0.25062892747961957
183,0.9893798828125,-0.1446533203125,-0.00982666015625,-0.0048828125,0.95172119140625,0.24908447265625,-0.014892578125,-0.1787109375,0.97808837890625,0.1663818359375,-0.0850830078125,0.091552734375,0.9246826171875,0.0562744140625,-0.18341064453125,0.3287353515625,0.76373291015625,-0.03924560546875,-0.39569091796875,0.50836181640625,0.92333984375,-0.21978759765625,-0.1903076171875,0.2506103515625
184,0.9893798828125,-0.1446533203125,-0.00982666015625,-0.004939152644230775,0.95172119140625,0.24908447265625,-0.014892578125,-0.17865459735576922,0.97808837890625,0.16644287109375,-0.0848388671875,0.09148700420673078,0.9246826171875,0.056330754206730775,-0.18332613431490383,0.3287353515625,0.7639488807091346,-0.03912353515625,-0.39556884765625,0.5082350510817307,0.9233680138221154,-0.21973125751201922,-0.19022310697115383,0.25063852163461536
185,0.9893798828125,-0.1446533203125,-0.00982666015625,-0.0050048828125,0.95166015625,0.2491455078125,-0.01483154296875,-0.1787109375,0.97808837890625,0.16644287109375,-0.0848388671875,0.091552734375,0.9246826171875,0.056396484375,-0.1832275390625,0.3287353515625,0.763916015625,-0.03912353515625,-0.39556884765625,0.50830078125,0.92340087890625,-0.21966552734375,-0.19012451171875,0.25067138671875
186,0.9893937637176003,-0.14461167759719898,-0.009798898346049321,-0.0050326446227006785,0.9516740371551003,0.24910386509719898,-0.014859304778950679,-0.17868317568979933,0.97808837890625,0.16646226353469898,-0.08468352352895067,0.09151946102895067,0.9246826171875,0.056382603469899664,-0.18318589634719898,0.3287631133727007,0.7640103241272993,-0.039104142715301014,-0.3955078125,0.5082064727477007,0.92340087890625,-0.21966552734375,-0.19011063081364965,0.25067138671875
187,0.98944091796875,-0.14447021484375,-0.00970458984375,-0.005126953125,0.95166015625,0.2491455078125,-0.014892578125,-0.17864990234375,0.97808837890625,0.16632080078125,-0.08477783203125,0.09161376953125,0.9246826171875,0.05633544921875,-0.18304443359375,0.328857421875,0.763916015625,-0.03924560546875,-0.3955078125,0.50830078125,0.92340087890625,-0.21966552734375,-0.1900634765625,0.25067138671875
188,0.98944091796875,-0.14447021484375,-0.00970458984375,-0.005126953125,0.95166015625,0.2491455078125,-0.014892578125,-0.17864990234375,0.97808837890625,0.16650268146425584,-0.08465657824257942,0.09149251574257942,0.9248038709761706,0.05639607611308529,-0.18274129912207357,0.328857421875,0.76409912109375,-0.03900146484375,-0.3951416015625,0.50836181640625,0.9234615058005853,-0.21936239287207357,-0.19018473035117056,0.25067138671875
189,0.98944091796875,-0.1444091796875,-0.00958251953125,-0.00518798828125,0.95166015625,0.249267578125,-0.01483154296875,-0.1785888671875,0.97808837890625,0.16644287109375,-0.08477783203125,0.091552734375,0.92474365234375,0.0562744140625,-0.18280029296875,0.32891845703125,0.76397705078125,-0.0390625,-0.39520263671875,0.5084228515625,0.92340087890625,-0.21942138671875,-0.19024658203125,0.250732421875
190,0.98944091796875,-0.14427016650553928,-0.009536181803929766,-0.005141650553929765,0.9517064939773202,0.24912856494303928,-0.01492421842339047,-0.17863520491482024,0.97808837890625,0.16630385791178928,-0.08473149430392976,0.091552734375,0.92474365234375,0.056135400880539296,-0.18270761751410952,0.32891845703125,0.763916015625,-0.039201513181960704,-0.3951562989914298,0.508544921875,0.92340087890625,-0.21951406217339048,-0.19015390657660952,0.250732421875
191,0.98944091796875,-0.14422607421875,-0.009521484375,-0.005126953125,0.95166015625,0.24920654296875,-0.0147705078125,-0.1785888671875,0.97808837890625,0.166259765625,-0.084716796875,0.091552734375,0.92474365234375,0.05609130859375,-0.18267822265625,0.32891845703125,0.763916015625,-0.03924560546875,-0.3951416015625,0.508544921875,0.92340087890625,-0.21954345703125,-0.19012451171875,0.250732421875
192,0.98944091796875,-0.14416197709813963,-0.00945738725438963,-0.005094904564694815,0.9516922048103051,0.24914244584813963,-0.01483460493311037,-0.1786209157478052,0.97808837890625,0.16632386274561037,-0.084716796875,0.09152068581469482,0.9247757009040551,0.056123357154055184,-0.18251797985472407,0.3289505055915552,0.763916015625,-0.03924866743311037,-0.3949295094978052,0.50872802734375,0.92340087890625,-0.21954345703125,-0.1900924631584448,0.250732421875
193,0.98944091796875,-0.14410400390625,-0.0093994140625,-0.00506591796875,0.95166015625,0.2491455078125,-0.0147705078125,-0.17864990234375,0.97808837890625,0.1663818359375,-0.084716796875,0.09149169921875,0.9248046875,0.05615234375,-0.182373046875,0.3289794921875,0.763916015625,-0.039306640625,-0.39495849609375,0.50872802734375,0.92340087890625,-0.21954345703125,-0.1900634765625,0.250732421875
194,0.98944091796875,-0.14410400390625,-0.00936389527591973,-0.005048158575459865,0.95166015625,0.24916326720579013,-0.01480602659908027,-0.17864990234375,0.9781061382995402,0.16634631715091974,-0.08468127808841973,0.09150945861204013,0.9248579656798704,0.055956990423808514,-0.18214217476222824,0.32899725158079013,0.76385498046875,-0.039507505487040136,-0.39473211486204013,0.5089544085754598,0.92340087890625,-0.21959673521112041,-0.19001019838262959,0.250732421875
195,0.98944091796875,-0.14410400390625,-0.00927734375,-0.0050048828125,0.95172119140625,0.24920654296875,-0.0147705078125,-0.17852783203125,0.9781494140625,0.166259765625,-0.0845947265625,0.091552734375,0.92498779296875,0.05548095703125,-0.18157958984375,0.32904052734375,0.76385498046875,-0.03955078125,-0.394775390625,0.5089111328125,0.92340087890625,-0.2197265625,-0.18988037109375,0.250732421875
196,0.98944091796875,-0.14411094435880017,-0.00927040329744983,-0.0049979423599498295,0.9517177211799749,0.24921348342130017,-0.01477744826505017,-0.17853477248380017,0.9781494140625,0.1660190952262751,-0.08447959670255017,0.09166786423494983,0.925048828125,0.05511821632002509,-0.18079654349132526,0.3293387626724498,0.763916015625,-0.03936767578125,-0.3944161201400502,0.5091448627586748,0.9234043491325251,-0.21971615182117474,-0.18987343064119983,0.250732421875
197,0.98944091796875,-0.14422607421875,-0.0091552734375,-0.0048828125,0.95166015625,0.249267578125,-0.0147705078125,-0.1785888671875,0.9781494140625,0.16607666015625,-0.0845947265625,0.091552734375,0.925048828125,0.05517578125,-0.18096923828125,0.3292236328125,0.763916015625,-0.03936767578125,-0.39453125,0.50897216796875,0.9234619140625,-0.21954345703125,-0.18975830078125,0.250732421875
198,0.98944091796875,-0.14417585800323995,-0.009004624790969895,-0.004832596284489965,0.95166015625,0.24921736190948995,-0.014971372674540141,-0.1785888671875,0.97819963027801,0.16597622772522994,-0.08449429413147994,0.09160295059051003,0.925048828125,0.05522599746551003,-0.18071815720369983,0.3293240652435201,0.76386579940949,-0.039640394740280104,-0.3945706472747701,0.50904402206574,0.9234619140625,-0.21959367324676005,-0.18970808456573995,0.25078263809051005
199,0.98944091796875,-0.1441650390625,-0.00897216796875,-0.00482177734375,0.95172119140625,0.249267578125,-0.0147705078125,-0.178466796875,0.97821044921875,0.16595458984375,-0.08447265625,0.09161376953125,0.925048828125,0.05523681640625,-0.1806640625,0.329345703125,0.76385498046875,-0.0396728515625,-0.39459228515625,0.509033203125,0.9234619140625,-0.2196044921875,-0.189697265625,0.25079345703125
200,0.989476845017245,-0.14412911201400502,-0.008936240920255014,-0.00474992324676003,0.95172119140625,0.24923165107650502,-0.014806434860994986,-0.17853865097198998,0.97821044921875,0.16595458984375,-0.08432894805602006,0.09154191543426003,0.92512068222199,0.055057181163775074,-0.18037664611204013,0.329381630173495,0.764012977829745,-0.03943952987823997,-0.394287109375,0.509119346389005,0.9234619140625,-0.21956856513900502,-0.18980504677048496,0.25079345703125
201,0.989501953125,-0.14410400390625,-0.0089111328125,-0.00469970703125,0.95172119140625,0.2491455078125,-0.0146484375,-0.178466796875,0.97821044921875,0.16595458984375,-0.084228515625,0.09149169921875,0.9251708984375,0.054931640625,-0.18017578125,0.32940673828125,0.7640380859375,-0.03948974609375,-0.394287109375,0.50909423828125,0.9234619140625,-0.21954345703125,-0.18988037109375,0.25079345703125
202,0.9894803152435201,-0.14412564178772994,-0.008867857049540129,-0.00465643126829013,0.9516995535247701,0.24916714569397994,-0.014691713262959871,-0.17851007263795987,0.97821044921875,0.16593295196227006,-0.08427179138795987,0.09149169921875,0.9251708984375,0.05488836486204013,-0.1801108676055602,0.3294283761627299,0.7638155831939799,-0.039572419131479936,-0.3944308175689799,0.5092734652618102,0.9234619140625,-0.21950018126829013,-0.18992364685670987,0.25079345703125
203,0.98944091796875,-0.1441650390625,-0.0087890625,-0.00457763671875,0.95172119140625,0.2491455078125,-0.0145263671875,-0.17840576171875,0.97821044921875,0.1658935546875,-0.0843505859375,0.09149169921875,0.9251708984375,0.0548095703125,-0.17999267578125,0.3294677734375,0.76385498046875,-0.03961181640625,-0.39447021484375,0.5091552734375,0.9234619140625,-0.21942138671875,-0.19000244140625,0.25079345703125
204,0.98944091796875,-0.1441650390625,-0.008767016356605343,-0.004570288004285114,0.95172119140625,0.2491528565269649,-0.014548413330894657,-0.1784131104332149,0.97821044921875,0.1658862059730351,-0.08434323722303512,0.09149904793321488,0.9251782471519648,0.054787524169105345,-0.17995593220892558,0.3294751221519649,0.7637865965980352,-0.03950444352267977,-0.3943018068039298,0.5093920653480352,0.9234619140625,-0.21942138671875,-0.19000244140625,0.2508008057457149
205,0.98944091796875,-0.1441650390625,-0.00860595703125,-0.0045166015625,0.9517822265625,0.24908447265625,-0.0145263671875,-0.1783447265625,0.97821044921875,0.16583251953125,-0.08428955078125,0.091552734375,0.92523193359375,0.05462646484375,-0.1796875,0.32952880859375,0.76373291015625,-0.03961181640625,-0.3944091796875,0.50933837890625,0.9234619140625,-0.21942138671875,-0.19000244140625,0.2508544921875
206,0.98944091796875,-0.1441650390625,-0.00860595703125,-0.0045166015625,0.9517822265625,0.24908447265625,-0.0145263671875,-0.1783447265625,0.97821044921875,0.16583251953125,-0.08428955078125,0.091552734375,0.92523193359375,0.05462646484375,-0.1796875,0.32952880859375,0.76373291015625,-0.03966591110994983,-0.39424689557640047,0.5095547577210493,0.9234619140625,-0.21942138671875,-0.19000244140625,0.2508544921875
207,0.98944091796875,-0.1441650390625,-0.0084228515625,-0.00439453125,0.9517822265625,0.24896240234375,-0.0146484375,-0.17852783203125,0.978271484375,0.16571044921875,-0.08428955078125,0.091552734375,0.92529296875,0.05426025390625,-0.17926025390625,0.32965087890625,0.76373291015625,-0.03985595703125,-0.39434814453125,0.50946044921875,0.92340087890625,-0.2196044921875,-0.1898193359375,0.2508544921875
208,0.98944091796875,-0.1441650390625,-0.0084228515625,-0.00439453125,0.9517822265625,0.24896240234375,-0.0146484375,-0.17852783203125,0.978271484375,0.16571044921875,-0.08428955078125,0.091552734375,0.9253327742866848,0.05402142068614128,-0.17878258746603257,0.32981010105298914,0.76373291015625,-0.03997537364130436,-0.39414911684782605,0.5095798658288043,0.92340087890625,-0.2196044921875,-0.1898193359375,0.2508544921875
209,0.98944091796875,-0.144287109375,-0.0081787109375,-0.00433349609375,0.9517822265625,0.2489013671875,-0.01483154296875,-0.178466796875,0.978271484375,0.16552734375,-0.08447265625,0.09149169921875,0.92535400390625,0.05389404296875,-0.17877197265625,0.32977294921875,0.76373291015625,-0.04010009765625,-0.394287109375,0.50946044921875,0.9234619140625,-0.219482421875,-0.1898193359375,0.25091552734375
210,0.98944091796875,-0.1443636584840092,-0.0081021618284908,-0.004282463354410533,0.9517567101928303,0.2489779162965092,-0.014882575708089466,-0.17851782961433946,0.978271484375,0.1656038928590092,-0.08434507440165133,0.09149169921875,0.925456069384929,0.0537409447507316,-0.17795544882681855,0.32995156380643814,0.76373291015625,-0.040202163134928935,-0.394287109375,0.5094349328490803,0.9234363976928303,-0.21950793824466974,-0.18987036867683946,0.25091552734375
211,0.98944091796875,-0.14447021484375,-0.00799560546875,-0.00421142578125,0.95172119140625,0.2490234375,-0.01470947265625,-0.178466796875,0.978271484375,0.16571044921875,-0.08416748046875,0.09149169921875,0.92559814453125,0.05352783203125,-0.17681884765625,0.3302001953125,0.76373291015625,-0.04034423828125,-0.394287109375,0.5093994140625,0.92340087890625,-0.21954345703125,-0.18994140625,0.25091552734375
212,0.98944091796875,-0.14445898764109533,-0.00796192386078596,-0.00418897137594064,0.95172119140625,0.2490234375,-0.01474315426421404,-0.17848925128030935,0.9782827115776547,0.1656543132054766,-0.08415625326609533,0.09151415362405936,0.92559814453125,0.05346046881532192,-0.17683007485890467,0.33022264971780935,0.76373291015625,-0.04035546548390468,-0.394253427767036,0.509433095670464,0.9234121061089047,-0.21952100262594065,-0.18991895184469065,0.25093798174905935
213,0.98944091796875,-0.1444091796875,-0.0078125,-0.00408935546875,0.9517822265625,0.2490234375,-0.01458740234375,-0.178466796875,0.97833251953125,0.1654052734375,-0.0841064453125,0.09161376953125,0.92559814453125,0.05316162109375,-0.1768798828125,0.330322265625,0.76373291015625,-0.0404052734375,-0.39410400390625,0.50958251953125,0.9234619140625,-0.21942138671875,-0.1898193359375,0.25103759765625
214,0.98944091796875,-0.1444091796875,-0.0078125,-0.00408935546875,0.9517822265625,0.2490234375,-0.01458740234375,-0.178466796875,0.97833251953125,0.1654052734375,-0.0841064453125,0.09161376953125,0.9256561177231396,0.05321959428563963,-0.17624217770171408,0.33049618520066887,0.7636749369643604,-0.04046324662938963,-0.39393008433058113,0.5098144122988085,0.9234619140625,-0.21942138671875,-0.1898193359375,0.25103759765625
215,0.98944091796875,-0.1444091796875,-0.00750732421875,-0.00396728515625,0.9517720200146321,0.2489726088916179,-0.01463843508308946,-0.17852783203125,0.97833251953125,0.16534423828125,-0.0841064453125,0.09161376953125,0.9256591796875,0.0531005859375,-0.17645263671875,0.33038330078125,0.76361083984375,-0.0406494140625,-0.39410400390625,0.50970458984375,0.92340087890625,-0.21923828125,-0.1900634765625,0.25103759765625
216,0.98944091796875,-0.1444091796875,-0.00750732421875,-0.00396728515625,0.9517822265625,0.24896240234375,-0.01458740234375,-0.17852783203125,0.97833251953125,0.16534423828125,-0.0841064453125,0.09161376953125,0.9256591796875,0.0528821658131271,-0.1762779006192517,0.3304706688309992,0.76361083984375,-0.04082415016199832,-0.3939292678067517,0.5098793259432484,0.92340087890625,-0.21923828125,-0.1900634765625,0.25103759765625
217,0.98944091796875,-0.14447021484375,-0.00726318359375,-0.00390625,0.9517822265625,0.2489013671875,-0.01458740234375,-0.178466796875,0.97833251953125,0.1651611328125,-0.08392333984375,0.09173583984375,0.9256591796875,0.052734375,-0.17645263671875,0.3304443359375,0.7635498046875,-0.04095458984375,-0.39404296875,0.50982666015625,0.92333984375,-0.2196044921875,-0.1898193359375,0.2510986328125
218,0.98944091796875,-0.14452900455946907,-0.007174999020171409,-0.0038768551421404698,0.9517528317046404,0.2489895517610786,-0.01467558691732859,-0.178466796875,0.9783619143891096,0.16513173795464048,-0.08389394498589046,0.09173583984375,0.9256591796875,0.05258066438910953,-0.1760525400423286,0.3305370113921405,0.7634593746733904,-0.04119873046875,-0.39394804785482856,0.510012011065531,0.9233692386078596,-0.21957509732964048,-0.1899075205110786,0.25101044823892144
219,0.98944091796875,-0.14459228515625,-0.007080078125,-0.00384521484375,0.9517822265625,0.2490234375,-0.01458740234375,-0.178466796875,0.9783935546875,0.16510009765625,-0.0838623046875,0.09173583984375,0.9256591796875,0.0526123046875,-0.1761474609375,0.33050537109375,0.763427734375,-0.04119873046875,-0.39404296875,0.50994873046875,0.92340087890625,-0.2193603515625,-0.18994140625,0.25103759765625
220,0.98944091796875,-0.14457717946540552,-0.00704986674331104,-0.00384521484375,0.9517822265625,0.24900833180915552,-0.01461761372543896,-0.178466796875,0.9784086603783445,0.1650245692020276,-0.0837867762332776,0.09179626260712792,0.9256591796875,0.05252105814956104,-0.17604049631584448,0.33056640625,0.7634126286841555,-0.04116790669418896,-0.3940580744408445,0.51007080078125,0.92340087890625,-0.21937545725334448,-0.18995651194084448,0.2510224919654055
221,0.98944091796875,-0.14453125,-0.0069580078125,-0.00384521484375,0.95172119140625,0.24908447265625,-0.0146484375,-0.1785888671875,0.97845458984375,0.164794921875,-0.08355712890625,0.09197998046875,0.9256591796875,0.05242919921875,-0.17608642578125,0.33056640625,0.76336669921875,-0.041259765625,-0.39410400390625,0.51007080078125,0.9234619140625,-0.21929931640625,-0.18994140625,0.25091552734375
222,0.98944091796875,-0.14452961695234115,-0.00695719128867057,-0.0038460313675794306,0.9517220079300794,0.24908283960859115,-0.01464925402382943,-0.17858723413984115,0.97845458984375,0.16479328882734115,-0.08355631238242058,0.09198243004023829,0.92572021484375,0.052427566171091136,-0.17584228515625,0.33056722277382944,0.7634269178511706,-0.041078293203908864,-0.39404296875,0.5100113986726589,0.9234610975386706,-0.21930013293007944,-0.18994467234531773,0.25091552734375
223,0.98944091796875,-0.1444091796875,-0.00689697265625,-0.00390625,0.9517275194659282,0.24896240234375,-0.014764179752821903,-0.1785762110681438,0.97845458984375,0.1646728515625,-0.08349609375,0.0921630859375,0.92572021484375,0.05230712890625,-0.17584228515625,0.33062744140625,0.76336669921875,-0.04119873046875,-0.39404296875,0.5101318359375,0.92340087890625,-0.2193603515625,-0.190185546875,0.25091552734375
224,0.98944091796875,-0.1444091796875,-0.00689697265625,-0.00390625,0.95172119140625,0.24896240234375,-0.0147705078125,-0.1785888671875,0.97845458984375,0.16448260151024247,-0.08349609375,0.09221064845056438,0.92572021484375,0.0523681640625,-0.17572021484375,0.33062744140625,0.76336669921875,-0.04119873046875,-0.39413809377612874,0.5100367109113713,0.92340087890625,-0.2193603515625,-0.190185546875,0.25091552734375
225,0.98944091796875,-0.1444091796875,-0.00689697265625,-0.00390625,0.95172119140625,0.24896240234375,-0.014810925742056853,-0.1785888671875,0.97845458984375,0.1644287109375,-0.08349609375,0.09222412109375,0.92572021484375,0.0523681640625,-0.17572021484375,0.33062744140625,0.76336669921875,-0.04119873046875,-0.3941650390625,0.510009765625,0.92340087890625,-0.21929931640625,-0.190185546875,0.25091552734375
226,0.98944091796875,-0.14437590634145067,-0.006930246002299331,-0.00390625,0.9517544647522993,0.24892912899770067,-0.01479826962270067,-0.1785888671875,0.9784878631897993,0.16439543759145067,-0.08342954705790134,0.09222412109375,0.92578125,0.05227385556020067,-0.17538176571645067,0.3306884765625,0.7633999725647993,-0.04123200381479933,-0.39409849237040134,0.5100430389710493,0.92340087890625,-0.21933258975229933,-0.19015227352895067,0.25091552734375
227,0.98944091796875,-0.14434814453125,-0.0069580078125,-0.00390625,0.9517822265625,0.2489274959500418,-0.014718250287416395,-0.17853660966241638,0.978515625,0.16436767578125,-0.0833740234375,0.09222412109375,0.92578125,0.05224609375,-0.17535400390625,0.3306884765625,0.763427734375,-0.041259765625,-0.39404296875,0.51007080078125,0.92340087890625,-0.21929931640625,-0.19000244140625,0.25103759765625
228,0.98944091796875,-0.14438611288931857,-0.006920039454431439,-0.0038872658209657194,0.9517632423834658,0.24900037070181857,-0.014686405858068562,-0.1784857810540343,0.978515625,0.1643486916022157,-0.08331707090039715,0.09226208945181856,0.92584228515625,0.05202093730403428,-0.17490369101431857,0.3308946488294314,0.763427734375,-0.04129773398306856,-0.3940050003919314,0.51007080078125,0.9234198630852842,-0.2192803322272157,-0.19004040976431857,0.2509996292981814
229,0.98944091796875,-0.14447021484375,-0.0068359375,-0.00384521484375,0.9517330310017768,0.24904895386966974,-0.014758668216973247,-0.1785041528401965,0.978515625,0.164306640625,-0.08319091796875,0.09234619140625,0.92584228515625,0.05206298828125,-0.17498779296875,0.330810546875,0.763427734375,-0.0413818359375,-0.3939208984375,0.51007080078125,0.9234619140625,-0.219482421875,-0.18975830078125,0.25103759765625
230,0.9893798828125,-0.14471435546875,-0.00665283203125,-0.0037841796875,0.95172119140625,0.24920654296875,-0.014892578125,-0.178466796875,0.978515625,0.1644287109375,-0.082763671875,0.09246826171875,0.9259033203125,0.05169677734375,-0.1741943359375,0.3310546875,0.7633056640625,-0.041748046875,-0.3941650390625,0.51007080078125,0.9234619140625,-0.21929931640625,-0.18994140625,0.2508544921875
231,0.9893798828125,-0.14471435546875,-0.00665283203125,-0.0037841796875,0.9517797769910117,0.24903078621446487,-0.01483399254023829,-0.1784082112902383,0.978515625,0.1644287109375,-0.082763671875,0.09246826171875,0.9259033203125,0.05169677734375,-0.1741943359375,0.3310546875,0.7633056640625,-0.041748046875,-0.3941650390625,0.51007080078125,0.92340087890625,-0.2196044921875,-0.18975830078125,0.2509765625
232,0.9893798828125,-0.14486867847251256,-0.006549950028741627,-0.003681297684991627,0.9517307855612458,0.24917776050376256,-0.014882983970004187,-0.17850864372125838,0.978515625,0.16432582893499162,-0.08255790786998325,0.09262258472251256,0.9259033203125,0.051677589033758374,-0.17428762378501256,0.33102243480873744,0.7632542230612458,-0.041799487876254184,-0.39426792106500835,0.51007080078125,0.9234523199075042,-0.21950161018499162,-0.18980974178250418,0.25082223949623744
233,0.9893798828125,-0.1448974609375,-0.00653076171875,-0.003662109375,0.9517654878239966,0.2491179501332567,-0.014759688871760024,-0.17839494277801002,0.978515625,0.164306640625,-0.08251953125,0.0926513671875,0.9259033203125,0.05169677734375,-0.17431640625,0.33099365234375,0.76324462890625,-0.04180908203125,-0.394287109375,0.51007080078125,0.9234619140625,-0.21954345703125,-0.18963623046875,0.2509765625
234,0.9893798828125,-0.1448974609375,-0.00640869140625,-0.00360107421875,0.95172119140625,0.24908447265625,-0.01483154296875,-0.17840576171875,0.9785527768342391,0.164306640625,-0.08238153872282607,0.09266463569972827,0.9259033203125,0.05145263671875,-0.1739501953125,0.33111572265625,0.76318359375,-0.0419921875,-0.3941650390625,0.51019287109375,0.9234619140625,-0.2196044921875,-0.189697265625,0.2508544921875
235,0.9893798828125,-0.1448974609375,-0.00640869140625,-0.00360107421875,0.9517511986569817,0.2490544654055184,-0.014771528467286783,-0.1783757544680184,0.97857666015625,0.164306640625,-0.08221435546875,0.09271240234375,0.9259033203125,0.05145263671875,-0.1739501953125,0.33111572265625,0.76318359375,-0.0419921875,-0.3941650390625,0.51019287109375,0.9234619140625,-0.2196044921875,-0.1895751953125,0.2509765625
236,0.9893798828125,-0.14501953125,-0.0062255859375,-0.0035400390625,0.95172119140625,0.2491455078125,-0.014892578125,-0.17840576171875,0.97857666015625,0.1641845703125,-0.0819091796875,0.0927734375,0.92596435546875,0.05133056640625,-0.17364501953125,0.3311767578125,0.76318359375,-0.042236328125,-0.3941650390625,0.51019287109375,0.9234619140625,-0.21954345703125,-0.18975830078125,0.2508544921875
237,0.9893798828125,-0.14501953125,-0.0062255859375,-0.0035400390625,0.9517369094899666,0.24908263547763376,-0.01487686004128344,-0.17840576171875,0.97857666015625,0.1641845703125,-0.0819091796875,0.0927734375,0.92596435546875,0.05133056640625,-0.17364501953125,0.3311767578125,0.76318359375,-0.042236328125,-0.3941650390625,0.51019287109375,0.9234619140625,-0.21966552734375,-0.1893310546875,0.2509765625
238,0.98931884765625,-0.14520263671875,-0.006103515625,-0.00360107421875,0.95172119140625,0.24908447265625,-0.014892578125,-0.1783447265625,0.9786376953125,0.1641845703125,-0.08154296875,0.0928955078125,0.92596435546875,0.05126953125,-0.1734619140625,0.33123779296875,0.76312255859375,-0.0423583984375,-0.39422607421875,0.51019287109375,0.9234619140625,-0.219482421875,-0.18951416015625,0.2509765625
239,0.98931884765625,-0.14520263671875,-0.006103515625,-0.00360107421875,0.95172119140625,0.24908447265625,-0.014888291374895472,-0.17834615547920152,0.9786376953125,0.1641845703125,-0.08154296875,0.0928955078125,0.9259657843854515,0.05126810233329849,-0.17345334056229095,0.3312392218854515,0.76312255859375,-0.0423583984375,-0.39422607421875,0.51019287109375,0.9234619140625,-0.21978759765625,-0.189208984375,0.25103759765625
240,0.9893741671456939,-0.14509199773986203,-0.0059375571566680566,-0.00360107421875,0.9517765108956939,0.24902915316680602,-0.014875431124581943,-0.17840576171875,0.9786376953125,0.16401861184416805,-0.08137701028166805,0.0928955078125,0.926025390625,0.05104253762541806,-0.17320634210388797,0.331298828125,0.7631778780831939,-0.04252435690583194,-0.39411543523986203,0.51019287109375,0.9234065945730561,-0.21989823663513797,-0.18931962335388797,0.250982278166806
241,0.9893798828125,-0.14508056640625,-0.00592041015625,-0.00360107421875,0.9517822265625,0.2490234375,-0.014892578125,-0.17840576171875,0.9786376953125,0.16400146484375,-0.08135986328125,0.0928955078125,0.926025390625,0.051025390625,-0.1732177734375,0.331298828125,0.76318359375,-0.04254150390625,-0.39410400390625,0.51019287109375,0.92352294921875,-0.2198486328125,-0.18890380859375,0.25091552734375
242,0.98931884765625,-0.1451416015625,-0.0057373046875,-0.003662109375,0.95172119140625,0.2491455078125,-0.01483154296875,-0.1783447265625,0.978678725634929,0.16398043935514214,-0.08117369584813962,0.09299757329117893,0.926025390625,0.051025390625,-0.173095703125,0.33135986328125,0.7632046192386078,-0.04264356938492893,-0.3941229880852843,0.510151840771321,0.92352294921875,-0.2198486328125,-0.18914794921875,0.25091552734375
243,0.98931884765625,-0.1451416015625,-0.0057373046875,-0.003662109375,0.95172119140625,0.2491455078125,-0.01483154296875,-0.1783447265625,0.97869873046875,0.1639404296875,-0.08099365234375,0.093017578125,0.926025390625,0.051025390625,-0.173095703125,0.33135986328125,0.76324462890625,-0.04266357421875,-0.39404296875,0.5101318359375,0.923583984375,-0.2200927734375,-0.18853759765625,0.25091552734375
244,0.98931884765625,-0.145263671875,-0.0054931640625,-0.003662109375,0.95172119140625,0.2491455078125,-0.014892578125,-0.17840576171875,0.97869873046875,0.16375732421875,-0.08099365234375,0.09307861328125,0.92608642578125,0.05096435546875,-0.17291259765625,0.33135986328125,0.76324462890625,-0.04302978515625,-0.39410400390625,0.5101318359375,0.923583984375,-0.22003173828125,-0.18878173828125,0.25079345703125
245,0.98931884765625,-0.145263671875,-0.0054931640625,-0.003662109375,0.95172119140625,0.2491455078125,-0.014892578125,-0.17840576171875,0.97869873046875,0.16375732421875,-0.08099365234375,0.09307861328125,0.92608642578125,0.05096435546875,-0.17291259765625,0.33135986328125,0.76324462890625,-0.04302978515625,-0.39410400390625,0.5101318359375,0.923583984375,-0.22039794921875,-0.18804931640625,0.25091552734375
246,0.98931884765625,-0.14544677734375,-0.00531005859375,-0.0035400390625,0.95172119140625,0.24920654296875,-0.014892578125,-0.17840576171875,0.97869873046875,0.16387939453125,-0.0810546875,0.09295654296875,0.9261474609375,0.0506591796875,-0.1727294921875,0.33135986328125,0.76312255859375,-0.043212890625,-0.39422607421875,0.5101318359375,0.92364501953125,-0.22027587890625,-0.18817138671875,0.250732421875
247,0.98931884765625,-0.14544677734375,-0.00531005859375,-0.0035400390625,0.9517264988111414,0.2492012355638587,-0.014871348505434786,-0.17838983950407608,0.97869873046875,0.16387939453125,-0.0810546875,0.09295654296875,0.9261421535326086,0.050653872282608696,-0.1727029551630435,0.33138640030570654,0.76312255859375,-0.043212890625,-0.39422607421875,0.5101318359375,0.92364501953125,-0.22052001953125,-0.187744140625,0.25079345703125
248,0.98931884765625,-0.14532838138848245,-0.005191662638482437,-0.0033624451295986555,0.9517822265625,0.24902711185723245,-0.014826031432901345,-0.17840025018290134,0.9787579284463838,0.16370180059834866,-0.08099548952236622,0.09301574094638378,0.9261456237588838,0.05042055059834866,-0.1724835143838838,0.33148744512959866,0.7630633606161162,-0.04339048455790134,-0.39428527219638376,0.5101910339151338,0.92364501953125,-0.22069761346415134,-0.187744140625,0.25061586309834866
249,0.98931884765625,-0.14532470703125,-0.00518798828125,-0.00335693359375,0.9517822265625,0.2490234375,-0.01483154296875,-0.17840576171875,0.978759765625,0.1636962890625,-0.08099365234375,0.093017578125,0.9261474609375,0.0504150390625,-0.1724853515625,0.33148193359375,0.7630615234375,-0.04339599609375,-0.394287109375,0.51019287109375,0.923583984375,-0.2210693359375,-0.18768310546875,0.25048828125
250,0.98931884765625,-0.1453857421875,-0.0050048828125,-0.00323486328125,0.9517822265625,0.24908447265625,-0.0147705078125,-0.1783447265625,0.97869873046875,0.1636962890625,-0.08104203138064381,0.09294041662311874,0.9261474609375,0.05029296875,-0.17236328125,0.33154296875,0.7630615234375,-0.04374261045934366,-0.39436427087688125,0.5100995832462375,0.92364501953125,-0.2210693359375,-0.1878662109375,0.25030517578125
251,0.98931884765625,-0.1453857421875,-0.0050048828125,-0.00323486328125,0.9517822265625,0.24908447265625,-0.0147705078125,-0.1783447265625,0.97869873046875,0.1636962890625,-0.08099365234375,0.09295654296875,0.9261474609375,0.05029296875,-0.17236328125,0.33154296875,0.7630615234375,-0.0438232421875,-0.39434814453125,0.5101318359375,0.9246826171875,-0.22027587890625,-0.18438720703125,0.24957275390625
252,0.98931884765625,-0.14544677734375,-0.00494384765625,-0.003173828125,0.9517822265625,0.24896240234375,-0.01470947265625,-0.1783447265625,0.97882080078125,0.163330078125,-0.08099365234375,0.0928955078125,0.92620849609375,0.04998779296875,-0.17205810546875,0.33160400390625,0.76324462890625,-0.04412841796875,-0.39404296875,0.510009765625,0.92474365234375,-0.22027587890625,-0.1844482421875,0.24951171875
253,0.98931884765625,-0.14544677734375,-0.00494384765625,-0.003173828125,0.9517822265625,0.24896240234375,-0.01470947265625,-0.1783447265625,0.97882080078125,0.163330078125,-0.08099365234375,0.0928955078125,0.9262319711538461,0.049917367788461536,-0.1718468299278846,0.33162747896634615,0.76324462890625,-0.04412841796875,-0.39404296875,0.510009765625,0.9246826171875,-0.22119140625,-0.18377685546875,0.24932861328125
254,0.9892578125,-0.14569091796875,-0.00469970703125,-0.00311279296875,0.95172119140625,0.2491455078125,-0.0150146484375,-0.17840576171875,0.978759765625,0.16357421875,-0.08123779296875,0.09283447265625,0.92626953125,0.04998779296875,-0.17181396484375,0.33154296875,0.7630615234375,-0.04425048828125,-0.39434814453125,0.510009765625,0.92474365234375,-0.2210693359375,-0.18402099609375,0.2491455078125
255,0.9892578125,-0.14569091796875,-0.00469970703125,-0.00311279296875,0.95172119140625,0.2491455078125,-0.0150146484375,-0.17840576171875,0.978759765625,0.16357421875,-0.08123779296875,0.09283447265625,0.9262603453569189,0.04996942118258779,-0.1717955930575878,0.3315705264292433,0.7630615234375,-0.04425048828125,-0.39434814453125,0.510009765625,0.92486572265625,-0.22113037109375,-0.18310546875,0.24908447265625
256,0.98931884765625,-0.1455078125,-0.00457763671875,-0.00299072265625,0.9517822265625,0.2490234375,-0.01483154296875,-0.17840576171875,0.978759765625,0.16339111328125,-0.0811767578125,0.0928955078125,0.92626953125,0.04962158203125,-0.17169189453125,0.3316650390625,0.762939453125,-0.0445556640625,-0.39422607421875,0.51025390625,0.92486572265625,-0.22137451171875,-0.18316650390625,0.24896240234375
257,0.98931884765625,-0.1455078125,-0.00457763671875,-0.00299072265625,0.9517822265625,0.2490234375,-0.01483154296875,-0.17840576171875,0.978759765625,0.16339111328125,-0.0811767578125,0.0928955078125,0.92626953125,0.04962158203125,-0.17169189453125,0.3316650390625,0.762939453125,-0.0445556640625,-0.39422607421875,0.51025390625,0.9250335183031981,-0.22103892042485368,-0.18266311696540552,0.24890647046143394
258,0.98931884765625,-0.14545902520119147,-0.004480062121132946,-0.003039509955058527,0.9517822265625,0.24897465020119147,-0.014746012097617054,-0.17835697441994147,0.978759765625,0.16339111328125,-0.08098160861726589,0.09294429511130853,0.92626953125,0.049585042589882944,-0.17131343573630853,0.33189693183005853,0.7629882404238085,-0.04460445136130853,-0.3940309250235159,0.5104002681464256,0.925048828125,-0.22110587537886706,-0.18271476209761706,0.2489013671875
259,0.98931884765625,-0.14544677734375,-0.00445556640625,-0.0030517578125,0.9517822265625,0.24896240234375,-0.0147705078125,-0.1783447265625,0.978759765625,0.16339111328125,-0.0809326171875,0.09295654296875,0.92626953125,0.049560546875,-0.17132568359375,0.3319091796875,0.76300048828125,-0.04461669921875,-0.39398193359375,0.51043701171875,0.925048828125,-0.22121365652435201,-0.182614329666597,0.2489013671875
260,0.98931884765625,-0.14544677734375,-0.004352072010869563,-0.0030517578125,0.9517822265625,0.2490579356317935,-0.014751931895380436,-0.17828369140625,0.9787942637567935,0.1633566151494565,-0.0809326171875,0.09295654296875,0.92633056640625,0.04946501358695652,-0.17094089673913043,0.3319091796875,0.7629659901494565,-0.04472019361413044,-0.39394743546195654,0.5104715098505435,0.9250143299932065,-0.22125244140625,-0.18265964673913043,0.2488668690557065
261,0.98931884765625,-0.14544677734375,-0.0042724609375,-0.0030517578125,0.9517822265625,0.24908447265625,-0.01483154296875,-0.17828369140625,0.97882080078125,0.163330078125,-0.0809326171875,0.09295654296875,0.926357919954536,0.04941112301421405,-0.1707743258779264,0.331936533235786,0.762939453125,-0.0447998046875,-0.3939208984375,0.510498046875,0.925048828125,-0.22119140625,-0.1822509765625,0.2490234375
262,0.98931884765625,-0.14532470703125,-0.004150390625,-0.00299072265625,0.95172119140625,0.24908447265625,-0.0147705078125,-0.17840576171875,0.97882080078125,0.16339111328125,-0.08087158203125,0.0928955078125,0.9263916015625,0.0491943359375,-0.1705322265625,0.3319091796875,0.7629596620897784,-0.045488134275710655,-0.3935571370714883,0.5106593103313127,0.925048828125,-0.22137451171875,-0.18231201171875,0.2489013671875
263,0.98931884765625,-0.14532470703125,-0.004150390625,-0.00299072265625,0.95172119140625,0.24908447265625,-0.0147705078125,-0.17840576171875,0.97882080078125,0.16339111328125,-0.08087158203125,0.0928955078125,0.9264046659437709,0.04915514279368729,-0.1705191621812291,0.3319091796875,0.76300048828125,-0.0465087890625,-0.392822265625,0.5111083984375,0.9250880212688127,-0.22130918981239547,-0.18215523914349915,0.2489405603313127
264,0.98931884765625,-0.145263671875,-0.00421142578125,-0.00299072265625,0.9517822265625,0.2489013671875,-0.014892578125,-0.17840576171875,0.97882080078125,0.16302490234375,-0.08148193359375,0.09283447265625,0.92645263671875,0.0489501953125,-0.17041015625,0.3319091796875,0.7630674432352634,-0.0465087890625,-0.39271795470579013,0.5111457544026965,0.92523193359375,-0.22113037109375,-0.1815185546875,0.24908447265625
265,0.98931884765625,-0.145263671875,-0.00421142578125,-0.00299072265625,0.9517822265625,0.2489013671875,-0.014892578125,-0.17840576171875,0.97882080078125,0.16302490234375,-0.08148193359375,0.09283447265625,0.92645263671875,0.0489501953125,-0.17041015625,0.3319091796875,0.76312255859375,-0.0465087890625,-0.39288330078125,0.51092529296875,0.92523193359375,-0.22172847479880856,-0.18109988209395902,0.24890504154473245
266,0.98931884765625,-0.14531633766199833,-0.00436942314224498,-0.00299072265625,0.9517295607755016,0.2490234375,-0.014795615920255021,-0.178466796875,0.9787681349942516,0.1632355654917433,-0.08179792831573995,0.09267647529525502,0.926513671875,0.048933456573996656,-0.17019112373275502,0.33184814453125,0.7632278901677466,-0.046614120636496656,-0.39261997184625835,0.51092529296875,0.92523193359375,-0.22163539108225336,-0.18093331123275502,0.24895403297449833
267,0.98931884765625,-0.14532470703125,-0.00439453125,-0.00299072265625,0.95172119140625,0.2490234375,-0.0147705078125,-0.178466796875,0.978759765625,0.16326904296875,-0.08184814453125,0.0926513671875,0.9265591930784908,0.049086758922972415,-0.170166015625,0.3317571021242684,0.76324462890625,-0.046630859375,-0.392578125,0.51092529296875,0.92523193359375,-0.2215731311402592,-0.18109028793896323,0.2489168811402592
268,0.98931884765625,-0.14532470703125,-0.0045166015625,-0.00299072265625,0.95172119140625,0.24920654296875,-0.0147705078125,-0.178466796875,0.97869873046875,0.1634521484375,-0.0819091796875,0.09259033203125,0.92657470703125,0.04913330078125,-0.1700439453125,0.33172607421875,0.7632289108225334,-0.04649307097878345,-0.3925554664637333,0.5109636695887333,0.92523193359375,-0.2215576171875,-0.1810302734375,0.24896240234375
269,0.98931884765625,-0.14532470703125,-0.0045166015625,-0.00299072265625,0.95172119140625,0.24920654296875,-0.0147705078125,-0.178466796875,0.97869873046875,0.1634521484375,-0.0819091796875,0.09259033203125,0.9265434749947743,0.04913330078125,-0.17007517734897576,0.3317885382917015,0.76318359375,-0.04644775390625,-0.392578125,0.510986328125,0.92523193359375,-0.22133899293216974,-0.18128012972930602,0.24899363438022576
270,0.9893798828125,-0.1451416015625,-0.004638671875,-0.0029296875,0.9517822265625,0.24896240234375,-0.01470947265625,-0.17840576171875,0.978759765625,0.163330078125,-0.08184814453125,0.09271240234375,0.92657470703125,0.04901123046875,-0.169921875,0.33184814453125,0.7632928038121864,-0.046545736765781776,-0.3922986697193771,0.5110714507342182,0.92523193359375,-0.22125244140625,-0.18133544921875,0.2490234375
271,0.9893798828125,-0.1451416015625,-0.004638671875,-0.0029296875,0.9517822265625,0.24896240234375,-0.01470947265625,-0.17840576171875,0.978759765625,0.163330078125,-0.08184814453125,0.09271240234375,0.9265916499007107,0.04897734472982859,-0.1698371606526965,0.3318650874007107,0.76336669921875,-0.0465087890625,-0.39215087890625,0.5111083984375,0.92523193359375,-0.22125244140625,-0.18133544921875,0.2490403803694607
272,0.98931884765625,-0.14520263671875,-0.00457763671875,-0.00286865234375,0.9517822265625,0.24896240234375,-0.0147705078125,-0.17840576171875,0.978759765625,0.16314697265625,-0.08184814453125,0.09271240234375,0.9266357421875,0.04888916015625,-0.169677734375,0.33184814453125,0.76336669921875,-0.04655778049226588,-0.39217272091868727,0.5110669598531563,0.92523193359375,-0.22125244140625,-0.181396484375,0.24896240234375
273,0.98931884765625,-0.14520263671875,-0.00457763671875,-0.00286865234375,0.9517822265625,0.24896240234375,-0.0147705078125,-0.17840576171875,0.978759765625,0.16314697265625,-0.08184814453125,0.09271240234375,0.9266357421875,0.048583984375,-0.1693115234375,0.3319091796875,0.76336669921875,-0.04681396484375,-0.3919677734375,0.51116943359375,0.92523193359375,-0.221435546875,-0.18096923828125,0.24920654296875
274,0.98931884765625,-0.14537226954431437,-0.004521092443561873,-0.00286865234375,0.9517822265625,0.24907100001306437,-0.0147705078125,-0.17840576171875,0.978759765625,0.16320351693143811,-0.08190468880643813,0.09276894661893813,0.9266357421875,0.048697072925376256,-0.16942461198787626,0.3319091796875,0.76336669921875,-0.046700876293373744,-0.39208086198787623,0.5111128893185619,0.92523193359375,-0.22126591404943563,-0.18108232683162626,0.24914999869356189
275,0.98931884765625,-0.1453857421875,-0.0045166015625,-0.00286865234375,0.9517822265625,0.24908447265625,-0.0147705078125,-0.17840576171875,0.978759765625,0.1632080078125,-0.0819091796875,0.0927734375,0.9266357421875,0.0487060546875,-0.1691371955999164,0.3320573787625418,0.76336669921875,-0.046875,-0.39190673828125,0.51123046875,0.92523193359375,-0.2211042423312082,-0.1811407082854306,0.2492443071958612
276,0.98931884765625,-0.1453857421875,-0.00439453125,-0.0028076171875,0.95172119140625,0.2491455078125,-0.0147705078125,-0.17840576171875,0.978759765625,0.16316575270432693,-0.08173546424278846,0.09283916766826923,0.9266357421875,0.04864501953125,-0.169189453125,0.33203125,0.76336669921875,-0.0469970703125,-0.3919677734375,0.51116943359375,0.92523193359375,-0.22113037109375,-0.18121337890625,0.2491455078125
277,0.98931884765625,-0.1453857421875,-0.00439453125,-0.0028076171875,0.95172119140625,0.2491455078125,-0.0147705078125,-0.17840576171875,0.978759765625,0.16314697265625,-0.08160400390625,0.0928955078125,0.9266708527121655,0.04864501953125,-0.16897878997700672,0.3321014710493311,0.763427734375,-0.04681396484375,-0.391845703125,0.51123046875,0.9252670441184155,-0.22102503951975336,-0.18121337890625,0.24918061833716554
278,0.98931884765625,-0.145263671875,-0.00433349609375,-0.0028076171875,0.9517822265625,0.24896240234375,-0.0146484375,-0.1783447265625,0.97882080078125,0.16314697265625,-0.08148193359375,0.0927734375,0.92669677734375,0.04852294921875,-0.16888427734375,0.3321533203125,0.763422631101066,-0.046964001097408024,-0.3917338393603679,0.5112635379650919,0.92523193359375,-0.2210693359375,-0.18121337890625,0.24920654296875
279,0.98931884765625,-0.145263671875,-0.00433349609375,-0.0028076171875,0.9517822265625,0.24896240234375,-0.0146484375,-0.1783447265625,0.97882080078125,0.16314697265625,-0.08148193359375,0.0927734375,0.9267578125,0.0484619140625,-0.16845703125,0.3321533203125,0.76348876953125,-0.0469970703125,-0.3916015625,0.51123046875,0.92523193359375,-0.220947265625,-0.18133544921875,0.24932861328125
280,0.98931884765625,-0.1455078125,-0.004150390625,-0.0028076171875,0.95172119140625,0.2491455078125,-0.01483154296875,-0.17840576171875,0.978759765625,0.16326904296875,-0.0816650390625,0.0927734375,0.92669677734375,0.04864501953125,-0.16876220703125,0.33209228515625,0.763475092757107,-0.046949711930392976,-0.391832026350857,0.511135751985786,0.92523193359375,-0.22076416015625,-0.18157958984375,0.24920654296875
281,0.98931884765625,-0.1455078125,-0.004150390625,-0.0028076171875,0.95172119140625,0.2491455078125,-0.01483154296875,-0.17840576171875,0.978759765625,0.16326904296875,-0.0816650390625,0.0927734375,0.92669677734375,0.0484619140625,-0.1685791015625,0.33221435546875,0.763427734375,-0.0469970703125,-0.39178466796875,0.51123046875,0.9251708984375,-0.2208251953125,-0.181640625,0.24932861328125
282,0.98931884765625,-0.14544677734375,-0.004150390625,-0.00274658203125,0.9517822265625,0.2490234375,-0.0147705078125,-0.17840576171875,0.9788201883883779,0.16314758504912208,-0.08154419353574413,0.09283324787050587,0.9267578125,0.04840087890625,-0.16851806640625,0.3321533203125,0.763427734375,-0.04705810546875,-0.39178466796875,0.51123046875,0.9251708984375,-0.22088623046875,-0.18157958984375,0.249267578125
283,0.98931884765625,-0.14544677734375,-0.004150390625,-0.00274658203125,0.9517822265625,0.2490234375,-0.0147705078125,-0.17840576171875,0.97882080078125,0.16314697265625,-0.08154296875,0.09283447265625,0.9267578125,0.04840087890625,-0.1683349609375,0.33221435546875,0.763427734375,-0.04705810546875,-0.3917236328125,0.51129150390625,0.9252241766173704,-0.22072639592913879,-0.1816861462034908,0.24932085630487041
284,0.98931884765625,-0.1455078125,-0.0040283203125,-0.002685546875,0.95172119140625,0.2491455078125,-0.01483154296875,-0.178466796875,0.978759765625,0.16319310625261288,-0.08157277186977424,0.09286570469272576,0.9267578125,0.04840087890625,-0.16851806640625,0.3321533203125,0.763427734375,-0.047119140625,-0.391845703125,0.51123046875,0.92523193359375,-0.220703125,-0.18182373046875,0.24920654296875
285,0.98931884765625,-0.1455078125,-0.0040283203125,-0.002685546875,0.95172119140625,0.2491455078125,-0.01483154296875,-0.178466796875,0.978759765625,0.1632080078125,-0.08154296875,0.0928955078125,0.92669677734375,0.04840087890625,-0.16839599609375,0.332275390625,0.7633056640625,-0.04718017578125,-0.39178466796875,0.51141357421875,0.9251929445808946,-0.220703125,-0.18186271948160534,0.24932351000731606
286,0.98931884765625,-0.1453857421875,-0.00396728515625,-0.0025634765625,0.9517822265625,0.2490234375,-0.0147705078125,-0.17840576171875,0.97882080078125,0.162841796875,-0.08135986328125,0.093017578125,0.9267578125,0.0482177734375,-0.16839599609375,0.3321533203125,0.76336669921875,-0.04736328125,-0.3917236328125,0.5113525390625,0.9251708984375,-0.2208251953125,-0.18182373046875,0.249267578125
287,0.98931884765625,-0.1453857421875,-0.00396728515625,-0.0025634765625,0.9517822265625,0.2490234375,-0.0147705078125,-0.17840576171875,0.97882080078125,0.162841796875,-0.08135986328125,0.093017578125,0.9267578125,0.04815673828125,-0.1680908203125,0.33233642578125,0.7633056640625,-0.04742431640625,-0.3916015625,0.51153564453125,0.9251708984375,-0.2208004954666597,-0.18172493108538879,0.2493169778166806
288,0.98931884765625,-0.1453857421875,-0.00384521484375,-0.0025634765625,0.9517822265625,0.24896240234375,-0.01470947265625,-0.17828369140625,0.9788818359375,0.162841796875,-0.0811767578125,0.09295654296875,0.9267578125,0.048095703125,-0.168212890625,0.33233642578125,0.76324462890625,-0.0474853515625,-0.39166259765625,0.51153564453125,0.9251708984375,-0.2208251953125,-0.18170166015625,0.24932861328125
289,0.98931884765625,-0.1453857421875,-0.00384521484375,-0.0025634765625,0.9517822265625,0.24896240234375,-0.01470947265625,-0.17828369140625,0.9788818359375,0.162841796875,-0.0811767578125,0.09295654296875,0.92681884765625,0.0479736328125,-0.16790771484375,0.332275390625,0.76336669921875,-0.04779052734375,-0.391357421875,0.5115966796875,0.92523193359375,-0.2210693359375,-0.18109130859375,0.24945068359375
290,0.98931884765625,-0.1456298828125,-0.003662109375,-0.0025634765625,0.9517822265625,0.24908447265625,-0.01483154296875,-0.1783447265625,0.97882080078125,0.16302490234375,-0.08148193359375,0.0928955078125,0.9267578125,0.048095703125,-0.16815185546875,0.332275390625,0.7633056640625,-0.047688053603156366,-0.39159503030936454,0.5114778754703178,0.92523193359375,-0.22088623046875,-0.1812744140625,0.24932861328125
291,0.98931884765625,-0.1456298828125,-0.003662109375,-0.0025634765625,0.9517822265625,0.24908447265625,-0.01483154296875,-0.1783447265625,0.97882080078125,0.16302490234375,-0.08148193359375,0.0928955078125,0.9267578125,0.04791259765625,-0.16796875,0.33233642578125,0.7633056640625,-0.04803466796875,-0.3914794921875,0.51153564453125,0.92523193359375,-0.22111485714099083,-0.18104578739025917,0.24932861328125
292,0.98931884765625,-0.1456298828125,-0.00360107421875,-0.00244140625,0.95172119140625,0.24920654296875,-0.014892578125,-0.17840576171875,0.97882080078125,0.1629138551029473,-0.08159298083455267,0.09287346166910536,0.92681884765625,0.04791259765625,-0.16802978515625,0.33221435546875,0.76336669921875,-0.048095703125,-0.3914794921875,0.511474609375,0.92523193359375,-0.22119140625,-0.1810302734375,0.24920654296875
293,0.98931884765625,-0.1456298828125,-0.00360107421875,-0.00244140625,0.95172119140625,0.24920654296875,-0.014892578125,-0.17840576171875,0.97882080078125,0.16290283203125,-0.08160400390625,0.0928955078125,0.9267578125,0.04815673828125,-0.16815185546875,0.33233642578125,0.76336669921875,-0.04779052734375,-0.39166259765625,0.51141357421875,0.9252748010947952,-0.2209770687447742,-0.18120174344168063,0.24920654296875
294,0.98931884765625,-0.14544677734375,-0.00360107421875,-0.00238037109375,0.95172119140625,0.24920654296875,-0.0150146484375,-0.17840576171875,0.97882080078125,0.16302490234375,-0.0816650390625,0.0928955078125,0.9267578125,0.0479736328125,-0.1680908203125,0.332275390625,0.76336669921875,-0.04791259765625,-0.39154052734375,0.51141357421875,0.92529296875,-0.2210693359375,-0.18121337890625,0.2491455078125
295,0.98931884765625,-0.14544677734375,-0.00360107421875,-0.00238037109375,0.95172119140625,0.24920654296875,-0.0150146484375,-0.17840576171875,0.97882080078125,0.16302490234375,-0.0816650390625,0.0928955078125,0.9267578125,0.04815673828125,-0.1680908203125,0.33233642578125,0.7633056640625,-0.04766845703125,-0.3916015625,0.511474609375,0.92529296875,-0.2210693359375,-0.1811562222381898,0.2491740861465301
296,0.98931884765625,-0.1453857421875,-0.00372314453125,-0.00225830078125,0.9517822265625,0.2490234375,-0.01507568359375,-0.1783447265625,0.97882080078125,0.16278076171875,-0.08172607421875,0.09283447265625,0.92681884765625,0.048095703125,-0.16796875,0.332275390625,0.763427734375,-0.0477294921875,-0.3914794921875,0.511474609375,0.92529296875,-0.2210693359375,-0.18096923828125,0.2491455078125
297,0.98931884765625,-0.1453857421875,-0.00372314453125,-0.00225830078125,0.9517822265625,0.2490234375,-0.01507568359375,-0.1783447265625,0.97882080078125,0.16278076171875,-0.08172607421875,0.09283447265625,0.9267578125,0.0478515625,-0.16796875,0.3323974609375,0.76324462890625,-0.0479736328125,-0.39154052734375,0.5115966796875,0.9252786795829849,-0.22116936010660537,-0.18089779244617474,0.2491740861465301
298,0.98931884765625,-0.14556884765625,-0.0037841796875,-0.0020751953125,0.9517822265625,0.2490234375,-0.01507568359375,-0.17828369140625,0.97882080078125,0.1627197265625,-0.08172607421875,0.0928955078125,0.92681884765625,0.04803466796875,-0.16796875,0.33221435546875,0.76336669921875,-0.0478515625,-0.39154052734375,0.51141357421875,0.92535400390625,-0.22137451171875,-0.18060302734375,0.2491455078125
299,0.98931884765625,-0.14556884765625,-0.0037841796875,-0.0020751953125,0.9517822265625,0.2490234375,-0.01507568359375,-0.17828369140625,0.97882080078125,0.1627197265625,-0.08172607421875,0.0928955078125,0.92681884765625,0.0478515625,-0.16778564453125,0.33245849609375,0.76324462890625,-0.048095703125,-0.39141845703125,0.51171875,0.92529296875,-0.2215576171875,-0.18011474609375,0.24932861328125
