timestep,imu0_w,imu0_x,imu0_y,imu0_z,imu1_w,imu1_x,imu1_y,imu1_z,imu2_w,imu2_x,imu2_y,imu2_z,imu3_w,imu3_x,imu3_y,imu3_z,imu4_w,imu4_x,imu4_y,imu4_z,imu5_w,imu5_x,imu5_y,imu5_z
0,0.68408203125,-0.6717529296875,-0.25164794921875,-0.131591796875,0.6419677734375,0.66876220703125,0.37109375,0.05267333984375,0.66314697265625,-0.18115234375,0.7122802734375,0.14154052734375,0.98541259765625,0.03485107421875,-0.03155517578125,0.16326904296875,0.86468505859375,-0.0638427734375,-0.4951171875,0.05450439453125,0.91107177734375,-0.25982666015625,-0.17254638671875,0.26934814453125
1,0.68267822265625,-0.673583984375,-0.2508544921875,-0.13128662109375,0.64202880859375,0.6688232421875,0.37109375,0.05224609375,0.6634521484375,-0.17889404296875,0.71234130859375,0.1424560546875,0.98553466796875,0.03704833984375,-0.03167724609375,0.16217041015625,0.86505126953125,-0.06243896484375,-0.49493408203125,0.05255126953125,0.9111348538095736,-0.25989810599132523,-0.17218895341241638,0.2693528395432692
2,0.68267822265625,-0.673583984375,-0.2508544921875,-0.13128662109375,0.64202880859375,0.6688232421875,0.37109375,0.05224609375,0.6632700636235368,-0.18003207305602006,0.7124323510007317,0.14145458821070234,0.985595703125,0.0360107421875,-0.0316162109375,0.161865234375,0.86492919921875,-0.06549072265625,-0.49462890625,0.05322265625,0.9110107421875,-0.26019287109375,-0.172119140625,0.26953125
3,0.6815185546875,-0.675048828125,-0.25006103515625,-0.13116455078125,0.64208984375,0.66876220703125,0.37109375,0.0517578125,0.66363525390625,-0.1785888671875,0.71240234375,0.141845703125,0.98565673828125,0.03778076171875,-0.03192138671875,0.16094970703125,0.8651123046875,-0.0643310546875,-0.49462890625,0.05157470703125,0.9111156654995819,-0.25991321168216974,-0.17209893166022158,0.2693622295673077
4,0.6815185546875,-0.675048828125,-0.25006103515625,-0.13116455078125,0.64208984375,0.66876220703125,0.37109375,0.0517578125,0.6634852176525919,-0.17948908470944816,0.7124623582514632,0.14109552185670987,0.98577880859375,0.0362548828125,-0.031982421875,0.1607666015625,0.8648681640625,-0.06732177734375,-0.49456787109375,0.0523681640625,0.9107666015625,-0.26068115234375,-0.17193603515625,0.2698974609375
5,0.68023681640625,-0.67669677734375,-0.249267578125,-0.1309814453125,0.64227294921875,0.6685791015625,0.37115478515625,0.05145263671875,0.66375732421875,-0.17840576171875,0.71246337890625,0.14117431640625,0.98583984375,0.03826904296875,-0.0322265625,0.1597900390625,0.8650233035900919,-0.06702476680079432,-0.494529086211852,0.050798397000418063,0.9112040542041179,-0.25977317784542225,-0.17203013952759197,0.26924954927884615
6,0.68023681640625,-0.67669677734375,-0.249267578125,-0.1309814453125,0.64227294921875,0.6685791015625,0.37115478515625,0.05145263671875,0.663684857728888,-0.17869562767819816,0.7125068588001672,0.1408409705528846,0.98590087890625,0.03668212890625,-0.03240966796875,0.15972900390625,0.8648681640625,-0.06884765625,-0.49456787109375,0.0511474609375,0.91058349609375,-0.26116943359375,-0.171875,0.2701416015625
7,0.67913818359375,-0.67803955078125,-0.24859619140625,-0.130859375,0.6422119140625,0.66864013671875,0.37109375,0.0511474609375,0.663818359375,-0.177978515625,0.71258544921875,0.14056396484375,0.9859619140625,0.038330078125,-0.03265380859375,0.158935546875,0.8650243242448787,-0.06801173997961955,-0.4945068359375,0.04973650776024247,0.9111807832749791,-0.25988647052675584,-0.17199747857441472,0.26933385536423493
8,0.67913818359375,-0.67803955078125,-0.24859619140625,-0.130859375,0.6422119140625,0.66864013671875,0.37109375,0.0511474609375,0.6636983303720736,-0.17869868964255853,0.7127654927231396,0.139423689315949,0.98602294921875,0.03717041015625,-0.03265380859375,0.1588134765625,0.86480712890625,-0.07012939453125,-0.4945068359375,0.0501708984375,0.91058349609375,-0.2613525390625,-0.1715087890625,0.27020263671875
9,0.678466796875,-0.67889404296875,-0.24810791015625,-0.13079833984375,0.6419677734375,0.66900634765625,0.37103271484375,0.0506591796875,0.66400146484375,-0.1776123046875,0.71270751953125,0.13983154296875,0.986083984375,0.03826904296875,-0.0328369140625,0.15826416015625,0.86492919921875,-0.0694580078125,-0.4945068359375,0.0491943359375,0.9106971970369984,-0.2613864248014214,-0.17090803165499582,0.27016711793216974
10,0.678466796875,-0.67889404296875,-0.24810791015625,-0.13079833984375,0.6419677734375,0.66900634765625,0.37103271484375,0.0506591796875,0.663823462648934,-0.17783480743102006,0.712885521726066,0.13929753638430184,0.98614501953125,0.03753662109375,-0.0328369140625,0.15802001953125,0.864990234375,-0.07098388671875,-0.49420166015625,0.04949951171875,0.91064453125,-0.26153564453125,-0.1707763671875,0.270263671875
11,0.6781005859375,-0.6793212890625,-0.24774169921875,-0.13092041015625,0.641845703125,0.66912841796875,0.37103271484375,0.05023193359375,0.6640625,-0.1773681640625,0.7127685546875,0.13934326171875,0.98614501953125,0.0380859375,-0.03314208984375,0.15777587890625,0.86492919921875,-0.070556640625,-0.49432373046875,0.0489501953125,0.9107174060017768,-0.2613413118598453,-0.17078759439015467,0.2701546659437709
12,0.6781005859375,-0.6793212890625,-0.24774169921875,-0.13092041015625,0.641845703125,0.66912841796875,0.37103271484375,0.05023193359375,0.6638306072324415,-0.1775130970422241,0.7130004474550585,0.13908238235524664,0.98614501953125,0.037353515625,-0.03314208984375,0.1580810546875,0.8651123046875,-0.07135009765625,-0.49395751953125,0.04931640625,0.91064453125,-0.26153564453125,-0.17059326171875,0.27032470703125
13,0.6778564453125,-0.67974853515625,-0.247314453125,-0.13104248046875,0.6419677734375,0.6689453125,0.37109375,0.0501708984375,0.6639404296875,-0.1771240234375,0.7130126953125,0.13897705078125,0.98614501953125,0.037841796875,-0.03350830078125,0.15777587890625,0.86505126953125,-0.071044921875,-0.49420166015625,0.048828125,0.9107427182404891,-0.26131804093070654,-0.17087720788043478,0.27006729789402173
14,0.6778564453125,-0.67974853515625,-0.247314453125,-0.13104248046875,0.6419677734375,0.6689453125,0.37109375,0.0501708984375,0.6638595938283863,-0.17715096872387123,0.7131070038147993,0.13885579699257944,0.986083984375,0.0367431640625,-0.03363037109375,0.15826416015625,0.8651123046875,-0.07159423828125,-0.49395751953125,0.04931640625,0.91058349609375,-0.2615966796875,-0.17083740234375,0.2703857421875
15,0.6776123046875,-0.68011474609375,-0.2469482421875,-0.13104248046875,0.64202880859375,0.66900634765625,0.3709716796875,0.05029296875,0.66375732421875,-0.17669677734375,0.71337890625,0.1385498046875,0.98614501953125,0.03717041015625,-0.03387451171875,0.157958984375,0.865039838197638,-0.07141868565792224,-0.49409102117736203,0.048845272000418063,0.9107380232284699,-0.2613315135738921,-0.17102622347930602,0.2700652565844482
16,0.6776123046875,-0.68011474609375,-0.2469482421875,-0.13104248046875,0.64202880859375,0.66900634765625,0.3709716796875,0.05029296875,0.6635803426787207,-0.17669677734375,0.7136148816367057,0.1380188600674122,0.986083984375,0.0360107421875,-0.03436279296875,0.1583251953125,0.86492919921875,-0.07208251953125,-0.49420166015625,0.04901123046875,0.91046142578125,-0.26171875,-0.17108154296875,0.2705078125
17,0.67742919921875,-0.680419921875,-0.24676513671875,-0.13092041015625,0.641845703125,0.66912841796875,0.3709716796875,0.050537109375,0.66363525390625,-0.17626953125,0.71368408203125,0.1380615234375,0.98614501953125,0.036376953125,-0.034423828125,0.15802001953125,0.864990234375,-0.0718994140625,-0.494140625,0.04864501953125,0.91064453125,-0.261474609375,-0.17108154296875,0.27020263671875
18,0.67742919921875,-0.680419921875,-0.24676513671875,-0.13092041015625,0.641845703125,0.66912841796875,0.3709716796875,0.050537109375,0.6634613343305811,-0.17635649103783446,0.7138580016069189,0.1378876038618311,0.986083984375,0.0355224609375,-0.03466796875,0.158447265625,0.864990234375,-0.0723876953125,-0.4940185546875,0.048828125,0.910400390625,-0.261962890625,-0.17071533203125,0.27069091796875
19,0.6773681640625,-0.6805419921875,-0.24664306640625,-0.13079833984375,0.6417236328125,0.66925048828125,0.3709716796875,0.05047607421875,0.6634521484375,-0.1761474609375,0.71392822265625,0.1378173828125,0.986083984375,0.03564453125,-0.03466796875,0.158203125,0.86505126953125,-0.0723876953125,-0.4940185546875,0.048583984375,0.9104510151024248,-0.26205515781772576,-0.17047568228731189,0.27068642708768814
20,0.6773681640625,-0.6805419921875,-0.24664306640625,-0.13079833984375,0.6417236328125,0.66925048828125,0.3709716796875,0.05047607421875,0.6633402846728679,-0.1761474609375,0.7140680523620402,0.13767755310670987,0.986083984375,0.03521728515625,-0.0345458984375,0.1585693359375,0.8651123046875,-0.07281494140625,-0.49371337890625,0.04901123046875,0.910400390625,-0.26220703125,-0.17034912109375,0.27081298828125
21,0.67724609375,-0.68072509765625,-0.24652099609375,-0.1307373046875,0.6414794921875,0.66949462890625,0.37091064453125,0.050537109375,0.6632080078125,-0.1759033203125,0.7142333984375,0.1375732421875,0.986083984375,0.035400390625,-0.03460693359375,0.15838623046875,0.86517333984375,-0.07269287109375,-0.49371337890625,0.04876708984375,0.9104007988869147,-0.262165388534699,-0.17024807626985786,0.270771345565949
22,0.6772087377848035,-0.6807624536214465,-0.24649609211695234,-0.13072485269910117,0.6414670401991012,0.6695319848714465,0.37088574055445234,0.05054956136339883,0.6630373543321488,-0.17591454751515467,0.71453857421875,0.13710986491429766,0.986083984375,0.03435156576609532,-0.03472900390625,0.15872753742945234,0.8651247566758988,-0.07351000731605352,-0.49357885660535117,0.04902245767140468,0.9103032242892977,-0.2624138159098035,-0.1700439453125,0.27103222492945234
23,0.67706298828125,-0.680908203125,-0.24639892578125,-0.13067626953125,0.64141845703125,0.669677734375,0.37078857421875,0.05059814453125,0.6630859375,-0.17572021484375,0.71453857421875,0.13720703125,0.986083984375,0.0345458984375,-0.03472900390625,0.15863037109375,0.86517333984375,-0.0733642578125,-0.4935302734375,0.048828125,0.9103816105769231,-0.26230093149038464,-0.17003455528846154,0.27096792367788464
24,0.67706298828125,-0.680908203125,-0.24639892578125,-0.13067626953125,0.64141845703125,0.669677734375,0.37078857421875,0.05059814453125,0.6627960715405519,-0.17572021484375,0.7148284401781981,0.13680121890677258,0.98602294921875,0.03326416015625,-0.03485107421875,0.1591796875,0.8651123046875,-0.07403564453125,-0.49359130859375,0.04925537109375,0.91015625,-0.2626953125,-0.169921875,0.2713623046875
25,0.67694091796875,-0.68109130859375,-0.246337890625,-0.130615234375,0.641357421875,0.6697998046875,0.37060546875,0.05072021484375,0.66278076171875,-0.17547607421875,0.71484375,0.13690185546875,0.98602294921875,0.033447265625,-0.03485107421875,0.1590576171875,0.8651123046875,-0.07391357421875,-0.4935302734375,0.049072265625,0.9102783203125,-0.26251220703125,-0.169921875,0.271240234375
26,0.67694091796875,-0.68109130859375,-0.246337890625,-0.130615234375,0.641357421875,0.6697998046875,0.37060546875,0.05072021484375,0.6627383024796195,-0.17556099269701086,0.7149286684782609,0.13664710003396738,0.9859619140625,0.0318603515625,-0.03515625,0.15985107421875,0.86505126953125,-0.0743408203125,-0.49365234375,0.049072265625,0.91009521484375,-0.2628173828125,-0.169921875,0.2713623046875
27,0.67694091796875,-0.68109130859375,-0.24652099609375,-0.1304931640625,0.6416015625,0.6695556640625,0.37060546875,0.05084228515625,0.66259765625,-0.1756591796875,0.715087890625,0.1365966796875,0.9859619140625,0.0318603515625,-0.034912109375,0.15985107421875,0.8651123046875,-0.0743408203125,-0.49346923828125,0.04913330078125,0.91009521484375,-0.2628173828125,-0.16973876953125,0.271484375
28,0.67694091796875,-0.68109130859375,-0.24652099609375,-0.1304931640625,0.6416015625,0.6695556640625,0.37060546875,0.05084228515625,0.6625168203908863,-0.1757400155466137,0.7151687264841137,0.13648889854201504,0.98590087890625,0.0299072265625,-0.0350341796875,0.16070556640625,0.86505126953125,-0.07489013671875,-0.49346923828125,0.04931640625,0.9100341796875,-0.2630615234375,-0.1695556640625,0.27154541015625
29,0.6768798828125,-0.68109130859375,-0.24652099609375,-0.1304931640625,0.64178466796875,0.66943359375,0.37054443359375,0.05096435546875,0.66241455078125,-0.17584228515625,0.71527099609375,0.1363525390625,0.9858816905962584,0.029430989038984105,-0.03489986151755853,0.16097420274613294,0.8651123046875,-0.0748291015625,-0.49346923828125,0.04931640625,0.9100568382237667,-0.2631766532974498,-0.16942134589255853,0.27162216339621653
30,0.6768798828125,-0.68109130859375,-0.24652099609375,-0.1304931640625,0.64178466796875,0.66943359375,0.37054443359375,0.05096435546875,0.6623573941131898,-0.17593373582514632,0.7153167214281981,0.13628395106082775,0.98583984375,0.02825927734375,-0.03460693359375,0.16156005859375,0.865234375,-0.07550048828125,-0.49310302734375,0.04962158203125,0.90997314453125,-0.263427734375,-0.16912841796875,0.27178955078125
31,0.67669677734375,-0.68133544921875,-0.2464599609375,-0.1304931640625,0.641845703125,0.6693115234375,0.37054443359375,0.05096435546875,0.662109375,-0.17608642578125,0.71551513671875,0.13616943359375,0.98583984375,0.028546081338837792,-0.034570190021425584,0.16150269779473245,0.8653027588707148,-0.07533942895589466,-0.4930199460441054,0.04938846447794733,0.9100268309730352,-0.2631482790943771,-0.16916740698160534,0.2716821778976798
32,0.67669677734375,-0.68133544921875,-0.2464599609375,-0.1304931640625,0.641845703125,0.6693115234375,0.37054443359375,0.05096435546875,0.6617107072402801,-0.17631423592966136,0.7159138044784699,0.13565686075982442,0.98583984375,0.02825927734375,-0.03399658203125,0.16156005859375,0.86541748046875,-0.07568359375,-0.49267578125,0.049560546875,0.909912109375,-0.2635498046875,-0.1688232421875,0.27191162109375
33,0.67645263671875,-0.681640625,-0.24627685546875,-0.1304931640625,0.6419677734375,0.6693115234375,0.37042236328125,0.0509033203125,0.66180419921875,-0.17596435546875,0.71588134765625,0.13580322265625,0.98583984375,0.02862548828125,-0.03411865234375,0.161376953125,0.865478515625,-0.07537841796875,-0.49273681640625,0.0491943359375,0.91009521484375,-0.26324462890625,-0.16888427734375,0.271728515625
34,0.67645263671875,-0.681640625,-0.24627685546875,-0.1304931640625,0.6419677734375,0.6693115234375,0.37042236328125,0.0509033203125,0.6616384448813755,-0.17625442555915552,0.7160471019936245,0.13543027539715718,0.98583984375,0.02813720703125,-0.03399658203125,0.16143798828125,0.86553955078125,-0.07562255859375,-0.4925537109375,0.04901123046875,0.9100341796875,-0.26373291015625,-0.1685791015625,0.271728515625
35,0.67620849609375,-0.681884765625,-0.246337890625,-0.13031005859375,0.64215087890625,0.66912841796875,0.370361328125,0.0511474609375,0.66143798828125,-0.17608642578125,0.71630859375,0.13543701171875,0.985867197298286,0.02817292994878763,-0.03385348623014214,0.1613832811846781,0.86572265625,-0.07537841796875,-0.4923095703125,0.048828125,0.910088886784072,-0.2635961424148202,-0.16839599609375,0.271640126920464
36,0.67620849609375,-0.681884765625,-0.246337890625,-0.13031005859375,0.64215087890625,0.66912841796875,0.370361328125,0.0511474609375,0.66120466659699,-0.17626789820234115,0.7165159908026756,0.13515184077132106,0.98583984375,0.0279541015625,-0.033935546875,0.16143798828125,0.8656005859375,-0.0758056640625,-0.492431640625,0.048828125,0.9100341796875,-0.26373291015625,-0.16839599609375,0.27166748046875
37,0.6761474609375,-0.68194580078125,-0.2464599609375,-0.13006591796875,0.64239501953125,0.6689453125,0.3702392578125,0.0513916015625,0.66070556640625,-0.1763916015625,0.71697998046875,0.13470458984375,0.98590087890625,0.027778957201086953,-0.03361220343854515,0.1613885885895694,0.86572265625,-0.0758056640625,-0.4921875,0.04876708984375,0.9100588795333403,-0.2637808809312291,-0.1680908203125,0.27168564812395485
38,0.6761266395798495,-0.6819666221389005,-0.24647037161632526,-0.1300450966110995,0.6423741981735995,0.6689661338576505,0.37024966849132523,0.05138119088367475,0.6598912880173495,-0.1763707802048495,0.7179163291701505,0.1339319541701505,0.98590087890625,0.0272425010451505,-0.033548514579849496,0.16154964791492474,0.8656720317725752,-0.07628353463367475,-0.4922887489548495,0.048807303642349496,0.9099939658889005,-0.2640172645798495,-0.1680699989548495,0.27171810494617477
39,0.676025390625,-0.68206787109375,-0.24652099609375,-0.12994384765625,0.64251708984375,0.6689453125,0.37005615234375,0.05157470703125,0.6597900390625,-0.17626953125,0.718017578125,0.134033203125,0.98590087890625,0.0262451171875,-0.03302001953125,0.161865234375,0.86572265625,-0.07623291015625,-0.4921875,0.0487060546875,0.9100872537364131,-0.26393724524456524,-0.16795282778532608,0.271675441576087
40,0.676025390625,-0.68206787109375,-0.24652099609375,-0.12994384765625,0.64251708984375,0.6689453125,0.37005615234375,0.05157470703125,0.6592307202393395,-0.17649325877926422,0.7186328288304766,0.13325015677257526,0.98590087890625,0.0262451171875,-0.03302001953125,0.161865234375,0.86590576171875,-0.07672119140625,-0.4918212890625,0.048828125,0.909912109375,-0.264404296875,-0.1676025390625,0.2718505859375
41,0.67578125,-0.682373046875,-0.24639892578125,-0.12994384765625,0.64276123046875,0.6688232421875,0.369873046875,0.0516357421875,0.65924072265625,-0.1761474609375,0.7186279296875,0.13336181640625,0.98590087890625,0.025551480194397992,-0.03239374575407609,0.16206752815374165,0.86590576171875,-0.076416015625,-0.4918212890625,0.04852294921875,0.91009521484375,-0.2640380859375,-0.16766357421875,0.27166748046875
42,0.67578125,-0.682373046875,-0.24639892578125,-0.12994384765625,0.64276123046875,0.6688232421875,0.369873046875,0.0516357421875,0.6588769612902383,-0.1763495505852843,0.7190321089830686,0.13287680125156773,0.98590087890625,0.0252685546875,-0.0322265625,0.16217041015625,0.8662109375,-0.07696533203125,-0.49127197265625,0.048583984375,0.909912109375,-0.26458740234375,-0.16717529296875,0.27203369140625
43,0.6754150390625,-0.68280029296875,-0.24609375,-0.13006591796875,0.64300537109375,0.668701171875,0.36962890625,0.0518798828125,0.658935546875,-0.17596435546875,0.71905517578125,0.1329345703125,0.98583984375,0.02435302734375,-0.03173828125,0.16259765625,0.86614990234375,-0.0765380859375,-0.49139404296875,0.048095703125,0.91009521484375,-0.26409912109375,-0.16741943359375,0.271728515625
44,0.6752905191785117,-0.682949716829536,-0.24599413409280937,-0.13006591796875,0.6428808512097617,0.668850595735786,0.369554194319607,0.051904786789297656,0.6585581087348453,-0.17613133459186872,0.7194575178982023,0.13242383465719063,0.98583984375,0.02452735518133361,-0.03178808920359532,0.16249804034280937,0.86639404296875,-0.07702391761601171,-0.49093066569554766,0.04816551591241639,0.909925786149143,-0.2645351448186664,-0.16728613607859533,0.27193407549905935
45,0.67510986328125,-0.68316650390625,-0.245849609375,-0.13006591796875,0.64324951171875,0.66845703125,0.36956787109375,0.05224609375,0.65863037109375,-0.17584228515625,0.71942138671875,0.132568359375,0.98583984375,0.02337646484375,-0.03118896484375,0.1629638671875,0.86639404296875,-0.07684326171875,-0.490966796875,0.04791259765625,0.9099827386862458,-0.2644194025658445,-0.16734125143708195,0.27185813878292225
46,0.6750723031850961,-0.6832228440504807,-0.2458214393028846,-0.13005652794471154,0.6432025615985577,0.6685133713942307,0.3695490910456731,0.05224609375,0.6582829402043269,-0.17644794170673075,0.71966552734375,0.13209885817307693,0.98583984375,0.02344219501201924,-0.031198354867788464,0.16292630709134615,0.8665771484375,-0.07728459284855768,-0.4906005859375,0.04815204326923076,0.9098792442908654,-0.2647141676682692,-0.16730675330528846,0.27199613131009615
47,0.67486572265625,-0.68353271484375,-0.24566650390625,-0.1300048828125,0.64373779296875,0.6678466796875,0.36968994140625,0.05291748046875,0.65838623046875,-0.17608642578125,0.71966552734375,0.1322021484375,0.98577880859375,0.0224609375,-0.03057861328125,0.1634521484375,0.8665771484375,-0.0770263671875,-0.4906005859375,0.04779052734375,0.9100260144492057,-0.2644173612562709,-0.16736493062813546,0.27179608297188546
48,0.67486572265625,-0.68353271484375,-0.24566650390625,-0.1300048828125,0.64373779296875,0.6678466796875,0.36968994140625,0.05291748046875,0.6581665855586329,-0.17674536051160117,0.7198302610263378,0.13170794738973662,0.98577880859375,0.0224609375,-0.03057861328125,0.1634521484375,0.86676025390625,-0.07763671875,-0.490234375,0.04791259765625,0.90972900390625,-0.264892578125,-0.1676025390625,0.27203369140625
49,0.67462158203125,-0.683837890625,-0.24560546875,-0.1298828125,0.64404296875,0.66754150390625,0.36968994140625,0.05340576171875,0.65814208984375,-0.17645263671875,0.71990966796875,0.1318359375,0.98577880859375,0.0216064453125,-0.029541015625,0.163818359375,0.86688232421875,-0.077392578125,-0.4901123046875,0.047607421875,0.909912109375,-0.26458740234375,-0.16748046875,0.2718505859375
50,0.67462158203125,-0.683837890625,-0.24560546875,-0.1298828125,0.64404296875,0.66754150390625,0.36968994140625,0.05340576171875,0.6579845007446697,-0.17676781491691054,0.7199884625182902,0.13159955385137959,0.98577880859375,0.0216064453125,-0.029541015625,0.163818359375,0.8670654296875,-0.078125,-0.48956298828125,0.04779052734375,0.90972900390625,-0.26507568359375,-0.16741943359375,0.27191162109375
51,0.6744384765625,-0.68402099609375,-0.24566650390625,-0.1297607421875,0.644287109375,0.667236328125,0.36968994140625,0.05364990234375,0.6578369140625,-0.17669677734375,0.72015380859375,0.131591796875,0.98577880859375,0.0206298828125,-0.028564453125,0.16412353515625,0.8671875,-0.07794189453125,-0.48944091796875,0.047607421875,0.90985107421875,-0.264892578125,-0.16729736328125,0.2718505859375
52,0.6743190599524457,-0.6841404127038043,-0.24561873726222827,-0.1297607421875,0.6441915760869565,0.6673557447350543,0.36966605808423914,0.05367378566576087,0.6576776919157609,-0.17704175866168478,0.72027587890625,0.1311990489130435,0.98577880859375,0.020797066066576088,-0.028588336447010868,0.16407576851222827,0.8675775942595109,-0.07895826256793478,-0.488525390625,0.047854216202445655,0.9097767705502717,-0.2653357464334239,-0.16701607082201086,0.2718399711277174
53,0.67413330078125,-0.684326171875,-0.24554443359375,-0.1297607421875,0.64447021484375,0.6671142578125,0.36962890625,0.05389404296875,0.65771484375,-0.17681884765625,0.72027587890625,0.13134765625,0.98577880859375,0.02020263671875,-0.0277099609375,0.16436767578125,0.86761474609375,-0.0787353515625,-0.488525390625,0.04766845703125,0.9098026951818562,-0.265253073395694,-0.1670048436193562,0.27179302100752506
54,0.6740914539349916,-0.68437638809051,-0.24552769485524664,-0.12975237281824833,0.6444283679974916,0.66716447402801,0.36961216751149667,0.05389404296875,0.6575401076505016,-0.17736224426473662,0.7203369140625,0.1310149227895067,0.98577880859375,0.020261222303511704,-0.0277099609375,0.16434256767349498,0.8678672560880016,-0.08009731330999163,-0.4877845993807483,0.04835066269073997,0.909693076857755,-0.26569685409698995,-0.1668701171875,0.2719391787729933
55,0.673828125,-0.6846923828125,-0.24542236328125,-0.12969970703125,0.64459228515625,0.66693115234375,0.36968994140625,0.05413818359375,0.6575927734375,-0.17694091796875,0.7203369140625,0.1312255859375,0.98577880859375,0.01983642578125,-0.0272216796875,0.1644287109375,0.867919921875,-0.079833984375,-0.48773193359375,0.04803466796875,0.9098492370401338,-0.26538392133936034,-0.1668676676160117,0.27173157758936034
56,0.673828125,-0.6846923828125,-0.24542236328125,-0.12969970703125,0.64459228515625,0.66693115234375,0.36968994140625,0.05413818359375,0.6575388828647575,-0.17753371426891723,0.7202830234897575,0.13111780479201504,0.98577880859375,0.01983642578125,-0.0272216796875,0.1644287109375,0.867919921875,-0.08087158203125,-0.487548828125,0.04852294921875,0.90966796875,-0.26568603515625,-0.1666259765625,0.27203369140625
57,0.6737060546875,-0.684814453125,-0.245361328125,-0.129638671875,0.64471435546875,0.6666259765625,0.369873046875,0.05450439453125,0.65753173828125,-0.17742919921875,0.7203369140625,0.13116455078125,0.9857177734375,0.0194091796875,-0.02685546875,0.16473388671875,0.86798095703125,-0.080810546875,-0.48748779296875,0.04840087890625,0.90972900390625,-0.26556396484375,-0.1666259765625,0.27197265625
58,0.6736676780675167,-0.6849295829849499,-0.24528457488503344,-0.12960029525501673,0.6446759788487667,0.6667411064224499,0.36979629363503347,0.05446601791126672,0.6574549850412834,-0.17765945893864968,0.7203369140625,0.13116455078125,0.9857561500574833,0.019485932927466556,-0.026893845369983276,0.16465713347878344,0.8679582984949833,-0.08156562728626672,-0.48736572265625,0.04873565367631689,0.9096836868337166,-0.26579238738503347,-0.16650390625,0.2720406318588002
59,0.67364501953125,-0.68499755859375,-0.2452392578125,-0.12957763671875,0.64495849609375,0.666259765625,0.37005615234375,0.054931640625,0.65740966796875,-0.17779541015625,0.7203369140625,0.13116455078125,0.9857177734375,0.0189208984375,-0.0267333984375,0.1649169921875,0.86798095703125,-0.08154296875,-0.48736572265625,0.04864501953125,0.90972900390625,-0.2657470703125,-0.16650390625,0.27197265625
60,0.6735992941968019,-0.6850432839281981,-0.24519353247805184,-0.12957763671875,0.6449356334265259,0.6663283536266722,0.3700104270093018,0.054931640625,0.6573639426343019,-0.17786399815792225,0.7203826393969481,0.13111882544680184,0.9857177734375,0.01898948643917224,-0.02675626110472408,0.16487126685305184,0.86798095703125,-0.08222966529055184,-0.4871826171875,0.04900367762332776,0.9096526589281981,-0.2660065207593018,-0.1661605579797241,0.27214820887332775
61,0.67352294921875,-0.68511962890625,-0.2451171875,-0.12957763671875,0.645263671875,0.666015625,0.37005615234375,0.0552978515625,0.65728759765625,-0.177978515625,0.720458984375,0.13104248046875,0.9857177734375,0.01885986328125,-0.026611328125,0.1649169921875,0.86798095703125,-0.0821533203125,-0.4871826171875,0.04888916015625,0.90972900390625,-0.26593017578125,-0.16619873046875,0.27203369140625
62,0.6735082517898202,-0.6851269776207148,-0.2451171875,-0.1295849854332149,0.6452489744460702,0.6660229737144648,0.37005615234375,0.05530520027696488,0.65704345703125,-0.1782763426917851,0.72064208984375,0.13069831567464466,0.9857177734375,0.018874560710179768,-0.026611328125,0.1649243409019649,0.8680419921875,-0.08268059057535534,-0.48699951171875,0.04912595206678512,0.90966796875,-0.2661596189773202,-0.1658935546875,0.2721020752769649
63,0.67340087890625,-0.6851806640625,-0.2451171875,-0.129638671875,0.6456872436115175,0.6655310181072325,0.37005615234375,0.055722648084761704,0.65704345703125,-0.17822265625,0.72064208984375,0.130859375,0.9857177734375,0.01849365234375,-0.0263671875,0.1649169921875,0.8680419921875,-0.08251953125,-0.48699951171875,0.049072265625,0.90966796875,-0.26605224609375,-0.1658935546875,0.27215576171875
64,0.6732951390703387,-0.6852864038984113,-0.2451171875,-0.12979728162886706,0.6455851781328387,0.6656330835859113,0.37005615234375,0.055883707410117056,0.6568319773594272,-0.17832839608591136,0.7208006995976171,0.13070076524613294,0.9857177734375,0.018652262097617056,-0.026472927335911372,0.16502273202341136,0.86822509765625,-0.08273529767192726,-0.4867390406171614,0.04895836055079431,0.90966796875,-0.26625984727738294,-0.16562491834761706,0.2720947265625
65,0.67327880859375,-0.685302734375,-0.2451171875,-0.12982177734375,0.6458740234375,0.66534423828125,0.37005615234375,0.05596923828125,0.65679931640625,-0.1783447265625,0.7208251953125,0.13067626953125,0.98577880859375,0.0186767578125,-0.02587890625,0.16497802734375,0.86822509765625,-0.08270263671875,-0.48675537109375,0.0489501953125,0.90966796875,-0.2662353515625,-0.1656494140625,0.2720947265625
66,0.673204096663357,-0.685377446305393,-0.2450798315348035,-0.12993384523933946,0.645799311507107,0.665418950211643,0.3700187963785535,0.056081306176839464,0.6566872485106605,-0.178419438492893,0.7209372632080895,0.1306389135660535,0.9857414526285535,0.018788825708089464,-0.025953618180392976,0.1650153833089465,0.8684929174723035,-0.08291942379546405,-0.486219731461643,0.04903490965980351,0.9097900390625,-0.2664284594481605,-0.16490698977058946,0.27203369140625
67,0.67315673828125,-0.6854248046875,-0.24505615234375,-0.1300048828125,0.64605712890625,0.66510009765625,0.3701171875,0.0562744140625,0.6566162109375,-0.178466796875,0.72100830078125,0.130615234375,0.98577880859375,0.01861572265625,-0.025390625,0.16497802734375,0.86846923828125,-0.08282470703125,-0.48626708984375,0.04901123046875,0.9097900390625,-0.266357421875,-0.16497802734375,0.27203369140625
68,0.67315673828125,-0.6854248046875,-0.24499062630643814,-0.13007040884981186,0.6460789709186873,0.66510009765625,0.37005166146268814,0.05636178211224916,0.6565943689250627,-0.17859784894962374,0.72100830078125,0.1305933923625627,0.9857569665813127,0.01861572265625,-0.025499835062186452,0.16497802734375,0.8686696948813755,-0.0832911462688127,-0.4857441063309992,0.04941663455006271,0.9097900390625,-0.2666015625,-0.16421090320599915,0.27225599001881273
69,0.67315673828125,-0.6854248046875,-0.244873046875,-0.13018798828125,0.64630126953125,0.66485595703125,0.3701171875,0.05657958984375,0.65655517578125,-0.1788330078125,0.72100830078125,0.13055419921875,0.9857177734375,0.01849365234375,-0.02520751953125,0.16534423828125,0.86859130859375,-0.083251953125,-0.48590087890625,0.04937744140625,0.9097900390625,-0.2666015625,-0.16436767578125,0.272216796875
70,0.67327880859375,-0.6854248046875,-0.24468994140625,-0.130126953125,0.64642333984375,0.66485595703125,0.36993408203125,0.0565185546875,0.65643310546875,-0.17889404296875,0.7210693359375,0.13055419921875,0.985711445377822,0.018358925911893816,-0.0252685546875,0.16519910117056855,0.86865234375,-0.08367919921875,-0.4857177734375,0.0498046875,0.90972900390625,-0.2667236328125,-0.164306640625,0.272216796875
71,0.67327880859375,-0.6854248046875,-0.24468994140625,-0.130126953125,0.646484375,0.66461181640625,0.37017822265625,0.05682373046875,0.65643310546875,-0.17889404296875,0.7210693359375,0.13055419921875,0.98565673828125,0.01824951171875,-0.0252685546875,0.16552734375,0.86865234375,-0.08367919921875,-0.4857177734375,0.0498046875,0.90972900390625,-0.2667236328125,-0.164306640625,0.272216796875
72,0.6733306578569189,-0.6854248046875,-0.2445343936167433,-0.1300232545986622,0.6465880735263378,0.66461181640625,0.3700226748667433,0.05672003194241221,0.6563812562055811,-0.1789458922319189,0.7211211852006689,0.1305023499555811,0.9857085875444189,0.018197662455581104,-0.0252685546875,0.1653717959604933,0.8685394593305811,-0.08475027435200669,-0.485595703125,0.05038156158549331,0.9097198180131689,-0.2667662961825878,-0.164306640625,0.2723756107598244
73,0.67333984375,-0.6854248046875,-0.2445068359375,-0.1300048828125,0.64666748046875,0.6644287109375,0.3701171875,0.05712890625,0.6563720703125,-0.178955078125,0.72113037109375,0.1304931640625,0.98565673828125,0.0179443359375,-0.02545166015625,0.16571044921875,0.8685302734375,-0.08477783203125,-0.485595703125,0.05035400390625,0.90972900390625,-0.26678466796875,-0.164306640625,0.2723388671875
74,0.6733761790604097,-0.6854611399979097,-0.2443978300062709,-0.1299322121916806,0.6467038157791597,0.6644650462479097,0.3700081815687709,0.0570562356291806,0.6562267290708612,-0.1789187428145903,0.7213120476457985,0.1302751522000418,0.98565673828125,0.017689988764632104,-0.0255970013978888,0.16571044921875,0.86846923828125,-0.08576602999581939,-0.48553466796875,0.0508190142271112,0.9095822337479097,-0.2670041087479097,-0.16412353515625,0.2726207720396112
75,0.67340087890625,-0.68548583984375,-0.24432373046875,-0.1298828125,0.64691162109375,0.66424560546875,0.37005615234375,0.057373046875,0.6561279296875,-0.17889404296875,0.721435546875,0.130126953125,0.98565673828125,0.01751708984375,-0.02569580078125,0.16571044921875,0.86846923828125,-0.0858154296875,-0.48553466796875,0.05072021484375,0.90960693359375,-0.26702880859375,-0.16412353515625,0.27252197265625
76,0.6733800575485995,-0.685527482559051,-0.24424044503814799,-0.1299036338576505,0.6468907997360995,0.664287248184051,0.3699936882707985,0.057393868232650504,0.6560654656145485,-0.17889404296875,0.7214980109479515,0.1300644890520485,0.98565673828125,0.0174962684860995,-0.0256333367082985,0.165752091934051,0.868549665878449,-0.08662827915969899,-0.485210099746551,0.051023961708298496,0.9095056846389005,-0.2672521278610995,-0.1637587531354515,0.272865933319398
77,0.67333984375,-0.68560791015625,-0.24407958984375,-0.12994384765625,0.64703369140625,0.66412353515625,0.3699951171875,0.0574951171875,0.65594482421875,-0.17889404296875,0.72161865234375,0.12994384765625,0.98565673828125,0.0174560546875,-0.0255126953125,0.16583251953125,0.86846923828125,-0.0865478515625,-0.48529052734375,0.0509033203125,0.9095458984375,-0.2672119140625,-0.16387939453125,0.272705078125
78,0.6733345363451086,-0.6856185249660326,-0.24405836022418478,-0.12995446246603262,0.6470283840013586,0.6641341499660326,0.3699791949728261,0.05750573199728261,0.655777640964674,-0.17918329653532608,0.7216690726902174,0.1300101902173913,0.9856514308763586,0.01744543987771739,-0.02550208050271739,0.16584844174592392,0.8688248344089674,-0.08708655315896739,-0.4846350628396739,0.05137567934782609,0.9094901706861414,-0.2673286769701087,-0.16359544836956522,0.2728722613790761
79,0.67327880859375,-0.68572998046875,-0.24383544921875,-0.13006591796875,0.64697265625,0.66412353515625,0.37005615234375,0.05755615234375,0.65594482421875,-0.17901611328125,0.7215576171875,0.13006591796875,0.985595703125,0.017333984375,-0.025390625,0.166015625,0.86871337890625,-0.08697509765625,-0.48480224609375,0.05120849609375,0.9095458984375,-0.26727294921875,-0.163818359375,0.272705078125
80,0.6733804658105143,-0.6856791518603679,-0.24368296339360368,-0.1301167465771321,0.6470743134667643,0.66412353515625,0.3699036665186037,0.057606980952132104,0.6559956528271321,-0.17932108493154264,0.7214559599707357,0.13016757518551422,0.9855448745166179,0.017130669941471575,-0.025441453608382108,0.16626976804191054,0.8687948271582357,-0.08756503612301421,-0.4844664506688963,0.051829054204117896,0.90948486328125,-0.2674254350438963,-0.16366566941889632,0.2728475615332358
81,0.67340087890625,-0.6856689453125,-0.24365234375,-0.130126953125,0.64697265625,0.6640625,0.3702392578125,0.05780029296875,0.656005859375,-0.17938232421875,0.721435546875,0.13018798828125,0.98553466796875,0.01708984375,-0.02545166015625,0.16632080078125,0.8687744140625,-0.08758544921875,-0.4844970703125,0.05181884765625,0.90948486328125,-0.2674560546875,-0.1636962890625,0.2728271484375
82,0.6734715082174958,-0.6856336306568771,-0.24358171443875418,-0.130126953125,0.6470432855612458,0.6640271853443771,0.3701686285012542,0.05780029296875,0.6559705447193771,-0.1796648414637333,0.7213649175637542,0.13025861759249582,0.98553466796875,0.016877955816262537,-0.02541634550062709,0.16646205940374165,0.8687390994068771,-0.08820539493624582,-0.4844456293112458,0.05227181425062709,0.909423828125,-0.26750096349811875,-0.1636705685618729,0.2729396245950042
83,0.67352294921875,-0.68560791015625,-0.2435302734375,-0.130126953125,0.6470947265625,0.66387939453125,0.37030029296875,0.05792236328125,0.65594482421875,-0.17987060546875,0.7213134765625,0.13031005859375,0.98553466796875,0.0167236328125,-0.025390625,0.16656494140625,0.86871337890625,-0.0882568359375,-0.4844970703125,0.05224609375,0.909423828125,-0.267578125,-0.1636962890625,0.27288818359375
84,0.6735427499216137,-0.6855881094533863,-0.24349067203177258,-0.130126953125,0.6471145272653637,0.6638595938283863,0.3702606915630226,0.05792236328125,0.65594482421875,-0.17993000757734112,0.7212936758596363,0.13027045718802258,0.98553466796875,0.01662462929818144,-0.025331222891408864,0.16660454281197742,0.8688156485158863,-0.08888698820286371,-0.4841506600778637,0.05271457429713629,0.909423828125,-0.2676589608591137,-0.1634719491403637,0.2729294180471363
85,0.673583984375,-0.685546875,-0.243408203125,-0.130126953125,0.64715576171875,0.66375732421875,0.37030029296875,0.057861328125,0.65594482421875,-0.1800537109375,0.72125244140625,0.13018798828125,0.98553466796875,0.01641845703125,-0.02520751953125,0.16668701171875,0.8687744140625,-0.08892822265625,-0.48419189453125,0.05267333984375,0.909423828125,-0.2677001953125,-0.16351318359375,0.27288818359375
86,0.673583984375,-0.685546875,-0.24340391637489547,-0.13013981337531355,0.6471600484688546,0.66375732421875,0.3702960062186455,0.05787418837531354,0.655831327406459,-0.18005799768760453,0.721365938218541,0.13031434534385453,0.9855303812186454,0.016397023280727435,-0.025198946031040975,0.16670415871916805,0.869009981187291,-0.08953000071854098,-0.48365543837531355,0.05298280237510451,0.9094805765311454,-0.2677001953125,-0.16322086806281355,0.2728924703438545
87,0.673583984375,-0.685546875,-0.24334716796875,-0.13031005859375,0.6471016670150501,0.6638724540786999,0.3702392578125,0.05787173880382525,0.65594482421875,-0.18011474609375,0.72125244140625,0.13037109375,0.9854736328125,0.01611328125,-0.02508544921875,0.16693115234375,0.868896484375,-0.08941650390625,-0.48382568359375,0.05303955078125,0.909423828125,-0.2677001953125,-0.16339111328125,0.27294921875
88,0.6736337923285953,-0.6854970670464047,-0.24329736001515467,-0.13045948245453595,0.6471943424696907,0.6638295865776547,0.3701894498589047,0.05801075198578595,0.6558950162651547,-0.18011474609375,0.7213022493598453,0.13042090170359533,0.9854736328125,0.016013665342809364,-0.024936025357964048,0.16713038415813128,0.869045908235786,-0.08966554367422659,-0.48347702791858277,0.05338820645641722,0.9094350553276547,-0.2677500032660953,-0.16317432620453595,0.2729990267035953
89,0.67364501953125,-0.68548583984375,-0.2432861328125,-0.1304931640625,0.647216796875,0.663818359375,0.37017822265625,0.05804443359375,0.6558837890625,-0.18011474609375,0.7213134765625,0.13043212890625,0.9854736328125,0.0159912109375,-0.02490234375,0.16717529296875,0.86907958984375,-0.0897216796875,-0.4833984375,0.053466796875,0.909423828125,-0.26776123046875,-0.1632080078125,0.27301025390625
90,0.6737136075329222,-0.6854172518420778,-0.2432861328125,-0.1304931640625,0.6472853848766722,0.6637497713733278,0.37017822265625,0.05801013959291388,0.6558837890625,-0.18021762809625835,0.7212448885608278,0.13050071690792225,0.9854736328125,0.0159912109375,-0.02490234375,0.16717529296875,0.8691138838445861,-0.08975597368833613,-0.48329555549749165,0.05360397287834449,0.9094505692804139,-0.26768100700250835,-0.16314697265625,0.27301025390625
91,0.67376708984375,-0.68536376953125,-0.2432861328125,-0.1304931640625,0.6472592561141305,0.6636962890625,0.37025783372961957,0.05808954653532609,0.6558837890625,-0.1802978515625,0.72119140625,0.13055419921875,0.9854736328125,0.0159912109375,-0.02490234375,0.16717529296875,0.869140625,-0.08978271484375,-0.48321533203125,0.0537109375,0.909423828125,-0.26776123046875,-0.16314697265625,0.27301025390625
92,0.6738422100360577,-0.6852698692908654,-0.24330491286057693,-0.1304931640625,0.6472496619591346,0.6636023888221154,0.370361328125,0.05820875901442307,0.6558650090144231,-0.1804293118990385,0.7211726262019231,0.13061053936298078,0.9854360727163461,0.015897310697115374,-0.024921123798076924,0.1673067533052885,0.869140625,-0.08976393479567307,-0.4832341120793269,0.053861177884615405,0.9095083383413461,-0.26744666466346156,-0.16326904296875,0.27298677884615385
93,0.67401123046875,-0.68505859375,-0.24334716796875,-0.1304931640625,0.6474940067150919,0.6633470209944607,0.3703833742683946,0.058243665408131286,0.65582275390625,-0.18072509765625,0.72113037109375,0.1307373046875,0.9853515625,0.01568603515625,-0.02496337890625,0.1676025390625,0.869140625,-0.0897216796875,-0.4832763671875,0.05419921875,0.909423828125,-0.2677001953125,-0.16326904296875,0.2730712890625
94,0.6740144965640678,-0.68505859375,-0.24334716796875,-0.13048336577654682,0.64764404296875,0.66314697265625,0.3704833984375,0.058580685618729096,0.6558260200015678,-0.1807381620375209,0.7211238389031146,0.13074057078281773,0.9853515625,0.015663172489025913,-0.024976443287520907,0.16760907125313546,0.8690828559390678,-0.08972821187813546,-0.48333087015311454,0.05425698781093227,0.9093660590640678,-0.2676424262515677,-0.16338131499529682,0.2731290581234323
95,0.674072265625,-0.68505859375,-0.24334716796875,-0.13031005859375,0.6475874986935619,0.6632035169314381,0.37053994271268814,0.05868887502612877,0.6558837890625,-0.18096923828125,0.72100830078125,0.13079833984375,0.9853515625,0.0152587890625,-0.02520751953125,0.167724609375,0.869140625,-0.08984375,-0.48321533203125,0.05419921875,0.909423828125,-0.2677001953125,-0.1632080078125,0.2730712890625
96,0.674072265625,-0.68505859375,-0.24334716796875,-0.13031005859375,0.6475830078125,0.6632080078125,0.37054443359375,0.0587158203125,0.6558837890625,-0.18096923828125,0.72100830078125,0.13079833984375,0.9853515625,0.0152587890625,-0.02520751953125,0.167724609375,0.8690918377011915,-0.08974617540238294,-0.48326411933005853,0.054296793347617056,0.909423828125,-0.2677001953125,-0.16315922051369147,0.2730712890625
97,0.6741943359375,-0.6849365234375,-0.243408203125,-0.130126953125,0.6475209520014632,0.6631679981448578,0.3706464990724289,0.05861477548860786,0.6558837890625,-0.18109130859375,0.720947265625,0.13104248046875,0.98529052734375,0.01483154296875,-0.0250244140625,0.16802978515625,0.869140625,-0.0899658203125,-0.483154296875,0.05438232421875,0.909423828125,-0.267822265625,-0.1629638671875,0.27313232421875
98,0.6742608826295987,-0.6849032500914507,-0.24337492977895067,-0.13009367977895067,0.6475274841920987,0.6631747344664507,0.37063323056020064,0.058588238464151336,0.6558837890625,-0.18109130859375,0.720947265625,0.13104248046875,0.98529052734375,0.014665176238503339,-0.024891320678302672,0.16806305850229933,0.8692071716920987,-0.0899658203125,-0.4830212034908027,0.054482144256898,0.9094515899352007,-0.26770570684834866,-0.16278076171875,0.27316008602895064
99,0.67431640625,-0.68487548828125,-0.24334716796875,-0.13006591796875,0.6476085241821697,0.6631214562865803,0.37057995238033026,0.058558231213419736,0.6558837890625,-0.18109130859375,0.720947265625,0.13104248046875,0.98529052734375,0.0145263671875,-0.0247802734375,0.1680908203125,0.8692626953125,-0.0899658203125,-0.48291015625,0.0545654296875,0.909423828125,-0.26776123046875,-0.16278076171875,0.27313232421875
100,0.67431640625,-0.68487548828125,-0.24332940857545987,-0.13008367736204013,0.64764404296875,0.6631036968932902,0.37054443359375,0.058611509393290136,0.6558482702759197,-0.18100251162729933,0.7210005438048704,0.1309359241090092,0.9853082867370402,0.014402051434469066,-0.024602679504598664,0.16810857970579013,0.8693514922789507,-0.09005461727895067,-0.4827503217103888,0.0546187078673704,0.909423828125,-0.2679443359375,-0.16249334533079013,0.27323663513795987
101,0.67431640625,-0.68487548828125,-0.2432861328125,-0.130126953125,0.6476740502194817,0.663126967822429,0.3705244287599289,0.0586247779055184,0.65576171875,-0.1807861328125,0.72113037109375,0.13067626953125,0.9853515625,0.01409912109375,-0.024169921875,0.16815185546875,0.86956787109375,-0.09027099609375,-0.48236083984375,0.05474853515625,0.909423828125,-0.2679443359375,-0.16253662109375,0.273193359375
102,0.67431640625,-0.684877733721781,-0.24327715105037626,-0.13013368944659282,0.647829393878031,0.663027147784281,0.37041338151912623,0.058478416009092815,0.6557527369878763,-0.18076592384772155,0.7211483346179975,0.1306583060070025,0.9853515625,0.014083403010033435,-0.024133994826504995,0.16815410090928093,0.8695858346179975,-0.09028446873693563,-0.4823204219141931,0.05476200779943562,0.909423828125,-0.26800537109375,-0.1618764615776547,0.27343300911893814
103,0.67431640625,-0.6849365234375,-0.2430419921875,-0.13031005859375,0.64788818359375,0.6630859375,0.37017822265625,0.05865478515625,0.655517578125,-0.18023681640625,0.72161865234375,0.13018798828125,0.9853515625,0.013671875,-0.023193359375,0.168212890625,0.87005615234375,-0.09063720703125,-0.48126220703125,0.05511474609375,0.909423828125,-0.26800537109375,-0.16217041015625,0.2733154296875
104,0.67431640625,-0.6849365234375,-0.2430419921875,-0.13031005859375,0.6480712890625,0.66290283203125,0.3701171875,0.05859375,0.655517578125,-0.18023681640625,0.72161865234375,0.13018798828125,0.9853515625,0.013671875,-0.023193359375,0.168212890625,0.87005615234375,-0.09063720703125,-0.48126220703125,0.05511474609375,0.9093760614809783,-0.26795760444972827,-0.16188381029211957,0.27364979619565216
105,0.67431640625,-0.68505859375,-0.24273681640625,-0.1304931640625,0.6480712890625,0.66302490234375,0.36981201171875,0.05877685546875,0.65478515625,-0.17999267578125,0.72247314453125,0.1297607421875,0.9853515625,0.01336669921875,-0.02197265625,0.16845703125,0.8707275390625,-0.0908203125,-0.47991943359375,0.05584716796875,0.909423828125,-0.26788330078125,-0.162109375,0.27349853515625
106,0.67431640625,-0.68505859375,-0.24273681640625,-0.1304931640625,0.64837646484375,0.66278076171875,0.3697509765625,0.0589599609375,0.65478515625,-0.17999267578125,0.72247314453125,0.1297607421875,0.9853515625,0.01336669921875,-0.02197265625,0.16845703125,0.8707275390625,-0.0908203125,-0.47991943359375,0.05584716796875,0.9093915754337375,-0.26791555347251256,-0.1619481115436873,0.2737243039950878
107,0.67431640625,-0.68505859375,-0.242431640625,-0.13055419921875,0.6484375,0.66290283203125,0.36944580078125,0.05902099609375,0.65399169921875,-0.17962646484375,0.72332763671875,0.1292724609375,0.98529052734375,0.01263427734375,-0.02093505859375,0.16876220703125,0.87139892578125,-0.09136962890625,-0.47857666015625,0.05645751953125,0.90936279296875,-0.2679443359375,-0.1619873046875,0.273681640625
108,0.6743498837270067,-0.68505859375,-0.24236468567098662,-0.13057093795725336,0.6486540829457567,0.66265869140625,0.3694398809834866,0.059281875457253344,0.6539080055262333,-0.17950929367422658,0.7234280691497701,0.1292724609375,0.98529052734375,0.012316241312186456,-0.020767671208716556,0.16884590072376673,0.8714658807352634,-0.09158723250679347,-0.47837579529420987,0.05664164565478679,0.9093460542302466,-0.2680112908915134,-0.1619538272104933,0.27373185684051005
109,0.6744384765625,-0.68505859375,-0.2421875,-0.130615234375,0.64874267578125,0.66265869140625,0.3692626953125,0.059326171875,0.6536865234375,-0.17919921875,0.72369384765625,0.1292724609375,0.98529052734375,0.011474609375,-0.02032470703125,0.1690673828125,0.87164306640625,-0.0921630859375,-0.47784423828125,0.05712890625,0.9093017578125,-0.2681884765625,-0.161865234375,0.27386474609375
110,0.6744397013482442,-0.68505859375,-0.24218260085702342,-0.1306176839464883,0.6487439005669942,0.66259765625,0.3694409016382734,0.05945069175898829,0.6536840738660117,-0.17920044353574416,0.7236950724419942,0.12927368572324416,0.9852893025580058,0.011451338445861232,-0.020301436102111232,0.16907963066994144,0.8716418416205058,-0.09218390729515048,-0.4778405639240176,0.05714115410744146,0.9092993082410117,-0.2681958252769649,-0.16185788566053513,0.27386597087949416
111,0.67449951171875,-0.68505859375,-0.241943359375,-0.1307373046875,0.6488037109375,0.66259765625,0.36920166015625,0.0595703125,0.653564453125,-0.17926025390625,0.7237548828125,0.12933349609375,0.9852294921875,0.01031494140625,-0.0191650390625,0.169677734375,0.87158203125,-0.09320068359375,-0.4776611328125,0.0577392578125,0.9091796875,-0.2685546875,-0.1614990234375,0.27392578125
112,0.67449951171875,-0.68505859375,-0.241943359375,-0.1307373046875,0.6490478515625,0.6622314453125,0.3695068359375,0.05963134765625,0.653564453125,-0.17926025390625,0.7237548828125,0.12933349609375,0.9852294921875,0.01031494140625,-0.0191650390625,0.169677734375,0.87158203125,-0.09320068359375,-0.4776611328125,0.0577392578125,0.9091796875,-0.2685546875,-0.1614990234375,0.27392578125
113,0.674560546875,-0.68505859375,-0.24163818359375,-0.13092041015625,0.64910888671875,0.66229248046875,0.3692626953125,0.059814453125,0.65338134765625,-0.17950439453125,0.723876953125,0.12933349609375,0.985107421875,0.0093994140625,-0.01806640625,0.17034912109375,0.8717041015625,-0.09375,-0.477294921875,0.058349609375,0.9091796875,-0.26873779296875,-0.16082763671875,0.2742919921875
114,0.674560546875,-0.68505859375,-0.24163818359375,-0.13092041015625,0.64923095703125,0.66204833984375,0.36956787109375,0.05975341796875,0.65338134765625,-0.17950439453125,0.723876953125,0.12933349609375,0.985107421875,0.0093994140625,-0.01806640625,0.17034912109375,0.8717041015625,-0.09375,-0.477294921875,0.058349609375,0.9091172234270485,-0.2688002570417015,-0.1608901007917015,0.27444815236987874
115,0.67449951171875,-0.68524169921875,-0.24127197265625,-0.13104248046875,0.649169921875,0.6622314453125,0.36920166015625,0.05987548828125,0.6534423828125,-0.179443359375,0.72381591796875,0.12982177734375,0.985107421875,0.00860595703125,-0.01806640625,0.17071533203125,0.87152099609375,-0.09417724609375,-0.4775390625,0.05859375,0.90911865234375,-0.26873779296875,-0.16119384765625,0.2742919921875
116,0.6745938202210493,-0.6851473907164507,-0.24125625457253344,-0.13102676238503344,0.6488980194397993,0.6623969955189172,0.36936904754128347,0.06008819273881689,0.6534266647287834,-0.17952194979358277,0.7237844818013169,0.12986893159489968,0.9850759857075669,0.008291595356918893,-0.018082124333716556,0.1708882309521321,0.8714738418426003,-0.09433442693091555,-0.47758621675114965,0.05879808508831522,0.9090714980926003,-0.26878494721989965,-0.16124100190739968,0.27433914643864965
117,0.67486572265625,-0.68487548828125,-0.2412109375,-0.1309814453125,0.649169921875,0.66217041015625,0.36932373046875,0.05999755859375,0.65338134765625,-0.17974853515625,0.72369384765625,0.1300048828125,0.9849853515625,0.00738525390625,-0.01812744140625,0.17138671875,0.871337890625,-0.09478759765625,-0.47772216796875,0.05938720703125,0.908935546875,-0.2689208984375,-0.161376953125,0.27447509765625
118,0.6748665391800794,-0.6848748758883779,-0.2412109375,-0.13098124118154264,0.6488655626175794,0.6623529032321279,0.369384765625,0.06030253024404264,0.6533811435252926,-0.17974894341816472,0.7236940517872074,0.13000529107441472,0.9849851474315426,0.007382804334761685,-0.0181264207514632,0.17138794353574416,0.871337890625,-0.09478902657295152,-0.4777215555758779,0.05938863594795152,0.908935546875,-0.2689213066994147,-0.16137674899404264,0.27447530178720736
119,0.67510986328125,-0.6846923828125,-0.2412109375,-0.13092041015625,0.64910888671875,0.66217041015625,0.369384765625,0.06024169921875,0.6533203125,-0.17987060546875,0.7237548828125,0.130126953125,0.98492431640625,0.00665283203125,-0.017822265625,0.1717529296875,0.871337890625,-0.09521484375,-0.4775390625,0.059814453125,0.908935546875,-0.26904296875,-0.16131591796875,0.2745361328125
120,0.67510986328125,-0.6846923828125,-0.2412109375,-0.13092041015625,0.64935302734375,0.661865234375,0.36944580078125,0.060546875,0.6533203125,-0.17987060546875,0.7237548828125,0.130126953125,0.98492431640625,0.00665283203125,-0.017822265625,0.1717529296875,0.871337890625,-0.09521484375,-0.4775390625,0.059814453125,0.908935546875,-0.26904296875,-0.16131591796875,0.2745361328125
121,0.675048828125,-0.68475341796875,-0.2410888671875,-0.13079833984375,0.6492919921875,0.6619873046875,0.36932373046875,0.0604248046875,0.65338134765625,-0.1802978515625,0.7236328125,0.13006591796875,0.98492431640625,0.006103515625,-0.0177001953125,0.171875,0.87139892578125,-0.09564208984375,-0.477294921875,0.0599365234375,0.90887451171875,-0.269287109375,-0.1610107421875,0.27459716796875
122,0.675048828125,-0.68475341796875,-0.2410888671875,-0.13079833984375,0.6494140625,0.66168212890625,0.36956787109375,0.06060791015625,0.65338134765625,-0.1802978515625,0.7236328125,0.13006591796875,0.984894105024561,0.00580140180811035,-0.01763977254912207,0.17208647967182275,0.87139892578125,-0.09564208984375,-0.477294921875,0.0599365234375,0.9088140889553721,-0.2694381662834448,-0.1610107421875,0.2746878021138169
123,0.67498779296875,-0.6849365234375,-0.24102783203125,-0.13067626953125,0.6492919921875,0.661865234375,0.3695068359375,0.060546875,0.6533203125,-0.1805419921875,0.7235107421875,0.1302490234375,0.98486328125,0.00567626953125,-0.017578125,0.172119140625,0.87152099609375,-0.09588623046875,-0.47711181640625,0.05999755859375,0.9088134765625,-0.26947021484375,-0.16094970703125,0.274658203125
124,0.6749730955398202,-0.6849512208664298,-0.24104252946017976,-0.13064687467339048,0.6493993650710702,0.66180419921875,0.3694604982101798,0.060639550454640465,0.6533497073578596,-0.18061547933214883,0.7234813473296404,0.13021962857964048,0.98486328125,0.005617479815530935,-0.017519335284280936,0.17213383805392976,0.8715356935226798,-0.09590092789767976,-0.4770677241194607,0.059953466306960704,0.9088134765625,-0.2694849122726798,-0.16096440446017976,0.274658203125
125,0.6749267578125,-0.68499755859375,-0.2410888671875,-0.13055419921875,0.64935302734375,0.66180419921875,0.3695068359375,0.060546875,0.6534423828125,-0.18084716796875,0.723388671875,0.130126953125,0.98486328125,0.00543212890625,-0.017333984375,0.17218017578125,0.87158203125,-0.095947265625,-0.4769287109375,0.059814453125,0.9088134765625,-0.26953125,-0.1610107421875,0.274658203125
126,0.6749267578125,-0.68499755859375,-0.2410888671875,-0.13055419921875,0.6495939018734322,0.6616235433214883,0.3693863986726589,0.06084796816210284,0.6534423828125,-0.18084716796875,0.723388671875,0.130126953125,0.98486328125,0.00543212890625,-0.017333984375,0.17218017578125,0.87158203125,-0.095947265625,-0.4769287109375,0.059814453125,0.9088134765625,-0.26953125,-0.1610107421875,0.274658203125
127,0.6749267578125,-0.6849365234375,-0.2413330078125,-0.13037109375,0.6495361328125,0.66156005859375,0.36962890625,0.0606689453125,0.65338134765625,-0.1812744140625,0.72332763671875,0.13018798828125,0.98486328125,0.00531005859375,-0.01708984375,0.17218017578125,0.87164306640625,-0.0960693359375,-0.476806640625,0.05987548828125,0.9088134765625,-0.26953125,-0.1610107421875,0.274658203125
128,0.6749267578125,-0.6849365234375,-0.2413330078125,-0.13037109375,0.6495808374921613,0.6615153539140887,0.36962890625,0.06084776403114549,0.65338134765625,-0.1812744140625,0.72332763671875,0.13018798828125,0.98486328125,0.00531005859375,-0.017134548429661372,0.17222488046091136,0.87164306640625,-0.0960693359375,-0.476806640625,0.05987548828125,0.9088134765625,-0.26953125,-0.1610107421875,0.274658203125
129,0.6749267578125,-0.6849365234375,-0.241455078125,-0.13018798828125,0.64959716796875,0.66143798828125,0.3697509765625,0.06072998046875,0.6533203125,-0.18157958984375,0.7232666015625,0.1302490234375,0.98486328125,0.00531005859375,-0.01690673828125,0.17218017578125,0.8717041015625,-0.0960693359375,-0.4766845703125,0.05987548828125,0.9088134765625,-0.26953125,-0.160888671875,0.274658203125
130,0.6749267578125,-0.6849365234375,-0.241455078125,-0.13018798828125,0.6497139308763586,0.6613504161005435,0.3696925951086957,0.06093431555706521,0.6533203125,-0.18157958984375,0.7232666015625,0.1302490234375,0.98486328125,0.005134914232336962,-0.017081882642663037,0.17223855723505435,0.8717041015625,-0.0960693359375,-0.4766845703125,0.05987548828125,0.9088134765625,-0.26953125,-0.160888671875,0.274658203125
131,0.67486572265625,-0.68499755859375,-0.24163818359375,-0.12994384765625,0.64971923828125,0.6612548828125,0.36981201171875,0.0609130859375,0.6531982421875,-0.18157958984375,0.72344970703125,0.13006591796875,0.98486328125,0.0050048828125,-0.0169677734375,0.17230224609375,0.87176513671875,-0.09619140625,-0.4765625,0.05975341796875,0.9088134765625,-0.2696533203125,-0.16070556640625,0.27471923828125
132,0.67486572265625,-0.68499755859375,-0.24163818359375,-0.12994384765625,0.6497876221519648,0.661213852490071,0.3697573046221781,0.06099514658235786,0.6531982421875,-0.18157958984375,0.72344970703125,0.13006591796875,0.98486328125,0.004895468619356183,-0.017036157308214887,0.172288569319607,0.87176513671875,-0.09619140625,-0.4765625,0.05975341796875,0.9088134765625,-0.2696533203125,-0.16070556640625,0.27471923828125
133,0.67474365234375,-0.68511962890625,-0.24176025390625,-0.1297607421875,0.64990234375,0.6611328125,0.36968994140625,0.06109619140625,0.65313720703125,-0.181396484375,0.72357177734375,0.12982177734375,0.98486328125,0.004638671875,-0.01702880859375,0.17218017578125,0.871826171875,-0.096435546875,-0.47650146484375,0.0594482421875,0.90875244140625,-0.26983642578125,-0.16058349609375,0.274658203125
134,0.67474365234375,-0.68511962890625,-0.24176025390625,-0.1297607421875,0.64990234375,0.6611328125,0.36968994140625,0.06109619140625,0.65313720703125,-0.181396484375,0.72357177734375,0.12982177734375,0.98486328125,0.004638671875,-0.01702880859375,0.17218017578125,0.871826171875,-0.096435546875,-0.47650146484375,0.0594482421875,0.90875244140625,-0.26983642578125,-0.16058349609375,0.274658203125
135,0.67462158203125,-0.68511962890625,-0.24188232421875,-0.129638671875,0.64990234375,0.6611328125,0.3697509765625,0.06121826171875,0.653076171875,-0.18145751953125,0.72357177734375,0.12982177734375,0.98486328125,0.00439453125,-0.01690673828125,0.17205810546875,0.8719482421875,-0.09661865234375,-0.4761962890625,0.0594482421875,0.90875244140625,-0.26995849609375,-0.1602783203125,0.27471923828125
136,0.67462158203125,-0.68511962890625,-0.24188232421875,-0.129638671875,0.64990234375,0.6610454444502508,0.3698383446122492,0.06121826171875,0.653076171875,-0.18145751953125,0.72357177734375,0.12982177734375,0.98486328125,0.004219795150501681,-0.016688318156877102,0.1722328415682483,0.8719482421875,-0.09661865234375,-0.4761962890625,0.0594482421875,0.90875244140625,-0.26995849609375,-0.1602783203125,0.27471923828125
137,0.67462158203125,-0.6851806640625,-0.2418212890625,-0.12969970703125,0.64990234375,0.66107177734375,0.36981201171875,0.06134033203125,0.653076171875,-0.181640625,0.72357177734375,0.1300048828125,0.98486328125,0.00421142578125,-0.0167236328125,0.1722412109375,0.8720703125,-0.0966796875,-0.47589111328125,0.05963134765625,0.90875244140625,-0.27001953125,-0.16009521484375,0.27484130859375
138,0.67462158203125,-0.6851806640625,-0.2418212890625,-0.12969970703125,0.6499305138221154,0.6609590970552884,0.3699246920072115,0.06134033203125,0.653076171875,-0.181640625,0.72357177734375,0.1300048828125,0.9848351111778846,0.0040705754206730805,-0.016751802884615384,0.17232572115384615,0.8720703125,-0.0966796875,-0.47589111328125,0.05963134765625,0.90875244140625,-0.27001953125,-0.16009521484375,0.27484130859375
139,0.6744384765625,-0.6854248046875,-0.24163818359375,-0.129638671875,0.6497802734375,0.6611328125,0.369873046875,0.06134033203125,0.65313720703125,-0.18170166015625,0.72344970703125,0.13006591796875,0.98486328125,0.00421142578125,-0.016845703125,0.1722412109375,0.8721923828125,-0.09674072265625,-0.4757080078125,0.059326171875,0.9088134765625,-0.27001953125,-0.15985107421875,0.2747802734375
140,0.6744384765625,-0.6854248046875,-0.24163818359375,-0.129638671875,0.6498055856762124,0.6611075002612876,0.3698603907556438,0.06139095650867474,0.65313720703125,-0.18170166015625,0.72344970703125,0.13006591796875,0.98486328125,0.004173457423181444,-0.016908983721780926,0.1722412109375,0.8721923828125,-0.09674072265625,-0.4757080078125,0.059326171875,0.9088134765625,-0.27001953125,-0.15985107421875,0.2747802734375
141,0.6744384765625,-0.6854248046875,-0.24169921875,-0.12945556640625,0.64990234375,0.6610107421875,0.369873046875,0.0614013671875,0.6531982421875,-0.1817626953125,0.723388671875,0.1300048828125,0.98486328125,0.0040283203125,-0.0169677734375,0.17218017578125,0.8724365234375,-0.09686279296875,-0.47528076171875,0.05914306640625,0.90875244140625,-0.2701416015625,-0.1597900390625,0.2747802734375
142,0.6744384765625,-0.6854248046875,-0.24169921875,-0.12945556640625,0.64990234375,0.6610107421875,0.369873046875,0.0614013671875,0.6531982421875,-0.1817626953125,0.723388671875,0.1300048828125,0.98486328125,0.0040283203125,-0.0169677734375,0.17218017578125,0.8724365234375,-0.09686279296875,-0.47528076171875,0.05914306640625,0.90875244140625,-0.2701416015625,-0.1597900390625,0.2747802734375
143,0.674560546875,-0.685302734375,-0.2418212890625,-0.12939453125,0.64984130859375,0.6610107421875,0.3699951171875,0.06146240234375,0.65313720703125,-0.18182373046875,0.723388671875,0.13018798828125,0.98486328125,0.00390625,-0.01708984375,0.1722412109375,0.87261962890625,-0.09698486328125,-0.474853515625,0.05938720703125,0.90875244140625,-0.270263671875,-0.15972900390625,0.27484130859375
144,0.674560546875,-0.685302734375,-0.2418212890625,-0.12939453125,0.64984130859375,0.6610107421875,0.3699951171875,0.06146240234375,0.65313720703125,-0.18182373046875,0.723388671875,0.13018798828125,0.98486328125,0.00390625,-0.01708984375,0.1722412109375,0.87261962890625,-0.09698486328125,-0.474853515625,0.05938720703125,0.90875244140625,-0.270263671875,-0.15972900390625,0.27484130859375
145,0.67462158203125,-0.685302734375,-0.24169921875,-0.12945556640625,0.64959716796875,0.6612548828125,0.3699951171875,0.0614013671875,0.6531982421875,-0.18157958984375,0.72332763671875,0.13037109375,0.98480224609375,0.00372314453125,-0.01727294921875,0.17242431640625,0.872802734375,-0.09698486328125,-0.47454833984375,0.05950927734375,0.90875244140625,-0.27044677734375,-0.1593017578125,0.27484130859375
146,0.67462158203125,-0.685302734375,-0.24169921875,-0.12945556640625,0.64959716796875,0.6612548828125,0.3699951171875,0.0614013671875,0.6531982421875,-0.18157958984375,0.72332763671875,0.13037109375,0.98480224609375,0.0036145468619356155,-0.01727294921875,0.17247861524090718,0.872802734375,-0.09698486328125,-0.47454833984375,0.05950927734375,0.90875244140625,-0.27044677734375,-0.1593017578125,0.27484130859375
147,0.67437744140625,-0.68560791015625,-0.241455078125,-0.1295166015625,0.64935302734375,0.66162109375,0.3697509765625,0.061279296875,0.65325927734375,-0.18084716796875,0.7235107421875,0.13031005859375,0.98480224609375,0.00384521484375,-0.0174560546875,0.17236328125,0.87261962890625,-0.09613037109375,-0.47509765625,0.0589599609375,0.9088134765625,-0.27056884765625,-0.15899658203125,0.27471923828125
148,0.67437744140625,-0.68560791015625,-0.241455078125,-0.1295166015625,0.64935302734375,0.66162109375,0.3697509765625,0.061279296875,0.65325927734375,-0.18084716796875,0.7235107421875,0.13031005859375,0.98480224609375,0.0037637665917642066,-0.017723670372596177,0.17238655217913879,0.87261962890625,-0.09613037109375,-0.47509765625,0.0589599609375,0.9088134765625,-0.27056884765625,-0.15899658203125,0.27471923828125
149,0.674072265625,-0.6859130859375,-0.24151611328125,-0.12939453125,0.64923095703125,0.66192626953125,0.36932373046875,0.06146240234375,0.65325927734375,-0.17987060546875,0.72381591796875,0.1300048828125,0.98480224609375,0.0037841796875,-0.0186767578125,0.17242431640625,0.87158203125,-0.094482421875,-0.4775390625,0.057373046875,0.90887451171875,-0.27069091796875,-0.15911865234375,0.2744140625
150,0.674072265625,-0.6859130859375,-0.24151611328125,-0.12939453125,0.64923095703125,0.66192626953125,0.36932373046875,0.06146240234375,0.65325927734375,-0.17987060546875,0.72381591796875,0.1300048828125,0.98480224609375,0.0037841796875,-0.0186767578125,0.17242431640625,0.87158203125,-0.094482421875,-0.4775390625,0.057373046875,0.90887451171875,-0.27069091796875,-0.15911865234375,0.2744140625
151,0.6739501953125,-0.6859130859375,-0.2421875,-0.1287841796875,0.6494140625,0.661865234375,0.36907958984375,0.062255859375,0.6531982421875,-0.17950439453125,0.7239990234375,0.12957763671875,0.9847412109375,0.0035400390625,-0.0203857421875,0.17242431640625,0.870361328125,-0.0927734375,-0.48028564453125,0.055419921875,0.908935546875,-0.2708740234375,-0.15936279296875,0.27386474609375
152,0.6739501953125,-0.6859130859375,-0.2421875,-0.1287841796875,0.6494140625,0.661865234375,0.36907958984375,0.062255859375,0.6531982421875,-0.17950439453125,0.7239990234375,0.12957763671875,0.984699568222199,0.0034983963471989983,-0.021926522653637058,0.172465959121551,0.870361328125,-0.0927734375,-0.48028564453125,0.055419921875,0.908935546875,-0.2708740234375,-0.15936279296875,0.27386474609375
153,0.674072265625,-0.68560791015625,-0.2431640625,-0.1279296875,0.64971923828125,0.66156005859375,0.3690185546875,0.0631103515625,0.65313720703125,-0.1790771484375,0.72430419921875,0.129150390625,0.98468017578125,0.0030517578125,-0.0213623046875,0.17266845703125,0.8699951171875,-0.09100341796875,-0.48138427734375,0.05426025390625,0.908935546875,-0.27105712890625,-0.15960693359375,0.2734375
154,0.674072265625,-0.68560791015625,-0.2431640625,-0.1279296875,0.64971923828125,0.66156005859375,0.3690185546875,0.0631103515625,0.65313720703125,-0.1790771484375,0.72430419921875,0.129150390625,0.98468017578125,0.003156272862667235,-0.022172296326296068,0.17264232826870818,0.8699951171875,-0.09100341796875,-0.48138427734375,0.05426025390625,0.908935546875,-0.27105712890625,-0.15960693359375,0.2734375
155,0.67413330078125,-0.68536376953125,-0.24395751953125,-0.12725830078125,0.6497802734375,0.66143798828125,0.36895751953125,0.06353759765625,0.65301513671875,-0.1781005859375,0.72467041015625,0.12890625,0.98468017578125,0.00299072265625,-0.022216796875,0.1727294921875,0.869873046875,-0.08941650390625,-0.4820556640625,0.053466796875,0.90911865234375,-0.270751953125,-0.15985107421875,0.2730712890625
156,0.67413330078125,-0.68536376953125,-0.24395751953125,-0.12725830078125,0.6497802734375,0.66143798828125,0.36895751953125,0.06353759765625,0.65301513671875,-0.1781005859375,0.72467041015625,0.12890625,0.9846695609714674,0.00302256708559783,-0.02249278192934786,0.1727294921875,0.869873046875,-0.08941650390625,-0.4820556640625,0.053466796875,0.90911865234375,-0.270751953125,-0.15985107421875,0.2730712890625
157,0.67401123046875,-0.6854248046875,-0.2442626953125,-0.126953125,0.6497802734375,0.6614990234375,0.36883544921875,0.06396484375,0.653564453125,-0.17681884765625,0.72442626953125,0.1292724609375,0.984619140625,0.0032958984375,-0.02337646484375,0.1727294921875,0.8692626953125,-0.08905029296875,-0.4832763671875,0.0531005859375,0.90911865234375,-0.2705078125,-0.16064453125,0.27276611328125
158,0.67401123046875,-0.6854248046875,-0.2442626953125,-0.126953125,0.6497802734375,0.6614990234375,0.36883544921875,0.06396484375,0.653564453125,-0.17681884765625,0.72442626953125,0.1292724609375,0.9845630046117266,0.002790674318039299,-0.02528508929504598,0.17301017225386706,0.8692626953125,-0.08905029296875,-0.4832763671875,0.0531005859375,0.90911865234375,-0.2705078125,-0.16064453125,0.27276611328125
159,0.673828125,-0.6856689453125,-0.24444580078125,-0.12646484375,0.64959716796875,0.66162109375,0.368896484375,0.06439208984375,0.65496826171875,-0.17535400390625,0.723388671875,0.1300048828125,0.984619140625,0.00299072265625,-0.02496337890625,0.17279052734375,0.8687811503840929,-0.08929218815321906,-0.48409431993363294,0.05277234335806857,0.9090576171875,-0.27069091796875,-0.16058349609375,0.27288818359375
160,0.673828125,-0.6856689453125,-0.24444580078125,-0.12646484375,0.64959716796875,0.66162109375,0.368896484375,0.06439208984375,0.65496826171875,-0.17535400390625,0.723388671875,0.1300048828125,0.9845378965039716,0.0025438799905936624,-0.026507017205790077,0.17303425970683528,0.86859130859375,-0.08935546875,-0.48443603515625,0.052734375,0.9090576171875,-0.27069091796875,-0.16058349609375,0.27288818359375
161,0.673583984375,-0.68585205078125,-0.24468994140625,-0.1259765625,0.64935302734375,0.6617431640625,0.368896484375,0.06512451171875,0.65655517578125,-0.17401123046875,0.7220458984375,0.131103515625,0.9844970703125,0.00250244140625,-0.0267333984375,0.1729736328125,0.8683377779447116,-0.08962308443509613,-0.4848726712740384,0.052386944110576934,0.9090576171875,-0.2708740234375,-0.16070556640625,0.2725830078125
162,0.673583984375,-0.68585205078125,-0.24468994140625,-0.1259765625,0.64935302734375,0.6617431640625,0.368896484375,0.06512451171875,0.65655517578125,-0.17401123046875,0.7220458984375,0.131103515625,0.98443603515625,0.0015869140625,-0.0289306640625,0.17303466796875,0.86785888671875,-0.08990478515625,-0.4857177734375,0.05224609375,0.9090576171875,-0.2708740234375,-0.16070556640625,0.2725830078125
163,0.6734619140625,-0.68597412109375,-0.24505615234375,-0.12542724609375,0.64910888671875,0.6619873046875,0.36883544921875,0.0657958984375,0.65802001953125,-0.17303466796875,0.72076416015625,0.1322021484375,0.9844970703125,0.00164794921875,-0.02825927734375,0.17291259765625,0.8673095703125,-0.090576171875,-0.486572265625,0.05206298828125,0.90911865234375,-0.2711181640625,-0.16015625,0.27252197265625
164,0.6734619140625,-0.68597412109375,-0.24505615234375,-0.12542724609375,0.64910888671875,0.6619873046875,0.36883544921875,0.0657958984375,0.65802001953125,-0.17303466796875,0.72076416015625,0.1322021484375,0.984375,0.0009765625,-0.029541015625,0.17327880859375,0.8673095703125,-0.090576171875,-0.486572265625,0.05206298828125,0.90911865234375,-0.2711181640625,-0.16015625,0.27252197265625
165,0.6734619140625,-0.68603515625,-0.24517822265625,-0.12493896484375,0.64886474609375,0.66217041015625,0.3687744140625,0.0662841796875,0.6590576171875,-0.17291259765625,0.7196044921875,0.13323974609375,0.98443603515625,0.00091552734375,-0.029052734375,0.1729736328125,0.866943359375,-0.09112548828125,-0.4871826171875,0.05206298828125,0.90924072265625,-0.271240234375,-0.1595458984375,0.2723388671875
166,0.6734619140625,-0.68603515625,-0.24517822265625,-0.12493896484375,0.64886474609375,0.66217041015625,0.3687744140625,0.0662841796875,0.6590576171875,-0.17291259765625,0.7196044921875,0.13323974609375,0.9843809197977634,0.0004194891173704006,-0.029714118676839464,0.173414555680393,0.866943359375,-0.09112548828125,-0.4871826171875,0.05206298828125,0.90924072265625,-0.271240234375,-0.1595458984375,0.2723388671875
167,0.67340087890625,-0.68609619140625,-0.2452392578125,-0.12457275390625,0.648681640625,0.6622314453125,0.36895751953125,0.0665283203125,0.65985107421875,-0.173095703125,0.71875,0.13397216796875,0.984375,0.0003662109375,-0.02947998046875,0.17327880859375,0.8668286377769648,-0.09148435050428512,-0.4872563084631062,0.05203563473296405,0.90924072265625,-0.27142333984375,-0.1590576171875,0.2723388671875
168,0.67340087890625,-0.68609619140625,-0.2452392578125,-0.12457275390625,0.648681640625,0.6622314453125,0.36895751953125,0.0665283203125,0.65985107421875,-0.173095703125,0.71875,0.13397216796875,0.98431396484375,0.0,-0.030029296875,0.17352294921875,0.86676025390625,-0.091552734375,-0.48736572265625,0.05206298828125,0.90924072265625,-0.27142333984375,-0.1590576171875,0.2723388671875
169,0.67327880859375,-0.686279296875,-0.24517822265625,-0.12432861328125,0.64862060546875,0.6622314453125,0.3690185546875,0.06689453125,0.6602783203125,-0.17303466796875,0.71826171875,0.13446044921875,0.984375,0.0001220703125,-0.02984619140625,0.17327880859375,0.8668186353600543,-0.09155538807744565,-0.48733918563179346,0.05175515879755435,0.90936279296875,-0.27154541015625,-0.15875244140625,0.2720947265625
170,0.67327880859375,-0.686279296875,-0.24517822265625,-0.12432861328125,0.64862060546875,0.6622314453125,0.3690185546875,0.06689453125,0.6602783203125,-0.17303466796875,0.71826171875,0.13446044921875,0.984375,-0.000244140625,-0.03021240234375,0.17333984375,0.86676025390625,-0.09161376953125,-0.4874267578125,0.05169677734375,0.90936279296875,-0.27154541015625,-0.15875244140625,0.2720947265625
171,0.6732177734375,-0.6864013671875,-0.2452392578125,-0.124267578125,0.6485595703125,0.66217041015625,0.369140625,0.0672607421875,0.6607666015625,-0.173095703125,0.71771240234375,0.13507080078125,0.984375,-0.0001220703125,-0.03009033203125,0.17333984375,0.8668702804922659,-0.09156906485158862,-0.4872677397967182,0.0516357421875,0.90948486328125,-0.2716064453125,-0.15802001953125,0.27203369140625
172,0.6732177734375,-0.6864013671875,-0.24521353731187293,-0.12429329862562707,0.648568143812709,0.66217041015625,0.3691149044993729,0.06728646268812707,0.6607923220631271,-0.173095703125,0.7176866818431229,0.13507080078125,0.984375,-0.000244140625,-0.029941520563336103,0.17327880859375,0.8669872475308319,-0.09160519603104098,-0.4870252322193771,0.051627168687290975,0.90948486328125,-0.2716064453125,-0.1580543135320861,0.27202511790604095
173,0.6732177734375,-0.6864013671875,-0.24505615234375,-0.12445068359375,0.6484375,0.6622314453125,0.3692626953125,0.0675048828125,0.66131591796875,-0.1732177734375,0.71697998046875,0.1361083984375,0.984375,-0.000244140625,-0.0301513671875,0.17327880859375,0.8668864068378971,-0.09154538566053516,-0.4871777180445234,0.051573890507420575,0.90966796875,-0.271484375,-0.15716552734375,0.27191162109375
174,0.6732177734375,-0.6864013671875,-0.24505615234375,-0.12445068359375,0.6484375,0.6622314453125,0.3692626953125,0.0675048828125,0.66131591796875,-0.1732177734375,0.71697998046875,0.1361083984375,0.984375,-0.00091552734375,-0.02972412109375,0.17352294921875,0.8671875,-0.09100341796875,-0.48681640625,0.051513671875,0.90966796875,-0.271484375,-0.15716552734375,0.27191162109375
175,0.67327880859375,-0.6864013671875,-0.24481201171875,-0.1246337890625,0.6484375,0.662109375,0.369384765625,0.06781005859375,0.66192626953125,-0.1734619140625,0.71612548828125,0.13714599609375,0.984375,-0.00091552734375,-0.030029296875,0.1734619140625,0.8670970699858904,-0.0898913125130644,-0.4871532223296405,0.05108193490018813,0.9098069819319607,-0.2714527347016095,-0.15676093978626673,0.2718822262358905
176,0.67327880859375,-0.6864013671875,-0.24481201171875,-0.1246337890625,0.6484375,0.662109375,0.369384765625,0.06781005859375,0.66192626953125,-0.1734619140625,0.71612548828125,0.13714599609375,0.98431396484375,-0.00164794921875,-0.029052734375,0.17376708984375,0.86712646484375,-0.08953857421875,-0.4871826171875,0.05096435546875,0.90985107421875,-0.27142333984375,-0.15655517578125,0.27191162109375
177,0.67327880859375,-0.68646240234375,-0.24456787109375,-0.1248779296875,0.6484375,0.662109375,0.3692626953125,0.06854248046875,0.66302490234375,-0.173583984375,0.7147216796875,0.13897705078125,0.98431396484375,-0.0015869140625,-0.02935791015625,0.1737060546875,0.8669119232075669,-0.08846035450198585,-0.4878576782634824,0.05047178746864551,0.9098825103861831,-0.27123839719638376,-0.15658293759145067,0.27178955078125
178,0.67327880859375,-0.68646240234375,-0.24456787109375,-0.1248779296875,0.6484375,0.662109375,0.3692626953125,0.06854248046875,0.66302490234375,-0.173583984375,0.7147216796875,0.13897705078125,0.98431396484375,-0.002197265625,-0.0283203125,0.1739501953125,0.8668212890625,-0.08746337890625,-0.48822021484375,0.050048828125,0.90997314453125,-0.27105712890625,-0.15631103515625,0.27178955078125
179,0.67333984375,-0.6864013671875,-0.24444580078125,-0.12506103515625,0.64837646484375,0.66204833984375,0.36920166015625,0.069580078125,0.6640625,-0.174072265625,0.71331787109375,0.1407470703125,0.98431396484375,-0.00225830078125,-0.028564453125,0.1739501953125,0.8666839089281981,-0.08683567621237472,-0.488587038174122,0.04983449061977429,0.91021728515625,-0.27081298828125,-0.15582275390625,0.271728515625
180,0.6733473965954222,-0.6864013671875,-0.24443069509040552,-0.12506858800167225,0.6483840176891722,0.66204833984375,0.3691865544654055,0.06958763097042224,0.6640700528454222,-0.174072265625,0.7133103182483278,0.14073951746707775,0.9842529296875,-0.0028762051891722427,-0.027732619473766727,0.17418678309207775,0.8666306307483278,-0.0849609375,-0.4891508478783445,0.04918678309207776,0.9102097323108278,-0.27082054112667225,-0.15583785959709448,0.2717134099341555
181,0.67340087890625,-0.6864013671875,-0.24432373046875,-0.1251220703125,0.64813232421875,0.6622314453125,0.36907958984375,0.0706787109375,0.66485595703125,-0.17462158203125,0.71209716796875,0.1424560546875,0.9842529296875,-0.0029296875,-0.02789306640625,0.17413330078125,0.8665771484375,-0.0849609375,-0.4892578125,0.04913330078125,0.9103995741011706,-0.2706915303616221,-0.1553973449911162,0.27136312121132944
182,0.67340087890625,-0.6864013671875,-0.24432373046875,-0.1251220703125,0.64813232421875,0.6622314453125,0.36907958984375,0.0706787109375,0.66485595703125,-0.17462158203125,0.71209716796875,0.1424560546875,0.9842529296875,-0.00360107421875,-0.0274658203125,0.17431640625,0.86614990234375,-0.08331298828125,-0.4903564453125,0.04815673828125,0.910400390625,-0.27069091796875,-0.1553955078125,0.2713623046875
183,0.6734619140625,-0.68634033203125,-0.2442626953125,-0.1251220703125,0.64801025390625,0.66229248046875,0.369140625,0.0716552734375,0.66632080078125,-0.1751708984375,0.7103271484375,0.14404296875,0.9842529296875,-0.00372314453125,-0.0274658203125,0.17425537109375,0.86614990234375,-0.0833740234375,-0.4903564453125,0.04815673828125,0.9105363418426003,-0.27067703706364965,-0.154987654159699,0.27112000124111624
184,0.6734994741586539,-0.6863027719350961,-0.2442626953125,-0.1251971905048077,0.6480478140024039,0.6622549203725961,0.369140625,0.0717303936298077,0.66632080078125,-0.1752460186298077,0.7102520282451923,0.14404296875,0.98419189453125,-0.004920372596153851,-0.027724045973557702,0.1746356670673077,0.8656850961538461,-0.0819091796875,-0.49149263822115385,0.0474384014423077,0.9105459359975961,-0.27066744290865385,-0.1549213115985577,0.27109468900240385
185,0.67352294921875,-0.686279296875,-0.2442626953125,-0.125244140625,0.6478271484375,0.66229248046875,0.3692626953125,0.072021484375,0.6673583984375,-0.17547607421875,0.708984375,0.145263671875,0.98419189453125,-0.00494384765625,-0.02777099609375,0.1746826171875,0.8654828023751044,-0.08146213289088622,-0.49193335695808954,0.04727672972408024,0.9106714765363713,-0.2706015086094272,-0.15467023052100748,0.2709393453438545
186,0.6735009030753554,-0.686279296875,-0.24424064916910534,-0.12533232519857862,0.6478271484375,0.6623145266121446,0.3692626953125,0.0721096689485786,0.6674024907242893,-0.17547607421875,0.708918236569816,0.14532981030518397,0.98406982421875,-0.0064476804191053476,-0.027776099367683958,0.1753370610367893,0.8652513178694607,-0.08094956005696069,-0.49243674389893394,0.04705810546875,0.9108055905753554,-0.2704857663566054,-0.15444609472982862,0.2707739992683946
187,0.6734619140625,-0.686279296875,-0.24420166015625,-0.12548828125,0.647705078125,0.66241455078125,0.36932373046875,0.0721435546875,0.66796875,-0.175537109375,0.708251953125,0.14599609375,0.98406982421875,-0.00640869140625,-0.02789306640625,0.1754150390625,0.86517333984375,-0.08090016036528011,-0.4925537109375,0.04705810546875,0.91094970703125,-0.27056884765625,-0.15386962890625,0.27056884765625
188,0.6734423174905937,-0.6862988934469063,-0.24418206358434363,-0.12552094220317728,0.6476854815530937,0.6624341473531563,0.3693106660874791,0.07218274783131272,0.6679948787625418,-0.1755240449937291,0.7082258243624582,0.14602222251254182,0.9840632920281146,-0.007230522640572732,-0.027688118925062722,0.17542157125313546,0.8651602754624791,-0.08096099139057274,-0.4925798397000418,0.04703850889684364,0.91094970703125,-0.2705427188937082,-0.15390882205006273,0.27056231546561454
189,0.67327880859375,-0.68646240234375,-0.2440185546875,-0.12579345703125,0.6474023519152383,0.6627770873615175,0.36914184978574416,0.07221071377247072,0.6683349609375,-0.17510986328125,0.70794677734375,0.1463623046875,0.9840087890625,-0.0069580078125,-0.02801513671875,0.17547607421875,0.86505126953125,-0.0806884765625,-0.4927978515625,0.046875,0.9110693277722617,-0.2705639485132734,-0.1534583050271739,0.2703283813884824
190,0.67327880859375,-0.68646240234375,-0.2440185546875,-0.12579345703125,0.64739990234375,0.66278076171875,0.369140625,0.07220458984375,0.6683349609375,-0.17510986328125,0.70794677734375,0.1463623046875,0.9840087890625,-0.00726318359375,-0.0279541015625,0.17547607421875,0.864990234375,-0.080810546875,-0.49285888671875,0.0467529296875,0.91107177734375,-0.27056884765625,-0.1534423828125,0.27032470703125
191,0.67315673828125,-0.68658447265625,-0.24395751953125,-0.12591552734375,0.6473221284489966,0.6629471284489966,0.3689024041727634,0.07232666015625,0.66845703125,-0.17486572265625,0.70782470703125,0.146484375,0.9840087890625,-0.007080078125,-0.02801513671875,0.17547607421875,0.864990234375,-0.08062744140625,-0.49298095703125,0.04669189453125,0.9111771089177466,-0.27051863144073995,-0.15338726745401338,0.2701032249425167
192,0.67315673828125,-0.68658447265625,-0.24406713785535117,-0.1258424484610159,0.6473023277461329,0.6629638671875,0.36894506754285117,0.07225358127351589,0.6683474129258988,-0.17490226209761706,0.7078977859139841,0.146484375,0.98406982421875,-0.00738525390625,-0.028296225047031776,0.17532950819136706,0.8646971023202341,-0.08035880506636706,-0.49360376058214883,0.046118082410117056,0.91119384765625,-0.27056884765625,-0.15321069417589883,0.2700926101327341
193,0.67315673828125,-0.68658447265625,-0.244140625,-0.12579345703125,0.64727783203125,0.6630859375,0.36871337890625,0.0728759765625,0.66864013671875,-0.1749267578125,0.70758056640625,0.146728515625,0.98406982421875,-0.00738525390625,-0.0281982421875,0.17535400390625,0.86474609375,-0.08038330078125,-0.4935302734375,0.046142578125,0.9112514125862249,-0.27051128272627506,-0.15313720703125,0.26996890677257523
194,0.6732198147470736,-0.6865003707018186,-0.2442037014658236,-0.1257514060540343,0.6473409084970736,0.6630018355455686,0.3687764553720736,0.07281290009667642,0.6685770602529264,-0.1750318852555393,0.7076226173834658,0.1466654391591764,0.98406982421875,-0.007307275880539316,-0.02813516572167641,0.1752129494147157,0.8644009083011078,-0.07924669961068145,-0.4943427146477843,0.045372187891931454,0.9112948924801422,-0.2705519047867893,-0.15305310507681855,0.2698384670908236
195,0.67333984375,-0.68634033203125,-0.24432373046875,-0.12567138671875,0.64715576171875,0.66314697265625,0.36865234375,0.07330322265625,0.66864013671875,-0.17535400390625,0.70745849609375,0.14703369140625,0.98406982421875,-0.007520592730978264,-0.027908988620923888,0.17529296875,0.8643878439198369,-0.07915463654891298,-0.49439538043478265,0.04542607846467389,0.91143798828125,-0.27044677734375,-0.1527099609375,0.26971435546875
196,0.67327880859375,-0.6864013671875,-0.24432373046875,-0.1256103515625,0.6470947265625,0.6632080078125,0.36871337890625,0.0732421875,0.6685791015625,-0.17529296875,0.70745849609375,0.14703369140625,0.98406982421875,-0.00750732421875,-0.02752685546875,0.17529296875,0.8642578125,-0.07818603515625,-0.49481201171875,0.04498291015625,0.91143798828125,-0.2703857421875,-0.15264892578125,0.26971435546875
197,0.67327880859375,-0.6864013671875,-0.24432373046875,-0.1256103515625,0.6472710957096572,0.6630904283810619,0.36859579947481186,0.07353613607859533,0.66839599609375,-0.17559814453125,0.7076416015625,0.14678955078125,0.98406982421875,-0.00750732421875,-0.02752685546875,0.17529296875,0.8642578125,-0.07818603515625,-0.49481201171875,0.04498291015625,0.911496777996969,-0.27050332161893814,-0.1522961874869356,0.26965556575303096
198,0.6730746776363922,-0.6866054981448578,-0.24422166499007106,-0.1256103515625,0.6470737010738922,0.6632900684573578,0.3685402758544105,0.07359839602058947,0.6684470288330895,-0.17534298083455266,0.7075905688231605,0.1469426489992684,0.9841208569580895,-0.007679406615802671,-0.027211677270589464,0.17506883295882106,0.8641867749268395,-0.07773776357389214,-0.49505615234375,0.04454464099080267,0.911601088916179,-0.2702526488033027,-0.15233374758308946,0.2695512548338211
199,0.67303466796875,-0.6866455078125,-0.24420166015625,-0.1256103515625,0.6471635186951296,0.6632002508361204,0.3685302734375,0.0737382257263796,0.66827392578125,-0.17572021484375,0.707763671875,0.14666748046875,0.984130859375,-0.00762939453125,-0.0272216796875,0.175048828125,0.86419677734375,-0.07769775390625,-0.49505615234375,0.04449462890625,0.9115778179870402,-0.27020263671875,-0.15225719847408026,0.2696610772888796
200,0.6729991491821697,-0.6867165453856605,-0.24416614136966974,-0.12553931398933946,0.6471812780884197,0.6632180102294105,0.36849475465091974,0.07372046633308947,0.6682384069946697,-0.1756136584840092,0.7077991906615803,0.14663196168216974,0.984130859375,-0.007863532739339466,-0.026758914807169732,0.1750643420777592,0.8642578125,-0.07772327027591973,-0.49489856324466974,0.0445101428590092,0.9116310961669105,-0.27016711793216974,-0.15218616090091974,0.26960779910900917
201,0.6729736328125,-0.686767578125,-0.244140625,-0.12548828125,0.647216796875,0.6632080078125,0.36834716796875,0.073974609375,0.6680908203125,-0.17596435546875,0.70794677734375,0.14642333984375,0.984130859375,-0.0078125,-0.0267333984375,0.17498779296875,0.8642578125,-0.07769775390625,-0.494873046875,0.04443359375,0.91168212890625,-0.27011383975229936,-0.15213288272104933,0.26953125
202,0.672993637646321,-0.686747573291179,-0.24418063466764214,-0.12544827158235786,0.647216796875,0.663188002978679,0.3683871776363921,0.07393459970735786,0.6680508106448578,-0.17598436030257106,0.7079867870113922,0.14640333500992894,0.984130859375,-0.007974579980142137,-0.026429243311036795,0.17500779780257106,0.864277817333821,-0.07783982905257107,-0.4948330372073579,0.04451463374007107,0.91168212890625,-0.2701005712400711,-0.1520395948735368,0.2695512548338211
203,0.67303466796875,-0.68670654296875,-0.2442626953125,-0.1253662109375,0.64715576171875,0.663330078125,0.36822509765625,0.07403564453125,0.66766357421875,-0.17620849609375,0.70831298828125,0.14599609375,0.984130859375,-0.00806888848244147,-0.02630615234375,0.17502433241011706,0.8643065997988085,-0.07797884223453176,-0.49477547227738294,0.04456791191994147,0.91168212890625,-0.27020263671875,-0.1519775390625,0.26947021484375
204,0.67303466796875,-0.6866455078125,-0.244384765625,-0.12530517578125,0.64715576171875,0.66326904296875,0.36834716796875,0.073974609375,0.66754150390625,-0.17633056640625,0.70843505859375,0.14599609375,0.984130859375,-0.00811767578125,-0.02618408203125,0.17498779296875,0.8642578125,-0.07843017578125,-0.4947509765625,0.04473876953125,0.91168212890625,-0.27020263671875,-0.15191650390625,0.26953125
205,0.67303466796875,-0.6866455078125,-0.244384765625,-0.12530517578125,0.6472135307796822,0.6633268120296822,0.36823162984688546,0.073974609375,0.66717529296875,-0.1763916015625,0.70880126953125,0.14569091796875,0.984130859375,-0.00811767578125,-0.02618408203125,0.17498779296875,0.8642578125,-0.07843017578125,-0.4947509765625,0.04473876953125,0.9117398979671822,-0.27031817484061454,-0.15168542766252088,0.26941571187813546
206,0.6729846558841973,-0.6866955198970527,-0.2444347777095527,-0.12530517578125,0.6471167727058946,0.663330078125,0.3682751097408027,0.07402462145955267,0.66717529296875,-0.1763916015625,0.70880126953125,0.1457409300533027,0.98419189453125,-0.008322827393394646,-0.025767859009197324,0.17486572265625,0.8644298948970527,-0.07886844494669733,-0.4943957886966973,0.04486083984375,0.9117431640625,-0.2702746949466973,-0.1516223511966973,0.2694591917720527
207,0.6729736328125,-0.68670654296875,-0.24444580078125,-0.12530517578125,0.6470947265625,0.6634145883413461,0.36820162259615385,0.07378211388221154,0.6666259765625,-0.1763916015625,0.70941162109375,0.14520263671875,0.98419189453125,-0.00830078125,-0.02512300931490384,0.17486572265625,0.8645676832932693,-0.07915320763221154,-0.4941312349759615,0.045114370492788464,0.9117431640625,-0.2703059269831731,-0.1514000525841346,0.2695124699519231
208,0.6728515625,-0.68682861328125,-0.24432373046875,-0.1253662109375,0.64703369140625,0.66357421875,0.3680419921875,0.07379150390625,0.666748046875,-0.17626953125,0.7093505859375,0.14532470703125,0.98419189453125,-0.00811767578125,-0.02490234375,0.1748046875,0.86456298828125,-0.07916259765625,-0.49407958984375,0.0450439453125,0.91180419921875,-0.27020263671875,-0.1513671875,0.2694091796875
209,0.6728515625,-0.68682861328125,-0.24432373046875,-0.1253662109375,0.647216796875,0.66351318359375,0.367919921875,0.07366943359375,0.66607666015625,-0.17645263671875,0.71002197265625,0.14471435546875,0.9842186356866639,-0.008304863869147151,-0.024608191040447334,0.17475120518917225,0.8645897294366639,-0.07959045614287205,-0.4939458840666806,0.04517765108956939,0.9117774580633361,-0.2703096013404055,-0.15128696403375835,0.2694359208429139
210,0.67266845703125,-0.68701171875,-0.24432373046875,-0.12542724609375,0.64703369140625,0.66363525390625,0.367919921875,0.07379150390625,0.66607666015625,-0.17626953125,0.71002197265625,0.14495849609375,0.9842529296875,-0.00830078125,-0.02423095703125,0.1746826171875,0.86468505859375,-0.0799560546875,-0.4937744140625,0.04522705078125,0.91180419921875,-0.27020263671875,-0.1512451171875,0.2694091796875
211,0.67266845703125,-0.68701171875,-0.24432373046875,-0.12542724609375,0.6474609375,0.66339111328125,0.36761474609375,0.0738525390625,0.6651611328125,-0.17626953125,0.7110595703125,0.14398193359375,0.98431396484375,-0.00848388671875,-0.02325439453125,0.17449951171875,0.8647299674043687,-0.08010200832201084,-0.4936621420359532,0.04530564119983276,0.91180419921875,-0.2703857421875,-0.15093994140625,0.26953125
212,0.67242431640625,-0.687255859375,-0.2442626953125,-0.12542724609375,0.647216796875,0.66363525390625,0.3675537109375,0.07391357421875,0.66522216796875,-0.176025390625,0.7110595703125,0.1441650390625,0.98431396484375,-0.00811767578125,-0.02325439453125,0.1744384765625,0.864990234375,-0.0804443359375,-0.4931640625,0.04541015625,0.91192626953125,-0.27008056640625,-0.1510009765625,0.2694091796875
213,0.67242431640625,-0.687255859375,-0.2442626953125,-0.12542724609375,0.6475572873118729,0.6634082602816681,0.36726996890677255,0.07408381943718646,0.66424560546875,-0.17596435546875,0.712158203125,0.14337158203125,0.9843707132498954,-0.008571663030413892,-0.022686910469795134,0.17438172815635453,0.864990234375,-0.0804443359375,-0.4931640625,0.04541015625,0.9117560243128136,-0.2704210568431229,-0.15111447337479098,0.26952267649979095
214,0.6722773421169523,-0.6874518250940636,-0.24416471245296822,-0.12532926323421822,0.6474360335232023,0.6636360704300794,0.3671995437264841,0.07404768825773411,0.66424560546875,-0.17571939831992056,0.7122071945547659,0.1434205734610159,0.984375,-0.008409991312186449,-0.02264404296875,0.17418147568718645,0.8648561203360159,-0.08150602104671822,-0.4931271147967182,0.04559244519492056,0.9118411469220318,-0.27025081162468645,-0.151123046875,0.26938427571070234
215,0.6722412109375,-0.6875,-0.244140625,-0.12530517578125,0.6472349645302048,0.6638612268760452,0.3671050310932274,0.07424181679818144,0.66412353515625,-0.1754150390625,0.71234130859375,0.1435546875,0.984375,-0.008320581952863712,-0.022314167341659693,0.17425700414140888,0.8648681640625,-0.08148193359375,-0.49310302734375,0.0455322265625,0.911865234375,-0.2701201678119774,-0.15124675023515888,0.26934814453125
216,0.67242431640625,-0.68731689453125,-0.24420166015625,-0.12518310546875,0.64727783203125,0.663818359375,0.36712646484375,0.07415771484375,0.6640625,-0.17559814453125,0.71246337890625,0.14337158203125,0.984375,-0.008544921875,-0.02203369140625,0.17431640625,0.86474609375,-0.08258056640625,-0.4931640625,0.04632568359375,0.91180419921875,-0.27032470703125,-0.151123046875,0.2694091796875
217,0.67242431640625,-0.68731689453125,-0.24420166015625,-0.12518310546875,0.647216796875,0.6639404296875,0.366943359375,0.074462890625,0.66387939453125,-0.1751708984375,0.712646484375,0.1434326171875,0.984375,-0.008544921875,-0.0213623046875,0.17425537109375,0.8647718142506271,-0.0830949764187918,-0.49300973949623744,0.04653144759876671,0.9117784787181229,-0.2703761480325042,-0.1510973263743729,0.2694606206887542
218,0.67242431640625,-0.6873779296875,-0.24420166015625,-0.1251220703125,0.647216796875,0.66400146484375,0.366943359375,0.07440185546875,0.66387939453125,-0.17510986328125,0.71270751953125,0.1434326171875,0.984375,-0.008544921875,-0.02130126953125,0.17425537109375,0.86480712890625,-0.08380126953125,-0.49273681640625,0.04681396484375,0.91180419921875,-0.2703857421875,-0.1510009765625,0.26947021484375
219,0.67242431640625,-0.6873779296875,-0.24420166015625,-0.1251220703125,0.647705078125,0.66357421875,0.36669921875,0.07470703125,0.6634521484375,-0.17498779296875,0.71319580078125,0.142822265625,0.98443603515625,-0.00885009765625,-0.02044677734375,0.1741943359375,0.8648377485498536,-0.08405643322794727,-0.4926245443797032,0.046926236870296796,0.91162109375,-0.27081298828125,-0.15106201171875,0.2696533203125
220,0.672119140625,-0.68768310546875,-0.24407958984375,-0.1251220703125,0.64739990234375,0.66387939453125,0.36663818359375,0.07476806640625,0.66351318359375,-0.17462158203125,0.71319580078125,0.14306640625,0.98443603515625,-0.0084228515625,-0.02044677734375,0.174072265625,0.86505126953125,-0.08502197265625,-0.4920654296875,0.04718017578125,0.9117431640625,-0.27044677734375,-0.151123046875,0.26947021484375
221,0.672119140625,-0.68768310546875,-0.24407958984375,-0.1251220703125,0.6477342688519021,0.6636007557744565,0.36663818359375,0.07487952190896738,0.66314697265625,-0.17486572265625,0.71356201171875,0.14263916015625,0.98443603515625,-0.008812945822010844,-0.020000955332880464,0.17418372112771738,0.86505126953125,-0.08502197265625,-0.4920654296875,0.04718017578125,0.9116317085597826,-0.27072541610054346,-0.1510673191236413,0.26969312584918476
222,0.67193603515625,-0.68792724609375,-0.243896484375,-0.1251220703125,0.6475830078125,0.663818359375,0.366455078125,0.074951171875,0.66326904296875,-0.174560546875,0.7135009765625,0.14276123046875,0.98443603515625,-0.008544921875,-0.02008056640625,0.17401123046875,0.8651123046875,-0.085693359375,-0.4918212890625,0.04730224609375,0.9117431640625,-0.2705078125,-0.151123046875,0.26953125
223,0.67193603515625,-0.68792724609375,-0.243896484375,-0.1251220703125,0.6477036492082985,0.6636172903820026,0.366455078125,0.07519245466659698,0.66302490234375,-0.17486572265625,0.7137451171875,0.14263916015625,0.98443603515625,-0.008705777069397989,-0.019959925010451508,0.1740514442673495,0.8651123046875,-0.085693359375,-0.4918212890625,0.04730224609375,0.911662736465301,-0.270588240097199,-0.15128390206939799,0.26953125
224,0.67193603515625,-0.68792724609375,-0.24395751953125,-0.125,0.64776611328125,0.66351318359375,0.36651611328125,0.0751953125,0.66290283203125,-0.1748046875,0.71380615234375,0.14263916015625,0.98443603515625,-0.0087890625,-0.019775390625,0.17401123046875,0.86505126953125,-0.08612060546875,-0.4918212890625,0.04736328125,0.91168212890625,-0.2706298828125,-0.1512451171875,0.26953125
225,0.67193603515625,-0.68792724609375,-0.24395751953125,-0.125,0.6480712890625,0.6632080078125,0.36651611328125,0.07568359375,0.662841796875,-0.1751708984375,0.71380615234375,0.14251708984375,0.98443603515625,-0.00909423828125,-0.0196533203125,0.17413330078125,0.86505126953125,-0.08612060546875,-0.4918212890625,0.04736328125,0.91168212890625,-0.2706051829666597,-0.1513192167250209,0.2695065501541597
226,0.67205810546875,-0.68780517578125,-0.24407958984375,-0.12493896484375,0.64813232421875,0.6630859375,0.36663818359375,0.07562255859375,0.6627197265625,-0.17535400390625,0.7138671875,0.1424560546875,0.98443603515625,-0.00927734375,-0.01959228515625,0.1741943359375,0.86517333984375,-0.08575439453125,-0.49176025390625,0.04730224609375,0.91162109375,-0.27069091796875,-0.15130615234375,0.26953125
227,0.67205810546875,-0.68780517578125,-0.24407958984375,-0.12493896484375,0.6485595703125,0.66253662109375,0.3668212890625,0.07598876953125,0.66259765625,-0.17578125,0.71392822265625,0.1424560546875,0.98443603515625,-0.00982666015625,-0.01934814453125,0.17431640625,0.8652008975229933,-0.08561660613503347,-0.4917326962270067,0.04722875894910119,0.91168212890625,-0.2706298828125,-0.151123046875,0.26959228515625
228,0.6719970703125,-0.6878662109375,-0.2440185546875,-0.12506103515625,0.64849853515625,0.66259765625,0.36676025390625,0.07611083984375,0.6626515468227425,-0.175734504010765,0.7138104390938546,0.142514232010347,0.984375,-0.00970458984375,-0.01947021484375,0.17437744140625,0.86529541015625,-0.084716796875,-0.49169921875,0.0467529296875,0.91168212890625,-0.27056884765625,-0.1512451171875,0.26953125
229,0.6719970703125,-0.6878662109375,-0.2440185546875,-0.12506103515625,0.6489908990253971,0.6619958781877091,0.3669790822925376,0.07643908242318141,0.662353515625,-0.17633056640625,0.7139892578125,0.14239501953125,0.984375,-0.01031494140625,-0.01910400390625,0.17462158203125,0.86529541015625,-0.084716796875,-0.49169921875,0.0467529296875,0.91168212890625,-0.27056884765625,-0.1511357029943562,0.2696406641931438
230,0.67181396484375,-0.68804931640625,-0.243896484375,-0.12518310546875,0.64886474609375,0.662109375,0.36688232421875,0.07666015625,0.6624755859375,-0.17608642578125,0.71392822265625,0.142578125,0.984375,-0.010009765625,-0.01922607421875,0.174560546875,0.865478515625,-0.083740234375,-0.4915771484375,0.0462646484375,0.9117431640625,-0.27032470703125,-0.15130615234375,0.26959228515625
231,0.67181396484375,-0.68804931640625,-0.243896484375,-0.12518310546875,0.6492958706756898,0.6616390572742474,0.36692151736256273,0.07697370140050168,0.662109375,-0.1767578125,0.71417236328125,0.14227294921875,0.98431396484375,-0.0108642578125,-0.01898193359375,0.17474365234375,0.865478515625,-0.083740234375,-0.4915771484375,0.0462646484375,0.9117431640625,-0.2702463207436246,-0.15130615234375,0.2696706714438754
232,0.67169189453125,-0.68817138671875,-0.24383544921875,-0.125244140625,0.6494140625,0.6614990234375,0.36688232421875,0.07720947265625,0.66217041015625,-0.1766357421875,0.714111328125,0.14239501953125,0.98431396484375,-0.01068115234375,-0.01904296875,0.17474365234375,0.8656005859375,-0.08197021484375,-0.4918212890625,0.04547119140625,0.91180419921875,-0.27001953125,-0.1513671875,0.2696533203125
233,0.67169189453125,-0.68817138671875,-0.24383544921875,-0.125244140625,0.64990234375,0.6610107421875,0.36688232421875,0.07757568359375,0.6617431640625,-0.177001953125,0.7144775390625,0.14202880859375,0.98431396484375,-0.01116943359375,-0.0189208984375,0.1748046875,0.8656005859375,-0.08197021484375,-0.4918212890625,0.04547119140625,0.91180419921875,-0.26985377691262535,-0.15160397941053516,0.2696769995035535
234,0.6715087890625,-0.6883544921875,-0.24383544921875,-0.125244140625,0.649658203125,0.66119384765625,0.36688232421875,0.07763671875,0.6615998641304347,-0.17688253651494568,0.7146208389945653,0.1420526919157608,0.98431396484375,-0.0108642578125,-0.0189208984375,0.17474365234375,0.86529541015625,-0.07989501953125,-0.4927978515625,0.0443115234375,0.911865234375,-0.26934814453125,-0.1519775390625,0.2696533203125
235,0.6715087890625,-0.6883544921875,-0.24383544921875,-0.125244140625,0.65032958984375,0.6607666015625,0.36639404296875,0.07843017578125,0.66119384765625,-0.17706298828125,0.71502685546875,0.1416015625,0.984375,-0.01129150390625,-0.01904296875,0.174560546875,0.8652545839647784,-0.07972354952706931,-0.49289583442203183,0.044213540577968176,0.9117431640625,-0.26904296875,-0.1531982421875,0.26971435546875
236,0.67132568359375,-0.6884765625,-0.2440185546875,-0.125,0.65008544921875,0.660888671875,0.3665771484375,0.07818603515625,0.6610058430445234,-0.17688151586015888,0.7152758952367266,0.1417195501933528,0.984375,-0.011109214961329439,-0.018739426016408878,0.17455891382734112,0.86517333984375,-0.07855224609375,-0.49322509765625,0.04351806640625,0.911865234375,-0.26885986328125,-0.15289306640625,0.269775390625
237,0.67132568359375,-0.6884765625,-0.2440185546875,-0.125,0.650634765625,0.66058349609375,0.365966796875,0.07916259765625,0.6602783203125,-0.1771240234375,0.71600341796875,0.14111328125,0.984375,-0.01123046875,-0.01898193359375,0.17431640625,0.86517333984375,-0.07855224609375,-0.49322509765625,0.04351806640625,0.9117041750496446,-0.26837668530518394,-0.15487946475229944,0.26966801774142973
238,0.6712646484375,-0.68853759765625,-0.2442626953125,-0.124755859375,0.6505126953125,0.66058349609375,0.3662109375,0.07891845703125,0.6600341796875,-0.1771240234375,0.71624755859375,0.14117431640625,0.98443603515625,-0.01116943359375,-0.01861572265625,0.17431640625,0.8648681640625,-0.07684326171875,-0.49407958984375,0.0428466796875,0.91168212890625,-0.26824951171875,-0.15484619140625,0.269775390625
239,0.6712646484375,-0.68853759765625,-0.2442626953125,-0.124755859375,0.65045166015625,0.66064453125,0.3660888671875,0.0797119140625,0.65985107421875,-0.17730712890625,0.71636962890625,0.14117431640625,0.984375,-0.01123046875,-0.019287109375,0.17431640625,0.8648681640625,-0.07684326171875,-0.49407958984375,0.0428466796875,0.9116057839281981,-0.2675624069162834,-0.1564494359453387,0.269775390625
240,0.67132568359375,-0.68841552734375,-0.2445068359375,-0.12445068359375,0.6505126953125,0.6605224609375,0.3663330078125,0.079345703125,0.6596067294627926,-0.17767252331992056,0.7164921074806647,0.1412043236569816,0.984375,-0.011291912168164712,-0.01907277186977425,0.17437723727529264,0.86431884765625,-0.07501220703125,-0.4954833984375,0.042236328125,0.91156005859375,-0.26727294921875,-0.15704345703125,0.2698974609375
241,0.67132568359375,-0.68841552734375,-0.2445068359375,-0.12445068359375,0.6505126953125,0.660400390625,0.3662109375,0.0802001953125,0.65966796875,-0.17791748046875,0.71636962890625,0.141357421875,0.984375,-0.01116943359375,-0.019287109375,0.1744384765625,0.86431884765625,-0.07501220703125,-0.4954833984375,0.042236328125,0.91156005859375,-0.26679711995714883,-0.15808574969951922,0.2697841682561664
242,0.67132568359375,-0.68841552734375,-0.24468994140625,-0.124267578125,0.6505126953125,0.660400390625,0.3663330078125,0.08001708984375,0.6594685328046613,-0.17802179138795987,0.7164320929792015,0.14141702811454848,0.984375,-0.011124728914088632,-0.019162181229096985,0.17451441327863712,0.8636474609375,-0.07373046875,-0.496826171875,0.0419921875,0.91156005859375,-0.2659912109375,-0.15960693359375,0.2696533203125
243,0.67132568359375,-0.68841552734375,-0.24468994140625,-0.124267578125,0.6505126953125,0.6602783203125,0.36639404296875,0.08062744140625,0.65960693359375,-0.1783447265625,0.71624755859375,0.1416015625,0.984375,-0.010986328125,-0.01953125,0.174560546875,0.8635045692673494,-0.07356614332932683,-0.4970976660482861,0.04194931999895482,0.9114990234375,-0.26495361328125,-0.16204833984375,0.26934814453125
244,0.671142578125,-0.68853759765625,-0.24481201171875,-0.12408447265625,0.65032958984375,0.660400390625,0.36651611328125,0.0804443359375,0.659423828125,-0.17816162109375,0.71636962890625,0.1417236328125,0.984375,-0.01080322265625,-0.019287109375,0.17449951171875,0.86260986328125,-0.07220458984375,-0.4989013671875,0.04150390625,0.91162109375,-0.2647705078125,-0.16180419921875,0.2694091796875
245,0.671142578125,-0.68853759765625,-0.24481201171875,-0.12408447265625,0.65064558456574,0.6601370616900083,0.366358115920255,0.08091832802048497,0.65960693359375,-0.1788330078125,0.71612548828125,0.14154052734375,0.98431396484375,-0.010986328125,-0.02020263671875,0.174560546875,0.86260986328125,-0.07220458984375,-0.4989013671875,0.04150390625,0.91162109375,-0.26413851836852004,-0.16348950440269658,0.268935187604515
246,0.6708984375,-0.68878173828125,-0.2449951171875,-0.1239013671875,0.650390625,0.66033935546875,0.36651611328125,0.08087158203125,0.65936279296875,-0.1785888671875,0.71630859375,0.14178466796875,0.984375,-0.01068115234375,-0.01995849609375,0.174560546875,0.86126708984375,-0.0709228515625,-0.50146484375,0.04046630859375,0.9117431640625,-0.263671875,-0.16351318359375,0.2689208984375
247,0.6708984375,-0.68878173828125,-0.2449951171875,-0.1239013671875,0.6505126953125,0.66021728515625,0.36639404296875,0.08123779296875,0.6595458984375,-0.17889404296875,0.71612548828125,0.14166259765625,0.984375,-0.010498046875,-0.02099609375,0.17425537109375,0.86126708984375,-0.0709228515625,-0.50146484375,0.04046630859375,0.9118174677309783,-0.2633003566576087,-0.16425622027853265,0.2686979874320652
248,0.67083740234375,-0.68878173828125,-0.24517822265625,-0.12371826171875,0.65045166015625,0.66021728515625,0.3665771484375,0.0810546875,0.6594803724001881,-0.17901162240018814,0.7161299791623119,0.14169199251410952,0.984375,-0.010351072585702337,-0.021308209983800185,0.17422597623589048,0.8602294921875,-0.0701904296875,-0.50335693359375,0.03997802734375,0.911865234375,-0.26300048828125,-0.16448974609375,0.26861572265625
249,0.67083740234375,-0.68878173828125,-0.24517822265625,-0.12371826171875,0.650390625,0.6602783203125,0.36639404296875,0.0814208984375,0.65960693359375,-0.17913818359375,0.71600341796875,0.1417236328125,0.984375,-0.01019287109375,-0.02197265625,0.1741943359375,0.8602294921875,-0.0701904296875,-0.50335693359375,0.03997802734375,0.9119085101379598,-0.26269755794053096,-0.1649441416048286,0.2684642574858905
250,0.6707763671875,-0.68878173828125,-0.24542236328125,-0.12359619140625,0.65032958984375,0.6602783203125,0.36663818359375,0.081298828125,0.6594515899352007,-0.17916594540395067,0.716144880722199,0.14183182221989968,0.984375,-0.010026300232545993,-0.022144942778010015,0.17424700172449833,0.85888671875,-0.06884765625,-0.50592041015625,0.03912353515625,0.91204833984375,-0.2620849609375,-0.16558837890625,0.268310546875
251,0.6707702432587793,-0.6887878622099707,-0.2454407350674122,-0.12359006747752926,0.6503234659150293,0.6603454793974707,0.3664124147549122,0.08135373935252926,0.6595336505800585,-0.17926025390625,0.7160095418974707,0.14179691582619147,0.984375,-0.009454325290029266,-0.023541198526337796,0.17401735439747074,0.8587519923181438,-0.06864556660221575,-0.5061837390912416,0.039007180510556044,0.912353515625,-0.26127925604880853,-0.16612544745505853,0.26765140801369147
252,0.67071533203125,-0.6888427734375,-0.24560546875,-0.12353515625,0.6502685546875,0.660400390625,0.3665771484375,0.081298828125,0.659423828125,-0.17926025390625,0.716064453125,0.14190673828125,0.984375,-0.0093994140625,-0.02337646484375,0.174072265625,0.8575439453125,-0.06683349609375,-0.508544921875,0.0379638671875,0.912353515625,-0.26116943359375,-0.166015625,0.26776123046875
253,0.67071533203125,-0.6888427734375,-0.24560546875,-0.12353515625,0.6504234900841346,0.660400390625,0.3662672776442307,0.08135047325721154,0.6595458984375,-0.17919921875,0.716064453125,0.14154052734375,0.98443603515625,-0.00872802734375,-0.02496337890625,0.17333984375,0.8575439453125,-0.06683349609375,-0.508544921875,0.0379638671875,0.9125600961538461,-0.26096285306490385,-0.16617056039663464,0.2672447791466346
254,0.67059326171875,-0.6888427734375,-0.245849609375,-0.12353515625,0.65032958984375,0.660400390625,0.366455078125,0.08135986328125,0.659423828125,-0.17926025390625,0.71612548828125,0.1417236328125,0.9844799233120819,-0.008298739940426405,-0.02528019015206942,0.17330350843959028,0.85650634765625,-0.0662841796875,-0.5103759765625,0.0372314453125,0.91259765625,-0.2607421875,-0.16607666015625,0.26739501953125
255,0.67059326171875,-0.6888427734375,-0.245849609375,-0.12353515625,0.6504018522026547,0.6603642594455477,0.36631055340719065,0.08146825681960702,0.659423828125,-0.1790771484375,0.7161865234375,0.1414794921875,0.9844970703125,-0.0081787109375,-0.02545166015625,0.1732177734375,0.85650634765625,-0.0662841796875,-0.5103759765625,0.0372314453125,0.91259765625,-0.2608144498589047,-0.1662573160535117,0.26725049481344065
256,0.67041015625,-0.68896484375,-0.2459716796875,-0.12347412109375,0.6502685546875,0.66046142578125,0.3663330078125,0.08148193359375,0.65936279296875,-0.17898773907817725,0.7163369679530728,0.14143560403166805,0.9844970703125,-0.007967231265677256,-0.025556583468331947,0.17316102503135453,0.85601806640625,-0.06640625,-0.51123046875,0.0369873046875,0.91265869140625,-0.2606201171875,-0.166259765625,0.2672119140625
257,0.67041015625,-0.68896484375,-0.2459716796875,-0.12347412109375,0.650634765625,0.66021728515625,0.36602783203125,0.08197021484375,0.65936279296875,-0.178955078125,0.71636962890625,0.14117431640625,0.9844970703125,-0.0079345703125,-0.02581787109375,0.173095703125,0.85601806640625,-0.06640625,-0.51123046875,0.0369873046875,0.9125968397261706,-0.2607438205476589,-0.16650717234531773,0.2671294451557274
258,0.670166015625,-0.68914794921875,-0.24627685546875,-0.12322998046875,0.650390625,0.66033935546875,0.3663330078125,0.08172607421875,0.6590576171875,-0.17872053165499582,0.7167133854384407,0.14127699427780102,0.98455810546875,-0.00799560546875,-0.02618408203125,0.1728515625,0.85577392578125,-0.06695556640625,-0.51153564453125,0.036865234375,0.91259765625,-0.26068115234375,-0.1666259765625,0.26708984375
259,0.670166015625,-0.68914794921875,-0.24627685546875,-0.12322998046875,0.6507568359375,0.66021728515625,0.3656005859375,0.08251953125,0.6590576171875,-0.17852783203125,0.71685791015625,0.1407470703125,0.98455810546875,-0.00799560546875,-0.02618408203125,0.1728515625,0.85577392578125,-0.06695556640625,-0.51153564453125,0.036865234375,0.9125823464281981,-0.26072197853522155,-0.1666821125757734,0.2670745339281982
260,0.66986083984375,-0.68939208984375,-0.24658203125,-0.12286376953125,0.650390625,0.66046142578125,0.36590576171875,0.08221435546875,0.6581075917119565,-0.17810854704483697,0.7179246985394021,0.14005710767663046,0.9846164869225543,-0.008096446161684768,-0.026276961616847807,0.17249862007472827,0.85565185546875,-0.06756591796875,-0.51177978515625,0.03631591796875,0.91253662109375,-0.26080322265625,-0.16680908203125,0.2669677734375
261,0.66986083984375,-0.68939208984375,-0.24658203125,-0.12286376953125,0.6506437473871237,0.66046142578125,0.36529826798965304,0.08292309815269645,0.6580810546875,-0.1781005859375,0.71795654296875,0.1400146484375,0.984619140625,-0.00811767578125,-0.02630615234375,0.1724853515625,0.85565185546875,-0.06756591796875,-0.51177978515625,0.03631591796875,0.9123847476614758,-0.2611069695207985,-0.1674672002377717,0.26681590000522576
262,0.669677734375,-0.68951416015625,-0.246826171875,-0.12255859375,0.6505126953125,0.66058349609375,0.36541748046875,0.08282470703125,0.6574939740541388,-0.17787461296770485,0.7186475262594063,0.13966517623850339,0.984619140625,-0.00836181640625,-0.0264892578125,0.17236328125,0.85540771484375,-0.06842041015625,-0.51202392578125,0.0361328125,0.9124755859375,-0.260986328125,-0.167236328125,0.266845703125
263,0.669677734375,-0.68951416015625,-0.246826171875,-0.12255859375,0.6506180268864966,0.66058349609375,0.3651365962714256,0.08310559122857443,0.6573486328125,-0.1778564453125,0.71881103515625,0.13946533203125,0.984619140625,-0.00836181640625,-0.0264892578125,0.17236328125,0.85540771484375,-0.06842041015625,-0.51202392578125,0.0361328125,0.9123702543635034,-0.26119699127299334,-0.1673767702236622,0.266845703125
264,0.6695556640625,-0.68963623046875,-0.24700927734375,-0.12237548828125,0.6505126953125,0.66070556640625,0.3651123046875,0.0831298828125,0.6570287596023202,-0.1777890820965719,0.7191582619147158,0.13936857395746235,0.984619140625,-0.00848388671875,-0.0263671875,0.1722412109375,0.85540771484375,-0.06927490234375,-0.511962890625,0.03607177734375,0.91241455078125,-0.26116943359375,-0.167236328125,0.26690673828125
265,0.6695556640625,-0.68963623046875,-0.24700927734375,-0.12237548828125,0.6505910816001255,0.660646776690531,0.36507311154368727,0.0831690759563127,0.6568603515625,-0.1778564453125,0.7193603515625,0.13909912109375,0.984619140625,-0.00848388671875,-0.0263671875,0.1722412109375,0.85540771484375,-0.06927490234375,-0.511962890625,0.03607177734375,0.9123949542093437,-0.26122822330946904,-0.167236328125,0.26688714170934363
266,0.66943359375,-0.68975830078125,-0.24700927734375,-0.12237548828125,0.650634765625,0.66064453125,0.364990234375,0.083251953125,0.656812993180393,-0.1777935729776338,0.7193958703490803,0.13918567261966974,0.984619140625,-0.0084228515625,-0.02630615234375,0.17230224609375,0.85540771484375,-0.06982421875,-0.51190185546875,0.03619384765625,0.91241455078125,-0.26116943359375,-0.167236328125,0.266845703125
267,0.66943359375,-0.6897542181621028,-0.24700519472460283,-0.12238365351954432,0.6506388482441472,0.66064453125,0.36492511659960286,0.08326011836329432,0.6566243761757943,-0.17804363340039717,0.7195352917929557,0.1390380859375,0.984619140625,-0.008426934181647156,-0.026314317582044312,0.17230632871289717,0.8554036322246028,-0.06987321017976587,-0.5118977728496028,0.0362224259902801,0.91241455078125,-0.26117351621289714,-0.16724041074414717,0.266845703125
268,0.66943359375,-0.689697265625,-0.2469482421875,-0.12249755859375,0.65069580078125,0.66064453125,0.3648681640625,0.0833740234375,0.6566235596519648,-0.17815794673651755,0.7195361083167852,0.13909544673651755,0.984619140625,-0.0084228515625,-0.0262451171875,0.17236328125,0.8553466796875,-0.070556640625,-0.5118408203125,0.03662109375,0.91241455078125,-0.26123046875,-0.16729736328125,0.266845703125
269,0.66943359375,-0.689697265625,-0.2469482421875,-0.12249755859375,0.6505965931359741,0.66064453125,0.36496737170777593,0.08327481579222408,0.6566162109375,-0.17816162109375,0.71954345703125,0.13909912109375,0.984619140625,-0.0084228515625,-0.0262451171875,0.17236328125,0.8553466796875,-0.070556640625,-0.5118408203125,0.03662109375,0.91241455078125,-0.26123046875,-0.16729736328125,0.266845703125
270,0.6695556640625,-0.68963623046875,-0.2469482421875,-0.1226806640625,0.65069580078125,0.6605224609375,0.36492919921875,0.0833740234375,0.6565517055549749,-0.1784284202550167,0.7195050804112667,0.1390154274012333,0.984619140625,-0.008544921875,-0.026123046875,0.17242431640625,0.8553466796875,-0.071533203125,-0.5115966796875,0.0372314453125,0.91241455078125,-0.2613525390625,-0.16717529296875,0.266845703125
271,0.6695556640625,-0.68963623046875,-0.2469482421875,-0.1226806640625,0.6507298906511287,0.6604883710676213,0.36499737895850753,0.08330584369774248,0.656494140625,-0.178466796875,0.71954345703125,0.13897705078125,0.984619140625,-0.008544921875,-0.026123046875,0.17242431640625,0.8553466796875,-0.071533203125,-0.5115966796875,0.0372314453125,0.9124486406511287,-0.2614548086721363,-0.1668343942699624,0.26677752338524247
272,0.66943359375,-0.68963623046875,-0.2469482421875,-0.1229248046875,0.65069580078125,0.66046142578125,0.36505126953125,0.08349609375,0.6565108793635034,-0.17852783203125,0.7195267182927466,0.13911585983225336,0.98455810546875,-0.0081787109375,-0.0260009765625,0.17254638671875,0.85552978515625,-0.0716552734375,-0.5113525390625,0.0374755859375,0.9124755859375,-0.2613525390625,-0.166748046875,0.26678466796875
273,0.66943359375,-0.68963623046875,-0.2469482421875,-0.1229248046875,0.6507515285326086,0.6604242739470109,0.36505126953125,0.0834403659986413,0.6563720703125,-0.17852783203125,0.71966552734375,0.13897705078125,0.98455810546875,-0.0081787109375,-0.0260009765625,0.17254638671875,0.85552978515625,-0.0716552734375,-0.5113525390625,0.0374755859375,0.9124755859375,-0.26137111497961957,-0.1666923191236413,0.26676609205163043
274,0.66937255859375,-0.68975830078125,-0.24688720703125,-0.12310791015625,0.6507568359375,0.66046142578125,0.364990234375,0.08349609375,0.65648332168426,-0.17847761581573995,0.71954345703125,0.13910994003448995,0.984619140625,-0.0079345703125,-0.0263671875,0.17236328125,0.8555908203125,-0.07159423828125,-0.51129150390625,0.03729248046875,0.91253662109375,-0.26129150390625,-0.16680908203125,0.2667236328125
275,0.66937255859375,-0.68975830078125,-0.24688720703125,-0.12310791015625,0.6507537739731396,0.6604644877456104,0.364990234375,0.08349915571436037,0.65643310546875,-0.17852783203125,0.71954345703125,0.13916015625,0.984619140625,-0.0079345703125,-0.0263671875,0.17236328125,0.8555908203125,-0.07159423828125,-0.51129150390625,0.03729248046875,0.9125396830581104,-0.2612823180131689,-0.16681520595997074,0.26671750888377926
276,0.66949462890625,-0.68951416015625,-0.24700927734375,-0.1231689453125,0.65081787109375,0.66033935546875,0.3651123046875,0.08355712890625,0.6564284104567307,-0.17872032752403846,0.7194871168870193,0.13938082181490383,0.984619140625,-0.00762939453125,-0.02630615234375,0.1724853515625,0.8555908203125,-0.0711669921875,-0.51129150390625,0.03729248046875,0.9124755859375,-0.26129150390625,-0.16693115234375,0.26678466796875
277,0.66949462890625,-0.68951416015625,-0.24700927734375,-0.1231689453125,0.65081787109375,0.66033935546875,0.3651123046875,0.08355712890625,0.65643310546875,-0.1787109375,0.719482421875,0.139404296875,0.984619140625,-0.00762939453125,-0.02630615234375,0.1724853515625,0.8555908203125,-0.0711669921875,-0.51129150390625,0.03729248046875,0.9124755859375,-0.26129150390625,-0.16693115234375,0.26678466796875
278,0.66961669921875,-0.68939208984375,-0.24713134765625,-0.1231689453125,0.65069580078125,0.66046142578125,0.36517333984375,0.08355712890625,0.6564128965039716,-0.1786490858199206,0.7195232480664716,0.13930243552727842,0.984619140625,-0.0074462890625,-0.02630615234375,0.1724853515625,0.8555908203125,-0.07080078125,-0.5113525390625,0.03729248046875,0.9124755859375,-0.26116943359375,-0.167236328125,0.26678466796875
279,0.66961669921875,-0.68939208984375,-0.24713134765625,-0.1231689453125,0.65069580078125,0.66046142578125,0.36517333984375,0.08355712890625,0.65643310546875,-0.17852783203125,0.71954345703125,0.1392822265625,0.984619140625,-0.0074462890625,-0.02630615234375,0.1724853515625,0.8555908203125,-0.07080078125,-0.5113525390625,0.03729248046875,0.9124755859375,-0.26116943359375,-0.167236328125,0.26678466796875
280,0.66949462890625,-0.689453125,-0.247314453125,-0.123046875,0.65069580078125,0.66046142578125,0.36505126953125,0.0836181640625,0.6563512489548495,-0.17844148463628762,0.7195895906276129,0.13930304792015052,0.984619140625,-0.00775146484375,-0.02642822265625,0.1722412109375,0.85552978515625,-0.0711669921875,-0.51141357421875,0.037109375,0.912353515625,-0.26129150390625,-0.16748046875,0.266845703125
281,0.66949462890625,-0.689453125,-0.247314453125,-0.123046875,0.65069580078125,0.6604789810435828,0.36501615900658446,0.0836181640625,0.656494140625,-0.17840576171875,0.719482421875,0.13916015625,0.984619140625,-0.00775146484375,-0.02642822265625,0.1722412109375,0.85552978515625,-0.0711669921875,-0.51141357421875,0.037109375,0.912353515625,-0.26129150390625,-0.16748046875,0.266845703125
282,0.66949462890625,-0.689453125,-0.2474365234375,-0.12298583984375,0.650634765625,0.6605224609375,0.36505126953125,0.08355712890625,0.65643310546875,-0.17845699858904682,0.7196044921875,0.13916995453595318,0.984619140625,-0.00775146484375,-0.026123046875,0.1722412109375,0.85565185546875,-0.07122802734375,-0.51123046875,0.0372314453125,0.91229248046875,-0.26116943359375,-0.16766357421875,0.26690673828125
283,0.66949462890625,-0.689453125,-0.2474365234375,-0.12298583984375,0.6506388482441472,0.6605204196279264,0.36505126953125,0.08356121152539717,0.65643310546875,-0.17840576171875,0.7196044921875,0.13922119140625,0.984619140625,-0.00775146484375,-0.026123046875,0.1722412109375,0.85565185546875,-0.07122802734375,-0.51123046875,0.0372314453125,0.9122883978496028,-0.26117759883204433,-0.1676758220761915,0.2669087795908236
284,0.66949462890625,-0.689453125,-0.24749755859375,-0.1229248046875,0.65069580078125,0.66046142578125,0.36505126953125,0.0836181640625,0.656482709291388,-0.17846108120819398,0.719554888364862,0.13905523293791805,0.984619140625,-0.00811767578125,-0.0260009765625,0.17230224609375,0.855712890625,-0.07183837890625,-0.510986328125,0.03753662109375,0.91217041015625,-0.26141357421875,-0.16796875,0.2669677734375
285,0.66949462890625,-0.689453125,-0.24749755859375,-0.1229248046875,0.65069580078125,0.66046142578125,0.36505126953125,0.0836181640625,0.656494140625,-0.178466796875,0.71954345703125,0.1390380859375,0.984619140625,-0.00811767578125,-0.0260009765625,0.17230224609375,0.855712890625,-0.07183837890625,-0.510986328125,0.03753662109375,0.91217041015625,-0.26141357421875,-0.16796875,0.2669677734375
286,0.6693115234375,-0.6895751953125,-0.24749755859375,-0.12298583984375,0.6507568359375,0.6605224609375,0.36492919921875,0.08367919921875,0.656494140625,-0.17818550441576086,0.7196628736413043,0.13894255264945649,0.98468017578125,-0.0081787109375,-0.02581787109375,0.172119140625,0.85595703125,-0.0723876953125,-0.51043701171875,0.03759765625,0.91217041015625,-0.2615966796875,-0.1676025390625,0.26702880859375
287,0.6693115234375,-0.6895751953125,-0.24749755859375,-0.12298583984375,0.6507568359375,0.6605224609375,0.36492919921875,0.08367919921875,0.656494140625,-0.1781005859375,0.7197265625,0.1387939453125,0.98468017578125,-0.0081787109375,-0.02581787109375,0.172119140625,0.85595703125,-0.0723876953125,-0.51043701171875,0.03759765625,0.91217041015625,-0.2615966796875,-0.1676025390625,0.26702880859375
288,0.66912841796875,-0.68975830078125,-0.247314453125,-0.1231689453125,0.65081787109375,0.6605224609375,0.36474609375,0.0836181640625,0.6565557881741221,-0.17780786214464883,0.7196892065348035,0.13883130127769647,0.9847412109375,-0.0079345703125,-0.02557373046875,0.17193603515625,0.85626220703125,-0.07257080078125,-0.50994873046875,0.03759765625,0.9122314453125,-0.2615966796875,-0.16748046875,0.2669677734375
289,0.66912841796875,-0.68975830078125,-0.247314453125,-0.1231689453125,0.65081787109375,0.6605224609375,0.36474609375,0.0836181640625,0.6563720703125,-0.177734375,0.71990966796875,0.13861083984375,0.9847412109375,-0.0079345703125,-0.02557373046875,0.17193603515625,0.85626220703125,-0.07257080078125,-0.50994873046875,0.03759765625,0.9122314453125,-0.2615966796875,-0.16748046875,0.2669677734375
290,0.66888427734375,-0.6900634765625,-0.2471923828125,-0.12335205078125,0.65093994140625,0.660400390625,0.36474609375,0.0836181640625,0.6563720703125,-0.17755126953125,0.72003173828125,0.13824462890625,0.9847412109375,-0.00775146484375,-0.0255126953125,0.171630859375,0.8564453125,-0.0726318359375,-0.5096435546875,0.03741455078125,0.9122314453125,-0.261474609375,-0.16766357421875,0.26690673828125
291,0.66888427734375,-0.6900634765625,-0.2471923828125,-0.12335205078125,0.65093994140625,0.660400390625,0.36474609375,0.0836181640625,0.6563720703125,-0.17755126953125,0.72003173828125,0.13824462890625,0.9847412109375,-0.00775146484375,-0.0255126953125,0.171630859375,0.8564453125,-0.0726318359375,-0.5096435546875,0.03741455078125,0.9122314453125,-0.261474609375,-0.16766357421875,0.26690673828125
292,0.66851806640625,-0.6904296875,-0.2470703125,-0.12353515625,0.6512451171875,0.66009521484375,0.3646240234375,0.08380126953125,0.6562769452863713,-0.17734795509772158,0.720181162142036,0.1380745878187709,0.98486328125,-0.00762939453125,-0.0252685546875,0.171142578125,0.856689453125,-0.07275390625,-0.50927734375,0.0369873046875,0.9122314453125,-0.261474609375,-0.16778564453125,0.266845703125
293,0.66851806640625,-0.6904296875,-0.2470703125,-0.12353515625,0.6512451171875,0.66009521484375,0.3646240234375,0.08380126953125,0.65625,-0.1773681640625,0.72021484375,0.13800048828125,0.98486328125,-0.00762939453125,-0.0252685546875,0.171142578125,0.856689453125,-0.07275390625,-0.50927734375,0.0369873046875,0.9122314453125,-0.261474609375,-0.16778564453125,0.266845703125
294,0.6680908203125,-0.69091796875,-0.24676513671875,-0.123779296875,0.6513671875,0.66009521484375,0.364501953125,0.083740234375,0.65636125137176,-0.17722894674958198,0.72016462753449,0.13786249575407605,0.98492431640625,-0.00775146484375,-0.025146484375,0.170654296875,0.856689453125,-0.0733642578125,-0.50921630859375,0.03662109375,0.912109375,-0.2615966796875,-0.16815185546875,0.266845703125
295,0.6680908203125,-0.69091796875,-0.24676513671875,-0.123779296875,0.6513671875,0.66009521484375,0.364501953125,0.083740234375,0.65625,-0.17742919921875,0.72027587890625,0.1375732421875,0.98492431640625,-0.00775146484375,-0.025146484375,0.170654296875,0.856689453125,-0.0733642578125,-0.50921630859375,0.03662109375,0.912109375,-0.2615966796875,-0.16815185546875,0.266845703125
296,0.66729736328125,-0.69183349609375,-0.24615478515625,-0.1239013671875,0.6514892578125,0.66015625,0.36431884765625,0.0836181640625,0.65631103515625,-0.17718505859375,0.72039794921875,0.13702392578125,0.98504638671875,-0.00787353515625,-0.02520751953125,0.16998291015625,0.85662841796875,-0.07470703125,-0.5091552734375,0.035888671875,0.91192626953125,-0.26202392578125,-0.1685791015625,0.2669677734375
297,0.66729736328125,-0.69183349609375,-0.24615478515625,-0.1239013671875,0.6514892578125,0.66015625,0.36431884765625,0.0836181640625,0.65631103515625,-0.17718505859375,0.72039794921875,0.13702392578125,0.98504638671875,-0.00787353515625,-0.02520751953125,0.16998291015625,0.85662841796875,-0.07470703125,-0.5091552734375,0.035888671875,0.91192626953125,-0.26202392578125,-0.1685791015625,0.2669677734375
298,0.6663818359375,-0.6929931640625,-0.24542236328125,-0.1240234375,0.65155029296875,0.66009521484375,0.36419677734375,0.08367919921875,0.656494140625,-0.17694091796875,0.7203369140625,0.136962890625,0.98516845703125,-0.00799560546875,-0.02532958984375,0.1693115234375,0.85650634765625,-0.07598876953125,-0.50921630859375,0.03509521484375,0.91168212890625,-0.2623291015625,-0.16900634765625,0.26708984375
299,0.6663818359375,-0.6929931640625,-0.24542236328125,-0.1240234375,0.65155029296875,0.66009521484375,0.36419677734375,0.08367919921875,0.656494140625,-0.17694091796875,0.7203369140625,0.136962890625,0.98516845703125,-0.00799560546875,-0.02532958984375,0.1693115234375,0.85650634765625,-0.07598876953125,-0.50921630859375,0.03509521484375,0.91168212890625,-0.2623291015625,-0.16900634765625,0.26708984375
