timestep,imu0_w,imu0_x,imu0_y,imu0_z,imu1_w,imu1_x,imu1_y,imu1_z,imu2_w,imu2_x,imu2_y,imu2_z,imu3_w,imu3_x,imu3_y,imu3_z,imu4_w,imu4_x,imu4_y,imu4_z,imu5_w,imu5_x,imu5_y,imu5_z
0,0.99884033203125,-0.02935791015625,-0.00115966796875,-0.03778076171875,0.73443603515625,0.53668212890625,0.335693359375,0.2445068359375,0.5556640625,-0.19012451171875,0.7955322265625,0.14898681640625,0.9722900390625,0.06292724609375,0.14727783203125,-0.17010498046875,0.9049072265625,-0.1925048828125,0.01043701171875,-0.3792724609375,0.91986083984375,-0.32354736328125,-0.01068115234375,-0.22137451171875
1,0.99884033203125,-0.02935791015625,-0.00115966796875,-0.03778076171875,0.7339510200015678,0.5372749252064172,0.3360705933841973,0.24418349250104515,0.5556640625,-0.19012451171875,0.7955322265625,0.14898681640625,0.9722900390625,0.06292724609375,0.14727783203125,-0.17010498046875,0.9049611171352425,-0.19234321109427258,0.010059777709552676,-0.37921857036475753,0.919921875,-0.32373046875,-0.01116943359375,-0.2208251953125
2,0.99884033203125,-0.02984619140625,-0.0008544921875,-0.03753662109375,0.7337646484375,0.5377197265625,0.335693359375,0.2442626953125,0.55584716796875,-0.18902587890625,0.79571533203125,0.14849853515625,0.972412109375,0.0631103515625,0.146484375,-0.1700439453125,0.90496826171875,-0.1917724609375,0.010009765625,-0.3795166015625,0.9200439453125,-0.32318115234375,-0.01123046875,-0.22113037109375
3,0.99884033203125,-0.02984619140625,-0.0008544921875,-0.03753662109375,0.7333290329744984,0.5381553420255016,0.3361289748380017,0.24390628266095318,0.55584716796875,-0.18902587890625,0.79571533203125,0.14849853515625,0.972412109375,0.0631103515625,0.146484375,-0.1700439453125,0.9050078631244775,-0.19173285953177258,0.0098513600020903,-0.3795166015625,0.91998291015625,-0.3238525390625,-0.0111083984375,-0.2203369140625
4,0.99884033203125,-0.0301513671875,-0.0003662109375,-0.037353515625,0.733154296875,0.53857421875,0.33587646484375,0.24395751953125,0.555908203125,-0.187744140625,0.796142578125,0.1475830078125,0.97259521484375,0.063232421875,0.14532470703125,-0.16998291015625,0.90496826171875,-0.19122314453125,0.009521484375,-0.3797607421875,0.9200439453125,-0.323486328125,-0.01141357421875,-0.220703125
5,0.99884033203125,-0.0301513671875,-0.0003662109375,-0.037353515625,0.7329771112040134,0.538776716659699,0.3361042749921614,0.24372970938283864,0.555908203125,-0.187744140625,0.796142578125,0.1475830078125,0.97259521484375,0.063232421875,0.14532470703125,-0.16998291015625,0.90496826171875,-0.19109658333768811,0.009420235420150502,-0.37983667890363715,0.92010498046875,-0.32379150390625,-0.01165771484375,-0.2198486328125
6,0.99884033203125,-0.03009033203125,-6.103515625e-05,-0.03729248046875,0.73284912109375,0.5389404296875,0.336181640625,0.24346923828125,0.55572509765625,-0.18719482421875,0.79656982421875,0.14654541015625,0.9727783203125,0.063232421875,0.14398193359375,-0.1700439453125,0.90496826171875,-0.19085693359375,0.00897216796875,-0.38006591796875,0.9200439453125,-0.32379150390625,-0.01190185546875,-0.22003173828125
7,0.99884033203125,-0.03009033203125,-7.205822794732438e-05,-0.037325549683841976,0.7330822386470527,0.5385021605220527,0.336825061402592,0.24294196801839466,0.5556148669392768,-0.1870625473583821,0.7967241472225125,0.1463139256506062,0.9728003664558946,0.063232421875,0.14372840294471154,-0.17009906067098662,0.9049572386470527,-0.19080181823526338,0.008950121825355352,-0.38013205639893394,0.9200549683841973,-0.32427978515625,-0.01190185546875,-0.21932728234740803
8,0.99884033203125,-0.03009033203125,-0.0001220703125,-0.0374755859375,0.7330322265625,0.5384521484375,0.33697509765625,0.2430419921875,0.55511474609375,-0.18646240234375,0.79742431640625,0.145263671875,0.972900390625,0.063232421875,0.142578125,-0.17034912109375,0.9049072265625,-0.1905517578125,0.00885009765625,-0.38043212890625,0.92010498046875,-0.32427978515625,-0.01190185546875,-0.21917724609375
9,0.99884033203125,-0.03009033203125,-0.0001220703125,-0.0374755859375,0.7339565315374164,0.5365457694267349,0.33818824793582775,0.24263760876097407,0.55511474609375,-0.18646240234375,0.79742431640625,0.145263671875,0.972900390625,0.063232421875,0.142578125,-0.17034912109375,0.9049072265625,-0.1905517578125,0.00885009765625,-0.38043212890625,0.919921875,-0.3250732421875,-0.0115966796875,-0.2186279296875
10,0.998779296875,-0.03045654296875,-0.00030517578125,-0.03778076171875,0.73370361328125,0.53668212890625,0.3385009765625,0.24285888671875,0.553955078125,-0.18609619140625,0.79852294921875,0.14385986328125,0.9730224609375,0.0631103515625,0.14141845703125,-0.17059326171875,0.90484619140625,-0.19012451171875,0.00921630859375,-0.380615234375,0.920166015625,-0.32476806640625,-0.01141357421875,-0.21826171875
11,0.998779296875,-0.03045654296875,-0.00030517578125,-0.03778076171875,0.7346166910535117,0.5345516141043061,0.33967493369826507,0.24316324597617056,0.553955078125,-0.18609619140625,0.79852294921875,0.14385986328125,0.9730224609375,0.0631103515625,0.14141845703125,-0.17059326171875,0.90484619140625,-0.19012451171875,0.00921630859375,-0.380615234375,0.91998291015625,-0.32550048828125,-0.01055908203125,-0.218017578125
12,0.998779296875,-0.03106689453125,-0.00067138671875,-0.0380859375,0.73443603515625,0.53411865234375,0.3404541015625,0.2435302734375,0.55218505859375,-0.1859130859375,0.800048828125,0.142578125,0.97314453125,0.0628662109375,0.1407470703125,-0.17083740234375,0.90478515625,-0.19000244140625,0.01019287109375,-0.38079833984375,0.92022705078125,-0.32501220703125,-0.01019287109375,-0.21759033203125
13,0.998779296875,-0.03106689453125,-0.00067138671875,-0.0380859375,0.7342317000679348,0.5336224099864131,0.34115467900815216,0.24420166015625,0.55218505859375,-0.1859130859375,0.800048828125,0.142578125,0.97314453125,0.0628662109375,0.1407470703125,-0.17083740234375,0.9046683933423914,-0.19003163213315216,0.010280443274456522,-0.3811194378396739,0.91986083984375,-0.32623291015625,-0.0084228515625,-0.2174072265625
14,0.99871826171875,-0.0318603515625,-0.00128173828125,-0.0384521484375,0.7332763671875,0.53369140625,0.3424072265625,0.2451171875,0.55157470703125,-0.1844482421875,0.80084228515625,0.1424560546875,0.97320556640625,0.06317138671875,0.139892578125,-0.17083740234375,0.90478515625,-0.1895751953125,0.01116943359375,-0.38104248046875,0.92022705078125,-0.32568359375,-0.0078125,-0.21685791015625
15,0.99871826171875,-0.0318603515625,-0.00128173828125,-0.0384521484375,0.7330230406694189,0.533810618729097,0.34255624216137126,0.24544502181751673,0.55157470703125,-0.1844482421875,0.80084228515625,0.1424560546875,0.97320556640625,0.06317138671875,0.139892578125,-0.17083740234375,0.9047553531302257,-0.18939637659385453,0.011184335153637124,-0.38120639762750835,0.92010498046875,-0.326171875,-0.0068359375,-0.21661376953125
16,0.99871826171875,-0.03179931640625,-0.001953125,-0.038818359375,0.73193359375,0.53411865234375,0.34375,0.246337890625,0.55120849609375,-0.18328857421875,0.8013916015625,0.14251708984375,0.9732666015625,0.0633544921875,0.139404296875,-0.1710205078125,0.90478515625,-0.189208984375,0.01171875,-0.3812255859375,0.920166015625,-0.326416015625,-0.00634765625,-0.216064453125
17,0.99871826171875,-0.03179931640625,-0.001953125,-0.038818359375,0.7319256326426631,0.5341235514867266,0.3437536743572324,0.24634585173233695,0.55120849609375,-0.18328857421875,0.8013916015625,0.14251708984375,0.9732666015625,0.0633544921875,0.139404296875,-0.1710205078125,0.9047845438571279,-0.18920041087479098,0.01171875,-0.38123109747334866,0.92022705078125,-0.3260498046875,-0.00628662109375,-0.21630859375
18,0.99871826171875,-0.031494140625,-0.00250244140625,-0.03912353515625,0.7310791015625,0.53436279296875,0.3447265625,0.2469482421875,0.5509033203125,-0.18255615234375,0.8017578125,0.14239501953125,0.9732666015625,0.0633544921875,0.139404296875,-0.17108154296875,0.90478515625,-0.1888427734375,0.01202392578125,-0.38140869140625,0.920166015625,-0.32647705078125,-0.0059814453125,-0.2158203125
19,0.99871826171875,-0.031494140625,-0.00250244140625,-0.03912353515625,0.7310791015625,0.53436279296875,0.3447265625,0.2469482421875,0.5509033203125,-0.18255615234375,0.8017578125,0.14239501953125,0.9732666015625,0.0633544921875,0.139404296875,-0.17108154296875,0.90478515625,-0.1888427734375,0.01202392578125,-0.38140869140625,0.920166015625,-0.32647705078125,-0.006170878840928095,-0.215867670882107
20,0.99871826171875,-0.03155517578125,-0.00274658203125,-0.039306640625,0.73046875,0.53460693359375,0.34521484375,0.24755859375,0.55078125,-0.18218994140625,0.80194091796875,0.1424560546875,0.97320556640625,0.06341552734375,0.13946533203125,-0.17120361328125,0.90484619140625,-0.1885986328125,0.01226806640625,-0.38140869140625,0.92022705078125,-0.32647705078125,-0.00604248046875,-0.21563720703125
21,0.99871826171875,-0.03155517578125,-0.00274658203125,-0.039306640625,0.73046875,0.53460693359375,0.34521484375,0.24755859375,0.55078125,-0.18218994140625,0.80194091796875,0.1424560546875,0.97320556640625,0.06341552734375,0.13946533203125,-0.17120361328125,0.90484619140625,-0.1885986328125,0.01226806640625,-0.38140869140625,0.92022705078125,-0.32647705078125,-0.005976342038566054,-0.21563720703125
22,0.9986572265625,-0.03167724609375,-0.00262451171875,-0.0394287109375,0.7303466796875,0.53448486328125,0.345458984375,0.2479248046875,0.55078125,-0.18206787109375,0.8018798828125,0.14263916015625,0.97308349609375,0.06402587890625,0.139892578125,-0.1712646484375,0.90496826171875,-0.18780517578125,0.0123291015625,-0.38153076171875,0.9202880859375,-0.3262939453125,-0.00604248046875,-0.215576171875
23,0.9986572265625,-0.03167724609375,-0.00262451171875,-0.0394287109375,0.7303466796875,0.53448486328125,0.345458984375,0.2479248046875,0.55078125,-0.18206787109375,0.8018798828125,0.14263916015625,0.97308349609375,0.06402587890625,0.139892578125,-0.1712646484375,0.90496826171875,-0.18780517578125,0.0123291015625,-0.38153076171875,0.92041015625,-0.3260498046875,-0.00604248046875,-0.21551513671875
24,0.9986572265625,-0.03167724609375,-0.0023193359375,-0.03948974609375,0.73028564453125,0.5345458984375,0.3453369140625,0.248046875,0.55096435546875,-0.181884765625,0.80181884765625,0.14263916015625,0.9730224609375,0.06475830078125,0.13995361328125,-0.17138671875,0.905029296875,-0.18707275390625,0.01220703125,-0.38177490234375,0.92041015625,-0.32598876953125,-0.00634765625,-0.215576171875
25,0.9986572265625,-0.03167724609375,-0.0023193359375,-0.03948974609375,0.73028564453125,0.5345458984375,0.3453369140625,0.248046875,0.55096435546875,-0.181884765625,0.80181884765625,0.14263916015625,0.9730224609375,0.06475830078125,0.13995361328125,-0.17138671875,0.905029296875,-0.18707275390625,0.01220703125,-0.38177490234375,0.92047119140625,-0.32586669921875,-0.00634765625,-0.21551513671875
26,0.9986572265625,-0.031982421875,-0.0023193359375,-0.03948974609375,0.72991943359375,0.53497314453125,0.34521484375,0.2484130859375,0.551025390625,-0.181640625,0.80181884765625,0.142578125,0.972900390625,0.065185546875,0.140380859375,-0.17156982421875,0.905029296875,-0.18658447265625,0.012451171875,-0.38189697265625,0.9205322265625,-0.32562255859375,-0.0062255859375,-0.21551513671875
27,0.9986572265625,-0.031982421875,-0.0023193359375,-0.03948974609375,0.72991943359375,0.53497314453125,0.34521484375,0.2484130859375,0.551025390625,-0.181640625,0.80181884765625,0.142578125,0.972900390625,0.065185546875,0.140380859375,-0.17156982421875,0.905029296875,-0.18658447265625,0.012451171875,-0.38189697265625,0.9203785159516096,-0.3261349272967182,-0.006276822807796823,-0.21536142610785952
28,0.9986572265625,-0.03253173828125,-0.002685546875,-0.03948974609375,0.72906494140625,0.535888671875,0.34515380859375,0.2490234375,0.5511474609375,-0.180908203125,0.80194091796875,0.142578125,0.9727783203125,0.065185546875,0.14093017578125,-0.17169189453125,0.905029296875,-0.18682861328125,0.0130615234375,-0.38177490234375,0.9205322265625,-0.32586669921875,-0.00579833984375,-0.21514892578125
29,0.9986572265625,-0.03253173828125,-0.002685546875,-0.03948974609375,0.72906494140625,0.535888671875,0.34515380859375,0.2490234375,0.5511474609375,-0.180908203125,0.80194091796875,0.142578125,0.9727783203125,0.065185546875,0.14093017578125,-0.17169189453125,0.905029296875,-0.18682861328125,0.0130615234375,-0.38177490234375,0.9204583311559364,-0.32612533314172243,-0.005724444437186453,-0.21511197807796822
30,0.9986572265625,-0.0328369140625,-0.003173828125,-0.0394287109375,0.72796630859375,0.5369873046875,0.345458984375,0.24957275390625,0.5511474609375,-0.1800537109375,0.80206298828125,0.14288330078125,0.97265625,0.065185546875,0.14154052734375,-0.171875,0.90509033203125,-0.18682861328125,0.01416015625,-0.381591796875,0.92047119140625,-0.32611083984375,-0.005126953125,-0.2149658203125
31,0.9986572265625,-0.0328369140625,-0.003173828125,-0.0394287109375,0.72796630859375,0.5369873046875,0.345458984375,0.24957275390625,0.5511474609375,-0.1800537109375,0.80206298828125,0.14288330078125,0.97265625,0.065185546875,0.14154052734375,-0.171875,0.90509033203125,-0.18682861328125,0.01416015625,-0.381591796875,0.9204938499425167,-0.32606552277121653,-0.005172270197533445,-0.21492050323996656
32,0.9986572265625,-0.0325927734375,-0.003173828125,-0.03936767578125,0.727294921875,0.5374755859375,0.34552001953125,0.2503662109375,0.55108642578125,-0.17999267578125,0.80206298828125,0.14312744140625,0.9725341796875,0.06585693359375,0.14227294921875,-0.1719970703125,0.90521240234375,-0.186279296875,0.01458740234375,-0.38153076171875,0.92047119140625,-0.32623291015625,-0.0052490234375,-0.21490478515625
33,0.9986572265625,-0.0325927734375,-0.003173828125,-0.03936767578125,0.727294921875,0.5374755859375,0.34552001953125,0.2503662109375,0.55108642578125,-0.17999267578125,0.80206298828125,0.14312744140625,0.9725341796875,0.06585693359375,0.14227294921875,-0.1719970703125,0.90521240234375,-0.186279296875,0.01458740234375,-0.38153076171875,0.9205046688832567,-0.32612410835597827,-0.005299239653010036,-0.2149382626332567
34,0.9986572265625,-0.0323486328125,-0.0030517578125,-0.0391845703125,0.72686767578125,0.5379638671875,0.34539794921875,0.250732421875,0.551025390625,-0.17999267578125,0.80206298828125,0.14324951171875,0.972412109375,0.0662841796875,0.1427001953125,-0.17193603515625,0.90533447265625,-0.18560791015625,0.01458740234375,-0.381591796875,0.92059326171875,-0.32562255859375,-0.0057373046875,-0.21533203125
35,0.9986572265625,-0.0323486328125,-0.0030517578125,-0.0391845703125,0.72686767578125,0.5379638671875,0.34539794921875,0.250732421875,0.551025390625,-0.17999267578125,0.80206298828125,0.14324951171875,0.972412109375,0.0662841796875,0.1427001953125,-0.17193603515625,0.90533447265625,-0.18560791015625,0.01458740234375,-0.381591796875,0.92059326171875,-0.32562255859375,-0.0057373046875,-0.21533203125
36,0.9986572265625,-0.032470703125,-0.00299072265625,-0.03900146484375,0.7266845703125,0.53814697265625,0.34521484375,0.25115966796875,0.55108642578125,-0.1802978515625,0.802001953125,0.143310546875,0.972412109375,0.0662841796875,0.1429443359375,-0.1717529296875,0.9053955078125,-0.18560791015625,0.01519775390625,-0.38134765625,0.92059326171875,-0.32568359375,-0.00543212890625,-0.2152099609375
37,0.9986572265625,-0.032470703125,-0.00299072265625,-0.03900146484375,0.7266845703125,0.53814697265625,0.34521484375,0.25115966796875,0.55108642578125,-0.1802978515625,0.802001953125,0.143310546875,0.972412109375,0.0662841796875,0.1429443359375,-0.1717529296875,0.9053955078125,-0.18560791015625,0.01519775390625,-0.38134765625,0.92059326171875,-0.32568359375,-0.00543212890625,-0.2152099609375
38,0.9986572265625,-0.03302001953125,-0.003173828125,-0.038818359375,0.7264404296875,0.53826904296875,0.34490966796875,0.251953125,0.5511474609375,-0.1805419921875,0.8017578125,0.14398193359375,0.97235107421875,0.0662841796875,0.1435546875,-0.1717529296875,0.90545654296875,-0.18560791015625,0.01629638671875,-0.38116455078125,0.920654296875,-0.32568359375,-0.0050048828125,-0.21502685546875
39,0.9986572265625,-0.03302001953125,-0.003173828125,-0.038818359375,0.7264404296875,0.53826904296875,0.34490966796875,0.251953125,0.5511474609375,-0.1805419921875,0.8017578125,0.14398193359375,0.97235107421875,0.0662841796875,0.1435546875,-0.1717529296875,0.90545654296875,-0.18560791015625,0.01629638671875,-0.38116455078125,0.920654296875,-0.32568359375,-0.0050048828125,-0.21502685546875
40,0.9986572265625,-0.0333251953125,-0.0035400390625,-0.038818359375,0.72576904296875,0.5386962890625,0.34478759765625,0.253173828125,0.55108642578125,-0.1806640625,0.8016357421875,0.14471435546875,0.9722900390625,0.06634521484375,0.143798828125,-0.1717529296875,0.905517578125,-0.18548583984375,0.01690673828125,-0.381103515625,0.92059326171875,-0.32574462890625,-0.00457763671875,-0.215087890625
41,0.9986572265625,-0.0333251953125,-0.0035400390625,-0.038818359375,0.72576904296875,0.5386962890625,0.34478759765625,0.253173828125,0.55108642578125,-0.1806640625,0.8016357421875,0.14471435546875,0.9722900390625,0.06634521484375,0.143798828125,-0.1717529296875,0.905517578125,-0.18548583984375,0.01690673828125,-0.381103515625,0.92059326171875,-0.32574462890625,-0.00457763671875,-0.215087890625
42,0.9986572265625,-0.03326416015625,-0.00408935546875,-0.03875732421875,0.724853515625,0.5390625,0.34503173828125,0.254638671875,0.55078125,-0.18084716796875,0.80169677734375,0.1453857421875,0.97216796875,0.06640625,0.14459228515625,-0.1717529296875,0.9056396484375,-0.18548583984375,0.017578125,-0.380859375,0.920654296875,-0.32568359375,-0.00439453125,-0.215087890625
43,0.9986572265625,-0.03326416015625,-0.00408935546875,-0.03875732421875,0.724853515625,0.5390625,0.34503173828125,0.254638671875,0.55078125,-0.18084716796875,0.80169677734375,0.1453857421875,0.97216796875,0.06640625,0.14459228515625,-0.1717529296875,0.9056396484375,-0.18548583984375,0.017578125,-0.380859375,0.920654296875,-0.32568359375,-0.00439453125,-0.215087890625
44,0.9986572265625,-0.033471557208925584,-0.004244903258256689,-0.03860177642924331,0.7240239274142977,0.5394772941053512,0.3452391353339256,0.25583120492788464,0.5505738529473244,-0.18084716796875,0.8018004758700878,0.14574868702968227,0.9720550843305811,0.06649157674017558,0.14559313924017558,-0.1715422665395067,0.9057951962270067,-0.18527844279107442,0.01856326100020903,-0.3805482794209866,0.92071533203125,-0.3254670108042433,-0.0038301091529055185,-0.2150084836825878
45,0.9986572265625,-0.03350830078125,-0.0042724609375,-0.03857421875,0.723876953125,0.53955078125,0.34527587890625,0.25604248046875,0.550537109375,-0.18084716796875,0.80181884765625,0.14581298828125,0.9720458984375,0.0665283203125,0.1456298828125,-0.17156982421875,0.90582275390625,-0.18524169921875,0.01873779296875,-0.3804931640625,0.92071533203125,-0.325439453125,-0.0037841796875,-0.21502685546875
46,0.9986572265625,-0.03411865234375,-0.00396728515625,-0.03826904296875,0.7230224609375,0.54022216796875,0.345458984375,0.25677490234375,0.55035400390625,-0.1805419921875,0.80194091796875,0.14593505859375,0.97198486328125,0.0667724609375,0.14617919921875,-0.17138671875,0.90594482421875,-0.184814453125,0.0196533203125,-0.38031005859375,0.92083740234375,-0.32537841796875,-0.00286865234375,-0.2147216796875
47,0.9986572265625,-0.03411865234375,-0.00396728515625,-0.03826904296875,0.7230224609375,0.54022216796875,0.345458984375,0.25677490234375,0.55035400390625,-0.1805419921875,0.80194091796875,0.14593505859375,0.97198486328125,0.0667724609375,0.14617919921875,-0.17138671875,0.90594482421875,-0.184814453125,0.0196533203125,-0.38031005859375,0.92083740234375,-0.32537841796875,-0.00286865234375,-0.2147216796875
48,0.9986572265625,-0.03424072265625,-0.00335693359375,-0.03814697265625,0.72247314453125,0.54083251953125,0.345458984375,0.25714111328125,0.55035400390625,-0.18023681640625,0.802001953125,0.14593505859375,0.97198486328125,0.06707763671875,0.14617919921875,-0.17108154296875,0.9061279296875,-0.18402099609375,0.0196533203125,-0.38031005859375,0.9208984375,-0.32525634765625,-0.00274658203125,-0.21453857421875
49,0.9986572265625,-0.03424072265625,-0.00335693359375,-0.03814697265625,0.72247314453125,0.54083251953125,0.345458984375,0.25714111328125,0.55035400390625,-0.18023681640625,0.802001953125,0.14593505859375,0.97198486328125,0.06707763671875,0.14617919921875,-0.17108154296875,0.9061279296875,-0.18402099609375,0.0196533203125,-0.38031005859375,0.9208984375,-0.32525634765625,-0.00274658203125,-0.21453857421875
50,0.9986572265625,-0.03387451171875,-0.00286865234375,-0.03814697265625,0.7222900390625,0.5408935546875,0.345458984375,0.25732421875,0.55029296875,-0.180419921875,0.80206298828125,0.145751953125,0.971923828125,0.06768798828125,0.14630126953125,-0.171142578125,0.90618896484375,-0.1832275390625,0.01922607421875,-0.3804931640625,0.9210205078125,-0.3248291015625,-0.00299072265625,-0.21466064453125
51,0.9986572265625,-0.03387451171875,-0.00286865234375,-0.03814697265625,0.7222900390625,0.5408935546875,0.345458984375,0.25732421875,0.55029296875,-0.180419921875,0.80206298828125,0.145751953125,0.971923828125,0.06768798828125,0.14630126953125,-0.171142578125,0.90618896484375,-0.1832275390625,0.01922607421875,-0.3804931640625,0.9210205078125,-0.3248291015625,-0.00299072265625,-0.21466064453125
52,0.9986572265625,-0.03370732846467391,-0.002701469089673911,-0.03825842815896739,0.7223457668138586,0.5406706436820652,0.3455147121263587,0.25765858525815216,0.5503486965013586,-0.1806985606317935,0.801895805027174,0.14597486413043478,0.9719185207201086,0.0682532269021739,0.14625615658967392,-0.1711531929347826,0.90618896484375,-0.1831160835597826,0.01889170771059782,-0.3805488918138587,0.921142578125,-0.3245133109714674,-0.0031525985054347856,-0.2147269870923913
53,0.9986572265625,-0.03369140625,-0.002685546875,-0.03826904296875,0.72235107421875,0.5406494140625,0.34552001953125,0.2576904296875,0.55035400390625,-0.18072509765625,0.8018798828125,0.14599609375,0.971923828125,0.0682373046875,0.146240234375,-0.171142578125,0.90618896484375,-0.18310546875,0.01885986328125,-0.38055419921875,0.921142578125,-0.32452392578125,-0.003173828125,-0.2147216796875
54,0.9986572265625,-0.03387451171875,-0.00274658203125,-0.03839111328125,0.72259521484375,0.53997802734375,0.34564208984375,0.25811767578125,0.55108642578125,-0.18115234375,0.8011474609375,0.14666748046875,0.97186279296875,0.06866455078125,0.1463623046875,-0.17120361328125,0.90618896484375,-0.18304443359375,0.01904296875,-0.38055419921875,0.9212646484375,-0.32421875,-0.0029296875,-0.214599609375
55,0.9986572265625,-0.03387451171875,-0.00274658203125,-0.03839111328125,0.72259521484375,0.53997802734375,0.34564208984375,0.25811767578125,0.55108642578125,-0.18115234375,0.8011474609375,0.14666748046875,0.97186279296875,0.06866455078125,0.1463623046875,-0.17120361328125,0.90618896484375,-0.18304443359375,0.01904296875,-0.38055419921875,0.9212646484375,-0.32421875,-0.0029296875,-0.214599609375
56,0.9986572265625,-0.03448486328125,-0.0025634765625,-0.03839111328125,0.72265625,0.53973388671875,0.345703125,0.258544921875,0.55218505859375,-0.18121337890625,0.80023193359375,0.1475830078125,0.9716796875,0.06976318359375,0.146484375,-0.17138671875,0.9063720703125,-0.18243408203125,0.01947021484375,-0.3804931640625,0.92144775390625,-0.32391357421875,-0.0025634765625,-0.2142333984375
57,0.9986572265625,-0.03448486328125,-0.0025634765625,-0.03839111328125,0.72265625,0.53973388671875,0.345703125,0.258544921875,0.55218505859375,-0.18121337890625,0.80023193359375,0.1475830078125,0.9716796875,0.06976318359375,0.146484375,-0.17138671875,0.9063720703125,-0.18243408203125,0.01947021484375,-0.3804931640625,0.92144775390625,-0.32391357421875,-0.0025634765625,-0.2142333984375
58,0.99859619140625,-0.0347900390625,-0.0020751953125,-0.038330078125,0.72259521484375,0.539794921875,0.345703125,0.258544921875,0.552734375,-0.18096923828125,0.79986572265625,0.1478271484375,0.9716796875,0.0703125,0.14654541015625,-0.17132568359375,0.906494140625,-0.1817626953125,0.01959228515625,-0.38043212890625,0.921630859375,-0.3236083984375,-0.00201416015625,-0.2138671875
59,0.99859619140625,-0.0347900390625,-0.0020751953125,-0.038330078125,0.72259521484375,0.539794921875,0.345703125,0.258544921875,0.552734375,-0.18096923828125,0.79986572265625,0.1478271484375,0.9716739718331939,0.0703125,0.1466025668243102,-0.17131425226013797,0.906494140625,-0.1817626953125,0.01959228515625,-0.38043212890625,0.921630859375,-0.3236083984375,-0.00201416015625,-0.2138671875
60,0.99859619140625,-0.034912109375,-0.00164794921875,-0.0382080078125,0.722598072677153,0.5399737405936454,0.345514303864444,0.258489602385556,0.5528635898960075,-0.18060874301055602,0.7998600069894439,0.14758729456260453,0.97161865234375,0.07049560546875,0.146728515625,-0.1712646484375,0.906494140625,-0.18139791329170152,0.020063419405831943,-0.3806166632917015,0.9217529296875,-0.32342529296875,-0.00091552734375,-0.2137451171875
61,0.99859619140625,-0.034912109375,-0.00164794921875,-0.0382080078125,0.72259521484375,0.53997802734375,0.34552001953125,0.25848388671875,0.5528564453125,-0.18060302734375,0.79986572265625,0.1475830078125,0.97161865234375,0.07049560546875,0.146728515625,-0.1712646484375,0.906494140625,-0.181396484375,0.02008056640625,-0.380615234375,0.9217529296875,-0.32342529296875,-0.00091552734375,-0.2137451171875
62,0.99859619140625,-0.03533935546875,-0.00146484375,-0.0382080078125,0.7223667923024666,0.5402674850412834,0.34532119597878347,0.2586373931986831,0.5530099517924331,-0.18037460480246656,0.7998342864888169,0.1477679504598662,0.9715576171875,0.07098388671875,0.14715576171875,-0.17132568359375,0.9066004928537834,-0.18096923828125,0.020443102986517563,-0.3805856353861831,0.921875,-0.3232421875,0.000732421875,-0.2135009765625
63,0.99859619140625,-0.03533935546875,-0.00146484375,-0.0382080078125,0.72235107421875,0.540283203125,0.3453369140625,0.25860595703125,0.552978515625,-0.18035888671875,0.79986572265625,0.147705078125,0.9715576171875,0.07098388671875,0.14715576171875,-0.17132568359375,0.9066162109375,-0.18096923828125,0.02056884765625,-0.38055419921875,0.921875,-0.3232421875,0.000732421875,-0.2135009765625
64,0.99859619140625,-0.03570556640625,-0.00140380859375,-0.0380859375,0.72222900390625,0.5404642672841764,0.3452779202158236,0.2587290479985368,0.5528564453125,-0.18035888671875,0.7999267578125,0.147705078125,0.97149658203125,0.07098388671875,0.14776611328125,-0.17108154296875,0.9066472388430183,-0.1806340552492684,0.020908113307378764,-0.3805521579091764,0.92193603515625,-0.32318115234375,0.0020751953125,-0.21331787109375
65,0.99859619140625,-0.03570556640625,-0.00140380859375,-0.0380859375,0.72222900390625,0.54034423828125,0.34539794921875,0.2587890625,0.5528564453125,-0.18035888671875,0.7999267578125,0.147705078125,0.9714488153872283,0.07098388671875,0.1481004797894022,-0.17100989300271738,0.90667724609375,-0.1806640625,0.0211181640625,-0.38043212890625,0.92193603515625,-0.32318115234375,0.0020751953125,-0.21331787109375
66,0.99859619140625,-0.03607177734375,-0.00115966796875,-0.0379638671875,0.7221512300114966,0.5405046852137333,0.3452099446070234,0.2590391229227634,0.552734375,-0.18072509765625,0.7999267578125,0.14801025390625,0.97137451171875,0.0714111328125,0.14849853515625,-0.17095947265625,0.9068603515625,-0.17987060546875,0.0213623046875,-0.38031005859375,0.92205810546875,-0.3228759765625,0.0023193359375,-0.213134765625
67,0.99859619140625,-0.03607177734375,-0.00115966796875,-0.0379638671875,0.72210693359375,0.540283203125,0.34552001953125,0.25921630859375,0.552734375,-0.18072509765625,0.7999267578125,0.14801025390625,0.9713553234087584,0.07143032112249163,0.1486424474811873,-0.1709115018812709,0.9068603515625,-0.17987060546875,0.0213623046875,-0.38031005859375,0.92205810546875,-0.3228759765625,0.0023193359375,-0.213134765625
68,0.99859619140625,-0.03607177734375,-0.000732421875,-0.037841796875,0.72210693359375,0.54022216796875,0.34552001953125,0.25933837890625,0.55255126953125,-0.18096923828125,0.79998779296875,0.14788818359375,0.9713134765625,0.0716552734375,0.14898681640625,-0.1707763671875,0.906982421875,-0.17950439453125,0.0211181640625,-0.38031005859375,0.922119140625,-0.32281494140625,0.0020751953125,-0.21319580078125
69,0.99859619140625,-0.03607177734375,-0.000732421875,-0.037841796875,0.72210693359375,0.54022216796875,0.34552001953125,0.25933837890625,0.55255126953125,-0.18096923828125,0.79998779296875,0.14788818359375,0.9713134765625,0.0716552734375,0.14898681640625,-0.1707763671875,0.906982421875,-0.17950439453125,0.0211181640625,-0.38031005859375,0.922119140625,-0.32281494140625,0.0020751953125,-0.21319580078125
70,0.99859619140625,-0.0361328125,-0.00042724609375,-0.037841796875,0.7220203820678303,0.5403697546509197,0.34532507446697325,0.259521484375,0.5526478234740803,-0.1808708471598035,0.7999030786214465,0.14793737915447325,0.97125244140625,0.07208251953125,0.14898681640625,-0.1707763671875,0.906982421875,-0.17927209350177675,0.021169196801839457,-0.38037109375,0.922119140625,-0.32269287109375,0.0020751953125,-0.2132568359375
71,0.99859619140625,-0.0361328125,-0.00042724609375,-0.037841796875,0.72198486328125,0.5404052734375,0.3453369140625,0.259521484375,0.5526123046875,-0.18084716796875,0.7999267578125,0.14794921875,0.97125244140625,0.07216662148568144,0.1489447654290343,-0.1708184181647157,0.906982421875,-0.17926025390625,0.021240234375,-0.38037109375,0.922119140625,-0.32269287109375,0.0020751953125,-0.2132568359375
72,0.99859619140625,-0.03594970703125,-0.00054931640625,-0.0379638671875,0.7219150504938336,0.5404228286998328,0.3454153003501254,0.2595302620061664,0.5525251407687082,-0.18096046065008362,0.79998779296875,0.1479230899874582,0.9713134765625,0.07196044921875,0.14898681640625,-0.17071533203125,0.906982421875,-0.179443359375,0.021266363137541804,-0.3802839298312082,0.922119140625,-0.32257080078125,0.001953125,-0.21337890625
73,0.99859619140625,-0.03594970703125,-0.00054931640625,-0.0379638671875,0.72186279296875,0.54052734375,0.3453369140625,0.25958251953125,0.55255126953125,-0.180908203125,0.79998779296875,0.14794921875,0.9712857147522993,0.07201597283915134,0.14890353097564799,-0.17077085565165134,0.906982421875,-0.179443359375,0.021240234375,-0.38031005859375,0.922119140625,-0.32257080078125,0.001953125,-0.21337890625
74,0.99859619140625,-0.0357666015625,-0.00079345703125,-0.0380859375,0.7218009412886706,0.5405083595709658,0.3455596209369774,0.2595016836721363,0.5523277461329431,-0.1809271873040343,0.8001304805079431,0.14792860152330686,0.97125244140625,0.07183837890625,0.1490478515625,-0.1707763671875,0.9069618046483069,-0.17966688277330686,0.021239417851170568,-0.3802704571880226,0.92205810546875,-0.32281494140625,0.00177001953125,-0.21331787109375
75,0.99859619140625,-0.0357666015625,-0.00079345703125,-0.0380859375,0.7216796875,0.54071044921875,0.34539794921875,0.25958251953125,0.5523681640625,-0.18072509765625,0.8001708984375,0.14788818359375,0.97125244140625,0.07185185154943562,0.14903437891931437,-0.17083025776024247,0.90692138671875,-0.17962646484375,0.0211181640625,-0.38043212890625,0.92205810546875,-0.32281494140625,0.00177001953125,-0.21331787109375
76,0.99859619140625,-0.03570556640625,-0.0010986328125,-0.03826904296875,0.721551289127822,0.5406620701818562,0.3457325198578595,0.2596078317699624,0.55230712890625,-0.18084716796875,0.8001708984375,0.1478271484375,0.97125244140625,0.07177734375,0.14923095703125,-0.17083740234375,0.9069634376959658,-0.17983488255121238,0.02126962923285953,-0.3802133005199624,0.92193603515625,-0.32318115234375,0.00164794921875,-0.21331787109375
77,0.99859619140625,-0.03570556640625,-0.0010986328125,-0.03826904296875,0.72149658203125,0.540771484375,0.345458984375,0.25982666015625,0.55230712890625,-0.18084716796875,0.8001708984375,0.1478271484375,0.97125244140625,0.07177734375,0.14923095703125,-0.17083740234375,0.90679931640625,-0.1800537109375,0.02099609375,-0.38043212890625,0.92193603515625,-0.32318115234375,0.00164794921875,-0.21331787109375
78,0.99859619140625,-0.03570556640625,-0.00164794921875,-0.0384521484375,0.72125244140625,0.54083251953125,0.345947265625,0.25970458984375,0.5521372919497283,-0.18080205502717392,0.8003168520720109,0.1477979577105978,0.97119140625,0.07147216796875,0.1495361328125,-0.1710205078125,0.9068603515625,-0.1802978515625,0.02142333984375,-0.38018798828125,0.92181396484375,-0.32354736328125,0.00152587890625,-0.21331787109375
79,0.99859619140625,-0.03570556640625,-0.00164794921875,-0.0384521484375,0.72125244140625,0.54107666015625,0.345458984375,0.26007080078125,0.55218505859375,-0.1807861328125,0.80029296875,0.14776611328125,0.97119140625,0.07133437957253345,0.1492605560200669,-0.1712501551395276,0.90667724609375,-0.1805419921875,0.0211181640625,-0.3804931640625,0.92181396484375,-0.32354736328125,0.00152587890625,-0.21331787109375
80,0.99859619140625,-0.03558349609375,-0.00244140625,-0.0386962890625,0.72100830078125,0.54107666015625,0.34619140625,0.259765625,0.551762915773934,-0.18085288363555602,0.8005650753161581,0.14775529434051005,0.97113037109375,0.0709228515625,0.14996337890625,-0.171142578125,0.90673828125,-0.18096923828125,0.021728515625,-0.380126953125,0.921630859375,-0.3240966796875,0.0015869140625,-0.21319580078125
81,0.99859619140625,-0.03558349609375,-0.00244140625,-0.0386962890625,0.720947265625,0.541259765625,0.34564208984375,0.26025390625,0.55194091796875,-0.1807861328125,0.80047607421875,0.14764404296875,0.97113037109375,0.07085957096571906,0.14980517741429766,-0.17126913931856189,0.90655517578125,-0.18121337890625,0.021240234375,-0.3804931640625,0.921630859375,-0.3240966796875,0.0015869140625,-0.21319580078125
82,0.99859619140625,-0.035400390625,-0.00323486328125,-0.0389404296875,0.720703125,0.54119873046875,0.34637451171875,0.25994873046875,0.5514899926839465,-0.1807977682770694,0.8008053374529682,0.1477171218514841,0.9710693359375,0.07037353515625,0.150390625,-0.17120361328125,0.9066162109375,-0.18170166015625,0.0218505859375,-0.380126953125,0.92144775390625,-0.3245849609375,0.00201416015625,-0.213134765625
83,0.99859619140625,-0.035400390625,-0.00323486328125,-0.0389404296875,0.720458984375,0.54168701171875,0.345703125,0.260498046875,0.55181884765625,-0.1805419921875,0.8006591796875,0.14764404296875,0.9710693359375,0.07061767578125,0.15032958984375,-0.17144775390625,0.906494140625,-0.1815185546875,0.02154541015625,-0.3804931640625,0.92144775390625,-0.3245849609375,0.00201416015625,-0.213134765625
84,0.99859619140625,-0.03485107421875,-0.00396728515625,-0.03924560546875,0.720458984375,0.5413818359375,0.3465576171875,0.26019287109375,0.551178284712061,-0.18091800141095318,0.8010455995897784,0.1474507309521321,0.97100830078125,0.06988525390625,0.15093994140625,-0.1712646484375,0.906494140625,-0.18231201171875,0.02191162109375,-0.38006591796875,0.92132568359375,-0.32513427734375,0.00201416015625,-0.21307373046875
85,0.99859619140625,-0.03485107421875,-0.00396728515625,-0.03924560546875,0.72021484375,0.5418701171875,0.34588623046875,0.2606201171875,0.5516357421875,-0.18035888671875,0.80084228515625,0.14739990234375,0.970947265625,0.07012939453125,0.1510009765625,-0.1715087890625,0.90643310546875,-0.18206787109375,0.021728515625,-0.38037109375,0.92132568359375,-0.32513427734375,0.00201416015625,-0.21307373046875
86,0.99859619140625,-0.0343017578125,-0.0048828125,-0.03948974609375,0.72015380859375,0.54156494140625,0.3468017578125,0.2601318359375,0.5515216329823369,-0.1801027023672659,0.8011027562578387,0.14670422404107442,0.970947265625,0.06939697265625,0.15179443359375,-0.17138671875,0.9063720703125,-0.18292236328125,0.02227783203125,-0.3800048828125,0.9210856255878972,-0.32586669921875,0.00233974903323579,-0.21280917674801422
87,0.99859619140625,-0.0343017578125,-0.0048828125,-0.03948974609375,0.72015380859375,0.54217529296875,0.3458251953125,0.26019287109375,0.55157470703125,-0.1800537109375,0.80108642578125,0.14666748046875,0.970947265625,0.06924754879546405,0.15129635405779682,-0.17173537442516723,0.90625,-0.18310546875,0.0220947265625,-0.3802490234375,0.92108154296875,-0.32586669921875,0.0023193359375,-0.21282958984375
88,0.99859619140625,-0.0341796875,-0.00579833984375,-0.0396728515625,0.71990966796875,0.542236328125,0.34661865234375,0.25982666015625,0.5514212005513169,-0.17940784058841974,0.8014467169209866,0.14621063538618312,0.97088623046875,0.06890869140625,0.15203857421875,-0.17169189453125,0.90631103515625,-0.18359375,0.0228271484375,-0.3798828125,0.9209108894883988,-0.32653155374686454,0.002710450851797663,-0.21259728881427675
89,0.99859619140625,-0.0341796875,-0.00579833984375,-0.0396728515625,0.72003173828125,0.54296875,0.34527587890625,0.25970458984375,0.55169677734375,-0.1790771484375,0.8013916015625,0.14593505859375,0.9708251953125,0.06890869140625,0.1517333984375,-0.17205810546875,0.90606689453125,-0.1839599609375,0.02252197265625,-0.38018798828125,0.92083740234375,-0.32666015625,0.0025634765625,-0.21270751953125
90,0.99859619140625,-0.0338134765625,-0.0068359375,-0.03985595703125,0.7198486328125,0.5428466796875,0.34619140625,0.25921630859375,0.5510649920307275,-0.17864030818875415,0.8020260405779682,0.14531082612614965,0.97076416015625,0.06829833984375,0.15264892578125,-0.1719970703125,0.90606689453125,-0.18475341796875,0.02325439453125,-0.37982177734375,0.9206912445782818,-0.3273513436716137,0.003186688375313537,-0.21224332573421822
91,0.99859619140625,-0.0338134765625,-0.0068359375,-0.03985595703125,0.71978759765625,0.5438232421875,0.34503173828125,0.2589111328125,0.5513916015625,-0.1778564453125,0.8021240234375,0.14459228515625,0.97076416015625,0.0682373046875,0.15216064453125,-0.17236328125,0.9058837890625,-0.18511962890625,0.023193359375,-0.38006591796875,0.92059326171875,-0.3275146484375,0.00299072265625,-0.21234130859375
92,0.99859619140625,-0.03363037109375,-0.0078125,-0.03997802734375,0.71954345703125,0.54388427734375,0.34588623046875,0.2584228515625,0.5507342998798077,-0.17779071514423075,0.8025277944711539,0.14457350510817304,0.97064208984375,0.06787109375,0.153076171875,-0.17230224609375,0.9058837890625,-0.1856689453125,0.02398681640625,-0.3797607421875,0.9202880859375,-0.32867431640625,0.004638671875,-0.21197509765625
93,0.99859619140625,-0.03363037109375,-0.0078125,-0.03997802734375,0.719482421875,0.5443115234375,0.344970703125,0.2587890625,0.5513916015625,-0.1773681640625,0.80224609375,0.14410400390625,0.97064208984375,0.06787109375,0.1524658203125,-0.17279052734375,0.9056396484375,-0.18609619140625,0.02349853515625,-0.38018798828125,0.9202880859375,-0.32867431640625,0.004638671875,-0.21197509765625
94,0.99859619140625,-0.0330810546875,-0.0086669921875,-0.04022216796875,0.71942138671875,0.54400634765625,0.3458251953125,0.25836181640625,0.5515714409359322,-0.17670045170098245,0.8023085578229515,0.1439208984375,0.97064208984375,0.067138671875,0.1531982421875,-0.17266845703125,0.9056396484375,-0.18695068359375,0.02392578125,-0.3797607421875,0.920166015625,-0.3288590549226589,0.0043971849524456486,-0.21209512665917643
95,0.99859619140625,-0.0330810546875,-0.0086669921875,-0.04022216796875,0.7191162109375,0.54498291015625,0.34478759765625,0.2586669921875,0.55157470703125,-0.17669677734375,0.80230712890625,0.1439208984375,0.97039794921875,0.06866455078125,0.15301513671875,-0.17364501953125,0.90545654296875,-0.18634033203125,0.02374267578125,-0.38055419921875,0.920166015625,-0.328857421875,0.00439453125,-0.21209716796875
96,0.99859619140625,-0.03216552734375,-0.0093994140625,-0.04058837890625,0.71929931640625,0.5443115234375,0.345703125,0.25823974609375,0.5513862941576086,-0.17663798762803093,0.8024696171483069,0.14383393864966557,0.97039794921875,0.06756591796875,0.153564453125,-0.1734619140625,0.9053955078125,-0.18743896484375,0.02392578125,-0.38006591796875,0.9201225357310828,-0.32891764050742056,0.004466997739862037,-0.21232456985524667
97,0.99859619140625,-0.03216552734375,-0.0093994140625,-0.04058837890625,0.7188720703125,0.545166015625,0.34490966796875,0.25872802734375,0.55157470703125,-0.1763916015625,0.8023681640625,0.1439208984375,0.969970703125,0.0694580078125,0.15472412109375,-0.17413330078125,0.90521240234375,-0.18682861328125,0.02349853515625,-0.38079833984375,0.920166015625,-0.32861328125,0.00439453125,-0.21258544921875
98,0.99859619140625,-0.03125,-0.0103759765625,-0.04071044921875,0.71905517578125,0.544677734375,0.34588623046875,0.25799560546875,0.5512397281302258,-0.17658613836486203,0.8026559887123745,0.14346834010503762,0.96990966796875,0.06829833984375,0.15545654296875,-0.1741943359375,0.90509033203125,-0.18804931640625,0.02392578125,-0.38055419921875,0.9198285871524875,-0.3295829032974498,0.004521092443561862,-0.21248420026390052
99,0.99859619140625,-0.03125,-0.0103759765625,-0.04071044921875,0.7186279296875,0.54547119140625,0.3448486328125,0.25885009765625,0.5517578125,-0.17626953125,0.8023681640625,0.1435546875,0.96990966796875,0.06817626953125,0.1552734375,-0.17449951171875,0.9049072265625,-0.188232421875,0.02349853515625,-0.38079833984375,0.9197998046875,-0.3294677734375,0.00408935546875,-0.21282958984375
100,0.99859619140625,-0.03125,-0.01171875,-0.04071044921875,0.71820068359375,0.5457763671875,0.3458251953125,0.25811767578125,0.5518798828125,-0.17578125,0.8023681640625,0.1435546875,0.9697265625,0.06793212890625,0.15655517578125,-0.174560546875,0.9049072265625,-0.18878173828125,0.02471923828125,-0.38055419921875,0.91961669921875,-0.3302001953125,0.0052490234375,-0.212646484375
101,0.99859619140625,-0.03125,-0.01171875,-0.04071044921875,0.7177734375,0.5462646484375,0.34503173828125,0.2591552734375,0.5518798828125,-0.17578125,0.8023681640625,0.1435546875,0.96966552734375,0.067626953125,0.15679931640625,-0.17449951171875,0.90484619140625,-0.18939208984375,0.02496337890625,-0.38037109375,0.91961669921875,-0.3302001953125,0.0052490234375,-0.212646484375
102,0.99853515625,-0.031494140625,-0.01287841796875,-0.04058837890625,0.71728515625,0.5467529296875,0.34576416015625,0.258544921875,0.55194091796875,-0.17535400390625,0.8023681640625,0.143798828125,0.969482421875,0.067626953125,0.157958984375,-0.1746826171875,0.90478515625,-0.189697265625,0.026123046875,-0.38018798828125,0.919677734375,-0.3302001953125,0.00689697265625,-0.212158203125
103,0.99853515625,-0.031494140625,-0.01287841796875,-0.04058837890625,0.71685791015625,0.5472412109375,0.3453369140625,0.25946044921875,0.55194091796875,-0.17535400390625,0.8023681640625,0.143798828125,0.96942138671875,0.067626953125,0.15826416015625,-0.17462158203125,0.90484619140625,-0.18988037109375,0.02642822265625,-0.37994384765625,0.919677734375,-0.3302001953125,0.00689697265625,-0.212158203125
104,0.99853515625,-0.03167724609375,-0.013427734375,-0.04034423828125,0.71661376953125,0.54754638671875,0.3455810546875,0.259033203125,0.5519276494565217,-0.17488695227581522,0.8025326936141304,0.14382005774456522,0.96929931640625,0.0677490234375,0.1588134765625,-0.1748046875,0.90478515625,-0.18994140625,0.02703857421875,-0.38006591796875,0.919677734375,-0.33040187669836957,0.008061948029891321,-0.21175484035326086
105,0.99853515625,-0.03167724609375,-0.013427734375,-0.04034423828125,0.7161865234375,0.5479736328125,0.3455810546875,0.2593994140625,0.552001953125,-0.17486572265625,0.802490234375,0.143798828125,0.96917724609375,0.06793212890625,0.15948486328125,-0.1746826171875,0.9049072265625,-0.18994140625,0.0272216796875,-0.37982177734375,0.919677734375,-0.3304443359375,0.0081787109375,-0.211669921875
106,0.99859619140625,-0.03179931640625,-0.01336669921875,-0.0400390625,0.7161865234375,0.54815673828125,0.3453369140625,0.25921630859375,0.5519907259223453,-0.17477733395171405,0.8025263655544523,0.1436767578125,0.9691162109375,0.068115234375,0.159423828125,-0.17498779296875,0.90478515625,-0.1898193359375,0.02728271484375,-0.38006591796875,0.9197138655544523,-0.3303945279839047,0.00862596186507107,-0.21161378586172658
107,0.99859619140625,-0.03179931640625,-0.01336669921875,-0.0400390625,0.71600341796875,0.54815673828125,0.34576416015625,0.25921630859375,0.55194091796875,-0.1749267578125,0.80255126953125,0.1436767578125,0.96905517578125,0.068359375,0.16021728515625,-0.17474365234375,0.90496826171875,-0.18975830078125,0.02777099609375,-0.37969970703125,0.91973876953125,-0.3304443359375,0.00885009765625,-0.21136474609375
108,0.99859619140625,-0.0318603515625,-0.01275634765625,-0.03985595703125,0.71624755859375,0.548095703125,0.34521484375,0.25946044921875,0.552276305131689,-0.17491389756218645,0.8022724266434992,0.1435983715248746,0.9691162109375,0.06854248046875,0.15966796875,-0.1749267578125,0.9049072265625,-0.189453125,0.02728271484375,-0.3800048828125,0.9198042955685619,-0.33019570443143814,0.008575745649561031,-0.21157806294418896
109,0.99859619140625,-0.03187504899142977,-0.012624070795882113,-0.03984125960232023,0.7161085454117893,0.5481420408523202,0.34552451041231186,0.25921406315321904,0.5521195325564381,-0.17510986328125,0.8023557120741012,0.14366206038357024,0.9688867677414298,0.0692579594742893,0.16046591666231189,-0.17488042008517976,0.90509033203125,-0.18895239176160117,0.027607078934991643,-0.3798048344742893,0.919921875,-0.3300340327132107,0.008732518224811879,-0.21136250065321907
110,0.99859619140625,-0.03192138671875,-0.01220703125,-0.039794921875,0.71624755859375,0.548095703125,0.34515380859375,0.2593994140625,0.55218505859375,-0.1751708984375,0.80230712890625,0.14361572265625,0.96893310546875,0.06939697265625,0.16009521484375,-0.1749267578125,0.90509033203125,-0.188720703125,0.02728271484375,-0.37994384765625,0.91998291015625,-0.3297119140625,0.00860595703125,-0.21148681640625
111,0.99859619140625,-0.03192424455215301,-0.01220621472617057,-0.03979533013691471,0.7163073689642558,0.5479756741220736,0.34533609753867056,0.2592789767976589,0.5521862833794942,-0.17516967365175584,0.8023063123824206,0.14361776396582357,0.96875,0.06988811173965301,0.160888671875,-0.17517008191367056,0.9051517754494147,-0.188656810135347,0.027710369199414716,-0.3798824042380853,0.9199841349419942,-0.329709056229097,0.00860595703125,-0.21148681640625
112,0.99859619140625,-0.0323486328125,-0.0120849609375,-0.03985595703125,0.71612548828125,0.54827880859375,0.34521484375,0.259521484375,0.5523138652278428,-0.17531358597669314,0.80218505859375,0.14375800193352842,0.96875,0.0703125,0.160888671875,-0.175048828125,0.90521240234375,-0.188232421875,0.02777099609375,-0.37982177734375,0.9200574179556856,-0.3295561621420359,0.00882315236987876,-0.21148681640625
113,0.99859619140625,-0.0323486328125,-0.0120849609375,-0.03985595703125,0.7161865234375,0.548095703125,0.3453369140625,0.25946044921875,0.55230712890625,-0.17535400390625,0.80218505859375,0.14373779296875,0.9686279296875,0.07025146484375,0.16131591796875,-0.17535400390625,0.9051513671875,-0.18865966796875,0.02813720703125,-0.37982177734375,0.9200439453125,-0.32958984375,0.00885009765625,-0.21148681640625
114,0.99853515625,-0.03271484375,-0.011962890625,-0.04010009765625,0.7159423828125,0.5482177734375,0.34527587890625,0.25982666015625,0.5523491798834658,-0.17531399423860786,0.8020819724602842,0.14400500039193143,0.9686279296875,0.07061767578125,0.1612548828125,-0.175048828125,0.9052734375,-0.18829345703125,0.02813720703125,-0.379638671875,0.9201470314459658,-0.3293836714830686,0.009048104684887122,-0.21134372060514214
115,0.99853515625,-0.03271484375,-0.011962890625,-0.04010009765625,0.71588134765625,0.54852294921875,0.34521484375,0.259521484375,0.55230712890625,-0.17529296875,0.8021240234375,0.1439208984375,0.96844482421875,0.07086181640625,0.16180419921875,-0.175537109375,0.9051513671875,-0.18817138671875,0.02850341796875,-0.3800048828125,0.92010498046875,-0.3294677734375,0.00921630859375,-0.21136474609375
116,0.99853515625,-0.03302001953125,-0.01165771484375,-0.04046630859375,0.7156982421875,0.548583984375,0.34515380859375,0.260009765625,0.5524741080293687,-0.17529603071436037,0.8019474501593855,0.14427098302936872,0.96856689453125,0.0711669921875,0.16156005859375,-0.17510986328125,0.90533447265625,-0.18780517578125,0.02825927734375,-0.37969970703125,0.9203138064381271,-0.32897295999686454,0.009219778820025105,-0.21117204647000418
117,0.99853515625,-0.03300144361413043,-0.011527683423913028,-0.04059634001358697,0.7155337126358695,0.5489793860394022,0.34513523267663043,0.2596886676290761,0.5524610436480978,-0.17517885954483697,0.8020125679347826,0.14420219089673914,0.9683599057404891,0.0716552734375,0.16210141389266303,-0.17546811311141303,0.9053291652513586,-0.18740181300951086,0.02872102156929346,-0.37991200322690216,0.9203676970108695,-0.32879638671875,0.009476371433423893,-0.2111869480298913
118,0.99853515625,-0.032958984375,-0.01123046875,-0.0408935546875,0.715576171875,0.54876708984375,0.3450927734375,0.26007080078125,0.5523681640625,-0.175048828125,0.80218505859375,0.14385986328125,0.96844482421875,0.0716552734375,0.16180419921875,-0.1751708984375,0.90545654296875,-0.18731689453125,0.02838134765625,-0.37969970703125,0.920421587583612,-0.32878495538513797,0.009254276951818567,-0.21104813897888797
119,0.9985308694998954,-0.03295469762489549,-0.011196174749163875,-0.04094070893864967,0.715576171875,0.5491643286867683,0.344970703125,0.2593330715013587,0.5523895978130225,-0.17509169562604515,0.8021550513430183,0.14388129703177258,0.9681525086878136,0.07207823278114549,0.16292957318666387,-0.17561202543635032,0.9054126548129181,-0.18693782334343645,0.029315042655204845,-0.3799705888116639,0.920479764906459,-0.3287310648123955,0.009897289467495813,-0.2109685279055184
120,0.99847412109375,-0.03289794921875,-0.0107421875,-0.04156494140625,0.715576171875,0.54876708984375,0.344970703125,0.26007080078125,0.552440630552362,-0.17484469716764212,0.802165053759929,0.14358326583403008,0.96832275390625,0.072021484375,0.1624755859375,-0.17498779296875,0.9056396484375,-0.186767578125,0.02874755859375,-0.3795166015625,0.920651439041597,-0.32838342979201507,0.01078709631061875,-0.2105712890625
121,0.99847412109375,-0.03289794921875,-0.0107421875,-0.04156494140625,0.71575927734375,0.54925537109375,0.3446044921875,0.25909423828125,0.55242919921875,-0.1748046875,0.80218505859375,0.1435546875,0.968017578125,0.0728759765625,0.163330078125,-0.17578125,0.90557861328125,-0.18597412109375,0.02978515625,-0.37994384765625,0.920654296875,-0.328369140625,0.0108642578125,-0.2105712890625
122,0.99847412109375,-0.03302001953125,-0.010498046875,-0.0423583984375,0.715576171875,0.54901123046875,0.3448486328125,0.2598876953125,0.5522879405962584,-0.17471282856918896,0.8023626525266514,0.14340179341293896,0.9681396484375,0.07293701171875,0.16314697265625,-0.17498779296875,0.9058837890625,-0.185791015625,0.0294189453125,-0.37933349609375,0.9208545493441681,-0.32844936409124165,0.012438719886601212,-0.2096537204091764
123,0.9984373775214256,-0.03302001953125,-0.010498046875,-0.042836064877717406,0.7157100817830268,0.5491694319607023,0.3447028833089465,0.25930286011966974,0.5521115714491012,-0.17480591228574416,0.8024777823866012,0.1433846464125209,0.9679079598008988,0.07365698160535117,0.16403820841607442,-0.175279291975857,0.9059454366116221,-0.18536376953125,0.030285277095526753,-0.379319819319607,0.9209108894883988,-0.32855224609375,0.01306091104462792,-0.209092768538357
124,0.9984130859375,-0.03302001953125,-0.010498046875,-0.04315185546875,0.71563720703125,0.549072265625,0.3448486328125,0.259521484375,0.5517669983930811,-0.17460484329274664,0.8027843870845527,0.1432290986230142,0.96795654296875,0.0736083984375,0.1640625,-0.17498779296875,0.90606689453125,-0.18536376953125,0.03021240234375,-0.3790283203125,0.92095947265625,-0.3285226471049331,0.013797823800689833,-0.2088604675088838
125,0.9984130859375,-0.03299756512594063,-0.010408229253762537,-0.04342130833246239,0.7157368229384407,0.5491816798181438,0.34469430980873744,0.25921916642715304,0.5514975455293687,-0.17438029923965304,0.8030718034725125,0.14299557280779682,0.9677187304034282,0.07435694665813126,0.16482717456626253,-0.17529011091659696,0.9061567121524875,-0.184814453125,0.030970748850334438,-0.37904791688440637,0.9210043814668687,-0.3284912109375,0.014529837413775074,-0.2087212501959657
126,0.9984130859375,-0.032958984375,-0.01025390625,-0.04388427734375,0.7156982421875,0.5489501953125,0.3448486328125,0.2596435546875,0.5513916015625,-0.17437744140625,0.8031005859375,0.14324951171875,0.96783447265625,0.07427978515625,0.1646728515625,-0.17486572265625,0.90631103515625,-0.184814453125,0.03070068359375,-0.378662109375,0.9211121626123537,-0.32832280289767973,0.014358979802466568,-0.20848119219011288
127,0.9984130859375,-0.03288549723035116,-0.010221245296822739,-0.04396592972669316,0.7155477976719272,0.5493486589412625,0.3446371531406773,0.2593873703360159,0.5513916015625,-0.1744835895040761,0.8030760902226171,0.14322501600386706,0.9675619578281772,0.07529676558580685,0.16530341208977842,-0.17521948160535117,0.9062663304765887,-0.1840699875235159,0.03068823160535116,-0.3791461038748955,0.9211954480429557,-0.3278769808868102,0.014688855429556846,-0.20874411286318978
128,0.9984130859375,-0.03240966796875,-0.010009765625,-0.04449462890625,0.71575927734375,0.54876708984375,0.3448486328125,0.25970458984375,0.55157470703125,-0.17449951171875,0.80291748046875,0.1434326171875,0.9677724168452132,0.07478235557326507,0.16502477333298493,-0.17475283823683113,0.9063720703125,-0.18438720703125,0.03021240234375,-0.37872314453125,0.921142578125,-0.3277587890625,0.014404296875,-0.20916748046875
129,0.9984130859375,-0.031970378148515895,-0.010449055445234107,-0.04498882995401337,0.71563720703125,0.5489381515860159,0.34495825113660117,0.25970458984375,0.5510805059834867,-0.1751035352215719,0.8030822141513377,0.1434326171875,0.9678222247988085,0.07501853509092811,0.16451403767767558,-0.17490859015729515,0.9062987872988085,-0.1846250195965719,0.029650838080058528,-0.37890645413095736,0.9210876668974708,-0.3282529901102634,0.014514119330058526,-0.2085634569659281
130,0.9984130859375,-0.03192138671875,-0.010498046875,-0.0450439453125,0.71563720703125,0.54888916015625,0.34503173828125,0.25970458984375,0.5514552904211957,-0.17483653192934784,0.8029095193614131,0.1435281504755435,0.96783447265625,0.074951171875,0.16455078125,-0.17486572265625,0.90631103515625,-0.1846923828125,0.0296630859375,-0.37884521484375,0.92108154296875,-0.32797373896059784,0.014000934103260873,-0.2091170601222826
131,0.9983724638769857,-0.03192138671875,-0.010863645419627928,-0.04528767767558529,0.7154747187891931,0.54925537109375,0.3447055370113921,0.259765625,0.5512091084866221,-0.17490614058580686,0.8029783114940426,0.14375779780257106,0.9677734375,0.07495137600595736,0.16461120401337792,-0.17504923638691472,0.9061481386522784,-0.18499735446279264,0.0297643348923495,-0.3790085196096363,0.9211221650292643,-0.32796210349602845,0.014098712831835284,-0.20892395223662208
132,0.99835205078125,-0.03192138671875,-0.01104736328125,-0.04541015625,0.71539306640625,0.54925537109375,0.34490966796875,0.259765625,0.55181884765625,-0.17462158203125,0.802734375,0.14337158203125,0.9677734375,0.07489013671875,0.164794921875,-0.1749267578125,0.90618896484375,-0.18505859375,0.0299072265625,-0.37884521484375,0.9209751907399666,-0.3283042269805602,0.01428814636026338,-0.2090415316680602
133,0.9983257178877508,-0.03221104854724079,-0.011416023790238285,-0.045515487823996656,0.71519914199676,0.5498238758099916,0.34435320697899247,0.2597739943692517,0.5515555187212584,-0.17451625045725336,0.8028660394674958,0.1437402425402383,0.9677207717130016,0.07449881767349498,0.16478900207723662,-0.17528337459500418,0.9060238228992475,-0.18586878951975336,0.030267517702236613,-0.37890502521425584,0.9209427339177466,-0.328394248732755,0.014711922227738285,-0.20905255473975753
134,0.998291015625,-0.0325927734375,-0.01190185546875,-0.045654296875,0.71478271484375,0.5501708984375,0.34466552734375,0.25970458984375,0.5521240234375,-0.1739501953125,0.80267333984375,0.1434326171875,0.9676705554974916,0.0744575832201087,0.16520992011130853,-0.17520580483120818,0.9061279296875,-0.18572998046875,0.03082275390625,-0.378662109375,0.9209856014187918,-0.328397106566158,0.014986682496341979,-0.20885536423494983
135,0.998291015625,-0.032958984375,-0.0128173828125,-0.04595947265625,0.71429443359375,0.55078125,0.3446044921875,0.25982666015625,0.5513916015625,-0.17388916015625,0.80303955078125,0.14404296875,0.96759033203125,0.073974609375,0.1658935546875,-0.17510986328125,0.90606689453125,-0.18658447265625,0.0316162109375,-0.37835693359375,0.92095947265625,-0.32879638671875,0.01531982421875,-0.20843505859375
136,0.998291015625,-0.032958984375,-0.0128173828125,-0.04595947265625,0.71429443359375,0.55078125,0.3446044921875,0.25982666015625,0.55218505859375,-0.1734619140625,0.802734375,0.14349365234375,0.96759033203125,0.07396481108904682,0.16586905897261706,-0.17513925813910952,0.90606689453125,-0.18658447265625,0.0316162109375,-0.37835693359375,0.9209447752273202,-0.32882088243363294,0.015310025932796824,-0.20846445345160952
137,0.998291015625,-0.033017774090719064,-0.01334649025397157,-0.04613584180340719,0.7140592747308737,0.5512650403689381,0.3444034231945025,0.2598333964778428,0.5517147408679975,-0.17352070377821907,0.8029695338628763,0.14372881120662626,0.967531542315531,0.07373495963106187,0.16611748634772158,-0.17529970507159282,0.906064649090719,-0.18682187695965718,0.03184463347878344,-0.3782460904839047,0.9207763671875,-0.32916035221571904,0.015609281916283444,-0.20844853123693563
138,0.998291015625,-0.03302001953125,-0.01336669921875,-0.046142578125,0.71405029296875,0.55126953125,0.34442138671875,0.25982666015625,0.5521099384014423,-0.17326472355769232,0.8027719350961539,0.14363450270432693,0.9675809420072116,0.07383375901442307,0.16577617938701922,-0.1754479041466346,0.90606689453125,-0.18682861328125,0.0318603515625,-0.37823486328125,0.9207763671875,-0.3290593073918269,0.01531512920673077,-0.20869328425480768
139,0.998291015625,-0.03275301623902592,-0.013722703608382108,-0.046231579222408024,0.7139892578125,0.551274634523934,0.3442891098583821,0.2600314035064799,0.5518290542041179,-0.17339577563231606,0.8029568777435201,0.14352672155884197,0.967545831482546,0.0735410352215719,0.1659774525109741,-0.175431573670046,0.905961358826296,-0.18741222368833613,0.031672142819816056,-0.37816239679138797,0.9206873660900919,-0.3293965317333821,0.015481291806020068,-0.20856223218018394
140,0.998291015625,-0.03265380859375,-0.01385498046875,-0.0462646484375,0.7139892578125,0.55120849609375,0.34442138671875,0.25994873046875,0.55206298828125,-0.17333984375,0.80279541015625,0.14361572265625,0.9675666528401965,0.07353736086433946,0.16585252436507109,-0.1754523950276965,0.90594482421875,-0.18756103515625,0.03173828125,-0.37811279296875,0.9206169409098035,-0.3295661645589465,0.015265117122178106,-0.20864551761078595
141,0.998260804243311,-0.032563174448683105,-0.014187305667328615,-0.04629485981918897,0.7139898702053721,0.55120849609375,0.3443270782164507,0.2602557434286162,0.5517910858460493,-0.17340026651337792,0.8029766784463838,0.14361572265625,0.967560120649561,0.07342713014736621,0.16601256303563966,-0.17547607421875,0.90606689453125,-0.1874975504285117,0.032498464935200685,-0.3778390533549331,0.920563050337061,-0.3297711120401338,0.01531737464726172,-0.20858917746655517
142,0.99822998046875,-0.032470703125,-0.0145263671875,-0.04632568359375,0.71392822265625,0.55120849609375,0.3446044921875,0.26007080078125,0.5518798828125,-0.1737060546875,0.8028564453125,0.14361572265625,0.9675523636731814,0.07321912070181856,0.16618239999216136,-0.17545300742056855,0.90606689453125,-0.187744140625,0.03277587890625,-0.37774658203125,0.9204860929661371,-0.33004832188022576,0.015287163265572714,-0.20848119219011288
143,0.99822998046875,-0.032470703125,-0.014653744904891327,-0.04632568359375,0.7139574133831522,0.5510572350543478,0.3444558848505435,0.2604953931725543,0.5517684273097826,-0.17369013247282608,0.8029201341711957,0.14363164487092392,0.967574409816576,0.07314930791440216,0.16608196756114132,-0.17543096127717392,0.906173042629076,-0.18799093495244568,0.03410803753396741,-0.37722645635190216,0.92041015625,-0.33023203974184784,0.014958920686141327,-0.20852528447690216
144,0.99822998046875,-0.032470703125,-0.0150146484375,-0.04632568359375,0.7138671875,0.5511474609375,0.3447265625,0.26031494140625,0.5517578125,-0.1737060546875,0.80291748046875,0.14349365234375,0.967529296875,0.07275390625,0.1663818359375,-0.175537109375,0.9061279296875,-0.18817138671875,0.034423828125,-0.37713623046875,0.92022705078125,-0.3306884765625,0.015380859375,-0.20843505859375
145,0.99822998046875,-0.03247396922031773,-0.01502281367579432,-0.04632568359375,0.7137402180445234,0.5513948676578178,0.3444873210179766,0.2603116753109323,0.5517512803093646,-0.17370442163984115,0.8029223796117266,0.14349855148672658,0.9675276638273411,0.07275553929765886,0.1663900011757943,-0.175537109375,0.90606689453125,-0.1883544921875,0.03437095820704432,-0.3772566677335911,0.9202286838289089,-0.3306884765625,0.01538902461329432,-0.20843342554609115
146,0.99822998046875,-0.0325927734375,-0.01531982421875,-0.04632568359375,0.71356201171875,0.551513671875,0.34466552734375,0.26019287109375,0.551680242736204,-0.17342292504964466,0.8031005859375,0.14334361609009197,0.96746826171875,0.07253732330424331,0.16652044085754597,-0.17575920385660534,0.90606689453125,-0.1883544921875,0.03466796875,-0.377197265625,0.920121515076296,-0.33102161828490806,0.01618574773986205,-0.2083740234375
147,0.99822998046875,-0.032786289585075255,-0.015416582292537628,-0.04647082070443144,0.7133074604149248,0.5519766408862876,0.3445181447925376,0.2602285940112876,0.5516483983068562,-0.17340087890625,0.8031005859375,0.14355244205946907,0.96746826171875,0.07265490273568144,0.16664904336068145,-0.17558773385242474,0.9059805471362876,-0.18874601536371238,0.03493517617318144,-0.37718685494617477,0.9202017385425376,-0.3309095503893186,0.016332109636287628,-0.20822888632681855
148,0.99822998046875,-0.0328369140625,-0.01544189453125,-0.0465087890625,0.7132568359375,0.552001953125,0.34454345703125,0.26025390625,0.55181884765625,-0.17315673828125,0.802978515625,0.14349365234375,0.967529296875,0.072509765625,0.1663818359375,-0.17578125,0.906005859375,-0.188720703125,0.03497314453125,-0.37713623046875,0.9201445818744775,-0.3310777542981814,0.016522359688545155,-0.2082321524221363
149,0.99822998046875,-0.032700554582984945,-0.015475984401128764,-0.046645148542015055,0.7130467851823787,0.5522928397392349,0.34449671104201507,0.26028799611987874,0.5517506679164925,-0.17336127750052258,0.8030126054948787,0.14345956247387123,0.9675633867448787,0.07233931627560618,0.1663818359375,-0.1756789803903637,0.9058837890625,-0.18873499229201507,0.03490496479149247,-0.37742711708298493,0.92010498046875,-0.3312790274221363,0.016567472630121236,-0.20811559364548493
150,0.99822998046875,-0.0325927734375,-0.0155029296875,-0.0467529296875,0.71307373046875,0.55218505859375,0.3446044921875,0.26031494140625,0.5517578125,-0.17315673828125,0.80303955078125,0.14361572265625,0.96746826171875,0.07269287109375,0.1663818359375,-0.1759033203125,0.9058837890625,-0.1888427734375,0.03485107421875,-0.3773193359375,0.9201588710414925,-0.3311173557039088,0.01678303492109115,-0.20811559364548496
151,0.99822998046875,-0.03243436781459031,-0.015443527578908867,-0.04685193320181855,0.7131529332802048,0.5523318287520903,0.3443999529682274,0.2600691677335911,0.5517776132028637,-0.1733151439041597,0.8029999493755225,0.14353651984479515,0.9675078631244775,0.07253446547084032,0.16628283242318145,-0.17582411750104515,0.9059035897653637,-0.18835122609218227,0.03507868023620402,-0.37754530890729515,0.9202072500783863,-0.33092935109218224,0.016951238829954023,-0.20817275031354515
152,0.99822998046875,-0.0321044921875,-0.01531982421875,-0.04705810546875,0.71331787109375,0.552001953125,0.344482421875,0.26019287109375,0.55169677734375,-0.17352294921875,0.80303955078125,0.14337158203125,0.96746826171875,0.07269287109375,0.16644287109375,-0.176025390625,0.90594482421875,-0.1885986328125,0.0347900390625,-0.37738037109375,0.92022705078125,-0.33087158203125,0.01690673828125,-0.20819091796875
153,0.99822998046875,-0.03209346911580268,-0.015314312682901338,-0.047085663147993305,0.7136285584108487,0.551802313048704,0.34425481585754597,0.2599707766121446,0.55169677734375,-0.1735505068979933,0.8030340392454013,0.14337709356709866,0.9674737732545987,0.07268184802205267,0.16643735955790134,-0.17600334448160534,0.9058337769779473,-0.18860414434834866,0.035383856017454016,-0.3775414304191054,0.92022705078125,-0.3308826051029473,0.016890203673704016,-0.20816887182535534
154,0.99822998046875,-0.031982421875,-0.0152587890625,-0.04736328125,0.71368408203125,0.5516357421875,0.34442138671875,0.26019287109375,0.5518749836695234,-0.17394692921718227,0.8028597114078178,0.14319500875313546,0.967529296875,0.07233319234688544,0.1657878148515886,-0.17619706476013797,0.90594482421875,-0.18865966796875,0.03521728515625,-0.3773193359375,0.9199894423468854,-0.3315876734296614,0.01684243702968228,-0.20818438577811454
155,0.99822998046875,-0.031982421875,-0.0152587890625,-0.04736328125,0.7139976271817516,0.5514267120871655,0.3439510689929975,0.2602451286188336,0.5518798828125,-0.1739501953125,0.8028564453125,0.1431884765625,0.967529296875,0.07232666015625,0.165771484375,-0.17620849609375,0.9057880516434992,-0.1890777281694189,0.035530830306751665,-0.3774761085127508,0.91998291015625,-0.33160400390625,0.016845703125,-0.20819091796875
156,0.9981689453125,-0.0322265625,-0.01580810546875,-0.0477294921875,0.71368408203125,0.55157470703125,0.3443603515625,0.26025390625,0.552001953125,-0.173828125,0.80279541015625,0.143310546875,0.967529296875,0.072265625,0.16595458984375,-0.1761474609375,0.9058837890625,-0.18914794921875,0.03607177734375,-0.37701416015625,0.9199696416440217,-0.3319038722826087,0.01736317510190218,-0.20759648862092392
157,0.9981689453125,-0.03218859414193144,-0.016263725765572737,-0.04784339726170568,0.7137220503893186,0.55157470703125,0.3443223832044314,0.2602159378919314,0.5515843011862458,-0.17390406171613712,0.8030232203046613,0.1434244519492057,0.9674913285169314,0.07211375156772576,0.16637224178250418,-0.17607152422136288,0.9060356624947743,-0.18918591757681857,0.038349878827863684,-0.37644463478522155,0.919921875,-0.33218312343227424,0.017774703111935613,-0.20731478789977006
158,0.9981689453125,-0.03216552734375,-0.01654052734375,-0.04791259765625,0.7137451171875,0.55157470703125,0.34429931640625,0.26019287109375,0.55194091796875,-0.1739501953125,0.80279541015625,0.14312744140625,0.96746826171875,0.07183837890625,0.16644287109375,-0.17626953125,0.9061279296875,-0.189208984375,0.03973388671875,-0.3760986328125,0.9198294036763169,-0.3325528045960493,0.018806789232336946,-0.20703002521425584
159,0.9981689453125,-0.032212885725857024,-0.016753640063231604,-0.047959956038357024,0.7137451171875,0.55157470703125,0.3442756372151965,0.2602165502848035,0.5517751636313755,-0.1739501953125,0.802890126920464,0.14324583736151755,0.9674445825276965,0.07183837890625,0.1666559838132316,-0.176222172867893,0.90631103515625,-0.189378413069607,0.04224265618467809,-0.375332529329536,0.9197624487223035,-0.33282470703125,0.019781718684678092,-0.20679078373223245
160,0.9981689453125,-0.03228759765625,-0.01708984375,-0.04803466796875,0.7137451171875,0.55157470703125,0.34423828125,0.26025390625,0.55194091796875,-0.1741943359375,0.802734375,0.14324951171875,0.96697998046875,0.07220458984375,0.16912841796875,-0.17626953125,0.90631103515625,-0.189453125,0.04254150390625,-0.37518310546875,0.919750200864862,-0.33300658771425584,0.020278981696801854,-0.2064882616534281
161,0.9981595552884616,-0.032296987680288464,-0.017174353966346152,-0.04803466796875,0.7138906625600961,0.5513587364783654,0.3440598707932692,0.2605121319110577,0.5518751878004807,-0.17417555588942307,0.8027813251201923,0.14326829176682693,0.9669612004206731,0.07219519981971154,0.16921292818509615,-0.17626953125,0.9063016451322116,-0.1894202599158654,0.043471116286057696,-0.3752253605769231,0.9196260892427884,-0.3335148737980769,0.020897498497596152,-0.20613919771634615
162,0.99810791015625,-0.0323486328125,-0.01763916015625,-0.04803466796875,0.71368408203125,0.551513671875,0.34442138671875,0.26025390625,0.55169677734375,-0.17425537109375,0.80291748046875,0.14324951171875,0.966796875,0.07183837890625,0.17010498046875,-0.17645263671875,0.90625,-0.1895751953125,0.04388427734375,-0.3751220703125,0.919677734375,-0.33362265494356186,0.02139374085493307,-0.2059191445443144
163,0.99810791015625,-0.032460904839046824,-0.01763916015625,-0.04809080398202341,0.7135718100047032,0.5516259439015468,0.34430911469220316,0.26047845030309363,0.55169677734375,-0.17425537109375,0.8028613444554766,0.14336178374529682,0.966796875,0.07195065093279682,0.17016111648202342,-0.17634036469220318,0.9061938639867266,-0.18895769916649247,0.04382814133047659,-0.37557115841868727,0.919677734375,-0.3336840983617266,0.022216796875,-0.20551027023672658
164,0.99810791015625,-0.032470703125,-0.01763916015625,-0.048095703125,0.71356201171875,0.5516357421875,0.34429931640625,0.260498046875,0.551513671875,-0.17437744140625,0.80291748046875,0.14349365234375,0.9666748046875,0.07208251953125,0.17083740234375,-0.1763916015625,0.90618896484375,-0.18890380859375,0.0438232421875,-0.3756103515625,0.9198737000940636,-0.333238276350857,0.022167805445234116,-0.2054563796639841
165,0.99810791015625,-0.03238700943248328,-0.017513619617474916,-0.04805385627874164,0.7136457054112667,0.5515102016487249,0.34429931640625,0.2605817405675167,0.5516392124137751,-0.17437744140625,0.8028756336224916,0.14340995865123327,0.9666748046875,0.07204067268499163,0.17067001495871656,-0.17643344840875835,0.90618896484375,-0.18848534013116638,0.043530314263691465,-0.3758614326400502,0.9198800281537416,-0.33317172965875835,0.022030221179974916,-0.20552802963001673
166,0.99810791015625,-0.0323486328125,-0.0174560546875,-0.04803466796875,0.71368408203125,0.55145263671875,0.34429931640625,0.2606201171875,0.55145263671875,-0.17462158203125,0.8028564453125,0.1436767578125,0.96661376953125,0.07244873046875,0.17108154296875,-0.1763916015625,0.90618896484375,-0.18829345703125,0.04339599609375,-0.3759765625,0.9199649466320025,-0.332982704392245,0.0220767630382525,-0.20542759719899667
167,0.9981354678354933,-0.032265959774770064,-0.017400939329013376,-0.047979552610263376,0.7137391973897366,0.5512597329640468,0.3443819894439799,0.26073034790447325,0.5515077520772366,-0.1746491397104933,0.8028564453125,0.14359408477477006,0.96661376953125,0.07239361511026338,0.17099886993102006,-0.17647427460022994,0.90618896484375,-0.18796276488033026,0.04306530394283026,-0.37616946625470316,0.9200163876332567,-0.3329073800689799,0.022100646360263376,-0.20540493866272994
168,0.9981689453125,-0.03216552734375,-0.017333984375,-0.04791259765625,0.71380615234375,0.551025390625,0.344482421875,0.2608642578125,0.5513916015625,-0.17510986328125,0.8028564453125,0.143798828125,0.966552734375,0.07257080078125,0.17138671875,-0.17633056640625,0.90618896484375,-0.18756103515625,0.04266357421875,-0.37640380859375,0.9200237363477216,-0.3329261601170569,0.02193162592757108,-0.20540330561507109
169,0.9981689453125,-0.032178795855978264,-0.01732071586277174,-0.04785952360733696,0.7138194208559783,0.5509855850883152,0.344482421875,0.26090406334918476,0.5514048700747283,-0.17505678923233695,0.8028564453125,0.1437722911005435,0.9665394658627717,0.07259733780570653,0.17137345023777173,-0.17638364045516305,0.9062367314877717,-0.18705948539402173,0.04193115234375,-0.376639988111413,0.9200917119565217,-0.33275040336277173,0.02174178413722826,-0.20525326936141305
170,0.9981689453125,-0.0322265625,-0.01727294921875,-0.04766845703125,0.7138671875,0.55084228515625,0.344482421875,0.26104736328125,0.55126953125,-0.17529296875,0.8028564453125,0.14373779296875,0.9664306640625,0.0726318359375,0.171875,-0.176513671875,0.90618896484375,-0.18701171875,0.04193115234375,-0.3768310546875,0.9200500692412207,-0.33270876064747074,0.021814046496132937,-0.20541371629389632
171,0.9981689453125,-0.03252663500731606,-0.017032891212897153,-0.04748841352686036,0.7138671875,0.5509022996577132,0.344482421875,0.26104736328125,0.551569603757316,-0.17499289624268394,0.8027364163095736,0.14385782197167643,0.9663706495610368,0.07299192294627928,0.17169495649561037,-0.17663370087792643,0.90618896484375,-0.1864715882368311,0.04193115234375,-0.37707111269335286,0.9201649949702132,-0.33246359936768394,0.021973676904786788,-0.20537921816210286
172,0.9981689453125,-0.03253173828125,-0.01702880859375,-0.0474853515625,0.7138671875,0.5509033203125,0.344482421875,0.26104736328125,0.55126953125,-0.17523193359375,0.80291748046875,0.1436767578125,0.96630859375,0.0728759765625,0.17218017578125,-0.176513671875,0.90618896484375,-0.18646240234375,0.04193115234375,-0.3770751953125,0.920166015625,-0.33245849609375,0.02197265625,-0.20538330078125
173,0.9981689453125,-0.03271463961904263,-0.016937357924853683,-0.04739390089360369,0.7139129128344481,0.5508575949780519,0.34443669654055187,0.26104736328125,0.5513609819188963,-0.17504903225595736,0.8028717551343019,0.14372248314694816,0.96630859375,0.07305887790029263,0.17213445044680184,-0.17655939720944816,0.9062346901781981,-0.18641667700930184,0.04225122968488711,-0.3769837446436037,0.920166015625,-0.3324740100465092,0.0223388671875,-0.20523061082514632
174,0.9981689453125,-0.03277587890625,-0.01690673828125,-0.04736328125,0.71392822265625,0.55084228515625,0.34442138671875,0.26104736328125,0.55126953125,-0.17529296875,0.8028564453125,0.14361572265625,0.96624755859375,0.072998046875,0.172607421875,-0.176513671875,0.90625,-0.1864013671875,0.0423583984375,-0.376953125,0.920166015625,-0.33255178394126256,0.022377447938440632,-0.20522264971780937
175,0.9981689453125,-0.03290162357598243,-0.01690673828125,-0.04736328125,0.7138024779865175,0.5509680298259825,0.3443899505513169,0.2611416717835493,0.5513009674174331,-0.1752300964151338,0.8028564453125,0.14374146732598245,0.96624755859375,0.07312379154473243,0.17263885804243312,-0.17648223570756688,0.9063128723348662,-0.18627562251776755,0.042515579274665545,-0.3768588164977007,0.9201974517924331,-0.3325158568927676,0.02243133851118311,-0.2052001953125
176,0.9981689453125,-0.03302001953125,-0.01690673828125,-0.04736328125,0.71368408203125,0.55108642578125,0.3443603515625,0.26123046875,0.55126953125,-0.17523193359375,0.8028564453125,0.14404296875,0.9661865234375,0.073486328125,0.1727294921875,-0.1763916015625,0.9063720703125,-0.1861572265625,0.04266357421875,-0.37677001953125,0.9202756339491012,-0.3322517114339465,0.022436645916074416,-0.20524877848035117
177,0.9981689453125,-0.0325927734375,-0.01690673828125,-0.04736328125,0.713623046875,0.551025390625,0.34454345703125,0.2613525390625,0.55120849609375,-0.17547607421875,0.80291748046875,0.1436767578125,0.9662304115933319,0.07324769903584862,0.17265886287625418,-0.17640119571749582,0.90643310546875,-0.186279296875,0.0426025390625,-0.37652587890625,0.920166015625,-0.33245849609375,0.02227783203125,-0.205322265625
178,0.9981689453125,-0.0325927734375,-0.01690673828125,-0.04736328125,0.713623046875,0.551025390625,0.34454345703125,0.2613525390625,0.551025390625,-0.17547607421875,0.80291748046875,0.14410400390625,0.9661865234375,0.07373046875,0.17279052734375,-0.17626953125,0.90643310546875,-0.186279296875,0.0426025390625,-0.37652587890625,0.9202060252926422,-0.3323684743415552,0.022267829614339464,-0.205322265625
179,0.9981689453125,-0.03216552734375,-0.0167236328125,-0.04736328125,0.71356201171875,0.551025390625,0.3446044921875,0.2613525390625,0.5511474609375,-0.17572021484375,0.8028564453125,0.14373779296875,0.966244700760347,0.07338426264632104,0.17250821422972404,-0.17632199290604098,0.90655517578125,-0.18634033203125,0.04266357421875,-0.376220703125,0.92022705078125,-0.332275390625,0.02197265625,-0.20538330078125
180,0.9981689453125,-0.03216552734375,-0.0167236328125,-0.04736328125,0.71356201171875,0.551025390625,0.3446044921875,0.2613525390625,0.5509033203125,-0.17572021484375,0.802978515625,0.1439208984375,0.9661865234375,0.07379150390625,0.1729736328125,-0.1761474609375,0.90655517578125,-0.18634033203125,0.04266357421875,-0.376220703125,0.92022705078125,-0.332275390625,0.02197265625,-0.20538330078125
181,0.998218549135138,-0.03196711205319815,-0.016426009876672226,-0.04726407360472407,0.713611615541388,0.551074994447638,0.34455488836486203,0.2612037275945861,0.5511513394256898,-0.17576981866638797,0.8028793079797241,0.14362327550167223,0.966236127260138,0.07369229626097408,0.17262640605403426,-0.17624666858277593,0.906604779603888,-0.18599310527278426,0.04256436657347407,-0.37627030694763797,0.920299517271112,-0.33206942248902593,0.021858138782922226,-0.20545964575930184
182,0.99822998046875,-0.03192138671875,-0.016357421875,-0.0472412109375,0.713623046875,0.55108642578125,0.34454345703125,0.26116943359375,0.55096435546875,-0.17578125,0.802978515625,0.1435546875,0.96612548828125,0.073974609375,0.173095703125,-0.1761474609375,0.9066162109375,-0.1859130859375,0.04254150390625,-0.37628173828125,0.9202880859375,-0.33209228515625,0.02178955078125,-0.20550537109375
183,0.99822998046875,-0.031982421875,-0.0162353515625,-0.04718017578125,0.7136487673756271,0.5511570550924958,0.34442138671875,0.2611951540943771,0.55108642578125,-0.1756591796875,0.80291748046875,0.1435546875,0.9661512087818771,0.07403564453125,0.17315020609061457,-0.17617318143812707,0.90667724609375,-0.18560791015625,0.042724609375,-0.376220703125,0.92034912109375,-0.33197021484375,0.021728515625,-0.2054443359375
184,0.99822998046875,-0.031982421875,-0.0162353515625,-0.04718017578125,0.713623046875,0.55120849609375,0.34442138671875,0.26116943359375,0.5511474609375,-0.17559814453125,0.802978515625,0.14337158203125,0.96612548828125,0.07403564453125,0.17327880859375,-0.1761474609375,0.90667724609375,-0.18560791015625,0.042724609375,-0.376220703125,0.92034912109375,-0.33197021484375,0.021728515625,-0.2054443359375
185,0.99822998046875,-0.03216552734375,-0.01641845703125,-0.04705810546875,0.7135640530283236,0.5513495505852842,0.3443793357415343,0.2609653026363921,0.551025390625,-0.1754150390625,0.80303955078125,0.14349365234375,0.9660434276363922,0.07413464804556855,0.17360705117318145,-0.1762274802727843,0.90667724609375,-0.18572998046875,0.04315185546875,-0.37615966796875,0.92034912109375,-0.33197021484375,0.0220947265625,-0.2054443359375
186,0.99822998046875,-0.03216552734375,-0.01641845703125,-0.04705810546875,0.71368408203125,0.55126953125,0.34429931640625,0.26092529296875,0.55126953125,-0.17547607421875,0.802978515625,0.14306640625,0.96600341796875,0.073974609375,0.17376708984375,-0.1761474609375,0.90667724609375,-0.18572998046875,0.04315185546875,-0.37615966796875,0.9203352401886497,-0.3320396193692517,0.022150250182901357,-0.20540269322219898
187,0.9981689453125,-0.0325927734375,-0.01654052734375,-0.046875,0.7135413944920569,0.5515953242579431,0.34421133596362874,0.2608642578125,0.55126953125,-0.175048828125,0.80303955078125,0.143310546875,0.9659491191340928,0.07433449225282188,0.17402470311193563,-0.17625605860681437,0.90673828125,-0.18585205078125,0.0440673828125,-0.37591552734375,0.92034912109375,-0.3319091796875,0.0225830078125,-0.20538330078125
188,0.9981689453125,-0.0325927734375,-0.01654052734375,-0.046875,0.7138671875,0.55126953125,0.343994140625,0.2608642578125,0.55145263671875,-0.17498779296875,0.802978515625,0.142822265625,0.96600341796875,0.07379150390625,0.17413330078125,-0.1761474609375,0.90673828125,-0.18585205078125,0.0440673828125,-0.37591552734375,0.92034912109375,-0.3319091796875,0.0225830078125,-0.20538330078125
189,0.9981689453125,-0.03314208984375,-0.01678466796875,-0.04681396484375,0.7138143175820444,0.5515973655675167,0.3436273172946279,0.2608642578125,0.5513916015625,-0.17462158203125,0.80303955078125,0.14324951171875,0.9659348299670778,0.07374496204797237,0.17439254709709448,-0.17604049631584448,0.90679931640625,-0.18612007472826092,0.04524338125783868,-0.3754266337008779,0.92041015625,-0.33184814453125,0.023193359375,-0.20513916015625
190,0.9981689453125,-0.03314208984375,-0.01678466796875,-0.04681396484375,0.7138671875,0.55157470703125,0.34356689453125,0.2608642578125,0.5518798828125,-0.17431640625,0.8028564453125,0.1427001953125,0.9659423828125,0.07366943359375,0.17437744140625,-0.176025390625,0.90679931640625,-0.18621826171875,0.04534912109375,-0.3753662109375,0.92041015625,-0.33184814453125,0.023193359375,-0.20513916015625
191,0.9981689453125,-0.03350830078125,-0.0172119140625,-0.0467529296875,0.7137361354253763,0.5518625316811245,0.34337991057431017,0.2607595386313754,0.55157470703125,-0.17401123046875,0.8031005859375,0.14300537109375,0.9658595056438127,0.07383518793112458,0.1749049158000627,-0.17600803949362456,0.9068777026938755,-0.186309508256689,0.04676068666387968,-0.3749132443431229,0.92041015625,-0.33203125,0.0240478515625,-0.204833984375
192,0.9981689453125,-0.03350830078125,-0.0172119140625,-0.0467529296875,0.7138671875,0.55181884765625,0.3431396484375,0.26080322265625,0.55206298828125,-0.17364501953125,0.8028564453125,0.142822265625,0.96588134765625,0.07379150390625,0.1749267578125,-0.17596435546875,0.90692138671875,-0.18646240234375,0.0472412109375,-0.37469482421875,0.92041015625,-0.33203125,0.0240478515625,-0.204833984375
193,0.9981689453125,-0.0333251953125,-0.017578125,-0.046630859375,0.7141025504938336,0.5516943277722617,0.34313474929452337,0.2604868196723453,0.5517578125,-0.17364501953125,0.8031005859375,0.1427001953125,0.9657954085232023,0.07367188316523832,0.1754311654081313,-0.17596190589726168,0.9069848714464883,-0.18666796221780935,0.048381894727215866,-0.3742963605899874,0.92034912109375,-0.33233642578125,0.02471923828125,-0.20452880859375
194,0.9981689453125,-0.0333251953125,-0.017578125,-0.046630859375,0.71435546875,0.551513671875,0.3427734375,0.26055908203125,0.55230712890625,-0.17376708984375,0.80267333984375,0.142822265625,0.96575927734375,0.0738525390625,0.17572021484375,-0.17578125,0.90716552734375,-0.1865234375,0.0496826171875,-0.37371826171875,0.92034912109375,-0.33233642578125,0.02471923828125,-0.20452880859375
195,0.9981689453125,-0.03302001953125,-0.01806640625,-0.046630859375,0.7145040760869565,0.5513571034307065,0.34306269106657605,0.26016102666440216,0.55181884765625,-0.17388916015625,0.802978515625,0.14263916015625,0.9656770125679348,0.07348898182744568,0.17624299422554351,-0.17581044072690216,0.9073486328125,-0.1868896484375,0.05181884765625,-0.372802734375,0.92010498046875,-0.333251953125,0.02545166015625,-0.20404052734375
196,0.9981689453125,-0.03302001953125,-0.01806640625,-0.046630859375,0.7152099609375,0.5509033203125,0.3424072265625,0.260009765625,0.552490234375,-0.17413330078125,0.802490234375,0.14276123046875,0.965576171875,0.07379150390625,0.17669677734375,-0.1756591796875,0.9073486328125,-0.1868896484375,0.05181884765625,-0.372802734375,0.9201015102424749,-0.3332588935775502,0.02544471970369983,-0.20404746779630017
197,0.9981689453125,-0.03326416015625,-0.01837158203125,-0.046630859375,0.7149658203125,0.5511474609375,0.34259033203125,0.2598876953125,0.55224609375,-0.1739501953125,0.8026123046875,0.14300537109375,0.9654004151207148,0.07420405257107025,0.1776939570704432,-0.17571654048651755,0.90740966796875,-0.18688597408026755,0.052701305784908066,-0.3726269776207149,0.92010498046875,-0.33319091796875,0.02569580078125,-0.20404052734375
198,0.9981689453125,-0.03326416015625,-0.01837158203125,-0.046630859375,0.71551513671875,0.5509033203125,0.34197998046875,0.25982666015625,0.55267333984375,-0.17388916015625,0.80230712890625,0.14312744140625,0.96539306640625,0.07421875,0.177734375,-0.17572021484375,0.90740966796875,-0.1868896484375,0.052734375,-0.37261962890625,0.92010498046875,-0.33319091796875,0.02569580078125,-0.20404052734375
199,0.9981689453125,-0.033203125,-0.0185546875,-0.04656982421875,0.7154720650867475,0.55096435546875,0.342015907517245,0.25981584121551005,0.55255126953125,-0.17388916015625,0.80242919921875,0.14306640625,0.96515974472199,0.07445921626776757,0.1788219847408027,-0.17569510673599498,0.9073917044445025,-0.18692557548599498,0.05296055210075251,-0.37261962890625,0.9200439453125,-0.33331298828125,0.0260009765625,-0.2042236328125
200,0.9981689453125,-0.033203125,-0.0185546875,-0.04656982421875,0.7154541015625,0.55096435546875,0.34197998046875,0.2598876953125,0.5526123046875,-0.17401123046875,0.80230712890625,0.14337158203125,0.965087890625,0.0745849609375,0.17919921875,-0.1756591796875,0.90740966796875,-0.1868896484375,0.052978515625,-0.37261962890625,0.9200439453125,-0.33331298828125,0.0260009765625,-0.2042236328125
201,0.9981689453125,-0.0330810546875,-0.01861572265625,-0.0462646484375,0.7154898244800376,0.5509355730037625,0.3419730400161998,0.25975521432117477,0.55255126953125,-0.173828125,0.80242919921875,0.14312744140625,0.9650556379337375,0.07452045555497491,0.17928556614496238,-0.17579166067882526,0.9073129098949624,-0.1868102414950878,0.05312589817621237,-0.3727774221362876,0.9200439453125,-0.3331298828125,0.0257568359375,-0.2044677734375
202,0.9981689453125,-0.0330810546875,-0.01861572265625,-0.0462646484375,0.71539306640625,0.5509033203125,0.34210205078125,0.25994873046875,0.5523681640625,-0.17401123046875,0.802490234375,0.1434326171875,0.965087890625,0.0745849609375,0.17938232421875,-0.17559814453125,0.90740966796875,-0.18658447265625,0.05322265625,-0.3726806640625,0.9200439453125,-0.3331298828125,0.0257568359375,-0.2044677734375
203,0.99822998046875,-0.03302001953125,-0.01837158203125,-0.0457763671875,0.7155937271373328,0.5509063822768604,0.3418052443692517,0.2597625630356396,0.5525253448996655,-0.17378995251097407,0.8024436925167224,0.14310988614391723,0.9649658203125,0.07464599609375,0.17999267578125,-0.175537109375,0.907470703125,-0.186279296875,0.05401611328125,-0.37249755859375,0.92022705078125,-0.33251953125,0.0257568359375,-0.20452880859375
204,0.99822998046875,-0.03302001953125,-0.01837158203125,-0.0457763671875,0.7154541015625,0.55072021484375,0.34222412109375,0.25994873046875,0.55224609375,-0.17425537109375,0.802490234375,0.14324951171875,0.9649658203125,0.07464599609375,0.17999267578125,-0.175537109375,0.907470703125,-0.186279296875,0.05401611328125,-0.37249755859375,0.92022705078125,-0.33251953125,0.0257568359375,-0.20452880859375
205,0.99822998046875,-0.03338623046875,-0.01806640625,-0.04522705078125,0.7154545098244147,0.5511454196279264,0.3416768459970736,0.2598272725491221,0.5526110799017558,-0.173647877364653,0.8024294033497074,0.14318827243154264,0.96478271484375,0.0745849609375,0.18084716796875,-0.17547607421875,0.9075927734375,-0.1856689453125,0.0546875,-0.3724365234375,0.9202880859375,-0.3323974609375,0.0264892578125,-0.204345703125
206,0.99822998046875,-0.03338623046875,-0.01806640625,-0.04522705078125,0.715576171875,0.550537109375,0.34228515625,0.260009765625,0.55224609375,-0.17449951171875,0.802490234375,0.14312744140625,0.96478271484375,0.0745849609375,0.18084716796875,-0.17547607421875,0.9075927734375,-0.1856689453125,0.0546875,-0.3724365234375,0.9202880859375,-0.3323974609375,0.0264892578125,-0.204345703125
207,0.99822998046875,-0.033902681790865384,-0.017878605769230768,-0.044851449819711536,0.7154353215144231,0.5510066105769231,0.3418626051682692,0.2599628155048077,0.5525277944711539,-0.17388916015625,0.8023963341346154,0.14326829176682693,0.9646888146033654,0.07496056189903846,0.18145751953125,-0.1753821739783654,0.9076866736778846,-0.18519944411057693,0.055344801682692304,-0.37234262319711536,0.9203819861778846,-0.33243032602163464,0.027254544771634616,-0.20391376201923078
208,0.99822998046875,-0.0340576171875,-0.017822265625,-0.04473876953125,0.7154541015625,0.55059814453125,0.34228515625,0.26019287109375,0.5523681640625,-0.17449951171875,0.8023681640625,0.143310546875,0.96466064453125,0.0750732421875,0.181640625,-0.17535400390625,0.90771484375,-0.18505859375,0.0555419921875,-0.372314453125,0.92041015625,-0.332275390625,0.02728271484375,-0.20404052734375
209,0.99822998046875,-0.03424072265625,-0.0177001953125,-0.04437255859375,0.7154541015625,0.550711641343541,0.34211062428145905,0.2601730703908863,0.55255126953125,-0.174072265625,0.8023681640625,0.14324951171875,0.9644775390625,0.0751953125,0.182373046875,-0.17529296875,0.907723417250209,-0.18471647026546822,0.055994958781877095,-0.3723867154839047,0.9205322265625,-0.33209228515625,0.0272216796875,-0.20379638671875
210,0.99822998046875,-0.03424072265625,-0.0177001953125,-0.04437255859375,0.7154541015625,0.55059814453125,0.34222412109375,0.26031494140625,0.552490234375,-0.17449951171875,0.80230712890625,0.14337158203125,0.9644775390625,0.0751953125,0.182373046875,-0.17529296875,0.9078369140625,-0.18463134765625,0.05633544921875,-0.37213134765625,0.9205322265625,-0.33209228515625,0.0272216796875,-0.20379638671875
211,0.99822998046875,-0.0343017578125,-0.017822265625,-0.04412841796875,0.7154724733486622,0.550628355912939,0.34223657308214883,0.26014428792589883,0.5524108274325878,-0.17443908895537208,0.8023497922763378,0.143310546875,0.96435546875,0.0753173828125,0.18316650390625,-0.17529296875,0.90789794921875,-0.18438720703125,0.056884765625,-0.3720703125,0.92059326171875,-0.33197021484375,0.02752685546875,-0.20361328125
212,0.99822998046875,-0.0343017578125,-0.017822265625,-0.04412841796875,0.71551513671875,0.5504150390625,0.3424072265625,0.26031494140625,0.5523681640625,-0.17486572265625,0.80230712890625,0.143310546875,0.96435546875,0.0753173828125,0.18316650390625,-0.17529296875,0.90789794921875,-0.18438720703125,0.056884765625,-0.3720703125,0.92059326171875,-0.33197021484375,0.02752685546875,-0.20361328125
213,0.99822998046875,-0.03460693359375,-0.0179443359375,-0.04388427734375,0.7153483617265887,0.5506793886522784,0.3423055693457358,0.2602132841894858,0.5522989636679557,-0.1745485031485159,0.8023640814433528,0.1434326171875,0.9642333984375,0.07525634765625,0.183837890625,-0.17529296875,0.9078369140625,-0.18426513671875,0.05731201171875,-0.37213134765625,0.9205322265625,-0.33209228515625,0.0279541015625,-0.20355224609375
214,0.99822998046875,-0.03460693359375,-0.0179443359375,-0.04388427734375,0.715576171875,0.55010986328125,0.34259033203125,0.260498046875,0.55218505859375,-0.17523193359375,0.80230712890625,0.1434326171875,0.9642333984375,0.07525634765625,0.183837890625,-0.17529296875,0.9078369140625,-0.18426513671875,0.05731201171875,-0.37213134765625,0.9205322265625,-0.33209228515625,0.0279541015625,-0.20355224609375
215,0.99822998046875,-0.03496273385242476,-0.017995164545882108,-0.04373179151860367,0.7153728574414716,0.5504656635399248,0.3424378462061037,0.2604472182666179,0.5522358872021321,-0.17492696194345736,0.80230712890625,0.14363593162102845,0.9642333984375,0.07535800487301422,0.1838887192333821,-0.17529296875,0.9078369140625,-0.1842143081103679,0.057413668935514216,-0.37213134765625,0.9205220200146321,-0.33215352444345736,0.02821845115227843,-0.20347079784176422
216,0.99822998046875,-0.0350341796875,-0.01800537109375,-0.043701171875,0.71551513671875,0.5499267578125,0.3427734375,0.2608642578125,0.55218505859375,-0.1754150390625,0.80224609375,0.143798828125,0.9642333984375,0.07537841796875,0.18389892578125,-0.17529296875,0.9078369140625,-0.1842041015625,0.05743408203125,-0.37213134765625,0.9205322265625,-0.33209228515625,0.02825927734375,-0.2034912109375
217,0.99822998046875,-0.0350341796875,-0.01806640625,-0.0435791015625,0.71551513671875,0.54998779296875,0.34271240234375,0.2607421875,0.5521240234375,-0.17529296875,0.80230712890625,0.14373779296875,0.96417236328125,0.07537841796875,0.18414306640625,-0.17523193359375,0.9078734535038671,-0.18402140435566472,0.05742203830476588,-0.37225341796875,0.920654296875,-0.33197021484375,0.0277099609375,-0.2034912109375
218,0.99822998046875,-0.0350341796875,-0.01806640625,-0.0435791015625,0.7154541015625,0.5498046875,0.34295654296875,0.260986328125,0.552001953125,-0.175537109375,0.80230712890625,0.14385986328125,0.96417236328125,0.07537841796875,0.18414306640625,-0.17523193359375,0.90789794921875,-0.18389892578125,0.057373046875,-0.37225341796875,0.920654296875,-0.33197021484375,0.0277099609375,-0.2034912109375
219,0.99822998046875,-0.03515625,-0.01812744140625,-0.043701171875,0.71533203125,0.549887972930602,0.342995327850648,0.2611083984375,0.552001953125,-0.175537109375,0.80224609375,0.14404296875,0.964111328125,0.0755615234375,0.18438720703125,-0.17529296875,0.907914483826296,-0.18377113980194398,0.057450616638795984,-0.37224259902801005,0.920654296875,-0.3319091796875,0.02825927734375,-0.203369140625
220,0.99822998046875,-0.03515625,-0.01812744140625,-0.043701171875,0.71533203125,0.5499267578125,0.34295654296875,0.2611083984375,0.55194091796875,-0.17559814453125,0.80230712890625,0.1439208984375,0.964111328125,0.0755615234375,0.18438720703125,-0.17529296875,0.9078369140625,-0.18365478515625,0.057373046875,-0.3724365234375,0.920654296875,-0.3319091796875,0.02825927734375,-0.203369140625
221,0.99822998046875,-0.03515625,-0.01824951171875,-0.04388427734375,0.7152179220448369,0.549881644870924,0.34311576511548914,0.26116943359375,0.55181884765625,-0.17572021484375,0.8023681640625,0.14404296875,0.96405029296875,0.0755615234375,0.18450927734375,-0.17535400390625,0.9078899881114131,-0.18369193699048914,0.05740223760190217,-0.37230118461277173,0.920654296875,-0.3319091796875,0.0284423828125,-0.203369140625
222,0.99822998046875,-0.03515625,-0.01824951171875,-0.04388427734375,0.71527099609375,0.54998779296875,0.34295654296875,0.26116943359375,0.55194091796875,-0.17547607421875,0.80230712890625,0.14398193359375,0.96405029296875,0.0755615234375,0.18450927734375,-0.17535400390625,0.9078369140625,-0.18353271484375,0.05718994140625,-0.37261962890625,0.920654296875,-0.3319091796875,0.0284423828125,-0.203369140625
223,0.99822998046875,-0.03497314453125,-0.0185546875,-0.044189453125,0.71514892578125,0.54986572265625,0.3433837890625,0.26116943359375,0.5516357421875,-0.17578125,0.80242919921875,0.14404296875,0.96405029296875,0.07550048828125,0.18450927734375,-0.17535400390625,0.90789794921875,-0.18377685546875,0.05731201171875,-0.37225341796875,0.92059326171875,-0.33197021484375,0.0283203125,-0.203369140625
224,0.99822998046875,-0.03497314453125,-0.0185546875,-0.044189453125,0.71514892578125,0.5499267578125,0.34320068359375,0.26129150390625,0.55181884765625,-0.17572021484375,0.80230712890625,0.14410400390625,0.96405029296875,0.07550048828125,0.18450927734375,-0.17535400390625,0.90777587890625,-0.18365478515625,0.05706787109375,-0.37261962890625,0.92059326171875,-0.33197021484375,0.0283203125,-0.203369140625
225,0.9981689453125,-0.034912109375,-0.0186767578125,-0.04437255859375,0.715087890625,0.5498046875,0.3433837890625,0.26129150390625,0.55169677734375,-0.17584228515625,0.8023681640625,0.14422607421875,0.964111328125,0.0753173828125,0.18438720703125,-0.17535400390625,0.9077560782033863,-0.1838576913278637,0.057027453164193144,-0.37255777722617056,0.92059326171875,-0.3321533203125,0.02838134765625,-0.20330810546875
226,0.9981689453125,-0.034912109375,-0.0186767578125,-0.04437255859375,0.71502685546875,0.54998779296875,0.34332275390625,0.26123046875,0.5516357421875,-0.17578125,0.80242919921875,0.1441650390625,0.964111328125,0.0753173828125,0.18438720703125,-0.17535400390625,0.90771484375,-0.18389892578125,0.0570068359375,-0.37261962890625,0.92059326171875,-0.3321533203125,0.02838134765625,-0.20330810546875
227,0.9981689453125,-0.03497314453125,-0.01861572265625,-0.0445556640625,0.7149658203125,0.54998779296875,0.3433837890625,0.26141357421875,0.55169677734375,-0.17584228515625,0.8023681640625,0.144287109375,0.964111328125,0.07537841796875,0.1844482421875,-0.17535400390625,0.9078107852999582,-0.18378563309991638,0.0569719295437918,-0.3725149097251254,0.92059326171875,-0.33209228515625,0.02850341796875,-0.203369140625
228,0.9981689453125,-0.03497314453125,-0.01861572265625,-0.0445556640625,0.71484375,0.55023193359375,0.34332275390625,0.2613525390625,0.5516357421875,-0.1756591796875,0.802490234375,0.14422607421875,0.964111328125,0.07537841796875,0.1844482421875,-0.17535400390625,0.90777587890625,-0.1837158203125,0.0570068359375,-0.37261962890625,0.92059326171875,-0.33209228515625,0.02850341796875,-0.203369140625
229,0.9981689453125,-0.03485107421875,-0.0185546875,-0.0447998046875,0.71484375,0.550048828125,0.3433837890625,0.26153564453125,0.5516357421875,-0.1759033203125,0.80242919921875,0.14422607421875,0.964111328125,0.07550048828125,0.1844482421875,-0.17535400390625,0.9078250744669732,-0.18380237183841974,0.056884765625,-0.372483881819607,0.92059326171875,-0.3319091796875,0.02838134765625,-0.20343017578125
230,0.9981689453125,-0.03485107421875,-0.0185546875,-0.0447998046875,0.71490478515625,0.5501708984375,0.34326171875,0.2613525390625,0.55169677734375,-0.17559814453125,0.80242919921875,0.1441650390625,0.964111328125,0.07550048828125,0.1844482421875,-0.17535400390625,0.90777587890625,-0.18365478515625,0.056884765625,-0.3726806640625,0.92059326171875,-0.3319091796875,0.02838134765625,-0.20343017578125
231,0.9981689453125,-0.03472900390625,-0.0186767578125,-0.04510498046875,0.71484375,0.54998779296875,0.343505859375,0.261474609375,0.55157470703125,-0.1759033203125,0.80242919921875,0.144287109375,0.964111328125,0.07550048828125,0.18414306640625,-0.1754150390625,0.9078369140625,-0.183837890625,0.056884765625,-0.37237548828125,0.92059326171875,-0.33203125,0.028076171875,-0.2034912109375
232,0.9981689453125,-0.03472900390625,-0.0186767578125,-0.04510498046875,0.71484375,0.55029296875,0.3431396484375,0.26141357421875,0.5518798828125,-0.17547607421875,0.8023681640625,0.14422607421875,0.964111328125,0.07550048828125,0.18414306640625,-0.1754150390625,0.90771484375,-0.1837158203125,0.05657958984375,-0.37274169921875,0.92059326171875,-0.33203125,0.028076171875,-0.2034912109375
233,0.9981689453125,-0.03460693359375,-0.01904296875,-0.04534912109375,0.7147216796875,0.5501708984375,0.34356689453125,0.2613525390625,0.551513671875,-0.1756591796875,0.802490234375,0.14434814453125,0.96417236328125,0.07513427734375,0.1842041015625,-0.1754150390625,0.90777587890625,-0.18402099609375,0.05682373046875,-0.37249755859375,0.92059326171875,-0.33209228515625,0.028076171875,-0.20343017578125
234,0.9981689453125,-0.03460693359375,-0.01904296875,-0.04534912109375,0.7147216796875,0.55035400390625,0.3433837890625,0.26129150390625,0.55157470703125,-0.1754150390625,0.80255126953125,0.14422607421875,0.96417236328125,0.07513427734375,0.1842041015625,-0.1754150390625,0.90771484375,-0.18408203125,0.05682373046875,-0.3726806640625,0.92059326171875,-0.33209228515625,0.028076171875,-0.20343017578125
235,0.9981689453125,-0.0345458984375,-0.01910400390625,-0.0455322265625,0.71466064453125,0.55023193359375,0.343505859375,0.26141357421875,0.551513671875,-0.17559814453125,0.80255126953125,0.144287109375,0.96405029296875,0.07525634765625,0.1845703125,-0.17535400390625,0.90777587890625,-0.18414306640625,0.05682373046875,-0.37249755859375,0.9205322265625,-0.33221435546875,0.02813720703125,-0.203369140625
236,0.9981689453125,-0.0345458984375,-0.01910400390625,-0.0455322265625,0.71453857421875,0.550537109375,0.3433837890625,0.2613525390625,0.551513671875,-0.17529296875,0.8026123046875,0.144287109375,0.96405029296875,0.07525634765625,0.1845703125,-0.17535400390625,0.90777587890625,-0.183837890625,0.05670166015625,-0.37261962890625,0.9205322265625,-0.33221435546875,0.02813720703125,-0.203369140625
237,0.9981689453125,-0.03424072265625,-0.01904296875,-0.0457763671875,0.71466064453125,0.55023193359375,0.34356689453125,0.26141357421875,0.55145263671875,-0.1756591796875,0.80255126953125,0.14422607421875,0.9639892578125,0.07537841796875,0.18511962890625,-0.17535400390625,0.90777587890625,-0.18408203125,0.05645751953125,-0.3724365234375,0.9205322265625,-0.33209228515625,0.0279541015625,-0.2034912109375
238,0.9981689453125,-0.03424072265625,-0.01904296875,-0.0457763671875,0.7144775390625,0.55072021484375,0.34332275390625,0.26123046875,0.551513671875,-0.1751708984375,0.80267333984375,0.14422607421875,0.9639892578125,0.07537841796875,0.18511962890625,-0.17535400390625,0.90777587890625,-0.18353271484375,0.05633544921875,-0.37274169921875,0.9205322265625,-0.33209228515625,0.0279541015625,-0.2034912109375
239,0.9981689453125,-0.03387451171875,-0.01910400390625,-0.046142578125,0.71453857421875,0.55035400390625,0.34368896484375,0.2613525390625,0.5513916015625,-0.1756591796875,0.80267333984375,0.1441650390625,0.9638671875,0.07550048828125,0.18560791015625,-0.1754150390625,0.907895091385347,-0.18389463903114547,0.05615091483329849,-0.37244366802100753,0.9205322265625,-0.33221435546875,0.02777099609375,-0.203369140625
240,0.9981689453125,-0.03387451171875,-0.01910400390625,-0.046142578125,0.71441650390625,0.55078125,0.34332275390625,0.26123046875,0.55157470703125,-0.1751708984375,0.80267333984375,0.14404296875,0.9638671875,0.07550048828125,0.18560791015625,-0.1754150390625,0.90777587890625,-0.1837158203125,0.05609130859375,-0.37274169921875,0.9205322265625,-0.33221435546875,0.02777099609375,-0.203369140625
241,0.99810791015625,-0.03387451171875,-0.01922607421875,-0.04644775390625,0.71429443359375,0.55072021484375,0.34356689453125,0.2613525390625,0.5513916015625,-0.1754150390625,0.80267333984375,0.14422607421875,0.96368408203125,0.07586669921875,0.1864013671875,-0.17547607421875,0.90789794921875,-0.18377685546875,0.05615234375,-0.3724365234375,0.92047119140625,-0.3323974609375,0.02789306640625,-0.203369140625
242,0.99810791015625,-0.03387451171875,-0.01922607421875,-0.04644775390625,0.7142333984375,0.5511474609375,0.34326171875,0.26116943359375,0.551513671875,-0.17486572265625,0.802734375,0.14404296875,0.96368408203125,0.07586669921875,0.1864013671875,-0.17547607421875,0.9078369140625,-0.1837158203125,0.05633544921875,-0.37261962890625,0.92047119140625,-0.3323974609375,0.02789306640625,-0.203369140625
243,0.99810791015625,-0.03369140625,-0.019287109375,-0.0467529296875,0.7142333984375,0.5509033203125,0.343505859375,0.26129150390625,0.5513916015625,-0.17523193359375,0.802734375,0.14410400390625,0.9635009765625,0.0760498046875,0.1871337890625,-0.1754150390625,0.90789794921875,-0.18389892578125,0.0562744140625,-0.37237548828125,0.9205322265625,-0.332275390625,0.02777099609375,-0.203369140625
244,0.99810791015625,-0.03369140625,-0.019287109375,-0.0467529296875,0.71417236328125,0.5511474609375,0.34332275390625,0.26116943359375,0.551513671875,-0.17498779296875,0.80267333984375,0.14404296875,0.9635009765625,0.0760498046875,0.1871337890625,-0.1754150390625,0.907958984375,-0.18341064453125,0.0565185546875,-0.3724365234375,0.9205322265625,-0.332275390625,0.02777099609375,-0.203369140625
245,0.99810791015625,-0.033447265625,-0.01934814453125,-0.04681396484375,0.71429443359375,0.55096435546875,0.34344482421875,0.2611083984375,0.55145263671875,-0.1751708984375,0.802734375,0.14385986328125,0.9627685546875,0.07696533203125,0.19061279296875,-0.1754150390625,0.90789794921875,-0.18365478515625,0.05645751953125,-0.3724365234375,0.92047119140625,-0.3323974609375,0.027587890625,-0.20330810546875
246,0.99810791015625,-0.033447265625,-0.01934814453125,-0.04681396484375,0.71441650390625,0.5509033203125,0.34332275390625,0.26104736328125,0.5517578125,-0.17510986328125,0.8026123046875,0.1436767578125,0.9627685546875,0.07696533203125,0.19061279296875,-0.1754150390625,0.907958984375,-0.18353271484375,0.0565185546875,-0.372314453125,0.92047119140625,-0.3323974609375,0.027587890625,-0.20330810546875
247,0.99810791015625,-0.03369140625,-0.01971435546875,-0.0467529296875,0.71417236328125,0.5511474609375,0.343505859375,0.2608642578125,0.551513671875,-0.17486572265625,0.80279541015625,0.14385986328125,0.96240234375,0.07696533203125,0.1923828125,-0.17535400390625,0.907958984375,-0.1834716796875,0.0570068359375,-0.372314453125,0.92047119140625,-0.33270263671875,0.0272216796875,-0.20306396484375
248,0.99810791015625,-0.03369140625,-0.01971435546875,-0.0467529296875,0.7145867491246864,0.5507922730716973,0.3432098694868311,0.26092345579013376,0.5518688597408027,-0.17504331658915134,0.8026178162233486,0.14326788350491218,0.96240234375,0.07696533203125,0.1923828125,-0.17535400390625,0.9078369140625,-0.18426513671875,0.05731201171875,-0.37213134765625,0.92047119140625,-0.33270263671875,0.0272216796875,-0.20306396484375
249,0.998046875,-0.03448486328125,-0.02020263671875,-0.04681396484375,0.7139892578125,0.55145263671875,0.3433837890625,0.26092529296875,0.55157470703125,-0.174560546875,0.802734375,0.14404296875,0.96209716796875,0.0771484375,0.19403076171875,-0.17529296875,0.90802001953125,-0.18377685546875,0.05804443359375,-0.37188720703125,0.92041015625,-0.33306884765625,0.02734375,-0.2027587890625
250,0.998046875,-0.03448486328125,-0.02020263671875,-0.04681396484375,0.7143036194868311,0.5511382750444189,0.3431143361987876,0.26114983702184363,0.5520237951374373,-0.17474018211747494,0.8024649221362876,0.14377351588628762,0.96209716796875,0.0771484375,0.19403076171875,-0.17529296875,0.9078369140625,-0.18463134765625,0.05828857421875,-0.37176513671875,0.92041015625,-0.33306884765625,0.02734375,-0.2027587890625
251,0.998046875,-0.034912109375,-0.02069091796875,-0.0469970703125,0.71392822265625,0.5513916015625,0.3433837890625,0.26123046875,0.55181884765625,-0.1746826171875,0.80255126953125,0.1441650390625,0.9619140625,0.07708740234375,0.19488525390625,-0.17523193359375,0.907958984375,-0.1844482421875,0.05889892578125,-0.3714599609375,0.92034912109375,-0.333251953125,0.02703857421875,-0.20269775390625
252,0.998046875,-0.034912109375,-0.02069091796875,-0.0469970703125,0.7139892578125,0.5513916015625,0.34320068359375,0.26129150390625,0.5521240234375,-0.17462158203125,0.80230712890625,0.144287109375,0.9618528232127926,0.07730173984897577,0.1950383521242684,-0.17532379252456104,0.90789794921875,-0.18426513671875,0.05865478515625,-0.371826171875,0.92034912109375,-0.333251953125,0.02703857421875,-0.20269775390625
253,0.998046875,-0.03448486328125,-0.020751953125,-0.0472412109375,0.714111328125,0.551025390625,0.34344482421875,0.2613525390625,0.552001953125,-0.175048828125,0.8023681640625,0.14410400390625,0.96185302734375,0.07708740234375,0.1951904296875,-0.17529296875,0.90789794921875,-0.1846923828125,0.0584716796875,-0.37158203125,0.92047119140625,-0.33294677734375,0.02618408203125,-0.20294189453125
254,0.998046875,-0.03448486328125,-0.020751953125,-0.0472412109375,0.7138671875,0.55145263671875,0.34356689453125,0.26104736328125,0.55218505859375,-0.1746826171875,0.80224609375,0.1444091796875,0.9618040359139841,0.07726703758622495,0.1953374039767977,-0.17532562970317728,0.907958984375,-0.18389892578125,0.0589599609375,-0.371826171875,0.92047119140625,-0.33294677734375,0.02618408203125,-0.20294189453125
255,0.998046875,-0.03411865234375,-0.02044677734375,-0.04742431640625,0.71417236328125,0.551025390625,0.343505859375,0.26123046875,0.55230712890625,-0.175048828125,0.8021240234375,0.1441650390625,0.9617919921875,0.07745361328125,0.19537353515625,-0.17529296875,0.907958984375,-0.18408203125,0.0584716796875,-0.37176513671875,0.92047119140625,-0.33270263671875,0.025146484375,-0.203125
256,0.998046875,-0.03411865234375,-0.02044677734375,-0.04742431640625,0.714111328125,0.55108642578125,0.3438720703125,0.2607421875,0.552490234375,-0.17498779296875,0.802001953125,0.144287109375,0.9617858682587792,0.07745769590039717,0.1953959895615594,-0.17529296875,0.90802001953125,-0.1834716796875,0.05889892578125,-0.37188720703125,0.92047119140625,-0.33270263671875,0.025146484375,-0.203125
257,0.998046875,-0.03424072265625,-0.0201416015625,-0.04754638671875,0.714111328125,0.551025390625,0.34368896484375,0.26104736328125,0.552734375,-0.175048828125,0.8017578125,0.1444091796875,0.961669921875,0.0777587890625,0.19580078125,-0.1751708984375,0.9080810546875,-0.1832275390625,0.05865478515625,-0.371826171875,0.9205322265625,-0.33258056640625,0.0247802734375,-0.2032470703125
258,0.998046875,-0.03424072265625,-0.0201416015625,-0.04754638671875,0.7141601154238085,0.5509766033261915,0.3438841140389841,0.26080342678720736,0.55291748046875,-0.1751708984375,0.80169677734375,0.14434814453125,0.9615723472773829,0.07785636366011706,0.19638622883570234,-0.17507332383988294,0.90814208984375,-0.18304443359375,0.05914306640625,-0.37176513671875,0.9205322265625,-0.33258056640625,0.0247802734375,-0.2032470703125
259,0.998046875,-0.03460693359375,-0.0198974609375,-0.0474853515625,0.71405029296875,0.55120849609375,0.3436279296875,0.260986328125,0.55316162109375,-0.1749267578125,0.801513671875,0.14459228515625,0.9615478515625,0.0782470703125,0.19635009765625,-0.175048828125,0.90814208984375,-0.1826171875,0.05908203125,-0.37188720703125,0.920654296875,-0.33221435546875,0.02435302734375,-0.203369140625
260,0.998046875,-0.03460693359375,-0.0198974609375,-0.0474853515625,0.7140847911005435,0.551070503566576,0.34383491847826086,0.260917331861413,0.5533447265625,-0.17523193359375,0.80133056640625,0.14453125,0.9614788552989131,0.07817807404891304,0.19679857336956522,-0.17494533372961957,0.90826416015625,-0.1824951171875,0.0592041015625,-0.37164306640625,0.920654296875,-0.33221435546875,0.02435302734375,-0.203369140625
261,0.998046875,-0.03485107421875,-0.019775390625,-0.04736328125,0.71405029296875,0.55120849609375,0.34381103515625,0.26092529296875,0.55352783203125,-0.17498779296875,0.80126953125,0.1446533203125,0.96142578125,0.078369140625,0.19708251953125,-0.1749267578125,0.90826416015625,-0.18218994140625,0.05926513671875,-0.37176513671875,0.920654296875,-0.33209228515625,0.02435302734375,-0.2034912109375
262,0.998046875,-0.034891492148306856,-0.019694554765886295,-0.04730265435566472,0.7139484316210284,0.5511066347460284,0.3440151661136079,0.26094550193352845,0.5535476327341137,-0.17517130669941472,0.8011680781641931,0.14463311134772158,0.96136474609375,0.07842976751933528,0.1973678946096363,-0.17472303511705686,0.9083251953125,-0.1823532461721363,0.058797472695443144,-0.3716426581443353,0.920654296875,-0.33205186722669316,0.024312609414193147,-0.2035720467966137
263,0.998046875,-0.03497314453125,-0.01953125,-0.04718017578125,0.7139892578125,0.5511474609375,0.34381103515625,0.260986328125,0.5537109375,-0.175048828125,0.80108642578125,0.14459228515625,0.96136474609375,0.07855224609375,0.19720458984375,-0.1748046875,0.9083251953125,-0.18218994140625,0.0587158203125,-0.37176513671875,0.920654296875,-0.3319091796875,0.02398681640625,-0.203857421875
264,0.998046875,-0.034949465340196495,-0.019489811415656366,-0.04716833618572325,0.7138357513325669,0.5512458520589465,0.34420276246341974,0.2608701776102634,0.5533802453490803,-0.17517681823526338,0.8012517718567098,0.14468475647993312,0.9613155505330268,0.07884558227947325,0.19759039735315637,-0.17457238647052675,0.9084413458272366,-0.1820068359375,0.058308170790656366,-0.3716667455973035,0.9206424572794732,-0.33192101928302675,0.023951297619669742,-0.20388702086381688
265,0.998046875,-0.03472900390625,-0.01910400390625,-0.04705810546875,0.714111328125,0.551025390625,0.3438720703125,0.26092529296875,0.5537109375,-0.17523193359375,0.80108642578125,0.1444091796875,0.96142578125,0.0787353515625,0.19720458984375,-0.1746826171875,0.90838623046875,-0.1820068359375,0.05792236328125,-0.37188720703125,0.9206518473035117,-0.3314929566654473,0.02308231213419731,-0.20464108062029684
266,0.998046875,-0.03472900390625,-0.01910400390625,-0.04705810546875,0.7140586623380016,0.551025390625,0.344030067673495,0.2608726271817517,0.55340576171875,-0.17529296875,0.80126953125,0.14447021484375,0.96142578125,0.07889334892349498,0.19730992141774664,-0.17452461982650502,0.90838623046875,-0.181884765625,0.05731201171875,-0.3719482421875,0.920654296875,-0.33148193359375,0.0230712890625,-0.20465087890625
267,0.99810791015625,-0.0347900390625,-0.01898193359375,-0.046875,0.714111328125,0.55108642578125,0.3438720703125,0.26080322265625,0.55352783203125,-0.17510986328125,0.80126953125,0.14434814453125,0.96136474609375,0.07904052734375,0.19720458984375,-0.1746826171875,0.9083251953125,-0.1817626953125,0.0572509765625,-0.37213134765625,0.9206998180784908,-0.3311477712165552,0.021978780178720694,-0.20525918915917643
268,0.99810791015625,-0.0347900390625,-0.01898193359375,-0.046875,0.7141880813649666,0.5508561660613503,0.3439104469324833,0.26099510575616636,0.5535888671875,-0.175537109375,0.80108642578125,0.1444091796875,0.9614414993337166,0.07877189100386707,0.19720458984375,-0.17452911070756688,0.90838623046875,-0.1822509765625,0.05657958984375,-0.37200927734375,0.92071533203125,-0.3310546875,0.0216064453125,-0.20538330078125
269,0.998046875,-0.03515625,-0.01934814453125,-0.046630859375,0.7139892578125,0.5511474609375,0.343994140625,0.2608642578125,0.55340576171875,-0.17510986328125,0.80133056640625,0.14459228515625,0.9613037109375,0.07891845703125,0.19757080078125,-0.17462158203125,0.9083251953125,-0.18206787109375,0.05712890625,-0.37213134765625,0.92059326171875,-0.33123779296875,0.0211181640625,-0.2054443359375
270,0.998046875,-0.03515625,-0.01934814453125,-0.046630859375,0.7140615201714047,0.5508824989548495,0.34404231553093645,0.261081044889214,0.55364990234375,-0.17578125,0.801025390625,0.14447021484375,0.9613518858434364,0.0786534950485995,0.19754671332828178,-0.17450114476640888,0.9083251953125,-0.1827392578125,0.05712890625,-0.3717041015625,0.92059326171875,-0.33123779296875,0.0211181640625,-0.2054443359375
271,0.998046875,-0.03582763671875,-0.01971435546875,-0.04632568359375,0.71380615234375,0.5511474609375,0.34405517578125,0.26123046875,0.553466796875,-0.17510986328125,0.80120849609375,0.1448974609375,0.96124267578125,0.078857421875,0.197998046875,-0.174560546875,0.9083251953125,-0.1822509765625,0.05780029296875,-0.37188720703125,0.920654296875,-0.3311767578125,0.0213623046875,-0.205322265625
272,0.998046875,-0.03582763671875,-0.01971435546875,-0.04632568359375,0.7138355472016096,0.5510788729358278,0.34409436892506273,0.2612598636078595,0.5535888671875,-0.17572021484375,0.801025390625,0.1446533203125,0.9612622723531563,0.07874964072951506,0.19800784516095318,-0.1745213537311873,0.90838623046875,-0.182861328125,0.05804443359375,-0.3714599609375,0.920654296875,-0.3311767578125,0.0213623046875,-0.205322265625
273,0.998046875,-0.036376953125,-0.01971435546875,-0.046142578125,0.71368408203125,0.5511474609375,0.34405517578125,0.261474609375,0.5537109375,-0.17529296875,0.80096435546875,0.14501953125,0.96124267578125,0.0787353515625,0.19818115234375,-0.1744384765625,0.90838623046875,-0.182373046875,0.05828857421875,-0.37158203125,0.920654296875,-0.331298828125,0.02215576171875,-0.205078125
274,0.998046875,-0.036376953125,-0.01971435546875,-0.046142578125,0.7137971705816263,0.5510343723871237,0.34411172005643814,0.26136152082462377,0.5535888671875,-0.17547607421875,0.801025390625,0.14483642578125,0.9612992200564381,0.07845263018655936,0.19812460806856189,-0.17449502083768811,0.9083251953125,-0.1827392578125,0.0587158203125,-0.37152099609375,0.920654296875,-0.331298828125,0.02215576171875,-0.205078125
275,0.998046875,-0.03668212890625,-0.01953125,-0.046142578125,0.7137451171875,0.55120849609375,0.34393310546875,0.26153564453125,0.55377197265625,-0.17529296875,0.8009033203125,0.14501953125,0.9613037109375,0.0787353515625,0.197998046875,-0.1744384765625,0.90838623046875,-0.18243408203125,0.05865478515625,-0.37152099609375,0.9206775678041388,-0.331179615645903,0.0227369225543478,-0.2050403607728888
276,0.998046875,-0.03668212890625,-0.01953125,-0.046142578125,0.7137028620793269,0.5512507512019231,0.34393310546875,0.26145113431490385,0.55364990234375,-0.17529296875,0.80096435546875,0.14495849609375,0.9612614558293269,0.07881986177884616,0.19804030198317307,-0.17452298677884615,0.9083251953125,-0.18231201171875,0.05877685546875,-0.3717041015625,0.920654296875,-0.33123779296875,0.02288818359375,-0.20501708984375
277,0.998046875,-0.03656005859375,-0.0194091796875,-0.0462646484375,0.7137451171875,0.5511474609375,0.34393310546875,0.26153564453125,0.55377197265625,-0.17547607421875,0.8009033203125,0.1448974609375,0.9613037109375,0.0787353515625,0.19793701171875,-0.1744384765625,0.9083251953125,-0.182373046875,0.05859375,-0.37164306640625,0.9206894073996655,-0.3310881649770067,0.022529525501672254,-0.20516671783549328
278,0.998046875,-0.03656005859375,-0.0194091796875,-0.0462646484375,0.7137171512463419,0.5512872906432902,0.34379327576295987,0.26147971264893394,0.55389404296875,-0.17510986328125,0.8009033203125,0.1448974609375,0.9613037109375,0.07884721532713211,0.19779718201295987,-0.1745223743859741,0.9083251953125,-0.18212890625,0.0582275390625,-0.37188720703125,0.92071533203125,-0.3309326171875,0.02239990234375,-0.205322265625
279,0.998046875,-0.03631591796875,-0.01959228515625,-0.0465087890625,0.71368408203125,0.55126953125,0.34393310546875,0.261474609375,0.55364990234375,-0.17547607421875,0.80096435546875,0.1448974609375,0.96136474609375,0.07861328125,0.19775390625,-0.1744384765625,0.90838623046875,-0.18243408203125,0.0582275390625,-0.37164306640625,0.9207763671875,-0.33087158203125,0.02197265625,-0.205322265625
280,0.998046875,-0.036261210872178096,-0.01966066902696488,-0.04657717293321488,0.71368408203125,0.551283208024143,0.343946782242893,0.2614472558267141,0.5538256590980352,-0.17500881845735786,0.800991709017036,0.1448974609375,0.961317387711643,0.07885007316053512,0.1975644727215719,-0.17464158686507109,0.908338872086643,-0.18219729012071487,0.057997075211642976,-0.37192721669889217,0.920762690413357,-0.3309399659019649,0.021986333024142976,-0.20524020498014214
281,0.998046875,-0.03607177734375,-0.0198974609375,-0.04681396484375,0.71368408203125,0.55133056640625,0.343994140625,0.2613525390625,0.5535888671875,-0.17529296875,0.80108642578125,0.1448974609375,0.96136474609375,0.07861328125,0.19775390625,-0.17449951171875,0.90838623046875,-0.18243408203125,0.05804443359375,-0.37164306640625,0.92071533203125,-0.33111572265625,0.02166748046875,-0.20526123046875
282,0.998046875,-0.03607177734375,-0.0198974609375,-0.04681396484375,0.7138653503213838,0.5512097208794942,0.34375244957148826,0.2613525390625,0.55377197265625,-0.17523193359375,0.80096435546875,0.14471435546875,0.96136474609375,0.07831116743311034,0.19751221519648826,-0.17480162553563966,0.908203125,-0.1827392578125,0.05792236328125,-0.3719482421875,0.92071533203125,-0.33111572265625,0.02166748046875,-0.20526123046875
283,0.99798583984375,-0.036376953125,-0.0201416015625,-0.047119140625,0.7135009765625,0.5513916015625,0.343994140625,0.26153564453125,0.5535888671875,-0.17529296875,0.801025390625,0.1451416015625,0.96136474609375,0.0784912109375,0.19781494140625,-0.1744384765625,0.9083251953125,-0.18255615234375,0.0582275390625,-0.37164306640625,0.9206242896242683,-0.33129780747021326,0.022330089556333647,-0.20516141043060201
284,0.9979397062473871,-0.03683828908862879,-0.02018773515886288,-0.04739594220317727,0.7134087093697743,0.5515300023515887,0.34390187343227424,0.2617201789167015,0.5537258390598871,-0.17524683515363712,0.8009331234322743,0.14526795862510455,0.9613037109375,0.07849406877090304,0.19783127188283864,-0.17454278748170984,0.9083266242292015,-0.18261432966659696,0.05861008047658864,-0.37162530701295987,0.9208239297005644,-0.3309446609139841,0.02244603594011288,-0.20492339373432272
285,0.9979248046875,-0.0369873046875,-0.02020263671875,-0.0474853515625,0.71337890625,0.55157470703125,0.3438720703125,0.26177978515625,0.5537109375,-0.17523193359375,0.8009033203125,0.14544677734375,0.9613037109375,0.07861328125,0.1978759765625,-0.1744384765625,0.90838623046875,-0.1824951171875,0.05865478515625,-0.37152099609375,0.9207814704614339,-0.3310444809521321,0.022577904538566066,-0.20491196240071072
286,0.9979248046875,-0.03701914911684783,-0.02020263671875,-0.047580884850543494,0.71337890625,0.55157470703125,0.34384022588315216,0.26181162958559784,0.5538011633831522,-0.17523458729619565,0.8008714758831522,0.14526632557744565,0.9613037109375,0.07855224609375,0.19790782099184784,-0.1745260487432065,0.9082960045855978,-0.18258534307065216,0.058837890625,-0.3715793775475543,0.9207471764605978,-0.33114491338315216,0.02261219853940217,-0.2048605213994565
287,0.9979248046875,-0.03704833984375,-0.02020263671875,-0.04766845703125,0.71337890625,0.55157470703125,0.34381103515625,0.2618408203125,0.55377197265625,-0.17529296875,0.80084228515625,0.14532470703125,0.9613037109375,0.07855224609375,0.19793701171875,-0.1744384765625,0.9083251953125,-0.18255615234375,0.058837890625,-0.37152099609375,0.9207763671875,-0.3310416231187291,0.02268180719586122,-0.2048470487562709
288,0.9979248046875,-0.03701322931908445,-0.020220191981082776,-0.047686012293582776,0.71337890625,0.55157470703125,0.34381103515625,0.26182326505016723,0.5537544173939172,-0.17520600896216557,0.8009033203125,0.14536818692516723,0.96136474609375,0.07862165061925167,0.19775390625,-0.17448195645641723,0.9083251953125,-0.18246919255591557,0.05859375,-0.37162551114391723,0.9207763671875,-0.3309852829744983,0.0228271484375,-0.20493849942516723
289,0.9979248046875,-0.03692626953125,-0.020263671875,-0.0477294921875,0.71337890625,0.55157470703125,0.34381103515625,0.26177978515625,0.5537109375,-0.17529296875,0.8009033203125,0.14532470703125,0.96136474609375,0.0784912109375,0.19775390625,-0.1744384765625,0.9083251953125,-0.18255615234375,0.05859375,-0.37158203125,0.9207763671875,-0.33110531197742477,0.022754273685723213,-0.20490543021007526
290,0.9979248046875,-0.03704833984375,-0.0206298828125,-0.0478515625,0.713134765625,0.55169677734375,0.34393310546875,0.261962890625,0.55364990234375,-0.1751708984375,0.80096435546875,0.1455078125,0.96142578125,0.07830810546875,0.19769287109375,-0.17437744140625,0.9083251953125,-0.18280029296875,0.0587158203125,-0.3714599609375,0.92083740234375,-0.3310546875,0.022705078125,-0.2047119140625
291,0.9979248046875,-0.03704833984375,-0.0206298828125,-0.0478515625,0.713134765625,0.55169677734375,0.34393310546875,0.261962890625,0.55364990234375,-0.1751708984375,0.80096435546875,0.1455078125,0.96142578125,0.07830810546875,0.19769287109375,-0.17437744140625,0.9083251953125,-0.18280029296875,0.0587158203125,-0.3714599609375,0.9207230890076296,-0.33128331417224083,0.022419294784698972,-0.20482622739862041
292,0.9978747926029473,-0.03729840026651339,-0.0206298828125,-0.04810162292276339,0.7129847293713419,0.5517968015128554,0.3438830933841973,0.2621629389632107,0.55377197265625,-0.1752209105220527,0.8008032961433946,0.14567479162311875,0.9614147581783027,0.0782640131819607,0.1976818480220527,-0.17432150952393394,0.9083531612536581,-0.18290542041178928,0.05887687963785535,-0.3713319708272366,0.9208153562003554,-0.3310487677022366,0.02239990234375,-0.20463393603678928
293,0.99786376953125,-0.037353515625,-0.0206298828125,-0.04815673828125,0.71295166015625,0.55181884765625,0.3438720703125,0.26220703125,0.55377197265625,-0.17523193359375,0.80078125,0.145751953125,0.96142578125,0.07830810546875,0.19769287109375,-0.17425537109375,0.90838623046875,-0.182861328125,0.05889892578125,-0.37127685546875,0.9207945348427048,-0.3310793873458403,0.02287144485524671,-0.20476131375418063
294,0.99786376953125,-0.037353515625,-0.02045126822481186,-0.048371075786475766,0.7128802143211748,0.5518545705737876,0.3439077932300376,0.2623142000026129,0.5537570710963629,-0.17514109531772576,0.8008214637985995,0.14582339896007526,0.9614361919288252,0.07855224609375,0.19742790911109948,-0.17440724452602424,0.9083713289088629,-0.18254574166492474,0.058806658588524234,-0.3715001747360995,0.9208120901050376,-0.3310799997387124,0.022821228639736606,-0.20469109270484948
295,0.99786376953125,-0.037353515625,-0.02032470703125,-0.04852294921875,0.71282958984375,0.5518798828125,0.34393310546875,0.26239013671875,0.5538330078125,-0.17529296875,0.80072021484375,0.1458740234375,0.96148681640625,0.07855224609375,0.19732666015625,-0.17425537109375,0.908447265625,-0.1824951171875,0.05865478515625,-0.37139892578125,0.9208945590118102,-0.33082606082775917,0.02275835630487041,-0.2046755787520903
296,0.99786376953125,-0.03722491312186453,-0.02023897202915969,-0.04860868422084031,0.71282958984375,0.5518584490619775,0.3439545392192726,0.26239013671875,0.5536927698447952,-0.17507679406615803,0.8008604528114548,0.14599282765468227,0.9614686487510452,0.07897295999686453,0.19715845624738712,-0.17437417531093227,0.9084076642192725,-0.1820315357833403,0.058504748902591955,-0.37163980031093224,0.9209380389057275,-0.3306521412520903,0.022738147340091955,-0.20473008171770485
297,0.99786376953125,-0.0369873046875,-0.02008056640625,-0.04876708984375,0.71282958984375,0.55181884765625,0.343994140625,0.26239013671875,0.55377197265625,-0.17535400390625,0.80078125,0.1458740234375,0.9615478515625,0.0787353515625,0.19696044921875,-0.17425537109375,0.908447265625,-0.18218994140625,0.0582275390625,-0.37152099609375,0.9209270158340301,-0.3307248118729097,0.02248951583403011,-0.2046794572402801
298,0.99786376953125,-0.03699444927100753,-0.020087710989757528,-0.048781379010765055,0.7128081560932275,0.5518259922397575,0.34400128520850753,0.26243300421979515,0.5536427577602425,-0.17536114848975753,0.80084228515625,0.14607141807326507,0.96148681640625,0.07910870708350753,0.19702862895850753,-0.17430211708298493,0.9084544102085075,-0.1820068359375,0.05823468364600753,-0.37156774208298493,0.9210276523960075,-0.3304443359375,0.022590152396007528,-0.20475866005173493
299,0.99786376953125,-0.03704833984375,-0.0201416015625,-0.04888916015625,0.712646484375,0.5518798828125,0.34405517578125,0.26275634765625,0.5535888671875,-0.1754150390625,0.80084228515625,0.14617919921875,0.96148681640625,0.07916259765625,0.19708251953125,-0.1741943359375,0.90850830078125,-0.1820068359375,0.05828857421875,-0.3714599609375,0.92108154296875,-0.3304443359375,0.02264404296875,-0.20465087890625
