timestep,imu0_w,imu0_x,imu0_y,imu0_z,imu1_w,imu1_x,imu1_y,imu1_z,imu2_w,imu2_x,imu2_y,imu2_z,imu3_w,imu3_x,imu3_y,imu3_z,imu4_w,imu4_x,imu4_y,imu4_z,imu5_w,imu5_x,imu5_y,imu5_z
0,0.661865234375,-0.692626953125,-0.04150390625,-0.28350830078125,0.5172119140625,0.176025390625,0.00579833984375,0.83746337890625,0.8671875,0.37176513671875,-0.32989501953125,0.02813720703125,0.68194580078125,0.3333740234375,-0.6400146484375,0.118408203125,0.85540771484375,-0.03411865234375,-0.5133056640625,-0.06011962890625,0.92535400390625,-0.36236572265625,-0.0638427734375,0.09088134765625
1,0.661865234375,-0.692626953125,-0.04150390625,-0.28350830078125,0.51708984375,0.176025390625,0.005126953125,0.83758544921875,0.8671875,0.37176513671875,-0.32989501953125,0.02813720703125,0.68194580078125,0.3333740234375,-0.6400146484375,0.118408203125,0.8553540284019648,-0.033742847251254184,-0.5133593505042852,-0.06033437467339047,0.9254150390625,-0.36212158203125,-0.0643310546875,0.09063720703125
2,0.662109375,-0.6925048828125,-0.042236328125,-0.2830810546875,0.5167044445025084,0.17620625065321907,0.005410695155727425,0.8377561026991012,0.86712646484375,0.3719482421875,-0.32989501953125,0.02789306640625,0.68206787109375,0.33355712890625,-0.63983154296875,0.11846923828125,0.855712890625,-0.0340576171875,-0.51275634765625,-0.05999755859375,0.92529296875,-0.36248779296875,-0.06365966796875,0.09112548828125
3,0.662109375,-0.6925048828125,-0.042236328125,-0.2830810546875,0.5166015625,0.1761474609375,0.0052490234375,0.83782958984375,0.86712646484375,0.3719482421875,-0.32989501953125,0.02789306640625,0.68206787109375,0.33355712890625,-0.63983154296875,0.11846923828125,0.8555569345735786,-0.033784694097512544,-0.5130292707462375,-0.05995856958089465,0.92535400390625,-0.3621826171875,-0.0645751953125,0.091064453125
4,0.66253662109375,-0.6922607421875,-0.04278564453125,-0.28253173828125,0.5164049843880644,0.17623340007054766,0.005818752939485786,0.8379312470605143,0.8671875,0.37176513671875,-0.3299560546875,0.0281982421875,0.68212890625,0.33331298828125,-0.63983154296875,0.118896484375,0.85577392578125,-0.0343017578125,-0.51263427734375,-0.0596923828125,0.9252025387358904,-0.3624810566471572,-0.06441005336799749,0.09153232127926421
5,0.66253662109375,-0.6922607421875,-0.04278564453125,-0.28253173828125,0.51605224609375,0.17608642578125,0.00555419921875,0.83819580078125,0.8671875,0.37176513671875,-0.3299560546875,0.0281982421875,0.68212890625,0.33331298828125,-0.63983154296875,0.118896484375,0.8557253426133988,-0.03418029989287207,-0.5127557352633779,-0.059473758557169736,0.92523193359375,-0.3623046875,-0.06488037109375,0.091796875
6,0.6629638671875,-0.692138671875,-0.04302978515625,-0.28192138671875,0.5162659712061036,0.1761509311637751,0.006062893564485786,0.8380092250862249,0.8673095703125,0.37158203125,-0.329833984375,0.028564453125,0.68231201171875,0.33270263671875,-0.639892578125,0.1192626953125,0.85589599609375,-0.03460693359375,-0.51251220703125,-0.0592041015625,0.9250929204117893,-0.3626370126985786,-0.06449027683423914,0.09191200485994984
7,0.6629638671875,-0.692138671875,-0.04302978515625,-0.28192138671875,0.515869140625,0.17584228515625,0.00579833984375,0.83831787109375,0.8673095703125,0.37158203125,-0.329833984375,0.028564453125,0.68231201171875,0.33270263671875,-0.639892578125,0.1192626953125,0.8558480253187709,-0.034616527748745816,-0.5125985544262124,-0.05910816001254181,0.925048828125,-0.362548828125,-0.0650634765625,0.092529296875
8,0.663330078125,-0.6920166015625,-0.04302978515625,-0.28131103515625,0.515869140625,0.17547607421875,0.0059814453125,0.83843994140625,0.86737060546875,0.3712158203125,-0.330078125,0.0289306640625,0.682373046875,0.33197021484375,-0.64007568359375,0.1197509765625,0.85577392578125,-0.03521728515625,-0.51275634765625,-0.058837890625,0.9249833020876881,-0.36284502214412623,-0.06456131440739966,0.09226229358277592
9,0.663330078125,-0.6920166015625,-0.04302978515625,-0.28131103515625,0.515869140625,0.17547607421875,0.0059814453125,0.83843994140625,0.86737060546875,0.3712158203125,-0.330078125,0.0289306640625,0.682373046875,0.33197021484375,-0.64007568359375,0.1197509765625,0.85577392578125,-0.03521728515625,-0.51275634765625,-0.058837890625,0.92486572265625,-0.36260986328125,-0.0657958984375,0.09326171875
10,0.66387939453125,-0.6917724609375,-0.0430908203125,-0.28057861328125,0.5160422436768395,0.1751970272000418,0.006203131532190636,0.8384138126437082,0.86737060546875,0.37078857421875,-0.33050537109375,0.0291748046875,0.68231201171875,0.33123779296875,-0.64044189453125,0.1202392578125,0.85540771484375,-0.0357666015625,-0.51336669921875,-0.0582275390625,0.92474365234375,-0.3631591796875,-0.06512451171875,0.09295654296875
11,0.66387939453125,-0.6917724609375,-0.0430908203125,-0.28057861328125,0.51593017578125,0.17510986328125,0.006103515625,0.8385009765625,0.86737060546875,0.37078857421875,-0.33050537109375,0.0291748046875,0.68231201171875,0.33123779296875,-0.64044189453125,0.1202392578125,0.8552427770302049,-0.03547796038879599,-0.5136965748458403,-0.05798013234218227,0.9246826171875,-0.36285400390625,-0.0662841796875,0.09375
12,0.66436767578125,-0.6915283203125,-0.04345703125,-0.27996826171875,0.5158626084343646,0.17509639063806437,0.006598737327550167,0.8385007724315426,0.867431640625,0.37042236328125,-0.33074951171875,0.0294189453125,0.6824951171875,0.33062744140625,-0.6405029296875,0.12054443359375,0.85540771484375,-0.03607177734375,-0.51336669921875,-0.05780029296875,0.924560546875,-0.3634033203125,-0.06561279296875,0.09375
13,0.66436767578125,-0.6915283203125,-0.04345703125,-0.27996826171875,0.51556396484375,0.17498779296875,0.00640869140625,0.8387451171875,0.867431640625,0.37042236328125,-0.33074951171875,0.0294189453125,0.6824951171875,0.33062744140625,-0.6405029296875,0.12054443359375,0.85540771484375,-0.03599216627038043,-0.51336669921875,-0.05769414487092391,0.924560546875,-0.3631591796875,-0.06634521484375,0.0941162109375
14,0.6649169921875,-0.69122314453125,-0.0438232421875,-0.2794189453125,0.5156005042851171,0.175048828125,0.007087018577550168,0.8386736713524248,0.8675537109375,0.3699951171875,-0.330810546875,0.02947998046875,0.682861328125,0.330078125,-0.64031982421875,0.1209716796875,0.85565185546875,-0.03662109375,-0.51300048828125,-0.057373046875,0.9243739711799749,-0.3636160247700669,-0.06575058136496656,0.09425052910744147
15,0.6649169921875,-0.69122314453125,-0.0438232421875,-0.2794189453125,0.5150146484375,0.175048828125,0.0068359375,0.83905029296875,0.8675537109375,0.3699951171875,-0.330810546875,0.02947998046875,0.682861328125,0.330078125,-0.64031982421875,0.1209716796875,0.8556755346598035,-0.03656189577236622,-0.5129768090901965,-0.05725465091973244,0.92449951171875,-0.36328125,-0.06591796875,0.09454345703125
16,0.6654052734375,-0.69085693359375,-0.0439453125,-0.279052734375,0.5152255157164507,0.17495819397993312,0.007419343776128762,0.8389165871916806,0.86761474609375,0.36993408203125,-0.33074951171875,0.02978515625,0.6829833984375,0.3297119140625,-0.6402587890625,0.12158203125,0.8558349609375,-0.0369873046875,-0.51275634765625,-0.05670166015625,0.92431640625,-0.3637991302388169,-0.06560115750418061,0.09447976817255435
17,0.6654052734375,-0.69085693359375,-0.0439453125,-0.279052734375,0.5140380859375,0.17535400390625,0.007080078125,0.83953857421875,0.86761474609375,0.36993408203125,-0.33074951171875,0.02978515625,0.6829833984375,0.3297119140625,-0.6402587890625,0.12158203125,0.8558349609375,-0.0369873046875,-0.51275634765625,-0.05670166015625,0.92431640625,-0.3634033203125,-0.06622314453125,0.09521484375
18,0.66607666015625,-0.69036865234375,-0.04400634765625,-0.27880859375,0.51446533203125,0.17498779296875,0.00775146484375,0.83941650390625,0.86773681640625,0.36962890625,-0.3306884765625,0.03045654296875,0.68328857421875,0.3291015625,-0.6400146484375,0.12274169921875,0.85577392578125,-0.0374755859375,-0.5128173828125,-0.05584716796875,0.924072265625,-0.3641357421875,-0.06597900390625,0.09503173828125
19,0.66607666015625,-0.69036865234375,-0.04400634765625,-0.27880859375,0.51318359375,0.175537109375,0.00732421875,0.840087890625,0.86773681640625,0.36962890625,-0.3306884765625,0.03045654296875,0.68328857421875,0.3291015625,-0.6400146484375,0.12274169921875,0.85577392578125,-0.0374755859375,-0.5128173828125,-0.05584716796875,0.92413330078125,-0.36370849609375,-0.06640625,0.09600830078125
20,0.66656494140625,-0.69000244140625,-0.0439453125,-0.278564453125,0.5135498046875,0.17523193359375,0.00775146484375,0.83990478515625,0.8677978515625,0.369384765625,-0.33074951171875,0.03076171875,0.68359375,0.3284912109375,-0.63995361328125,0.123291015625,0.85589599609375,-0.0379638671875,-0.51275634765625,-0.05499267578125,0.9239501953125,-0.3642578125,-0.0662841796875,0.09576416015625
21,0.66656494140625,-0.69000244140625,-0.0439453125,-0.278564453125,0.5126953125,0.1756591796875,0.00750732421875,0.84033203125,0.8677978515625,0.369384765625,-0.33074951171875,0.03076171875,0.68359375,0.3284912109375,-0.63995361328125,0.123291015625,0.85589599609375,-0.0379638671875,-0.51275634765625,-0.05499267578125,0.92388916015625,-0.3641357421875,-0.06646728515625,0.09661865234375
22,0.666748046875,-0.6898193359375,-0.0438232421875,-0.2784423828125,0.512939453125,0.175537109375,0.00762939453125,0.8402099609375,0.86785888671875,0.36907958984375,-0.33099365234375,0.0308837890625,0.68389892578125,0.3282470703125,-0.63958740234375,0.123779296875,0.8560791015625,-0.03839111328125,-0.512451171875,-0.05438232421875,0.923828125,-0.3643798828125,-0.06640625,0.09637451171875
23,0.666748046875,-0.6898193359375,-0.0438232421875,-0.2784423828125,0.51202392578125,0.17572021484375,0.0078125,0.8406982421875,0.86785888671875,0.36907958984375,-0.33099365234375,0.0308837890625,0.68389892578125,0.3282470703125,-0.63958740234375,0.123779296875,0.8560791015625,-0.03839111328125,-0.512451171875,-0.05438232421875,0.923583984375,-0.3646240234375,-0.06634521484375,0.0975341796875
24,0.6668701171875,-0.68975830078125,-0.04364013671875,-0.27838134765625,0.5121531406772575,0.17561835349602842,0.00775820116534281,0.8406641523176213,0.8677978515625,0.36920166015625,-0.3310546875,0.031005859375,0.6842041015625,0.32794189453125,-0.639404296875,0.12408447265625,0.8563232421875,-0.03863525390625,-0.51202392578125,-0.05413818359375,0.923583984375,-0.36474609375,-0.06634521484375,0.0972900390625
25,0.6668701171875,-0.68975830078125,-0.04364013671875,-0.27838134765625,0.51171875,0.17578125,0.0078125,0.84088134765625,0.8677978515625,0.36920166015625,-0.3310546875,0.031005859375,0.6842041015625,0.32794189453125,-0.639404296875,0.12408447265625,0.8563232421875,-0.03863525390625,-0.51202392578125,-0.05413818359375,0.9234619140625,-0.36492919921875,-0.066162109375,0.09783935546875
26,0.6669921875,-0.689697265625,-0.04339599609375,-0.27838134765625,0.51190185546875,0.17559814453125,0.0076904296875,0.8408203125,0.8677978515625,0.3690185546875,-0.3311767578125,0.03118896484375,0.684326171875,0.3277587890625,-0.63934326171875,0.12420654296875,0.85650634765625,-0.038818359375,-0.51171875,-0.053955078125,0.9234619140625,-0.364990234375,-0.06622314453125,0.09759521484375
27,0.6669921875,-0.689697265625,-0.04339599609375,-0.27838134765625,0.51153564453125,0.17584228515625,0.00787353515625,0.84100341796875,0.8677978515625,0.3690185546875,-0.3311767578125,0.03118896484375,0.684326171875,0.3277587890625,-0.63934326171875,0.12420654296875,0.85650634765625,-0.038818359375,-0.51171875,-0.053955078125,0.92340087890625,-0.3648681640625,-0.0662841796875,0.0982666015625
28,0.667236328125,-0.689453125,-0.0430908203125,-0.2784423828125,0.51171875,0.17547607421875,0.00787353515625,0.8409423828125,0.86773681640625,0.369140625,-0.33123779296875,0.0316162109375,0.68438720703125,0.32757568359375,-0.63916015625,0.1248779296875,0.8564453125,-0.03912353515625,-0.51190185546875,-0.0533447265625,0.92333984375,-0.36517333984375,-0.06646728515625,0.09796142578125
29,0.667236328125,-0.689453125,-0.0430908203125,-0.2784423828125,0.51123046875,0.17559814453125,0.00836181640625,0.8411865234375,0.86773681640625,0.369140625,-0.33123779296875,0.0316162109375,0.68438720703125,0.32757568359375,-0.63916015625,0.1248779296875,0.8564453125,-0.03912353515625,-0.51190185546875,-0.0533447265625,0.9232177734375,-0.36517333984375,-0.06671142578125,0.0987548828125
30,0.66741943359375,-0.6893310546875,-0.04266357421875,-0.27838134765625,0.5115966796875,0.17535400390625,0.00823974609375,0.841064453125,0.86761474609375,0.36883544921875,-0.33172607421875,0.031494140625,0.68450927734375,0.3270263671875,-0.6392822265625,0.125244140625,0.8563232421875,-0.03961181640625,-0.5120849609375,-0.0531005859375,0.9232177734375,-0.36529541015625,-0.06683349609375,0.0982666015625
31,0.66741943359375,-0.6893310546875,-0.04266357421875,-0.27838134765625,0.51141357421875,0.17523193359375,0.00885009765625,0.8411865234375,0.86761474609375,0.36883544921875,-0.33172607421875,0.031494140625,0.68450927734375,0.3270263671875,-0.6392822265625,0.125244140625,0.8563232421875,-0.03961181640625,-0.5120849609375,-0.0531005859375,0.92303466796875,-0.36553955078125,-0.06689453125,0.09893798828125
32,0.66741943359375,-0.6893310546875,-0.0421142578125,-0.2783203125,0.51171875,0.17498779296875,0.00848388671875,0.841064453125,0.86767578125,0.36846923828125,-0.3321533203125,0.03155517578125,0.6845703125,0.3262939453125,-0.63958740234375,0.12530517578125,0.8563232421875,-0.0401611328125,-0.5120849609375,-0.05303955078125,0.92315673828125,-0.36541748046875,-0.0670166015625,0.098388671875
33,0.66741943359375,-0.6893310546875,-0.0421142578125,-0.2783203125,0.5113525390625,0.1749267578125,0.0091552734375,0.84124755859375,0.86767578125,0.36846923828125,-0.3321533203125,0.03155517578125,0.6845703125,0.3262939453125,-0.63958740234375,0.12530517578125,0.8563232421875,-0.0401611328125,-0.5120849609375,-0.05303955078125,0.9229736328125,-0.36572265625,-0.0670166015625,0.09918212890625
34,0.66748046875,-0.6893310546875,-0.04156494140625,-0.27825927734375,0.51171875,0.17474365234375,0.0087890625,0.84112548828125,0.86773681640625,0.36810302734375,-0.33233642578125,0.0316162109375,0.68463134765625,0.32568359375,-0.63983154296875,0.12530517578125,0.85626220703125,-0.040771484375,-0.5120849609375,-0.0528564453125,0.92303466796875,-0.36566162109375,-0.06719970703125,0.0986328125
35,0.66748046875,-0.6893310546875,-0.04156494140625,-0.27825927734375,0.5113525390625,0.17462158203125,0.00933837890625,0.84130859375,0.86773681640625,0.36810302734375,-0.33233642578125,0.0316162109375,0.68463134765625,0.32568359375,-0.63983154296875,0.12530517578125,0.85626220703125,-0.040771484375,-0.5120849609375,-0.0528564453125,0.9227294921875,-0.36614990234375,-0.0672607421875,0.099365234375
36,0.66754150390625,-0.6893310546875,-0.0411376953125,-0.27825927734375,0.51165771484375,0.1744384765625,0.009033203125,0.8411865234375,0.867919921875,0.36767578125,-0.3321533203125,0.031982421875,0.6846923828125,0.32501220703125,-0.64013671875,0.1253662109375,0.8560791015625,-0.04150390625,-0.5123291015625,-0.05303955078125,0.92279052734375,-0.36614990234375,-0.06744384765625,0.0989990234375
37,0.66754150390625,-0.6893310546875,-0.0411376953125,-0.27825927734375,0.51129150390625,0.1744384765625,0.0093994140625,0.8414306640625,0.867919921875,0.36767578125,-0.3321533203125,0.031982421875,0.6846923828125,0.32501220703125,-0.64013671875,0.1253662109375,0.8560791015625,-0.04150390625,-0.5123291015625,-0.05303955078125,0.9224853515625,-0.36669921875,-0.06732177734375,0.099609375
38,0.6676025390625,-0.6893310546875,-0.0408935546875,-0.27825927734375,0.511474609375,0.17431640625,0.00921630859375,0.84136962890625,0.8681640625,0.36737060546875,-0.33197021484375,0.0321044921875,0.68487548828125,0.324462890625,-0.64013671875,0.12542724609375,0.85626220703125,-0.04205322265625,-0.51202392578125,-0.05291748046875,0.92254638671875,-0.36669921875,-0.0673828125,0.099365234375
39,0.6676025390625,-0.6893310546875,-0.0408935546875,-0.27825927734375,0.5113525390625,0.17437744140625,0.009521484375,0.84136962890625,0.8681640625,0.36737060546875,-0.33197021484375,0.0321044921875,0.68487548828125,0.324462890625,-0.64013671875,0.12542724609375,0.85626220703125,-0.04205322265625,-0.51202392578125,-0.05291748046875,0.92236328125,-0.36700439453125,-0.06695556640625,0.09979248046875
40,0.6676025390625,-0.68927001953125,-0.04058837890625,-0.27825927734375,0.51153564453125,0.1741943359375,0.00927734375,0.84130859375,0.86846923828125,0.36688232421875,-0.33172607421875,0.03228759765625,0.68499755859375,0.32415771484375,-0.64019775390625,0.12554931640625,0.85650634765625,-0.042724609375,-0.51153564453125,-0.052734375,0.92236328125,-0.36700439453125,-0.067138671875,0.09954833984375
41,0.6676025390625,-0.68927001953125,-0.04058837890625,-0.27825927734375,0.5113525390625,0.1741943359375,0.00958251953125,0.8414306640625,0.86846923828125,0.36688232421875,-0.33172607421875,0.03228759765625,0.68499755859375,0.32415771484375,-0.64019775390625,0.12554931640625,0.85650634765625,-0.042724609375,-0.51153564453125,-0.052734375,0.9222412109375,-0.36724853515625,-0.06707763671875,0.10003662109375
42,0.6676025390625,-0.6893310546875,-0.04034423828125,-0.2781982421875,0.51153564453125,0.1741943359375,0.0093994140625,0.84130859375,0.86871337890625,0.3665771484375,-0.3314208984375,0.03253173828125,0.68511962890625,0.323974609375,-0.64013671875,0.125732421875,0.85675048828125,-0.04339599609375,-0.5111083984375,-0.05242919921875,0.92230224609375,-0.3671875,-0.06707763671875,0.09979248046875
43,0.6676025390625,-0.6893310546875,-0.04034423828125,-0.2781982421875,0.51129150390625,0.1741943359375,0.00933837890625,0.8414306640625,0.86871337890625,0.3665771484375,-0.3314208984375,0.03253173828125,0.68511962890625,0.323974609375,-0.64013671875,0.125732421875,0.85675048828125,-0.04339599609375,-0.5111083984375,-0.05242919921875,0.92230224609375,-0.3671875,-0.0672282853652801,0.09984269668426003
44,0.667724609375,-0.6893310546875,-0.04046630859375,-0.2779541015625,0.51141357421875,0.17431640625,0.009521484375,0.84136962890625,0.8690185546875,0.3660888671875,-0.33111572265625,0.03265380859375,0.6851806640625,0.32354736328125,-0.6402587890625,0.1256103515625,0.85699462890625,-0.04412841796875,-0.51068115234375,-0.05224609375,0.9222412109375,-0.36724853515625,-0.0670166015625,0.099853515625
45,0.667724609375,-0.6893310546875,-0.04046630859375,-0.2779541015625,0.5115966796875,0.17388916015625,0.00921630859375,0.84136962890625,0.8690185546875,0.3660888671875,-0.33111572265625,0.03265380859375,0.6851806640625,0.32354736328125,-0.6402587890625,0.1256103515625,0.85699462890625,-0.04412841796875,-0.51068115234375,-0.05224609375,0.9222412109375,-0.36724853515625,-0.06715867670882107,0.0997469592652592
46,0.6678466796875,-0.6893310546875,-0.040771484375,-0.27752685546875,0.51171875,0.17425537109375,0.00958251953125,0.8411865234375,0.86932373046875,0.36572265625,-0.3306884765625,0.03277587890625,0.6854248046875,0.3232421875,-0.64019775390625,0.12542724609375,0.8572998046875,-0.04443359375,-0.51019287109375,-0.05230712890625,0.9222412109375,-0.36737060546875,-0.0667724609375,0.0997314453125
47,0.6678466796875,-0.6893310546875,-0.040771484375,-0.27752685546875,0.51171875,0.1739501953125,0.00933837890625,0.84124755859375,0.86932373046875,0.36572265625,-0.3306884765625,0.03277587890625,0.6854248046875,0.3232421875,-0.64019775390625,0.12542724609375,0.8572998046875,-0.04443359375,-0.51019287109375,-0.05230712890625,0.92218017578125,-0.3675537109375,-0.0670166015625,0.0997314453125
48,0.6678466796875,-0.689453125,-0.0411376953125,-0.27716064453125,0.51171875,0.17437744140625,0.0096435546875,0.8411865234375,0.86956787109375,0.36566162109375,-0.330078125,0.0328369140625,0.685546875,0.32330322265625,-0.64007568359375,0.12518310546875,0.85760498046875,-0.0445556640625,-0.5096435546875,-0.05224609375,0.92218017578125,-0.3675537109375,-0.0665283203125,0.09991455078125
49,0.6678466796875,-0.689453125,-0.0411376953125,-0.27716064453125,0.5118408203125,0.17401123046875,0.0093994140625,0.8411865234375,0.86956787109375,0.36566162109375,-0.330078125,0.0328369140625,0.685546875,0.32330322265625,-0.64007568359375,0.12518310546875,0.85760498046875,-0.0445556640625,-0.5096435546875,-0.05224609375,0.922119140625,-0.36761474609375,-0.0670166015625,0.09967041015625
50,0.66778564453125,-0.689697265625,-0.0413818359375,-0.2767333984375,0.51190185546875,0.17449951171875,0.009521484375,0.84100341796875,0.86981201171875,0.365478515625,-0.32965087890625,0.03271484375,0.685791015625,0.3232421875,-0.63995361328125,0.1248779296875,0.85784912109375,-0.04486083984375,-0.5091552734375,-0.0523681640625,0.9222412109375,-0.36749267578125,-0.06646728515625,0.09979248046875
51,0.66778564453125,-0.689697265625,-0.0413818359375,-0.2767333984375,0.5121117020929139,0.17402735681438128,0.009311637750836124,0.84100341796875,0.86981201171875,0.365478515625,-0.32965087890625,0.03271484375,0.685791015625,0.3232421875,-0.63995361328125,0.1248779296875,0.85784912109375,-0.04486083984375,-0.5091552734375,-0.0523681640625,0.9221362876254181,-0.3676500607493729,-0.0669919017166597,0.09963509550062709
52,0.66778564453125,-0.68988037109375,-0.0416259765625,-0.27618408203125,0.5123291015625,0.17449951171875,0.009521484375,0.84075927734375,0.8701171875,0.365234375,-0.3292236328125,0.0328369140625,0.68597412109375,0.32281494140625,-0.6400146484375,0.1243896484375,0.85809326171875,-0.04547119140625,-0.50872802734375,-0.05267333984375,0.92218017578125,-0.36761474609375,-0.06646728515625,0.099609375
53,0.66778564453125,-0.68988037109375,-0.0416259765625,-0.27618408203125,0.5124801584709449,0.17412186944763797,0.009370427466555186,0.84075927734375,0.8701171875,0.365234375,-0.3292236328125,0.0328369140625,0.68597412109375,0.32281494140625,-0.6400146484375,0.1243896484375,0.85809326171875,-0.04547119140625,-0.50872802734375,-0.05267333984375,0.9221046473270276,-0.3677658030021948,-0.06676939897313963,0.0996849034542224
54,0.667724609375,-0.69012451171875,-0.041748046875,-0.2757568359375,0.5126953125,0.17437744140625,0.00933837890625,0.840576171875,0.870361328125,0.364990234375,-0.3287353515625,0.03314208984375,0.68609619140625,0.32257080078125,-0.64007568359375,0.1241455078125,0.85833740234375,-0.04583740234375,-0.50823974609375,-0.05267333984375,0.922119140625,-0.36767578125,-0.06646728515625,0.0997314453125
55,0.667724609375,-0.69012451171875,-0.041748046875,-0.2757568359375,0.5127414460963629,0.1741929070207985,0.00933837890625,0.8405992386731814,0.870361328125,0.364990234375,-0.3287353515625,0.03314208984375,0.68609619140625,0.32257080078125,-0.64007568359375,0.1241455078125,0.85833740234375,-0.04583740234375,-0.50823974609375,-0.05267333984375,0.9220730070286371,-0.36776804844272576,-0.06653648555079432,0.09982371250522575
56,0.66766357421875,-0.6903076171875,-0.0416259765625,-0.275390625,0.5130615234375,0.17413330078125,0.00921630859375,0.84039306640625,0.8704833984375,0.36480712890625,-0.32861328125,0.03314208984375,0.68621826171875,0.32208251953125,-0.64019775390625,0.1240234375,0.85845947265625,-0.04620361328125,-0.50799560546875,-0.05267333984375,0.922119140625,-0.36773681640625,-0.06634521484375,0.0997314453125
57,0.66766357421875,-0.6903076171875,-0.0416259765625,-0.275390625,0.5130447846989966,0.17410819267349498,0.009207939224498328,0.8404098051447534,0.8704833984375,0.36480712890625,-0.32861328125,0.03314208984375,0.68621826171875,0.32208251953125,-0.64019775390625,0.1240234375,0.85845947265625,-0.04620361328125,-0.50799560546875,-0.05267333984375,0.9221024018864966,-0.367761924514005,-0.06642053916701504,0.09978166152801003
58,0.66778564453125,-0.69036865234375,-0.0416259765625,-0.27508544921875,0.51312255859375,0.17413330078125,0.00927734375,0.84033203125,0.87054443359375,0.36474609375,-0.32843017578125,0.03326416015625,0.68609619140625,0.32183837890625,-0.64044189453125,0.1239013671875,0.8583984375,-0.04656982421875,-0.50811767578125,-0.05279541015625,0.9219970703125,-0.367919921875,-0.06658935546875,0.0999755859375
59,0.66778564453125,-0.69036865234375,-0.0416259765625,-0.27508544921875,0.51312255859375,0.17413330078125,0.00927734375,0.84033203125,0.87054443359375,0.36474609375,-0.32843017578125,0.03326416015625,0.68609619140625,0.32183837890625,-0.64044189453125,0.1239013671875,0.8583984375,-0.04656982421875,-0.50811767578125,-0.05279541015625,0.9219970703125,-0.367919921875,-0.06658935546875,0.0999755859375
60,0.66790771484375,-0.6903076171875,-0.0418701171875,-0.2747802734375,0.5133056640625,0.17401123046875,0.00933837890625,0.84027099609375,0.87078857421875,0.36444091796875,-0.32818603515625,0.03338623046875,0.6861572265625,0.32159423828125,-0.6405029296875,0.123779296875,0.8585205078125,-0.0469970703125,-0.5078125,-0.05279541015625,0.9219970703125,-0.3680419921875,-0.06671142578125,0.0997314453125
61,0.66790771484375,-0.6903076171875,-0.0418701171875,-0.2747802734375,0.5133056640625,0.17401123046875,0.00933837890625,0.84027099609375,0.87078857421875,0.36444091796875,-0.32818603515625,0.03338623046875,0.6861572265625,0.32159423828125,-0.6405029296875,0.123779296875,0.8585205078125,-0.0469970703125,-0.5078125,-0.05279541015625,0.9219970703125,-0.3680419921875,-0.06671142578125,0.0997314453125
62,0.66790771484375,-0.69036865234375,-0.0419921875,-0.2745361328125,0.5135498046875,0.17401123046875,0.00927734375,0.840087890625,0.87103271484375,0.36419677734375,-0.3277587890625,0.03338623046875,0.6864013671875,0.32147216796875,-0.640380859375,0.1236572265625,0.85882568359375,-0.04718017578125,-0.50732421875,-0.052734375,0.9219970703125,-0.36810302734375,-0.06634521484375,0.0997314453125
63,0.66790771484375,-0.69036865234375,-0.0419921875,-0.2745361328125,0.5135498046875,0.17401123046875,0.00927734375,0.840087890625,0.87103271484375,0.36419677734375,-0.3277587890625,0.03338623046875,0.6864013671875,0.32147216796875,-0.640380859375,0.1236572265625,0.85882568359375,-0.04718017578125,-0.50732421875,-0.052734375,0.9219970703125,-0.36810302734375,-0.06634521484375,0.0997314453125
64,0.66790771484375,-0.69049072265625,-0.0419921875,-0.2742919921875,0.51409912109375,0.1739501953125,0.00909423828125,0.83978271484375,0.87127685546875,0.364013671875,-0.32745361328125,0.0335693359375,0.686767578125,0.32110595703125,-0.64019775390625,0.1236572265625,0.85906982421875,-0.0474853515625,-0.5068359375,-0.0526123046875,0.9219970703125,-0.3680419921875,-0.06610107421875,0.099853515625
65,0.66790771484375,-0.69049072265625,-0.0419921875,-0.2742919921875,0.51409912109375,0.1739501953125,0.00909423828125,0.83978271484375,0.87127685546875,0.364013671875,-0.32745361328125,0.0335693359375,0.686767578125,0.32110595703125,-0.64019775390625,0.1236572265625,0.85906982421875,-0.0474853515625,-0.5068359375,-0.0526123046875,0.9219970703125,-0.3680419921875,-0.06610107421875,0.099853515625
66,0.66796875,-0.6905517578125,-0.0418701171875,-0.27398681640625,0.51446533203125,0.173828125,0.00897216796875,0.839599609375,0.87115478515625,0.36383056640625,-0.327880859375,0.03350830078125,0.6866455078125,0.3206787109375,-0.64056396484375,0.1234130859375,0.85919189453125,-0.04803466796875,-0.506591796875,-0.05242919921875,0.92193603515625,-0.3681640625,-0.066162109375,0.0999755859375
67,0.66796875,-0.6905517578125,-0.0418701171875,-0.27398681640625,0.51446533203125,0.173828125,0.00897216796875,0.839599609375,0.87115478515625,0.36383056640625,-0.327880859375,0.03350830078125,0.6866455078125,0.3206787109375,-0.64056396484375,0.1234130859375,0.85919189453125,-0.04803466796875,-0.506591796875,-0.05242919921875,0.92193603515625,-0.3681640625,-0.066162109375,0.0999755859375
68,0.668018353822638,-0.6906509654577759,-0.0418701171875,-0.2737387972930602,0.5144920731866639,0.17366032935305184,0.00902177179138796,0.8396224720422241,0.87115478515625,0.36378096258361203,-0.327880859375,0.03360750842652592,0.6866722489679139,0.32033536266722407,-0.6407088978234741,0.12345881127194816,0.859241498353888,-0.04848110237249164,-0.5064925892297241,-0.05247880304138796,0.921802533510138,-0.368408203125,-0.06634133635556021,0.10030362438597408
69,0.66802978515625,-0.690673828125,-0.0418701171875,-0.273681640625,0.5145263671875,0.1737060546875,0.009033203125,0.839599609375,0.87115478515625,0.36376953125,-0.327880859375,0.03363037109375,0.68670654296875,0.3203125,-0.64068603515625,0.1234130859375,0.8592529296875,-0.048583984375,-0.5064697265625,-0.052490234375,0.92181396484375,-0.368408203125,-0.0662841796875,0.10028076171875
70,0.6678466796875,-0.69085693359375,-0.04193115234375,-0.2734375,0.51470947265625,0.1737060546875,0.0087890625,0.8394775390625,0.87109375,0.36383056640625,-0.3280029296875,0.033447265625,0.686767578125,0.3201904296875,-0.6407470703125,0.123046875,0.85955810546875,-0.0487060546875,-0.50592041015625,-0.05267333984375,0.921875,-0.36834716796875,-0.0660400390625,0.100341796875
71,0.6678466796875,-0.69085693359375,-0.04193115234375,-0.2734375,0.51470947265625,0.1737060546875,0.0087890625,0.8394775390625,0.87109375,0.36383056640625,-0.3280029296875,0.033447265625,0.686767578125,0.3201904296875,-0.6407470703125,0.123046875,0.85955810546875,-0.0487060546875,-0.50592041015625,-0.05267333984375,0.921875,-0.36834716796875,-0.0660400390625,0.100341796875
72,0.66778564453125,-0.69097900390625,-0.0421142578125,-0.27325439453125,0.51483154296875,0.17376708984375,0.0086669921875,0.83941650390625,0.87091064453125,0.36419677734375,-0.328125,0.03326416015625,0.686767578125,0.3203125,-0.6407470703125,0.12286376953125,0.85980224609375,-0.0487060546875,-0.50555419921875,-0.05267333984375,0.921875,-0.3682861328125,-0.06585693359375,0.10040283203125
73,0.66778564453125,-0.69097900390625,-0.0421142578125,-0.27325439453125,0.51483154296875,0.17376708984375,0.0086669921875,0.83941650390625,0.87091064453125,0.36419677734375,-0.328125,0.03326416015625,0.686767578125,0.3203125,-0.6407470703125,0.12286376953125,0.85980224609375,-0.0487060546875,-0.50555419921875,-0.05267333984375,0.921875,-0.3682861328125,-0.06585693359375,0.10040283203125
74,0.6678466796875,-0.6910400390625,-0.04241943359375,-0.2730712890625,0.514892578125,0.17388916015625,0.008544921875,0.83929443359375,0.870849609375,0.3642578125,-0.32818603515625,0.033203125,0.68682861328125,0.32049560546875,-0.64056396484375,0.12286376953125,0.85992431640625,-0.04864501953125,-0.5052490234375,-0.05255126953125,0.921875,-0.3682861328125,-0.06591796875,0.10052490234375
75,0.6678466796875,-0.6910400390625,-0.04241943359375,-0.2730712890625,0.514892578125,0.17388916015625,0.008544921875,0.83929443359375,0.870849609375,0.3642578125,-0.32818603515625,0.033203125,0.68682861328125,0.32049560546875,-0.64056396484375,0.12286376953125,0.85992431640625,-0.04864501953125,-0.5052490234375,-0.05255126953125,0.921875,-0.3682861328125,-0.06591796875,0.10052490234375
76,0.6679503782138377,-0.6909881897993311,-0.04252313212008779,-0.2728638920098244,0.5151183469638377,0.1737487180575878,0.008569213458925582,0.8392425843305811,0.8710051571645067,0.36384301839464883,-0.32823788441941887,0.033514220579013376,0.6869231259145067,0.3203308717861622,-0.6405304873667433,0.12286376953125,0.85992431640625,-0.04880056732075669,-0.5052490234375,-0.05239572174174331,0.9218231507368311,-0.3683287961825878,-0.06614700368415552,0.10052490234375
77,0.66796875,-0.69097900390625,-0.04254150390625,-0.2728271484375,0.51513671875,0.17376708984375,0.00860595703125,0.8392333984375,0.87103271484375,0.36376953125,-0.3282470703125,0.0335693359375,0.68695068359375,0.3203125,-0.6405029296875,0.12286376953125,0.85992431640625,-0.048828125,-0.5052490234375,-0.0523681640625,0.92181396484375,-0.36834716796875,-0.06610107421875,0.10052490234375
78,0.6680430536684783,-0.69097900390625,-0.04250435207201087,-0.2727156929347826,0.5150650687839674,0.17362113620923914,0.00876517917798913,0.8392811650815217,0.8711813221807065,0.363472316576087,-0.3281356148097826,0.03386655061141304,0.6870249872622283,0.3200179390285326,-0.6405029296875,0.12315567680027174,0.8599986200747283,-0.04901388417119565,-0.5051375679347826,-0.05214525305706522,0.92181396484375,-0.36826224949048914,-0.06620987601902174,0.10087784476902174
79,0.6680908203125,-0.69097900390625,-0.04248046875,-0.27264404296875,0.51513671875,0.17364501953125,0.0087890625,0.8392333984375,0.87127685546875,0.36328125,-0.32806396484375,0.0340576171875,0.68707275390625,0.3199462890625,-0.6405029296875,0.12310791015625,0.86004638671875,-0.04913330078125,-0.50506591796875,-0.052001953125,0.92181396484375,-0.3682861328125,-0.066162109375,0.100830078125
80,0.6680908203125,-0.6910400390625,-0.0423583984375,-0.2724609375,0.51544189453125,0.17352294921875,0.0087890625,0.83905029296875,0.871337890625,0.363037109375,-0.32818603515625,0.03411865234375,0.68719482421875,0.3197021484375,-0.64056396484375,0.12310791015625,0.8600912955293687,-0.04928415355873745,-0.5049599740018813,-0.05211769537782191,0.9217529296875,-0.36834716796875,-0.06610107421875,0.10107421875
81,0.6680908203125,-0.6910400390625,-0.0423583984375,-0.2724609375,0.51544189453125,0.17352294921875,0.0087890625,0.83905029296875,0.871337890625,0.363037109375,-0.32818603515625,0.03411865234375,0.68719482421875,0.3197021484375,-0.64056396484375,0.12310791015625,0.86016845703125,-0.0494384765625,-0.5048828125,-0.052001953125,0.9217529296875,-0.36834716796875,-0.06610107421875,0.10107421875
82,0.6680908203125,-0.69110107421875,-0.04229736328125,-0.2723388671875,0.5157470703125,0.1734619140625,0.0086669921875,0.8388671875,0.87127685546875,0.36309814453125,-0.328369140625,0.03399658203125,0.68707275390625,0.319580078125,-0.64080810546875,0.122802734375,0.8601839709840092,-0.0494462335388796,-0.5047907494382317,-0.05210075250836121,0.9217529296875,-0.3682861328125,-0.0662841796875,0.10125732421875
83,0.6680908203125,-0.69110107421875,-0.04229736328125,-0.2723388671875,0.5157470703125,0.1734619140625,0.0086669921875,0.8388671875,0.87127685546875,0.36309814453125,-0.328369140625,0.03399658203125,0.68707275390625,0.319580078125,-0.64080810546875,0.122802734375,0.86029052734375,-0.04949951171875,-0.50457763671875,-0.05194091796875,0.9217529296875,-0.3682861328125,-0.0662841796875,0.10125732421875
84,0.6682531044235995,-0.6909928848113503,-0.042189173873850336,-0.2723388671875,0.5159634491272993,0.17324553524770067,0.008829276298599493,0.8388130927963001,0.87127685546875,0.3628817657164507,-0.32847733003239965,0.034267055549749154,0.68707275390625,0.3193026641539507,-0.6408552597198997,0.12310096970369983,0.8602364326400501,-0.04966179582984949,-0.5046858261261497,-0.05194091796875,0.9216447402801003,-0.3685025116272993,-0.06633827439119983,0.10147370303354933
85,0.66827392578125,-0.69097900390625,-0.04217529296875,-0.2723388671875,0.5159912109375,0.1732177734375,0.00885009765625,0.83880615234375,0.87127685546875,0.36285400390625,-0.3284912109375,0.0343017578125,0.68707275390625,0.31927490234375,-0.640869140625,0.12310791015625,0.86053466796875,-0.0499267578125,-0.5042724609375,-0.05145263671875,0.921630859375,-0.3685302734375,-0.06634521484375,0.10150146484375
86,0.66827392578125,-0.6909396066314799,-0.04186011477058948,-0.2723782644622701,0.5160267297240803,0.17314285737614968,0.009141392532399673,0.8387883929504598,0.8711980609192098,0.3628934011810201,-0.32868819731135035,0.03438055236204013,0.6871593054321697,0.3189736050506898,-0.6409224188048704,0.12339532654420987,0.8605740652435201,-0.05020253873589046,-0.5041936663879598,-0.051295047619669736,0.9216092214935201,-0.3685519113189799,-0.06617599028010032,0.10171396517035955
87,0.66827392578125,-0.69091796875,-0.04168701171875,-0.27239990234375,0.51611328125,0.17303466796875,0.009033203125,0.8387451171875,0.87115478515625,0.3629150390625,-0.32879638671875,0.034423828125,0.68707275390625,0.31890869140625,-0.64105224609375,0.12335205078125,0.860595703125,-0.05035400390625,-0.504150390625,-0.05120849609375,0.921630859375,-0.3685302734375,-0.0662841796875,0.1015625
88,0.66815185546875,-0.6910400390625,-0.0413818359375,-0.27239990234375,0.51617431640625,0.1732177734375,0.00885009765625,0.83868408203125,0.8709716796875,0.3631591796875,-0.3289794921875,0.0343017578125,0.68701171875,0.31884765625,-0.64117431640625,0.1231689453125,0.8604983326583403,-0.05023193359375,-0.5042477610916597,-0.0514642721833194,0.921630859375,-0.3685302734375,-0.06597900390625,0.1016845703125
89,0.66815185546875,-0.6910400390625,-0.0413818359375,-0.27239990234375,0.51617431640625,0.1732177734375,0.00885009765625,0.83868408203125,0.8709716796875,0.3631591796875,-0.3289794921875,0.0343017578125,0.68701171875,0.31884765625,-0.64117431640625,0.1231689453125,0.86053466796875,-0.05023193359375,-0.50421142578125,-0.0513916015625,0.921630859375,-0.3685302734375,-0.06597900390625,0.1016845703125
90,0.66827392578125,-0.69091796875,-0.04144287109375,-0.2723388671875,0.5162353515625,0.17303466796875,0.00885009765625,0.83868408203125,0.87091064453125,0.36322021484375,-0.3291015625,0.03448486328125,0.6871337890625,0.3187255859375,-0.64105224609375,0.1234130859375,0.86053466796875,-0.0504150390625,-0.504170395458821,-0.051320563989339464,0.92156982421875,-0.36865234375,-0.06634521484375,0.1016845703125
91,0.66827392578125,-0.69091796875,-0.04144287109375,-0.2723388671875,0.5162353515625,0.17303466796875,0.00885009765625,0.83868408203125,0.87091064453125,0.36322021484375,-0.3291015625,0.03448486328125,0.6871337890625,0.3187202785326087,-0.6410548997961957,0.12341043223505435,0.86053466796875,-0.0504150390625,-0.5042724609375,-0.05126953125,0.92156982421875,-0.36865234375,-0.06634521484375,0.1016845703125
92,0.6684429462139423,-0.6908052884615384,-0.041555551382211536,-0.2722825270432692,0.5162353515625,0.17297832782451922,0.009019118088942306,0.83868408203125,0.8710233248197116,0.3627131535456731,-0.3292705829326923,0.03454120342548077,0.6872464693509616,0.3184344951923077,-0.6410006009615384,0.1235210712139423,0.86053466796875,-0.050584059495192304,-0.5042161207932693,-0.051100510817307696,0.9214571439302884,-0.3688777043269231,-0.0665142352764423,0.10190993088942307
93,0.66845703125,-0.6907958984375,-0.04156494140625,-0.27227783203125,0.5162353515625,0.1729736328125,0.009033203125,0.83868408203125,0.87103271484375,0.3626708984375,-0.32928466796875,0.0345458984375,0.687255859375,0.31842041015625,-0.6409912109375,0.12353515625,0.86065673828125,-0.05059814453125,-0.5040283203125,-0.051025390625,0.92144775390625,-0.368896484375,-0.0665283203125,0.1019287109375
94,0.668415388534699,-0.690837541152801,-0.041523298690949,-0.272236189315949,0.516360279708403,0.173098560958403,0.00890827497909699,0.838600796600648,0.871116000274352,0.362421042145694,-0.329326310684051,0.03467082658340301,0.68743896484375,0.31829833984375,-0.640910783340301,0.123512905975648,0.86065673828125,-0.050556501815949,-0.5040283203125,-0.05110867605560201,0.92144775390625,-0.368813198944398,-0.06640339216659699,0.102011996368102
95,0.66839599609375,-0.69085693359375,-0.04150390625,-0.272216796875,0.51641845703125,0.17315673828125,0.00885009765625,0.83856201171875,0.87115478515625,0.3623046875,-0.329345703125,0.03472900390625,0.68743896484375,0.31829833984375,-0.64093017578125,0.12347412109375,0.8607177734375,-0.05059814453125,-0.50390625,-0.05096435546875,0.92144775390625,-0.3687744140625,-0.06634521484375,0.10205078125
96,0.66845703125,-0.69085693359375,-0.04144287109375,-0.2720947265625,0.5166015625,0.17315673828125,0.00885009765625,0.83843994140625,0.87127685546875,0.36224365234375,-0.3292236328125,0.03509521484375,0.68756103515625,0.31817626953125,-0.64080810546875,0.12353515625,0.8607177734375,-0.05072021484375,-0.50384521484375,-0.05108642578125,0.9215087890625,-0.3687744140625,-0.06610107421875,0.10205078125
97,0.66845703125,-0.69085693359375,-0.04144287109375,-0.2720947265625,0.5166015625,0.17315673828125,0.00885009765625,0.83843994140625,0.87127685546875,0.36224365234375,-0.3292236328125,0.03509521484375,0.68756103515625,0.31813707638743727,-0.64080810546875,0.12359394596571907,0.86083984375,-0.05084228515625,-0.50372314453125,-0.05096435546875,0.9215087890625,-0.3687744140625,-0.06610107421875,0.10205078125
98,0.6685791015625,-0.69085693359375,-0.04150390625,-0.27191162109375,0.51666259765625,0.173095703125,0.0087890625,0.83837890625,0.871337890625,0.36199951171875,-0.3292236328125,0.0350341796875,0.687744140625,0.31793212890625,-0.6407470703125,0.1236572265625,0.86090087890625,-0.05096435546875,-0.5035400390625,-0.051025390625,0.92138671875,-0.3690185546875,-0.06597900390625,0.10211181640625
99,0.6685791015625,-0.69085693359375,-0.04150390625,-0.27191162109375,0.51666259765625,0.173095703125,0.0087890625,0.83837890625,0.871337890625,0.36199951171875,-0.3292236328125,0.0350341796875,0.6877343423390468,0.31791253233434363,-0.6407666668844063,0.12364252913357024,0.86102294921875,-0.05126953125,-0.5032958984375,-0.0509033203125,0.92138671875,-0.3690185546875,-0.06597900390625,0.10211181640625
100,0.6685205159777383,-0.6909155191785117,-0.04162107741952341,-0.2717944499242266,0.5168383544105352,0.173095703125,0.008554720160953183,0.8383203206652383,0.8715136473792852,0.36170658379494147,-0.3291064616429766,0.03520993644178511,0.6877392414820234,0.3177465738660117,-0.6408740397679766,0.12341553550898829,0.8611401203882734,-0.05126953125,-0.5031201416832148,-0.0509033203125,0.9213281331652383,-0.3691357258570234,-0.06597900390625,0.10222898757577341
101,0.66851806640625,-0.69091796875,-0.0416259765625,-0.27178955078125,0.516845703125,0.173095703125,0.008544921875,0.83831787109375,0.87152099609375,0.3616943359375,-0.3291015625,0.03521728515625,0.687744140625,0.3177490234375,-0.640869140625,0.1234130859375,0.861328125,-0.05157470703125,-0.5028076171875,-0.05078125,0.92132568359375,-0.369140625,-0.06597900390625,0.10223388671875
102,0.6685619545620819,-0.69091796875,-0.041582088406668063,-0.2717017744695861,0.5170651439041597,0.17296403865750418,0.008413257407504184,0.8381862066262542,0.8716965487170778,0.3613432306908445,-0.3289698980325042,0.03548061409124163,0.6878490639370819,0.3174781416570861,-0.640869140625,0.12349126809416806,0.861328125,-0.05166248334291388,-0.5027637290316681,-0.050825138155831937,0.9212817954379181,-0.3692284013116639,-0.06602289206208194,0.10227777487458194
103,0.6685791015625,-0.69091796875,-0.04156494140625,-0.27166748046875,0.51715087890625,0.17291259765625,0.00836181640625,0.838134765625,0.87176513671875,0.3612060546875,-0.32891845703125,0.03558349609375,0.6879027503788671,0.3172611504494147,-0.6409056800663671,0.12351066053511706,0.861572265625,-0.052001953125,-0.5023193359375,-0.05047607421875,0.9212646484375,-0.3692626953125,-0.0660400390625,0.102294921875
104,0.6685791015625,-0.69097900390625,-0.041259765625,-0.2716064453125,0.5174560546875,0.1727294921875,0.00848388671875,0.8380126953125,0.87200927734375,0.36077880859375,-0.3287353515625,0.03594970703125,0.6878662109375,0.31707763671875,-0.64111328125,0.12335205078125,0.86151123046875,-0.052001953125,-0.50244140625,-0.05078125,0.9212646484375,-0.36920166015625,-0.06585693359375,0.1025390625
105,0.6685791015625,-0.69097900390625,-0.041259765625,-0.2716064453125,0.5174560546875,0.1727294921875,0.00848388671875,0.8380126953125,0.87200927734375,0.36077880859375,-0.3287353515625,0.03594970703125,0.6879972630121237,0.31692474263168896,-0.6410040711878136,0.12354862889318562,0.86175537109375,-0.0526123046875,-0.5020751953125,-0.0501708984375,0.9212646484375,-0.36920166015625,-0.06585693359375,0.1025390625
106,0.668701171875,-0.69091796875,-0.04083251953125,-0.271484375,0.51763916015625,0.1724853515625,0.0086669921875,0.837890625,0.87213134765625,0.3603515625,-0.32879638671875,0.03631591796875,0.6881103515625,0.31634521484375,-0.64111328125,0.12371826171875,0.861572265625,-0.05279541015625,-0.502197265625,-0.05047607421875,0.92120361328125,-0.36932373046875,-0.0657958984375,0.10272216796875
107,0.668701171875,-0.69091796875,-0.04083251953125,-0.271484375,0.51763916015625,0.1724853515625,0.0086669921875,0.837890625,0.87213134765625,0.3603515625,-0.32879638671875,0.03631591796875,0.688232421875,0.3160400390625,-0.64105224609375,0.12408447265625,0.86181640625,-0.05328369140625,-0.5018310546875,-0.0498046875,0.92120361328125,-0.36932373046875,-0.0657958984375,0.10272216796875
108,0.6688228339255853,-0.6908571377247074,-0.04071085748066471,-0.2713627129494147,0.5178216532321279,0.17236368951191472,0.008606161162207358,0.8378297939747074,0.8722530097068353,0.36010823839882944,-0.3286747246681647,0.036620073095213215,0.6882932529002926,0.31579671496132944,-0.6411130771190426,0.12402364163095736,0.86181640625,-0.05340535345683529,-0.5018310546875,-0.04992634955058529,0.9211427822559574,-0.3694453925193353,-0.0657958984375,0.10290466104462792
109,0.6688232421875,-0.69085693359375,-0.04071044921875,-0.2713623046875,0.517822265625,0.17236328125,0.00860595703125,0.83782958984375,0.87225341796875,0.360107421875,-0.32867431640625,0.03662109375,0.68829345703125,0.31574241612667225,-0.64111328125,0.12407691981082776,0.86187744140625,-0.0535888671875,-0.501708984375,-0.04986572265625,0.921142578125,-0.36944580078125,-0.0657958984375,0.1029052734375
110,0.6689616429765887,-0.6907185328046613,-0.04080271641147575,-0.27131617109113715,0.517822265625,0.17227101405727424,0.00874435782033863,0.8378757234401129,0.8723918187578387,0.3599690210859114,-0.3284897820207985,0.036944028924540136,0.6883857242239757,0.3155964624921614,-0.6410671476536371,0.12417673984897576,0.86187744140625,-0.053773401572951504,-0.501708984375,-0.04972732186716137,0.9210964445286371,-0.36953806797397576,-0.0657958984375,0.10299754063022576
111,0.66900634765625,-0.690673828125,-0.04083251953125,-0.27130126953125,0.517822265625,0.1722412109375,0.0087890625,0.837890625,0.8724365234375,0.35992431640625,-0.32843017578125,0.03704833984375,0.688376742461852,0.315590542694398,-0.64105224609375,0.12436168249634197,0.862060546875,-0.0537109375,-0.50146484375,-0.04937744140625,0.92108154296875,-0.36956787109375,-0.0657958984375,0.10302734375
112,0.669189453125,-0.69049072265625,-0.04083251953125,-0.271240234375,0.5178814636026338,0.17215057679243312,0.008940731801316892,0.8378610260111831,0.8725289947611831,0.3596487396138169,-0.32836730344638376,0.03720368350229933,0.6884765625,0.31536865234375,-0.64105224609375,0.12457275390625,0.86199951171875,-0.05401611328125,-0.50146484375,-0.04931640625,0.9210205078125,-0.3697805755513169,-0.0657644622700669,0.10309205326348243
113,0.669189453125,-0.69049072265625,-0.04083251953125,-0.271240234375,0.517822265625,0.17218017578125,0.0089111328125,0.837890625,0.87255859375,0.359619140625,-0.32830810546875,0.03729248046875,0.68853759765625,0.31536865234375,-0.64093017578125,0.12481689453125,0.86224365234375,-0.05401611328125,-0.5010986328125,-0.04901123046875,0.9210205078125,-0.3697509765625,-0.06573486328125,0.10321044921875
114,0.6693115234375,-0.6904296875,-0.040771484375,-0.271240234375,0.51783308456574,0.17210832168426002,0.008988906707253344,0.8379073637385034,0.8726531063832567,0.35948033157399667,-0.3282854469324833,0.03744312911528009,0.68853759765625,0.31524658203125,-0.64093017578125,0.1248779296875,0.8621826171875,-0.05413818359375,-0.50115966796875,-0.04901123046875,0.92095947265625,-0.36981201171875,-0.06571812454274666,0.10318881133727006
115,0.6693115234375,-0.6904296875,-0.040771484375,-0.271240234375,0.5177001953125,0.1722412109375,0.009033203125,0.83795166015625,0.87274169921875,0.35943603515625,-0.32806396484375,0.037841796875,0.68853759765625,0.31512451171875,-0.6409912109375,0.1251220703125,0.8624267578125,-0.05419921875,-0.50079345703125,-0.04852294921875,0.92095947265625,-0.36981201171875,-0.065673828125,0.10345458984375
116,0.66937255859375,-0.6904296875,-0.04058837890625,-0.2711181640625,0.5178812594716764,0.17217201054295567,0.00897216796875,0.8378316311533236,0.8727396579091764,0.359375,-0.32818603515625,0.037666856644544326,0.68853759765625,0.31500244140625,-0.64105224609375,0.125,0.8624267578125,-0.0543212890625,-0.50079345703125,-0.0487060546875,0.9209574313466764,-0.3698140530283236,-0.0656229995166179,0.10322473838576507
117,0.66937255859375,-0.6904296875,-0.04058837890625,-0.2711181640625,0.517822265625,0.17193603515625,0.00897216796875,0.837890625,0.8726806640625,0.359375,-0.32818603515625,0.03790283203125,0.6885933254076086,0.3147795304008152,-0.64105224609375,0.1252786387567935,0.862548828125,-0.0546875,-0.5006103515625,-0.04833984375,0.9208984375,-0.369873046875,-0.06591796875,0.1036376953125
118,0.66937255859375,-0.6905517578125,-0.04052734375,-0.27093505859375,0.5179927149743938,0.17192562447742474,0.008959511849393814,0.83782958984375,0.8727900782556438,0.3590847257786371,-0.3282217580737876,0.03804572370140052,0.68865966796875,0.31475830078125,-0.64105224609375,0.1251220703125,0.86260986328125,-0.0546875,-0.50048828125,-0.04852294921875,0.9208627145824624,-0.3699087697925376,-0.06592837942882526,0.10366076211068144
119,0.66937255859375,-0.6905517578125,-0.04052734375,-0.27093505859375,0.51800537109375,0.171875,0.00897216796875,0.83782958984375,0.872802734375,0.3590087890625,-0.3282470703125,0.03814697265625,0.6885776073238922,0.3145121188466764,-0.6412984280283236,0.12499897934521322,0.86260986328125,-0.0550537109375,-0.50042724609375,-0.04840087890625,0.92083740234375,-0.36993408203125,-0.06597900390625,0.10369873046875
120,0.6693115234375,-0.690673828125,-0.04046630859375,-0.270751953125,0.5180263965823578,0.1719233790368938,0.008883779264214048,0.8378085643551422,0.8727353711590718,0.35906982421875,-0.3284491599602843,0.03790283203125,0.68853759765625,0.31439208984375,-0.641357421875,0.124755859375,0.8626708984375,-0.0550537109375,-0.50030517578125,-0.048583984375,0.920864755892036,-0.3698456933267141,-0.06599166002560619,0.1036440233721781
121,0.6693115234375,-0.690673828125,-0.04046630859375,-0.270751953125,0.5179443359375,0.17181396484375,0.0089111328125,0.837890625,0.8726806640625,0.35906982421875,-0.32861328125,0.03790283203125,0.6883544921875,0.314453125,-0.6416015625,0.12481689453125,0.862548828125,-0.0550537109375,-0.50048828125,-0.04864501953125,0.92083740234375,-0.369873046875,-0.06610107421875,0.10369873046875
122,0.66943359375,-0.69061279296875,-0.04071044921875,-0.27056884765625,0.5179443359375,0.17189806679818143,0.009182422854828589,0.83782958984375,0.8728407027330686,0.35894775390625,-0.32829320390886285,0.03795978456835285,0.6885986328125,0.3143310546875,-0.641357421875,0.1248779296875,0.8626708984375,-0.05523681640625,-0.500244140625,-0.04852294921875,0.9207953513665342,-0.3699951171875,-0.06593287030988713,0.10376384824414715
123,0.66943359375,-0.69061279296875,-0.04071044921875,-0.27056884765625,0.5179443359375,0.17181396484375,0.00897216796875,0.83782958984375,0.8729248046875,0.35894775390625,-0.328125,0.0380859375,0.688720703125,0.31427001953125,-0.64129638671875,0.12469482421875,0.86285400390625,-0.05523681640625,-0.5,-0.04864501953125,0.92083740234375,-0.3699951171875,-0.06610107421875,0.1036376953125
124,0.6693115234375,-0.69073486328125,-0.040771484375,-0.2705078125,0.5179443359375,0.17199278356239547,0.008923993062813548,0.83782958984375,0.8728852032817725,0.3590483904682274,-0.32796863568666385,0.03804633609427258,0.68878173828125,0.31439208984375,-0.64117431640625,0.12457275390625,0.8629150390625,-0.0550537109375,-0.49993896484375,-0.0487060546875,0.920889863999791,-0.36988590712531355,-0.06597043040604096,0.10369444371864549
125,0.6693115234375,-0.69073486328125,-0.040771484375,-0.2705078125,0.5179443359375,0.17193603515625,0.00909423828125,0.83782958984375,0.8731689453125,0.3587646484375,-0.3275146484375,0.038330078125,0.6888397114731396,0.31410222388430187,-0.6412322895981396,0.12463072709813963,0.8631469318300585,-0.055517496472617056,-0.49947517930863294,-0.048532135111831104,0.9207763671875,-0.37005615234375,-0.06585693359375,0.1036376953125
126,0.66925048828125,-0.69085693359375,-0.0404052734375,-0.2703857421875,0.5181884765625,0.1719970703125,0.0087890625,0.83770751953125,0.87310791015625,0.35882568359375,-0.3277587890625,0.03802490234375,0.68878173828125,0.31396484375,-0.64141845703125,0.12432861328125,0.86309814453125,-0.05548095703125,-0.49957275390625,-0.04888916015625,0.9208984375,-0.369873046875,-0.06585693359375,0.103271484375
127,0.66925048828125,-0.69085693359375,-0.0404052734375,-0.2703857421875,0.51788330078125,0.17193603515625,0.0089111328125,0.837890625,0.87310791015625,0.35858154296875,-0.327880859375,0.038330078125,0.68878173828125,0.3135986328125,-0.6416015625,0.1243896484375,0.8631591796875,-0.05596923828125,-0.49932861328125,-0.04864501953125,0.9207763671875,-0.37017822265625,-0.06585693359375,0.10369873046875
128,0.66925048828125,-0.69091796875,-0.04034423828125,-0.270263671875,0.51800537109375,0.1719970703125,0.0089111328125,0.83782958984375,0.87309709121551,0.35865339706573995,-0.327916786423495,0.038182899704744984,0.68878173828125,0.3135986328125,-0.6416015625,0.12420654296875,0.86322021484375,-0.05596923828125,-0.499267578125,-0.04876708984375,0.9207763671875,-0.370153114548495,-0.06587857147522994,0.10361258720474499
129,0.66925048828125,-0.69091796875,-0.04034423828125,-0.270263671875,0.517822265625,0.17193603515625,0.0087890625,0.83795166015625,0.873046875,0.35870361328125,-0.32794189453125,0.0382080078125,0.688720703125,0.31378173828125,-0.6416015625,0.12432861328125,0.86322021484375,-0.055908203125,-0.49920654296875,-0.04876708984375,0.9207763671875,-0.37017822265625,-0.06597900390625,0.1036376953125
130,0.66943359375,-0.69073486328125,-0.0404052734375,-0.2701416015625,0.5179443359375,0.171875,0.009033203125,0.837890625,0.8731901749320652,0.35845947265625,-0.3278782056725543,0.03829292629076087,0.68890380859375,0.31353759765625,-0.64154052734375,0.12445068359375,0.86328125,-0.05621337890625,-0.4991455078125,-0.0487060546875,0.920654296875,-0.37042236328125,-0.0659630816915761,0.10364034901494565
131,0.66943359375,-0.69073486328125,-0.0404052734375,-0.2701416015625,0.51776123046875,0.171875,0.009033203125,0.8380126953125,0.87322998046875,0.35845947265625,-0.3277587890625,0.0384521484375,0.68896484375,0.3133544921875,-0.6414794921875,0.1246337890625,0.86328125,-0.056396484375,-0.4991455078125,-0.0484619140625,0.920654296875,-0.37042236328125,-0.066162109375,0.103759765625
132,0.66943359375,-0.69073486328125,-0.04010009765625,-0.2701416015625,0.5179182071749582,0.17175946187813546,0.008895822990698162,0.8379036893812709,0.8731340389187918,0.3584268117030727,-0.3280182395093018,0.03831476830319816,0.6888427734375,0.313232421875,-0.64166259765625,0.12451171875,0.8631591796875,-0.056396484375,-0.49932861328125,-0.0487060546875,0.9206477646843646,-0.37038092469690637,-0.06627764749686454,0.1034937829875627
133,0.66943359375,-0.69073486328125,-0.04010009765625,-0.2701416015625,0.5177001953125,0.17181396484375,0.00927734375,0.8380126953125,0.87335205078125,0.358154296875,-0.32763671875,0.0386962890625,0.68914794921875,0.31292724609375,-0.6414794921875,0.124755859375,0.86328125,-0.05670166015625,-0.4991455078125,-0.0484619140625,0.92059326171875,-0.37054443359375,-0.06622314453125,0.10382080078125
134,0.6693115234375,-0.69091796875,-0.0396728515625,-0.2701416015625,0.51788330078125,0.17181396484375,0.00885009765625,0.83795166015625,0.8731689453125,0.35833740234375,-0.32794189453125,0.0384521484375,0.68890380859375,0.31292724609375,-0.64178466796875,0.12445068359375,0.8631591796875,-0.05657958984375,-0.49932861328125,-0.04888916015625,0.92071533203125,-0.37030029296875,-0.06640625,0.10345458984375
135,0.6693115234375,-0.69091796875,-0.0396728515625,-0.2701416015625,0.51776123046875,0.17169189453125,0.0091552734375,0.8380126953125,0.873291015625,0.35809326171875,-0.3280029296875,0.03857421875,0.68902587890625,0.31243896484375,-0.64190673828125,0.1243896484375,0.86322021484375,-0.0570068359375,-0.4991455078125,-0.048828125,0.9205322265625,-0.37060546875,-0.066162109375,0.103759765625
136,0.66937255859375,-0.69085693359375,-0.0394287109375,-0.2701416015625,0.51788330078125,0.1715087890625,0.009033203125,0.83795166015625,0.8731918079797241,0.3580475363843018,-0.3282470703125,0.03856666590457776,0.68890380859375,0.312255859375,-0.64208984375,0.12432861328125,0.86309814453125,-0.05706787109375,-0.499267578125,-0.04901123046875,0.9205322265625,-0.37070467639527593,-0.06620783470944816,0.10359196997805184
137,0.66937255859375,-0.69085693359375,-0.0394287109375,-0.2701416015625,0.51763916015625,0.171630859375,0.00921630859375,0.83807373046875,0.8731689453125,0.35809326171875,-0.3282470703125,0.03863525390625,0.68896484375,0.3125,-0.64190673828125,0.12457275390625,0.86322021484375,-0.05712890625,-0.4991455078125,-0.048828125,0.9205322265625,-0.3707275390625,-0.066162109375,0.1036376953125
138,0.66949462890625,-0.69073486328125,-0.03936767578125,-0.270263671875,0.5177001953125,0.17138671875,0.00921630859375,0.838134765625,0.8731689453125,0.3580181415264423,-0.32829871544471156,0.03871976412259615,0.68890380859375,0.3123779296875,-0.6419677734375,0.124755859375,0.86309814453125,-0.0572509765625,-0.499267578125,-0.0487060546875,0.9204946664663461,-0.37084021935096156,-0.06619027944711539,0.1036236102764423
139,0.66949462890625,-0.69073486328125,-0.03936767578125,-0.270263671875,0.51763916015625,0.1715087890625,0.00933837890625,0.838134765625,0.8731689453125,0.35809326171875,-0.32818603515625,0.03875732421875,0.6890869140625,0.31243896484375,-0.6417236328125,0.12481689453125,0.8634033203125,-0.05712890625,-0.49884033203125,-0.048583984375,0.9205322265625,-0.3707275390625,-0.0660400390625,0.10369873046875
140,0.66949462890625,-0.690673828125,-0.039306640625,-0.2703857421875,0.51763916015625,0.17138671875,0.00927734375,0.838134765625,0.8731952782059992,0.35811081698108277,-0.32821155152591974,0.038862247530831937,0.68902587890625,0.31243896484375,-0.641845703125,0.1248779296875,0.86334228515625,-0.05712890625,-0.49896240234375,-0.048583984375,0.9204887466685828,-0.37075346369408446,-0.06614455411266723,0.10365525057483277
141,0.66949462890625,-0.690673828125,-0.039306640625,-0.2703857421875,0.5177001953125,0.1715087890625,0.00921630859375,0.838134765625,0.87335205078125,0.35821533203125,-0.32763671875,0.03912353515625,0.689208984375,0.3125,-0.6414794921875,0.1251220703125,0.863525390625,-0.05694580078125,-0.4986572265625,-0.04827880859375,0.92059326171875,-0.37054443359375,-0.0660400390625,0.103759765625
142,0.66961669921875,-0.6905517578125,-0.03936767578125,-0.2703857421875,0.5177001953125,0.17138671875,0.0093994140625,0.838134765625,0.8734130859375,0.35809326171875,-0.32763671875,0.0391845703125,0.68927001953125,0.3123779296875,-0.6414794921875,0.125244140625,0.863525390625,-0.05712890625,-0.4986572265625,-0.04815673828125,0.9205322265625,-0.3707275390625,-0.06597900390625,0.10382080078125
143,0.66961669921875,-0.6905517578125,-0.03936767578125,-0.2703857421875,0.5181884765625,0.1712646484375,0.0091552734375,0.83782958984375,0.87371826171875,0.35797119140625,-0.3267822265625,0.039794921875,0.68951416015625,0.31219482421875,-0.64129638671875,0.12542724609375,0.86370849609375,-0.05712890625,-0.4984130859375,-0.04791259765625,0.92059326171875,-0.3704833984375,-0.06610107421875,0.10400390625
144,0.669677734375,-0.6905517578125,-0.0394287109375,-0.270263671875,0.51824951171875,0.17132568359375,0.00921630859375,0.8377685546875,0.8741430582410117,0.3574655590248746,-0.3262155590248746,0.04017848394387544,0.68963623046875,0.3121337890625,-0.64117431640625,0.12542724609375,0.86376953125,-0.0572509765625,-0.498291015625,-0.04791259765625,0.92059326171875,-0.37054443359375,-0.06597900390625,0.10400390625
145,0.669677734375,-0.6905517578125,-0.0394287109375,-0.270263671875,0.51904296875,0.171142578125,0.0087890625,0.83734130859375,0.87432861328125,0.35723876953125,-0.32598876953125,0.0404052734375,0.6900634765625,0.311767578125,-0.64093017578125,0.12554931640625,0.86395263671875,-0.05755615234375,-0.49798583984375,-0.04766845703125,0.9205322265625,-0.37054443359375,-0.06610107421875,0.104248046875
146,0.66961669921875,-0.69061279296875,-0.039306640625,-0.27008056640625,0.5191650390625,0.1712646484375,0.0086669921875,0.83721923828125,0.8745858182875209,0.35682724152121653,-0.32562868252247074,0.04059838132316056,0.6900634765625,0.311767578125,-0.64093017578125,0.12530517578125,0.86395263671875,-0.05755615234375,-0.49786376953125,-0.04791259765625,0.92059326171875,-0.3704833984375,-0.0660400390625,0.10406494140625
147,0.66961669921875,-0.69061279296875,-0.039306640625,-0.27008056640625,0.51922607421875,0.17120361328125,0.00860595703125,0.83721923828125,0.87493896484375,0.35626220703125,-0.32513427734375,0.04119873046875,0.6904296875,0.31146240234375,-0.64056396484375,0.12579345703125,0.8641357421875,-0.05804443359375,-0.49749755859375,-0.04742431640625,0.92047119140625,-0.37054443359375,-0.06610107421875,0.1044921875
148,0.66973876953125,-0.69061279296875,-0.0391845703125,-0.27001953125,0.5194091796875,0.171142578125,0.00860595703125,0.83709716796875,0.8750881845735786,0.35613503344481606,-0.3249748510660535,0.04131916773359116,0.6904296875,0.31134033203125,-0.64068603515625,0.125732421875,0.8641357421875,-0.05816650390625,-0.49755859375,-0.0474853515625,0.92047119140625,-0.3705834226066054,-0.06610107421875,0.10438624353313128
149,0.66973876953125,-0.69061279296875,-0.0391845703125,-0.27001953125,0.5191650390625,0.17120361328125,0.0086669921875,0.83721923828125,0.87548828125,0.3558349609375,-0.323974609375,0.04241943359375,0.690673828125,0.31121826171875,-0.640380859375,0.12628173828125,0.8643798828125,-0.058349609375,-0.4971923828125,-0.04693603515625,0.92047119140625,-0.3704833984375,-0.06610107421875,0.104736328125
150,0.66986083984375,-0.69049072265625,-0.0389404296875,-0.26995849609375,0.5194091796875,0.1710205078125,0.00860595703125,0.837158203125,0.87548828125,0.355712890625,-0.32415771484375,0.04229736328125,0.69061279296875,0.31097412109375,-0.64056396484375,0.126220703125,0.8642578125,-0.05859375,-0.497314453125,-0.047119140625,0.92047119140625,-0.37066650390625,-0.066162109375,0.1044921875
151,0.66986083984375,-0.69049072265625,-0.0389404296875,-0.26995849609375,0.5191650390625,0.17108154296875,0.0087890625,0.8372802734375,0.8758544921875,0.35552978515625,-0.32318115234375,0.0433349609375,0.69061279296875,0.31097412109375,-0.6405029296875,0.12646484375,0.8643578366691054,-0.05879379833821071,-0.4971144047867893,-0.04696910437134197,0.92041015625,-0.3707275390625,-0.06610107421875,0.10479736328125
152,0.66986083984375,-0.6905517578125,-0.03875732421875,-0.2698974609375,0.519287109375,0.17108154296875,0.0086669921875,0.837158203125,0.8758971555575877,0.35542016683214883,-0.3233458860263378,0.04308490051473663,0.6905517578125,0.3109130859375,-0.640625,0.1263427734375,0.86431884765625,-0.058837890625,-0.49713134765625,-0.047119140625,0.92047119140625,-0.37066650390625,-0.06610107421875,0.1046142578125
153,0.66986083984375,-0.6905517578125,-0.03875732421875,-0.2698974609375,0.51934814453125,0.17108154296875,0.00872802734375,0.837158203125,0.87591552734375,0.3553466796875,-0.3233642578125,0.04302978515625,0.69049072265625,0.3109130859375,-0.6407470703125,0.1260986328125,0.8643894769674958,-0.05897914924749163,-0.49699008903375835,-0.047119140625,0.92034912109375,-0.370849609375,-0.06591796875,0.104736328125
154,0.66986083984375,-0.6905517578125,-0.03863525390625,-0.2698974609375,0.5194091796875,0.1710205078125,0.0086669921875,0.837158203125,0.8758544921875,0.355374645628658,-0.32343039624268394,0.043080613764632104,0.6904296875,0.3109130859375,-0.640869140625,0.12603759765625,0.86444091796875,-0.05908203125,-0.4969482421875,-0.0472412109375,0.92041015625,-0.37078857421875,-0.06597900390625,0.10467529296875
155,0.66986083984375,-0.6905517578125,-0.03863525390625,-0.2698974609375,0.5194091796875,0.17108154296875,0.00872802734375,0.83709716796875,0.8758544921875,0.35540771484375,-0.3233642578125,0.043212890625,0.6904296875,0.31085205078125,-0.64080810546875,0.12615966796875,0.864501953125,-0.0592041015625,-0.496826171875,-0.04718017578125,0.92041015625,-0.37078857421875,-0.06591796875,0.1046142578125
156,0.66998291015625,-0.69036865234375,-0.03863525390625,-0.26995849609375,0.5194091796875,0.1708984375,0.00885009765625,0.837158203125,0.8758889903192935,0.35530422044836957,-0.32342529296875,0.04329515540081522,0.6904296875,0.31072998046875,-0.640869140625,0.1263427734375,0.86444091796875,-0.059326171875,-0.49688720703125,-0.04705810546875,0.9202880859375,-0.3709716796875,-0.0660400390625,0.1046142578125
157,0.6699947497517768,-0.6903568127482232,-0.03863525390625,-0.26997033568927675,0.5192201544209867,0.17112481873170987,0.008978087766513376,0.8372251580790133,0.87579345703125,0.35557898071697325,-0.3234312127665134,0.04316961486204013,0.6904296875,0.3109071661397366,-0.6406919549540133,0.12648260314329013,0.8646791387959867,-0.05921594115802675,-0.4965879510477634,-0.04686316040447325,0.9203432012959867,-0.37092840392454013,-0.06580773803302675,0.10467529296875
158,0.67010498046875,-0.69024658203125,-0.03863525390625,-0.27008056640625,0.5191650390625,0.17095947265625,0.009033203125,0.8372802734375,0.87579345703125,0.35546875,-0.323486328125,0.0433349609375,0.6904296875,0.31085205078125,-0.6407470703125,0.12664794921875,0.8646240234375,-0.059326171875,-0.49664306640625,-0.0467529296875,0.9202880859375,-0.37109375,-0.06591796875,0.10467529296875
159,0.67010498046875,-0.69024658203125,-0.03863525390625,-0.27008056640625,0.51898193359375,0.1712646484375,0.009033203125,0.83734130859375,0.875732421875,0.35577392578125,-0.32330322265625,0.0433349609375,0.69049072265625,0.31103515625,-0.6405029296875,0.1268310546875,0.8647285384876672,-0.059221656824832776,-0.4964862938309992,-0.04659615711224916,0.9202880859375,-0.3709716796875,-0.06591796875,0.1048583984375
160,0.670166015625,-0.69012451171875,-0.03875732421875,-0.27020263671875,0.51885986328125,0.171142578125,0.0091552734375,0.83746337890625,0.8757485482206313,0.3558314907112249,-0.3231684962243938,0.04366891918373745,0.69049072265625,0.31103515625,-0.6405029296875,0.12701416015625,0.86474609375,-0.05926513671875,-0.49652099609375,-0.04638671875,0.92022705078125,-0.37109375,-0.06597900390625,0.10498046875
161,0.670166015625,-0.69012451171875,-0.03875732421875,-0.27020263671875,0.51873779296875,0.17108154296875,0.0091552734375,0.8375244140625,0.875732421875,0.35589599609375,-0.3231201171875,0.043701171875,0.69049072265625,0.3111572265625,-0.640380859375,0.12713623046875,0.86474609375,-0.05922757662259616,-0.49648343599759615,-0.04634915865384616,0.920166015625,-0.37109375,-0.06622314453125,0.1051025390625
162,0.6702880859375,-0.69000244140625,-0.03875732421875,-0.27020263671875,0.518798828125,0.17095947265625,0.00927734375,0.8375244140625,0.875763245649561,0.35574310200668896,-0.3231805399508779,0.04379241841293896,0.6905517578125,0.31103515625,-0.640380859375,0.12725830078125,0.86474609375,-0.05938720703125,-0.4964599609375,-0.0462646484375,0.92010498046875,-0.37127685546875,-0.06622314453125,0.1051025390625
163,0.6702880859375,-0.69000244140625,-0.03875732421875,-0.27020263671875,0.5186767578125,0.1708984375,0.00927734375,0.837646484375,0.875732421875,0.35577392578125,-0.3232421875,0.0438232421875,0.69049072265625,0.310791015625,-0.64056396484375,0.1273193359375,0.86474609375,-0.05943293236569816,-0.4964599609375,-0.04617319776860368,0.920166015625,-0.3712158203125,-0.0662841796875,0.10516357421875
164,0.6702880859375,-0.6900634765625,-0.0386962890625,-0.27008056640625,0.51873779296875,0.1710205078125,0.00927734375,0.8375244140625,0.875732421875,0.35572738392297243,-0.3232432081547868,0.04376322768603677,0.6904596947507317,0.3107599877194816,-0.6406105067020276,0.1272282935305184,0.86474609375,-0.0595703125,-0.49639892578125,-0.04620361328125,0.920166015625,-0.37115478515625,-0.06631622824780516,0.10513356696801839
165,0.6702880859375,-0.6900716418007943,-0.03870445430079431,-0.27005607069136706,0.5188680285195443,0.17073982774613294,0.009285508988294312,0.8375162488242057,0.8757405871132943,0.3555908203125,-0.3234089624921614,0.04392081678511706,0.6903849828203387,0.3106689453125,-0.6407307398359113,0.1273030054609114,0.8647013890703387,-0.05963951289454431,-0.49649650037886706,-0.04602867305079431,0.920166015625,-0.37114661991795567,-0.06656485975386707,0.1052164441367057
166,0.6702880859375,-0.69012451171875,-0.03875732421875,-0.2698974609375,0.5189208984375,0.1708984375,0.00933837890625,0.83746337890625,0.8757926405074206,0.35559163683632944,-0.32330403918007944,0.04376465660273829,0.6904890896085911,0.31066812878867056,-0.6406274495714883,0.127197265625,0.86480712890625,-0.0596923828125,-0.496337890625,-0.04608154296875,0.9201651991011706,-0.37109456652382944,-0.06640869957148829,0.10516520726640886
167,0.6702880859375,-0.69012451171875,-0.03875732421875,-0.2698974609375,0.51885986328125,0.17083740234375,0.00909423828125,0.83746337890625,0.875732421875,0.35565185546875,-0.3233642578125,0.0439453125,0.69036865234375,0.31060791015625,-0.64080810546875,0.127197265625,0.8649161348374791,-0.05974688577811455,-0.4961198787625418,-0.04613604593436455,0.92010498046875,-0.37115478515625,-0.06658935546875,0.10528564453125
168,0.6702880859375,-0.690185546875,-0.0389404296875,-0.269775390625,0.51885986328125,0.1710205078125,0.00927734375,0.83746337890625,0.8756991485289507,0.355793318222199,-0.3234169235994983,0.043662386993102036,0.69049072265625,0.3106689453125,-0.640625,0.12713623046875,0.86505126953125,-0.05975341796875,-0.49591064453125,-0.04608154296875,0.92010498046875,-0.37115478515625,-0.06640625,0.10540771484375
169,0.6702880859375,-0.690185546875,-0.0389404296875,-0.269775390625,0.5189208984375,0.1708984375,0.009033203125,0.83746337890625,0.87567138671875,0.3558349609375,-0.323486328125,0.0435791015625,0.6904296875,0.3106689453125,-0.6407470703125,0.12689208984375,0.8651308806046195,-0.05987283457880434,-0.4957116168478261,-0.04616115404211956,0.92010498046875,-0.37127685546875,-0.06646728515625,0.105224609375
170,0.67022705078125,-0.69024658203125,-0.03912353515625,-0.2696533203125,0.51885986328125,0.17108154296875,0.0091552734375,0.83746337890625,0.875732421875,0.3557986256270903,-0.3233071011444398,0.043546644740280104,0.6906452497909699,0.3106326100020903,-0.6405964216659699,0.1268271761993102,0.86529541015625,-0.05987548828125,-0.49542236328125,-0.04620361328125,0.92010498046875,-0.3712158203125,-0.0662841796875,0.1053466796875
171,0.67022705078125,-0.69024658203125,-0.03912353515625,-0.2696533203125,0.51898193359375,0.17095947265625,0.00897216796875,0.83740234375,0.875732421875,0.355712890625,-0.3233642578125,0.04351806640625,0.690673828125,0.310546875,-0.640625,0.12677001953125,0.8653958425872701,-0.06005124503553511,-0.4952466065269649,-0.04612828895798495,0.9200439453125,-0.371337890625,-0.06634521484375,0.10516357421875
172,0.6702880859375,-0.69024658203125,-0.0390625,-0.26953125,0.51910400390625,0.1710205078125,0.00897216796875,0.83734130859375,0.8758644946044105,0.3555452991090092,-0.32327546084604936,0.04344151729724077,0.6907448656981605,0.3103715265076296,-0.6405717218201297,0.12668346800533026,0.86553955078125,-0.0604248046875,-0.49493408203125,-0.046142578125,0.9200694616821697,-0.3714699633544105,-0.06621314211433948,0.10520909542224077
173,0.6702880859375,-0.69024658203125,-0.0390625,-0.26953125,0.51910400390625,0.17095947265625,0.00921630859375,0.83734130859375,0.87603759765625,0.35528564453125,-0.32305908203125,0.043701171875,0.69091796875,0.31024169921875,-0.64044189453125,0.12677001953125,0.8656020148542015,-0.06052891147575247,-0.4948195645641723,-0.04603847133674753,0.91998291015625,-0.37164306640625,-0.0660400390625,0.10546875
174,0.6702880859375,-0.69024658203125,-0.03875732421875,-0.26959228515625,0.51922607421875,0.17083740234375,0.009033203125,0.8372802734375,0.87628173828125,0.35498046875,-0.3226318359375,0.04400634765625,0.69122314453125,0.30987548828125,-0.64031982421875,0.12701416015625,0.86578369140625,-0.06103515625,-0.49444580078125,-0.0457763671875,0.9199767862275293,-0.37159427910744147,-0.0662047727450878,0.10523991919680183
175,0.6702880859375,-0.69024658203125,-0.03875732421875,-0.26959228515625,0.5191650390625,0.17095947265625,0.00933837890625,0.8372802734375,0.87628173828125,0.35498046875,-0.3226318359375,0.04400634765625,0.69122314453125,0.30987548828125,-0.64031982421875,0.12701416015625,0.8662376786554139,-0.06177288552989129,-0.49359457468906776,-0.045265631532190646,0.91986083984375,-0.371826171875,-0.06585693359375,0.10552978515625
176,0.67022705078125,-0.69024658203125,-0.0384521484375,-0.2696533203125,0.519287109375,0.17083740234375,0.00909423828125,0.8372802734375,0.876406666427153,0.3546957060644858,-0.3226406135686664,0.0439947121916806,0.691287037520903,0.3094192555915552,-0.6404535299958194,0.1268426901520694,0.86614990234375,-0.061767578125,-0.49371337890625,-0.04541015625,0.919921875,-0.3717041015625,-0.0660400390625,0.10528564453125
177,0.67022705078125,-0.69024658203125,-0.0384521484375,-0.2696533203125,0.5194091796875,0.17083740234375,0.00897216796875,0.837158203125,0.87646484375,0.3546142578125,-0.32257080078125,0.04400634765625,0.69134521484375,0.309326171875,-0.64044189453125,0.1268310546875,0.8664863101614757,-0.06218808789715715,-0.49312466522523,-0.04519990136392143,0.91986083984375,-0.371826171875,-0.06573486328125,0.10552978515625
178,0.67022705078125,-0.69024658203125,-0.038330078125,-0.269775390625,0.5194091796875,0.17071533203125,0.00885009765625,0.83721923828125,0.8766814266957567,0.35447544876149667,-0.32199882583873335,0.04434500091450667,0.6915007626332567,0.30921369571749585,-0.6403210490044942,0.12692679210650085,0.8665771484375,-0.06231689453125,-0.49298095703125,-0.04510498046875,0.91986083984375,-0.371826171875,-0.06585693359375,0.10546875
179,0.67022705078125,-0.69024658203125,-0.038330078125,-0.269775390625,0.51971435546875,0.1707763671875,0.00885009765625,0.83697509765625,0.87689208984375,0.3543701171875,-0.32147216796875,0.0445556640625,0.69171142578125,0.30908203125,-0.64013671875,0.126953125,0.8667959768237876,-0.06256307646582357,-0.49257065380696075,-0.04499556627560619,0.91986083984375,-0.37188720703125,-0.065673828125,0.10546875
180,0.67022705078125,-0.69024658203125,-0.0382080078125,-0.2698974609375,0.51971435546875,0.170654296875,0.00872802734375,0.8370361328125,0.8770711126933528,0.3541700688492893,-0.32123517192725753,0.04469569789924749,0.691889427976066,0.3089419974132525,-0.639998726222826,0.12711418432535534,0.86700439453125,-0.06280517578125,-0.4921875,-0.044921875,0.91986083984375,-0.371826171875,-0.0657958984375,0.10540771484375
181,0.6702017385425376,-0.6902592381506062,-0.03814472721571906,-0.2699101170568562,0.5201058786449624,0.1705806055993938,0.008725781903219059,0.8367793360681438,0.8775381643237876,0.3537850778637124,-0.32042415963367477,0.044957597917537624,0.6924542583350752,0.3086674412756062,-0.6395033003893186,0.12728136757943143,0.8670803312473871,-0.0629190808554557,-0.49204828268708195,-0.04488390664193143,0.9198251169262124,-0.3719713089856814,-0.06565076132681856,0.10547916067882525
182,0.67010498046875,-0.6903076171875,-0.03790283203125,-0.26995849609375,0.52020263671875,0.1705322265625,0.00848388671875,0.83673095703125,0.87799072265625,0.3533935546875,-0.3194580078125,0.04559326171875,0.69293212890625,0.30810546875,-0.63916015625,0.1275634765625,0.86737060546875,-0.0633544921875,-0.49151611328125,-0.04473876953125,0.919921875,-0.371826171875,-0.0657958984375,0.10528564453125
183,0.67010498046875,-0.6903076171875,-0.03790283203125,-0.26995849609375,0.520263671875,0.17059326171875,0.0086669921875,0.83673095703125,0.87799072265625,0.3533935546875,-0.3194580078125,0.04559326171875,0.69293212890625,0.30810546875,-0.63916015625,0.1275634765625,0.86737060546875,-0.0633544921875,-0.49151611328125,-0.04473876953125,0.9197998046875,-0.37200927734375,-0.06561279296875,0.10565185546875
184,0.67010498046875,-0.69036865234375,-0.03765869140625,-0.26995849609375,0.5203857421875,0.1705322265625,0.00848388671875,0.836669921875,0.8779813326322116,0.35334190955528844,-0.3195378230168269,0.045522836538461536,0.6929743840144231,0.30799278846153844,-0.6391789362980769,0.12748366135817307,0.86761474609375,-0.06378173828125,-0.490966796875,-0.04449462890625,0.91986083984375,-0.3719482421875,-0.065673828125,0.10540771484375
185,0.67010498046875,-0.69036865234375,-0.03765869140625,-0.26995849609375,0.52044677734375,0.17047119140625,0.00836181640625,0.83660888671875,0.87799072265625,0.35333251953125,-0.31951904296875,0.0455322265625,0.6929931640625,0.3079833984375,-0.63916015625,0.12750244140625,0.86761474609375,-0.06378173828125,-0.490966796875,-0.04449462890625,0.9197998046875,-0.37200927734375,-0.065673828125,0.10552978515625
186,0.670166015625,-0.69024658203125,-0.03759765625,-0.26995849609375,0.5205078125,0.17034912109375,0.0084228515625,0.83660888671875,0.8780887055157818,0.3532473969220318,-0.31935839190530935,0.04570410482859532,0.6932373046875,0.3077392578125,-0.6390380859375,0.127685546875,0.86773681640625,-0.06414794921875,-0.49072265625,-0.0443115234375,0.9197998046875,-0.37213134765625,-0.065673828125,0.10546875
187,0.6701956146138169,-0.69024658203125,-0.03759765625,-0.26995849609375,0.52044677734375,0.17038055726118312,0.0084228515625,0.83660888671875,0.87811279296875,0.353271484375,-0.3192138671875,0.0457763671875,0.6932373046875,0.3077096588236831,-0.6390380859375,0.127685546875,0.8678552123615175,-0.06420714719638379,-0.4905154633282818,-0.0443115234375,0.9197998046875,-0.3720999114888169,-0.06561279296875,0.10546875
188,0.67022705078125,-0.69024658203125,-0.03759765625,-0.26995849609375,0.52044677734375,0.17034912109375,0.0084228515625,0.83660888671875,0.87811279296875,0.353271484375,-0.319236117461852,0.04568736609009196,0.693359375,0.3077392578125,-0.63885498046875,0.12762451171875,0.86798095703125,-0.06427001953125,-0.49029541015625,-0.0443115234375,0.9197998046875,-0.37213134765625,-0.06561279296875,0.10546875
189,0.6702419523411371,-0.6902316804713629,-0.03762745936977425,-0.26994359453386285,0.5203708406276129,0.17036402265363712,0.00840652108591137,0.836669921875,0.8781425960885243,0.35324168125522576,-0.31924509922397576,0.04554712812238712,0.6933742765598871,0.30772435625261285,-0.6388400789088629,0.12763941327863712,0.8680405632707985,-0.06431472421091138,-0.4902060007969273,-0.04426681875783863,0.9197238679713629,-0.37222218593227424,-0.06559789140886288,0.10560572187238712
190,0.6702880859375,-0.690185546875,-0.0377197265625,-0.2698974609375,0.52032470703125,0.17041015625,0.008544921875,0.836669921875,0.87835693359375,0.353271484375,-0.318603515625,0.0460205078125,0.693603515625,0.30780029296875,-0.6385498046875,0.1279296875,0.86822509765625,-0.064453125,-0.48992919921875,-0.04412841796875,0.919677734375,-0.372314453125,-0.0655517578125,0.10565185546875
191,0.6702882900684574,-0.6901853427440426,-0.03772013482441472,-0.2698970526755853,0.5203859463184574,0.17034932522470736,0.008301393642872081,0.8366697177440426,0.8783571377247074,0.3532710761130853,-0.3186029032321279,0.0460205078125,0.6936039238869147,0.30780008883779264,-0.6385493964255853,0.12792989163095736,0.8682261183110368,-0.06445373739287208,-0.4899271579091764,-0.04412760144492056,0.9197385654002926,-0.37225362209970736,-0.06561238470683528,0.10565205959970736
192,0.67034912109375,-0.69012451171875,-0.037841796875,-0.269775390625,0.52044677734375,0.17041015625,0.00848388671875,0.83660888671875,0.8787952027591973,0.3528799611987876,-0.3177737232833403,0.046397741821697314,0.69403076171875,0.30755615234375,-0.63818359375,0.1280517578125,0.8685302734375,-0.06463623046875,-0.48931884765625,-0.04388427734375,0.919677734375,-0.372314453125,-0.06549072265625,0.105712890625
193,0.67034912109375,-0.69012451171875,-0.037841796875,-0.269775390625,0.52056884765625,0.1702880859375,0.00848388671875,0.8365478515625,0.87884521484375,0.35284423828125,-0.31768798828125,0.04644775390625,0.69403076171875,0.30755615234375,-0.63818359375,0.1280517578125,0.8685302734375,-0.06463623046875,-0.48931884765625,-0.04388427734375,0.91961669921875,-0.37255859375,-0.06549072265625,0.10565185546875
194,0.67022705078125,-0.6903076171875,-0.03790283203125,-0.26959228515625,0.52056884765625,0.17059326171875,0.0084228515625,0.83648681640625,0.8789627942751881,0.3527311497308737,-0.31738730338106186,0.046343034725125416,0.69427490234375,0.30743408203125,-0.63800048828125,0.1278076171875,0.868896484375,-0.06494140625,-0.48858642578125,-0.04388427734375,0.919677734375,-0.37237548828125,-0.0653076171875,0.10565185546875
195,0.67022705078125,-0.6903713060461957,-0.037966520889945655,-0.26949675186820654,0.52069091796875,0.17047649881114132,0.008393660835597828,0.8364549719769022,0.8790601647418478,0.35263194208559784,-0.31722624405570654,0.04629118546195651,0.6943385912024457,0.30743408203125,-0.6379367994225543,0.1277120838994565,0.8689920176630435,-0.06510062839673914,-0.48842720363451086,-0.04397981063179349,0.9196485436480978,-0.37246571416440216,-0.06530230978260869,0.10568369989809782
196,0.67022705078125,-0.6904296875,-0.03802490234375,-0.2694091796875,0.52069091796875,0.17059326171875,0.0084228515625,0.83642578125,0.8791383468985159,0.35263663709761706,-0.3170161933005853,0.046301596140781776,0.69451904296875,0.3072509765625,-0.6378173828125,0.12762451171875,0.86907958984375,-0.06524658203125,-0.48828125,-0.0440673828125,0.919677734375,-0.3724365234375,-0.065185546875,0.105712890625
197,0.6702441977816681,-0.6904296875,-0.03807634334500418,-0.2693577386862458,0.5207691001254181,0.17046159725125418,0.008108081626254177,0.8364086342495819,0.8792457197820861,0.35258295065583195,-0.3167820550924958,0.04643060690583194,0.6945704839700042,0.3072509765625,-0.6377659418112458,0.12762451171875,0.8691138838445861,-0.06534946403375835,-0.4881955149979097,-0.04403308881166388,0.91961669921875,-0.37251470559416805,-0.06554420496707776,0.10562511431333611
198,0.6702880859375,-0.6904296875,-0.0382080078125,-0.26922607421875,0.52081298828125,0.17059326171875,0.00823974609375,0.83636474609375,0.8795166015625,0.3521728515625,-0.31640625,0.046630859375,0.69482421875,0.30694580078125,-0.63763427734375,0.127685546875,0.86920166015625,-0.06561279296875,-0.48797607421875,-0.0439453125,0.91961669921875,-0.37255859375,-0.06536865234375,0.105712890625
199,0.6702880859375,-0.6904296875,-0.0382080078125,-0.2692187255042851,0.5211206136339883,0.1703540202367266,0.007998055040238296,0.8362377766382734,0.8795190511339883,0.3521704019910117,-0.3164038004285117,0.04662596023202341,0.6948266683214883,0.3069433512097617,-0.6376318277722617,0.1276806477320234,0.8692139080136915,-0.06562749039767977,-0.4879540280753553,-0.043942862928511704,0.91961669921875,-0.37261962890625,-0.06536375320077341,0.1055883707410117
200,0.6702880859375,-0.6904296875,-0.0382080078125,-0.26904296875,0.52117919921875,0.17047119140625,0.008056640625,0.83612060546875,0.8801389968514841,0.3516065922867893,-0.3153347666048286,0.047014013181960676,0.6953125,0.3065185546875,-0.63726806640625,0.127685546875,0.8695068359375,-0.06597900390625,-0.4874267578125,-0.04388427734375,0.91961669921875,-0.37261962890625,-0.06524658203125,0.10552978515625
201,0.6703368732363085,-0.6904296875,-0.0382080078125,-0.26904296875,0.52154541015625,0.17036136895119147,0.007922322455058526,0.8359375,0.88018798828125,0.35151371270119147,-0.31529536933005853,0.04705810546875,0.6953612872988085,0.3065185546875,-0.63726806640625,0.12773433417380853,0.8697995597303512,-0.06636930229671821,-0.4868900975256062,-0.04359155355089884,0.9195556640625,-0.37272945136130853,-0.0650634765625,0.10565185546875
202,0.67034912109375,-0.6904296875,-0.0382080078125,-0.26904296875,0.52154541015625,0.17034912109375,0.0079345703125,0.8359375,0.88116455078125,0.35076904296875,-0.31329345703125,0.04791259765625,0.6962890625,0.3060302734375,-0.63641357421875,0.128173828125,0.869873046875,-0.06646728515625,-0.48675537109375,-0.04351806640625,0.9195556640625,-0.37274169921875,-0.0650634765625,0.10565185546875
203,0.6703832109636287,-0.6903955976301213,-0.0382080078125,-0.26900887888012126,0.5217626054948787,0.17047119140625,0.008029695338628764,0.8357813398176213,0.88116455078125,0.35073495309887126,-0.31329345703125,0.04787850778637124,0.6962890625,0.30596209369774247,-0.63641357421875,0.128173828125,0.8701457658340301,-0.06670591424540134,-0.4862440230455686,-0.04331352718697742,0.9195556640625,-0.37283682424487874,-0.06478524606762123,0.10561776559887123
204,0.67041015625,-0.69036865234375,-0.0382080078125,-0.26898193359375,0.52178955078125,0.17047119140625,0.008056640625,0.83575439453125,0.882080078125,0.35015869140625,-0.31121826171875,0.0489501953125,0.69683837890625,0.30572509765625,-0.6358642578125,0.1285400390625,0.870361328125,-0.06689453125,-0.48583984375,-0.04315185546875,0.9195556640625,-0.37286376953125,-0.06475830078125,0.1055908203125
205,0.670448941131898,-0.690329867461852,-0.0382080078125,-0.269001326034699,0.5216064453125,0.170596119552153,0.008095425506897989,0.83587646484375,0.882080078125,0.350119906524352,-0.311237654159699,0.04896958775344899,0.69683837890625,0.305686312774352,-0.635883650253449,0.12857882394439799,0.870400113006898,-0.06697210101379598,-0.48578166642715304,-0.04301610838210704,0.919536271621551,-0.372780484100648,-0.06477769322219899,0.1058349609375
206,0.6705322265625,-0.69024658203125,-0.0382080078125,-0.26904296875,0.5216064453125,0.17047119140625,0.0081787109375,0.83587646484375,0.882568359375,0.35009765625,-0.30975341796875,0.050048828125,0.697021484375,0.3057861328125,-0.635498046875,0.129150390625,0.8704833984375,-0.067138671875,-0.48565673828125,-0.042724609375,0.91949462890625,-0.37286376953125,-0.0648193359375,0.1058349609375
207,0.6705416165865384,-0.6902371920072116,-0.038217397836538464,-0.26904296875,0.52142333984375,0.17064960186298078,0.008070725661057694,0.8359421950120193,0.8825730543870193,0.35008826622596156,-0.3097487229567308,0.05005352313701923,0.6970308743990384,0.30577674278846156,-0.6354933518629807,0.12916447566105768,0.8704927884615384,-0.0671527569110577,-0.4856379582331731,-0.042710524338942304,0.9194899338942307,-0.3728168194110577,-0.06494140625,0.10583965594951923
208,0.670654296875,-0.69012451171875,-0.038330078125,-0.26904296875,0.52142333984375,0.17059326171875,0.00823974609375,0.83599853515625,0.8828629203464674,0.349800441576087,-0.30916694972826086,0.050226626188858696,0.697265625,0.3055419921875,-0.63531494140625,0.1292724609375,0.87060546875,-0.06732177734375,-0.48541259765625,-0.04254150390625,0.91943359375,-0.37298583984375,-0.06494140625,0.10589599609375
209,0.670654296875,-0.69012451171875,-0.038330078125,-0.26904296875,0.5215764380617683,0.1704401635007316,0.008086647875731613,0.835896469677571,0.88287353515625,0.34979248046875,-0.30914306640625,0.05023193359375,0.697265625,0.3055419921875,-0.63531494140625,0.1292724609375,0.87060546875,-0.06732177734375,-0.48541259765625,-0.04254150390625,0.91943359375,-0.37298583984375,-0.06494140625,0.1058349609375
210,0.67059326171875,-0.690185546875,-0.0384521484375,-0.26898193359375,0.52154541015625,0.1705322265625,0.00811767578125,0.83587646484375,0.88323974609375,0.34954833984375,-0.308349609375,0.05047607421875,0.697509765625,0.3055419921875,-0.63507080078125,0.12921142578125,0.87078857421875,-0.0673828125,-0.48504638671875,-0.04254150390625,0.91943359375,-0.3729248046875,-0.0648193359375,0.10589599609375
211,0.6705569264083403,-0.6902582174958194,-0.0385248190583194,-0.2689455982833403,0.5218752857833403,0.1705191621812291,0.008056640625,0.835693359375,0.88323974609375,0.3496210104645694,-0.3082406034437709,0.05047607421875,0.6975461009354097,0.3056146628083194,-0.6349981301604306,0.1291750904708403,0.8709339154603888,-0.0674191478104097,-0.4847920395458821,-0.042505168595840304,0.9194699290604097,-0.3729131692229306,-0.0648440357833403,0.1058712962479097
212,0.6705322265625,-0.6903076171875,-0.03857421875,-0.2689208984375,0.5218505859375,0.17059326171875,0.008056640625,0.835693359375,0.883544921875,0.34942626953125,-0.30755615234375,0.0509033203125,0.6976318359375,0.3056640625,-0.63482666015625,0.1292724609375,0.87103271484375,-0.06744384765625,-0.484619140625,-0.04248046875,0.91949462890625,-0.37286376953125,-0.0648193359375,0.10589599609375
213,0.6704889507995402,-0.6903292550689799,-0.03859585663147993,-0.2689208984375,0.5217679128997701,0.17067593475647994,0.00809603789977007,0.83575439453125,0.8835232839935201,0.34946954529420987,-0.30751287658079013,0.0509033203125,0.6975885601745402,0.3056857003814799,-0.6348699359192098,0.12925082305602006,0.8710759906067098,-0.06742220977477006,-0.4845542269805602,-0.04245883086852007,0.9194552316314799,-0.37294256408079013,-0.06485873321227006,0.10585659881897994
214,0.67041015625,-0.69036865234375,-0.03863525390625,-0.2689208984375,0.521728515625,0.17071533203125,0.008056640625,0.83575439453125,0.88348388671875,0.34967041015625,-0.30731201171875,0.05096435546875,0.697509765625,0.30572509765625,-0.63494873046875,0.12921142578125,0.87115478515625,-0.0673828125,-0.48443603515625,-0.04241943359375,0.91949462890625,-0.37286376953125,-0.0648193359375,0.10589599609375
215,0.6704032157974499,-0.6903755927963001,-0.03864219435880017,-0.2689208984375,0.5218436454849499,0.17072227248380017,0.008056640625,0.835693359375,0.88348388671875,0.34968429106135035,-0.3073050712661998,0.05096435546875,0.6975236465301003,0.30573897856135035,-0.6349348495636497,0.12919754487614968,0.8711756065139005,-0.06738975295255016,-0.484394392440949,-0.04241943359375,0.9194405342025501,-0.3729788993911998,-0.06488037109375,0.10584190139005016
216,0.67034912109375,-0.6904296875,-0.0386962890625,-0.2689208984375,0.52178955078125,0.1707763671875,0.008056640625,0.835693359375,0.8836669921875,0.34967041015625,-0.30694580078125,0.0509033203125,0.6976318359375,0.30584716796875,-0.63482666015625,0.12908935546875,0.871337890625,-0.06744384765625,-0.48406982421875,-0.04241943359375,0.91949462890625,-0.3729248046875,-0.06488037109375,0.10589599609375
217,0.67034912109375,-0.6904296875,-0.0386962890625,-0.2689208984375,0.5220026635007315,0.1708296453673704,0.008109918804870397,0.8355868030152592,0.8836669921875,0.34967041015625,-0.30694580078125,0.0509033203125,0.6976318359375,0.30584716796875,-0.63482666015625,0.12908935546875,0.871337890625,-0.06744384765625,-0.48406982421875,-0.04241943359375,0.91943359375,-0.373046875,-0.06463623046875,0.105712890625
218,0.6702880859375,-0.69049072265625,-0.0386962890625,-0.26904296875,0.52191162109375,0.1707763671875,0.008056640625,0.83563232421875,0.884033203125,0.34942626953125,-0.30609130859375,0.051025390625,0.6978759765625,0.30584716796875,-0.63458251953125,0.1290283203125,0.87164306640625,-0.0675048828125,-0.4835205078125,-0.04241943359375,0.91949462890625,-0.3729248046875,-0.06475830078125,0.10577392578125
219,0.6702495051865593,-0.6904135611543687,-0.03854196605873746,-0.26923587250470316,0.5217572980899875,0.1707763671875,0.008210963628762537,0.8357094857206313,0.8839174608721782,0.34946485028219065,-0.3063227930993938,0.051141132877821904,0.6979917188153218,0.30584716796875,-0.6343896157765468,0.1292598048181438,0.8718359701609532,-0.06754346356344064,-0.48321186180497494,-0.04214936833716556,0.91949462890625,-0.37298583984375,-0.06441801447533443,0.10587986974811874
220,0.67022705078125,-0.69036865234375,-0.0384521484375,-0.26934814453125,0.52166748046875,0.1707763671875,0.00830078125,0.83575439453125,0.884521484375,0.34912109375,-0.30487060546875,0.05181884765625,0.69805908203125,0.30584716796875,-0.63427734375,0.12939453125,0.8719482421875,-0.06756591796875,-0.4830322265625,-0.0419921875,0.91949462890625,-0.37298583984375,-0.0645751953125,0.1058349609375
221,0.6702748174252717,-0.6902970023777174,-0.03830884850543481,-0.2694675611413043,0.5215719471807065,0.17075248386548914,0.00839631453804346,0.8358260444972826,0.8844737177309783,0.34907332710597827,-0.30503778872282605,0.05186661430027173,0.6981068486752717,0.30582328464673914,-0.6341818104619565,0.12963336447010865,0.8720198921535326,-0.06756591796875,-0.4828889266304348,-0.04172947095788048,0.9195317807404891,-0.37285050101902173,-0.06394892153532605,0.10610563858695654
222,0.67034912109375,-0.690185546875,-0.0380859375,-0.2696533203125,0.52142333984375,0.17071533203125,0.008544921875,0.8359375,0.88519287109375,0.348876953125,-0.302978515625,0.05352783203125,0.69818115234375,0.3057861328125,-0.634033203125,0.1300048828125,0.87213134765625,-0.06756591796875,-0.482666015625,-0.04132080078125,0.91949462890625,-0.3729248046875,-0.064208984375,0.10595703125
223,0.6703766787729933,-0.6901488033026756,-0.03803082214151339,-0.2696900638848244,0.5213957821645067,0.17067858845892558,0.008581665447324409,0.8359650576792433,0.8851836852006689,0.3488402095526756,-0.3030428168765677,0.0535462038174122,0.6981535946645067,0.3057861328125,-0.634033203125,0.13013348531563543,0.8721129758700878,-0.06759347564799331,-0.4827119450904055,-0.04122894185043898,0.9195464781694189,-0.3726563724785744,-0.06408099426473661,0.1064604181908445
224,0.6705322265625,-0.68994140625,-0.0377197265625,-0.2698974609375,0.521240234375,0.17047119140625,0.0087890625,0.83612060546875,0.8853759765625,0.34906005859375,-0.302001953125,0.05419921875,0.697998046875,0.3057861328125,-0.634033203125,0.130859375,0.87200927734375,-0.0677490234375,-0.48297119140625,-0.04071044921875,0.91949462890625,-0.37286376953125,-0.06439208984375,0.106201171875
225,0.6705322265625,-0.68994140625,-0.0377197265625,-0.2698974609375,0.521240234375,0.17047119140625,0.0087890625,0.83612060546875,0.8853759765625,0.34906005859375,-0.302001953125,0.05419921875,0.697998046875,0.3057861328125,-0.634033203125,0.130859375,0.87200927734375,-0.0677490234375,-0.48297119140625,-0.04071044921875,0.91949462890625,-0.372697198670046,-0.06439208984375,0.10681193169941466
226,0.67071533203125,-0.689697265625,-0.037353515625,-0.27008056640625,0.52117919921875,0.17010498046875,0.00909423828125,0.836181640625,0.885498046875,0.34893798828125,-0.30181884765625,0.0545654296875,0.69793701171875,0.30548095703125,-0.63421630859375,0.13134765625,0.87188720703125,-0.068115234375,-0.483154296875,-0.04022216796875,0.91943359375,-0.3729248046875,-0.064697265625,0.1065673828125
227,0.67071533203125,-0.689697265625,-0.037353515625,-0.27008056640625,0.52117919921875,0.17010498046875,0.00909423828125,0.836181640625,0.885498046875,0.34893798828125,-0.30181884765625,0.0545654296875,0.69793701171875,0.30548095703125,-0.63421630859375,0.13134765625,0.87188720703125,-0.068115234375,-0.483154296875,-0.04022216796875,0.9193927675585284,-0.37288397849602845,-0.0645747870505853,0.106853166152801
228,0.67071533203125,-0.68963623046875,-0.03692626953125,-0.270263671875,0.52117919921875,0.1697998046875,0.00927734375,0.83624267578125,0.8853759765625,0.34906005859375,-0.30206298828125,0.05450439453125,0.69781494140625,0.30517578125,-0.63446044921875,0.1314697265625,0.871826171875,-0.0682373046875,-0.4832763671875,-0.0400390625,0.91937255859375,-0.37286376953125,-0.0648193359375,0.106689453125
229,0.67071533203125,-0.68963623046875,-0.03692626953125,-0.270263671875,0.5211008129311246,0.1698781909751254,0.009564760137959807,0.8362949333063336,0.8853759765625,0.34906005859375,-0.30206298828125,0.05450439453125,0.69781494140625,0.30517578125,-0.63446044921875,0.1314697265625,0.871826171875,-0.0682373046875,-0.4832763671875,-0.0400390625,0.91937255859375,-0.3728376407687082,-0.0647670784124164,0.1068984832253344
230,0.67071533203125,-0.6895751953125,-0.0364990234375,-0.2705078125,0.5211181640625,0.16961669921875,0.00958251953125,0.83636474609375,0.885009765625,0.349365234375,-0.3026123046875,0.05438232421875,0.69775390625,0.3050537109375,-0.63446044921875,0.1318359375,0.871826171875,-0.068359375,-0.48333740234375,-0.039794921875,0.91937255859375,-0.372802734375,-0.0650634765625,0.10687255859375
231,0.6707381946984741,-0.6895409013116639,-0.0364190041022157,-0.2705649691680602,0.5210838700616639,0.16957097388430184,0.009639676199310216,0.8363876087609741,0.8849869029577759,0.34934237170777593,-0.3027151866900084,0.05440518688597409,0.6977196122491639,0.30501941693666385,-0.6345061745531981,0.13192738816889635,0.8717690152069398,-0.06837080633361205,-0.4834288530126463,-0.03980635320861204,0.91937255859375,-0.37279130304138797,-0.06510920189694817,0.10690685259458613
232,0.67083740234375,-0.68939208984375,-0.03607177734375,-0.27081298828125,0.52093505859375,0.16937255859375,0.0098876953125,0.83648681640625,0.88482666015625,0.349609375,-0.30291748046875,0.0546875,0.69757080078125,0.30487060546875,-0.63470458984375,0.13232421875,0.8717041015625,-0.06829833984375,-0.48358154296875,-0.039306640625,0.91937255859375,-0.37274169921875,-0.0653076171875,0.1070556640625
233,0.67083740234375,-0.68939208984375,-0.03607177734375,-0.27081298828125,0.52093505859375,0.16937255859375,0.0098876953125,0.83648681640625,0.88482666015625,0.349609375,-0.30291748046875,0.0546875,0.69757080078125,0.30487060546875,-0.63470458984375,0.13232421875,0.8717041015625,-0.06829833984375,-0.48358154296875,-0.039306640625,0.9194303276546822,-0.37262616109688546,-0.06513431000470318,0.10722897124529682
234,0.67095947265625,-0.68914794921875,-0.0360107421875,-0.27105712890625,0.52093505859375,0.169189453125,0.0101318359375,0.8365478515625,0.88470458984375,0.3497314453125,-0.30303955078125,0.0546875,0.69757080078125,0.3050537109375,-0.634521484375,0.13287353515625,0.8717041015625,-0.06829833984375,-0.48358154296875,-0.03900146484375,0.9193115234375,-0.372802734375,-0.0654296875,0.10723876953125
235,0.67095947265625,-0.68914794921875,-0.0360107421875,-0.27105712890625,0.52093505859375,0.169189453125,0.0101318359375,0.8365478515625,0.88470458984375,0.3497314453125,-0.30303955078125,0.0546875,0.69757080078125,0.3050537109375,-0.634521484375,0.13287353515625,0.8717041015625,-0.06829833984375,-0.48358154296875,-0.03900146484375,0.9193545950695025,-0.372802734375,-0.06512818607598242,0.10706648300323995
236,0.6708984375,-0.6890869140625,-0.03619384765625,-0.27130126953125,0.5208740234375,0.1693115234375,0.010009765625,0.8365478515625,0.8846435546875,0.35003662109375,-0.302978515625,0.05462646484375,0.69744873046875,0.3055419921875,-0.6343994140625,0.13287353515625,0.8719482421875,-0.06781005859375,-0.4832763671875,-0.0389404296875,0.9193115234375,-0.372802734375,-0.065185546875,0.1072998046875
237,0.6708984375,-0.6890869140625,-0.03619384765625,-0.27130126953125,0.5208740234375,0.1693115234375,0.010009765625,0.8365478515625,0.8846435546875,0.35003662109375,-0.302978515625,0.05462646484375,0.69744873046875,0.3055419921875,-0.6343994140625,0.13287353515625,0.8719482421875,-0.06781005859375,-0.4832763671875,-0.0389404296875,0.9193398976405728,-0.3727176117657818,-0.06524229528114549,0.10724305628135451
238,0.6710205078125,-0.68896484375,-0.0364990234375,-0.2713623046875,0.52069091796875,0.16943359375,0.0101318359375,0.836669921875,0.88482666015625,0.3499755859375,-0.30255126953125,0.054931640625,0.697509765625,0.3057861328125,-0.6341552734375,0.13299560546875,0.87188720703125,-0.06768798828125,-0.48333740234375,-0.0386962890625,0.9193115234375,-0.37286376953125,-0.06524658203125,0.10748291015625
239,0.671034184586643,-0.68896484375,-0.036512700211642976,-0.271334951139214,0.520663564420464,0.169419916975857,0.0101318359375,0.836683598649143,0.884840336930393,0.349961909163357,-0.302523915982964,0.054917963850857024,0.697523442399143,0.305758779264214,-0.6341552734375,0.13302295901703595,0.871900883805393,-0.06770166505539298,-0.483310048795464,-0.0386962890625,0.9193115234375,-0.372850092757107,-0.06527393557953595,0.10749658693039298
240,0.67108154296875,-0.68896484375,-0.03656005859375,-0.271240234375,0.52056884765625,0.16937255859375,0.0101318359375,0.83673095703125,0.885009765625,0.349609375,-0.3023681640625,0.05511474609375,0.69757080078125,0.3056640625,-0.6341552734375,0.13311767578125,0.87188720703125,-0.0677490234375,-0.4833984375,-0.03857421875,0.9193115234375,-0.372802734375,-0.06536865234375,0.1075439453125
241,0.67108154296875,-0.68896484375,-0.03656005859375,-0.271240234375,0.52056884765625,0.16937255859375,0.0101318359375,0.83673095703125,0.885009765625,0.349609375,-0.3023681640625,0.05511474609375,0.69757080078125,0.3056640625,-0.6341552734375,0.13311767578125,0.87188720703125,-0.0677490234375,-0.4833984375,-0.03857421875,0.9193115234375,-0.372802734375,-0.06536865234375,0.1075439453125
242,0.67108154296875,-0.68902587890625,-0.0364990234375,-0.27099609375,0.52081298828125,0.169189453125,0.0101318359375,0.83660888671875,0.8851761323552466,0.34928501090875835,-0.302149131545255,0.055239265977738296,0.69781494140625,0.30517578125,-0.63409423828125,0.13299560546875,0.87188720703125,-0.06817626953125,-0.48333740234375,-0.03863525390625,0.91925048828125,-0.3729248046875,-0.0655517578125,0.10760498046875
243,0.67108154296875,-0.68902587890625,-0.0364990234375,-0.27099609375,0.52081298828125,0.169189453125,0.0101318359375,0.83660888671875,0.88519287109375,0.3492431640625,-0.3021240234375,0.0552978515625,0.69781494140625,0.30517578125,-0.63409423828125,0.13299560546875,0.87188720703125,-0.06817626953125,-0.48333740234375,-0.03863525390625,0.91925048828125,-0.3729248046875,-0.0655517578125,0.10760498046875
244,0.67108154296875,-0.68914794921875,-0.036376953125,-0.27081298828125,0.5208740234375,0.16912841796875,0.01007080078125,0.83660888671875,0.8853447445260243,0.34897738555602004,-0.30207115351954433,0.055167616011705695,0.69805908203125,0.30474853515625,-0.63409423828125,0.1329345703125,0.8719482421875,-0.06854248046875,-0.48309326171875,-0.03875732421875,0.919189453125,-0.3729248046875,-0.0655517578125,0.10760498046875
245,0.67108154296875,-0.68914794921875,-0.036376953125,-0.27081298828125,0.5208740234375,0.16912841796875,0.01007080078125,0.83660888671875,0.88543701171875,0.34881591796875,-0.302001953125,0.05523681640625,0.69805908203125,0.30474853515625,-0.63409423828125,0.1329345703125,0.8719482421875,-0.06854248046875,-0.48309326171875,-0.03875732421875,0.919189453125,-0.37298604397470736,-0.06539865959448161,0.10766621975595736
246,0.671142578125,-0.6890869140625,-0.03619384765625,-0.270751953125,0.52081298828125,0.1690673828125,0.01025390625,0.83660888671875,0.88568115234375,0.34844970703125,-0.3016357421875,0.055419921875,0.698486328125,0.30413818359375,-0.63385009765625,0.13299560546875,0.8721923828125,-0.06890869140625,-0.482666015625,-0.03851318359375,0.919189453125,-0.37310791015625,-0.06524658203125,0.1075439453125
247,0.6711744225543478,-0.6890391474184783,-0.03611423658288043,-0.27078379755434784,0.5208607549252717,0.1689718495244565,0.010222061820652172,0.83660888671875,0.885665230129076,0.34840194038722827,-0.30171535326086957,0.055419921875,0.6986773947010869,0.3040267280910326,-0.6336590310801631,0.13325036090353262,0.8721446161684783,-0.06895645805027174,-0.48274562669836957,-0.03852910580842391,0.919173530910326,-0.37313975458559784,-0.06515104874320651,0.10755986752717392
248,0.6712646484375,-0.68890380859375,-0.035888671875,-0.2708740234375,0.5206298828125,0.1689453125,0.01043701171875,0.8367919921875,0.88580322265625,0.34814453125,-0.3016357421875,0.05548095703125,0.69921875,0.3037109375,-0.63311767578125,0.13397216796875,0.8724365234375,-0.06951904296875,-0.482177734375,-0.03790283203125,0.91912841796875,-0.37322998046875,-0.06488037109375,0.10760498046875
249,0.6712670980089883,-0.6889013590222617,-0.03588499751776757,-0.2708789225804766,0.5206298828125,0.16893796378553513,0.01043456214726171,0.8367932169732442,0.8858019978705058,0.3481420816785117,-0.30164186611622074,0.05548463138848243,0.6992285482859532,0.3037035887855351,-0.633109102281041,0.13397706711172658,0.8724340738660117,-0.06952026775449414,-0.4821826335179766,-0.03790283203125,0.91912841796875,-0.37323120525449416,-0.06487302237928513,0.10760620525449414
250,0.67138671875,-0.68878173828125,-0.03570556640625,-0.2711181640625,0.5205078125,0.1688232421875,0.01043701171875,0.83685302734375,0.8857970987275292,0.34813228339255853,-0.3016114506035744,0.0556640625,0.69970703125,0.3033447265625,-0.6326904296875,0.13421630859375,0.8726806640625,-0.0697021484375,-0.48175048828125,-0.03759765625,0.91912841796875,-0.373291015625,-0.06451416015625,0.107666015625
251,0.67138671875,-0.68878173828125,-0.03570556640625,-0.2711181640625,0.5205078125,0.1688232421875,0.01043701171875,0.83685302734375,0.88580322265625,0.34814453125,-0.30157470703125,0.0556640625,0.69970703125,0.3033447265625,-0.6326904296875,0.13421630859375,0.8726806640625,-0.0697021484375,-0.48175048828125,-0.03759765625,0.91912841796875,-0.373291015625,-0.06451416015625,0.107666015625
252,0.67156982421875,-0.6884765625,-0.0357666015625,-0.2713623046875,0.5203857421875,0.168701171875,0.0106201171875,0.83697509765625,0.8858240440139005,0.348141673416597,-0.3014957083507525,0.0560094520798495,0.7001953125,0.30322265625,-0.6319580078125,0.13507080078125,0.87286376953125,-0.0697021484375,-0.4814453125,-0.0369873046875,0.91900634765625,-0.3734130859375,-0.0645751953125,0.10797119140625
253,0.67156982421875,-0.6884765625,-0.0357666015625,-0.2713623046875,0.5203857421875,0.168701171875,0.0106201171875,0.83697509765625,0.88580322265625,0.3482666015625,-0.3013916015625,0.0560302734375,0.7004582331730769,0.30332125150240385,-0.6316293569711539,0.13520226111778846,0.87286376953125,-0.0697021484375,-0.4814453125,-0.0369873046875,0.9190392127403846,-0.37338022085336536,-0.06441086989182694,0.10797119140625
254,0.671630859375,-0.68829345703125,-0.03582763671875,-0.27154541015625,0.52032470703125,0.16864013671875,0.01080322265625,0.8370361328125,0.88580322265625,0.34814453125,-0.30145263671875,0.05617234858382108,0.70062255859375,0.30340576171875,-0.63134765625,0.13555908203125,0.8731689453125,-0.06982421875,-0.48089599609375,-0.03656005859375,0.91900634765625,-0.37347412109375,-0.064453125,0.10809326171875
255,0.6715945240645903,-0.6883297923416597,-0.035791301408340304,-0.2715817454666597,0.5203065393760451,0.16864013671875,0.010730552035430602,0.8370543004677049,0.8857850550010451,0.34819903421561454,-0.3014889720291597,0.0560302734375,0.7007133968697743,0.30338759406354515,-0.6312568179739757,0.13555908203125,0.8731507776572951,-0.06976971578438546,-0.4809323314041597,-0.036596393904159696,0.9190245153114549,-0.3734377857833403,-0.0644167896895903,0.1081295970291597
256,0.6715087890625,-0.68841552734375,-0.03570556640625,-0.27166748046875,0.5205078125,0.1685791015625,0.0106201171875,0.8369140625,0.8857746443222199,0.34826272307431017,-0.30153143126829013,0.0560627302597199,0.700927734375,0.3033447265625,-0.63104248046875,0.13555908203125,0.8734130859375,-0.06982421875,-0.48046875,-0.03631591796875,0.9190673828125,-0.37335205078125,-0.0643310546875,0.10821533203125
257,0.6715087890625,-0.68841552734375,-0.03569515572742476,-0.27166401024247494,0.5205147529525501,0.1685756313362249,0.010613176734949839,0.8369105922737249,0.88592529296875,0.34796142578125,-0.3013375068588002,0.05620643845369984,0.7009416152801003,0.3033204349785744,-0.6310355400161999,0.1355625522575251,0.8734130859375,-0.06982768897627507,-0.48047222022627506,-0.03632632864757524,0.9190673828125,-0.37335205078125,-0.06433452491377507,0.10821880225752507
258,0.6715087890625,-0.68841552734375,-0.0355224609375,-0.2716064453125,0.520751953125,0.16845703125,0.01055908203125,0.8367919921875,0.88592529296875,0.34796142578125,-0.30145263671875,0.05609130859375,0.701171875,0.30291748046875,-0.63092041015625,0.1356201171875,0.8734130859375,-0.070171037246551,-0.4804726284881898,-0.036213240097199006,0.9190673828125,-0.37335205078125,-0.06439208984375,0.1082763671875
259,0.6715087890625,-0.68841552734375,-0.0355224609375,-0.2716064453125,0.520751953125,0.16845703125,0.01055908203125,0.8367919921875,0.88616943359375,0.34759521484375,-0.30096435546875,0.05657958984375,0.7013711068143813,0.30281786456155935,-0.6307211783418687,0.1359189649090719,0.8734130859375,-0.0701904296875,-0.48046875,-0.03619384765625,0.9190673828125,-0.37335205078125,-0.06439208984375,0.1082763671875
260,0.6715087890625,-0.68841552734375,-0.035400390625,-0.27166748046875,0.520263671875,0.16851806640625,0.01068115234375,0.8370361328125,0.8862357761548914,0.34765625,-0.3006193741508152,0.05691926375679349,0.70135498046875,0.302734375,-0.63079833984375,0.13592529296875,0.8733945100203805,-0.07012939453125,-0.48048732591711957,-0.03608504585597826,0.9190673828125,-0.37322998046875,-0.064697265625,0.1085205078125
261,0.6715087890625,-0.68841552734375,-0.035400390625,-0.27166748046875,0.520263671875,0.16851806640625,0.01068115234375,0.8370361328125,0.88629150390625,0.34765625,-0.3004150390625,0.05706787109375,0.7014252015180811,0.302734375,-0.6306930082697534,0.13603062454274664,0.8734130859375,-0.07012939453125,-0.48046875,-0.0360107421875,0.9190673828125,-0.37322998046875,-0.064697265625,0.1085205078125
262,0.67156982421875,-0.68829345703125,-0.035400390625,-0.27178955078125,0.52001953125,0.16851806640625,0.0107421875,0.83721923828125,0.8863470275266513,0.34765073846415134,-0.300309503357546,0.057134417785848664,0.701416015625,0.30267333984375,-0.630615234375,0.13629150390625,0.87347412109375,-0.07012939453125,-0.4803466796875,-0.03594970703125,0.91900634765625,-0.37335205078125,-0.0648193359375,0.10858154296875
263,0.6715902373144857,-0.6882526308397784,-0.035400390625,-0.27185079006845736,0.5199991181542643,0.16845682711904264,0.0107421875,0.8372396513769857,0.88641357421875,0.34767645896477845,-0.3001302763769858,0.05712911038095735,0.701416015625,0.30273457913095736,-0.6305948212792643,0.13635274319345736,0.8734537079980143,-0.07014980762698579,-0.48040791897470736,-0.03590888083977843,0.9189655214647784,-0.3733724638769858,-0.06490098832044314,0.10862236916022157
264,0.671630859375,-0.68817138671875,-0.035400390625,-0.27197265625,0.51995849609375,0.16845703125,0.0107421875,0.8372802734375,0.8864397029812918,0.3476213436062918,-0.30004025462479095,0.05727710532504181,0.701416015625,0.3028564453125,-0.63055419921875,0.136474609375,0.87353515625,-0.070068359375,-0.48028564453125,-0.03564453125,0.91888427734375,-0.3734130859375,-0.0650634765625,0.10870361328125
265,0.671642290708612,-0.6881485240515259,-0.03538895929138797,-0.27199551891722407,0.51995849609375,0.1684227372491639,0.0107421875,0.837291704771112,0.88653564453125,0.34770013815583195,-0.29958340954222407,0.057395909542224066,0.701526654603888,0.30308915460388797,-0.630205135281668,0.13680836349028008,0.873518009249582,-0.07007979070861203,-0.4803142228652801,-0.03563309991638797,0.918878561676944,-0.37342451727111203,-0.06505776089569398,0.1087379072820861
266,0.6717529296875,-0.68792724609375,-0.0352783203125,-0.272216796875,0.51947021484375,0.1685791015625,0.01116943359375,0.83758544921875,0.88653564453125,0.3475341796875,-0.2998046875,0.0576171875,0.701416015625,0.302978515625,-0.63037109375,0.1370849609375,0.8736490613242057,-0.07007162547031773,-0.48017500555236203,-0.034987841960179795,0.9188232421875,-0.37353515625,-0.06500244140625,0.10906982421875
267,0.6717529296875,-0.68792724609375,-0.0352783203125,-0.272216796875,0.51947021484375,0.1685791015625,0.01116943359375,0.83758544921875,0.88671875,0.34783935546875,-0.29888916015625,0.0579833984375,0.7015721758073787,0.3030826224132525,-0.6300587733852425,0.13755344148463627,0.8736572265625,-0.070068359375,-0.48016357421875,-0.03497314453125,0.9188232421875,-0.37353515625,-0.06500244140625,0.10906982421875
268,0.67193603515625,-0.687744140625,-0.03485107421875,-0.27239990234375,0.51934814453125,0.1683349609375,0.01153564453125,0.837646484375,0.8866413843671613,0.3477740335623955,-0.2991092133282818,0.05811751247648411,0.70135498046875,0.30279541015625,-0.63037109375,0.1376953125,0.8733683812578387,-0.07034087420307274,-0.4806355249921614,-0.03470920320338629,0.91876220703125,-0.3736572265625,-0.06512451171875,0.1094970703125
269,0.6720481030518395,-0.6876320727294105,-0.0346269384275711,-0.272474614274143,0.519497568392036,0.16807346918112462,0.011460932600857033,0.837646484375,0.8866203588785535,0.3476899316079641,-0.2992727222251254,0.05816650390625,0.7011818774169105,0.3023644897052676,-0.6306799438884824,0.1380988794026965,0.8732399828856605,-0.07052295901703594,-0.4808386352947324,-0.03465796633308945,0.9186501391356605,-0.37376929445808943,-0.06538600347512538,0.10983327399926836
270,0.672119140625,-0.68756103515625,-0.03448486328125,-0.27252197265625,0.51959228515625,0.16790771484375,0.0118408203125,0.837646484375,0.8866566941889632,0.347745251097408,-0.298988367801526,0.05849658366429762,0.70111083984375,0.30224609375,-0.63079833984375,0.13812255859375,0.8731089308110368,-0.0706776902827132,-0.4810470530021948,-0.03445893864966558,0.9185791015625,-0.37384033203125,-0.0655517578125,0.11004638671875
271,0.6721871162338001,-0.6874930595474499,-0.03434891206364968,-0.2725672897287834,0.5196602607650501,0.16777176362614968,0.01179550323996656,0.8376238258387333,0.8866960914637333,0.3478097564799331,-0.29868155897261706,0.058837890625,0.7009207939224499,0.3021328010686664,-0.6309726676813336,0.1386334983800167,0.8729788993911999,-0.07083038023881688,-0.4812534294000836,-0.03424766310880016,0.9185111259536999,-0.3739083076400502,-0.06573302610263376,0.11018233793635032
272,0.67230224609375,-0.6873779296875,-0.03411865234375,-0.27264404296875,0.51971435546875,0.1676025390625,0.01226806640625,0.83758544921875,0.8867189541309574,0.34773279910900917,-0.29870523816367056,0.05886851026860368,0.7008056640625,0.30194091796875,-0.63116455078125,0.138671875,0.8729248046875,-0.071044921875,-0.48138427734375,-0.03387451171875,0.91839599609375,-0.3740234375,-0.0660400390625,0.11041259765625
273,0.6722942849864131,-0.687362007472826,-0.034078846807065244,-0.27268384850543476,0.51971435546875,0.1675547724184783,0.012228260869565244,0.837601371433424,0.8868779721467391,0.347969386888587,-0.29802936056385865,0.05898384425951085,0.7006437882133153,0.302238132642663,-0.6311512822690217,0.1387488323709239,0.8728929602581522,-0.07103696076766305,-0.48143204398777173,-0.03388247282608695,0.9183880349864131,-0.374031398607337,-0.06607188349184781,0.11044444208559781
274,0.6722412109375,-0.687255859375,-0.0338134765625,-0.27294921875,0.5196533203125,0.16748046875,0.01226806640625,0.837646484375,0.88702392578125,0.3482666015625,-0.29718017578125,0.05926513671875,0.70037841796875,0.30218505859375,-0.6314697265625,0.13885498046875,0.87286376953125,-0.07086181640625,-0.48150634765625,-0.03375244140625,0.9183349609375,-0.37408447265625,-0.0662841796875,0.11065673828125
275,0.6722955097721572,-0.6870929628710284,-0.03359628122387125,-0.2732207129232859,0.5196533203125,0.16710037690739968,0.012159468736935623,0.8377007832096572,0.8869153281119356,0.34815800389318563,-0.2975059687891931,0.05942803322272156,0.7002832929426213,0.30238163670568563,-0.631436044954536,0.13913994728522155,0.8727008730272784,-0.07086181640625,-0.4818321406641931,-0.03375244140625,0.9182806621028428,-0.37419307032556437,-0.06666427153010032,0.11054814061193563
276,0.67230224609375,-0.68707275390625,-0.0335693359375,-0.27325439453125,0.51959228515625,0.16741943359375,0.01239013671875,0.83770751953125,0.8870896559495193,0.3483323317307692,-0.2967482346754808,0.059636042668269225,0.70025634765625,0.3023681640625,-0.6314697265625,0.13916015625,0.8728215144230769,-0.07076791616586539,-0.48159085787259615,-0.03361159104567308,0.9183349609375,-0.37408447265625,-0.06634521484375,0.1107177734375
277,0.6723418474994775,-0.6869539496890678,-0.03349013312604516,-0.27353160437134194,0.5194734809390678,0.16714222375365806,0.012310933907295159,0.8378263237484322,0.8871063946880225,0.3483490704692726,-0.2967067960911371,0.05989038984113711,0.7003024812526129,0.302490234375,-0.6312833549984322,0.1394191984348871,0.8727449653140678,-0.07073974609375,-0.48178355749634194,-0.033450531720317735,0.9183349609375,-0.37408447265625,-0.06638481624947742,0.11079697624895485
278,0.67236328125,-0.6868896484375,-0.033447265625,-0.273681640625,0.519287109375,0.16741943359375,0.012451171875,0.837890625,0.8871172136287625,0.3484243947925376,-0.29658819600491226,0.05990080051996239,0.7001953125,0.302490234375,-0.63134765625,0.1395263671875,0.8727774221362876,-0.07061073532869985,-0.48174007760242477,-0.03328947239496239,0.9183349609375,-0.37408447265625,-0.06640625,0.11083984375
279,0.67236328125,-0.686767578125,-0.03338623046875,-0.2740478515625,0.51910400390625,0.1671142578125,0.01239013671875,0.83807373046875,0.8870849609375,0.34844970703125,-0.296630859375,0.06011962890625,0.7000732421875,0.30291748046875,-0.63128662109375,0.13995361328125,0.87274169921875,-0.0704345703125,-0.48187255859375,-0.03302001953125,0.9182626985785953,-0.374070795882107,-0.06669774900710704,0.11090087890625
280,0.67236328125,-0.686767578125,-0.03338623046875,-0.2740478515625,0.51898193359375,0.16748046875,0.0123291015625,0.83807373046875,0.886962890625,0.34906005859375,-0.2962646484375,0.06011962890625,0.7000732421875,0.30291748046875,-0.63128662109375,0.13995361328125,0.872802734375,-0.0701904296875,-0.48175048828125,-0.03289794921875,0.9183349609375,-0.37396240234375,-0.06658935546875,0.11090087890625
281,0.67242431640625,-0.68658447265625,-0.033447265625,-0.2742919921875,0.518798828125,0.16729736328125,0.01239013671875,0.83819580078125,0.886962890625,0.34893798828125,-0.29638671875,0.06036376953125,0.69989013671875,0.30322265625,-0.6312255859375,0.14031982421875,0.87274169921875,-0.07025146484375,-0.48193359375,-0.03265380859375,0.9182333037207357,-0.37410468162102845,-0.06680287645014633,0.11102294921875
282,0.67242431640625,-0.68658447265625,-0.033447265625,-0.2742919921875,0.51898193359375,0.1673583984375,0.0123291015625,0.83807373046875,0.8868408203125,0.34930419921875,-0.29632568359375,0.06005859375,0.699878705385138,0.3032426610838211,-0.6312313016043061,0.14030839288513797,0.872802734375,-0.0699462890625,-0.48187255859375,-0.03265380859375,0.9183349609375,-0.3739013671875,-0.066650390625,0.11102294921875
283,0.67236328125,-0.68658447265625,-0.0335693359375,-0.2744140625,0.51885986328125,0.1673583984375,0.0123291015625,0.83819580078125,0.8868408203125,0.349365234375,-0.2962646484375,0.06024169921875,0.6995849609375,0.30377197265625,-0.63128662109375,0.14019775390625,0.872802734375,-0.06982421875,-0.48187255859375,-0.03253173828125,0.9183349609375,-0.3739013671875,-0.06671142578125,0.1112060546875
284,0.67236328125,-0.68658447265625,-0.0335693359375,-0.2744140625,0.5194091796875,0.1671142578125,0.0123291015625,0.837890625,0.8867424291910535,0.3496604077393395,-0.2961662573160535,0.059946525854410515,0.6995849609375,0.30377197265625,-0.63128662109375,0.14019775390625,0.8727043432535535,-0.06957824094638376,-0.482069340836643,-0.032630129402696495,0.9183349609375,-0.373779296875,-0.06689453125,0.1112060546875
285,0.6722412109375,-0.6866455078125,-0.03369140625,-0.2744140625,0.519287109375,0.167236328125,0.0123291015625,0.83795166015625,0.88671875,0.349853515625,-0.2960205078125,0.0599365234375,0.6993408203125,0.30438232421875,-0.63134765625,0.1400146484375,0.87274169921875,-0.06939697265625,-0.4820556640625,-0.0325927734375,0.9183349609375,-0.37367641487249165,-0.06712642401755853,0.11147285384876672
286,0.6722412109375,-0.6866455078125,-0.03369140625,-0.2744140625,0.51995849609375,0.16668701171875,0.01226806640625,0.837646484375,0.8867532481317935,0.3501639988111413,-0.29560653023097827,0.05986752717391304,0.6993408203125,0.30438232421875,-0.63134765625,0.1400146484375,0.8727072010869565,-0.06922448199728261,-0.48215915845788043,-0.0325927734375,0.9183349609375,-0.3736572265625,-0.0672607421875,0.11151123046875
287,0.67230224609375,-0.6866455078125,-0.0338134765625,-0.2744140625,0.5198974609375,0.16668701171875,0.01239013671875,0.837646484375,0.88677978515625,0.350341796875,-0.29522705078125,0.05987548828125,0.69927978515625,0.30462646484375,-0.6312255859375,0.14019775390625,0.8726806640625,-0.069091796875,-0.482177734375,-0.03253173828125,0.91827392578125,-0.3736911123014214,-0.06738975295255017,0.11165371387698579
288,0.67230224609375,-0.6866455078125,-0.0338134765625,-0.2744140625,0.5205078125,0.16619873046875,0.0123291015625,0.83740234375,0.88702392578125,0.35009765625,-0.29473876953125,0.06011962890625,0.6992203830476589,0.3046066641408863,-0.6313245894518186,0.14017795320338627,0.87255859375,-0.069091796875,-0.482421875,-0.03253173828125,0.91827392578125,-0.3736572265625,-0.067626953125,0.11175537109375
289,0.67230224609375,-0.6866455078125,-0.03387451171875,-0.27435302734375,0.5205078125,0.166259765625,0.01239013671875,0.83740234375,0.8870849609375,0.35009765625,-0.294677734375,0.06005859375,0.69915771484375,0.30450439453125,-0.6314697265625,0.14013671875,0.87255859375,-0.069091796875,-0.48236083984375,-0.032470703125,0.9182490218044523,-0.3736945825276965,-0.06761572592234531,0.11184131022679765
290,0.67230224609375,-0.6866455078125,-0.03387451171875,-0.27435302734375,0.5206298828125,0.16595458984375,0.01239013671875,0.83734130859375,0.88720703125,0.35015869140625,-0.294189453125,0.06024169921875,0.699152611569816,0.30449929125731606,-0.631474829836434,0.14013671875,0.87249755859375,-0.0693359375,-0.4825439453125,-0.032470703125,0.91815185546875,-0.37384033203125,-0.06781005859375,0.1119384765625
291,0.6722412109375,-0.68670654296875,-0.03369140625,-0.2742919921875,0.520751953125,0.166015625,0.01220703125,0.8372802734375,0.88714599609375,0.3502197265625,-0.2943115234375,0.06011962890625,0.69903564453125,0.304443359375,-0.631591796875,0.13995361328125,0.8724365234375,-0.06927490234375,-0.4825439453125,-0.03271484375,0.918212890625,-0.37371826171875,-0.06787109375,0.11175537109375
292,0.6722412109375,-0.68670654296875,-0.03369140625,-0.2742919921875,0.52056884765625,0.16619873046875,0.01214599609375,0.83734130859375,0.8871974370950042,0.3502711675637542,-0.29415720043373744,0.05996530590248745,0.69903564453125,0.304443359375,-0.631591796875,0.13995361328125,0.8725394054400084,-0.06927490234375,-0.48238962230873744,-0.032663402748745816,0.91815185546875,-0.373779296875,-0.06793212890625,0.11187744140625
293,0.67230224609375,-0.68670654296875,-0.03363037109375,-0.27435302734375,0.52056884765625,0.1661376953125,0.01214599609375,0.83734130859375,0.88720703125,0.35028076171875,-0.294189453125,0.0599365234375,0.69891357421875,0.304443359375,-0.63177490234375,0.13995361328125,0.87249755859375,-0.06927490234375,-0.482421875,-0.03265380859375,0.91815185546875,-0.37384033203125,-0.0679931640625,0.11181640625
294,0.67230224609375,-0.68670654296875,-0.03363037109375,-0.27435302734375,0.52044677734375,0.16619873046875,0.01220703125,0.83746337890625,0.88702392578125,0.3505859375,-0.294189453125,0.05999755859375,0.6988033435017768,0.3046270772366221,-0.6318116459160744,0.14006384399822325,0.87249755859375,-0.0692138671875,-0.48248291015625,-0.03253173828125,0.91815185546875,-0.37384033203125,-0.0679931640625,0.11199951171875
295,0.67242431640625,-0.68646240234375,-0.03350830078125,-0.2745361328125,0.52044677734375,0.16583251953125,0.01226806640625,0.83746337890625,0.88702392578125,0.350341796875,-0.29443359375,0.0601806640625,0.6986083984375,0.3045654296875,-0.63201904296875,0.14031982421875,0.872314453125,-0.06939697265625,-0.4827880859375,-0.032470703125,0.91802978515625,-0.37408447265625,-0.0682373046875,0.1119384765625
296,0.67242431640625,-0.68646240234375,-0.03350830078125,-0.2745361328125,0.52044677734375,0.16595458984375,0.01239013671875,0.83746337890625,0.886962890625,0.3507080078125,-0.2943115234375,0.06005859375,0.6985863522941054,0.30463156811768394,-0.6319749506819607,0.1403639165055393,0.87237548828125,-0.06927490234375,-0.482666015625,-0.03228759765625,0.91802978515625,-0.37396240234375,-0.06817626953125,0.11212158203125
297,0.67236328125,-0.68646240234375,-0.0333251953125,-0.2747802734375,0.5203857421875,0.165771484375,0.01214599609375,0.8375244140625,0.8868408203125,0.35076904296875,-0.2945556640625,0.0601806640625,0.6983642578125,0.3048095703125,-0.632080078125,0.1405029296875,0.87225341796875,-0.06915283203125,-0.48297119140625,-0.03228759765625,0.9180614254546404,-0.37396015690321904,-0.0684814453125,0.11213403401964883
298,0.67236328125,-0.68646240234375,-0.0333251953125,-0.2747802734375,0.5203857421875,0.1658935546875,0.012451171875,0.8375244140625,0.8868408203125,0.35089111328125,-0.29443359375,0.06005859375,0.6983642578125,0.3048169190269649,-0.6320727294105352,0.14051762711642976,0.87237548828125,-0.06927490234375,-0.48272705078125,-0.0321044921875,0.91796875,-0.3741455078125,-0.0684814453125,0.11236572265625
299,0.67230224609375,-0.68646240234375,-0.03314208984375,-0.27490234375,0.5203857421875,0.165771484375,0.01226806640625,0.8375244140625,0.88677978515625,0.3509521484375,-0.29461669921875,0.06005859375,0.6982421875,0.304931640625,-0.6322021484375,0.14056396484375,0.87225341796875,-0.0692138671875,-0.48291015625,-0.0322265625,0.91796875,-0.37408447265625,-0.06866455078125,0.1123046875
