timestep,imu0_w,imu0_x,imu0_y,imu0_z,imu1_w,imu1_x,imu1_y,imu1_z,imu2_w,imu2_x,imu2_y,imu2_z,imu3_w,imu3_x,imu3_y,imu3_z,imu4_w,imu4_x,imu4_y,imu4_z,imu5_w,imu5_x,imu5_y,imu5_z
0,0.6907958984375,-0.6566162109375,-0.283935546875,-0.10455322265625,0.9696044921875,0.1090087890625,-0.05194091796875,-0.21270751953125,-0.117919921875,-0.26922607421875,0.95556640625,0.02056884765625,0.1300048828125,-0.24017333984375,0.960205078125,0.05804443359375,0.25592041015625,-0.25244140625,0.8751220703125,0.32379150390625,-0.171142578125,-0.16766357421875,0.95111083984375,0.194580078125
1,0.6907958984375,-0.6566162109375,-0.283935546875,-0.10455322265625,0.9696044921875,0.1090087890625,-0.05194091796875,-0.21270751953125,-0.11773681640625,-0.26910400390625,0.95562744140625,0.02056884765625,0.1300048828125,-0.24017333984375,0.960205078125,0.05804443359375,0.25604248046875,-0.25225830078125,0.8751220703125,0.32379150390625,-0.17095947265625,-0.1676025390625,0.951171875,0.194580078125
2,0.690673828125,-0.65667724609375,-0.28399658203125,-0.1046142578125,0.9696044921875,0.109130859375,-0.05197092521948161,-0.2126009631715092,-0.1176002527957776,-0.26902847545202757,0.9556729626097408,0.020645396765259196,0.1301869676264632,-0.2400978113895276,0.9601895641722408,0.05816650390625,0.25604248046875,-0.2523193359375,0.87506103515625,0.323974609375,-0.17095947265625,-0.16766357421875,0.95111083984375,0.1947021484375
3,0.690673828125,-0.65667724609375,-0.28399658203125,-0.1046142578125,0.9696044921875,0.109130859375,-0.052001953125,-0.21258544921875,-0.1175537109375,-0.26898193359375,0.9556884765625,0.0206298828125,0.1302490234375,-0.24005126953125,0.960205078125,0.05816650390625,0.25628662109375,-0.25213623046875,0.87506103515625,0.32391357421875,-0.1707763671875,-0.1676025390625,0.951171875,0.1947021484375
4,0.69061279296875,-0.65673828125,-0.28411865234375,-0.10467529296875,0.9696044921875,0.10919189453125,-0.05194091796875,-0.2125244140625,-0.11749471709082358,-0.2689829542485368,0.9556574486569817,0.020721945874268396,0.1302480027827132,-0.2400522901860368,0.9601740502194817,0.05828857421875,0.25616455078125,-0.252197265625,0.875,0.32403564453125,-0.17083740234375,-0.167724609375,0.95111083984375,0.19476318359375
5,0.69061279296875,-0.65673828125,-0.28411865234375,-0.10467529296875,0.9696044921875,0.10919189453125,-0.05194091796875,-0.2125244140625,-0.11737060546875,-0.2689208984375,0.9556884765625,0.02069091796875,0.13031005859375,-0.239990234375,0.960205078125,0.05828857421875,0.25634765625,-0.25213623046875,0.87493896484375,0.32415771484375,-0.170654296875,-0.16766357421875,0.951171875,0.19482421875
6,0.69061279296875,-0.65673828125,-0.2841796875,-0.1046142578125,0.96954345703125,0.10919189453125,-0.05181884765625,-0.21270751953125,-0.11740571599341555,-0.26890640513952757,0.9557029698604724,0.020705411266722408,0.13055419921875,-0.23980712890625,0.960205078125,0.058349609375,0.25628662109375,-0.2520751953125,0.875,0.32415771484375,-0.17071533203125,-0.16766357421875,0.951171875,0.19482421875
7,0.69061279296875,-0.65673828125,-0.2841796875,-0.1046142578125,0.96954345703125,0.10919189453125,-0.05181884765625,-0.21270751953125,-0.11712646484375,-0.26885986328125,0.95574951171875,0.020751953125,0.13055419921875,-0.23980712890625,0.960205078125,0.058349609375,0.256591796875,-0.25201416015625,0.8748779296875,0.32415771484375,-0.17034912109375,-0.167724609375,0.951171875,0.1949462890625
8,0.69061279296875,-0.6566782667485368,-0.2842997165029264,-0.10455424331103678,0.9696034715327132,0.10931192353417642,-0.05163880415186037,-0.21252747602686037,-0.11724649384667642,-0.26885986328125,0.95574951171875,0.020691938623536788,0.13073424272313963,-0.23968709990332357,0.960205078125,0.05840962387646321,0.2564717678720736,-0.2520741746577132,0.8749379441889632,0.32415771484375,-0.17052916459813963,-0.167724609375,0.951171875,0.1948862745610368
9,0.69061279296875,-0.65667724609375,-0.2843017578125,-0.10455322265625,0.9696044921875,0.10931396484375,-0.0516357421875,-0.2125244140625,-0.11700439453125,-0.26873779296875,0.955810546875,0.020751953125,0.1307373046875,-0.23968505859375,0.960205078125,0.05841064453125,0.25677490234375,-0.251953125,0.87481689453125,0.3243408203125,-0.17022705078125,-0.16766357421875,0.951171875,0.19500732421875
10,0.6905517578125,-0.65667724609375,-0.28436279296875,-0.10455322265625,0.9696044921875,0.10953646758727006,-0.051263203190321904,-0.212418878357546,-0.11682639233643395,-0.2685763253814799,0.955855047423704,0.020857488829954012,0.13089877227477006,-0.23956809155518394,0.960205078125,0.058560680784908024,0.2567138671875,-0.251953125,0.87481689453125,0.32440185546875,-0.1702880859375,-0.167724609375,0.951171875,0.195068359375
11,0.6905517578125,-0.65667724609375,-0.28436279296875,-0.10455322265625,0.9696044921875,0.109619140625,-0.0511474609375,-0.21240234375,-0.11676025390625,-0.26849365234375,0.95587158203125,0.0208740234375,0.1309814453125,-0.239501953125,0.960205078125,0.05859375,0.257080078125,-0.25189208984375,0.87469482421875,0.32452392578125,-0.169921875,-0.167724609375,0.95123291015625,0.19525146484375
12,0.6905517578125,-0.6566162109375,-0.284423828125,-0.1046142578125,0.9696365407478051,0.10952911887280518,-0.05120543412938963,-0.21236723322533446,-0.11655734773463629,-0.26849977627247074,0.9559295552231396,0.020841974877194816,0.13118435148411373,-0.2394790904577759,0.96014404296875,0.058622736595944816,0.25701904296875,-0.251953125,0.8746337890625,0.32452392578125,-0.169921875,-0.16778564453125,0.951171875,0.1951904296875
13,0.6905517578125,-0.6566162109375,-0.284423828125,-0.1046142578125,0.9696044921875,0.1094970703125,-0.05126953125,-0.21246337890625,-0.1163330078125,-0.26837158203125,0.95599365234375,0.0208740234375,0.13140869140625,-0.23931884765625,0.96014404296875,0.05865478515625,0.2574462890625,-0.25189208984375,0.87451171875,0.32464599609375,-0.16961669921875,-0.1678466796875,0.95123291015625,0.1953125
14,0.6905517578125,-0.6566162109375,-0.2845458984375,-0.1046142578125,0.9696520547005644,0.10951054295568562,-0.051195023450564384,-0.21244276167955686,-0.11635362503919315,-0.2684326171875,0.9559460898306856,0.02088749608068562,0.13132703902330686,-0.23941397268237877,0.96014404296875,0.05865478515625,0.25732421875,-0.251953125,0.87451171875,0.32464599609375,-0.16973876953125,-0.16790771484375,0.951171875,0.1953125
15,0.6905517578125,-0.6566162109375,-0.2845458984375,-0.1046142578125,0.9696044921875,0.10955810546875,-0.0511474609375,-0.21258544921875,-0.1162109375,-0.2684326171875,0.95599365234375,0.02093505859375,0.1314697265625,-0.23931884765625,0.96014404296875,0.05865478515625,0.2574462890625,-0.251953125,0.87445068359375,0.32476806640625,-0.16961669921875,-0.16796875,0.951171875,0.1954345703125
16,0.6905517578125,-0.65655517578125,-0.28460693359375,-0.1046142578125,0.9696044921875,0.1094970703125,-0.05108642578125,-0.2125244140625,-0.11627197265625,-0.26849365234375,0.9559326171875,0.0208740234375,0.13152872040917643,-0.2393798828125,0.96014404296875,0.058595791309573576,0.25738525390625,-0.25201416015625,0.87445068359375,0.32470703125,-0.16961669921875,-0.16802978515625,0.951171875,0.19537353515625
17,0.6905517578125,-0.65655517578125,-0.28460693359375,-0.1046142578125,0.9696044921875,0.10943603515625,-0.0511474609375,-0.212646484375,-0.1162109375,-0.2684326171875,0.95599365234375,0.020751953125,0.13153076171875,-0.2393798828125,0.96014404296875,0.05859375,0.25738525390625,-0.2518310546875,0.87451171875,0.32464599609375,-0.169677734375,-0.16796875,0.951171875,0.1953125
18,0.6905517578125,-0.6566162109375,-0.28448486328125,-0.10479736328125,0.9696044921875,0.10955810546875,-0.05133056640625,-0.21258544921875,-0.115966796875,-0.2684326171875,0.95599365234375,0.02081298828125,0.1317138671875,-0.2393798828125,0.96014404296875,0.05856782536841555,0.257568359375,-0.25189208984375,0.87445068359375,0.32470703125,-0.16949462890625,-0.1680908203125,0.951171875,0.19537353515625
19,0.6905517578125,-0.6566162109375,-0.28448486328125,-0.10479736328125,0.9696044921875,0.10943603515625,-0.05126953125,-0.21270751953125,-0.115966796875,-0.268310546875,0.9560546875,0.0206298828125,0.1317138671875,-0.2393798828125,0.96014404296875,0.05853271484375,0.25762939453125,-0.2518310546875,0.87451171875,0.32464599609375,-0.16949462890625,-0.16815185546875,0.951171875,0.1953125
20,0.69049072265625,-0.65667724609375,-0.284423828125,-0.10491943359375,0.96954345703125,0.10955810546875,-0.051302600465091976,-0.21267445031615803,-0.11581676062134197,-0.26831565014893394,0.9560826534411581,0.02066805530152592,0.1318359375,-0.23931884765625,0.96014404296875,0.05859375,0.2576904296875,-0.2518310546875,0.8743896484375,0.32476806640625,-0.16937255859375,-0.168212890625,0.951171875,0.19537353515625
21,0.69049072265625,-0.65667724609375,-0.284423828125,-0.10491943359375,0.96954345703125,0.10955810546875,-0.05126953125,-0.21270751953125,-0.11578369140625,-0.26824951171875,0.95611572265625,0.02056884765625,0.1318359375,-0.23931884765625,0.96014404296875,0.05859375,0.25775146484375,-0.25177001953125,0.87445068359375,0.32470703125,-0.16937255859375,-0.168212890625,0.951171875,0.1954345703125
22,0.6905517578125,-0.6566162109375,-0.28436279296875,-0.10491943359375,0.9695310050428512,0.1094970703125,-0.05133056640625,-0.21275732748484533,-0.11574633544105352,-0.26821338053929766,0.95611572265625,0.020459229332148828,0.13201904296875,-0.2392578125,0.9600830078125,0.05859375,0.2578125,-0.25177001953125,0.87445068359375,0.3245849609375,-0.1693115234375,-0.168212890625,0.95123291015625,0.19537353515625
23,0.6905517578125,-0.6566162109375,-0.28436279296875,-0.10491943359375,0.969482421875,0.1094970703125,-0.05133056640625,-0.21295166015625,-0.1156005859375,-0.268310546875,0.95611572265625,0.0205078125,0.13201904296875,-0.2392578125,0.9600830078125,0.05859375,0.2579345703125,-0.25201416015625,0.87432861328125,0.32470703125,-0.16925048828125,-0.16845703125,0.95111083984375,0.19561767578125
24,0.69073486328125,-0.65643310546875,-0.28436279296875,-0.10491943359375,0.9694275106474707,0.10931396484375,-0.05151060991063963,-0.2132384641513378,-0.11548463955372074,-0.26842649325877926,0.9560577494643604,0.020437591450668896,0.1322021484375,-0.239501953125,0.96002197265625,0.05853271484375,0.2579345703125,-0.25213623046875,0.8743896484375,0.324462890625,-0.169189453125,-0.16845703125,0.951171875,0.19537353515625
25,0.69073486328125,-0.65643310546875,-0.28436279296875,-0.10491943359375,0.96942138671875,0.10931396484375,-0.051513671875,-0.2132568359375,-0.115478515625,-0.2684326171875,0.9560546875,0.02044677734375,0.1322021484375,-0.239501953125,0.96002197265625,0.05853271484375,0.25799560546875,-0.25250244140625,0.8741455078125,0.32464599609375,-0.169189453125,-0.16880854475857024,0.9510714425689799,0.1956748324493102
26,0.69085693359375,-0.6563720703125,-0.2841796875,-0.10491943359375,0.9693789274796195,0.10929538892663043,-0.05161185886548913,-0.2135062839673913,-0.11531398607336957,-0.2684379245923913,0.95611572265625,0.020391049592391304,0.13250732421875,-0.23956298828125,0.9599609375,0.05865478515625,0.2581787109375,-0.25250244140625,0.87420654296875,0.324462890625,-0.16900634765625,-0.16876220703125,0.95111083984375,0.19561767578125
27,0.69085693359375,-0.6563720703125,-0.2841796875,-0.10491943359375,0.9693603515625,0.10931396484375,-0.05157470703125,-0.21356201171875,-0.11529541015625,-0.26849365234375,0.95611572265625,0.02044677734375,0.13250732421875,-0.23956298828125,0.9599609375,0.05865478515625,0.25823974609375,-0.25286865234375,0.87408447265625,0.324462890625,-0.16900634765625,-0.16912841796875,0.95098876953125,0.19586181640625
28,0.69097900390625,-0.65631103515625,-0.283935546875,-0.10504150390625,0.9693334062761287,0.10923312898463629,-0.05182599223975753,-0.21373082802048496,-0.11505126953125,-0.26837872661475753,0.9561767578125,0.020270816458507524,0.13287353515625,-0.2396240234375,0.95989990234375,0.05859375,0.25848388671875,-0.2529296875,0.8740234375,0.32427978515625,-0.16876220703125,-0.16912841796875,0.9510498046875,0.19573974609375
29,0.69097900390625,-0.65631103515625,-0.283935546875,-0.10504150390625,0.96929931640625,0.109130859375,-0.0517578125,-0.2138671875,-0.11505126953125,-0.268310546875,0.9561767578125,0.02020263671875,0.13287353515625,-0.2396240234375,0.95989990234375,0.05859375,0.2584228515625,-0.25323486328125,0.87396240234375,0.3243408203125,-0.1689453125,-0.16937255859375,0.950927734375,0.1959228515625
30,0.69110107421875,-0.6563720703125,-0.28363037109375,-0.10516357421875,0.969287885072638,0.10914616919680184,-0.05210116077027592,-0.2140692771477843,-0.11470792126097408,-0.26819990789611203,0.95623779296875,0.0201416015625,0.13311767578125,-0.23968505859375,0.9598388671875,0.05865478515625,0.2587890625,-0.253173828125,0.8739013671875,0.32421875,-0.1685791015625,-0.1693115234375,0.9510498046875,0.1959228515625
31,0.69110107421875,-0.6563720703125,-0.28363037109375,-0.10516357421875,0.96923828125,0.10894775390625,-0.052001953125,-0.21441650390625,-0.11480712890625,-0.26824951171875,0.95623779296875,0.0201416015625,0.13311767578125,-0.23968505859375,0.9598388671875,0.05865478515625,0.25860595703125,-0.25341796875,0.8739013671875,0.32427978515625,-0.1688232421875,-0.1695556640625,0.950927734375,0.196044921875
32,0.691162109375,-0.6563720703125,-0.2833251953125,-0.10528564453125,0.96917724609375,0.10906982421875,-0.05230712890625,-0.2144775390625,-0.114501953125,-0.26812744140625,0.956298828125,0.02008056640625,0.13336181640625,-0.23974609375,0.95977783203125,0.0587158203125,0.2589111328125,-0.25341796875,0.87384033203125,0.32415771484375,-0.16851806640625,-0.16949462890625,0.95098876953125,0.196044921875
33,0.691162109375,-0.6563720703125,-0.2833251953125,-0.10528564453125,0.96905517578125,0.10882568359375,-0.05224609375,-0.21502685546875,-0.11456298828125,-0.2684326171875,0.95623779296875,0.02001953125,0.13336181640625,-0.23974609375,0.95977783203125,0.0587158203125,0.25876354613033026,-0.25366394655361624,0.8737911364705268,0.32420691040447325,-0.16866565308841974,-0.169691411149143,0.9508903784098035,0.196241704117893
34,0.6912841796875,-0.65631103515625,-0.28314208984375,-0.1053466796875,0.96905517578125,0.1087646484375,-0.052490234375,-0.21502685546875,-0.11442132139684365,-0.2685177397967182,0.9561963543844063,0.019980338106187292,0.13348388671875,-0.239990234375,0.959716796875,0.0587158203125,0.2589111328125,-0.25372314453125,0.873779296875,0.3240966796875,-0.16851806640625,-0.16973876953125,0.950927734375,0.1961669921875
35,0.6912841796875,-0.65631103515625,-0.28314208984375,-0.1053466796875,0.96893310546875,0.10882568359375,-0.052490234375,-0.215576171875,-0.11444091796875,-0.26861572265625,0.9561767578125,0.02001953125,0.13348388671875,-0.239990234375,0.959716796875,0.0587158203125,0.25872802734375,-0.25396728515625,0.87371826171875,0.32415771484375,-0.1686527928381062,-0.16977245113921405,0.950860371159072,0.19626803701139214
36,0.69140625,-0.65618896484375,-0.28302001953125,-0.10540771484375,0.9689071808371655,0.10867768864966555,-0.05269926447533445,-0.21578356892767558,-0.11439662155100334,-0.2686583860263378,0.9561508331809155,0.01983642578125,0.1334228515625,-0.240234375,0.95965576171875,0.05865478515625,0.25885009765625,-0.25408935546875,0.87371826171875,0.323974609375,-0.16864013671875,-0.1697998046875,0.95086669921875,0.1961669921875
37,0.69140625,-0.65618896484375,-0.28302001953125,-0.10540771484375,0.9688720703125,0.108642578125,-0.052734375,-0.216064453125,-0.114501953125,-0.268798828125,0.95611572265625,0.01983642578125,0.1334228515625,-0.240234375,0.95965576171875,0.05865478515625,0.25860595703125,-0.254150390625,0.873779296875,0.32391357421875,-0.16888427734375,-0.16986083984375,0.9508056640625,0.1961669921875
38,0.69146728515625,-0.65618896484375,-0.2828369140625,-0.10552978515625,0.9687902137985995,0.10866197056594899,-0.052979944541701504,-0.21614773855560201,-0.1143396690139005,-0.26880923880382523,0.9561663471336748,0.019775390625,0.1334228515625,-0.2403564453125,0.95965576171875,0.05853271484375,0.2587890625,-0.254150390625,0.87371826171875,0.32391357421875,-0.168701171875,-0.16986083984375,0.95086669921875,0.1961669921875
39,0.69146728515625,-0.65618896484375,-0.2828369140625,-0.10552978515625,0.96868896484375,0.10845947265625,-0.05328369140625,-0.216552734375,-0.11444091796875,-0.26885986328125,0.95611572265625,0.019775390625,0.1334228515625,-0.2403564453125,0.95965576171875,0.05853271484375,0.25860595703125,-0.25421142578125,0.873779296875,0.3238525390625,-0.1689453125,-0.169921875,0.9508056640625,0.1961669921875
40,0.6915283203125,-0.65618896484375,-0.28265380859375,-0.10565185546875,0.96868896484375,0.1085205078125,-0.053466796875,-0.216552734375,-0.1142578125,-0.26885986328125,0.95611572265625,0.01971435546875,0.1334228515625,-0.2403564453125,0.95965576171875,0.0584716796875,0.2587890625,-0.2542724609375,0.87371826171875,0.32379150390625,-0.168701171875,-0.169921875,0.9508056640625,0.1961669921875
41,0.6915283203125,-0.65618896484375,-0.28265380859375,-0.10565185546875,0.96856689453125,0.108154296875,-0.0540771484375,-0.2171630859375,-0.11456298828125,-0.26904296875,0.9560546875,0.01971435546875,0.1334228515625,-0.2403564453125,0.95965576171875,0.0584716796875,0.2585481879703177,-0.2543688107493729,0.8737664366246864,0.32383967881218645,-0.16899022131061872,-0.16987370009406355,0.9507574891565636,0.19621516709343645
42,0.69158935546875,-0.65625,-0.28240966796875,-0.10577392578125,0.968505859375,0.1082763671875,-0.0543212890625,-0.21722412109375,-0.11441948421822742,-0.2691229880852843,0.9560348867971363,0.019754773398306856,0.1334228515625,-0.24041748046875,0.95965576171875,0.0584716796875,0.25872802734375,-0.25433349609375,0.87371826171875,0.32379150390625,-0.1688232421875,-0.16986083984375,0.9508056640625,0.19622802734375
43,0.69158935546875,-0.65625,-0.28240966796875,-0.10577392578125,0.96844482421875,0.10797119140625,-0.054443359375,-0.2176513671875,-0.114501953125,-0.26922607421875,0.95599365234375,0.019775390625,0.1334228515625,-0.24041748046875,0.95965576171875,0.0584716796875,0.2586300444842182,-0.2543988180001045,0.87371826171875,0.3238568258126045,-0.16892122504703178,-0.16992616175010453,0.9507730031093228,0.19632601020328178
44,0.69171142578125,-0.65618896484375,-0.2822265625,-0.10589599609375,0.96844482421875,0.10797119140625,-0.0546875,-0.2176513671875,-0.11434375163304766,-0.26926465496969065,0.9560297835232023,0.01967822428929766,0.13348388671875,-0.24053955078125,0.9595947265625,0.0584716796875,0.25872802734375,-0.2545166015625,0.87371826171875,0.32373046875,-0.1688232421875,-0.16998291015625,0.9508056640625,0.19635009765625
45,0.69171142578125,-0.65618896484375,-0.2822265625,-0.10589599609375,0.9683837890625,0.1080322265625,-0.0546875,-0.21807861328125,-0.1143798828125,-0.2694091796875,0.95599365234375,0.01971435546875,0.13348388671875,-0.24053955078125,0.9595947265625,0.0584716796875,0.25872802734375,-0.2545508955633361,0.8737011147183319,0.32374761575041805,-0.16884038918791805,-0.17001720415708613,0.9507885170620819,0.19638439165708613
46,0.69183349609375,-0.6561279296875,-0.2821044921875,-0.1058349609375,0.96832275390625,0.10791015625,-0.0548095703125,-0.2181396484375,-0.11430006760817307,-0.2692448542668269,0.95599365234375,0.019540640024038464,0.13360595703125,-0.2406005859375,0.9595947265625,0.058349609375,0.2587890625,-0.25457763671875,0.87371826171875,0.3236083984375,-0.1688232421875,-0.16998291015625,0.9508056640625,0.19635009765625
47,0.69183349609375,-0.6561279296875,-0.2821044921875,-0.1058349609375,0.96826171875,0.10809326171875,-0.05474853515625,-0.218505859375,-0.11419677734375,-0.26934814453125,0.95599365234375,0.01959228515625,0.13360759007890885,-0.24059895288984115,0.9595947265625,0.058347976327341136,0.2589111328125,-0.254638671875,0.8736572265625,0.3236083984375,-0.168701171875,-0.1700439453125,0.95074462890625,0.19635009765625
48,0.69183349609375,-0.6561279296875,-0.2821044921875,-0.1058349609375,0.96826171875,0.10809326171875,-0.05474853515625,-0.218505859375,-0.11414186611622074,-0.26934814453125,0.95599365234375,0.019427551473662208,0.1336669921875,-0.24053955078125,0.9595947265625,0.05828857421875,0.2589111328125,-0.254638671875,0.8736572265625,0.3236083984375,-0.168701171875,-0.1700439453125,0.95074462890625,0.19635009765625
49,0.69183349609375,-0.6561279296875,-0.2821044921875,-0.1058349609375,0.96820068359375,0.10821533203125,-0.05474853515625,-0.21875,-0.1141357421875,-0.26934814453125,0.95599365234375,0.0194091796875,0.1336669921875,-0.24053955078125,0.9595947265625,0.05828857421875,0.25895828706364965,-0.25459151762385035,0.8737043808136497,0.32351408993520064,-0.16865401762385032,-0.17009109956364968,0.9507917831573997,0.19630294340510032
50,0.69171142578125,-0.65625,-0.28204345703125,-0.10589599609375,0.9681396484375,0.1083984375,-0.05474853515625,-0.21875,-0.11407470703125,-0.26926934998170987,0.9560546875,0.019513490606709868,0.1337890625,-0.240478515625,0.9595947265625,0.05828857421875,0.259033203125,-0.2545166015625,0.8736572265625,0.32366943359375,-0.1685791015625,-0.170166015625,0.95074462890625,0.19647216796875
51,0.69171142578125,-0.65625,-0.28204345703125,-0.10589599609375,0.96807861328125,0.1083984375,-0.05487060546875,-0.21893310546875,-0.11407470703125,-0.26922607421875,0.9560546875,0.01947021484375,0.1337890625,-0.240478515625,0.9595947265625,0.05828857421875,0.2590648434233905,-0.25445332096571904,0.8736888668608904,0.3235745126985786,-0.1685791015625,-0.17013437532660952,0.9507762692046404,0.1963772470735786
52,0.691650390625,-0.6563720703125,-0.281982421875,-0.10595703125,0.96807861328125,0.1085205078125,-0.05487060546875,-0.21893310546875,-0.11395263671875,-0.2691544242527174,0.9560785708220109,0.01954451851222826,0.13397216796875,-0.2403564453125,0.9595947265625,0.0582275390625,0.2591552734375,-0.25433349609375,0.8736572265625,0.3236083984375,-0.16851806640625,-0.17010498046875,0.9508056640625,0.1964111328125
53,0.691650390625,-0.6563720703125,-0.281982421875,-0.10595703125,0.96807861328125,0.10845947265625,-0.0550537109375,-0.2191162109375,-0.11395263671875,-0.26904296875,0.95611572265625,0.01947021484375,0.13397216796875,-0.2403564453125,0.9595947265625,0.0582275390625,0.2591552734375,-0.25431736974811875,0.8736733529081313,0.32359227209186875,-0.16853419275188128,-0.1701533595056438,0.9507895377168687,0.19642725915813128
54,0.69158935546875,-0.65643310546875,-0.28192138671875,-0.10589599609375,0.968017578125,0.1085205078125,-0.05499267578125,-0.21917724609375,-0.11394426734949832,-0.26899867233225333,0.95611572265625,0.01953125,0.1339111328125,-0.24017333984375,0.95965576171875,0.05828857421875,0.25921630859375,-0.254150390625,0.87371826171875,0.3236083984375,-0.16851806640625,-0.170166015625,0.95074462890625,0.196533203125
55,0.69158935546875,-0.65643310546875,-0.28192138671875,-0.10589599609375,0.96795654296875,0.10870361328125,-0.05499267578125,-0.21929931640625,-0.1138916015625,-0.26910400390625,0.95611572265625,0.01953125,0.1339111328125,-0.24017333984375,0.95965576171875,0.05828857421875,0.25921753337949416,-0.254150390625,0.8737176493258779,0.3236090108303721,-0.1685162292276338,-0.17016662801787208,0.95074462890625,0.19653381551787208
56,0.691650390625,-0.6563720703125,-0.281982421875,-0.10589599609375,0.968017578125,0.108642578125,-0.05499267578125,-0.21923828125,-0.11379096500052258,-0.26911114848975753,0.95611572265625,0.019416324271007524,0.134033203125,-0.240234375,0.9595947265625,0.05828857421875,0.25927734375,-0.25421142578125,0.8736572265625,0.3236083984375,-0.16839599609375,-0.17022705078125,0.95074462890625,0.196533203125
57,0.691650390625,-0.6563720703125,-0.281982421875,-0.10589599609375,0.96795654296875,0.1083984375,-0.05548095703125,-0.219482421875,-0.11376953125,-0.26910400390625,0.95611572265625,0.0194091796875,0.134033203125,-0.240234375,0.9595947265625,0.05828857421875,0.25927734375,-0.25421142578125,0.8736572265625,0.3236083984375,-0.16839599609375,-0.17022705078125,0.95074462890625,0.196533203125
58,0.69158935546875,-0.65643310546875,-0.281982421875,-0.1058349609375,0.96795654296875,0.1083984375,-0.055419921875,-0.21954345703125,-0.11390731964621656,-0.26910400390625,0.95611572265625,0.01953125,0.13397216796875,-0.24017333984375,0.95965576171875,0.0582275390625,0.25927734375,-0.25408935546875,0.873779296875,0.32354736328125,-0.16839599609375,-0.17022705078125,0.95074462890625,0.196533203125
59,0.69158935546875,-0.65643310546875,-0.281982421875,-0.1058349609375,0.96783447265625,0.1083984375,-0.0556640625,-0.21978759765625,-0.11395263671875,-0.26910400390625,0.95611572265625,0.01953125,0.13397216796875,-0.24017333984375,0.95965576171875,0.0582275390625,0.25921610446279264,-0.2541199751123537,0.8737486772313964,0.3235779829248537,-0.16845723538095736,-0.17028829006845736,0.9507140092626464,0.19659444241220736
60,0.691650390625,-0.6563720703125,-0.28192138671875,-0.105712890625,0.96783447265625,0.1082763671875,-0.05572509765625,-0.21990966796875,-0.11399080920777592,-0.2690733842626463,0.9560928599890259,0.01949307751097408,0.1339111328125,-0.240234375,0.9595947265625,0.0582275390625,0.2591552734375,-0.25408935546875,0.873779296875,0.323486328125,-0.16851806640625,-0.17022705078125,0.95074462890625,0.19659423828125
61,0.691650390625,-0.6563720703125,-0.28192138671875,-0.105712890625,0.96783447265625,0.10858154296875,-0.05572509765625,-0.219970703125,-0.11395263671875,-0.26922607421875,0.9560546875,0.01953125,0.1339111328125,-0.240234375,0.9595947265625,0.0582275390625,0.25918548481918896,-0.25413467254128347,0.8737641911841555,0.323486328125,-0.16851806640625,-0.17025726216293896,0.9507295232154055,0.19660934397209448
62,0.6917724609375,-0.65625,-0.28204345703125,-0.1055908203125,0.9678197752273202,0.10832270491482024,-0.055700806072324416,-0.21997580639893394,-0.114013671875,-0.269287109375,0.9560546875,0.0194091796875,0.1337890625,-0.240478515625,0.9595947265625,0.05810546875,0.25909423828125,-0.2542724609375,0.87384033203125,0.32330322265625,-0.16864013671875,-0.1702880859375,0.95074462890625,0.19647216796875
63,0.6917724609375,-0.65625,-0.28204345703125,-0.1055908203125,0.96771240234375,0.10821533203125,-0.05596923828125,-0.220458984375,-0.114013671875,-0.269287109375,0.9560546875,0.0194091796875,0.1337890625,-0.240478515625,0.9595947265625,0.05810546875,0.25909423828125,-0.2542724609375,0.87384033203125,0.32330322265625,-0.16864013671875,-0.1702880859375,0.95074462890625,0.19647216796875
64,0.69171142578125,-0.6563720703125,-0.28204345703125,-0.10552978515625,0.96771240234375,0.10833740234375,-0.05584716796875,-0.22052001953125,-0.11402183711329432,-0.26917320430079433,0.9560546875,0.019372640246132944,0.1337890625,-0.24029541015625,0.95965576171875,0.05810546875,0.2591552734375,-0.25408935546875,0.8739013671875,0.32330322265625,-0.168701171875,-0.1702880859375,0.95068359375,0.19647216796875
65,0.69171142578125,-0.6563720703125,-0.28204345703125,-0.10552978515625,0.9676513671875,0.10784912109375,-0.05657958984375,-0.2208251953125,-0.114013671875,-0.2691650390625,0.9560546875,0.01934814453125,0.1337890625,-0.24029541015625,0.95965576171875,0.05810546875,0.2591552734375,-0.25408935546875,0.8739013671875,0.32330322265625,-0.168701171875,-0.1702880859375,0.95068359375,0.19647216796875
66,0.69158935546875,-0.65643310546875,-0.2821044921875,-0.10552978515625,0.9676513671875,0.10791015625,-0.05645751953125,-0.2208251953125,-0.11407470703125,-0.269151362288357,0.9560920434651965,0.019395502913357024,0.1337890625,-0.240234375,0.95965576171875,0.05804443359375,0.2591552734375,-0.25396728515625,0.8739013671875,0.32330322265625,-0.16864013671875,-0.17034912109375,0.95068359375,0.1964111328125
67,0.69158935546875,-0.65643310546875,-0.2821044921875,-0.10552978515625,0.967529296875,0.1077880859375,-0.056884765625,-0.22119140625,-0.11407470703125,-0.26910400390625,0.95611572265625,0.01934814453125,0.1337890625,-0.240234375,0.95965576171875,0.05804443359375,0.2591256744486831,-0.25390808717861624,0.8739309661763169,0.32330322265625,-0.16864013671875,-0.17034912109375,0.95068359375,0.1964111328125
68,0.6915283203125,-0.656494140625,-0.28204345703125,-0.1055908203125,0.967529296875,0.10791015625,-0.05694580078125,-0.22125244140625,-0.1140355138874373,-0.2691476879311246,0.9560938806438127,0.019448372831312708,0.13372802734375,-0.240234375,0.95965576171875,0.05804443359375,0.2591552734375,-0.25384521484375,0.8739013671875,0.3233642578125,-0.168701171875,-0.17034912109375,0.95068359375,0.19647216796875
69,0.6915283203125,-0.656494140625,-0.28204345703125,-0.1055908203125,0.9674072265625,0.10772705078125,-0.057373046875,-0.2216796875,-0.11407470703125,-0.26922607421875,0.9560546875,0.0194091796875,0.1337561974158654,-0.240234375,0.95965576171875,0.05803034855769231,0.2591693584735577,-0.25384521484375,0.8739013671875,0.3233501727764423,-0.168701171875,-0.17036320612980768,0.95068359375,0.19647216796875
70,0.6915283203125,-0.65655517578125,-0.281982421875,-0.10546875,0.9674072265625,0.10772705078125,-0.057373046875,-0.2218017578125,-0.11395263671875,-0.26904296875,0.95611572265625,0.0194091796875,0.1337890625,-0.2401123046875,0.95965576171875,0.0579833984375,0.25921630859375,-0.25372314453125,0.87396240234375,0.3232421875,-0.168701171875,-0.1702880859375,0.95068359375,0.196533203125
71,0.6915283203125,-0.65655517578125,-0.281982421875,-0.10546875,0.96728515625,0.10772705078125,-0.0576171875,-0.2220458984375,-0.11395263671875,-0.26904296875,0.95611572265625,0.0194091796875,0.1337890625,-0.2401123046875,0.95965576171875,0.0579833984375,0.25921630859375,-0.25372314453125,0.87396240234375,0.3232421875,-0.168701171875,-0.1702880859375,0.95068359375,0.196533203125
72,0.69146728515625,-0.6566162109375,-0.281982421875,-0.10528564453125,0.96728515625,0.10772705078125,-0.0574951171875,-0.22216796875,-0.11386730997857442,-0.2690245969638378,0.95611572265625,0.019418365580581104,0.1339111328125,-0.23992919921875,0.959716796875,0.05804443359375,0.25933837890625,-0.25360107421875,0.87396240234375,0.32330322265625,-0.1685791015625,-0.1702880859375,0.95068359375,0.1966552734375
73,0.69146728515625,-0.6566162109375,-0.281982421875,-0.10528564453125,0.96722412109375,0.10809326171875,-0.05755615234375,-0.22222900390625,-0.11383056640625,-0.26904296875,0.95611572265625,0.0194091796875,0.1341315942464465,-0.2400173837923286,0.9596727045882107,0.05804443359375,0.2595588403401965,-0.2536892587923286,0.8738742177701714,0.32330322265625,-0.16840273241534282,-0.17046445508465718,0.95068359375,0.1967434580110786
74,0.6915283203125,-0.65655517578125,-0.2821044921875,-0.1051025390625,0.96728515625,0.10791015625,-0.05743408203125,-0.22222900390625,-0.1138683306333612,-0.2690909395249791,0.95611572265625,0.01934814453125,0.134033203125,-0.24005126953125,0.95965576171875,0.05792236328125,0.25946044921875,-0.253662109375,0.8739013671875,0.3232421875,-0.1685791015625,-0.17047119140625,0.95068359375,0.1966552734375
75,0.6915283203125,-0.65655517578125,-0.2821044921875,-0.1051025390625,0.9671630859375,0.10797119140625,-0.057861328125,-0.2225341796875,-0.11376953125,-0.2691650390625,0.95611572265625,0.01934814453125,0.1340903597930602,-0.24005126953125,0.95965576171875,0.057893784947219896,0.2594890275527801,-0.2536906877090301,0.8739013671875,0.3232136091659699,-0.1685791015625,-0.1704997697402801,0.95068359375,0.1966552734375
76,0.6915283203125,-0.65655517578125,-0.2821044921875,-0.10498046875,0.9671630859375,0.10791015625,-0.05780029296875,-0.22259521484375,-0.1138930304792015,-0.269084611465301,0.9560949012985995,0.0193273231735995,0.134033203125,-0.23992919921875,0.959716796875,0.05780029296875,0.25946044921875,-0.253662109375,0.87396240234375,0.3231201171875,-0.16864013671875,-0.17041015625,0.95068359375,0.1966552734375
77,0.6915283203125,-0.6565682401625209,-0.2820783634249582,-0.10498046875,0.9670279512437291,0.10780115031877091,-0.05813159751254181,-0.2230965604750209,-0.11400060749372909,-0.2691519746812291,0.9560677518812709,0.019300173756270904,0.1339241971937709,-0.24002514076870818,0.959716796875,0.0577392578125,0.25946044921875,-0.2536490449937291,0.8739754667250209,0.3231070528062291,-0.1686532011000209,-0.17041015625,0.9506705293687291,0.1966552734375
78,0.6915283203125,-0.6566162109375,-0.281982421875,-0.10498046875,0.96697998046875,0.10784912109375,-0.0582275390625,-0.22314453125,-0.11395263671875,-0.26904296875,0.95611572265625,0.01922607421875,0.13397216796875,-0.23992919921875,0.959716796875,0.0577392578125,0.25946044921875,-0.25360107421875,0.8740234375,0.32305908203125,-0.168701171875,-0.17041015625,0.95062255859375,0.1966552734375
79,0.6915283203125,-0.6566162109375,-0.281982421875,-0.10498046875,0.96685791015625,0.10760498046875,-0.05877685546875,-0.22369384765625,-0.11395263671875,-0.26904296875,0.95611572265625,0.01922607421875,0.1340307535535117,-0.23992919921875,0.959716796875,0.05762208664297659,0.25946044921875,-0.25360107421875,0.8740234375,0.32305908203125,-0.168701171875,-0.17041015625,0.95062255859375,0.1966552734375
80,0.69146728515625,-0.65667724609375,-0.28192138671875,-0.10498046875,0.96685791015625,0.10772705078125,-0.05877685546875,-0.2237548828125,-0.11385097950198579,-0.2689413115332358,0.9561665512646321,0.01919565870610368,0.13409423828125,-0.2398681640625,0.959716796875,0.0577392578125,0.25958251953125,-0.25347900390625,0.8740234375,0.322998046875,-0.16864013671875,-0.17041015625,0.95068359375,0.19671630859375
81,0.69146728515625,-0.65667724609375,-0.28192138671875,-0.10498046875,0.9666748046875,0.10772705078125,-0.05926513671875,-0.22430419921875,-0.11383056640625,-0.2689208984375,0.9561767578125,0.0191650390625,0.1341373099132525,-0.2398250924304975,0.959716796875,0.057696186180497495,0.25958251953125,-0.25347900390625,0.8740234375,0.322998046875,-0.16864013671875,-0.17041015625,0.95068359375,0.19671630859375
82,0.69146728515625,-0.65673828125,-0.28192138671875,-0.10491943359375,0.9666748046875,0.1077880859375,-0.05926513671875,-0.224365234375,-0.11378565759563126,-0.2688951779368729,0.9561767578125,0.01922607421875,0.13409423828125,-0.23974609375,0.959716796875,0.0577392578125,0.2596435546875,-0.25341796875,0.8740234375,0.322998046875,-0.1685791015625,-0.17047119140625,0.95062255859375,0.19677734375
83,0.69146728515625,-0.65673828125,-0.2819489443979933,-0.10483676055602006,0.96649169921875,0.10794363372700669,-0.059637267454013376,-0.22503070129598662,-0.11379116913147994,-0.2688933407582567,0.9561767578125,0.01922607421875,0.13425570586852006,-0.23981304870401338,0.959716796875,0.05765066497700669,0.2596435546875,-0.2533904110707567,0.8740509951792433,0.3229704891957567,-0.1685515438832567,-0.1704436337270067,0.9506501162729933,0.19677734375
84,0.69146728515625,-0.65673828125,-0.281982421875,-0.104736328125,0.96649169921875,0.10791015625,-0.0595703125,-0.22509765625,-0.11385200015677258,-0.26885986328125,0.9561767578125,0.01922607421875,0.1341552734375,-0.23974609375,0.959716796875,0.0576171875,0.2596435546875,-0.25335693359375,0.87408447265625,0.32293701171875,-0.16851806640625,-0.17041015625,0.95068359375,0.19677734375
85,0.6914793288827341,-0.6567262375235159,-0.2819944656014841,-0.10472428439851589,0.96630859375,0.10800813910953178,-0.06005859375,-0.22564697265625,-0.11378157497648411,-0.26885986328125,0.9561767578125,0.019201986765781776,0.1342653000235159,-0.23980712890625,0.959716796875,0.05760514377351589,0.2596555984139841,-0.2533810210467182,0.87408447265625,0.3229129242657818,-0.16851806640625,-0.17044628742945234,0.9506715500235159,0.19675325629703178
86,0.6915283203125,-0.65667724609375,-0.28204345703125,-0.10467529296875,0.96630859375,0.10791015625,-0.06005859375,-0.22564697265625,-0.11370849609375,-0.2689208984375,0.9561767578125,0.01898193359375,0.13421630859375,-0.23980712890625,0.959716796875,0.05755615234375,0.25970458984375,-0.25347900390625,0.87408447265625,0.32281494140625,-0.16851806640625,-0.17059326171875,0.95062255859375,0.1966552734375
87,0.6915283203125,-0.65667724609375,-0.28204345703125,-0.10467529296875,0.96612548828125,0.10809326171875,-0.06036376953125,-0.22613525390625,-0.11370849609375,-0.2689208984375,0.9561767578125,0.01898193359375,0.13433143845369983,-0.23992225876619983,0.959716796875,0.05749858741377508,0.25970458984375,-0.25347900390625,0.87408447265625,0.32281494140625,-0.16851806640625,-0.17059326171875,0.95062255859375,0.1966552734375
88,0.6915283203125,-0.65673828125,-0.28192138671875,-0.10455322265625,0.96612548828125,0.10809326171875,-0.06036376953125,-0.226318359375,-0.11365868814015469,-0.26889844403219065,0.9561879850151547,0.018993160796404684,0.13433837890625,-0.23974609375,0.959716796875,0.0574951171875,0.25982666015625,-0.25341796875,0.87408447265625,0.32269287109375,-0.16845703125,-0.1705322265625,0.95062255859375,0.19677734375
89,0.6915703712897158,-0.65673828125,-0.2818372847643186,-0.10451117167903429,0.9659423828125,0.10841742167903429,-0.06052789082096572,-0.22682970742318143,-0.1136474609375,-0.2688367964830686,0.9562188087897158,0.01898193359375,0.13446044921875,-0.23984509726431857,0.9596978126959658,0.05739203105403428,0.2599107621106814,-0.2534600197272157,0.87408447265625,0.3226087691393186,-0.16837292929556857,-0.1705322265625,0.9506646095709658,0.19677734375
90,0.69158935546875,-0.65673828125,-0.28179931640625,-0.1044921875,0.9659423828125,0.1083984375,-0.060546875,-0.22686767578125,-0.11357887293582776,-0.2688331221258361,0.95623779296875,0.018913345592077756,0.13446044921875,-0.23980712890625,0.959716796875,0.057373046875,0.25994873046875,-0.25347900390625,0.87408447265625,0.32257080078125,-0.1683349609375,-0.1705322265625,0.95068359375,0.19677734375
91,0.69158935546875,-0.65673828125,-0.28177277938179346,-0.10443911345108696,0.9658203125,0.10855500594429347,-0.06072998046875,-0.22716489045516305,-0.113525390625,-0.268806789232337,0.9562643299932065,0.01885986328125,0.13458251953125,-0.23975405485733695,0.959716796875,0.05734650985054348,0.26002834154211957,-0.25347900390625,0.87408447265625,0.322517726732337,-0.1683084239130435,-0.17058530061141305,0.95068359375,0.1968038807744565
92,0.69158935546875,-0.65673828125,-0.28173828125,-0.1043701171875,0.9658203125,0.1085205078125,-0.06072998046875,-0.22723388671875,-0.11346905048076922,-0.26873779296875,0.956298828125,0.01885986328125,0.13458251953125,-0.23968505859375,0.959716796875,0.05731201171875,0.2601318359375,-0.25347900390625,0.87408447265625,0.32244873046875,-0.16827392578125,-0.170654296875,0.95068359375,0.19683837890625
93,0.69158935546875,-0.65673828125,-0.2817493043216973,-0.10434807104410534,0.9656982421875,0.10869259020955267,-0.06084102770955267,-0.2275500855716973,-0.11337535437134198,-0.2687267698970527,0.956298828125,0.01885986328125,0.13486564916910534,-0.2396740355220527,0.9596667847904473,0.05742305895955267,0.2601759282242893,-0.2534679808345527,0.8740734495845527,0.32244873046875,-0.1682298334944607,-0.1706653199466973,0.95068359375,0.1968494019779473
94,0.69158935546875,-0.65673828125,-0.28179931640625,-0.104248046875,0.9656982421875,0.108642578125,-0.060791015625,-0.22760009765625,-0.1131591796875,-0.26837158203125,0.9564208984375,0.01885986328125,0.134765625,-0.2396240234375,0.959716796875,0.057373046875,0.2603759765625,-0.25341796875,0.8740234375,0.32244873046875,-0.16802978515625,-0.17071533203125,0.95068359375,0.1968994140625
95,0.69158935546875,-0.65673828125,-0.28179931640625,-0.104248046875,0.9656416979123119,0.10869912240018813,-0.06113028127612877,-0.22788281903219063,-0.1131591796875,-0.26837158203125,0.9564208984375,0.01885986328125,0.13516143492631688,-0.2393978463367475,0.959716796875,0.05742959115018813,0.2603759765625,-0.25341796875,0.8740234375,0.32244873046875,-0.16802978515625,-0.17071533203125,0.95068359375,0.1968994140625
96,0.6915283203125,-0.65673828125,-0.2818603515625,-0.104248046875,0.96563720703125,0.1087646484375,-0.06109619140625,-0.2279052734375,-0.11302506564851589,-0.2682374679922659,0.9564574378788671,0.018823323839882944,0.1351318359375,-0.23944091796875,0.959716796875,0.0574951171875,0.2607421875,-0.25347900390625,0.8739013671875,0.32244873046875,-0.16766357421875,-0.1710205078125,0.95068359375,0.1968994140625
97,0.6915283203125,-0.65673828125,-0.2818603515625,-0.104248046875,0.9655551463863922,0.10880567875992893,-0.06117825205110786,-0.22811042504964466,-0.11297607421875,-0.2681884765625,0.95648193359375,0.018798828125,0.135498046875,-0.2393798828125,0.95965576171875,0.0574951171875,0.2607421875,-0.25347900390625,0.8739013671875,0.32244873046875,-0.16766357421875,-0.1710205078125,0.95068359375,0.1968994140625
98,0.69146728515625,-0.6568603515625,-0.28179931640625,-0.104248046875,0.96551513671875,0.10894775390625,-0.06121826171875,-0.228271484375,-0.1129150390625,-0.268027621368102,0.9565152069397993,0.018854351745401336,0.13555908203125,-0.2392578125,0.95965576171875,0.0576171875,0.260986328125,-0.25360107421875,0.873779296875,0.32244873046875,-0.16748046875,-0.171142578125,0.95062255859375,0.19708251953125
99,0.69146728515625,-0.6568603515625,-0.28179931640625,-0.104248046875,0.9654896203490803,0.10899878664558947,-0.0612948108277592,-0.2283480334840092,-0.1129150390625,-0.2679443359375,0.95654296875,0.018798828125,0.13555908203125,-0.2392578125,0.959716796875,0.05743408203125,0.260986328125,-0.25360107421875,0.873779296875,0.32244873046875,-0.16748046875,-0.171142578125,0.95062255859375,0.19708251953125
100,0.69140625,-0.656982421875,-0.28167724609375,-0.10430908203125,0.96539306640625,0.1092529296875,-0.06146240234375,-0.228515625,-0.11282848753658027,-0.26784778199466974,0.95660400390625,0.0188676202576296,0.13568115234375,-0.23919677734375,0.95965576171875,0.05755615234375,0.26116943359375,-0.25341796875,0.87384033203125,0.3223876953125,-0.16741943359375,-0.17120361328125,0.95062255859375,0.19708251953125
101,0.691386245166179,-0.657002426708821,-0.2816572412599289,-0.10432908686507107,0.96527099609375,0.10953707998014214,-0.061350334448160536,-0.22882080078125,-0.1128850318117684,-0.2677712328856605,0.95660400390625,0.018767800219481604,0.1356501244382316,-0.23907470703125,0.959716796875,0.0574640892819816,0.2611994408444816,-0.2534079663330895,0.8738303296143395,0.3223976977294105,-0.1673894263430184,-0.17119361086433946,0.9506325610106605,0.19709252194816054
102,0.6912841796875,-0.6571044921875,-0.28155517578125,-0.10443115234375,0.96527099609375,0.1097412109375,-0.0614013671875,-0.22882080078125,-0.11279296875,-0.26763916015625,0.9566650390625,0.018798828125,0.13580322265625,-0.23907470703125,0.959716796875,0.0576171875,0.2613525390625,-0.25335693359375,0.873779296875,0.32244873046875,-0.167236328125,-0.171142578125,0.95068359375,0.1971435546875
103,0.6912841796875,-0.6571044921875,-0.28155517578125,-0.10443115234375,0.9652154724733487,0.10968568731709866,-0.061567938048704016,-0.228987371642454,-0.11279296875,-0.26763916015625,0.9566650390625,0.018798828125,0.13580322265625,-0.2388916015625,0.95977783203125,0.0574951171875,0.2613525390625,-0.25335693359375,0.873779296875,0.32244873046875,-0.167236328125,-0.171142578125,0.95068359375,0.1971435546875
104,0.6912841796875,-0.65716552734375,-0.281494140625,-0.10455322265625,0.9652099609375,0.10980224609375,-0.0616455078125,-0.22894287109375,-0.11271866508152174,-0.26774796195652173,0.9566650390625,0.018798828125,0.13592529296875,-0.2388916015625,0.959716796875,0.05755615234375,0.2613525390625,-0.25323486328125,0.873779296875,0.32244873046875,-0.167236328125,-0.171142578125,0.95068359375,0.1971435546875
105,0.6912841796875,-0.65716552734375,-0.281494140625,-0.10455322265625,0.9652099609375,0.10984225576139214,-0.06172552714778428,-0.22894287109375,-0.11273193359375,-0.26776123046875,0.9566650390625,0.018798828125,0.1358642578125,-0.23895263671875,0.959716796875,0.05755615234375,0.2613525390625,-0.25323486328125,0.873779296875,0.32244873046875,-0.167236328125,-0.171142578125,0.95068359375,0.1971435546875
106,0.6912841796875,-0.6572265625,-0.2813720703125,-0.10443115234375,0.96514892578125,0.10986328125,-0.061767578125,-0.2291259765625,-0.11266742821122491,-0.26761037769126256,0.9566650390625,0.01882761058998746,0.1358642578125,-0.23876953125,0.95977783203125,0.05755615234375,0.26153564453125,-0.25311279296875,0.873779296875,0.3223876953125,-0.16705322265625,-0.171142578125,0.95068359375,0.197265625
107,0.6913331711172659,-0.6571775710702341,-0.28139656602738294,-0.10440665662886706,0.9651734214961329,0.11015600504285117,-0.06170654296875,-0.22891837537886706,-0.11263435899613294,-0.26763916015625,0.9566650390625,0.01872534098035117,0.1360594070077341,-0.23891609727738294,0.959716796875,0.05744612575773411,0.26151114881636706,-0.25313728868363294,0.8738037925898829,0.3223387038827341,-0.16707771837113294,-0.17111808241011706,0.9507080894648829,0.19719213785535117
108,0.69140625,-0.6571044921875,-0.28143310546875,-0.1043701171875,0.9652099609375,0.11004638671875,-0.06170654296875,-0.2288818359375,-0.1126708984375,-0.2676726376332567,0.9566650390625,0.018598983917746656,0.135986328125,-0.23895263671875,0.959716796875,0.057373046875,0.26153564453125,-0.2532958984375,0.873779296875,0.322265625,-0.1671142578125,-0.17120361328125,0.95068359375,0.19708251953125
109,0.6914152317621237,-0.6571044921875,-0.281397178420255,-0.1043701171875,0.9652009791753763,0.11023847394962374,-0.06136727731762123,-0.2288387643054975,-0.11264395315112877,-0.2677432669445025,0.9566740208246237,0.018545705737876256,0.13583914970474498,-0.2389957083507525,0.959716796875,0.05735508335075251,0.2615176810070025,-0.25330488019962377,0.8737882786371237,0.32225664323787623,-0.16714120309887123,-0.17119463151912626,0.9506746119878763,0.1971004830554975
110,0.69146728515625,-0.6571044921875,-0.28118896484375,-0.1043701171875,0.96514892578125,0.11029052734375,-0.0615234375,-0.22894287109375,-0.11279296875,-0.267822265625,0.95660400390625,0.01861572265625,0.13604246413827342,-0.2388940511339883,0.959716796875,0.057252201348244144,0.26141357421875,-0.25335693359375,0.87384033203125,0.32220458984375,-0.16729736328125,-0.171142578125,0.95062255859375,0.19720458984375
111,0.69146728515625,-0.6571044921875,-0.28118896484375,-0.1043701171875,0.9652034287468646,0.11061754513743728,-0.061032910809469085,-0.2288338651625209,-0.11279296875,-0.267822265625,0.95660400390625,0.01861572265625,0.13580322265625,-0.239013671875,0.959716796875,0.05731201171875,0.26141357421875,-0.25335693359375,0.87384033203125,0.32220458984375,-0.16729736328125,-0.171142578125,0.95062255859375,0.19720458984375
112,0.69158935546875,-0.65704345703125,-0.28106689453125,-0.10430908203125,0.9652099609375,0.11053466796875,-0.06109619140625,-0.2288818359375,-0.11268518760451506,-0.2677936872909699,0.9566650390625,0.01849365234375,0.1358642578125,-0.23895263671875,0.959716796875,0.05718994140625,0.261474609375,-0.2532958984375,0.87384033203125,0.32208251953125,-0.167236328125,-0.17108154296875,0.95068359375,0.197265625
113,0.69158935546875,-0.6570044680183946,-0.2811058835441054,-0.10430908203125,0.9651709719246446,0.1106126459944607,-0.06105720239339465,-0.2288818359375,-0.11270988745035534,-0.267822265625,0.9566260500496446,0.01849365234375,0.13588630395589466,-0.23899162573160534,0.959716796875,0.05721198754964465,0.2614356203621446,-0.2532958984375,0.8738793210441054,0.32208251953125,-0.16727531713785534,-0.17112053198160534,0.95068359375,0.19722663598714466
114,0.69158935546875,-0.656982421875,-0.2811279296875,-0.10430908203125,0.96514892578125,0.11065673828125,-0.06103515625,-0.2288818359375,-0.11276316563022575,-0.26779103358852424,0.9566352359427257,0.0184311882707985,0.1358642578125,-0.239013671875,0.959716796875,0.05718994140625,0.261474609375,-0.2532958984375,0.8739013671875,0.322021484375,-0.16729736328125,-0.17108154296875,0.95068359375,0.19720458984375
115,0.6915424053485577,-0.6570528470552884,-0.28115140474759615,-0.10433255709134615,0.9651864858774039,0.11036095252403845,-0.061232346754807696,-0.22894287109375,-0.11279296875,-0.26778470552884615,0.9566415640024039,0.01846548227163461,0.1358642578125,-0.23895263671875,0.9597543569711539,0.05710073617788461,0.26145113431490385,-0.25327242337740385,0.8738778921274039,0.32209190955528844,-0.16732083834134615,-0.17110501802884615,0.9506601186899039,0.19727501502403846
116,0.69146728515625,-0.65716552734375,-0.28118896484375,-0.1043701171875,0.96514892578125,0.1104736328125,-0.0611572265625,-0.22894287109375,-0.11273193359375,-0.26776123046875,0.9566650390625,0.018310546875,0.1358642578125,-0.23890548246760032,0.9597325149587166,0.057188104227633776,0.26141357421875,-0.2530517578125,0.87396240234375,0.32208251953125,-0.1673583984375,-0.17108154296875,0.95068359375,0.1971435546875
117,0.691451362941576,-0.657181449558424,-0.28118896484375,-0.10437807829483696,0.9652099609375,0.11025337550951088,-0.06139340608016304,-0.22882080078125,-0.11273193359375,-0.26776123046875,0.9566650390625,0.018334430197010875,0.1358642578125,-0.23876953125,0.95977783203125,0.05703071925951088,0.2614294964334239,-0.2530358355978261,0.8739544412364131,0.3220984417459239,-0.16735043733016305,-0.17108154296875,0.9506756326426631,0.19717539911684784
118,0.69134521484375,-0.65728759765625,-0.28118896484375,-0.10443115234375,0.9652099609375,0.11041259765625,-0.06134033203125,-0.22882080078125,-0.1126708984375,-0.26763916015625,0.9566650390625,0.01849365234375,0.13586446194345736,-0.23876932711904264,0.95977783203125,0.05718994140625,0.26153564453125,-0.2529296875,0.8739013671875,0.32220458984375,-0.16729736328125,-0.17108154296875,0.95062255859375,0.1973876953125
119,0.6913986971545778,-0.6571806330345945,-0.28124244715457775,-0.10448463465457776,0.9652099609375,0.11035911534542224,-0.06139381434207776,-0.22876731847042223,-0.1126708984375,-0.26774612477790555,0.9566650390625,0.01838668772209448,0.13592529296875,-0.23881546071540552,0.95977783203125,0.05713645909542224,0.26148216222042225,-0.25303665212165555,0.8739013671875,0.32215110753292225,-0.16735084559207777,-0.17118850759040552,0.95062255859375,0.19728073069084448
120,0.69140625,-0.65716552734375,-0.28125,-0.1044921875,0.9652099609375,0.1103515625,-0.0614013671875,-0.228759765625,-0.11262517310305184,-0.2676697797998537,0.9567107643969481,0.01832585669680184,0.13597101830319816,-0.23873911573735368,0.95977783203125,0.05703745558110368,0.2615966796875,-0.25299072265625,0.8739013671875,0.3221435546875,-0.167236328125,-0.17120361328125,0.95062255859375,0.19720458984375
121,0.6913682816419314,-0.65716552734375,-0.28125,-0.10453015585806856,0.9652479292955686,0.11038953085806856,-0.0614013671875,-0.22868382890886288,-0.11257189492318144,-0.2676771285143186,0.9566881058606814,0.018310546875,0.13602429648306857,-0.23874646445181857,0.95977783203125,0.05704480429556856,0.2615966796875,-0.25299072265625,0.8738633988294314,0.3221815230455686,-0.167236328125,-0.17124158163931857,0.95062255859375,0.19724255820181857
122,0.69134521484375,-0.65716552734375,-0.28125,-0.10455322265625,0.96527099609375,0.11041259765625,-0.0614013671875,-0.2286376953125,-0.1126708984375,-0.26763916015625,0.9566650390625,0.01824951171875,0.13595672913618312,-0.23876953125,0.95977783203125,0.05706787109375,0.261474609375,-0.25299072265625,0.8739013671875,0.32220458984375,-0.1673583984375,-0.17120361328125,0.95062255859375,0.19720458984375
123,0.69134521484375,-0.6571879817490593,-0.2811826367840719,-0.10457567706155936,0.96527099609375,0.11050241527748746,-0.06135645837688127,-0.22859278650188128,-0.1126035352215719,-0.26761670575094065,0.9566874934678093,0.018271966124059364,0.1359316210284281,-0.23872462243938128,0.95977783203125,0.05706787109375,0.2615419725909281,-0.25296826825094065,0.8739013671875,0.32220458984375,-0.1672910352215719,-0.17118115887594063,0.9506450129990593,0.19722704424905937
124,0.69134521484375,-0.6572265625,-0.28106689453125,-0.1046142578125,0.96527099609375,0.11065673828125,-0.061279296875,-0.228515625,-0.11260986328125,-0.26751708984375,0.95672607421875,0.01824951171875,0.13604736328125,-0.2386474609375,0.95977783203125,0.05712890625,0.2615966796875,-0.25286865234375,0.8739013671875,0.32220458984375,-0.167236328125,-0.17120361328125,0.95062255859375,0.19732666015625
125,0.69146728515625,-0.65716552734375,-0.281005859375,-0.10467529296875,0.96527099609375,0.11083984375,-0.061279296875,-0.22833251953125,-0.11248779296875,-0.26751708984375,0.95672607421875,0.01812744140625,0.1361083984375,-0.23870849609375,0.95977783203125,0.0570068359375,0.26165771484375,-0.2529296875,0.8739013671875,0.32208251953125,-0.1671142578125,-0.17120361328125,0.95068359375,0.19720458984375
126,0.69146728515625,-0.65716552734375,-0.281005859375,-0.10467529296875,0.96527099609375,0.11083984375,-0.061279296875,-0.22833251953125,-0.11242757433632944,-0.26745687121132944,0.9567862928511706,0.018067222773829432,0.13622883570234112,-0.23858805882890888,0.95977783203125,0.0570068359375,0.26171875,-0.2529296875,0.8739013671875,0.32208251953125,-0.16705322265625,-0.1712646484375,0.95068359375,0.197265625
127,0.69146728515625,-0.65716552734375,-0.281005859375,-0.10472775462479098,0.96527099609375,0.11083984375,-0.06133175853104097,-0.22822759621916805,-0.11237429615645902,-0.26750851634354095,0.956787109375,0.01806640625,0.13623046875,-0.23863888743729098,0.95977783203125,0.05705929759354097,0.26177121165604095,-0.2529296875,0.8739013671875,0.32208251953125,-0.16700076100020902,-0.17131711009354098,0.950631132093959,0.197265625
128,0.69146728515625,-0.65716552734375,-0.281005859375,-0.104736328125,0.96527099609375,0.11083984375,-0.06134033203125,-0.22821044921875,-0.11236572265625,-0.2674723851640886,0.956787109375,0.017976996890677256,0.13631987810932275,-0.23855805157817725,0.95977783203125,0.05688905237510451,0.2618408203125,-0.25286865234375,0.8739013671875,0.322021484375,-0.16693115234375,-0.17144775390625,0.95068359375,0.197265625
129,0.69146728515625,-0.6572024750470318,-0.28093196396843645,-0.10481022353156355,0.96527099609375,0.11076594834343645,-0.061525070547658864,-0.22824739692203178,-0.11225487954640469,-0.2674560546875,0.956787109375,0.017981283640781772,0.13646338217234533,-0.238525390625,0.95977783203125,0.056860678172031776,0.2619516634223453,-0.2529056000470318,0.8738644194842182,0.322021484375,-0.16682030923390467,-0.17144775390625,0.95068359375,0.19730257270328178
130,0.69146728515625,-0.6572265625,-0.2808837890625,-0.1048583984375,0.96527099609375,0.1107177734375,-0.0616455078125,-0.228271484375,-0.1123046875,-0.2674560546875,0.956787109375,0.01788330078125,0.13653564453125,-0.2384033203125,0.95977783203125,0.05670166015625,0.2620849609375,-0.2528076171875,0.87384033203125,0.32196044921875,-0.16680908203125,-0.17156982421875,0.95062255859375,0.19732666015625
131,0.69146728515625,-0.6572265625,-0.2807980540604097,-0.10490126593854515,0.96527099609375,0.11069633968697742,-0.06170980906406772,-0.22825005062447742,-0.1122189524979097,-0.26743462093697745,0.9568085431255225,0.01788330078125,0.1366213795333403,-0.23838188656197742,0.95977783203125,0.05670166015625,0.2621706959395903,-0.2528076171875,0.8738188982807275,0.32193901546822745,-0.16670191327863712,-0.17156982421875,0.9506439923442725,0.19732666015625
132,0.69146728515625,-0.6572265625,-0.2806396484375,-0.10498046875,0.96527099609375,0.11065673828125,-0.06182861328125,-0.22821044921875,-0.1121826171875,-0.26751708984375,0.956787109375,0.017822265625,0.13671875,-0.2384033203125,0.95977783203125,0.05670166015625,0.26220703125,-0.2529296875,0.87384033203125,0.3218994140625,-0.16656494140625,-0.17169189453125,0.95062255859375,0.197509765625
133,0.69158935546875,-0.6572265625,-0.28045654296875,-0.1051025390625,0.96527099609375,0.11065673828125,-0.06207275390625,-0.22821044921875,-0.11199951171875,-0.2674560546875,0.95684814453125,0.01776123046875,0.136962890625,-0.23834228515625,0.95977783203125,0.056640625,0.262451171875,-0.25299072265625,0.873779296875,0.32177734375,-0.16632080078125,-0.17169189453125,0.95068359375,0.19744873046875
134,0.69158935546875,-0.6572265625,-0.28045654296875,-0.1051025390625,0.96527099609375,0.11065673828125,-0.06207275390625,-0.22821044921875,-0.11211790767401755,-0.26763364862040134,0.9567889465536162,0.01776123046875,0.1369036926473662,-0.23851987908915134,0.9597186340536162,0.056581427022366224,0.26239013671875,-0.25311279296875,0.87371826171875,0.32177734375,-0.1663818359375,-0.17193603515625,0.9505615234375,0.1976318359375
135,0.6916922374712584,-0.6571751214987458,-0.2802507789637333,-0.10515398006375418,0.96527099609375,0.11070817928250418,-0.06217563590875836,-0.22815900821749582,-0.11196725902748746,-0.26753627815374165,0.9568385503762542,0.017658348466241643,0.1371076194737667,-0.23842250862249165,0.959716796875,0.05647670784124164,0.2625959007237667,-0.25311279296875,0.87371826171875,0.32167446174749165,-0.1661760719324833,-0.17188459415499582,0.9506644054400084,0.19752895393499165
136,0.69171142578125,-0.65716552734375,-0.28021240234375,-0.10516357421875,0.96527099609375,0.1107177734375,-0.06219482421875,-0.2281494140625,-0.11198216058737458,-0.2677791939929975,0.9567607764815008,0.01755179210650084,0.1371023120688754,-0.2385780564119983,0.9596731128501255,0.05645751953125,0.26251220703125,-0.25335693359375,0.8736572265625,0.3216552734375,-0.16632080078125,-0.172119140625,0.9505615234375,0.19769287109375
137,0.6918192069267349,-0.65709367324676,-0.28010462119826507,-0.10516357421875,0.96527099609375,0.11068184638900502,-0.06230260536423495,-0.22818534111099498,-0.11192765762176003,-0.26781144668426005,0.956762001267245,0.017409308698265052,0.13719274208298496,-0.23861153388900502,0.959691688767245,0.056313811337270064,0.26258406112823995,-0.253392860642245,0.873693153610995,0.32154749229201507,-0.16621301963576504,-0.17208321357650502,0.950597450485995,0.19758508994826504
138,0.69189453125,-0.65704345703125,-0.280029296875,-0.10516357421875,0.96527099609375,0.11065673828125,-0.0623779296875,-0.22821044921875,-0.11199012169471154,-0.2679020808293269,0.9567307692307693,0.017305814302884616,0.13718355618990385,-0.23869910606971154,0.9596886268028846,0.056185208834134616,0.262451171875,-0.25372314453125,0.87371826171875,0.32135009765625,-0.16632080078125,-0.17230224609375,0.95050048828125,0.1976318359375
139,0.69207763671875,-0.65704345703125,-0.2796630859375,-0.10516357421875,0.9651693388769857,0.11067735550794314,-0.06264207514632107,-0.22837293746080686,-0.11187744140625,-0.267822265625,0.95672607421875,0.01715087890625,0.13739013671875,-0.23858642578125,0.95965576171875,0.05596923828125,0.26275634765625,-0.25360107421875,0.87371826171875,0.32110595703125,-0.166015625,-0.172119140625,0.95062255859375,0.19757080078125
140,0.69207763671875,-0.65704345703125,-0.2796630859375,-0.10516357421875,0.9652099609375,0.11083984375,-0.06243896484375,-0.22821044921875,-0.11212158203125,-0.26824951171875,0.95660400390625,0.01702880859375,0.13726806640625,-0.2388916015625,0.9595947265625,0.055908203125,0.2625732421875,-0.2540283203125,0.87371826171875,0.321044921875,-0.166259765625,-0.17242431640625,0.95050048828125,0.19769287109375
141,0.692138671875,-0.65704345703125,-0.27935791015625,-0.1051025390625,0.9652099609375,0.1109619140625,-0.0625,-0.22808837890625,-0.1119384765625,-0.26800537109375,0.95672607421875,0.0169677734375,0.137451171875,-0.23870849609375,0.95965576171875,0.0557861328125,0.26275634765625,-0.25384521484375,0.87371826171875,0.3209228515625,-0.16607666015625,-0.17218017578125,0.9505615234375,0.1976318359375
142,0.692138671875,-0.65704345703125,-0.27935791015625,-0.1051025390625,0.9652099609375,0.1109619140625,-0.0625,-0.22808837890625,-0.11205483120819398,-0.26823808038513797,0.956609719573056,0.016618709500418046,0.137451171875,-0.23894120538513797,0.959597584395903,0.05555342352111203,0.26263427734375,-0.254150390625,0.873779296875,0.32073974609375,-0.1661376953125,-0.17254638671875,0.95050048828125,0.1976318359375
143,0.692138671875,-0.6571947180706522,-0.27915622877038043,-0.10505211871603261,0.9652099609375,0.11116359544836957,-0.06265126103940218,-0.2279371178668478,-0.11195970618206522,-0.26804783033288043,0.9567048445991848,0.016702403192934787,0.1376024329144022,-0.23870053498641303,0.9596451469089674,0.05559241253396739,0.26283595872961957,-0.25399912958559784,0.8737288765285326,0.32073974609375,-0.1659864342730978,-0.1723951256793478,0.9505509086277174,0.19773267663043478
144,0.692138671875,-0.6572265625,-0.27911376953125,-0.10504150390625,0.9652099609375,0.1112060546875,-0.06268310546875,-0.2279052734375,-0.1119384765625,-0.2680906978339256,0.9566834108486622,0.016552979332148825,0.13776226745401338,-0.23881811441785117,0.9596130983486622,0.05547503723348662,0.26300048828125,-0.25421142578125,0.8736572265625,0.320556640625,-0.1658935546875,-0.17266845703125,0.95050048828125,0.19781494140625
145,0.692138671875,-0.65728759765625,-0.2789306640625,-0.10498046875,0.9652448673312082,0.11151143459970736,-0.06270923423129181,-0.22773931496916805,-0.11187744140625,-0.2679443359375,0.95672607421875,0.0164794921875,0.137939453125,-0.23870849609375,0.9595947265625,0.055419921875,0.26318359375,-0.25408935546875,0.87371826171875,0.32049560546875,-0.165771484375,-0.17254638671875,0.9505615234375,0.1978759765625
146,0.692138671875,-0.65728759765625,-0.2789306640625,-0.10498046875,0.96527099609375,0.1116943359375,-0.06268310546875,-0.22747802734375,-0.11187744140625,-0.2679714853548286,0.95672607421875,0.016425193352842808,0.13802090137698578,-0.23876279492840718,0.9595675771451714,0.055419921875,0.2633056640625,-0.25433349609375,0.87359619140625,0.3204345703125,-0.16558837890625,-0.1727294921875,0.95050048828125,0.1978759765625
147,0.69219970703125,-0.6572265625,-0.27886962890625,-0.10504150390625,0.965309780975648,0.111749655426944,-0.06278578334030101,-0.227264710493311,-0.11175537109375,-0.26800537109375,0.95672607421875,0.0162353515625,0.13818359375,-0.23883056640625,0.95953369140625,0.05535888671875,0.26336669921875,-0.25439453125,0.87359619140625,0.32037353515625,-0.16552734375,-0.1727294921875,0.9505615234375,0.19781494140625
148,0.69219970703125,-0.6572265625,-0.27886962890625,-0.10504150390625,0.96539306640625,0.11199951171875,-0.062744140625,-0.226806640625,-0.11176700655831939,-0.2679937356291806,0.95672607421875,0.016200445168791804,0.1382301356082776,-0.23883056640625,0.95953369140625,0.0553239803250418,0.2635498046875,-0.2545166015625,0.87353515625,0.32025146484375,-0.16534423828125,-0.1729736328125,0.95050048828125,0.1978759765625
149,0.69219970703125,-0.6573486328125,-0.27874755859375,-0.10504150390625,0.9653969448944398,0.11210218959030101,-0.06283232519857859,-0.2268521618284908,-0.11175537109375,-0.267822265625,0.956787109375,0.01611328125,0.1385498046875,-0.23876953125,0.95953369140625,0.05523681640625,0.263671875,-0.25439453125,0.87353515625,0.3203125,-0.16522216796875,-0.17291259765625,0.95050048828125,0.197998046875
150,0.69219970703125,-0.6573486328125,-0.27874755859375,-0.10504150390625,0.9654541015625,0.11181640625,-0.063232421875,-0.22662353515625,-0.11175537109375,-0.267822265625,0.956787109375,0.01611328125,0.13843549135137959,-0.2388266879180602,0.95953369140625,0.0550081897340092,0.2636147183319398,-0.2544516879180602,0.8735923129180602,0.3201410299958194,-0.16533648130487041,-0.1729697543243102,0.95050048828125,0.19788373353887959
151,0.69219970703125,-0.6573486328125,-0.2786487592103888,-0.10499210421456939,0.9654047018708194,0.11181640625,-0.06328182156668061,-0.22672233453961121,-0.11199951171875,-0.2677845013978888,0.9567754739104306,0.0159912109375,0.1384771340666806,-0.23873176702288879,0.95953369140625,0.05499267578125,0.2637096392271112,-0.2543567670228888,0.87359619140625,0.32012939453125,-0.1652948385895694,-0.17287483342913879,0.9505498879729306,0.1978759765625
152,0.69219970703125,-0.6573486328125,-0.27862548828125,-0.10498046875,0.96539306640625,0.11163330078125,-0.0634765625,-0.226806640625,-0.11212443986465301,-0.26792780132995403,0.956703823944398,0.0159912109375,0.13848876953125,-0.23879178152435201,0.95953369140625,0.054909390350648,0.26361083984375,-0.2545166015625,0.87359619140625,0.32000732421875,-0.1654052734375,-0.173095703125,0.95050048828125,0.197998046875
153,0.69232177734375,-0.65728759765625,-0.278564453125,-0.1048583984375,0.96539306640625,0.1113146523568144,-0.06370702635085701,-0.22693544725909282,-0.1121826171875,-0.26788330078125,0.95672607421875,0.015869140625,0.138427734375,-0.23876953125,0.95953369140625,0.05474853515625,0.26361083984375,-0.25445556640625,0.87371826171875,0.31982421875,-0.1654052734375,-0.1729736328125,0.95050048828125,0.1978759765625
154,0.69232177734375,-0.65728759765625,-0.278564453125,-0.1048583984375,0.96539306640625,0.1112060546875,-0.0638427734375,-0.22698974609375,-0.11226100347512542,-0.26793555830633364,0.9566999454562082,0.015843011862458192,0.13836669921875,-0.2388916015625,0.95953369140625,0.0546875,0.263427734375,-0.254638671875,0.87371826171875,0.31982421875,-0.16558837890625,-0.173095703125,0.950439453125,0.1978759765625
155,0.69232177734375,-0.65728759765625,-0.27850341796875,-0.1048583984375,0.96539306640625,0.11116931111517558,-0.06389788879598662,-0.2270081178799122,-0.1123046875,-0.26800537109375,0.9566650390625,0.01580810546875,0.138427734375,-0.2388916015625,0.95953369140625,0.0546875,0.26348876953125,-0.254638671875,0.87371826171875,0.31982421875,-0.16552734375,-0.173095703125,0.95050048828125,0.1978759765625
156,0.69232177734375,-0.65728759765625,-0.27850341796875,-0.1048583984375,0.96539306640625,0.111083984375,-0.06402587890625,-0.22705078125,-0.11234714673913045,-0.2680159859035326,0.9566544242527174,0.01582933508831522,0.13824462890625,-0.239013671875,0.95953369140625,0.0546875,0.26336669921875,-0.2547607421875,0.87371826171875,0.31982421875,-0.16571044921875,-0.17315673828125,0.95037841796875,0.19805908203125
157,0.69244384765625,-0.6572265625,-0.27825927734375,-0.10491943359375,0.96533203125,0.11102866488555602,-0.06425573036423494,-0.22711181640625,-0.11236572265625,-0.2679443359375,0.9566650390625,0.01580810546875,0.13848876953125,-0.23895263671875,0.95953369140625,0.0545654296875,0.26361083984375,-0.2547607421875,0.8736572265625,0.31964111328125,-0.16546630859375,-0.17303466796875,0.950439453125,0.19793701171875
158,0.69244384765625,-0.6572265625,-0.27825927734375,-0.10491943359375,0.96533203125,0.11114501953125,-0.06396484375,-0.22711181640625,-0.11236572265625,-0.2679443359375,0.9566650390625,0.01580810546875,0.13826422547815637,-0.23912104475857024,0.9594775553929766,0.054677701714046824,0.2632740237641095,-0.2549291502273202,0.8736572265625,0.31986565733434363,-0.16580312467339048,-0.17314693999529682,0.9503833171117266,0.19810541975857024
159,0.69268798828125,-0.6571044921875,-0.278076171875,-0.10498046875,0.96533203125,0.11102294921875,-0.064208984375,-0.2271728515625,-0.11248779296875,-0.2681884765625,0.95660400390625,0.01580810546875,0.138427734375,-0.23907470703125,0.95947265625,0.05438232421875,0.263427734375,-0.2550048828125,0.87371826171875,0.319580078125,-0.16558837890625,-0.173095703125,0.950439453125,0.19793701171875
160,0.69268798828125,-0.6571044921875,-0.278076171875,-0.10498046875,0.96533203125,0.111083984375,-0.0640869140625,-0.2271728515625,-0.11265028121080685,-0.2682290986230142,0.9565633818457357,0.015889349589778425,0.13824462890625,-0.23919677734375,0.95947265625,0.05450439453125,0.26324462890625,-0.255126953125,0.87371826171875,0.31964111328125,-0.16583251953125,-0.17315673828125,0.95037841796875,0.19805908203125
161,0.6927490234375,-0.656982421875,-0.2779541015625,-0.1051025390625,0.96533203125,0.11102294921875,-0.06427001953125,-0.2271728515625,-0.112548828125,-0.26824951171875,0.95660400390625,0.01580810546875,0.13836669921875,-0.23919677734375,0.95947265625,0.05438232421875,0.263427734375,-0.2552490234375,0.8736572265625,0.31951904296875,-0.1656494140625,-0.1732177734375,0.950439453125,0.19793701171875
162,0.6927490234375,-0.656982421875,-0.2779541015625,-0.1051025390625,0.96533203125,0.1109619140625,-0.06427001953125,-0.227294921875,-0.11264926055602005,-0.268274619826505,0.956578895798495,0.01580810546875,0.13818359375,-0.2392578125,0.95947265625,0.05438232421875,0.26318359375,-0.2552490234375,0.87371826171875,0.31951904296875,-0.1658935546875,-0.1732177734375,0.95037841796875,0.197998046875
163,0.69281005859375,-0.656982421875,-0.27777099609375,-0.10516357421875,0.96527099609375,0.11098824695599917,-0.06447047613137541,-0.22739065929400082,-0.1126708984375,-0.26824951171875,0.95654296875,0.0157470703125,0.13836669921875,-0.23919677734375,0.95947265625,0.0543212890625,0.26336669921875,-0.2552490234375,0.87371826171875,0.3194580078125,-0.16571044921875,-0.1732177734375,0.95037841796875,0.197998046875
164,0.69281005859375,-0.656982421875,-0.27777099609375,-0.10516357421875,0.96527099609375,0.11090087890625,-0.06451416015625,-0.22747802734375,-0.11260986328125,-0.26800537109375,0.95660400390625,0.01580810546875,0.13848876953125,-0.2391357421875,0.95947265625,0.0543212890625,0.263427734375,-0.25537109375,0.8736572265625,0.31939697265625,-0.16558837890625,-0.17340087890625,0.95037841796875,0.19805908203125
165,0.69281005859375,-0.65704345703125,-0.27777099609375,-0.1051025390625,0.9652099609375,0.11095823970526755,-0.0644623108930811,-0.2275408996786162,-0.1126708984375,-0.2679443359375,0.9566650390625,0.015869140625,0.138427734375,-0.23907470703125,0.95947265625,0.0543212890625,0.263427734375,-0.25531005859375,0.8736572265625,0.31939697265625,-0.16558837890625,-0.17333984375,0.95037841796875,0.19805908203125
166,0.69281005859375,-0.65704345703125,-0.27777099609375,-0.1051025390625,0.9652099609375,0.11083984375,-0.06475830078125,-0.22760009765625,-0.11256066772052675,-0.2678892205790134,0.9566650390625,0.015703794549540132,0.1387939453125,-0.2391357421875,0.95941162109375,0.0543212890625,0.26373291015625,-0.25555419921875,0.87359619140625,0.3192138671875,-0.16534423828125,-0.17364501953125,0.95037841796875,0.19805908203125
167,0.6927490234375,-0.6571044921875,-0.27777099609375,-0.10504150390625,0.9652099609375,0.11090087890625,-0.06463623046875,-0.2276611328125,-0.11260986328125,-0.267822265625,0.9566650390625,0.01580810546875,0.13873291015625,-0.23907470703125,0.95947265625,0.05438232421875,0.263671875,-0.2554931640625,0.87359619140625,0.31927490234375,-0.1654052734375,-0.173583984375,0.9503173828125,0.1981201171875
168,0.6927490234375,-0.6571044921875,-0.27777099609375,-0.10504150390625,0.9652099609375,0.11077880859375,-0.06475830078125,-0.2276611328125,-0.11280787030988712,-0.2678618670307274,0.9566650390625,0.015847706874477424,0.13861083984375,-0.2391357421875,0.95947265625,0.054443359375,0.26361083984375,-0.255615234375,0.87359619140625,0.3192138671875,-0.1656494140625,-0.173828125,0.95025634765625,0.19830322265625
169,0.69287109375,-0.6571044921875,-0.27752685546875,-0.10504150390625,0.96514892578125,0.11077880859375,-0.06494140625,-0.227783203125,-0.11273193359375,-0.2677001953125,0.95672607421875,0.01580810546875,0.1387939453125,-0.239013671875,0.95947265625,0.0543212890625,0.2637939453125,-0.25555419921875,0.87359619140625,0.319091796875,-0.1654052734375,-0.1737060546875,0.9503173828125,0.1982421875
170,0.69287109375,-0.6571044921875,-0.27752685546875,-0.10504150390625,0.96514892578125,0.1109619140625,-0.0645751953125,-0.227783203125,-0.11275602104671822,-0.26774837021843645,0.9567019867657818,0.01580810546875,0.1387939453125,-0.2392578125,0.95941162109375,0.05438232421875,0.26373291015625,-0.255859375,0.87353515625,0.319091796875,-0.16552734375,-0.1739501953125,0.9501953125,0.19842529296875
171,0.69293212890625,-0.6571044921875,-0.27728271484375,-0.10498046875,0.965087890625,0.1109619140625,-0.06475830078125,-0.22796630859375,-0.11260986328125,-0.26763916015625,0.95672607421875,0.0157470703125,0.138916015625,-0.23907470703125,0.95941162109375,0.0543212890625,0.263916015625,-0.2557373046875,0.87353515625,0.3189697265625,-0.16534423828125,-0.17376708984375,0.95025634765625,0.1983642578125
172,0.69293212890625,-0.6571044921875,-0.27728271484375,-0.10498046875,0.965087890625,0.11083984375,-0.06494140625,-0.22796630859375,-0.1126708984375,-0.267822265625,0.9566650390625,0.01568603515625,0.13897705078125,-0.2392578125,0.95941162109375,0.05419921875,0.26385498046875,-0.2559814453125,0.87359619140625,0.31884765625,-0.16552734375,-0.17401123046875,0.9501953125,0.1983642578125
173,0.6929931640625,-0.6571044921875,-0.2772216796875,-0.10491943359375,0.965087890625,0.11083984375,-0.06500244140625,-0.22802734375,-0.1126708984375,-0.2677001953125,0.95672607421875,0.015625,0.13897705078125,-0.2391357421875,0.95941162109375,0.0540771484375,0.26385498046875,-0.25592041015625,0.87359619140625,0.3187255859375,-0.16546630859375,-0.1739501953125,0.95025634765625,0.1983642578125
174,0.6929931640625,-0.6571044921875,-0.2772216796875,-0.10491943359375,0.965087890625,0.1107177734375,-0.06494140625,-0.22802734375,-0.11288727725229933,-0.2679706688309992,0.9566178848113503,0.015679094703699832,0.13873291015625,-0.23931884765625,0.95941162109375,0.0540771484375,0.263671875,-0.25604248046875,0.87359619140625,0.31878662109375,-0.165771484375,-0.174072265625,0.95013427734375,0.198486328125
175,0.69317626953125,-0.65704345703125,-0.2769775390625,-0.10491943359375,0.965087890625,0.110595703125,-0.065185546875,-0.2281494140625,-0.11273193359375,-0.267822265625,0.9566650390625,0.0155029296875,0.13897705078125,-0.23919677734375,0.95941162109375,0.05389404296875,0.263916015625,-0.25604248046875,0.87359619140625,0.31854248046875,-0.16552734375,-0.1739501953125,0.9501953125,0.1983642578125
176,0.69317626953125,-0.65704345703125,-0.2769775390625,-0.10491943359375,0.965087890625,0.11083984375,-0.06475830078125,-0.22808837890625,-0.11277051434469064,-0.26801516937970316,0.9566264583115593,0.015580091189381268,0.13885498046875,-0.23944091796875,0.9593505859375,0.05401611328125,0.26373291015625,-0.25634765625,0.87359619140625,0.318603515625,-0.1656494140625,-0.17413330078125,0.95013427734375,0.198486328125
177,0.69329833984375,-0.656982421875,-0.2767333984375,-0.10498046875,0.965087890625,0.11077880859375,-0.0650634765625,-0.2281494140625,-0.11260986328125,-0.26800537109375,0.9566650390625,0.0155029296875,0.13909912109375,-0.2393798828125,0.9593505859375,0.0538330078125,0.26397705078125,-0.25634765625,0.87353515625,0.31842041015625,-0.1654052734375,-0.174072265625,0.9501953125,0.19842529296875
178,0.69329833984375,-0.656982421875,-0.2767333984375,-0.10498046875,0.965087890625,0.1107177734375,-0.06500244140625,-0.22808837890625,-0.11274826407033861,-0.26805150469011285,0.9566189054661371,0.0155029296875,0.1387939453125,-0.23956298828125,0.9593505859375,0.0538330078125,0.263671875,-0.25640869140625,0.8736572265625,0.318359375,-0.16583251953125,-0.174072265625,0.95013427734375,0.1983642578125
179,0.69329833984375,-0.65704345703125,-0.27642822265625,-0.1051025390625,0.96502685546875,0.11090087890625,-0.06524658203125,-0.2281494140625,-0.1126708984375,-0.26800537109375,0.95660400390625,0.01556396484375,0.13916015625,-0.23944091796875,0.9593505859375,0.0538330078125,0.26397705078125,-0.25634765625,0.87359619140625,0.318359375,-0.16552734375,-0.174072265625,0.9501953125,0.19842529296875
180,0.69329833984375,-0.65704345703125,-0.27642822265625,-0.1051025390625,0.965087890625,0.1107177734375,-0.0650634765625,-0.2281494140625,-0.11285400390625,-0.26806640625,0.95660400390625,0.0155029296875,0.13885498046875,-0.239501953125,0.9593505859375,0.05377197265625,0.263671875,-0.2564697265625,0.8736572265625,0.318359375,-0.165771484375,-0.174072265625,0.95013427734375,0.19854736328125
181,0.69342041015625,-0.65704345703125,-0.27630615234375,-0.105224609375,0.96502685546875,0.11077880859375,-0.06524658203125,-0.2281494140625,-0.1126708984375,-0.26806640625,0.95660400390625,0.01544189453125,0.1390380859375,-0.239501953125,0.9593505859375,0.0537109375,0.26385498046875,-0.25653076171875,0.87359619140625,0.31829833984375,-0.16558837890625,-0.174072265625,0.95013427734375,0.198486328125
182,0.69342041015625,-0.65704345703125,-0.27630615234375,-0.105224609375,0.965087890625,0.11090087890625,-0.06494140625,-0.22808837890625,-0.11272397248641304,-0.26806640625,0.95660400390625,0.015388820482336956,0.138916015625,-0.23956298828125,0.9593505859375,0.05377197265625,0.2637488323709239,-0.256477687669837,0.8736492654551631,0.31829833984375,-0.16569452700407608,-0.17401919157608695,0.95013427734375,0.19843325407608695
183,0.69342041015625,-0.656982421875,-0.2762451171875,-0.10540771484375,0.965087890625,0.1109619140625,-0.0650634765625,-0.22796630859375,-0.11260986328125,-0.26812744140625,0.95660400390625,0.01531982421875,0.1390380859375,-0.23968505859375,0.95928955078125,0.05377197265625,0.26385498046875,-0.256591796875,0.87359619140625,0.31829833984375,-0.16552734375,-0.1741943359375,0.95013427734375,0.19842529296875
184,0.69342041015625,-0.656982421875,-0.2762451171875,-0.10540771484375,0.96502685546875,0.11083984375,-0.06500244140625,-0.22833251953125,-0.11272254356971155,-0.26808988131009615,0.95660400390625,0.015357384314903851,0.13885498046875,-0.23956298828125,0.9593505859375,0.05377197265625,0.263671875,-0.2564697265625,0.8736572265625,0.318359375,-0.1656494140625,-0.17401123046875,0.9501953125,0.19842529296875
185,0.693359375,-0.65704345703125,-0.2762451171875,-0.10552978515625,0.96502685546875,0.1109619140625,-0.06500244140625,-0.22821044921875,-0.1126708984375,-0.26812744140625,0.95660400390625,0.01544189453125,0.13894581874477424,-0.2395644171979515,0.9593193539010243,0.05380463360942724,0.26373291015625,-0.25653076171875,0.87353515625,0.3184814453125,-0.16558837890625,-0.174072265625,0.95013427734375,0.198486328125
186,0.693359375,-0.65704345703125,-0.2762451171875,-0.10552978515625,0.96502685546875,0.11077880859375,-0.0653076171875,-0.22833251953125,-0.112548828125,-0.2679443359375,0.9566650390625,0.0152587890625,0.13897705078125,-0.239501953125,0.9593505859375,0.0537109375,0.26385498046875,-0.25640869140625,0.87359619140625,0.31829833984375,-0.16546630859375,-0.17401123046875,0.9501953125,0.19842529296875
187,0.6932373046875,-0.6571044921875,-0.27642822265625,-0.1055908203125,0.96502685546875,0.11090087890625,-0.06512451171875,-0.22821044921875,-0.1126708984375,-0.26806640625,0.95660400390625,0.015380859375,0.138916015625,-0.23958115593645485,0.9593505859375,0.053879753801734945,0.26373291015625,-0.2564697265625,0.87359619140625,0.3184814453125,-0.16558837890625,-0.1741943359375,0.95013427734375,0.198486328125
188,0.6932307724968646,-0.6571044921875,-0.2764412870375209,-0.1055908203125,0.9649723525031354,0.11084637594063546,-0.06529455280622909,-0.22838702249686454,-0.11262292766252091,-0.2679574003187709,0.9566585068718646,0.01544189453125,0.13890948343436454,-0.23944745015938546,0.9593505859375,0.053839540003135455,0.2638419160874791,-0.25628662109375,0.87359619140625,0.31854901265938546,-0.1655404081312709,-0.17407879781563546,0.9501887803093646,0.198486328125
189,0.69317626953125,-0.6571044921875,-0.27655029296875,-0.1055908203125,0.96502685546875,0.11090087890625,-0.065185546875,-0.22833251953125,-0.11273193359375,-0.26806640625,0.95660400390625,0.01544189453125,0.13885498046875,-0.239501953125,0.9593505859375,0.05389404296875,0.26373291015625,-0.25628662109375,0.87359619140625,0.318603515625,-0.1656494140625,-0.17413330078125,0.95013427734375,0.198486328125
190,0.69317626953125,-0.6571044921875,-0.27655029296875,-0.1055908203125,0.9649658203125,0.11077880859375,-0.06549072265625,-0.2283935546875,-0.11252372001724498,-0.2679622994617475,0.9566560573003763,0.015285734348871234,0.13897705078125,-0.23944091796875,0.9593505859375,0.0538330078125,0.2638370169445025,-0.25628662109375,0.87359619140625,0.3184994088367475,-0.16549325388012123,-0.17418535417537626,0.9501863307378763,0.1983822213367475
191,0.69305419921875,-0.65716552734375,-0.27667236328125,-0.10552978515625,0.9649658203125,0.11083984375,-0.0653076171875,-0.22833251953125,-0.11260986328125,-0.26800537109375,0.9566650390625,0.015380859375,0.13889927688649664,-0.23939662155100336,0.9593948823552466,0.053777892454013376,0.26373291015625,-0.2562255859375,0.87359619140625,0.318603515625,-0.1656494140625,-0.1741943359375,0.95013427734375,0.198486328125
192,0.69305419921875,-0.65716552734375,-0.27667236328125,-0.10552978515625,0.96502685546875,0.11077880859375,-0.0655517578125,-0.228271484375,-0.11264640272261706,-0.26796883165238294,0.9566650390625,0.015307780492265888,0.138916015625,-0.2393798828125,0.95941162109375,0.0537109375,0.26369637071488294,-0.25618904649613294,0.8736327308476171,0.31856697618363294,-0.1657224929452341,-0.17423087537886706,0.95013427734375,0.1984132492422659
193,0.6929931640625,-0.6572265625,-0.27667236328125,-0.10552978515625,0.9649658203125,0.11083984375,-0.06549072265625,-0.22833251953125,-0.1126708984375,-0.2679443359375,0.9566650390625,0.01531982421875,0.13882966823003762,-0.23934763012123747,0.95941162109375,0.0538330078125,0.263671875,-0.25616455078125,0.8736572265625,0.318603515625,-0.165771484375,-0.17425537109375,0.9500732421875,0.19842529296875
194,0.6929931640625,-0.6572265625,-0.27667236328125,-0.10552978515625,0.9649658203125,0.11090087890625,-0.0654296875,-0.22845458984375,-0.11279296875,-0.26812744140625,0.95660400390625,0.01544189453125,0.13873291015625,-0.2393798828125,0.95941162109375,0.0538330078125,0.26361083984375,-0.25616455078125,0.8736572265625,0.318603515625,-0.16583251953125,-0.17431640625,0.95001220703125,0.19854736328125
195,0.69305419921875,-0.65716552734375,-0.27667236328125,-0.10546875,0.9649658203125,0.11077880859375,-0.0654296875,-0.228515625,-0.11279296875,-0.26806640625,0.95660400390625,0.015380859375,0.13873291015625,-0.2393798828125,0.95941162109375,0.0537109375,0.26361083984375,-0.25616455078125,0.8736572265625,0.31854248046875,-0.1658935546875,-0.17425537109375,0.9500732421875,0.198486328125
196,0.69305419921875,-0.65716552734375,-0.27667236328125,-0.10546875,0.96490478515625,0.1107177734375,-0.06561279296875,-0.2286376953125,-0.11279296875,-0.26806640625,0.95660400390625,0.0152587890625,0.13873291015625,-0.2393798828125,0.95941162109375,0.0537109375,0.263671875,-0.25616455078125,0.8736572265625,0.3184814453125,-0.1658935546875,-0.17437744140625,0.9500732421875,0.19842529296875
197,0.69305419921875,-0.65716552734375,-0.27667236328125,-0.10546875,0.96490478515625,0.1107177734375,-0.06561279296875,-0.2286376953125,-0.11279296875,-0.26806640625,0.95660400390625,0.0152587890625,0.13873291015625,-0.23949746224393814,0.95941162109375,0.0537109375,0.263671875,-0.25616455078125,0.8736572265625,0.3184814453125,-0.1658935546875,-0.17437744140625,0.9500732421875,0.19842529296875
198,0.69305419921875,-0.65716552734375,-0.27667236328125,-0.10546875,0.96490478515625,0.11077880859375,-0.06549072265625,-0.2286376953125,-0.11284400148933947,-0.2681684717286789,0.9565529711669105,0.0152587890625,0.13873291015625,-0.239501953125,0.95941162109375,0.0537109375,0.2635698095213211,-0.2562666162599289,0.8736572265625,0.3184814453125,-0.16599562016617894,-0.17447950688492894,0.9500222094481605,0.19847632570808946
199,0.693115234375,-0.65716552734375,-0.27655029296875,-0.10552978515625,0.96490478515625,0.11077880859375,-0.06561279296875,-0.2286376953125,-0.11273193359375,-0.26812744140625,0.95660400390625,0.01519775390625,0.13878618833612041,-0.23952746949466974,0.9593505859375,0.053693178106709864,0.263671875,-0.25634765625,0.8736572265625,0.31842041015625,-0.1658935546875,-0.17449951171875,0.95001220703125,0.198486328125
200,0.693115234375,-0.65716552734375,-0.27655029296875,-0.10552978515625,0.96490478515625,0.11077880859375,-0.06549072265625,-0.22857666015625,-0.11280297116691053,-0.26816296019283026,0.9565684851196697,0.015233272692830268,0.13873291015625,-0.23956298828125,0.9593505859375,0.0537109375,0.2636008374268395,-0.25634765625,0.8736572265625,0.31845592894283026,-0.16596459226066054,-0.17442847414558946,0.95001220703125,0.19852184691158026
201,0.6932373046875,-0.6571044921875,-0.27642822265625,-0.1055908203125,0.96490478515625,0.1107177734375,-0.065673828125,-0.2286376953125,-0.11273193359375,-0.26812744140625,0.95660400390625,0.01513671875,0.1387939453125,-0.2396240234375,0.9593505859375,0.0537109375,0.263671875,-0.25640869140625,0.8736572265625,0.318359375,-0.1658935546875,-0.17437744140625,0.9500732421875,0.19842529296875
202,0.693257309521321,-0.657084487353679,-0.27642822265625,-0.10557081547867893,0.96484375,0.11067776376985786,-0.065673828125,-0.2288818359375,-0.11275193842757107,-0.2682295068849289,0.956562973583821,0.015238784228678932,0.13877394047867894,-0.23960401860367894,0.9593505859375,0.05367092783235786,0.2635908350099289,-0.25640869140625,0.8736572265625,0.3184414356448579,-0.16597459467757106,-0.17447950688492894,0.95001220703125,0.19856838876985786
203,0.69329833984375,-0.65704345703125,-0.27642822265625,-0.10552978515625,0.96484375,0.110595703125,-0.065673828125,-0.2288818359375,-0.11279296875,-0.2681884765625,0.95660400390625,0.01519775390625,0.13873291015625,-0.23956298828125,0.9593505859375,0.0537109375,0.2635498046875,-0.25640869140625,0.8736572265625,0.318359375,-0.166015625,-0.1744384765625,0.95001220703125,0.198486328125
204,0.6933028307248119,-0.6570344752691263,-0.27643271353731186,-0.10552529427518813,0.96484375,0.11058672136287626,-0.06585693359375,-0.22906494140625,-0.11274091535587374,-0.26819296744356186,0.95654296875,0.015249807300376249,0.13872841927518811,-0.23956747916231189,0.9593505859375,0.05370195573787625,0.26360185808162623,-0.25653525259981186,0.8736006822873119,0.31847695443143814,-0.16596357160587374,-0.174560546875,0.9499556627560619,0.19859941667537626
205,0.693359375,-0.65692138671875,-0.2764892578125,-0.10546875,0.96484375,0.1104736328125,-0.06585693359375,-0.22906494140625,-0.11285400390625,-0.26824951171875,0.95654296875,0.01513671875,0.13873291015625,-0.23968505859375,0.9593505859375,0.05364990234375,0.26348876953125,-0.256591796875,0.8736572265625,0.31842041015625,-0.16607666015625,-0.174560546875,0.95001220703125,0.198486328125
206,0.693359375,-0.65692138671875,-0.2764892578125,-0.10546875,0.96478271484375,0.11029052734375,-0.0662841796875,-0.22930908203125,-0.11280399182169733,-0.26824951171875,0.95654296875,0.01513671875,0.13873291015625,-0.23968505859375,0.9593505859375,0.05364990234375,0.2635387816158027,-0.256591796875,0.8736572265625,0.3183203859871446,-0.16597663598714466,-0.174560546875,0.95001220703125,0.1984363160404473
207,0.693359375,-0.65692138671875,-0.27655029296875,-0.10546875,0.96478271484375,0.11029052734375,-0.06622314453125,-0.229248046875,-0.11285400390625,-0.268310546875,0.95654296875,0.01513671875,0.13873291015625,-0.2396240234375,0.9593505859375,0.05352783203125,0.26348876953125,-0.25665283203125,0.8736572265625,0.318359375,-0.166015625,-0.174560546875,0.95001220703125,0.19842529296875
208,0.6932903787364131,-0.6569903829823369,-0.27655029296875,-0.10550324813179347,0.9646871815557065,0.10993227751358696,-0.06707763671875,-0.22955322265625,-0.11288054093070653,-0.26824951171875,0.95654296875,0.015118142832880434,0.13873291015625,-0.2396240234375,0.9593505859375,0.05363132642663043,0.2635498046875,-0.2564697265625,0.8736837635869565,0.31827976392663043,-0.16607666015625,-0.1745950450067935,0.95001220703125,0.19834568189538043
209,0.6932373046875,-0.65704345703125,-0.27655029296875,-0.10552978515625,0.96466064453125,0.1099853515625,-0.06707763671875,-0.22955322265625,-0.11285400390625,-0.26824951171875,0.95654296875,0.01519775390625,0.138671875,-0.23956298828125,0.9593505859375,0.0535888671875,0.2635498046875,-0.2564697265625,0.8736572265625,0.318359375,-0.16607666015625,-0.17462158203125,0.95001220703125,0.19842529296875
210,0.6931803521503972,-0.6571004095683528,-0.2765692771477843,-0.10552978515625,0.964599609375,0.10949298769335283,-0.06805828183789717,-0.22991943359375,-0.11285400390625,-0.2682074607415343,0.95654296875,0.015151620309887117,0.1386528908209657,-0.23956298828125,0.9593505859375,0.05366480390363712,0.26361083984375,-0.2564317582044314,0.8736572265625,0.3183742765598871,-0.1660346091790343,-0.1745795310540343,0.9499932228522158,0.19844019452863712
211,0.69305419921875,-0.6572265625,-0.276611328125,-0.10552978515625,0.964599609375,0.109619140625,-0.06793212890625,-0.22991943359375,-0.11285400390625,-0.26824951171875,0.95654296875,0.01531982421875,0.1387939453125,-0.239501953125,0.9593505859375,0.0537109375,0.26361083984375,-0.25634765625,0.8736572265625,0.31854248046875,-0.16607666015625,-0.17462158203125,0.949951171875,0.1986083984375
212,0.69305419921875,-0.6572230922737249,-0.27661479835127506,-0.10552631492997491,0.96453857421875,0.10906635399247491,-0.06896625633622491,-0.23004150390625,-0.11273887404630016,-0.2681884765625,0.95660400390625,0.01519428367997492,0.1387904750862249,-0.2395054233512751,0.9593505859375,0.0537109375,0.26379047508622494,-0.25628662109375,0.8736572265625,0.31842041015625,-0.1658970249137751,-0.17462158203125,0.95001220703125,0.198486328125
213,0.69305419921875,-0.65716552734375,-0.27667236328125,-0.10546875,0.96453857421875,0.1090087890625,-0.06890869140625,-0.23004150390625,-0.11285400390625,-0.2681884765625,0.95660400390625,0.01513671875,0.138916015625,-0.23944091796875,0.9593505859375,0.0535888671875,0.26373291015625,-0.25628662109375,0.8736572265625,0.31842041015625,-0.16595458984375,-0.17462158203125,0.95001220703125,0.198486328125
214,0.69305419921875,-0.65716552734375,-0.27667236328125,-0.10546875,0.9644895827889841,0.10881282334343645,-0.06944759713367477,-0.23023746962531355,-0.11265803818718645,-0.2680904937029682,0.95660400390625,0.015087727320234112,0.138916015625,-0.23944091796875,0.9593505859375,0.0535888671875,0.26387988444554766,-0.25628662109375,0.8736082351327341,0.3183714187264841,-0.16580761555445234,-0.17471956489078178,0.95001220703125,0.19838834526546822
215,0.69287109375,-0.6573486328125,-0.2767333984375,-0.10546875,0.9644775390625,0.10894775390625,-0.06939697265625,-0.23028564453125,-0.1126708984375,-0.26812744140625,0.95660400390625,0.01531982421875,0.13909912109375,-0.2393798828125,0.9593505859375,0.0538330078125,0.26385498046875,-0.25616455078125,0.87353515625,0.318603515625,-0.16583251953125,-0.17474365234375,0.949951171875,0.1986083984375
216,0.69287109375,-0.6573486328125,-0.2767333984375,-0.10546875,0.96441650390625,0.10888671875,-0.06982421875,-0.2303466796875,-0.11260394348348662,-0.2680939639292433,0.9566374813832567,0.015286346741743312,0.13909912109375,-0.2393798828125,0.9593505859375,0.0538330078125,0.2639554128997701,-0.2561980282582567,0.87353515625,0.318603515625,-0.16576556457723662,-0.1747771298207567,0.949951171875,0.19867535339151338
217,0.69293212890625,-0.65728759765625,-0.2767333984375,-0.10540771484375,0.96441650390625,0.1087646484375,-0.06982421875,-0.2303466796875,-0.11260986328125,-0.26800537109375,0.9566650390625,0.01519775390625,0.13916015625,-0.2393798828125,0.9593505859375,0.05377197265625,0.26397705078125,-0.2562255859375,0.87353515625,0.31854248046875,-0.165771484375,-0.17474365234375,0.949951171875,0.19866943359375
218,0.69293212890625,-0.65728759765625,-0.2767333984375,-0.10540771484375,0.96441650390625,0.1090087890625,-0.06982421875,-0.2303466796875,-0.11236572265625,-0.26806640625,0.9566650390625,0.01531982421875,0.13916015625,-0.2393798828125,0.9593505859375,0.05377197265625,0.26404890487823995,-0.2562435494617475,0.873499229201505,0.318578407517245,-0.16571759380225753,-0.17477957939224498,0.949951171875,0.19870536064224498
219,0.6929931640625,-0.6572265625,-0.27679443359375,-0.10540771484375,0.96441650390625,0.10894775390625,-0.06982421875,-0.23028564453125,-0.1124267578125,-0.26806640625,0.9566650390625,0.01519775390625,0.13934326171875,-0.2393798828125,0.95928955078125,0.0538330078125,0.26416015625,-0.25634765625,0.87347412109375,0.318603515625,-0.1656494140625,-0.17486572265625,0.949951171875,0.19873046875
220,0.6929931640625,-0.6572265625,-0.27679443359375,-0.10540771484375,0.96435546875,0.10906982421875,-0.0699462890625,-0.23040771484375,-0.1123046875,-0.26800537109375,0.9566650390625,0.01531982421875,0.13934326171875,-0.2393798828125,0.95928955078125,0.0538330078125,0.2641650553929766,-0.25634765625,0.8734716715222617,0.318603515625,-0.16564206534803513,-0.17486572265625,0.949951171875,0.19873046875
221,0.6929931640625,-0.6572265625,-0.27691650390625,-0.10540771484375,0.96441650390625,0.1090087890625,-0.06988525390625,-0.2303466796875,-0.1124267578125,-0.26812744140625,0.9566650390625,0.01531982421875,0.139404296875,-0.23944091796875,0.95928955078125,0.05389404296875,0.26422119140625,-0.25640869140625,0.8734130859375,0.31866455078125,-0.16558837890625,-0.1749267578125,0.949951171875,0.19873046875
222,0.6929931640625,-0.6572265625,-0.27691650390625,-0.10540771484375,0.96441650390625,0.10886487673756272,-0.07012510778114546,-0.2303466796875,-0.11228284548756272,-0.26798352908131273,0.9567130098374791,0.015223882668791815,0.139404296875,-0.23944091796875,0.95928955078125,0.05389404296875,0.2643171329562082,-0.2563127498562918,0.8734130859375,0.31866455078125,-0.16544446658131273,-0.1748787870375209,0.9499991426499791,0.1986824979750209
223,0.69287109375,-0.65728759765625,-0.27691650390625,-0.10546875,0.96441650390625,0.10894775390625,-0.07012939453125,-0.23028564453125,-0.11224365234375,-0.2679443359375,0.95672607421875,0.01531982421875,0.13958740234375,-0.2392578125,0.95928955078125,0.053955078125,0.26434326171875,-0.25628662109375,0.87335205078125,0.31878662109375,-0.1654052734375,-0.1749267578125,0.949951171875,0.19879150390625
224,0.69287109375,-0.65728759765625,-0.27691650390625,-0.10546875,0.9643840470840301,0.1088503834395903,-0.0702916786423495,-0.23041547182012959,-0.11217873869931021,-0.2678794222930602,0.9567585310409699,0.01531982421875,0.13958740234375,-0.2392578125,0.95928955078125,0.053955078125,0.2644406321854097,-0.2562541642715301,0.8732871371368102,0.3188190779159699,-0.1653079029708403,-0.1749267578125,0.9499836286972199,0.1988239607284699
225,0.69281005859375,-0.65728759765625,-0.27691650390625,-0.10552978515625,0.96435546875,0.10882568359375,-0.0704345703125,-0.23046875,-0.112060546875,-0.26788330078125,0.95672607421875,0.01531982421875,0.1397705078125,-0.23919677734375,0.95928955078125,0.0540771484375,0.26458740234375,-0.25628662109375,0.87322998046875,0.31890869140625,-0.16522216796875,-0.17498779296875,0.949951171875,0.19891357421875
226,0.69281005859375,-0.65728759765625,-0.27691650390625,-0.10552978515625,0.9643385258805393,0.1088087407242893,-0.07046845605142141,-0.23053652147784282,-0.112060546875,-0.2678494150423286,0.9567430170882107,0.015370652827132103,0.1397705078125,-0.23919677734375,0.95928955078125,0.0540771484375,0.2645704594742893,-0.2562696782242893,0.8732130375992893,0.3189425771451714,-0.16522216796875,-0.1749539072298286,0.949951171875,0.1989474599576714
227,0.69293212890625,-0.65716552734375,-0.27691650390625,-0.105712890625,0.96435546875,0.10870361328125,-0.07073974609375,-0.2305908203125,-0.1119384765625,-0.26788330078125,0.956787109375,0.01531982421875,0.139892578125,-0.2392578125,0.95928955078125,0.0540771484375,0.26458740234375,-0.2564697265625,0.8731689453125,0.3189697265625,-0.16510009765625,-0.17498779296875,0.95001220703125,0.1988525390625
228,0.69293212890625,-0.65716552734375,-0.27691650390625,-0.105712890625,0.9643540398332985,0.10870075544784699,-0.07073974609375,-0.2305979648960075,-0.11194133439590301,-0.26788330078125,0.9567856804582985,0.015324110968854507,0.139892578125,-0.2392578125,0.95928955078125,0.0540771484375,0.2645859734270485,-0.2564654398123955,0.8731689453125,0.318972584395903,-0.1651015265729515,-0.17498779296875,0.9500107781145485,0.1988539679792015
229,0.6929931640625,-0.6571044921875,-0.27691650390625,-0.1058349609375,0.96429443359375,0.1085205078125,-0.07086181640625,-0.23077392578125,-0.1119384765625,-0.2679443359375,0.95672607421875,0.015380859375,0.13983154296875,-0.2392578125,0.95928955078125,0.05413818359375,0.26458740234375,-0.25640869140625,0.87310791015625,0.31903076171875,-0.16510009765625,-0.175048828125,0.95001220703125,0.1988525390625
230,0.6929931640625,-0.6571044921875,-0.27691650390625,-0.1058349609375,0.96429443359375,0.1085205078125,-0.07086181640625,-0.23077392578125,-0.1119384765625,-0.2679443359375,0.95672607421875,0.015380859375,0.13983154296875,-0.2392578125,0.95928955078125,0.05413818359375,0.26458740234375,-0.25640869140625,0.87310791015625,0.31903076171875,-0.16510009765625,-0.175048828125,0.95001220703125,0.1988525390625
231,0.69293212890625,-0.65716552734375,-0.27685546875,-0.1058349609375,0.9642333984375,0.1082763671875,-0.0714111328125,-0.23114013671875,-0.1119384765625,-0.2677001953125,0.956787109375,0.01544189453125,0.13995361328125,-0.239013671875,0.95928955078125,0.05413818359375,0.2646484375,-0.25628662109375,0.87310791015625,0.319091796875,-0.1650390625,-0.1749267578125,0.95001220703125,0.19891357421875
232,0.69293212890625,-0.65716552734375,-0.27685546875,-0.1058349609375,0.9642333984375,0.1082763671875,-0.0714111328125,-0.23114013671875,-0.1119384765625,-0.2677001953125,0.956787109375,0.01544189453125,0.13995361328125,-0.239013671875,0.95928955078125,0.05413818359375,0.2646484375,-0.25628662109375,0.87310791015625,0.319091796875,-0.1650390625,-0.1749267578125,0.95001220703125,0.19891357421875
233,0.69293212890625,-0.65716552734375,-0.27691650390625,-0.1058349609375,0.96417236328125,0.10809326171875,-0.07177734375,-0.23126220703125,-0.11181640625,-0.26763916015625,0.95684814453125,0.0155029296875,0.14019775390625,-0.23895263671875,0.95928955078125,0.05426025390625,0.26483154296875,-0.25628662109375,0.873046875,0.31915283203125,-0.164794921875,-0.175048828125,0.95001220703125,0.198974609375
234,0.69293212890625,-0.65716552734375,-0.27691650390625,-0.1058349609375,0.964156441066576,0.10802957286005432,-0.07192064368206526,-0.23127812924592392,-0.11175271739130432,-0.26759139351222827,0.956864066745924,0.015487007472826083,0.14019775390625,-0.23895263671875,0.95928955078125,0.05426025390625,0.26483154296875,-0.25628662109375,0.873046875,0.31915283203125,-0.164794921875,-0.175048828125,0.95001220703125,0.198974609375
235,0.69293212890625,-0.65716552734375,-0.27703857421875,-0.10577392578125,0.96417236328125,0.1077880859375,-0.07220458984375,-0.2313232421875,-0.1116943359375,-0.2674560546875,0.9569091796875,0.01544189453125,0.14044189453125,-0.23883056640625,0.95928955078125,0.05426025390625,0.26507568359375,-0.25628662109375,0.87298583984375,0.319091796875,-0.16461181640625,-0.17523193359375,0.95001220703125,0.19903564453125
236,0.69293212890625,-0.65716552734375,-0.27703857421875,-0.10577392578125,0.9641719550193353,0.10778726941367056,-0.0722066311533236,-0.23132446697324416,-0.11169351941367056,-0.2674536051160117,0.9569099962113294,0.01544189453125,0.14044189453125,-0.23883056640625,0.95928955078125,0.05426025390625,0.26507568359375,-0.25628662109375,0.87298583984375,0.319091796875,-0.16461181640625,-0.17523193359375,0.95001220703125,0.19903564453125
237,0.69281005859375,-0.6572265625,-0.27703857421875,-0.1058349609375,0.964111328125,0.10784912109375,-0.072509765625,-0.23150634765625,-0.11151123046875,-0.26715087890625,0.95703125,0.01556396484375,0.1407470703125,-0.23870849609375,0.959228515625,0.05450439453125,0.26544189453125,-0.25634765625,0.872802734375,0.3192138671875,-0.16424560546875,-0.17547607421875,0.95001220703125,0.19915771484375
238,0.69281005859375,-0.6572265625,-0.27703857421875,-0.1058349609375,0.964111328125,0.10784912109375,-0.072509765625,-0.23150634765625,-0.11151123046875,-0.26715087890625,0.95703125,0.01556396484375,0.1407470703125,-0.23870849609375,0.959228515625,0.05450439453125,0.26544189453125,-0.25634765625,0.872802734375,0.3192138671875,-0.16424560546875,-0.17547607421875,0.95001220703125,0.19915771484375
239,0.6927490234375,-0.65728759765625,-0.277099609375,-0.105712890625,0.96405029296875,0.1077880859375,-0.07269287109375,-0.2315673828125,-0.111328125,-0.2667236328125,0.9571533203125,0.01556396484375,0.14117431640625,-0.23846435546875,0.959228515625,0.05462646484375,0.26580810546875,-0.25628662109375,0.87274169921875,0.3192138671875,-0.1639404296875,-0.17559814453125,0.95001220703125,0.19927978515625
240,0.6927490234375,-0.65728759765625,-0.277099609375,-0.105712890625,0.96405029296875,0.1077880859375,-0.07269287109375,-0.2315673828125,-0.111328125,-0.2667236328125,0.9571533203125,0.01556396484375,0.14117431640625,-0.23846435546875,0.959228515625,0.05462646484375,0.26580810546875,-0.25628662109375,0.87274169921875,0.3192138671875,-0.1639404296875,-0.17559814453125,0.95001220703125,0.19927978515625
241,0.69268798828125,-0.65728759765625,-0.2772216796875,-0.10565185546875,0.9639892578125,0.107421875,-0.07330322265625,-0.23175048828125,-0.111083984375,-0.2664794921875,0.957275390625,0.0155029296875,0.1416015625,-0.23828125,0.959228515625,0.0546875,0.2662353515625,-0.25634765625,0.87255859375,0.31927490234375,-0.16351318359375,-0.17584228515625,0.95001220703125,0.1993408203125
242,0.69268798828125,-0.65728759765625,-0.2772216796875,-0.10565185546875,0.9639892578125,0.107421875,-0.07330322265625,-0.23175048828125,-0.111083984375,-0.2664794921875,0.957275390625,0.0155029296875,0.1416015625,-0.23828125,0.959228515625,0.0546875,0.2662353515625,-0.25634765625,0.87255859375,0.31927490234375,-0.16351318359375,-0.17584228515625,0.95001220703125,0.1993408203125
243,0.69256591796875,-0.65740966796875,-0.27734375,-0.10565185546875,0.96392822265625,0.1070556640625,-0.07391357421875,-0.23193359375,-0.11083984375,-0.26629638671875,0.95733642578125,0.0155029296875,0.1419677734375,-0.238037109375,0.959228515625,0.05474853515625,0.2666015625,-0.25616455078125,0.8724365234375,0.31939697265625,-0.1632080078125,-0.17596435546875,0.95001220703125,0.199462890625
244,0.69256591796875,-0.65740966796875,-0.27734375,-0.10565185546875,0.96392822265625,0.1070556640625,-0.07391357421875,-0.23193359375,-0.11083984375,-0.26629638671875,0.95733642578125,0.0155029296875,0.1419677734375,-0.238037109375,0.959228515625,0.05474853515625,0.2666015625,-0.25616455078125,0.8724365234375,0.31939697265625,-0.1632080078125,-0.17596435546875,0.95001220703125,0.199462890625
245,0.6924605863947534,-0.6575149995427466,-0.2773964157869983,-0.10575718704274666,0.9638671875,0.10684745048599499,-0.07447125999425167,-0.23212506858800167,-0.11066510765050167,-0.26615757766774667,0.9573974609375,0.015538856735994993,0.14220354469324833,-0.23789830032399667,0.959228515625,0.05472342704849499,0.26678466796875,-0.25604248046875,0.8723922270197534,0.319493934860995,-0.16302490234375,-0.176061317673495,0.9500205764005016,0.19950718704274667
246,0.69244384765625,-0.65753173828125,-0.27740478515625,-0.10577392578125,0.9638671875,0.10687255859375,-0.074462890625,-0.23211669921875,-0.11065673828125,-0.26617431640625,0.9573974609375,0.01556396484375,0.1422119140625,-0.2379150390625,0.959228515625,0.05474853515625,0.26678466796875,-0.25604248046875,0.87237548828125,0.31951904296875,-0.16302490234375,-0.17608642578125,0.95001220703125,0.19952392578125
247,0.6923828125,-0.65753173828125,-0.27740478515625,-0.10595703125,0.9638671875,0.1068115234375,-0.0748291015625,-0.23211669921875,-0.11053466796875,-0.2659912109375,0.95745849609375,0.0155029296875,0.142333984375,-0.23773193359375,0.959228515625,0.0548095703125,0.26690673828125,-0.2559814453125,0.872314453125,0.3197021484375,-0.162841796875,-0.17608642578125,0.95001220703125,0.19970703125
248,0.6923828125,-0.65753173828125,-0.27740478515625,-0.10595703125,0.9638671875,0.1068115234375,-0.0748291015625,-0.23211669921875,-0.11053466796875,-0.2659912109375,0.95745849609375,0.0155029296875,0.142333984375,-0.23773193359375,0.959228515625,0.0548095703125,0.26690673828125,-0.2559814453125,0.872314453125,0.3197021484375,-0.162841796875,-0.17608642578125,0.95001220703125,0.19970703125
249,0.69244384765625,-0.65740966796875,-0.27734375,-0.10614013671875,0.9638671875,0.10693359375,-0.07470703125,-0.2320556640625,-0.1104736328125,-0.26605224609375,0.95745849609375,0.0155029296875,0.14251708984375,-0.23779296875,0.95916748046875,0.0548095703125,0.26702880859375,-0.25616455078125,0.8721923828125,0.31976318359375,-0.16265869140625,-0.1761474609375,0.95001220703125,0.19970703125
250,0.69244384765625,-0.65740966796875,-0.27734375,-0.10614013671875,0.9638671875,0.10693359375,-0.07470703125,-0.2320556640625,-0.1104736328125,-0.26605224609375,0.95745849609375,0.0155029296875,0.14251708984375,-0.23779296875,0.95916748046875,0.0548095703125,0.26702880859375,-0.25616455078125,0.8721923828125,0.31976318359375,-0.16265869140625,-0.1761474609375,0.95001220703125,0.19970703125
251,0.69256591796875,-0.65728759765625,-0.27734375,-0.106201171875,0.9638671875,0.10693359375,-0.07470703125,-0.232177734375,-0.110595703125,-0.26605224609375,0.95745849609375,0.01544189453125,0.14251708984375,-0.23785400390625,0.95916748046875,0.0548095703125,0.2669677734375,-0.25628662109375,0.8721923828125,0.3197021484375,-0.1627197265625,-0.17620849609375,0.95001220703125,0.19964599609375
252,0.69256591796875,-0.65728759765625,-0.27734375,-0.106201171875,0.9638671875,0.10693359375,-0.07470703125,-0.232177734375,-0.110595703125,-0.26605224609375,0.95745849609375,0.01544189453125,0.14251708984375,-0.23785400390625,0.95916748046875,0.0548095703125,0.2669677734375,-0.25628662109375,0.8721923828125,0.3197021484375,-0.1627197265625,-0.17620849609375,0.95001220703125,0.19964599609375
253,0.6925142728365384,-0.6573392427884616,-0.27734375,-0.10630446213942309,0.9638155423677884,0.10688194861778846,-0.07486196664663462,-0.23233266977163464,-0.11060509314903846,-0.2661555363581731,0.9573974609375,0.015606219951923083,0.14250769981971154,-0.23784461388221154,0.9591768704927884,0.05492225060096154,0.26701941856971156,-0.25628662109375,0.8721407376802884,0.3198054387019231,-0.16266808143028846,-0.17615685096153846,0.95001220703125,0.19964599609375
254,0.6925048828125,-0.6573486328125,-0.27734375,-0.1063232421875,0.96380615234375,0.10687255859375,-0.07489013671875,-0.23236083984375,-0.110595703125,-0.26617431640625,0.9573974609375,0.015625,0.14251708984375,-0.23785400390625,0.95916748046875,0.054931640625,0.26702880859375,-0.25628662109375,0.87213134765625,0.31982421875,-0.16265869140625,-0.1761474609375,0.95001220703125,0.19964599609375
255,0.6923828125,-0.65740966796875,-0.27752685546875,-0.10638427734375,0.9637451171875,0.1064453125,-0.07537841796875,-0.2325439453125,-0.11077880859375,-0.26617431640625,0.9573974609375,0.0155029296875,0.14239501953125,-0.23773193359375,0.959228515625,0.05487060546875,0.266845703125,-0.25604248046875,0.87225341796875,0.31982421875,-0.162841796875,-0.17620849609375,0.95001220703125,0.1995849609375
256,0.6923828125,-0.65740966796875,-0.27752685546875,-0.10638427734375,0.9637451171875,0.1064453125,-0.07537841796875,-0.2325439453125,-0.11077880859375,-0.26617431640625,0.9573974609375,0.0155029296875,0.14239501953125,-0.23773193359375,0.959228515625,0.05487060546875,0.266845703125,-0.25604248046875,0.87225341796875,0.31982421875,-0.162841796875,-0.17620849609375,0.95001220703125,0.1995849609375
257,0.6922607421875,-0.657470703125,-0.277587890625,-0.1064453125,0.96368408203125,0.106201171875,-0.075927734375,-0.2327880859375,-0.11083984375,-0.26617431640625,0.95733642578125,0.0155029296875,0.142333984375,-0.2376708984375,0.959228515625,0.05487060546875,0.26678466796875,-0.2559814453125,0.87225341796875,0.3199462890625,-0.16290283203125,-0.17620849609375,0.95001220703125,0.19964599609375
258,0.6922607421875,-0.657470703125,-0.277587890625,-0.1064453125,0.96368408203125,0.106201171875,-0.075927734375,-0.2327880859375,-0.11083984375,-0.26617431640625,0.95733642578125,0.0155029296875,0.142333984375,-0.2376708984375,0.959228515625,0.05487060546875,0.26678466796875,-0.2559814453125,0.87225341796875,0.3199462890625,-0.16290283203125,-0.17620849609375,0.95001220703125,0.19964599609375
259,0.69219970703125,-0.65753173828125,-0.27764892578125,-0.10650634765625,0.963623046875,0.10595703125,-0.076416015625,-0.2330322265625,-0.1109619140625,-0.26611328125,0.9573974609375,0.01556396484375,0.142333984375,-0.23760986328125,0.959228515625,0.054931640625,0.266845703125,-0.255859375,0.87225341796875,0.32000732421875,-0.16278076171875,-0.17620849609375,0.95001220703125,0.19970703125
260,0.69219970703125,-0.65753173828125,-0.27764892578125,-0.10650634765625,0.963623046875,0.10595703125,-0.076416015625,-0.2330322265625,-0.1109619140625,-0.26611328125,0.9573974609375,0.01556396484375,0.142333984375,-0.23760986328125,0.959228515625,0.054931640625,0.266845703125,-0.255859375,0.87225341796875,0.32000732421875,-0.16278076171875,-0.17620849609375,0.95001220703125,0.19970703125
261,0.6921490825538252,-0.6575823627586748,-0.27764892578125,-0.10655697213367475,0.9635724223975752,0.10585578229515051,-0.07671976248954848,-0.23318409999477424,-0.11097232474132525,-0.26604183541492477,0.9573974609375,0.015553554164924746,0.14232357369617474,-0.237548828125,0.95928955078125,0.054921229946174745,0.2667444541701505,-0.255859375,0.87225341796875,0.32005794869617477,-0.16293263515102424,-0.17625912057117474,0.9499615825538252,0.19970703125
262,0.692138671875,-0.6575927734375,-0.27764892578125,-0.1065673828125,0.96356201171875,0.1058349609375,-0.0767822265625,-0.23321533203125,-0.1109619140625,-0.26605224609375,0.9573974609375,0.01556396484375,0.142333984375,-0.237548828125,0.95928955078125,0.054931640625,0.2667236328125,-0.255859375,0.87225341796875,0.320068359375,-0.1629638671875,-0.17626953125,0.949951171875,0.19970703125
263,0.69207763671875,-0.65765380859375,-0.27752685546875,-0.106689453125,0.9635009765625,0.10577392578125,-0.0770263671875,-0.2333984375,-0.1109619140625,-0.26605224609375,0.9573974609375,0.01568603515625,0.142333984375,-0.237548828125,0.95928955078125,0.05499267578125,0.26678466796875,-0.25579833984375,0.87225341796875,0.32012939453125,-0.1629638671875,-0.17620849609375,0.949951171875,0.19970703125
264,0.69207763671875,-0.65765380859375,-0.27752685546875,-0.106689453125,0.9635009765625,0.10577392578125,-0.0770263671875,-0.2333984375,-0.1109619140625,-0.26605224609375,0.9573974609375,0.01568603515625,0.142333984375,-0.237548828125,0.95928955078125,0.05499267578125,0.26678466796875,-0.25579833984375,0.87225341796875,0.32012939453125,-0.1629638671875,-0.17620849609375,0.949951171875,0.19970703125
265,0.69207763671875,-0.65765380859375,-0.2774658203125,-0.1068115234375,0.9635009765625,0.105712890625,-0.07720947265625,-0.2333984375,-0.1109619140625,-0.2659912109375,0.9573974609375,0.01556396484375,0.14239501953125,-0.237548828125,0.95928955078125,0.054931640625,0.26678466796875,-0.255859375,0.8721923828125,0.32012939453125,-0.162841796875,-0.17626953125,0.949951171875,0.19970703125
266,0.69207763671875,-0.65765380859375,-0.2774658203125,-0.1068115234375,0.9635009765625,0.105712890625,-0.07720947265625,-0.2333984375,-0.1109619140625,-0.2659912109375,0.9573974609375,0.01556396484375,0.14239501953125,-0.237548828125,0.95928955078125,0.054931640625,0.26678466796875,-0.255859375,0.8721923828125,0.32012939453125,-0.162841796875,-0.17626953125,0.949951171875,0.19970703125
267,0.69207763671875,-0.65765380859375,-0.2774658203125,-0.10687255859375,0.9635009765625,0.1058349609375,-0.07696533203125,-0.2333984375,-0.11090087890625,-0.26593017578125,0.9573974609375,0.01556396484375,0.14251708984375,-0.23748779296875,0.959228515625,0.0550537109375,0.26690673828125,-0.25592041015625,0.87213134765625,0.32025146484375,-0.16265869140625,-0.17626953125,0.949951171875,0.1998291015625
268,0.69207763671875,-0.65765380859375,-0.2774658203125,-0.10687255859375,0.9635009765625,0.1058349609375,-0.07696533203125,-0.2333984375,-0.11090087890625,-0.26593017578125,0.9573974609375,0.01556396484375,0.14251708984375,-0.23748779296875,0.959228515625,0.0550537109375,0.26690673828125,-0.25592041015625,0.87213134765625,0.32025146484375,-0.16265869140625,-0.17626953125,0.949951171875,0.1998291015625
269,0.69207763671875,-0.657604204771112,-0.27751542413513797,-0.10697176623902592,0.9635009765625,0.1058349609375,-0.07701493585388795,-0.23344804132263797,-0.11077880859375,-0.26590731311402593,0.95745849609375,0.015636431333612043,0.14268876397888797,-0.23745349896791387,0.959239946958612,0.05511474609375,0.26705554974916385,-0.25592041015625,0.8720321400109741,0.32035067248902593,-0.16246027611569816,-0.17631913507263797,0.950000775697638,0.19987870538513797
270,0.69207763671875,-0.6575927734375,-0.27752685546875,-0.10699462890625,0.9635009765625,0.1058349609375,-0.0770263671875,-0.23345947265625,-0.11077880859375,-0.26593017578125,0.95745849609375,0.015625,0.1427001953125,-0.23748779296875,0.959228515625,0.05511474609375,0.26708984375,-0.25592041015625,0.87200927734375,0.32037353515625,-0.16241455078125,-0.17633056640625,0.95001220703125,0.19989013671875
271,0.6920435468488713,-0.6575927734375,-0.27756094533862874,-0.10706280864600752,0.9634668866926213,0.1056645115881062,-0.07723090640677255,-0.23356174226588627,-0.11056161325512125,-0.26569317973975753,0.9575464765363713,0.0155029296875,0.14312744140625,-0.2372507969272575,0.959228515625,0.05512189067725752,0.26729438296927255,-0.25592041015625,0.8719070077341137,0.3205439845056438,-0.16221001156197745,-0.1763987461460075,0.95001220703125,0.1999583164585075
272,0.6920166015625,-0.6575927734375,-0.277587890625,-0.10711669921875,0.96343994140625,0.10552978515625,-0.077392578125,-0.233642578125,-0.11053466796875,-0.2657470703125,0.95751953125,0.0155029296875,0.14312744140625,-0.2373046875,0.959228515625,0.05517578125,0.2674560546875,-0.25592041015625,0.871826171875,0.3206787109375,-0.16204833984375,-0.17645263671875,0.95001220703125,0.20001220703125
273,0.6920166015625,-0.6575927734375,-0.27760646654211957,-0.10715385105298914,0.9634213654891305,0.10541832965353261,-0.07750403362771739,-0.2336983058763587,-0.11033298658288043,-0.26535697605298914,0.9576416015625,0.015704611073369568,0.14357326341711957,-0.23697562839673914,0.9592099397078805,0.0552978515625,0.267586086107337,-0.25592041015625,0.8717518682065217,0.32077159052309784,-0.16191830842391303,-0.17647121263586957,0.95001220703125,0.20008651069972827
274,0.6920166015625,-0.6575927734375,-0.27764892578125,-0.10723876953125,0.96337890625,0.10516357421875,-0.0777587890625,-0.23382568359375,-0.11029052734375,-0.26544189453125,0.9576416015625,0.0157470703125,0.14361572265625,-0.237060546875,0.95916748046875,0.0552978515625,0.26788330078125,-0.25592041015625,0.87158203125,0.32098388671875,-0.16162109375,-0.176513671875,0.95001220703125,0.20025634765625
275,0.69189453125,-0.65765380859375,-0.2777099609375,-0.10736083984375,0.96331787109375,0.10516357421875,-0.078125,-0.2340087890625,-0.110107421875,-0.26513671875,0.95770263671875,0.01593017578125,0.14404296875,-0.23681640625,0.95916748046875,0.05560302734375,0.26812744140625,-0.25592041015625,0.871337890625,0.32135009765625,-0.16131591796875,-0.176513671875,0.95001220703125,0.20050048828125
276,0.69189453125,-0.65765380859375,-0.2777099609375,-0.10736083984375,0.96331787109375,0.10516357421875,-0.078125,-0.2340087890625,-0.110107421875,-0.26513671875,0.95770263671875,0.01593017578125,0.14404296875,-0.23681640625,0.95916748046875,0.05560302734375,0.26812744140625,-0.25592041015625,0.871337890625,0.32135009765625,-0.16131591796875,-0.176513671875,0.95001220703125,0.20050048828125
277,0.69189453125,-0.65765380859375,-0.2777099609375,-0.10740942301160117,0.9632692879258988,0.10487207521164299,-0.07865941484636285,-0.2341545385660535,-0.10993676839464883,-0.26481909098035117,0.95782470703125,0.01605224609375,0.14433569254285117,-0.23662084879285117,0.95916748046875,0.05572509765625,0.2682731909098035,-0.25587182698839883,0.8712407242892977,0.3215444303276547,-0.1611701684651965,-0.176513671875,0.95001220703125,0.2006462377848035
278,0.69189453125,-0.65765380859375,-0.2777099609375,-0.107421875,0.9632568359375,0.10479736328125,-0.07879638671875,-0.23419189453125,-0.10992431640625,-0.26483154296875,0.95782470703125,0.01605224609375,0.14434814453125,-0.23663330078125,0.95916748046875,0.05572509765625,0.268310546875,-0.255859375,0.8712158203125,0.32159423828125,-0.1611328125,-0.176513671875,0.95001220703125,0.20068359375
279,0.69189453125,-0.6576207393786581,-0.277743030152592,-0.107421875,0.9632237667224081,0.10473122485106606,-0.0790278712243938,-0.2342911021765259,-0.10983531530884197,-0.264681506715092,0.9578857421875,0.01620228234740803,0.14453125,-0.23648326452759197,0.95916748046875,0.05593616906615803,0.26837668530518394,-0.255892444215092,0.871149681882316,0.3217265151416179,-0.1610336048547241,-0.17648060265990803,0.95001220703125,0.20084893982545984
280,0.69189453125,-0.6575927734375,-0.27777099609375,-0.107421875,0.96319580078125,0.10467529296875,-0.0792236328125,-0.234375,-0.10986328125,-0.26470947265625,0.9578857421875,0.01617431640625,0.14453125,-0.23651123046875,0.95916748046875,0.055908203125,0.2684326171875,-0.25592041015625,0.87109375,0.32183837890625,-0.16094970703125,-0.17645263671875,0.95001220703125,0.20098876953125
281,0.6919296417746655,-0.6575576629128345,-0.27780610661841554,-0.107421875,0.9631782455189172,0.10460507191941891,-0.07931140912416386,-0.2344276657869983,-0.10975876619983277,-0.26472702791858277,0.9578857421875,0.016304756088001686,0.14469680020641723,-0.23648530583716554,0.9591064453125,0.056117233225334455,0.2684326171875,-0.2559730759432483,0.8710586394753345,0.32187348943091554,-0.16096726229358277,-0.17647019198108277,0.9499946517689172,0.20097121426891723
282,0.6920166015625,-0.657470703125,-0.27789306640625,-0.107421875,0.963134765625,0.10443115234375,-0.07952880859375,-0.23455810546875,-0.10980224609375,-0.2647705078125,0.9578857421875,0.01617431640625,0.1446533203125,-0.236572265625,0.9591064453125,0.0560302734375,0.2684326171875,-0.256103515625,0.8709716796875,0.32196044921875,-0.1610107421875,-0.176513671875,0.949951171875,0.200927734375
283,0.6920166015625,-0.65740966796875,-0.27789306640625,-0.107421875,0.9631876355429556,0.10441278055758775,-0.0795553456182066,-0.234521566027383,-0.10980224609375,-0.26470947265625,0.9578857421875,0.0162353515625,0.1446533203125,-0.236572265625,0.9591064453125,0.05609130859375,0.2684346584970736,-0.2561625094716764,0.8709696383779264,0.3219645318378972,-0.16100665956835283,-0.1765116305654264,0.95001220703125,0.2009297756845736
284,0.6920166015625,-0.65740966796875,-0.27789306640625,-0.107421875,0.96295166015625,0.1038818359375,-0.080322265625,-0.2352294921875,-0.10980224609375,-0.26470947265625,0.9578857421875,0.0162353515625,0.1446533203125,-0.236572265625,0.9591064453125,0.05609130859375,0.26849365234375,-0.256103515625,0.87091064453125,0.32208251953125,-0.160888671875,-0.17645263671875,0.95001220703125,0.20098876953125
285,0.6919690390494356,-0.6574572304818144,-0.2779881914323788,-0.107421875,0.9629992226693144,0.10392939845056438,-0.08022714059887123,-0.2352294921875,-0.10980224609375,-0.2646143476301212,0.9578857421875,0.016282914075564384,0.14468026559887123,-0.23651123046875,0.9591064453125,0.056199906263064384,0.2683985273176212,-0.256103515625,0.87091064453125,0.3221776445573788,-0.16098379690112877,-0.1765001992318144,0.9499646445181856,0.2010363320443144
286,0.69195556640625,-0.657470703125,-0.27801513671875,-0.107421875,0.962890625,0.103271484375,-0.08111572265625,-0.235595703125,-0.10980224609375,-0.26458740234375,0.9578857421875,0.01629638671875,0.1446533203125,-0.23651123046875,0.9591064453125,0.05621337890625,0.26849365234375,-0.25604248046875,0.87091064453125,0.32220458984375,-0.16094970703125,-0.1763916015625,0.95001220703125,0.20098876953125
287,0.6919235178459449,-0.6575027516853051,-0.2780471852790552,-0.10738982643969482,0.9628265278793896,0.10295099877194813,-0.08153235394021742,-0.23588414016774667,-0.10977325949780518,-0.2644332834709448,0.95794677734375,0.016328435279055187,0.1447433420646948,-0.23638916015625,0.9591064453125,0.056338511183110375,0.2685257009040552,-0.2560104319084448,0.8708785959709449,0.3222686869643604,-0.1609176584709448,-0.1763595530021948,0.95001220703125,0.20105286665186037
288,0.69189453125,-0.65753173828125,-0.278076171875,-0.10736083984375,0.9627685546875,0.1026611328125,-0.0819091796875,-0.23614501953125,-0.10980224609375,-0.264404296875,0.95794677734375,0.016357421875,0.14471435546875,-0.23638916015625,0.9591064453125,0.056396484375,0.2685546875,-0.2559814453125,0.870849609375,0.32232666015625,-0.160888671875,-0.17633056640625,0.95001220703125,0.20111083984375
289,0.69183349609375,-0.65753173828125,-0.27825927734375,-0.1072998046875,0.962752020079954,0.10259499438231605,-0.08187488568666389,-0.23611705359009197,-0.10968017578125,-0.26446533203125,0.95794677734375,0.01641845703125,0.144775390625,-0.2364501953125,0.9591064453125,0.0565185546875,0.26845425506897996,-0.2559814453125,0.8708165401599081,0.32240422992004597,-0.16098910430602006,-0.176408136170046,0.949951171875,0.20114390905884197
290,0.69183349609375,-0.65753173828125,-0.27825927734375,-0.1072998046875,0.96270751953125,0.1024169921875,-0.082275390625,-0.2362060546875,-0.10968017578125,-0.26446533203125,0.95794677734375,0.01641845703125,0.144775390625,-0.2364501953125,0.9591064453125,0.0565185546875,0.2686767578125,-0.2559814453125,0.8707275390625,0.32244873046875,-0.1607666015625,-0.17645263671875,0.949951171875,0.20123291015625
291,0.69189453125,-0.65740966796875,-0.27838134765625,-0.107177734375,0.9627685546875,0.10223898999268395,-0.08214923769335285,-0.23620401337792643,-0.109619140625,-0.264404296875,0.9580078125,0.016357421875,0.14483642578125,-0.2364501953125,0.9591064453125,0.0565185546875,0.2684956936533236,-0.2560445217783236,0.8708465474106396,0.32232972212061034,-0.16094766572167643,-0.1763926222172868,0.949951171875,0.20111390180811037
292,0.69189453125,-0.65740966796875,-0.27838134765625,-0.107177734375,0.9627685546875,0.1025390625,-0.0819091796875,-0.236083984375,-0.109619140625,-0.264404296875,0.9580078125,0.016357421875,0.14483642578125,-0.2364501953125,0.9591064453125,0.0565185546875,0.26861572265625,-0.25616455078125,0.87066650390625,0.322509765625,-0.16082763671875,-0.17645263671875,0.949951171875,0.2012939453125
293,0.6919410731082776,-0.6573631261104724,-0.27838134765625,-0.1071311925167224,0.9628150965457776,0.1024459787834448,-0.0819091796875,-0.236083984375,-0.1095260569084448,-0.264404296875,0.9580078125,0.016403963733277595,0.1449729893917224,-0.23651123046875,0.95904541015625,0.05673064675219481,0.26861572265625,-0.25616455078125,0.8707130457645276,0.32246322376672243,-0.16082763671875,-0.1764060948604724,0.949951171875,0.2012008615959448
294,0.69195556640625,-0.6573486328125,-0.27838134765625,-0.10711669921875,0.9627685546875,0.10272216796875,-0.08154296875,-0.236083984375,-0.1094970703125,-0.264404296875,0.9580078125,0.01641845703125,0.14495849609375,-0.23651123046875,0.95904541015625,0.05670166015625,0.26873779296875,-0.2562255859375,0.87060546875,0.32257080078125,-0.16070556640625,-0.17645263671875,0.949951171875,0.2012939453125
295,0.6919865943117683,-0.6573176049069817,-0.27838134765625,-0.10711669921875,0.9627685546875,0.1027842237797868,-0.0814809129389632,-0.2361460401860368,-0.1092529296875,-0.26434326171875,0.9580078125,0.016356401220213205,0.1451416015625,-0.2364812232180184,0.958984375,0.0567927025632316,0.26873779296875,-0.2562566138430184,0.8706364966555183,0.3225397728757316,-0.16070556640625,-0.17645263671875,0.949951171875,0.2012318895014632
296,0.6920166015625,-0.65728759765625,-0.27838134765625,-0.10711669921875,0.9627685546875,0.10284423828125,-0.0814208984375,-0.2362060546875,-0.1092529296875,-0.26434326171875,0.9580078125,0.01629638671875,0.1451416015625,-0.23651123046875,0.958984375,0.0567626953125,0.2689208984375,-0.25628662109375,0.87054443359375,0.32257080078125,-0.1605224609375,-0.17645263671875,0.95001220703125,0.2012939453125
297,0.6920166015625,-0.65728759765625,-0.2784423828125,-0.107177734375,0.9627685546875,0.1029062940922868,-0.0812978074702132,-0.2360994983277592,-0.10906982421875,-0.26434326171875,0.95806884765625,0.016357421875,0.1453857421875,-0.23651123046875,0.958984375,0.05682373046875,0.2689208984375,-0.25634765625,0.87054443359375,0.32257080078125,-0.16058349609375,-0.17657470703125,0.949951171875,0.2012939453125
298,0.6920166015625,-0.65728759765625,-0.2784423828125,-0.107177734375,0.9627685546875,0.10308837890625,-0.08111572265625,-0.23614501953125,-0.10906982421875,-0.26434326171875,0.95806884765625,0.016357421875,0.1454012561402592,-0.2364957165159908,0.958984375,0.0568314874451296,0.26910400390625,-0.25634765625,0.87042236328125,0.32269287109375,-0.16033935546875,-0.1766357421875,0.95001220703125,0.2012939453125
299,0.69195556640625,-0.65728759765625,-0.2784423828125,-0.107177734375,0.9627685546875,0.10308837890625,-0.08111572265625,-0.23614501953125,-0.10888671875,-0.26422119140625,0.9581298828125,0.016357421875,0.1455078125,-0.23638916015625,0.958984375,0.05694580078125,0.26910400390625,-0.25634765625,0.87042236328125,0.32275390625,-0.16033935546875,-0.1766357421875,0.949951171875,0.20135498046875
