timestep,imu0_w,imu0_x,imu0_y,imu0_z,imu1_w,imu1_x,imu1_y,imu1_z,imu2_w,imu2_x,imu2_y,imu2_z,imu3_w,imu3_x,imu3_y,imu3_z,imu4_w,imu4_x,imu4_y,imu4_z,imu5_w,imu5_x,imu5_y,imu5_z
0,0.99737548828125,-0.03790283203125,-0.03546142578125,-0.05029296875,0.666748046875,0.5926513671875,0.359619140625,0.2734375,0.58642578125,-0.13470458984375,0.7860107421875,0.14166259765625,0.976806640625,0.0498046875,0.111328125,-0.17578125,0.8988037109375,-0.2301025390625,-0.02569580078125,-0.3720703125,0.907958984375,-0.349609375,-0.09210205078125,-0.2117919921875
1,0.99737548828125,-0.03790283203125,-0.03546142578125,-0.05029296875,0.666748046875,0.5926513671875,0.359619140625,0.2734375,0.58642578125,-0.13470458984375,0.7860107421875,0.14166259765625,0.9764308355325042,0.04996574682535535,0.1144956250653219,-0.1758349364417851,0.8988037109375,-0.2301025390625,-0.02569580078125,-0.3720703125,0.90802001953125,-0.349853515625,-0.0906982421875,-0.2115478515625
2,0.997314453125,-0.038330078125,-0.0352783203125,-0.05023193359375,0.66650390625,0.5924072265625,0.35980224609375,0.27435302734375,0.58544921875,-0.13543701171875,0.78662109375,0.1416015625,0.976318359375,0.05047607421875,0.1148681640625,-0.1759033203125,0.8989110838210702,-0.22967529296875,-0.024800686533235788,-0.3720997073578595,0.90814208984375,-0.34942626953125,-0.0906982421875,-0.211669921875
3,0.997314453125,-0.038330078125,-0.0352783203125,-0.05023193359375,0.66650390625,0.5924072265625,0.35980224609375,0.27435302734375,0.58544921875,-0.13543701171875,0.78662109375,0.1416015625,0.97589111328125,0.0509033203125,0.1181640625,-0.17608642578125,0.89892578125,-0.22967529296875,-0.0245361328125,-0.3720703125,0.908203125,-0.3494873046875,-0.090087890625,-0.21173095703125
4,0.997314453125,-0.03839111328125,-0.03546142578125,-0.05010986328125,0.66668701171875,0.59185791015625,0.3599853515625,0.27484130859375,0.5845947265625,-0.13629150390625,0.78717041015625,0.1412353515625,0.975830078125,0.0509033203125,0.11834716796875,-0.17620849609375,0.8989574215483904,-0.2295803720735786,-0.024068264658235784,-0.3721629879546405,0.908203125,-0.3494873046875,-0.08984375,-0.2117919921875
5,0.997314453125,-0.03839111328125,-0.03546142578125,-0.05010986328125,0.66668701171875,0.59185791015625,0.3599853515625,0.27484130859375,0.5845947265625,-0.13629150390625,0.78717041015625,0.1412353515625,0.975341796875,0.051513671875,0.1217041015625,-0.17657470703125,0.89898681640625,-0.2294921875,-0.0238037109375,-0.3721923828125,0.90826416015625,-0.34906005859375,-0.0894775390625,-0.2122802734375
6,0.997314453125,-0.03857421875,-0.03582763671875,-0.05010986328125,0.66668701171875,0.5911865234375,0.3604736328125,0.27569580078125,0.5838623046875,-0.13720703125,0.78753662109375,0.141357421875,0.97528076171875,0.05157470703125,0.1220703125,-0.17657470703125,0.8990037592757107,-0.2294413588916179,-0.023020664585075252,-0.3721482905257107,0.90838623046875,-0.3489990234375,-0.089111328125,-0.212158203125
7,0.997314453125,-0.03861259536998328,-0.035818042563754184,-0.050119457436245816,0.6666582292537625,0.5912057117474916,0.3604640386575042,0.27571498909124165,0.5837663631375418,-0.13729337864496238,0.7875845918687291,0.14138620433998747,0.97479248046875,0.05234550552623328,0.12506103515625,-0.17710483512750835,0.8990574457174958,-0.22927070541126673,-0.02208513240750418,-0.3721923828125,0.9084568597799958,-0.3487165061925167,-0.08856201171875,-0.2125244140625
8,0.997314453125,-0.038818359375,-0.0357666015625,-0.0501708984375,0.66656494140625,0.5906982421875,0.3609619140625,0.27642822265625,0.583251953125,-0.13775634765625,0.787841796875,0.14154052734375,0.97479248046875,0.05255126953125,0.12506103515625,-0.177001953125,0.899169921875,-0.22857666015625,-0.0203857421875,-0.3724365234375,0.90850830078125,-0.3485107421875,-0.08856201171875,-0.2125244140625
9,0.997314453125,-0.038818359375,-0.0357666015625,-0.0501708984375,0.66656494140625,0.5906982421875,0.3609619140625,0.27642822265625,0.583251953125,-0.13775634765625,0.787841796875,0.14154052734375,0.9744009572925376,0.053613975295255016,0.12668305974341554,-0.17767313571279264,0.899169921875,-0.22857666015625,-0.0203857421875,-0.3724365234375,0.90887451171875,-0.34808349609375,-0.086181640625,-0.21270751953125
10,0.997314453125,-0.03875732421875,-0.03509521484375,-0.0501708984375,0.6669921875,0.5899658203125,0.36114501953125,0.27655029296875,0.58294677734375,-0.1380615234375,0.7880859375,0.14117431640625,0.97442626953125,0.0538330078125,0.12615966796875,-0.177734375,0.8993156713785535,-0.22688747648411373,-0.018761268028846156,-0.373202626920464,0.9088134765625,-0.34796142578125,-0.0867919921875,-0.21295166015625
11,0.9973556875783863,-0.0384274485916597,-0.034724104763273415,-0.05021213289088629,0.6673220631270903,0.5896359446854097,0.3610213161710911,0.27671523078229515,0.5828643084369775,-0.13814399234427258,0.7882096408601589,0.1408444407791597,0.9742233633596363,0.05486733937343227,0.12601126476275085,-0.17864990234375,0.8993117928903637,-0.22662516820390885,-0.01868329000313545,-0.3733932852346363,0.9095640660927049,-0.34714980109479515,-0.08272896961224917,-0.21266791812552258
12,0.99737548828125,-0.03826904296875,-0.0345458984375,-0.05023193359375,0.66796875,0.5888671875,0.36138916015625,0.27630615234375,0.58282470703125,-0.13818359375,0.78826904296875,0.14068603515625,0.9742431640625,0.05474853515625,0.12579345703125,-0.17864990234375,0.8993597636653428,-0.22482085467182275,-0.01763324035848662,-0.37439577236622074,0.90948486328125,-0.34722900390625,-0.08294677734375,-0.21270751953125
13,0.99737548828125,-0.03813635784646739,-0.03465204653532609,-0.05020539656929348,0.6680218240489131,0.5888141134510869,0.36146877122961957,0.2762000042459239,0.5827716329823369,-0.13810398267663043,0.7883221170176631,0.14060642408288043,0.97418212890625,0.05571448284646739,0.12471340013586957,-0.17961850373641305,0.8993875254755435,-0.22348685886548914,-0.016548488451086956,-0.37518310546875,0.9102862814198369,-0.34653373386548914,-0.07709536345108696,-0.2128030528192935
14,0.99737548828125,-0.0379638671875,-0.0347900390625,-0.0501708984375,0.66888427734375,0.587646484375,0.36175537109375,0.2762451171875,0.58270263671875,-0.13800048828125,0.78839111328125,0.1405029296875,0.97418212890625,0.0555419921875,0.12481689453125,-0.1796875,0.899169921875,-0.22186279296875,-0.0155029296875,-0.37677001953125,0.91021728515625,-0.34674072265625,-0.0770263671875,-0.2127685546875
15,0.99737548828125,-0.03798754637855351,-0.03494395380434783,-0.05014721924644649,0.6688250793661162,0.5877056823526338,0.36183824826243727,0.2761504004232859,0.5827144763142768,-0.13815440302309784,0.7883319153036162,0.1406331652382943,0.9743415551839465,0.05455359009197324,0.12375010614809782,-0.17978405394283026,0.899169921875,-0.22191015135085704,-0.015349014945652172,-0.3767463403401965,0.9109005114705268,-0.3451774877848035,-0.07383253422867893,-0.21358752808841974
16,0.99737548828125,-0.0380859375,-0.03558349609375,-0.050048828125,0.66937255859375,0.586181640625,0.36236572265625,0.27734375,0.582763671875,-0.1387939453125,0.7880859375,0.14117431640625,0.9742431640625,0.05450439453125,0.1243896484375,-0.179931640625,0.89874267578125,-0.219970703125,-0.01513671875,-0.37890625,0.91094970703125,-0.34527587890625,-0.0732421875,-0.21343994140625
17,0.997317310958403,-0.03849317875992893,-0.03633980129076087,-0.04987429615645903,0.6689071400109741,0.5867052365306229,0.36271478659333195,0.27687833141722407,0.5822400759693771,-0.1383285267297241,0.788493178759929,0.14146520302048496,0.9740657742605561,0.05339433038513796,0.12557034189485786,-0.18035317105194398,0.89874267578125,-0.219912525802153,-0.014264058907295152,-0.37890625,0.911490449937291,-0.343450539885556,-0.06913466437604515,-0.21533774691680602
18,0.997314453125,-0.03851318359375,-0.036376953125,-0.04986572265625,0.66937255859375,0.5850830078125,0.363037109375,0.27874755859375,0.58270263671875,-0.13946533203125,0.787841796875,0.14227294921875,0.97406005859375,0.05340576171875,0.1256103515625,-0.18035888671875,0.8984377041309574,-0.21940138188492894,-0.014272020014632106,-0.38002447938440637,0.9114990234375,-0.34344482421875,-0.069091796875,-0.21533203125
19,0.997314453125,-0.03860014338158445,-0.03668131238242057,-0.04973528297449833,0.6692421189119984,0.5852569273881689,0.36312406916283446,0.2785301591241639,0.5822243578856605,-0.13985665107650502,0.7879722365567516,0.14292514762750835,0.9738334732310828,0.0523681640625,0.12744058972617056,-0.18061139671300167,0.8983329849498328,-0.21938627619408443,-0.013934387411162208,-0.3802490234375,0.91192626953125,-0.34098586270641723,-0.06445394152382944,-0.21875
20,0.997314453125,-0.03863525390625,-0.03680419921875,-0.0496826171875,0.6690673828125,0.5843505859375,0.36383056640625,0.280029296875,0.58203125,-0.1400146484375,0.78802490234375,0.1431884765625,0.97381591796875,0.0523681640625,0.1275634765625,-0.1806640625,0.898193359375,-0.2193603515625,-0.01287841796875,-0.380615234375,0.91192626953125,-0.34100341796875,-0.0643310546875,-0.21875
21,0.997314453125,-0.03863525390625,-0.036376953125,-0.0494384765625,0.66925048828125,0.58428955078125,0.3634033203125,0.2801513671875,0.5818505941027383,-0.14032431509981186,0.7880720565948997,0.14352345546352424,0.97357177734375,0.051025390625,0.1297607421875,-0.18048095703125,0.8980712890625,-0.21917724609375,-0.01318359375,-0.3809814453125,0.9127197265625,-0.33624267578125,-0.05975341796875,-0.22418212890625
22,0.997314453125,-0.03863525390625,-0.036376953125,-0.0494384765625,0.668701171875,0.5836181640625,0.3643798828125,0.2816162109375,0.58123779296875,-0.14080810546875,0.788330078125,0.14410400390625,0.9735074760921822,0.050832486870296824,0.13083242971362874,-0.1802023182744565,0.8984375,-0.21881103515625,-0.01116943359375,-0.38037109375,0.9128697628161581,-0.33532102450877926,-0.05902467045098245,-0.2251252139292433
23,0.99737548828125,-0.03839111328125,-0.03558349609375,-0.0491943359375,0.669189453125,0.5833740234375,0.36376953125,0.2818603515625,0.58062744140625,-0.1416015625,0.7884521484375,0.14495849609375,0.97344970703125,0.05047607421875,0.13201904296875,-0.179931640625,0.8983154296875,-0.21868896484375,-0.01190185546875,-0.38079833984375,0.9129638671875,-0.3336181640625,-0.05841064453125,-0.22735595703125
24,0.99737548828125,-0.03839111328125,-0.03558349609375,-0.0491943359375,0.66845703125,0.58282470703125,0.3648681640625,0.28326416015625,0.58062744140625,-0.1416015625,0.7884521484375,0.14495849609375,0.9734564433528428,0.050435656289193144,0.13213356043582777,-0.17981712315792223,0.8988037109375,-0.21826171875,-0.01007080078125,-0.37982177734375,0.9130110214386497,-0.33336892016356606,-0.05814792798913042,-0.22759846460859115
25,0.9974359110446279,-0.037847308410848664,-0.03528138227686037,-0.049073490410744144,0.6688799905936454,0.5824621704509825,0.36468689577236624,0.2832037373928721,0.5802044820626046,-0.1423266356605351,0.7885729939642558,0.14550230096415134,0.9735711649508779,0.04968690393760452,0.13263368128135453,-0.1790753112588838,0.8986828654107442,-0.21862425533026755,-0.010554182888273408,-0.38000304563388376,0.9131494222277383,-0.3317828226248955,-0.05639281001776755,-0.2297344909463838
26,0.9974365234375,-0.037841796875,-0.0352783203125,-0.049072265625,0.66827392578125,0.58203125,0.36529541015625,0.28472900390625,0.5802001953125,-0.142333984375,0.78857421875,0.1455078125,0.97357177734375,0.0496826171875,0.13262939453125,-0.1790771484375,0.8988939368206522,-0.21884022588315216,-0.009391452955163053,-0.37931492017663043,0.91314697265625,-0.331787109375,-0.056396484375,-0.229736328125
27,0.9974365234375,-0.03770462087165552,-0.03532404564694816,-0.04898081495610368,0.6683653764501464,0.5819855246655519,0.36529541015625,0.2845918279029055,0.5796514912991221,-0.14265406171613712,0.7888028454222408,0.14610224184782608,0.97369384765625,0.04887405446540552,0.1328125,-0.17837514207514632,0.8988800559155519,-0.21900924631584448,-0.00921630859375,-0.3792571511156982,0.9134217329248536,-0.3300321955345945,-0.05458073950930184,-0.23155207299069816
28,0.9974365234375,-0.03765869140625,-0.03533935546875,-0.0489501953125,0.667724609375,0.5814208984375,0.36590576171875,0.28656005859375,0.5794677734375,-0.14276123046875,0.78887939453125,0.14630126953125,0.97369384765625,0.048828125,0.1328125,-0.17840576171875,0.8990182525736831,-0.21924705888116638,-0.007834750274352025,-0.3788119414977007,0.91339111328125,-0.330078125,-0.0545654296875,-0.2315673828125
29,0.9974365234375,-0.03778076171875,-0.03533935546875,-0.0487060546875,0.667724609375,0.58160400390625,0.36572265625,0.28643798828125,0.5789402990436873,-0.14273428518237877,0.7892196808371655,0.14661256924122074,0.97332763671875,0.04864501953125,0.13555908203125,-0.1783447265625,0.8990478515625,-0.21929931640625,-0.00689697265625,-0.3787841796875,0.91351318359375,-0.328369140625,-0.0531005859375,-0.2340087890625
30,0.9974365234375,-0.03778076171875,-0.03533935546875,-0.0487060546875,0.66693115234375,0.58099365234375,0.36639404296875,0.28863525390625,0.57843017578125,-0.1429443359375,0.78948974609375,0.14697265625,0.9731618823813755,0.048597661149142976,0.13676672077497912,-0.1783210473714465,0.8992919921875,-0.21893310546875,-0.0048828125,-0.37847900390625,0.913560541975857,-0.3277534816576087,-0.05253228535221571,-0.2347902023672659
31,0.9974365234375,-0.0379638671875,-0.03521728515625,-0.0484619140625,0.66693115234375,0.5811767578125,0.36614990234375,0.28863525390625,0.5775146484375,-0.14337158203125,0.7899169921875,0.1478271484375,0.972900390625,0.04876708984375,0.1385498046875,-0.178466796875,0.89923095703125,-0.21875,-0.0048828125,-0.37872314453125,0.91363525390625,-0.32659912109375,-0.0516357421875,-0.236328125
32,0.9974365234375,-0.0379638671875,-0.03521728515625,-0.0484619140625,0.66632080078125,0.58038330078125,0.36676025390625,0.29071044921875,0.5775146484375,-0.14337158203125,0.7899169921875,0.1478271484375,0.972864463576505,0.048758108081626256,0.13885518459970736,-0.17838596101588627,0.8994140625,-0.21868896484375,-0.00421142578125,-0.37835693359375,0.9136891444789925,-0.3263027229436664,-0.0514201798965301,-0.23658859610158864
33,0.99749755859375,-0.0377197265625,-0.0352783203125,-0.04815673828125,0.66656494140625,0.580322265625,0.36676025390625,0.2904052734375,0.5767822265625,-0.1439208984375,0.790283203125,0.14813232421875,0.97265625,0.04852294921875,0.140625,-0.17828369140625,0.89923095703125,-0.218994140625,-0.00421142578125,-0.37860107421875,0.913818359375,-0.3248291015625,-0.050048828125,-0.23834228515625
34,0.99749755859375,-0.0377197265625,-0.0352783203125,-0.04815673828125,0.66632080078125,0.57977294921875,0.36724853515625,0.29132080078125,0.5767822265625,-0.1439208984375,0.790283203125,0.14813232421875,0.9727115694894439,0.0474165594298704,0.14184202876776755,-0.17723262110681437,0.8992862765206939,-0.21998989143499165,-0.00432206476013796,-0.3778266013665343,0.913818359375,-0.3248291015625,-0.050048828125,-0.23834228515625
35,0.99749755859375,-0.03765869140625,-0.03515625,-0.04791259765625,0.66644287109375,0.57977294921875,0.3670654296875,0.29119873046875,0.5766644430001046,-0.14403868199989547,0.7903791446749582,0.14818907262489547,0.97265625,0.04730224609375,0.141845703125,-0.1773681640625,0.89923095703125,-0.2200927734375,-0.00439453125,-0.37799072265625,0.91400146484375,-0.32318115234375,-0.0479736328125,-0.2403564453125
36,0.99749755859375,-0.03765869140625,-0.03515625,-0.04791259765625,0.66632080078125,0.57958984375,0.36724853515625,0.29168701171875,0.57659912109375,-0.14410400390625,0.7904052734375,0.14825439453125,0.972859360302571,0.04648980488346572,0.14164259282242894,-0.17671821109427258,0.8991903349707357,-0.22094583670829848,-0.005450704823369562,-0.37754387999059363,0.91400146484375,-0.32318115234375,-0.0479736328125,-0.2403564453125
37,0.99749755859375,-0.03741455078125,-0.03515625,-0.0477294921875,0.66650390625,0.5794677734375,0.36724853515625,0.29150390625,0.57623291015625,-0.1441650390625,0.7906494140625,0.148193359375,0.97296142578125,0.04583740234375,0.1414794921875,-0.1766357421875,0.8990478515625,-0.2215576171875,-0.00604248046875,-0.37744140625,0.91387939453125,-0.32220458984375,-0.04864501953125,-0.2420654296875
38,0.99749755859375,-0.03741455078125,-0.03515625,-0.0477294921875,0.666259765625,0.5794677734375,0.36749267578125,0.2918701171875,0.57623291015625,-0.1441650390625,0.7906494140625,0.148193359375,0.97314453125,0.04541015625,0.14093017578125,-0.176025390625,0.89898681640625,-0.2222900390625,-0.007568359375,-0.377197265625,0.9139571684260034,-0.32158239868572325,-0.04851539637332776,-0.24263577158235786
39,0.99749755859375,-0.0372314453125,-0.03515625,-0.04766845703125,0.6663818359375,0.57940673828125,0.36749267578125,0.291748046875,0.5758056640625,-0.1444091796875,0.79083251953125,0.1484375,0.97314453125,0.04522705078125,0.14093017578125,-0.1761474609375,0.89892578125,-0.22247314453125,-0.00762939453125,-0.37725830078125,0.91400146484375,-0.32086181640625,-0.04833984375,-0.243408203125
40,0.99749755859375,-0.0372314453125,-0.03515625,-0.04766845703125,0.666015625,0.57904052734375,0.36798095703125,0.29254150390625,0.5758056640625,-0.1444091796875,0.79083251953125,0.1484375,0.97320556640625,0.04473876953125,0.14111328125,-0.17559814453125,0.8990478515625,-0.22320556640625,-0.00738525390625,-0.37652587890625,0.9140126920464047,-0.320828134798286,-0.04818266291283446,-0.243408203125
41,0.99749755859375,-0.0372314453125,-0.0350341796875,-0.04754638671875,0.66607666015625,0.5791015625,0.3677978515625,0.29254150390625,0.57525634765625,-0.14501953125,0.791015625,0.14892578125,0.97320556640625,0.04473876953125,0.1409912109375,-0.17572021484375,0.89898681640625,-0.22320556640625,-0.0074462890625,-0.37664794921875,0.9140625,-0.3206787109375,-0.04754638671875,-0.2435302734375
42,0.99749755859375,-0.0372314453125,-0.0350341796875,-0.04754638671875,0.66583251953125,0.5784912109375,0.3682861328125,0.293701171875,0.57525634765625,-0.14501953125,0.791015625,0.14892578125,0.9730904365463001,0.044566074741325255,0.14271815883674746,-0.17525969540395067,0.8992746410561245,-0.22337826119617474,-0.006294990463001694,-0.37584204019910117,0.9140625,-0.3206787109375,-0.04754638671875,-0.2435302734375
43,0.99755859375,-0.03753662109375,-0.03466796875,-0.04736328125,0.66583251953125,0.57867431640625,0.36785888671875,0.29388427734375,0.5750701802231396,-0.14521651762385032,0.7911338168243102,0.14918768126829013,0.97308349609375,0.04498291015625,0.14251708984375,-0.17535400390625,0.8992919921875,-0.22296142578125,-0.00640869140625,-0.37603759765625,0.914306640625,-0.32080078125,-0.0452880859375,-0.2427978515625
44,0.99755859375,-0.03753662109375,-0.03466796875,-0.04736328125,0.6656494140625,0.57818603515625,0.368408203125,0.2945556640625,0.574951171875,-0.14532470703125,0.79119873046875,0.14923095703125,0.97296142578125,0.04498291015625,0.14349365234375,-0.175048828125,0.8995361328125,-0.223388671875,-0.0054931640625,-0.375244140625,0.914306640625,-0.32080078125,-0.0452880859375,-0.2427978515625
45,0.99755859375,-0.0377197265625,-0.03466796875,-0.04718017578125,0.66558837890625,0.578369140625,0.3682861328125,0.29449462890625,0.5748291015625,-0.1451416015625,0.79132080078125,0.14923095703125,0.972900390625,0.045166015625,0.1435546875,-0.1751708984375,0.89947509765625,-0.2232666015625,-0.00537109375,-0.37542724609375,0.91461181640625,-0.3214111328125,-0.0416259765625,-0.2415771484375
46,0.99755859375,-0.0377197265625,-0.03466796875,-0.04718017578125,0.66571044921875,0.57806396484375,0.3682861328125,0.29486083984375,0.5748291015625,-0.1451416015625,0.79132080078125,0.14923095703125,0.97283935546875,0.044921875,0.14453125,-0.1749267578125,0.899658203125,-0.2242431640625,-0.00457763671875,-0.37451171875,0.9146963266225961,-0.3215801532451923,-0.04044283353365382,-0.24126727764423075
47,0.99749755859375,-0.037841796875,-0.034912109375,-0.047119140625,0.66552734375,0.5782470703125,0.368408203125,0.29473876953125,0.5745849609375,-0.145263671875,0.79144287109375,0.149169921875,0.9727783203125,0.0450439453125,0.144775390625,-0.17498779296875,0.899658203125,-0.2242431640625,-0.0042724609375,-0.37451171875,0.914794921875,-0.32171630859375,-0.038818359375,-0.2408447265625
48,0.99749755859375,-0.037841796875,-0.034912109375,-0.047119140625,0.66571044921875,0.57794189453125,0.3682861328125,0.29498291015625,0.5745849609375,-0.145263671875,0.79144287109375,0.149169921875,0.97271728515625,0.044677734375,0.14532470703125,-0.17486572265625,0.899658203125,-0.2249755859375,-0.00372314453125,-0.3740234375,0.9148083945181856,-0.32181061709604936,-0.038427652722617035,-0.24072347277382944
49,0.99749755859375,-0.03802490234375,-0.03497314453125,-0.04718017578125,0.66558837890625,0.57806396484375,0.3682861328125,0.2950439453125,0.574462890625,-0.1446533203125,0.79168701171875,0.149169921875,0.97271728515625,0.04486083984375,0.1453857421875,-0.1748046875,0.89971923828125,-0.224853515625,-0.00360107421875,-0.37396240234375,0.91497802734375,-0.322021484375,-0.0369873046875,-0.240234375
50,0.99749755859375,-0.03802490234375,-0.03497314453125,-0.04718017578125,0.66534423828125,0.57843017578125,0.3680419921875,0.29510498046875,0.574462890625,-0.1446533203125,0.79168701171875,0.149169921875,0.97271728515625,0.0450439453125,0.1451416015625,-0.1749267578125,0.8997790486517558,-0.224853515625,-0.0031824016252090352,-0.37390259197324416,0.91497802734375,-0.322021484375,-0.0369873046875,-0.240234375
51,0.99749755859375,-0.037841796875,-0.034912109375,-0.04736328125,0.66546630859375,0.5782470703125,0.3681640625,0.29522705078125,0.57440185546875,-0.1439208984375,0.79180908203125,0.1492919921875,0.9727783203125,0.04486083984375,0.14501953125,-0.1748046875,0.8997802734375,-0.2249755859375,-0.00335693359375,-0.37371826171875,0.91510009765625,-0.322021484375,-0.03631591796875,-0.23968505859375
52,0.99749755859375,-0.037841796875,-0.034912109375,-0.04736328125,0.6650390625,0.57867431640625,0.3680419921875,0.29541015625,0.57440185546875,-0.1439208984375,0.79180908203125,0.1492919921875,0.972900390625,0.04510498046875,0.14434814453125,-0.17474365234375,0.8998704993206522,-0.2249755859375,-0.003402046535326086,-0.37358292289402173,0.91510009765625,-0.322021484375,-0.03631591796875,-0.23968505859375
53,0.99749755859375,-0.037353515625,-0.03509521484375,-0.04754638671875,0.66522216796875,0.57830810546875,0.368408203125,0.2952880859375,0.5740966796875,-0.143798828125,0.79205322265625,0.149169921875,0.972900390625,0.0445556640625,0.14447021484375,-0.17462158203125,0.89984130859375,-0.2254638671875,-0.00347900390625,-0.373291015625,0.91522216796875,-0.32232666015625,-0.03594970703125,-0.239013671875
54,0.99749755859375,-0.037353515625,-0.03509521484375,-0.04754638671875,0.66510009765625,0.578369140625,0.368408203125,0.29541015625,0.5740966796875,-0.143798828125,0.79205322265625,0.149169921875,0.9727783203125,0.0445556640625,0.14520263671875,-0.17462158203125,0.9000244140625,-0.22515869140625,-0.0025634765625,-0.373046875,0.91522216796875,-0.32232666015625,-0.03594970703125,-0.239013671875
55,0.99749755859375,-0.037353515625,-0.03497314453125,-0.0477294921875,0.66510009765625,0.57830810546875,0.368408203125,0.29559326171875,0.57391357421875,-0.143798828125,0.79217529296875,0.1492919921875,0.97283935546875,0.0445556640625,0.1451416015625,-0.17449951171875,0.90008544921875,-0.22509765625,-0.00274658203125,-0.3729248046875,0.9154052734375,-0.3223876953125,-0.03515625,-0.23834228515625
56,0.99749755859375,-0.037353515625,-0.03497314453125,-0.0477294921875,0.66510009765625,0.5782470703125,0.36859130859375,0.2955322265625,0.57391357421875,-0.143798828125,0.79217529296875,0.1492919921875,0.97265625,0.04461669921875,0.14630126953125,-0.17449951171875,0.9002685546875,-0.22454833984375,-0.002197265625,-0.37286376953125,0.9154052734375,-0.3223876953125,-0.03515625,-0.23834228515625
57,0.99749755859375,-0.0374755859375,-0.03448486328125,-0.04779052734375,0.6651611328125,0.57818603515625,0.3682861328125,0.2958984375,0.57391357421875,-0.1436767578125,0.79217529296875,0.14959716796875,0.97271728515625,0.04486083984375,0.14581298828125,-0.1744384765625,0.9002685546875,-0.2242431640625,-0.0025634765625,-0.37298583984375,0.91558837890625,-0.32196044921875,-0.03533935546875,-0.23822021484375
58,0.99749755859375,-0.0374755859375,-0.03448486328125,-0.04779052734375,0.6649169921875,0.578125,0.36859130859375,0.29608154296875,0.57391357421875,-0.1436767578125,0.79217529296875,0.14959716796875,0.9725341796875,0.04541015625,0.14715576171875,-0.17437744140625,0.9005126953125,-0.2232666015625,-0.0025634765625,-0.373046875,0.9155893995610368,-0.3219573872543896,-0.035355685945338645,-0.23821409091502926
59,0.99755859375,-0.03704833984375,-0.03448486328125,-0.0478515625,0.6651611328125,0.57781982421875,0.3687744140625,0.29595947265625,0.5736083984375,-0.143798828125,0.7923583984375,0.14947509765625,0.9725341796875,0.04498291015625,0.14703369140625,-0.17437744140625,0.90045166015625,-0.22369384765625,-0.00274658203125,-0.37298583984375,0.91552734375,-0.32220458984375,-0.03643798828125,-0.23779296875
60,0.99755859375,-0.03704833984375,-0.03448486328125,-0.0478515625,0.665066416048286,0.577772465836643,0.368821772444607,0.29624362294889217,0.5736083984375,-0.143798828125,0.7923583984375,0.14947509765625,0.9722900390625,0.04534912109375,0.1484375,-0.17449951171875,0.90045166015625,-0.2233149805993938,-0.0026992236491429756,-0.3731752733721781,0.91552734375,-0.32220458984375,-0.03643798828125,-0.23779296875
61,0.99749755859375,-0.03717041015625,-0.03448486328125,-0.04791259765625,0.6649169921875,0.57781982421875,0.36883544921875,0.29638671875,0.57342529296875,-0.1436767578125,0.79248046875,0.14959716796875,0.9722900390625,0.04541015625,0.14849853515625,-0.1744384765625,0.90045166015625,-0.22308349609375,-0.002685546875,-0.3731689453125,0.91558837890625,-0.3221435546875,-0.03668212890625,-0.23760986328125
62,0.99749755859375,-0.03717041015625,-0.03448486328125,-0.04791259765625,0.66497802734375,0.57769775390625,0.36871337890625,0.29656982421875,0.57342529296875,-0.1436767578125,0.79248046875,0.14959716796875,0.97216796875,0.04559326171875,0.14898681640625,-0.17462158203125,0.90045166015625,-0.2228548694215092,-0.002979495453595316,-0.37336491103156355,0.91558837890625,-0.3221435546875,-0.03668212890625,-0.23760986328125
63,0.99749755859375,-0.0372314453125,-0.03460693359375,-0.0479736328125,0.66485595703125,0.5777587890625,0.36883544921875,0.29656982421875,0.5733642578125,-0.14373779296875,0.7926025390625,0.14947509765625,0.97216796875,0.04559326171875,0.14910888671875,-0.174560546875,0.90045166015625,-0.22265625,-0.00311279296875,-0.37347412109375,0.91558837890625,-0.3223876953125,-0.03759765625,-0.23712158203125
64,0.99749755859375,-0.0372314453125,-0.03460693359375,-0.0479736328125,0.66510009765625,0.57757568359375,0.36871337890625,0.296630859375,0.5733642578125,-0.14373779296875,0.7926025390625,0.14947509765625,0.97216796875,0.0455322265625,0.14923095703125,-0.174560546875,0.9005126953125,-0.22222900390625,-0.00341796875,-0.3736572265625,0.91558837890625,-0.3223876953125,-0.03759765625,-0.23712158203125
65,0.99749755859375,-0.037353515625,-0.03485107421875,-0.04803466796875,0.6649169921875,0.57769775390625,0.36883544921875,0.29656982421875,0.5732421875,-0.14361572265625,0.792724609375,0.149169921875,0.97210693359375,0.04549772843070652,0.14950694208559784,-0.17452074133831522,0.90057373046875,-0.22216796875,-0.003173828125,-0.37353515625,0.91558837890625,-0.322998046875,-0.03814697265625,-0.23626708984375
66,0.99749755859375,-0.037353515625,-0.03485107421875,-0.04803466796875,0.66522216796875,0.57745361328125,0.36883544921875,0.29644775390625,0.5732421875,-0.14361572265625,0.792724609375,0.149169921875,0.97210693359375,0.0450439453125,0.149658203125,-0.17462158203125,0.9005126953125,-0.22247314453125,-0.0025634765625,-0.37353515625,0.91558837890625,-0.322998046875,-0.03814697265625,-0.23626708984375
67,0.99749755859375,-0.03802490234375,-0.03485107421875,-0.048095703125,0.664794921875,0.577880859375,0.36865234375,0.2967529296875,0.5731893175820443,-0.1433634167929557,0.7927774792929557,0.1493205705215301,0.97210693359375,0.045654296875,0.14984130859375,-0.17449951171875,0.90069580078125,-0.22186279296875,-0.00225830078125,-0.37347412109375,0.9156494140625,-0.3231201171875,-0.03765869140625,-0.2359619140625
68,0.99749755859375,-0.03802490234375,-0.03485107421875,-0.048095703125,0.66485595703125,0.57781982421875,0.36871337890625,0.296630859375,0.57318115234375,-0.14337158203125,0.79278564453125,0.1492919921875,0.9720458984375,0.0450439453125,0.15020751953125,-0.174560546875,0.900646196958612,-0.22166437767819816,-0.001960677845422242,-0.3736229325616639,0.9156494140625,-0.3231201171875,-0.03765869140625,-0.2359619140625
69,0.9974365234375,-0.03814697265625,-0.03472900390625,-0.04827880859375,0.664794921875,0.57781982421875,0.36871337890625,0.296875,0.572998046875,-0.14337158203125,0.79290771484375,0.1494140625,0.9719801682692307,0.04541954627403846,0.15056903545673075,-0.17454646183894232,0.9007568359375,-0.22149658203125,-0.00201416015625,-0.37353515625,0.9156494140625,-0.32342529296875,-0.03778076171875,-0.2354736328125
70,0.9974365234375,-0.03814697265625,-0.03472900390625,-0.04827880859375,0.66461181640625,0.5780029296875,0.36883544921875,0.296630859375,0.572998046875,-0.14337158203125,0.79290771484375,0.1494140625,0.971923828125,0.0455322265625,0.1507568359375,-0.17462158203125,0.9007568359375,-0.22083336055079433,-0.001874534581417226,-0.3738493137933737,0.9156494140625,-0.32342529296875,-0.03778076171875,-0.2354736328125
71,0.99749755859375,-0.03790283203125,-0.03424072265625,-0.04864501953125,0.66485595703125,0.57757568359375,0.3687744140625,0.297119140625,0.57293701171875,-0.1434326171875,0.79290771484375,0.1495361328125,0.9719907830790133,0.045795963759406366,0.15043390076295987,-0.17442071716920987,0.90087890625,-0.2203369140625,-0.00238037109375,-0.3739013671875,0.915771484375,-0.3231201171875,-0.0384521484375,-0.23541259765625
72,0.99749755859375,-0.03790283203125,-0.03424072265625,-0.04864501953125,0.6646728515625,0.57794189453125,0.36871337890625,0.29681396484375,0.57293701171875,-0.1434326171875,0.79290771484375,0.1495361328125,0.971923828125,0.0462646484375,0.150634765625,-0.17462158203125,0.90087890625,-0.2199731526964883,-0.002319744199414715,-0.3741034568352843,0.915771484375,-0.3231201171875,-0.0384521484375,-0.23541259765625
73,0.99749755859375,-0.03741455078125,-0.03387451171875,-0.0489501953125,0.66497802734375,0.577392578125,0.3687744140625,0.297119140625,0.5728759765625,-0.14361572265625,0.79290771484375,0.1494140625,0.9720201779368729,0.04595314459657191,0.15024610028219063,-0.17442888240750418,0.90087890625,-0.219482421875,-0.0028076171875,-0.37432861328125,0.915771484375,-0.32275390625,-0.03955078125,-0.23565673828125
74,0.99749755859375,-0.03738699310200669,-0.033869000182901336,-0.04897224145589465,0.6649890504154473,0.5776701962270067,0.36860784320129597,0.2967029176029473,0.5728759765625,-0.14364879187134197,0.79290771484375,0.1494030394283027,0.9719293396608487,0.04635916107075669,0.1503796019283027,-0.17459953588785534,0.90087890625,-0.21864997583089466,-0.0030127687996446503,-0.3748558835441054,0.9157659728391513,-0.32273737164245403,-0.03964447735942726,-0.23568980749634197
75,0.99749755859375,-0.037109375,-0.0338134765625,-0.0491943359375,0.66510009765625,0.577392578125,0.3687744140625,0.29681396484375,0.57281494140625,-0.14373779296875,0.79302978515625,0.1490478515625,0.97198486328125,0.045903949035848664,0.15015015873223245,-0.1746734312944189,0.90087890625,-0.2188720703125,-0.00323486328125,-0.3746337890625,0.91571044921875,-0.32257080078125,-0.04058837890625,-0.23602294921875
76,0.99749755859375,-0.037109375,-0.0338134765625,-0.0491943359375,0.66534423828125,0.5772705078125,0.36865234375,0.29669189453125,0.57281494140625,-0.14373779296875,0.79302978515625,0.1490478515625,0.97198486328125,0.0458984375,0.150146484375,-0.1746826171875,0.9007752077236623,-0.21913131662834448,-0.002923767702236627,-0.37478933685200666,0.91571044921875,-0.32257080078125,-0.04058837890625,-0.23602294921875
77,0.9974365234375,-0.03765869140625,-0.0338134765625,-0.04931640625,0.66497802734375,0.57763671875,0.36859130859375,0.2969970703125,0.57281494140625,-0.1436767578125,0.79302978515625,0.14923095703125,0.97198486328125,0.046002748419209864,0.15035755578490803,-0.17458851281615803,0.90093994140625,-0.21868896484375,-0.002685546875,-0.374755859375,0.9156494140625,-0.32275390625,-0.04052734375,-0.2359619140625
78,0.9974365234375,-0.03765869140625,-0.0338134765625,-0.04931640625,0.66522216796875,0.5772705078125,0.36871337890625,0.29693603515625,0.57281494140625,-0.1436767578125,0.79302978515625,0.14923095703125,0.97198486328125,0.04583740234375,0.150390625,-0.17462158203125,0.9009027895720109,-0.21898617951766303,-0.0023140285326086994,-0.3746444038722826,0.9156494140625,-0.32275390625,-0.04052734375,-0.2359619140625
79,0.9974365234375,-0.03826904296875,-0.03369140625,-0.04925537109375,0.6649169921875,0.57769775390625,0.368408203125,0.29718017578125,0.57293701171875,-0.1435546875,0.79290771484375,0.14947509765625,0.97198486328125,0.04608154296875,0.15020751953125,-0.174560546875,0.9010009765625,-0.21856689453125,-0.001953125,-0.37469482421875,0.91571044921875,-0.32269287109375,-0.0400390625,-0.23583984375
80,0.9974365234375,-0.03826904296875,-0.03369140625,-0.04925537109375,0.66497802734375,0.57769775390625,0.36834716796875,0.29718017578125,0.57293701171875,-0.1435546875,0.79290771484375,0.14947509765625,0.97198486328125,0.04608154296875,0.15020751953125,-0.174560546875,0.9010009765625,-0.21858934893655937,-0.0016836721362876467,-0.3746274610028219,0.91571044921875,-0.32269287109375,-0.0400390625,-0.23583984375
81,0.9974365234375,-0.0382080078125,-0.03369140625,-0.04931640625,0.66497802734375,0.57757568359375,0.368408203125,0.29718017578125,0.572998046875,-0.1435546875,0.7928466796875,0.1495361328125,0.97210693359375,0.046142578125,0.14947509765625,-0.17449951171875,0.9010009765625,-0.21868896484375,-0.001220703125,-0.37445068359375,0.9158935546875,-0.32275390625,-0.03936767578125,-0.23529052734375
82,0.9974365234375,-0.0382080078125,-0.03369140625,-0.04931640625,0.66497802734375,0.57763671875,0.36822509765625,0.29736328125,0.572998046875,-0.1435546875,0.7928466796875,0.1495361328125,0.97210693359375,0.046142578125,0.14947509765625,-0.17449951171875,0.9010009765625,-0.21865017996185201,-0.00124397405413879,-0.37448946847564796,0.9158935546875,-0.32275390625,-0.03936767578125,-0.23529052734375
83,0.9974365234375,-0.03790283203125,-0.033935546875,-0.04931640625,0.6650390625,0.5775146484375,0.36846923828125,0.297119140625,0.572998046875,-0.1434326171875,0.79290771484375,0.14935302734375,0.97216796875,0.045654296875,0.14898681640625,-0.17462158203125,0.90093994140625,-0.21875,-0.0013427734375,-0.3746337890625,0.91571044921875,-0.3238525390625,-0.0391845703125,-0.23443603515625
84,0.9974365234375,-0.03790283203125,-0.033935546875,-0.04931640625,0.6653095360184992,0.5772441749190008,0.3682528594664507,0.2973896141434992,0.572998046875,-0.1434326171875,0.79290771484375,0.14935302734375,0.97216796875,0.045654296875,0.14898681640625,-0.17462158203125,0.9007776572951505,-0.2191286629258988,-0.0011263946227006768,-0.3747960731735995,0.91571044921875,-0.3238525390625,-0.0391845703125,-0.23443603515625
85,0.9974365234375,-0.03826904296875,-0.03448486328125,-0.04931640625,0.6649169921875,0.57757568359375,0.36846923828125,0.2972412109375,0.57293701171875,-0.14349365234375,0.79290771484375,0.14935302734375,0.97210693359375,0.0447998046875,0.1495361328125,-0.1746826171875,0.90081787109375,-0.21905517578125,-0.00048828125,-0.37469482421875,0.91571044921875,-0.32427978515625,-0.03826904296875,-0.23406982421875
86,0.9974365234375,-0.03826904296875,-0.03448486328125,-0.04931640625,0.6651533758361204,0.5772999026703596,0.36839044373170987,0.29743819731135035,0.57293701171875,-0.14349365234375,0.79290771484375,0.14935302734375,0.97210693359375,0.0447998046875,0.1495361328125,-0.1746826171875,0.9007390765442098,-0.21937035397941052,-0.00025189760137960795,-0.37477361876829013,0.91571044921875,-0.32427978515625,-0.03826904296875,-0.23406982421875
87,0.99737548828125,-0.0389404296875,-0.034912109375,-0.0494384765625,0.6646728515625,0.57769775390625,0.3685302734375,0.297607421875,0.57275390625,-0.143310546875,0.79302978515625,0.14971923828125,0.97198486328125,0.0447998046875,0.15057373046875,-0.1746826171875,0.90087890625,-0.2191162109375,0.00042724609375,-0.37457275390625,0.9156494140625,-0.32452392578125,-0.0377197265625,-0.23394775390625
88,0.99737548828125,-0.0389404296875,-0.034912109375,-0.0494384765625,0.66461181640625,0.57769775390625,0.3685302734375,0.29779052734375,0.57275390625,-0.143310546875,0.79302978515625,0.14971923828125,0.97198486328125,0.0447998046875,0.15057373046875,-0.1746826171875,0.9008542064041597,-0.2187951129415761,0.0005260454771111996,-0.374819752364653,0.9156494140625,-0.32452392578125,-0.0377197265625,-0.23394775390625
89,0.99737548828125,-0.038818359375,-0.03472900390625,-0.04974365234375,0.66461181640625,0.57745361328125,0.36859130859375,0.298095703125,0.5726318359375,-0.14300537109375,0.79315185546875,0.15008544921875,0.97198486328125,0.04547119140625,0.15032958984375,-0.17474365234375,0.90093994140625,-0.2183837890625,0.00042724609375,-0.37493896484375,0.915771484375,-0.32403564453125,-0.03826904296875,-0.23419189453125
90,0.99737548828125,-0.038818359375,-0.03472900390625,-0.04974365234375,0.6641845703125,0.578125,0.3682861328125,0.298095703125,0.5726318359375,-0.14300537109375,0.79315185546875,0.15008544921875,0.97198486328125,0.04547119140625,0.15032958984375,-0.17474365234375,0.9009299389893395,-0.21813372863973662,0.0003472267584657205,-0.3750990035143186,0.915771484375,-0.32403564453125,-0.03826904296875,-0.23419189453125
91,0.99737548828125,-0.0379638671875,-0.03466796875,-0.0501708984375,0.66461181640625,0.57733154296875,0.36871337890625,0.29815673828125,0.572509765625,-0.1429443359375,0.793212890625,0.14996337890625,0.9720458984375,0.045654296875,0.14959716796875,-0.17498779296875,0.90087890625,-0.217529296875,-0.00054931640625,-0.37554931640625,0.91583251953125,-0.32354736328125,-0.039306640625,-0.234375
92,0.99737548828125,-0.0379638671875,-0.03466796875,-0.0501708984375,0.6643864558293269,0.5777822641225961,0.36837533804086536,0.2981003981370192,0.572509765625,-0.1429443359375,0.793212890625,0.14996337890625,0.9720458984375,0.045654296875,0.14959716796875,-0.17498779296875,0.90087890625,-0.217529296875,-0.00054931640625,-0.37554931640625,0.91583251953125,-0.32354736328125,-0.039306640625,-0.234375
93,0.99737548828125,-0.03741455078125,-0.0347900390625,-0.05059814453125,0.66455078125,0.57733154296875,0.36883544921875,0.29815673828125,0.57232666015625,-0.1432237912181229,0.7933719086407818,0.1497923171639841,0.9720579421639841,0.04523991103156355,0.14940120224968645,-0.17496452203961121,0.9007568359375,-0.2174072265625,-0.0009765625,-0.3758544921875,0.91583251953125,-0.32379150390625,-0.03948974609375,-0.23406982421875
94,0.99737548828125,-0.03741455078125,-0.0347900390625,-0.05059814453125,0.664675709395903,0.577248257538148,0.368752163788148,0.298115095565949,0.57232666015625,-0.14312744140625,0.79339599609375,0.1497802734375,0.9720458984375,0.0452880859375,0.14935302734375,-0.175048828125,0.9007568359375,-0.2174072265625,-0.0009765625,-0.3758544921875,0.91583251953125,-0.32379150390625,-0.03948974609375,-0.23406982421875
95,0.99737548828125,-0.03759765625,-0.034912109375,-0.05084228515625,0.66448974609375,0.5772705078125,0.368896484375,0.29827880859375,0.572265625,-0.14312744140625,0.79339599609375,0.149658203125,0.97210693359375,0.0450439453125,0.14923095703125,-0.17510986328125,0.9007568359375,-0.21746826171875,-0.00048828125,-0.3758544921875,0.915771484375,-0.32452392578125,-0.03900146484375,-0.2332763671875
96,0.99737548828125,-0.03759765625,-0.034912109375,-0.05084228515625,0.6646244725256062,0.5771088360942725,0.36892342966137126,0.29825186330737874,0.572265625,-0.14312744140625,0.79339599609375,0.149658203125,0.97210693359375,0.0450439453125,0.14923095703125,-0.17510986328125,0.9007568359375,-0.21746826171875,-0.00048828125,-0.3758544921875,0.915771484375,-0.32452392578125,-0.03900146484375,-0.2332763671875
97,0.997314453125,-0.0380859375,-0.03509521484375,-0.05108642578125,0.66436767578125,0.57720947265625,0.36907958984375,0.2984619140625,0.57208251953125,-0.14306640625,0.79351806640625,0.14990234375,0.9720458984375,0.04498291015625,0.1497802734375,-0.175048828125,0.90081787109375,-0.2174072265625,0.00042724609375,-0.375732421875,0.9158935546875,-0.32476806640625,-0.0386962890625,-0.232421875
98,0.997314453125,-0.0380859375,-0.03509521484375,-0.05108642578125,0.6643921714961329,0.5771727290839256,0.36910408555863294,0.29847416191994147,0.57208251953125,-0.14306640625,0.79351806640625,0.14990234375,0.9720458984375,0.04498291015625,0.1497802734375,-0.175048828125,0.90081787109375,-0.2174072265625,0.00042724609375,-0.375732421875,0.9158935546875,-0.32476806640625,-0.0386962890625,-0.232421875
99,0.997314453125,-0.03826904296875,-0.03497314453125,-0.05126953125,0.66436767578125,0.5770263671875,0.369140625,0.29876708984375,0.5718994140625,-0.14312744140625,0.79364013671875,0.15008544921875,0.971923828125,0.04510498046875,0.1502685546875,-0.17498779296875,0.90093994140625,-0.217041015625,0.00140380859375,-0.3756103515625,0.916015625,-0.324951171875,-0.0379638671875,-0.23187255859375
100,0.997314453125,-0.03826904296875,-0.03497314453125,-0.05126953125,0.66436767578125,0.5770263671875,0.369140625,0.29876708984375,0.5718994140625,-0.14312744140625,0.79364013671875,0.15008544921875,0.971923828125,0.04510498046875,0.1502685546875,-0.17498779296875,0.90093994140625,-0.217041015625,0.00140380859375,-0.3756103515625,0.916015625,-0.324951171875,-0.0379638671875,-0.23187255859375
101,0.997314453125,-0.03814697265625,-0.03448486328125,-0.05145263671875,0.6644287109375,0.5767822265625,0.36932373046875,0.2989501953125,0.5717946948813755,-0.14332034516095318,0.793642382159281,0.15007565093279682,0.9719434246969063,0.04520745420934365,0.15039511588106186,-0.17491695952654682,0.90106201171875,-0.2166748046875,0.00213623046875,-0.37554931640625,0.9161376953125,-0.32501220703125,-0.03765869140625,-0.23126220703125
102,0.997314453125,-0.03814697265625,-0.03448486328125,-0.05145263671875,0.6644287109375,0.5767822265625,0.36932373046875,0.2989501953125,0.57171630859375,-0.143310546875,0.793701171875,0.15008544921875,0.971923828125,0.04522705078125,0.1505126953125,-0.1749267578125,0.90106201171875,-0.2166748046875,0.00213623046875,-0.37554931640625,0.9161376953125,-0.32501220703125,-0.03765869140625,-0.23126220703125
103,0.997314453125,-0.0380859375,-0.03387451171875,-0.0516357421875,0.66461181640625,0.57666015625,0.369140625,0.2989501953125,0.5719488137541806,-0.14326237196906355,0.7935541975857023,0.15004890977738294,0.971923828125,0.045654296875,0.15032958984375,-0.175048828125,0.901123046875,-0.2161865234375,0.00244140625,-0.3756103515625,0.916259765625,-0.32489013671875,-0.0374755859375,-0.2310791015625
104,0.997314453125,-0.0380859375,-0.03387451171875,-0.0516357421875,0.66461181640625,0.57666015625,0.369140625,0.2989501953125,0.57177734375,-0.14306640625,0.793701171875,0.1500244140625,0.971923828125,0.045654296875,0.15032958984375,-0.175048828125,0.901123046875,-0.2161865234375,0.00244140625,-0.3756103515625,0.916259765625,-0.32489013671875,-0.0374755859375,-0.2310791015625
105,0.997314453125,-0.03790283203125,-0.03350830078125,-0.0518798828125,0.66455078125,0.57666015625,0.369140625,0.299072265625,0.5719122743128136,-0.14332340712531355,0.7935835924435619,0.15002890494356186,0.97186279296875,0.046142578125,0.15045166015625,-0.17498779296875,0.90130615234375,-0.215576171875,0.002197265625,-0.37567138671875,0.9163818359375,-0.32476806640625,-0.03778076171875,-0.23077392578125
106,0.997314453125,-0.03790283203125,-0.03350830078125,-0.0518798828125,0.66455078125,0.57666015625,0.369140625,0.299072265625,0.57171630859375,-0.14312744140625,0.793701171875,0.150146484375,0.97186279296875,0.046142578125,0.15045166015625,-0.17498779296875,0.90130615234375,-0.215576171875,0.002197265625,-0.37567138671875,0.9163818359375,-0.32476806640625,-0.03778076171875,-0.23077392578125
107,0.99737548828125,-0.03729248046875,-0.033447265625,-0.05194091796875,0.66461181640625,0.57647705078125,0.36932373046875,0.29901123046875,0.571533203125,-0.143310546875,0.79388427734375,0.14996337890625,0.97186279296875,0.04620361328125,0.150390625,-0.175048828125,0.9012451171875,-0.21575927734375,0.00201416015625,-0.3756103515625,0.91644287109375,-0.324462890625,-0.0380859375,-0.23089599609375
108,0.99737548828125,-0.03729248046875,-0.033447265625,-0.05194091796875,0.66461181640625,0.57647705078125,0.36932373046875,0.29901123046875,0.571533203125,-0.143310546875,0.79388427734375,0.14996337890625,0.97186279296875,0.04620361328125,0.150390625,-0.175048828125,0.9012451171875,-0.21575927734375,0.00201416015625,-0.3756103515625,0.91644287109375,-0.324462890625,-0.0380859375,-0.23089599609375
109,0.99737548828125,-0.037109375,-0.033447265625,-0.052001953125,0.6646728515625,0.5762939453125,0.3695068359375,0.29913330078125,0.571319273881689,-0.14364654643081104,0.7939912419654055,0.14968086166126673,0.97186279296875,0.04591354319084449,0.15059700139788879,-0.17499534581417225,0.90130615234375,-0.21588134765625,0.00225830078125,-0.3753662109375,0.9163818359375,-0.3247454078699833,-0.037772596480455695,-0.23072799631584448
110,0.99737548828125,-0.037109375,-0.033447265625,-0.052001953125,0.6646728515625,0.5762939453125,0.3695068359375,0.29913330078125,0.5712890625,-0.1436767578125,0.79400634765625,0.149658203125,0.97186279296875,0.0458984375,0.150634765625,-0.17498779296875,0.90130615234375,-0.21588134765625,0.00225830078125,-0.3753662109375,0.9163818359375,-0.32476806640625,-0.0377197265625,-0.230712890625
111,0.997314453125,-0.03765869140625,-0.03338623046875,-0.05206298828125,0.66461181640625,0.57611083984375,0.36962890625,0.2994384765625,0.57121720840301,-0.14368186108643394,0.7940006319894439,0.14999134484740803,0.971824008086852,0.046059905087270085,0.15100607983643394,-0.1748046875,0.90142822265625,-0.21612548828125,0.00341796875,-0.37493896484375,0.91644287109375,-0.32501220703125,-0.036865234375,-0.23028564453125
112,0.997314453125,-0.03765869140625,-0.03338623046875,-0.05206298828125,0.66461181640625,0.57611083984375,0.36962890625,0.2994384765625,0.57110595703125,-0.14385986328125,0.7940673828125,0.14990234375,0.9718017578125,0.04583740234375,0.15118408203125,-0.1748046875,0.90142822265625,-0.21612548828125,0.00341796875,-0.37493896484375,0.91644287109375,-0.32501220703125,-0.036865234375,-0.23028564453125
113,0.997314453125,-0.03802490234375,-0.03302001953125,-0.0521240234375,0.66455078125,0.57586669921875,0.36968994140625,0.29986572265625,0.571194345735786,-0.14370084526546822,0.7939677669053093,0.1502428341868729,0.9718146180628136,0.04631282334343645,0.15114386823265047,-0.1746826171875,0.901611328125,-0.21551513671875,0.003662109375,-0.3748779296875,0.91668701171875,-0.32440185546875,-0.03656005859375,-0.2303466796875
114,0.997314453125,-0.03802490234375,-0.03302001953125,-0.0521240234375,0.66455078125,0.57586669921875,0.36968994140625,0.29986572265625,0.57086181640625,-0.14373779296875,0.794189453125,0.150390625,0.97174072265625,0.04638671875,0.15155029296875,-0.1746826171875,0.901611328125,-0.21551513671875,0.003662109375,-0.3748779296875,0.91668701171875,-0.32440185546875,-0.03656005859375,-0.2303466796875
115,0.99737548828125,-0.03759765625,-0.03265380859375,-0.05230712890625,0.66448974609375,0.57562255859375,0.36981201171875,0.3004150390625,0.57073974609375,-0.14385986328125,0.794189453125,0.150634765625,0.9718017578125,0.046875,0.1513671875,-0.17449951171875,0.9017333984375,-0.21478271484375,0.0029296875,-0.375,0.91668701171875,-0.32415771484375,-0.03692626953125,-0.23046875
116,0.99737548828125,-0.03759765625,-0.03265380859375,-0.05230712890625,0.66448974609375,0.57562255859375,0.36981201171875,0.3004150390625,0.57073974609375,-0.14385986328125,0.794189453125,0.150634765625,0.9718017578125,0.046875,0.1513671875,-0.17449951171875,0.9017333984375,-0.21478271484375,0.0029296875,-0.375,0.91668701171875,-0.32415771484375,-0.03692626953125,-0.23046875
117,0.99737548828125,-0.03692626953125,-0.03271484375,-0.0523681640625,0.664306640625,0.57537841796875,0.37017822265625,0.30078125,0.5703947647758152,-0.1440695057744565,0.7944229789402174,0.15059761379076086,0.9718574855638586,0.046537979789402176,0.1511336616847826,-0.1744437839673913,0.9017333984375,-0.2147216796875,0.0023193359375,-0.37506103515625,0.9166153617527174,-0.3242160962975543,-0.037382706351902176,-0.23056959069293478
118,0.99737548828125,-0.03692626953125,-0.03271484375,-0.0523681640625,0.664306640625,0.57537841796875,0.37017822265625,0.30078125,0.57037353515625,-0.14404296875,0.79443359375,0.150634765625,0.97186279296875,0.04656982421875,0.151123046875,-0.1744384765625,0.9017333984375,-0.2147216796875,0.0023193359375,-0.37506103515625,0.9166259765625,-0.32415771484375,-0.03741455078125,-0.2305908203125
119,0.99737548828125,-0.0367431640625,-0.03289794921875,-0.05242919921875,0.6640625,0.57525634765625,0.37054443359375,0.3011474609375,0.5700673387202132,-0.14430813486360786,0.794596694384929,0.15061476079117894,0.971821762646321,0.04634568842757107,0.1515933646007525,-0.17437744140625,0.90179443359375,-0.21484375,0.00262451171875,-0.3748779296875,0.916667006884929,-0.3241967038566054,-0.03727145498014214,-0.23055081064485786
120,0.99737548828125,-0.0367431640625,-0.03289794921875,-0.05242919921875,0.6640625,0.57525634765625,0.37054443359375,0.3011474609375,0.57000732421875,-0.14434814453125,0.79461669921875,0.150634765625,0.9718017578125,0.04632568359375,0.1517333984375,-0.17437744140625,0.90179443359375,-0.21484375,0.00262451171875,-0.3748779296875,0.91668701171875,-0.3240966796875,-0.0372314453125,-0.2305908203125
121,0.99737548828125,-0.03717041015625,-0.03253173828125,-0.05230712890625,0.6640625,0.5750732421875,0.37054443359375,0.301513671875,0.5701365391147575,-0.1442536318979933,0.794530555954745,0.1507388724132525,0.9716796875,0.04656982421875,0.15228271484375,-0.17431640625,0.90185546875,-0.2144775390625,0.0032958984375,-0.37481689453125,0.91680908203125,-0.32403564453125,-0.0367431640625,-0.23028564453125
122,0.99737548828125,-0.03717041015625,-0.03253173828125,-0.05230712890625,0.6640625,0.5750732421875,0.37054443359375,0.301513671875,0.56982421875,-0.14453125,0.79473876953125,0.150634765625,0.9716796875,0.04656982421875,0.15228271484375,-0.17431640625,0.90185546875,-0.2144775390625,0.0032958984375,-0.37481689453125,0.91680908203125,-0.32403564453125,-0.0367431640625,-0.23028564453125
123,0.99737548828125,-0.03759765625,-0.03204345703125,-0.05230712890625,0.66412353515625,0.57489013671875,0.3704833984375,0.3017578125,0.5701816520563336,-0.14437141546038879,0.794430735916597,0.1509050350125418,0.97161865234375,0.04693603515625,0.152587890625,-0.17437744140625,0.90203857421875,-0.21380615234375,0.00384521484375,-0.3748779296875,0.9169921875,-0.32373046875,-0.03619384765625,-0.22998046875
124,0.99737548828125,-0.03759765625,-0.03204345703125,-0.05230712890625,0.66412353515625,0.57489013671875,0.3704833984375,0.3017578125,0.56988525390625,-0.14447021484375,0.794677734375,0.1507568359375,0.97161865234375,0.04693603515625,0.152587890625,-0.17437744140625,0.90203857421875,-0.21380615234375,0.00384521484375,-0.3748779296875,0.9169921875,-0.32373046875,-0.03619384765625,-0.22998046875
125,0.99737548828125,-0.03778076171875,-0.03192138671875,-0.05230712890625,0.6640625,0.574951171875,0.37030029296875,0.302001953125,0.57000732421875,-0.14411625176369147,0.79461669921875,0.15111079901755853,0.97161865234375,0.04736328125,0.15234375,-0.17437744140625,0.90216064453125,-0.213134765625,0.004150390625,-0.375,0.9172851154238085,-0.32343141689747074,-0.03555920450982442,-0.22934582560357442
126,0.99737548828125,-0.03778076171875,-0.03192138671875,-0.05230712890625,0.6640625,0.574951171875,0.37030029296875,0.302001953125,0.57000732421875,-0.14410400390625,0.79461669921875,0.151123046875,0.97161865234375,0.04736328125,0.15234375,-0.17437744140625,0.90216064453125,-0.213134765625,0.004150390625,-0.375,0.91729736328125,-0.32342529296875,-0.0355224609375,-0.22930908203125
127,0.99737548828125,-0.0372314453125,-0.0322265625,-0.05230712890625,0.66400146484375,0.57489013671875,0.37042236328125,0.30206298828125,0.5697886999634197,-0.1441495251097408,0.7947742883178303,0.15112855841084866,0.97174072265625,0.0472412109375,0.15216064453125,-0.174072265625,0.90228271484375,-0.212890625,0.00408935546875,-0.3748779296875,0.917417188153219,-0.3238447820861204,-0.03437953170725336,-0.22840804798547243
128,0.99737548828125,-0.0372314453125,-0.0322265625,-0.05230712890625,0.66400146484375,0.57489013671875,0.37042236328125,0.30206298828125,0.56982421875,-0.14404296875,0.79473876953125,0.15130615234375,0.97174072265625,0.0472412109375,0.15216064453125,-0.174072265625,0.90228271484375,-0.212890625,0.00408935546875,-0.3748779296875,0.91754150390625,-0.32379150390625,-0.033935546875,-0.22808837890625
129,0.99737548828125,-0.03662109375,-0.03265380859375,-0.05218505859375,0.663818359375,0.57470703125,0.37078857421875,0.3023681640625,0.5694827076583403,-0.1443156877090301,0.7949296319763796,0.151103654434051,0.97174072265625,0.04693603515625,0.15216064453125,-0.1739501953125,0.90234375,-0.21270751953125,0.0040283203125,-0.374755859375,0.9175298684416806,-0.3242628422867893,-0.0336342495819398,-0.22762724707357862
130,0.99737548828125,-0.03662109375,-0.03265380859375,-0.05218505859375,0.663818359375,0.57470703125,0.37078857421875,0.3023681640625,0.569580078125,-0.14434814453125,0.7947998046875,0.15142822265625,0.97174072265625,0.04693603515625,0.15216064453125,-0.1739501953125,0.90234375,-0.21270751953125,0.0040283203125,-0.374755859375,0.917724609375,-0.32403564453125,-0.0335693359375,-0.2271728515625
131,0.99737548828125,-0.0364990234375,-0.03314208984375,-0.05194091796875,0.66375732421875,0.57440185546875,0.3712158203125,0.302490234375,0.5692416289977007,-0.14433712145955266,0.795063337753449,0.15125899809260032,0.97174072265625,0.046630859375,0.15240478515625,-0.173828125,0.90240478515625,-0.2127685546875,0.00433349609375,-0.37457275390625,0.9176303008727007,-0.324363070586852,-0.033053292877299335,-0.22703955404734533
132,0.99737548828125,-0.0364990234375,-0.03314208984375,-0.05194091796875,0.66375732421875,0.57440185546875,0.3712158203125,0.302490234375,0.5693359375,-0.14471435546875,0.794921875,0.15130615234375,0.97174072265625,0.046630859375,0.15240478515625,-0.173828125,0.90240478515625,-0.2127685546875,0.00433349609375,-0.37457275390625,0.917724609375,-0.32464599609375,-0.032958984375,-0.22637939453125
133,0.99737548828125,-0.037109375,-0.03338623046875,-0.05169677734375,0.6638126437081939,0.5743498020746237,0.3712744058972617,0.3025496364835911,0.5692138671875,-0.14410400390625,0.7950439453125,0.151611328125,0.9717390896085911,0.04633793145119149,0.15271077746132944,-0.17377035593906773,0.90240478515625,-0.21294349491795567,0.005303526403114537,-0.37439373105664714,0.9178466796875,-0.32421875,-0.032470703125,-0.22650146484375
134,0.99737548828125,-0.037109375,-0.03338623046875,-0.05169677734375,0.663818359375,0.5743408203125,0.37127685546875,0.30255126953125,0.5693359375,-0.14459228515625,0.79498291015625,0.15118408203125,0.97174072265625,0.04632568359375,0.1527099609375,-0.17376708984375,0.90240478515625,-0.21295166015625,0.00531005859375,-0.3743896484375,0.9176025390625,-0.3255615234375,-0.0321044921875,-0.2255859375
135,0.99737548828125,-0.03790283203125,-0.03338623046875,-0.0517578125,0.6634666417354724,0.5747080519047868,0.37109375,0.30290196651599083,0.56939697265625,-0.1441650390625,0.79486083984375,0.15185546875,0.97174072265625,0.046630859375,0.152587890625,-0.17364501953125,0.902587890625,-0.2124168370479724,0.005615234375,-0.37432861328125,0.9178166724367683,-0.32523879239391723,-0.0317693091555184,-0.225297296326296
136,0.99737548828125,-0.03790283203125,-0.03338623046875,-0.0517578125,0.66351318359375,0.57464599609375,0.37109375,0.30291748046875,0.56939697265625,-0.14398193359375,0.794921875,0.15167236328125,0.97174072265625,0.046630859375,0.152587890625,-0.17364501953125,0.902587890625,-0.21246337890625,0.005615234375,-0.37432861328125,0.91778564453125,-0.32537841796875,-0.03173828125,-0.2252197265625
137,0.99737548828125,-0.0374755859375,-0.03350830078125,-0.05194091796875,0.66326904296875,0.57470703125,0.37127685546875,0.30303955078125,0.569305726118311,-0.14400847061820654,0.795013121537939,0.1517666717835493,0.9718017578125,0.046875,0.15228271484375,-0.17364501953125,0.902587890625,-0.2119140625,0.0050048828125,-0.37457275390625,0.9178176930915551,-0.3253741312186455,-0.031706845082566895,-0.2249755859375
138,0.99737548828125,-0.0374755859375,-0.03350830078125,-0.05194091796875,0.66326904296875,0.57470703125,0.37127685546875,0.30303955078125,0.5693359375,-0.14361572265625,0.79498291015625,0.15203857421875,0.9718017578125,0.046875,0.15228271484375,-0.17364501953125,0.902587890625,-0.2119140625,0.0050048828125,-0.37457275390625,0.91796875,-0.324951171875,-0.0316162109375,-0.2249755859375
139,0.99737548828125,-0.036376953125,-0.03363037109375,-0.05230712890625,0.6636121871080686,0.5740138025188127,0.37180657530309363,0.30293707704065637,0.5691079232206313,-0.14441489535430604,0.7951498892793687,0.15156070364757523,0.971923828125,0.04681396484375,0.151611328125,-0.173583984375,0.90252685546875,-0.21264872981553096,0.0044163732624373135,-0.3743516800794314,0.9177891147575251,-0.32573421822742477,-0.03183728476431858,-0.2245967188806438
140,0.99737548828125,-0.036376953125,-0.03363037109375,-0.05230712890625,0.6632080078125,0.574462890625,0.37158203125,0.30316162109375,0.56915283203125,-0.1439208984375,0.79510498046875,0.152099609375,0.971923828125,0.04681396484375,0.151611328125,-0.173583984375,0.90252685546875,-0.21197509765625,0.00396728515625,-0.374755859375,0.91796875,-0.3251953125,-0.03143310546875,-0.2247314453125
141,0.99737548828125,-0.03558349609375,-0.03363037109375,-0.052490234375,0.663330078125,0.5743408203125,0.37164306640625,0.3031005859375,0.5690264749686454,-0.14452124758308946,0.795168873458403,0.15161847270850753,0.971923828125,0.0467529296875,0.1513671875,-0.17364501953125,0.9024658203125,-0.21197509765625,0.0032958984375,-0.3748779296875,0.9177288961251046,-0.32591487412468645,-0.031732565583193977,-0.224551197677153
142,0.99737548828125,-0.03558349609375,-0.03363037109375,-0.052490234375,0.663330078125,0.5743408203125,0.37164306640625,0.3031005859375,0.56884765625,-0.14410400390625,0.7952880859375,0.15191650390625,0.971923828125,0.0467529296875,0.1513671875,-0.17364501953125,0.9024658203125,-0.21197509765625,0.0032958984375,-0.3748779296875,0.91790771484375,-0.32537841796875,-0.031494140625,-0.22467041015625
143,0.99737548828125,-0.0352783203125,-0.03350830078125,-0.0526123046875,0.6634176503057065,0.5741444463315217,0.37175186820652173,0.30320938773777173,0.56890869140625,-0.1444091796875,0.79522705078125,0.1517333984375,0.971923828125,0.04693603515625,0.1512451171875,-0.17364501953125,0.9024658203125,-0.2119193699048913,0.003195057744565218,-0.37486466117527173,0.9178466796875,-0.32562255859375,-0.03173828125,-0.22454833984375
144,0.99737548828125,-0.0352783203125,-0.03350830078125,-0.0526123046875,0.66339111328125,0.57415771484375,0.37176513671875,0.30322265625,0.56878662109375,-0.14447021484375,0.7952880859375,0.15179443359375,0.971923828125,0.04693603515625,0.1512451171875,-0.17364501953125,0.9024658203125,-0.21185302734375,0.00323486328125,-0.3748779296875,0.91790771484375,-0.32550048828125,-0.03179931640625,-0.224609375
145,0.99737548828125,-0.0352783203125,-0.0335693359375,-0.05255126953125,0.6634903209265259,0.5740203347094481,0.371798205933842,0.30322775952393394,0.5687255859375,-0.1444091796875,0.7952880859375,0.15179443359375,0.97186279296875,0.04681396484375,0.151611328125,-0.1737060546875,0.9024658203125,-0.21205144263430184,0.0034281752978678926,-0.37483975719847407,0.9178466796875,-0.32550048828125,-0.03167724609375,-0.224609375
146,0.99737548828125,-0.0352783203125,-0.0335693359375,-0.05255126953125,0.66357421875,0.5738525390625,0.371826171875,0.30328369140625,0.56878662109375,-0.144775390625,0.79522705078125,0.151611328125,0.97186279296875,0.04681396484375,0.151611328125,-0.1737060546875,0.9024658203125,-0.21221923828125,0.0035400390625,-0.374755859375,0.91778564453125,-0.3258056640625,-0.03179931640625,-0.2244873046875
147,0.99737548828125,-0.03582763671875,-0.03387451171875,-0.052490234375,0.663238831587061,0.5742305895955268,0.37188720703125,0.3032410280361622,0.5686218874111622,-0.14451941040447325,0.79534912109375,0.15190997171561454,0.97174072265625,0.04656982421875,0.15252685546875,-0.173828125,0.9025084836825878,-0.2120734887776965,0.004248781746446484,-0.3747007440165134,0.9178952628553512,-0.3256172511888587,-0.03120080443927676,-0.22445056111517558
148,0.99737548828125,-0.03582763671875,-0.03387451171875,-0.052490234375,0.6634521484375,0.573974609375,0.37188720703125,0.30328369140625,0.56866455078125,-0.144775390625,0.79534912109375,0.151611328125,0.97174072265625,0.04656982421875,0.15252685546875,-0.173828125,0.9024658203125,-0.21258544921875,0.0047607421875,-0.37457275390625,0.917724609375,-0.326171875,-0.03094482421875,-0.224365234375
149,0.997314453125,-0.036376953125,-0.0338134765625,-0.0526123046875,0.66326904296875,0.57415771484375,0.37176513671875,0.30352783203125,0.5687682493075878,-0.14453492435723245,0.7952380738529473,0.1521496214595527,0.97161865234375,0.046875,0.15301513671875,-0.17388916015625,0.90252685546875,-0.21197509765625,0.00531005859375,-0.3746337890625,0.9179113892009825,-0.3256152098792851,-0.030865417276337796,-0.2243115479332149
150,0.997314453125,-0.036376953125,-0.0338134765625,-0.0526123046875,0.66326904296875,0.57415771484375,0.37176513671875,0.30352783203125,0.5684814453125,-0.14459228515625,0.79541015625,0.1519775390625,0.97161865234375,0.046875,0.15301513671875,-0.17388916015625,0.90252685546875,-0.21197509765625,0.00531005859375,-0.3746337890625,0.91796875,-0.32550048828125,-0.03057861328125,-0.22442626953125
151,0.99737548828125,-0.03594970703125,-0.033447265625,-0.05279541015625,0.6632741462426839,0.5740195181856187,0.3718651608878554,0.30356090124634194,0.5687255859375,-0.14501953125,0.79522705078125,0.1517333984375,0.97161865234375,0.04718017578125,0.153076171875,-0.173828125,0.9026768917224081,-0.21146905701295984,0.0050108026102633875,-0.3746727780753554,0.9178466796875,-0.32574462890625,-0.03106689453125,-0.224365234375
152,0.99737548828125,-0.03594970703125,-0.033447265625,-0.05279541015625,0.6632080078125,0.5740966796875,0.37188720703125,0.30352783203125,0.56817626953125,-0.14453125,0.795654296875,0.15203857421875,0.97161865234375,0.04718017578125,0.153076171875,-0.173828125,0.9027099609375,-0.2113037109375,0.00506591796875,-0.37469482421875,0.91815185546875,-0.32489013671875,-0.0303955078125,-0.22454833984375
153,0.99737548828125,-0.0352783203125,-0.0328369140625,-0.0528564453125,0.6635005274743938,0.5737688453699833,0.37184536018499165,0.30360499353313125,0.568603515625,-0.14501953125,0.79534912109375,0.1514892578125,0.9716796875,0.04754638671875,0.152587890625,-0.17376708984375,0.9026585199362458,-0.211220425506898,0.004237146281877092,-0.37481689453125,0.91796875,-0.3253173828125,-0.03118896484375,-0.22467041015625
154,0.99737548828125,-0.0352783203125,-0.0328369140625,-0.0528564453125,0.66326904296875,0.573974609375,0.3719482421875,0.30352783203125,0.56817626953125,-0.144775390625,0.795654296875,0.1519775390625,0.9716796875,0.04754638671875,0.152587890625,-0.17376708984375,0.9027099609375,-0.2109375,0.00421142578125,-0.37481689453125,0.918212890625,-0.32464599609375,-0.0308837890625,-0.2247314453125
155,0.9974365234375,-0.03466796875,-0.03265380859375,-0.05279541015625,0.6636748553119775,0.5736092149613294,0.37196885941419316,0.30340576171875,0.5682373046875,-0.14508056640625,0.79559326171875,0.15142822265625,0.97174072265625,0.04730224609375,0.15234375,-0.1737060546875,0.9026085078516931,-0.21136392956992056,0.003907066523829435,-0.37485731246080684,0.91796875,-0.32513427734375,-0.03118896484375,-0.224853515625
156,0.9974365234375,-0.03466796875,-0.03265380859375,-0.05279541015625,0.66351318359375,0.57373046875,0.37200927734375,0.30340576171875,0.56805419921875,-0.14495849609375,0.7957763671875,0.15155029296875,0.97174072265625,0.04730224609375,0.15234375,-0.1737060546875,0.90264892578125,-0.21124267578125,0.0040283203125,-0.37481689453125,0.91802978515625,-0.32489013671875,-0.0308837890625,-0.22491455078125
157,0.9974365234375,-0.0347900390625,-0.0325927734375,-0.052734375,0.6635250231892768,0.5738347796692099,0.3718931268290134,0.3033998419209866,0.568115234375,-0.14483642578125,0.79571533203125,0.151611328125,0.9716796875,0.04730224609375,0.15264892578125,-0.17376708984375,0.90264892578125,-0.21115612425533026,0.004069758896843634,-0.37486609009197325,0.9180908203125,-0.32476806640625,-0.0308837890625,-0.2249755859375
158,0.9974365234375,-0.0347900390625,-0.0325927734375,-0.052734375,0.66363525390625,0.57366943359375,0.3719482421875,0.3033447265625,0.56805419921875,-0.14495849609375,0.7957763671875,0.1513671875,0.9716796875,0.04730224609375,0.15264892578125,-0.17376708984375,0.90264892578125,-0.21148681640625,0.00445556640625,-0.374755859375,0.91796875,-0.32513427734375,-0.0306396484375,-0.22491455078125
159,0.9974365234375,-0.03521728515625,-0.03277587890625,-0.0526123046875,0.663330078125,0.57403564453125,0.37188720703125,0.3033447265625,0.5679931640625,-0.14459228515625,0.79583740234375,0.151611328125,0.97161865234375,0.04736328125,0.15313720703125,-0.17388916015625,0.90264892578125,-0.211181640625,0.00482177734375,-0.37481689453125,0.9180908203125,-0.32476806640625,-0.03033447265625,-0.2249755859375
160,0.9974365234375,-0.03521728515625,-0.03277587890625,-0.0526123046875,0.66357421875,0.57373046875,0.37188720703125,0.303466796875,0.56817626953125,-0.14483642578125,0.79571533203125,0.15142822265625,0.97161865234375,0.04736328125,0.15313720703125,-0.17388916015625,0.90264892578125,-0.2115478515625,0.005126953125,-0.37469482421875,0.91796875,-0.324951171875,-0.0302734375,-0.22515869140625
161,0.99737548828125,-0.035400390625,-0.0330810546875,-0.0526123046875,0.663330078125,0.573974609375,0.3720703125,0.3033447265625,0.56793212890625,-0.14471435546875,0.7958984375,0.151611328125,0.97149658203125,0.04742431640625,0.15374755859375,-0.1739501953125,0.90264892578125,-0.2115478515625,0.0054931640625,-0.3746337890625,0.91802978515625,-0.32489013671875,-0.02996826171875,-0.22503662109375
162,0.99737548828125,-0.035400390625,-0.0330810546875,-0.0526123046875,0.6634521484375,0.57373046875,0.3719482421875,0.30364990234375,0.56805419921875,-0.14501953125,0.79571533203125,0.15167236328125,0.97149658203125,0.04742431640625,0.15374755859375,-0.1739501953125,0.90264892578125,-0.21160888671875,0.00543212890625,-0.3746337890625,0.91802978515625,-0.32476806640625,-0.03021240234375,-0.22528076171875
163,0.9974365234375,-0.03515625,-0.03338623046875,-0.052490234375,0.66351318359375,0.57366943359375,0.37213134765625,0.3033447265625,0.56781005859375,-0.14501953125,0.79595947265625,0.15142822265625,0.97137451171875,0.04736328125,0.1541748046875,-0.17413330078125,0.90252685546875,-0.21197509765625,0.005615234375,-0.3746337890625,0.91790771484375,-0.3250732421875,-0.02996826171875,-0.22528076171875
164,0.9974365234375,-0.03515625,-0.03338623046875,-0.052490234375,0.66351318359375,0.57354736328125,0.37225341796875,0.3035888671875,0.5677490234375,-0.14520263671875,0.79595947265625,0.15155029296875,0.97137451171875,0.04736328125,0.1541748046875,-0.17413330078125,0.90264892578125,-0.21148681640625,0.00543212890625,-0.374755859375,0.91802978515625,-0.32476806640625,-0.02984619140625,-0.22540283203125
165,0.9974365234375,-0.03509521484375,-0.03326416015625,-0.05242919921875,0.66357421875,0.573486328125,0.37213134765625,0.3035888671875,0.56781005859375,-0.14520263671875,0.7958984375,0.1514892578125,0.97137451171875,0.0474853515625,0.1544189453125,-0.174072265625,0.902587890625,-0.21148681640625,0.00531005859375,-0.37481689453125,0.91796875,-0.32476806640625,-0.02996826171875,-0.22552490234375
166,0.9974365234375,-0.03509521484375,-0.03326416015625,-0.05242919921875,0.66351318359375,0.57342529296875,0.372314453125,0.3035888671875,0.5675048828125,-0.1453857421875,0.79608154296875,0.15142822265625,0.97137451171875,0.0474853515625,0.1544189453125,-0.174072265625,0.90264892578125,-0.21142578125,0.0054931640625,-0.3746337890625,0.91796875,-0.3248291015625,-0.0296630859375,-0.2254638671875
167,0.9974365234375,-0.03521728515625,-0.03289794921875,-0.05224609375,0.66363525390625,0.573486328125,0.3719482421875,0.3037109375,0.56787109375,-0.14520263671875,0.7958984375,0.15142822265625,0.9713134765625,0.04779052734375,0.1546630859375,-0.1739501953125,0.90264892578125,-0.211181640625,0.00531005859375,-0.3748779296875,0.91796875,-0.32464599609375,-0.0299072265625,-0.22576904296875
168,0.9974365234375,-0.03521728515625,-0.03289794921875,-0.05224609375,0.66357421875,0.5733642578125,0.372314453125,0.30364990234375,0.56756591796875,-0.1455078125,0.7960205078125,0.15155029296875,0.9713134765625,0.04779052734375,0.1546630859375,-0.1739501953125,0.90277099609375,-0.2108154296875,0.0052490234375,-0.37469482421875,0.91802978515625,-0.32452392578125,-0.030029296875,-0.2255859375
169,0.9974365234375,-0.034912109375,-0.0328369140625,-0.05206298828125,0.663818359375,0.57318115234375,0.37225341796875,0.303466796875,0.56756591796875,-0.14556884765625,0.79608154296875,0.15118408203125,0.9713134765625,0.0477294921875,0.15484619140625,-0.17388916015625,0.90264892578125,-0.2110595703125,0.005126953125,-0.3748779296875,0.91790771484375,-0.3248291015625,-0.03009033203125,-0.2257080078125
170,0.9974365234375,-0.034912109375,-0.0328369140625,-0.05206298828125,0.663818359375,0.57305908203125,0.3721923828125,0.3038330078125,0.567626953125,-0.145751953125,0.79595947265625,0.15142822265625,0.9713134765625,0.0477294921875,0.15484619140625,-0.17388916015625,0.9027099609375,-0.21087646484375,0.00457763671875,-0.3748779296875,0.91790771484375,-0.3243408203125,-0.030517578125,-0.2261962890625
171,0.9974365234375,-0.03472900390625,-0.03338623046875,-0.0521240234375,0.6636962890625,0.57305908203125,0.3726806640625,0.30352783203125,0.567138671875,-0.1458740234375,0.7962646484375,0.1513671875,0.9713134765625,0.04766845703125,0.1549072265625,-0.1739501953125,0.9027099609375,-0.21124267578125,0.00494384765625,-0.37469482421875,0.91790771484375,-0.32470703125,-0.03009033203125,-0.22589111328125
172,0.9974365234375,-0.03472900390625,-0.03338623046875,-0.0521240234375,0.66375732421875,0.57305908203125,0.372314453125,0.30389404296875,0.56744384765625,-0.1458740234375,0.79608154296875,0.15142822265625,0.9713134765625,0.04766845703125,0.1549072265625,-0.1739501953125,0.90264892578125,-0.21124267578125,0.00457763671875,-0.37481689453125,0.9178466796875,-0.3245849609375,-0.03082275390625,-0.22613525390625
173,0.9974365234375,-0.03466796875,-0.03387451171875,-0.0521240234375,0.66357421875,0.5731201171875,0.3726806640625,0.3035888671875,0.5670166015625,-0.1458740234375,0.79632568359375,0.15142822265625,0.97119140625,0.04742431640625,0.1553955078125,-0.17401123046875,0.90264892578125,-0.21148681640625,0.0050048828125,-0.37469482421875,0.9178466796875,-0.32476806640625,-0.0303955078125,-0.2259521484375
174,0.9974365234375,-0.03466796875,-0.03387451171875,-0.0521240234375,0.6636962890625,0.572998046875,0.3724365234375,0.30389404296875,0.56707763671875,-0.14599609375,0.7962646484375,0.15142822265625,0.97119140625,0.04742431640625,0.1553955078125,-0.17401123046875,0.90264892578125,-0.21148681640625,0.00531005859375,-0.3746337890625,0.91778564453125,-0.32501220703125,-0.03009033203125,-0.22589111328125
175,0.9974365234375,-0.03485107421875,-0.033935546875,-0.05206298828125,0.66357421875,0.57318115234375,0.3724365234375,0.3038330078125,0.56707763671875,-0.14581298828125,0.79632568359375,0.1514892578125,0.9710693359375,0.04730224609375,0.1561279296875,-0.174072265625,0.90264892578125,-0.21136474609375,0.00543212890625,-0.37469482421875,0.9178466796875,-0.3248291015625,-0.02996826171875,-0.2259521484375
176,0.9974365234375,-0.03485107421875,-0.033935546875,-0.05206298828125,0.66363525390625,0.5728759765625,0.37261962890625,0.30401611328125,0.56683349609375,-0.1461181640625,0.79638671875,0.15155029296875,0.9710693359375,0.04730224609375,0.1561279296875,-0.174072265625,0.90283203125,-0.2113037109375,0.0062255859375,-0.3743896484375,0.9178960793791806,-0.3248785012541806,-0.02962246387698582,-0.2256063505957358
177,0.9974365234375,-0.034912109375,-0.03375244140625,-0.05206298828125,0.6636962890625,0.5728759765625,0.3724365234375,0.30413818359375,0.5670166015625,-0.1461181640625,0.79632568359375,0.15155029296875,0.97100830078125,0.04736328125,0.1568603515625,-0.17388916015625,0.90283203125,-0.21112060546875,0.006103515625,-0.37445068359375,0.91796875,-0.32476806640625,-0.0296630859375,-0.2255859375
178,0.9974365234375,-0.034912109375,-0.03375244140625,-0.05206298828125,0.663818359375,0.57257080078125,0.3726806640625,0.30413818359375,0.5667724609375,-0.146240234375,0.79644775390625,0.1514892578125,0.97100830078125,0.04736328125,0.1568603515625,-0.17388916015625,0.90289306640625,-0.21075439453125,0.00628662109375,-0.37445068359375,0.91796875,-0.3250732421875,-0.02923583984375,-0.2252197265625
179,0.9974365234375,-0.03485107421875,-0.03369140625,-0.05206298828125,0.66387939453125,0.572509765625,0.3726806640625,0.30419921875,0.5667724609375,-0.14630126953125,0.79644775390625,0.15142822265625,0.970947265625,0.04754638671875,0.15728759765625,-0.17388916015625,0.90289306640625,-0.2108154296875,0.0062255859375,-0.37445068359375,0.91796875,-0.32513427734375,-0.029296875,-0.2252197265625
180,0.9974365234375,-0.03485107421875,-0.03369140625,-0.05206298828125,0.6639404296875,0.572509765625,0.37261962890625,0.30413818359375,0.566650390625,-0.146240234375,0.79656982421875,0.1514892578125,0.970947265625,0.04754638671875,0.15728759765625,-0.17388916015625,0.9029541015625,-0.21044921875,0.00640869140625,-0.37445068359375,0.9180908203125,-0.3248291015625,-0.02923583984375,-0.22503662109375
181,0.9974365234375,-0.0345458984375,-0.03369140625,-0.05206298828125,0.66412353515625,0.57232666015625,0.3726806640625,0.30401611328125,0.56658935546875,-0.14642333984375,0.79656982421875,0.1512451171875,0.970947265625,0.04754638671875,0.15716552734375,-0.17388916015625,0.90289306640625,-0.210693359375,0.0062255859375,-0.37445068359375,0.91796875,-0.32513427734375,-0.029296875,-0.22503662109375
182,0.9974365234375,-0.0345458984375,-0.03369140625,-0.05206298828125,0.664306640625,0.5723876953125,0.37225341796875,0.30389404296875,0.56683349609375,-0.146240234375,0.79644775390625,0.151123046875,0.9709578804347826,0.047551694123641304,0.15710714588994562,-0.17387854534646738,0.90289306640625,-0.21051025390625,0.00579833984375,-0.3746337890625,0.91790771484375,-0.32598876953125,-0.02911376953125,-0.22418212890625
183,0.9974365234375,-0.03424072265625,-0.0340576171875,-0.052001953125,0.66436767578125,0.57232666015625,0.37255859375,0.30352783203125,0.5665283203125,-0.14630126953125,0.79669189453125,0.15087890625,0.97100830078125,0.0472412109375,0.15679931640625,-0.17388916015625,0.90283203125,-0.2109375,0.0059814453125,-0.37457275390625,0.91778564453125,-0.32635498046875,-0.02886962890625,-0.22412109375
184,0.9974365234375,-0.03424072265625,-0.0340576171875,-0.052001953125,0.6649874173677884,0.5721717247596154,0.37188720703125,0.30332125150240385,0.5670964167668269,-0.14619797926682693,0.7964336688701923,0.15041410006009615,0.97100830078125,0.0472412109375,0.15679931640625,-0.17388916015625,0.9026770958533654,-0.21155724158653846,0.005568284254807692,-0.37457275390625,0.9175274188701923,-0.32764610877403844,-0.028559758112980768,-0.22339806189903846
185,0.9974365234375,-0.03460693359375,-0.03485107421875,-0.0518798828125,0.66461181640625,0.5726318359375,0.37213134765625,0.3028564453125,0.56658935546875,-0.14581298828125,0.79681396484375,0.15069580078125,0.9710693359375,0.04656982421875,0.15673828125,-0.17388916015625,0.90264892578125,-0.211669921875,0.00640869140625,-0.37451171875,0.91754150390625,-0.3277587890625,-0.02764892578125,-0.22314453125
186,0.9974365234375,-0.03460693359375,-0.03485107421875,-0.0518798828125,0.6654246658784491,0.572299306607964,0.37142934129389626,0.30259781138952757,0.5671435710179766,-0.1459607790943771,0.796481435514214,0.15017853293530517,0.9710693359375,0.04656982421875,0.15673828125,-0.17388916015625,0.9025011349681229,-0.21240887594063548,0.006223952889841128,-0.37443782334343645,0.9172828699832776,-0.3286085862379808,-0.027722821187813548,-0.22292284503030935
187,0.99737548828125,-0.0352783203125,-0.035888671875,-0.0518798828125,0.6651611328125,0.57281494140625,0.37152099609375,0.30206298828125,0.56671142578125,-0.14556884765625,0.79681396484375,0.1505126953125,0.97100830078125,0.04583740234375,0.1572265625,-0.1739501953125,0.90252685546875,-0.21270751953125,0.00732421875,-0.3741455078125,0.9173583984375,-0.328857421875,-0.02667236328125,-0.222412109375
188,0.99737548828125,-0.0352783203125,-0.035888671875,-0.0518798828125,0.6654726366534282,0.5725701883883779,0.3713207436245819,0.30215198937865806,0.5673828125,-0.1461181640625,0.7962646484375,0.15032958984375,0.97100830078125,0.04583740234375,0.1572265625,-0.1739501953125,0.90234375,-0.21337890625,0.0074462890625,-0.374267578125,0.9172916476144439,-0.32903542406981606,-0.026739114104306027,-0.22243435964935201
189,0.997314453125,-0.035400390625,-0.03631591796875,-0.05206298828125,0.66571044921875,0.572265625,0.371337890625,0.30224609375,0.5670166015625,-0.14617919921875,0.79644775390625,0.15057373046875,0.97088623046875,0.04559326171875,0.15771484375,-0.174072265625,0.9024658203125,-0.21343994140625,0.00787353515625,-0.3740234375,0.91729736328125,-0.329345703125,-0.0264892578125,-0.22210693359375
190,0.997314453125,-0.035400390625,-0.03631591796875,-0.05206298828125,0.665771484375,0.572265625,0.37109375,0.30230712890625,0.5670166015625,-0.14599609375,0.7965087890625,0.15069580078125,0.9708711247779055,0.045661237327550175,0.15779037220422243,-0.17410247700668896,0.902587890625,-0.21258544921875,0.00909423828125,-0.3741455078125,0.91729736328125,-0.3293079388978888,-0.026413729358277578,-0.22216735635712795
191,0.997314453125,-0.03509521484375,-0.03607177734375,-0.0523681640625,0.66595458984375,0.5718994140625,0.37115478515625,0.30255126953125,0.567138671875,-0.14642333984375,0.79632568359375,0.15057373046875,0.97088623046875,0.04583740234375,0.15802001953125,-0.17401123046875,0.90264892578125,-0.21270751953125,0.0086669921875,-0.37396240234375,0.917236328125,-0.3292236328125,-0.02630615234375,-0.222412109375
192,0.997314453125,-0.03509521484375,-0.03607177734375,-0.0523681640625,0.6657390275527801,0.5723844292171822,0.3709931134380226,0.3023895978130226,0.5669231095840301,-0.1457766529708403,0.7965412458847199,0.1509509644779473,0.97088623046875,0.04583740234375,0.15802001953125,-0.17401123046875,0.9027567069267349,-0.211683598649143,0.009367569633152157,-0.3741779646347199,0.9175057809887124,-0.3280380402121656,-0.026360042916492472,-0.22295101510242474
193,0.99737548828125,-0.0341796875,-0.03582763671875,-0.05267333984375,0.66619873046875,0.57159423828125,0.37127685546875,0.30242919921875,0.56695556640625,-0.146484375,0.79644775390625,0.150390625,0.9708251953125,0.04595947265625,0.15802001953125,-0.17401123046875,0.9027099609375,-0.21221923828125,0.0087890625,-0.37396240234375,0.9173583984375,-0.32867431640625,-0.0269775390625,-0.22283935546875
194,0.99737548828125,-0.0341796875,-0.03582763671875,-0.05267333984375,0.6660027647496864,0.5719469765755644,0.3711200828934992,0.30239000607493727,0.5668771801186245,-0.1460140572742475,0.7965653333376881,0.15058659071906355,0.9708251953125,0.04595947265625,0.15802001953125,-0.17401123046875,0.9028275403689381,-0.2117489205554975,0.009572925376254194,-0.37400159548756273,0.9174367847251255,-0.3282823849681229,-0.026859959631061872,-0.22307451433162626
195,0.99737548828125,-0.0338134765625,-0.03594970703125,-0.0528564453125,0.666015625,0.57183837890625,0.371337890625,0.30230712890625,0.56671142578125,-0.1461181640625,0.79669189453125,0.1505126953125,0.9708251953125,0.0460205078125,0.158203125,-0.17413330078125,0.90289306640625,-0.21185302734375,0.0098876953125,-0.37384033203125,0.91741943359375,-0.32843017578125,-0.02685546875,-0.22296142578125
196,0.99737548828125,-0.0338134765625,-0.03594970703125,-0.0528564453125,0.6659911292851171,0.5718138831913671,0.371337890625,0.3024051117657818,0.5665283203125,-0.14593505859375,0.79681396484375,0.15057373046875,0.9708251953125,0.0460205078125,0.158203125,-0.17413330078125,0.9028685706913671,-0.21185302734375,0.010108156746446497,-0.37384033203125,0.9173704421639841,-0.3285526543556647,-0.0266350073160535,-0.22293693006636706
197,0.997314453125,-0.03411865234375,-0.03594970703125,-0.0528564453125,0.665771484375,0.572021484375,0.3712158203125,0.30267333984375,0.56658935546875,-0.145751953125,0.79681396484375,0.15081787109375,0.97064208984375,0.04644775390625,0.15887451171875,-0.17425537109375,0.9029541015625,-0.2115478515625,0.0106201171875,-0.37384033203125,0.91741943359375,-0.3284912109375,-0.02618408203125,-0.222900390625
198,0.997314453125,-0.03411865234375,-0.03594970703125,-0.0528564453125,0.665771484375,0.5719724929452341,0.3712648117422659,0.30271253298756273,0.56634521484375,-0.146240234375,0.796875,0.15081787109375,0.97064208984375,0.04644775390625,0.15887451171875,-0.17425537109375,0.9029638998484532,-0.21153805327654682,0.010747494904891308,-0.37382073545934363,0.9174096353077968,-0.32855000065321904,-0.026125292315530936,-0.2228611974811873
199,0.997314453125,-0.034423828125,-0.035888671875,-0.05279541015625,0.6656494140625,0.5718994140625,0.371337890625,0.30303955078125,0.56646728515625,-0.14599609375,0.79681396484375,0.1510009765625,0.97027587890625,0.0472412109375,0.16082763671875,-0.17437744140625,0.90301513671875,-0.211181640625,0.011474609375,-0.373779296875,0.91741943359375,-0.32855224609375,-0.0257568359375,-0.22271728515625
200,0.997314453125,-0.034423828125,-0.035888671875,-0.05279541015625,0.6656494140625,0.5718994140625,0.371337890625,0.30303955078125,0.5660743330633361,-0.14627677381636706,0.7969823728835702,0.1510009765625,0.97027587890625,0.0472412109375,0.16082763671875,-0.17437744140625,0.90301513671875,-0.211181640625,0.011474609375,-0.373779296875,0.91741943359375,-0.32855224609375,-0.0257568359375,-0.22271728515625
201,0.997314453125,-0.03460693359375,-0.03582763671875,-0.052734375,0.6654052734375,0.57183837890625,0.37152099609375,0.30340576171875,0.566162109375,-0.14617919921875,0.7969970703125,0.151123046875,0.97015380859375,0.047607421875,0.1614990234375,-0.17437744140625,0.903076171875,-0.21099853515625,0.0118408203125,-0.373779296875,0.91741943359375,-0.32861328125,-0.02545166015625,-0.22259521484375
202,0.997314453125,-0.03460693359375,-0.03582763671875,-0.052734375,0.6654052734375,0.57183837890625,0.37152099609375,0.30340576171875,0.566037793621969,-0.1462620763874373,0.7970799474811873,0.15108160829065637,0.97015380859375,0.047607421875,0.1614990234375,-0.17437744140625,0.9031590490436873,-0.21099853515625,0.01192369748118729,-0.3736135425376254,0.91741943359375,-0.32861328125,-0.02545166015625,-0.22259521484375
203,0.997314453125,-0.03472900390625,-0.0357666015625,-0.05267333984375,0.66534423828125,0.57183837890625,0.37158203125,0.30352783203125,0.5660400390625,-0.14617919921875,0.79705810546875,0.151123046875,0.9700927734375,0.04754638671875,0.16192626953125,-0.17425537109375,0.9031982421875,-0.21087646484375,0.011962890625,-0.37359619140625,0.91754150390625,-0.32843017578125,-0.025390625,-0.2225341796875
204,0.997314453125,-0.03472900390625,-0.0357666015625,-0.05267333984375,0.66534423828125,0.57183837890625,0.37158203125,0.30352783203125,0.5659330744408445,-0.14620594037416387,0.7971383289349916,0.15114978803041387,0.9700927734375,0.04754638671875,0.16192626953125,-0.17425537109375,0.9032249833429139,-0.21076950022209448,0.012096596402069396,-0.37354270909542225,0.91754150390625,-0.32843017578125,-0.025390625,-0.2225341796875
205,0.99737548828125,-0.0345458984375,-0.035400390625,-0.0526123046875,0.66546630859375,0.5716552734375,0.37158203125,0.30364990234375,0.5660400390625,-0.1463623046875,0.79705810546875,0.15093994140625,0.9700927734375,0.047607421875,0.161865234375,-0.1741943359375,0.9031982421875,-0.21063232421875,0.01190185546875,-0.37359619140625,0.91754150390625,-0.32843017578125,-0.0252685546875,-0.22259521484375
206,0.99737548828125,-0.0345458984375,-0.035400390625,-0.0526123046875,0.6654181336878136,0.5716914046169523,0.37161816242945234,0.30364990234375,0.5657958984375,-0.146240234375,0.79718017578125,0.15118408203125,0.9700927734375,0.04767968423390468,0.16190136555445234,-0.17417024848453178,0.9032343733669523,-0.2105359744068771,0.011913899195234112,-0.3735841476797659,0.9175776350857023,-0.3283579134223453,-0.025220379781563548,-0.22257112739078178
207,0.99737548828125,-0.0343017578125,-0.0352783203125,-0.0526123046875,0.6654052734375,0.5716552734375,0.3717041015625,0.30364990234375,0.56585693359375,-0.14642333984375,0.79718017578125,0.15093994140625,0.9700927734375,0.04779052734375,0.161865234375,-0.174072265625,0.9033203125,-0.2103271484375,0.01177978515625,-0.37359619140625,0.9176025390625,-0.3282470703125,-0.02520751953125,-0.2225341796875
208,0.99737548828125,-0.0343017578125,-0.0352783203125,-0.0526123046875,0.6654052734375,0.5716552734375,0.3717041015625,0.30364990234375,0.5657985521399457,-0.14642333984375,0.79718017578125,0.15093994140625,0.9700927734375,0.04779052734375,0.161865234375,-0.174072265625,0.9033203125,-0.2103271484375,0.01177978515625,-0.37359619140625,0.9176025390625,-0.3282470703125,-0.02520751953125,-0.2225341796875
209,0.99737548828125,-0.0343017578125,-0.03533935546875,-0.052490234375,0.66534423828125,0.57171630859375,0.37176513671875,0.30352783203125,0.5657958984375,-0.14630126953125,0.7972412109375,0.15087890625,0.97003173828125,0.04779052734375,0.16217041015625,-0.17413330078125,0.9033203125,-0.21026611328125,0.01165771484375,-0.37353515625,0.9176025390625,-0.32843017578125,-0.02508544921875,-0.2222900390625
210,0.99737548828125,-0.0343017578125,-0.03533935546875,-0.052490234375,0.66534423828125,0.57171630859375,0.37176513671875,0.30352783203125,0.5657085303877508,-0.14630126953125,0.7973285789872492,0.15074785417537626,0.97003173828125,0.04779052734375,0.16217041015625,-0.17413330078125,0.9033203125,-0.21026611328125,0.01165771484375,-0.37353515625,0.9176025390625,-0.32843017578125,-0.02508544921875,-0.2222900390625
211,0.99737548828125,-0.0345458984375,-0.03509521484375,-0.0523681640625,0.66534423828125,0.5718994140625,0.37158203125,0.30352783203125,0.56591796875,-0.1461181640625,0.7972412109375,0.15081787109375,0.97003173828125,0.04803466796875,0.16217041015625,-0.17413330078125,0.9033203125,-0.21026611328125,0.01123046875,-0.37353515625,0.9176025390625,-0.32855224609375,-0.02447509765625,-0.22222900390625
212,0.99737548828125,-0.0345458984375,-0.03509521484375,-0.0523681640625,0.66534423828125,0.5718994140625,0.37158203125,0.30352783203125,0.5657440491743311,-0.1459442444868311,0.7973861439172241,0.15081787109375,0.97003173828125,0.04803466796875,0.16217041015625,-0.17413330078125,0.9033203125,-0.21026611328125,0.01123046875,-0.37353515625,0.9176025390625,-0.32855224609375,-0.02447509765625,-0.22222900390625
213,0.99737548828125,-0.0341796875,-0.0347900390625,-0.05230712890625,0.66546630859375,0.57183837890625,0.37158203125,0.30328369140625,0.5657958984375,-0.14599609375,0.79742431640625,0.15045166015625,0.9700927734375,0.04833984375,0.161865234375,-0.174072265625,0.9033203125,-0.2100830078125,0.01019287109375,-0.37371826171875,0.91766357421875,-0.328369140625,-0.02471923828125,-0.22222900390625
214,0.99737548828125,-0.0341796875,-0.0347900390625,-0.05230712890625,0.66546630859375,0.57183837890625,0.37158203125,0.30328369140625,0.5657244526024248,-0.14598180458298496,0.7974671839072951,0.15049452765729515,0.9700927734375,0.04833984375,0.161865234375,-0.174072265625,0.9033203125,-0.2100830078125,0.01019287109375,-0.37371826171875,0.91766357421875,-0.328369140625,-0.02471923828125,-0.22222900390625
215,0.9974365234375,-0.03375244140625,-0.034423828125,-0.05224609375,0.66552734375,0.57171630859375,0.37164306640625,0.30322265625,0.56573486328125,-0.14617919921875,0.79742431640625,0.1502685546875,0.9700927734375,0.0484619140625,0.16180419921875,-0.17401123046875,0.90338134765625,-0.20977783203125,0.00946044921875,-0.37384033203125,0.91766357421875,-0.328125,-0.025390625,-0.22235107421875
216,0.9974365234375,-0.03375244140625,-0.034423828125,-0.05224609375,0.66552734375,0.57171630859375,0.37164306640625,0.30322265625,0.5654317288095736,-0.14611857232441472,0.7976668239835911,0.15032918158183528,0.9700927734375,0.0484619140625,0.16180419921875,-0.17401123046875,0.90338134765625,-0.20977783203125,0.00946044921875,-0.37384033203125,0.91766357421875,-0.328125,-0.025390625,-0.22235107421875
217,0.9974365234375,-0.03375244140625,-0.0340576171875,-0.05230712890625,0.66552734375,0.57159423828125,0.37176513671875,0.30328369140625,0.565673828125,-0.14617919921875,0.79742431640625,0.15032958984375,0.9700927734375,0.0489501953125,0.16192626953125,-0.17401123046875,0.9034423828125,-0.20916748046875,0.009033203125,-0.3740234375,0.917724609375,-0.327880859375,-0.02532958984375,-0.222412109375
218,0.9974365234375,-0.03375244140625,-0.0340576171875,-0.05230712890625,0.66552734375,0.57159423828125,0.37176513671875,0.30328369140625,0.5654901102633779,-0.14608734028793896,0.7976080342678721,0.15028366037834448,0.9700927734375,0.0489501953125,0.16192626953125,-0.17401123046875,0.9034423828125,-0.20916748046875,0.009033203125,-0.3740234375,0.917724609375,-0.327880859375,-0.02532958984375,-0.222412109375
219,0.9974365234375,-0.03363037109375,-0.03375244140625,-0.05242919921875,0.66558837890625,0.57147216796875,0.37188720703125,0.30322265625,0.565673828125,-0.146240234375,0.7974853515625,0.15020751953125,0.97003173828125,0.0491943359375,0.16204833984375,-0.1739501953125,0.9034423828125,-0.2086181640625,0.008544921875,-0.374267578125,0.9178466796875,-0.32769775390625,-0.0252685546875,-0.22247314453125
220,0.9974365234375,-0.03363037109375,-0.03375244140625,-0.05242919921875,0.66558837890625,0.57147216796875,0.37188720703125,0.30322265625,0.565548899979097,-0.146115306229097,0.797610279708403,0.150082591385347,0.97003173828125,0.0491943359375,0.16204833984375,-0.1739501953125,0.9034423828125,-0.2086181640625,0.008544921875,-0.374267578125,0.9178466796875,-0.32769775390625,-0.0252685546875,-0.22247314453125
221,0.9974365234375,-0.0335693359375,-0.03338623046875,-0.05255126953125,0.66595458984375,0.5712890625,0.371826171875,0.302978515625,0.565673828125,-0.14617919921875,0.79754638671875,0.14990234375,0.97003173828125,0.049560546875,0.1619873046875,-0.1739501953125,0.90350341796875,-0.2080078125,0.008056640625,-0.37445068359375,0.91796875,-0.3272705078125,-0.025390625,-0.2225341796875
222,0.9974365234375,-0.0335693359375,-0.03338623046875,-0.05255126953125,0.66595458984375,0.5712890625,0.371826171875,0.302978515625,0.565624224302362,-0.14622880304138794,0.797595990541388,0.14977006688963213,0.97003173828125,0.04951094305236205,0.1620699777252299,-0.17391712609740803,0.903519952576296,-0.2080078125,0.008089709840091967,-0.37443414898620403,0.91796875,-0.3272705078125,-0.025390625,-0.2225341796875
223,0.9974365234375,-0.03399658203125,-0.03314208984375,-0.05242919921875,0.66644287109375,0.571044921875,0.37158203125,0.30267333984375,0.5657958984375,-0.14599609375,0.79754638671875,0.14959716796875,0.969970703125,0.04986572265625,0.16217041015625,-0.17388916015625,0.903564453125,-0.20751953125,0.0081787109375,-0.37457275390625,0.91796875,-0.327392578125,-0.02532958984375,-0.22235107421875
224,0.9974365234375,-0.03399658203125,-0.03314208984375,-0.05242919921875,0.66644287109375,0.571044921875,0.37158203125,0.30267333984375,0.565673828125,-0.146728515625,0.797607421875,0.14898681640625,0.9699725403036162,0.049845513691471575,0.1621777588707149,-0.17388364862040134,0.9035662903036162,-0.20753422867892976,0.00817687375888378,-0.3745617308345527,0.91796875,-0.327392578125,-0.02532958984375,-0.22235107421875
225,0.9974365234375,-0.03477391271686866,-0.033031042602947334,-0.05215158111674333,0.6667756045542433,0.5709232598244146,0.3713819829117893,0.3024181761470527,0.5658959226066054,-0.146062232180184,0.7974963746341973,0.14937548174905932,0.9699206910404473,0.050027190243519995,0.16247007440165134,-0.173872625548704,0.9036810119016513,-0.20728600543478268,0.008450817503657998,-0.37448416107075666,0.918013250548704,-0.32728112262228265,-0.02547370629964467,-0.222134899534908
226,0.9974365234375,-0.03485107421875,-0.03302001953125,-0.0521240234375,0.666748046875,0.57098388671875,0.371337890625,0.30242919921875,0.5659661436559364,-0.14652601771530097,0.7974371766565636,0.14898048834657193,0.9699578428746864,0.04948358950407613,0.16252376084343645,-0.1737928103443771,0.9036865234375,-0.20721435546875,0.00848388671875,-0.37451171875,0.91802978515625,-0.32720947265625,-0.02545166015625,-0.22216796875
227,0.9974365234375,-0.03564453125,-0.03314208984375,-0.0518798828125,0.666748046875,0.57098388671875,0.37127685546875,0.30242919921875,0.56597900390625,-0.14599609375,0.7974853515625,0.14935302734375,0.9698486328125,0.050048828125,0.162841796875,-0.17388916015625,0.9036865234375,-0.2073974609375,0.009033203125,-0.37432861328125,0.91802978515625,-0.327392578125,-0.0252685546875,-0.221923828125
228,0.9974365234375,-0.03564453125,-0.03314208984375,-0.0518798828125,0.666748046875,0.57098388671875,0.37127685546875,0.30242919921875,0.5660459588602633,-0.14623043608904682,0.7974183966084867,0.14911868500470318,0.9698821102895067,0.04964709840091974,0.16294222930602006,-0.17382220520223662,0.9036865234375,-0.2073974609375,0.009033203125,-0.37432861328125,0.91802978515625,-0.327392578125,-0.0252685546875,-0.221923828125
229,0.9974365234375,-0.0361328125,-0.03338623046875,-0.05169677734375,0.666748046875,0.57110595703125,0.3712158203125,0.3023681640625,0.56597900390625,-0.14599609375,0.7974853515625,0.14923095703125,0.96978759765625,0.04974365234375,0.163330078125,-0.17388916015625,0.90374755859375,-0.2076416015625,0.0096435546875,-0.3741455078125,0.91802978515625,-0.32757568359375,-0.025146484375,-0.2216796875
230,0.9974365234375,-0.0361328125,-0.03338623046875,-0.05169677734375,0.666748046875,0.57110595703125,0.3712158203125,0.3023681640625,0.5659602238581731,-0.14605243389423075,0.7975041316105769,0.14915583683894232,0.9697688176081731,0.04970609224759616,0.1634427584134615,-0.17388916015625,0.90374755859375,-0.2076416015625,0.0096435546875,-0.3741455078125,0.91802978515625,-0.32757568359375,-0.025146484375,-0.2216796875
231,0.9974365234375,-0.0362548828125,-0.03338623046875,-0.0516357421875,0.666748046875,0.571044921875,0.3712158203125,0.30242919921875,0.56591796875,-0.14605712890625,0.79754638671875,0.1490478515625,0.9697265625,0.04974365234375,0.1636962890625,-0.1739501953125,0.90374755859375,-0.2073974609375,0.00982666015625,-0.3741455078125,0.9180908203125,-0.32745361328125,-0.02484130859375,-0.2216796875
232,0.9974365234375,-0.0362548828125,-0.03338623046875,-0.0516357421875,0.666748046875,0.571044921875,0.3712158203125,0.30242919921875,0.5659057208925585,-0.14606121152539717,0.7975545519570443,0.14904376894335283,0.9697183972617057,0.049751817582044326,0.16374119787311878,-0.17395836055079433,0.90374755859375,-0.2073974609375,0.00982666015625,-0.3741455078125,0.9180908203125,-0.32745361328125,-0.02484130859375,-0.2216796875
233,0.9974365234375,-0.036428189995296824,-0.03327069234688545,-0.05175128030936455,0.6665714735968854,0.5711026909359322,0.37122235250313546,0.30254147124529684,0.5658504014031146,-0.1461181640625,0.7975529189093854,0.1492178926499791,0.9696044921875,0.050039029839046824,0.16425213765938546,-0.17395672750313546,0.9038630967156146,-0.2069222440687709,0.009951996564067726,-0.37421307515938546,0.9182096245296822,-0.32721927094220316,-0.024654937029682276,-0.22162191843906773
234,0.9974365234375,-0.03643798828125,-0.03326416015625,-0.0517578125,0.66656494140625,0.57110595703125,0.3712158203125,0.30255126953125,0.56585693359375,-0.1461181640625,0.79754638671875,0.14923095703125,0.9696044921875,0.050048828125,0.16424560546875,-0.1739501953125,0.90386962890625,-0.2069091796875,0.00994873046875,-0.37420654296875,0.918212890625,-0.32720947265625,-0.024658203125,-0.22161865234375
235,0.9973934518054975,-0.03643798828125,-0.033134945260242465,-0.05180088413200251,0.6665469778820025,0.5711849557117475,0.3711727486804975,0.302637412795255,0.565821006545255,-0.1462222708507525,0.797582313767245,0.1492129935070025,0.9695254935070025,0.0504150390625,0.16466570697899247,-0.1740902291492475,0.90386962890625,-0.2064998971179975,0.009880550728992467,-0.3744076119617475,0.91827392578125,-0.3271484375,-0.024543277396007535,-0.2215576171875
236,0.99737548828125,-0.03643798828125,-0.0330810546875,-0.05181884765625,0.66656494140625,0.5711669921875,0.37115478515625,0.30267333984375,0.5657854877586748,-0.14616878853992474,0.7975821096362876,0.14937384870140052,0.9694720111961748,0.050736545320338666,0.16471898515886288,-0.17410798854253762,0.90386962890625,-0.20648193359375,0.00982666015625,-0.3743896484375,0.91827392578125,-0.3271484375,-0.02459716796875,-0.2215576171875
237,0.9974365234375,-0.0360107421875,-0.0330810546875,-0.0518798828125,0.66656494140625,0.571044921875,0.37127685546875,0.3026123046875,0.565673828125,-0.14642333984375,0.79766845703125,0.149169921875,0.969482421875,0.050537109375,0.16473388671875,-0.17413330078125,0.9039306640625,-0.20611572265625,0.0093994140625,-0.37451171875,0.9183349609375,-0.32684326171875,-0.02508544921875,-0.22161865234375
238,0.9974365234375,-0.0360107421875,-0.0330810546875,-0.0518798828125,0.66656494140625,0.571044921875,0.37127685546875,0.3026123046875,0.565673828125,-0.14642333984375,0.7976474315426422,0.1492119728522157,0.9694613963863922,0.05068428779525502,0.16486003965039717,-0.17413330078125,0.9039306640625,-0.20611572265625,0.0093994140625,-0.37451171875,0.9183349609375,-0.32684326171875,-0.02508544921875,-0.22161865234375
239,0.9974365234375,-0.03594970703125,-0.03302001953125,-0.0518798828125,0.66656494140625,0.57110595703125,0.37127685546875,0.3026123046875,0.565673828125,-0.146484375,0.797607421875,0.14923095703125,0.96942138671875,0.0509033203125,0.1650390625,-0.17413330078125,0.90399169921875,-0.20562744140625,0.00921630859375,-0.3746337890625,0.9183349609375,-0.326904296875,-0.02508544921875,-0.22149658203125
240,0.9974365234375,-0.03594970703125,-0.03302001953125,-0.0518798828125,0.66656494140625,0.57110595703125,0.37127685546875,0.3026123046875,0.5656611720056438,-0.1464970311193562,0.7976200779943562,0.1492119728522157,0.9694150586590718,0.0509033203125,0.16507703085806857,-0.1741396288409281,0.90399169921875,-0.20562744140625,0.00921630859375,-0.3746337890625,0.9183349609375,-0.326904296875,-0.02508544921875,-0.22149658203125
241,0.9974365234375,-0.03624977953856605,-0.03296000502978679,-0.05193989731396321,0.6665069682143604,0.5712870211904264,0.3711558058110368,0.3025482075668896,0.5656717868154264,-0.14648641630957357,0.7976094631845736,0.14928790956835283,0.9693603515625,0.05120339281981605,0.1654052734375,-0.1741343214360368,0.9040517137202132,-0.20538840405518397,0.00982563950146321,-0.3745737745610368,0.9183939547841764,-0.32697043530518394,-0.02459818862353679,-0.2212534620610368
242,0.9974365234375,-0.0362548828125,-0.032958984375,-0.05194091796875,0.66650390625,0.5712890625,0.37115478515625,0.30255126953125,0.565673828125,-0.146484375,0.797607421875,0.1492919921875,0.9692550199885034,0.05115583030675167,0.1659319313074833,-0.17418596656824833,0.904052734375,-0.20538330078125,0.00982666015625,-0.37457275390625,0.91839599609375,-0.32696533203125,-0.02459716796875,-0.22125244140625
243,0.9974365234375,-0.03643615110263378,-0.03277771608486622,-0.052031552113816895,0.6664743072611831,0.5713954147287834,0.37101883393864965,0.30253371426891723,0.5657330261026338,-0.1466064453125,0.7975482238973662,0.1492291198526338,0.96923828125,0.05137404630016723,0.16587967378239965,-0.17410370179243312,0.9041590866037834,-0.20485153963733277,0.010163272104933107,-0.37458847198996653,0.9184866302388169,-0.32673874666858277,-0.024473260477633787,-0.2213134765625
244,0.9974365234375,-0.0364990234375,-0.03271484375,-0.05206298828125,0.66644287109375,0.5714111328125,0.3709716796875,0.3026123046875,0.5656819933632943,-0.14634066680602004,0.7976372249947743,0.14925402382943143,0.9692003128919314,0.05160451015102426,0.16602236132159282,-0.17414820234113712,0.9041748046875,-0.20477294921875,0.0101318359375,-0.37457275390625,0.91851806640625,-0.32666015625,-0.0245361328125,-0.2213134765625
245,0.9974365234375,-0.03640716450668897,-0.03259236517558529,-0.05215484721206103,0.6664430752247074,0.5716548651755853,0.3708800248876463,0.3023685723244147,0.565704651899561,-0.14630167779316472,0.797637633256689,0.14920033738764632,0.9692078657373536,0.05163553805654265,0.16601521673808528,-0.17410247700668896,0.90423583984375,-0.20431528761235368,0.010039772875731613,-0.37475565524404264,0.9185791015625,-0.3263856001123537,-0.024719850674122065,-0.22134389207514632
246,0.9974365234375,-0.03631591796875,-0.032470703125,-0.05224609375,0.66650390625,0.571533203125,0.370849609375,0.302490234375,0.5657260856500836,-0.14628371426891723,0.7976161995061664,0.14919319280413879,0.9691917393917224,0.05178414539349916,0.16600990933319398,-0.1740577723270276,0.90423583984375,-0.204345703125,0.0098876953125,-0.37469482421875,0.9185791015625,-0.326416015625,-0.02490234375,-0.2213134765625
247,0.9974365234375,-0.03594970703125,-0.03228759765625,-0.05230712890625,0.66650390625,0.5716552734375,0.370849609375,0.30224609375,0.56573486328125,-0.14630126953125,0.79766845703125,0.14898681640625,0.96917724609375,0.05181884765625,0.16595458984375,-0.17413330078125,0.90423583984375,-0.203857421875,0.00927734375,-0.375,0.9185791015625,-0.32635498046875,-0.02490234375,-0.221435546875
248,0.9974365234375,-0.03594970703125,-0.03228759765625,-0.05230712890625,0.66650390625,0.5716552734375,0.370849609375,0.30224609375,0.5657091427806229,-0.1463527105325042,0.797677030531459,0.14899538990645902,0.96917724609375,0.05218505859375,0.166015625,-0.17401123046875,0.90423583984375,-0.203857421875,0.00927734375,-0.375,0.9185791015625,-0.32635498046875,-0.02490234375,-0.221435546875
249,0.9974365234375,-0.0357666015625,-0.03228759765625,-0.05230712890625,0.66644287109375,0.57159423828125,0.37115478515625,0.3021240234375,0.5655517578125,-0.14678955078125,0.7977294921875,0.14892578125,0.96923828125,0.052001953125,0.16595458984375,-0.174072265625,0.904296875,-0.20330810546875,0.0087890625,-0.375244140625,0.9185791015625,-0.32623291015625,-0.02490234375,-0.22149658203125
250,0.9974365234375,-0.0357666015625,-0.03228759765625,-0.05230712890625,0.66644287109375,0.57159423828125,0.37115478515625,0.3021240234375,0.5655517578125,-0.14678955078125,0.7977294921875,0.14892578125,0.9691833700224708,0.05211177558005853,0.16622914598139632,-0.17379770948735368,0.904296875,-0.20330810546875,0.0087890625,-0.375244140625,0.9185791015625,-0.32623291015625,-0.02490234375,-0.22149658203125
251,0.9974365234375,-0.03595685161475753,-0.032335160169314384,-0.05221200388012124,0.6663477460676213,0.5714927851954431,0.37147343358068563,0.30201542576818563,0.5654296875,-0.14788103901024247,0.7975939492318144,0.14889883596362877,0.96917724609375,0.05231427348975753,0.16635489065112877,-0.17386221486987877,0.9044189453125,-0.20286024214830686,0.008687609414193146,-0.37516963282556437,0.9185315390494356,-0.32637559769544316,-0.024807218723871236,-0.22159170705737877
252,0.9974365234375,-0.0360107421875,-0.0323486328125,-0.05218505859375,0.66632080078125,0.571533203125,0.3714599609375,0.302001953125,0.565349259902801,-0.148470569215092,0.7975672080764005,0.1488051398542015,0.969338101288148,0.051644315687709,0.166220980743102,-0.1732859531772575,0.9044189453125,-0.20281982421875,0.00872802734375,-0.37518310546875,0.91851806640625,-0.326416015625,-0.0247802734375,-0.22161865234375
253,0.9974365234375,-0.036175067608173066,-0.032315767728365384,-0.05208646334134616,0.6664381760817307,0.5714205228365384,0.37163367638221156,0.30181884765625,0.5653404822716346,-0.14863938551682693,0.7975135216346154,0.14880840594951922,0.9693885216346154,0.051433856670673066,0.1661376953125,-0.17303936298076922,0.90460205078125,-0.20155686598557693,0.007756159855769226,-0.37546480618990385,0.91851806640625,-0.3261202298677885,-0.024714543269230775,-0.22194730318509612
254,0.9974365234375,-0.03631591796875,-0.03228759765625,-0.052001953125,0.6663818359375,0.571533203125,0.37152099609375,0.30181884765625,0.565266586865071,-0.14877921522261703,0.7975363843018395,0.1487116478757316,0.9698486328125,0.0509033203125,0.1641845703125,-0.1724853515625,0.90460205078125,-0.201416015625,0.0078125,-0.37554931640625,0.91851806640625,-0.32586669921875,-0.024658203125,-0.22222900390625
255,0.9974365234375,-0.03662109375,-0.03204345703125,-0.0518798828125,0.66644287109375,0.57159423828125,0.3714599609375,0.30169677734375,0.56536865234375,-0.14886474609375,0.7974853515625,0.14862060546875,0.9698486328125,0.05126953125,0.16400146484375,-0.17254638671875,0.90460205078125,-0.19976806640625,0.0059814453125,-0.3763427734375,0.918701171875,-0.3250732421875,-0.02447509765625,-0.22265625
256,0.9974365234375,-0.03662109375,-0.03204345703125,-0.0518798828125,0.66644287109375,0.57159423828125,0.3714599609375,0.30169677734375,0.5653253765807901,-0.14888638397522994,0.7975069894439799,0.14866388123170987,0.96990966796875,0.05157470703125,0.1639404296875,-0.17218017578125,0.90460205078125,-0.19976806640625,0.0059814453125,-0.3763427734375,0.918701171875,-0.3250732421875,-0.02447509765625,-0.22265625
257,0.9974365234375,-0.0362548828125,-0.0318603515625,-0.05194091796875,0.66644287109375,0.5714111328125,0.37164306640625,0.30181884765625,0.56524658203125,-0.1492919921875,0.7974853515625,0.1485595703125,0.969970703125,0.05126953125,0.1636962890625,-0.17218017578125,0.90478515625,-0.1988525390625,0.00518798828125,-0.37646484375,0.91888427734375,-0.32452392578125,-0.025146484375,-0.2227783203125
258,0.9974365234375,-0.0362548828125,-0.0318603515625,-0.05194091796875,0.66644287109375,0.5714111328125,0.37164306640625,0.30181884765625,0.5651894253631898,-0.1492919921875,0.7974853515625,0.14895966698892138,0.96990966796875,0.05194091796875,0.1640625,-0.172119140625,0.90478515625,-0.1988525390625,0.00518798828125,-0.37646484375,0.91888427734375,-0.32452392578125,-0.025146484375,-0.2227783203125
259,0.9974365234375,-0.03585641918373746,-0.03200977542328595,-0.05204053387594063,0.6663930631401547,0.5714111328125,0.3716928743598453,0.30181884765625,0.565036123014214,-0.1495908399090719,0.7975849674696907,0.14878758459186872,0.96990966796875,0.05154245433998746,0.16411230795359533,-0.17206933267140467,0.90478515625,-0.19890234701609533,0.005337412142035951,-0.3764150357964047,0.9188344693901547,-0.3247729655492266,-0.025146484375,-0.2224794725909281
260,0.9974365234375,-0.0357666015625,-0.03204345703125,-0.05206298828125,0.6663818359375,0.5714111328125,0.3717041015625,0.30181884765625,0.56500244140625,-0.1494459069293478,0.797607421875,0.1489549719769022,0.9698486328125,0.051513671875,0.164306640625,-0.172119140625,0.90478515625,-0.19891357421875,0.00537109375,-0.37640380859375,0.9188232421875,-0.3248291015625,-0.025146484375,-0.222412109375
261,0.9974365234375,-0.03546142578125,-0.031982421875,-0.05206298828125,0.66632080078125,0.571533203125,0.37164306640625,0.3018798828125,0.56500244140625,-0.1495361328125,0.797607421875,0.1488037109375,0.96990966796875,0.05126953125,0.1641845703125,-0.17218017578125,0.90484619140625,-0.19903564453125,0.00592041015625,-0.376220703125,0.91888427734375,-0.32501220703125,-0.0250244140625,-0.221923828125
262,0.9974365234375,-0.03546142578125,-0.031982421875,-0.05206298828125,0.66632080078125,0.571533203125,0.37164306640625,0.3018798828125,0.564919155975648,-0.14948060919209866,0.7976629454954013,0.14894251998850333,0.96978759765625,0.0516357421875,0.16461181640625,-0.1722412109375,0.90484619140625,-0.19903564453125,0.00592041015625,-0.376220703125,0.91888427734375,-0.32501220703125,-0.0250244140625,-0.221923828125
263,0.99749755859375,-0.0352783203125,-0.03173828125,-0.05181884765625,0.66619873046875,0.57171630859375,0.37158203125,0.3018798828125,0.56500244140625,-0.14935302734375,0.797607421875,0.1488037109375,0.96978759765625,0.05157470703125,0.164306640625,-0.1724853515625,0.90484619140625,-0.1988525390625,0.00634765625,-0.376220703125,0.9189453125,-0.32501220703125,-0.025146484375,-0.22174072265625
264,0.99749755859375,-0.0352783203125,-0.03173828125,-0.05181884765625,0.66619873046875,0.57171630859375,0.37158203125,0.3018798828125,0.56488037109375,-0.1492919921875,0.79766845703125,0.14923095703125,0.96966552734375,0.0523681640625,0.16485595703125,-0.17242431640625,0.90484619140625,-0.1988525390625,0.00634765625,-0.376220703125,0.9189453125,-0.32501220703125,-0.025146484375,-0.22174072265625
265,0.99749755859375,-0.034912109375,-0.0316162109375,-0.05157470703125,0.666259765625,0.5716552734375,0.37152099609375,0.30181884765625,0.56494140625,-0.1492919921875,0.79766845703125,0.1488037109375,0.96966552734375,0.0521240234375,0.16461181640625,-0.1727294921875,0.90496826171875,-0.19866943359375,0.006591796875,-0.3760986328125,0.91900634765625,-0.3248291015625,-0.025390625,-0.22186279296875
266,0.99749755859375,-0.034912109375,-0.0316162109375,-0.05157470703125,0.666259765625,0.5716552734375,0.37152099609375,0.30181884765625,0.5651790146843645,-0.1494701985132734,0.7974308485968855,0.1489819172632734,0.9697265625,0.0521240234375,0.16461181640625,-0.17230224609375,0.90496826171875,-0.19866943359375,0.006591796875,-0.3760986328125,0.91900634765625,-0.3248291015625,-0.025390625,-0.22186279296875
267,0.99749755859375,-0.034808002586747495,-0.03203263809051002,-0.05136649345474499,0.6663638724132525,0.5716032200433737,0.37157304948787623,0.30176679426212377,0.5648732265102425,-0.14931893747387123,0.7977366367710075,0.14883065622387123,0.9696745091058737,0.05196786325512124,0.16497619016513376,-0.17251045967025502,0.9049162083246237,-0.19924202092913879,0.00700822402801002,-0.375890419235995,0.9188501874738713,-0.3252975821096363,-0.025442678394126252,-0.22170663278637123
268,0.99749755859375,-0.0347900390625,-0.0321044921875,-0.05133056640625,0.6663818359375,0.57159423828125,0.37158203125,0.3017578125,0.565176973374791,-0.14947081090614547,0.7975222992657818,0.1486695968985159,0.96978759765625,0.05126953125,0.1646728515625,-0.17242431640625,0.9049072265625,-0.1993408203125,0.007080078125,-0.3758544921875,0.9188232421875,-0.32537841796875,-0.02545166015625,-0.2216796875
269,0.99749755859375,-0.035400390625,-0.03265380859375,-0.05108642578125,0.666042978548286,0.5720414892088211,0.3714936425454641,0.3017004517009824,0.56494140625,-0.14892578125,0.7977294921875,0.1490478515625,0.9696044921875,0.0517578125,0.165283203125,-0.172607421875,0.90496826171875,-0.1995849609375,0.0084228515625,-0.37554931640625,0.9189079565348035,-0.32531105475282185,-0.024732915055392966,-0.22151658686507109
270,0.99749755859375,-0.035400390625,-0.03265380859375,-0.05108642578125,0.6661376953125,0.5718994140625,0.37139892578125,0.30181884765625,0.5649714135007317,-0.1491058247543896,0.7976994849367683,0.1489278225595736,0.96966552734375,0.051025390625,0.16558837890625,-0.1722412109375,0.90496826171875,-0.1995849609375,0.0084228515625,-0.37554931640625,0.91888427734375,-0.32550048828125,-0.0247802734375,-0.22137451171875
271,0.99749755859375,-0.03564453125,-0.0325927734375,-0.0506591796875,0.66632080078125,0.57183837890625,0.37139892578125,0.30157470703125,0.56512451171875,-0.1488037109375,0.79766845703125,0.14874267578125,0.96954345703125,0.05133056640625,0.16558837890625,-0.17266845703125,0.9051513671875,-0.19915771484375,0.00970458984375,-0.375244140625,0.91888427734375,-0.3253696403375836,-0.02455185089621656,-0.2215525139135661
272,0.99749755859375,-0.03564453125,-0.0325927734375,-0.0506591796875,0.66632080078125,0.57183837890625,0.37139892578125,0.30157470703125,0.56475830078125,-0.14935302734375,0.7978515625,0.14862060546875,0.9693603515625,0.051513671875,0.167236328125,-0.1722412109375,0.9051513671875,-0.19915771484375,0.00970458984375,-0.375244140625,0.91888427734375,-0.3255615234375,-0.02447509765625,-0.22113037109375
273,0.99755859375,-0.03570556640625,-0.03216552734375,-0.0501708984375,0.6666259765625,0.57159423828125,0.37127685546875,0.30157470703125,0.56512451171875,-0.14892578125,0.7977294921875,0.1483154296875,0.9691958220108696,0.05183211616847817,0.1674592391304344,-0.17264457370923914,0.9053955078125,-0.1983642578125,0.0108642578125,-0.37518310546875,0.9189453125,-0.32568359375,-0.02410888671875,-0.2210693359375
274,0.99755859375,-0.03570556640625,-0.03216552734375,-0.0501708984375,0.6666259765625,0.57159423828125,0.37127685546875,0.30157470703125,0.5648193359375,-0.14959716796875,0.79779052734375,0.1484375,0.968505859375,0.052734375,0.17138671875,-0.1724853515625,0.9053955078125,-0.1983642578125,0.0108642578125,-0.37518310546875,0.9189453125,-0.32568359375,-0.02410888671875,-0.2210693359375
275,0.99755859375,-0.03581416407556438,-0.032111228509092815,-0.04968220892558531,0.6667888730664716,0.5713770429426213,0.37138545313806437,0.3015204081965928,0.5649279336068144,-0.1491084784568353,0.79779052734375,0.14827460349602845,0.9683972617056856,0.05295157033862875,0.17133241991534282,-0.1729197422397575,0.9054498066471572,-0.19814706247387126,0.011515843828386255,-0.37502020896477845,0.9188910136653428,-0.32584649025397155,-0.02410888671875,-0.22085214059887126
276,0.99755859375,-0.03582763671875,-0.0321044921875,-0.04962158203125,0.66680908203125,0.57135009765625,0.37139892578125,0.301513671875,0.5648005558894231,-0.14956430288461536,0.7978374774639423,0.14820744441105768,0.9677734375,0.05340576171875,0.17486572265625,-0.1728515625,0.90545654296875,-0.1981201171875,0.0115966796875,-0.375,0.91888427734375,-0.32586669921875,-0.02410888671875,-0.2208251953125
277,0.99755859375,-0.0361328125,-0.03216552734375,-0.04913330078125,0.6668272496864548,0.5714787001593855,0.3711333514057274,0.3014675382786371,0.5648193359375,-0.14910888671875,0.79791259765625,0.14813232421875,0.9676513671875,0.0537109375,0.17498779296875,-0.17327880859375,0.9054532768734322,-0.1980343821854097,0.01229786952602421,-0.3750708334422032,0.9188446759380225,-0.32605817405675164,-0.0238037109375,-0.22077722453752094
278,0.99755859375,-0.0361328125,-0.03216552734375,-0.04913330078125,0.6668701171875,0.57135009765625,0.37115478515625,0.30157470703125,0.5648193359375,-0.14927015017506268,0.79791259765625,0.14803556614496238,0.96759033203125,0.05352783203125,0.17578125,-0.17303466796875,0.905517578125,-0.1981201171875,0.01251220703125,-0.3748779296875,0.9188232421875,-0.3262939453125,-0.0238037109375,-0.22052001953125
279,0.99761962890625,-0.03643798828125,-0.03240966796875,-0.04864501953125,0.6668476627821907,0.5716030159124164,0.3710214876410953,0.30133301597773826,0.564697265625,-0.14886474609375,0.798095703125,0.14794921875,0.9674072265625,0.0538330078125,0.17608642578125,-0.1734619140625,0.905470219742893,-0.19813624353313125,0.01311378096258359,-0.37494529290342815,0.9188232421875,-0.3262851676813336,-0.023401368820547656,-0.22063719070077345
280,0.99761962890625,-0.03643798828125,-0.03240966796875,-0.04864501953125,0.6669921875,0.57135009765625,0.37109375,0.301513671875,0.564697265625,-0.1492919921875,0.798095703125,0.14764404296875,0.96759033203125,0.052978515625,0.176025390625,-0.17291259765625,0.90557861328125,-0.19842529296875,0.01336669921875,-0.37451171875,0.9188232421875,-0.3265380859375,-0.0234375,-0.22027587890625
281,0.99761962890625,-0.0367431640625,-0.03265380859375,-0.048095703125,0.6669211499268395,0.5716752782713211,0.37089043556647155,0.30113745852058943,0.5645751953125,-0.148681640625,0.79827880859375,0.1475830078125,0.9674072265625,0.05328369140625,0.17626953125,-0.17340087890625,0.90557861328125,-0.1988525390625,0.014404296875,-0.374267578125,0.9187417939355143,-0.3264978721389004,-0.022806327079849587,-0.22054002436507114
282,0.99761962890625,-0.0367431640625,-0.03265380859375,-0.048095703125,0.66717529296875,0.5711669921875,0.37109375,0.3013916015625,0.5645751953125,-0.14947509765625,0.79827880859375,0.1470947265625,0.96759033203125,0.05224609375,0.1761474609375,-0.1729736328125,0.90557861328125,-0.1988525390625,0.014404296875,-0.374267578125,0.91864013671875,-0.32720947265625,-0.0220947265625,-0.22003173828125
283,0.99755859375,-0.0377197265625,-0.03277587890625,-0.0477294921875,0.6670828216450669,0.5712253736413043,0.3710623138325669,0.30144814583768814,0.56463623046875,-0.1485595703125,0.79827880859375,0.14764404296875,0.96746826171875,0.05316162109375,0.176513671875,-0.17315673828125,0.9056961927126881,-0.19896379043426007,0.015410458363816904,-0.37395076687918055,0.91888427734375,-0.32635498046875,-0.0216064453125,-0.2203369140625
284,0.99755859375,-0.0377197265625,-0.03277587890625,-0.0477294921875,0.6671142578125,0.5711669921875,0.37109375,0.30145263671875,0.564439448225857,-0.14924830816262546,0.7983280041544732,0.14715208736151753,0.967529296875,0.052001953125,0.17669677734375,-0.1728515625,0.90570068359375,-0.19903564453125,0.01544189453125,-0.3739013671875,0.918701171875,-0.32733154296875,-0.0216064453125,-0.21978759765625
285,0.99755859375,-0.03851318359375,-0.0325927734375,-0.04754638671875,0.6671020099550585,0.5712751815948997,0.3709175849838002,0.30157123680497494,0.564697265625,-0.1488037109375,0.7982177734375,0.14752197265625,0.96746826171875,0.0528564453125,0.17669677734375,-0.17291259765625,0.90576171875,-0.19861880911632526,0.016210855847617067,-0.3738333915786998,0.9188424304974916,-0.32691470755382523,-0.021191447076191465,-0.21984169235994983
286,0.99755859375,-0.03851318359375,-0.0325927734375,-0.04754638671875,0.667236328125,0.571044921875,0.37103271484375,0.301513671875,0.5644902768342391,-0.14907969599184784,0.798355765964674,0.14728048573369565,0.96734619140625,0.05230712890625,0.17742919921875,-0.1729736328125,0.90576171875,-0.19879150390625,0.0164794921875,-0.37371826171875,0.9188232421875,-0.32708740234375,-0.02105712890625,-0.2197265625
287,0.99755859375,-0.03900146484375,-0.0323486328125,-0.04754638671875,0.6671346709082357,0.5711804648306856,0.370863286149143,0.3017373994042642,0.5645751953125,-0.14898681640625,0.7982177734375,0.14739990234375,0.96734619140625,0.0528564453125,0.17730712890625,-0.17291259765625,0.9059109384798286,-0.19811317673494983,0.016778135778114565,-0.373779296875,0.9189724619173286,-0.32659912109375,-0.02079237105455684,-0.21979433397784282
288,0.99755859375,-0.03900146484375,-0.0323486328125,-0.04754638671875,0.667236328125,0.571044921875,0.37103271484375,0.3016357421875,0.564208984375,-0.14892578125,0.7984619140625,0.1475830078125,0.96722412109375,0.0531005859375,0.17803955078125,-0.1728515625,0.90594482421875,-0.1978759765625,0.01715087890625,-0.373779296875,0.91900634765625,-0.32659912109375,-0.0203857421875,-0.2197265625
289,0.99755859375,-0.03857421875,-0.0321044921875,-0.047607421875,0.6674792439642558,0.5706550317464465,0.3710700708089465,0.30169677734375,0.56439208984375,-0.14923095703125,0.79840087890625,0.14727783203125,0.96728515625,0.052734375,0.177734375,-0.1728515625,0.9059211450276965,-0.19796946854096992,0.0167236328125,-0.37379174886339883,0.918958989274143,-0.3266801610838211,-0.020751953125,-0.21981250163304766
290,0.99755859375,-0.03857421875,-0.0321044921875,-0.047607421875,0.667236328125,0.57080078125,0.3712158203125,0.30169677734375,0.56390380859375,-0.14886474609375,0.7987060546875,0.1478271484375,0.96728515625,0.05364990234375,0.1776123046875,-0.17266845703125,0.90606689453125,-0.1971435546875,0.0167236328125,-0.37384033203125,0.91925048828125,-0.3258056640625,-0.020751953125,-0.21990966796875
291,0.99761962890625,-0.0374755859375,-0.03173828125,-0.04766845703125,0.66796875,0.5699462890625,0.37127685546875,0.3016357421875,0.5640869140625,-0.14959716796875,0.798583984375,0.14697265625,0.96746826171875,0.0526123046875,0.17706298828125,-0.1727294921875,0.9061189479253763,-0.19693983199205684,0.015753806634092805,-0.37396015690321904,0.91888427734375,-0.32672119140625,-0.02142333984375,-0.219970703125
292,0.99761962890625,-0.0374755859375,-0.03173828125,-0.04766845703125,0.66754150390625,0.5703125,0.37152099609375,0.3016357421875,0.5637268270537207,-0.14944284496498744,0.7988411893812709,0.1473327432587793,0.96746826171875,0.05352783203125,0.177001953125,-0.17254638671875,0.9061279296875,-0.1968994140625,0.0157470703125,-0.37396240234375,0.91925048828125,-0.32568359375,-0.02117919921875,-0.219970703125
293,0.99761962890625,-0.03717041015625,-0.0313720703125,-0.047607421875,0.6678466796875,0.57000732421875,0.371337890625,0.30169677734375,0.56390380859375,-0.1495361328125,0.7987060546875,0.14703369140625,0.967529296875,0.05328369140625,0.17657470703125,-0.172607421875,0.9061550791048286,-0.1968010229410535,0.015408008792328594,-0.3739962880826714,0.91912841796875,-0.32586669921875,-0.02154541015625,-0.22015380859375
294,0.99761962890625,-0.03717041015625,-0.0313720703125,-0.047607421875,0.66778564453125,0.5699462890625,0.3717041015625,0.30157470703125,0.5636833471598035,-0.1498300813910953,0.7988530289767977,0.14688671711695234,0.96746826171875,0.0533447265625,0.177001953125,-0.17236328125,0.90618896484375,-0.19671630859375,0.01544189453125,-0.37396240234375,0.919189453125,-0.3260498046875,-0.02117919921875,-0.2197265625
295,0.99761962890625,-0.03759765625,-0.0311279296875,-0.04754638671875,0.6677201184939381,0.5700140605403428,0.37151650521268814,0.30176005794053096,0.56378173828125,-0.14971923828125,0.79876708984375,0.1470947265625,0.96746826171875,0.05348026951818561,0.17699746224393814,-0.17239267610785952,0.9062206051421404,-0.19649258106448578,0.01570644825198579,-0.3739962880826714,0.9192233388639214,-0.32588486687395485,-0.02103671581051421,-0.2198214833951714
296,0.99761962890625,-0.03759765625,-0.0311279296875,-0.04754638671875,0.6678466796875,0.56982421875,0.37164306640625,0.30169677734375,0.563720703125,-0.14996337890625,0.798828125,0.146728515625,0.96746826171875,0.0531005859375,0.1771240234375,-0.17242431640625,0.90618896484375,-0.19677734375,0.0159912109375,-0.3739013671875,0.91912841796875,-0.32623291015625,-0.020751953125,-0.2197265625
297,0.99761962890625,-0.0384521484375,-0.0311279296875,-0.04766845703125,0.6674024907242893,0.5703294428694607,0.3714599609375,0.30206298828125,0.56378173828125,-0.14959716796875,0.7987060546875,0.1474609375,0.9674072265625,0.053805858395171394,0.17727773404839048,-0.17223896549696907,0.9063426754546404,-0.1961771987353679,0.016401514161789303,-0.3737939943039298,0.9194041988921404,-0.32549824284071904,-0.02051005794053093,-0.21969492220160952
298,0.99761962890625,-0.0384521484375,-0.0311279296875,-0.04766845703125,0.66754150390625,0.5701904296875,0.3714599609375,0.30206298828125,0.563720703125,-0.1495361328125,0.79876708984375,0.14739990234375,0.9674072265625,0.05352783203125,0.17718505859375,-0.17242431640625,0.90625,-0.19659423828125,0.01654052734375,-0.37384033203125,0.9193115234375,-0.32568359375,-0.02032470703125,-0.21978759765625
299,0.99761962890625,-0.03839111328125,-0.03106689453125,-0.04779052734375,0.66754150390625,0.570068359375,0.3714599609375,0.30218505859375,0.56378173828125,-0.149658203125,0.7987060546875,0.14739990234375,0.96746826171875,0.053466796875,0.1771240234375,-0.17236328125,0.90625,-0.19659423828125,0.0164794921875,-0.37371826171875,0.9193115234375,-0.32574462890625,-0.02044677734375,-0.21966552734375
