timestep,imu0_w,imu0_x,imu0_y,imu0_z,imu1_w,imu1_x,imu1_y,imu1_z,imu2_w,imu2_x,imu2_y,imu2_z,imu3_w,imu3_x,imu3_y,imu3_z,imu4_w,imu4_x,imu4_y,imu4_z,imu5_w,imu5_x,imu5_y,imu5_z
0,0.67242431640625,-0.24365234375,-0.37841796875,-0.5875244140625,0.46484375,0.43218994140625,0.3717041015625,0.6773681640625,0.9964599609375,-0.0057373046875,-0.04290771484375,-0.0716552734375,0.982177734375,-0.12255859375,-0.1375732421875,-0.03558349609375,0.82501220703125,-0.47601318359375,-0.29290771484375,-0.08270263671875,0.71441650390625,-0.682861328125,-0.0712890625,-0.134521484375
1,0.6723214344037416,-0.24354946174749165,-0.37826364574623744,-0.5877816190687709,0.46456735668373744,0.43215768871498744,0.37190639534124165,0.6774518577550167,0.99652099609375,-0.005338841058737458,-0.04097724838001672,-0.0718863496812291,0.982421875,-0.12209909496498746,-0.13637519759876673,-0.036283665277487456,0.8250636480325042,-0.4758074195887333,-0.2931649198500209,-0.08259975471624163,0.7145193859087584,-0.6827584461224916,-0.07159770850752509,-0.134521484375
2,0.67230224609375,-0.2435302734375,-0.37823486328125,-0.58782958984375,0.46453857421875,0.43212890625,0.37188720703125,0.677490234375,0.99652099609375,-0.00531005859375,-0.041015625,-0.07183837890625,0.982421875,-0.1220703125,-0.13641357421875,-0.0362548828125,0.82568359375,-0.47601318359375,-0.2908935546875,-0.083251953125,0.7144967273724916,-0.6827811046587584,-0.07169712028375837,-0.13456333122125835
3,0.67230224609375,-0.24371337890625,-0.37799072265625,-0.58795166015625,0.46405029296875,0.431884765625,0.3720703125,0.67791748046875,0.99658203125,-0.0050048828125,-0.03924560546875,-0.0718994140625,0.9825439453125,-0.1217041015625,-0.13580322265625,-0.03656005859375,0.8258056640625,-0.47576904296875,-0.2908935546875,-0.08343505859375,0.71466064453125,-0.68255615234375,-0.07171630859375,-0.1346435546875
4,0.67230224609375,-0.24371337890625,-0.37799072265625,-0.58795166015625,0.46405029296875,0.431884765625,0.3720703125,0.67791748046875,0.99658203125,-0.0050048828125,-0.03924560546875,-0.0718994140625,0.9825439453125,-0.1217041015625,-0.13580322265625,-0.03656005859375,0.82598876953125,-0.476318359375,-0.28955078125,-0.08319091796875,0.7144567177048495,-0.682805396242684,-0.07160301591241638,-0.13453026200616638
5,0.67236328125,-0.2442626953125,-0.37744140625,-0.58795166015625,0.46368408203125,0.431640625,0.37164306640625,0.67852783203125,0.99664306640625,-0.0048828125,-0.0384521484375,-0.07196044921875,0.982666015625,-0.12158203125,-0.13494873046875,-0.0367431640625,0.8262721033000627,-0.47596072193770905,-0.28908025939329013,-0.08364878370610368,0.71453857421875,-0.6827392578125,-0.07110595703125,-0.13470458984375
6,0.67236328125,-0.2442626953125,-0.37744140625,-0.58795166015625,0.46368408203125,0.431640625,0.37164306640625,0.67852783203125,0.99664306640625,-0.0048828125,-0.0384521484375,-0.07196044921875,0.982666015625,-0.12158203125,-0.13494873046875,-0.0367431640625,0.826416015625,-0.4764404296875,-0.28802490234375,-0.08331298828125,0.7145177528610995,-0.6827635493964256,-0.07110595703125,-0.13469070893864968
7,0.6725280149325878,-0.24453725145014632,-0.37705702765729515,-0.58795166015625,0.46239009589255853,0.4310729368075878,0.3718751633047659,0.6796752521425585,0.9967041015625,-0.004797485759824415,-0.03709712714255853,-0.07186267049017558,0.9827880859375,-0.12155773966607442,-0.13383784979880853,-0.036889525958925584,0.8265258380800585,-0.47622078477738294,-0.28802490234375,-0.08375227810148411,0.7143920081913671,-0.6828919477686036,-0.07099613457619147,-0.13484482781145485
8,0.67254638671875,-0.24456787109375,-0.37701416015625,-0.58795166015625,0.46240234375,0.43109130859375,0.371826171875,0.6796875,0.9967041015625,-0.0047607421875,-0.037109375,-0.0718994140625,0.9827880859375,-0.12152099609375,-0.13385009765625,-0.03692626953125,0.82684326171875,-0.4764404296875,-0.286865234375,-0.08349609375,0.7143711868337166,-0.6829066451975334,-0.07080261842861622,-0.13479706116743312
9,0.6727294921875,-0.24462890625,-0.37652587890625,-0.5880126953125,0.46124267578125,0.43023681640625,0.371826171875,0.68096923828125,0.99676513671875,-0.00457763671875,-0.03533935546875,-0.07183837890625,0.9830322265625,-0.12115478515625,-0.13214111328125,-0.03753662109375,0.82684326171875,-0.47625732421875,-0.28704833984375,-0.08392333984375,0.71453857421875,-0.68267822265625,-0.07086181640625,-0.13525390625
10,0.6727294921875,-0.24462890625,-0.37652587890625,-0.5880126953125,0.46124267578125,0.43023681640625,0.371826171875,0.68096923828125,0.99676513671875,-0.00457763671875,-0.03533935546875,-0.07183837890625,0.9830322265625,-0.12115478515625,-0.13214111328125,-0.03753662109375,0.8272705078125,-0.4764404296875,-0.2852783203125,-0.0841064453125,0.7145647029812918,-0.68267822265625,-0.07062665754337374,-0.13525390625
11,0.6727294921875,-0.2445068359375,-0.37628173828125,-0.588134765625,0.46038818359375,0.42987060546875,0.37237548828125,0.6815185546875,0.99676513671875,-0.0045166015625,-0.0341796875,-0.0718994140625,0.9833984375,-0.12066650390625,-0.1295166015625,-0.0384521484375,0.8272705078125,-0.476318359375,-0.2855224609375,-0.084228515625,0.71466064453125,-0.68255615234375,-0.070556640625,-0.1353759765625
12,0.6727294921875,-0.2445068359375,-0.37628173828125,-0.588134765625,0.46038818359375,0.42987060546875,0.37237548828125,0.6815185546875,0.99676513671875,-0.0045166015625,-0.0341796875,-0.0718994140625,0.9833984375,-0.12066650390625,-0.1295166015625,-0.0384521484375,0.82769775390625,-0.4764404296875,-0.28399658203125,-0.08489990234375,0.7146675849838001,-0.6825422714386497,-0.07050111700459866,-0.13542455973035117
13,0.6726127292798914,-0.24456521739130435,-0.3761649753736413,-0.5883099099864131,0.460274074388587,0.429931640625,0.3727470066236413,0.6813274881114131,0.996826171875,-0.004402492357336956,-0.033566682235054345,-0.07184368631114131,0.9837009595788043,-0.12006676715353261,-0.12792703379755435,-0.038884701936141304,0.8277561353600543,-0.4762069038722826,-0.2841133449388587,-0.08489990234375,0.7148968240489131,-0.6822589376698369,-0.07018512228260869,-0.13574484120244565
14,0.672607421875,-0.24456787109375,-0.37615966796875,-0.58831787109375,0.46026611328125,0.429931640625,0.37274169921875,0.68133544921875,0.996826171875,-0.00439453125,-0.0335693359375,-0.07183837890625,0.98370361328125,-0.12005615234375,-0.1279296875,-0.03887939453125,0.82794189453125,-0.47650146484375,-0.28289794921875,-0.0855712890625,0.7147584232598244,-0.6823973384589256,-0.06994649319345736,-0.13579097479880853
15,0.6724506492997492,-0.2446070642375627,-0.3763164405440008,-0.5883962573813755,0.45994807724968645,0.43003186892506273,0.37316445443143814,0.6812744140625,0.9968653650188127,-0.00445556640625,-0.032152667093436456,-0.07182551865593645,0.9839869470500627,-0.1199951171875,-0.12555380728731186,-0.039293780374686456,0.8279810876750627,-0.47650146484375,-0.2828195629311246,-0.08537532334343645,0.7147608728313127,-0.68243408203125,-0.06988525390625,-0.13556806379337374
16,0.67236328125,-0.24462890625,-0.37640380859375,-0.58843994140625,0.4598388671875,0.4300537109375,0.37322998046875,0.6812744140625,0.99688720703125,-0.00445556640625,-0.03204345703125,-0.07171630859375,0.9840087890625,-0.1199951171875,-0.12548828125,-0.0391845703125,0.8284912109375,-0.47662353515625,-0.28094482421875,-0.0859375,0.7148419128213838,-0.6823748840536162,-0.06970765997334866,-0.13564420464046822
17,0.67218017578125,-0.24456787109375,-0.37664794921875,-0.58856201171875,0.4595947265625,0.43017578125,0.3739013671875,0.6810302734375,0.99688720703125,-0.00457763671875,-0.03070068359375,-0.0716552734375,0.984130859375,-0.11981201171875,-0.12469482421875,-0.03948974609375,0.82855224609375,-0.47662353515625,-0.28094482421875,-0.08563232421875,0.71484375,-0.682373046875,-0.069580078125,-0.135498046875
18,0.67218017578125,-0.24456787109375,-0.37664794921875,-0.58856201171875,0.4595947265625,0.43017578125,0.3739013671875,0.6810302734375,0.99688720703125,-0.00457763671875,-0.03070068359375,-0.0716552734375,0.984130859375,-0.11981201171875,-0.12469482421875,-0.03948974609375,0.82904052734375,-0.476806640625,-0.2789306640625,-0.08636474609375,0.71484375,-0.682373046875,-0.0695176140520485,-0.13558133230560201
19,0.671875,-0.24462890625,-0.37713623046875,-0.58856201171875,0.45977783203125,0.43048095703125,0.37457275390625,0.68035888671875,0.99700927734375,-0.004638671875,-0.0281982421875,-0.0716552734375,0.984375,-0.11962890625,-0.12274169921875,-0.03985595703125,0.8291015625,-0.47686767578125,-0.2786865234375,-0.08587646484375,0.71478271484375,-0.68255615234375,-0.069091796875,-0.135498046875
20,0.671875,-0.24462890625,-0.37713623046875,-0.58856201171875,0.45977783203125,0.43048095703125,0.37457275390625,0.68035888671875,0.99700927734375,-0.004638671875,-0.0281982421875,-0.0716552734375,0.984375,-0.11962890625,-0.12274169921875,-0.03985595703125,0.82989501953125,-0.477294921875,-0.27545166015625,-0.08673095703125,0.71478271484375,-0.68255615234375,-0.069091796875,-0.135498046875
21,0.671661683149561,-0.24484222310043896,-0.37743487405936454,-0.58856201171875,0.46062048462322325,0.43069427388168896,0.37476769897052675,0.6794984747334866,0.9970703125,-0.004864440713837792,-0.025433900762959868,-0.07146624817098662,0.9845823970526756,-0.11968994140625,-0.12077081482545987,-0.04023461995714883,0.8300230096415134,-0.477294921875,-0.27515301656563546,-0.08643231344063546,0.7147643430575878,-0.6826598508700878,-0.06912262064956104,-0.13493097107545987
22,0.67156982421875,-0.24493408203125,-0.3775634765625,-0.58856201171875,0.46051025390625,0.4307861328125,0.3748779296875,0.679443359375,0.9970703125,-0.0048828125,-0.0252685546875,-0.0714111328125,0.984619140625,-0.11968994140625,-0.12060546875,-0.0401611328125,0.8309326171875,-0.47802734375,-0.27093505859375,-0.08697509765625,0.71478271484375,-0.68267822265625,-0.06903076171875,-0.134765625
23,0.6712646484375,-0.2451171875,-0.37799072265625,-0.58843994140625,0.4620361328125,0.43170166015625,0.3748779296875,0.6778564453125,0.9971923828125,-0.005126953125,-0.022705078125,-0.07110595703125,0.9847412109375,-0.11993408203125,-0.11895751953125,-0.040283203125,0.8310546875,-0.47808837890625,-0.2705078125,-0.0865478515625,0.7144775390625,-0.6832275390625,-0.068603515625,-0.13385009765625
24,0.6712646484375,-0.2451171875,-0.37799072265625,-0.58843994140625,0.4620361328125,0.43170166015625,0.3748779296875,0.6778564453125,0.9971923828125,-0.005126953125,-0.022705078125,-0.07110595703125,0.9847412109375,-0.11993408203125,-0.11895751953125,-0.040283203125,0.83148193359375,-0.478515625,-0.2681884765625,-0.08709716796875,0.7144081345369984,-0.6832830626829013,-0.06857575381479933,-0.13394726399195234
25,0.671142578125,-0.24517822265625,-0.37835693359375,-0.58837890625,0.46429443359375,0.433349609375,0.37469482421875,0.67535400390625,0.99725341796875,-0.00531005859375,-0.0211181640625,-0.07073974609375,0.9847412109375,-0.1202392578125,-0.118896484375,-0.04010009765625,0.83154296875,-0.4786376953125,-0.2679443359375,-0.08685302734375,0.714111328125,-0.68365478515625,-0.06829833984375,-0.1339111328125
26,0.671142578125,-0.24517822265625,-0.37835693359375,-0.58837890625,0.46429443359375,0.433349609375,0.37469482421875,0.67535400390625,0.99725341796875,-0.00531005859375,-0.0211181640625,-0.07073974609375,0.9847412109375,-0.1202392578125,-0.118896484375,-0.04010009765625,0.83154296875,-0.47869873046875,-0.2677001953125,-0.08709716796875,0.714111328125,-0.68365478515625,-0.06829833984375,-0.1339111328125
27,0.6710041773359113,-0.24517822265625,-0.3787721359610159,-0.5882866390572743,0.4661859110446279,0.43404161332044316,0.37446415623693563,0.6737393280335493,0.99725341796875,-0.005356192190112877,-0.01991869055706521,-0.0705552117082985,0.98468017578125,-0.12039398907817726,-0.11936700623170986,-0.039808394518185616,0.83154296875,-0.47892939845056437,-0.2675156609270485,-0.08677423279420986,0.7137898218671613,-0.6840075234505644,-0.06852614999216138,-0.133725169510347
28,0.67095947265625,-0.24517822265625,-0.37890625,-0.5882568359375,0.466796875,0.43426513671875,0.3743896484375,0.6732177734375,0.99725341796875,-0.00537109375,-0.01953125,-0.07049560546875,0.98468017578125,-0.1204833984375,-0.1192626953125,-0.03973388671875,0.83160400390625,-0.4786376953125,-0.267822265625,-0.08697509765625,0.7137451171875,-0.68408203125,-0.0684814453125,-0.13360595703125
29,0.6707763671875,-0.24517822265625,-0.3795166015625,-0.5880126953125,0.46966552734375,0.43585205078125,0.3736572265625,0.67059326171875,0.997314453125,-0.0052490234375,-0.01812744140625,-0.0706787109375,0.984619140625,-0.12066650390625,-0.1195068359375,-0.03948974609375,0.83154296875,-0.47900390625,-0.2674560546875,-0.08648681640625,0.71380615234375,-0.68402099609375,-0.06903076171875,-0.13336181640625
30,0.6707763671875,-0.24517822265625,-0.3795166015625,-0.5880126953125,0.46966552734375,0.43585205078125,0.3736572265625,0.67059326171875,0.997314453125,-0.0052490234375,-0.01812744140625,-0.0706787109375,0.984619140625,-0.12066650390625,-0.1195068359375,-0.03948974609375,0.83160400390625,-0.4786376953125,-0.26776123046875,-0.0867919921875,0.71380615234375,-0.68402099609375,-0.06903076171875,-0.13336181640625
31,0.67083740234375,-0.24517822265625,-0.379638671875,-0.587890625,0.47210693359375,0.4381103515625,0.37322998046875,0.66766357421875,0.99725341796875,-0.00531005859375,-0.0179443359375,-0.07080078125,0.98455810546875,-0.12078857421875,-0.11993408203125,-0.039306640625,0.83160400390625,-0.478759765625,-0.2677001953125,-0.08673095703125,0.7139892578125,-0.683837890625,-0.0689697265625,-0.1331787109375
32,0.67083740234375,-0.24517822265625,-0.379638671875,-0.587890625,0.47210693359375,0.4381103515625,0.37322998046875,0.66766357421875,0.99725341796875,-0.00531005859375,-0.0179443359375,-0.07080078125,0.98455810546875,-0.12078857421875,-0.11993408203125,-0.039306640625,0.8317223998615175,-0.4786413696697324,-0.2673450074466973,-0.08679015500888378,0.7139892578125,-0.683837890625,-0.0689697265625,-0.1331787109375
33,0.6709862138116639,-0.24507901501097407,-0.37953946422972407,-0.5877914173547241,0.47290059475595736,0.43806074773986203,0.37318037664611203,0.6671179321697325,0.997303021791388,-0.00526045477111204,-0.0164562212583612,-0.07089998889527592,0.984630571958612,-0.12100985217652592,-0.11935047162416389,-0.03933338178041388,0.8316268665734741,-0.47873690295777593,-0.26738358819763797,-0.08694080365541389,0.714427935239862,-0.683460248353888,-0.0687255859375,-0.13288884497805184
34,0.6710205078125,-0.24505615234375,-0.3795166015625,-0.5877685546875,0.47308349609375,0.43804931640625,0.3731689453125,0.6669921875,0.997314453125,-0.0052490234375,-0.01611328125,-0.0709228515625,0.984619140625,-0.12103271484375,-0.119384765625,-0.03936767578125,0.83197021484375,-0.47796630859375,-0.26751708984375,-0.08770751953125,0.71441650390625,-0.6834716796875,-0.0687255859375,-0.1329345703125
35,0.67138671875,-0.2447509765625,-0.379150390625,-0.5877685546875,0.47412109375,0.4390869140625,0.3734130859375,0.66546630859375,0.997314453125,-0.00518798828125,-0.0140380859375,-0.07086181640625,0.98468017578125,-0.1209716796875,-0.11883544921875,-0.03955078125,0.831787109375,-0.47802734375,-0.26788330078125,-0.08807373046875,0.7149658203125,-0.68304443359375,-0.0679931640625,-0.132568359375
36,0.67138671875,-0.2447509765625,-0.379150390625,-0.5877685546875,0.47412109375,0.4390869140625,0.3734130859375,0.66546630859375,0.997314453125,-0.00518798828125,-0.0140380859375,-0.07086181640625,0.98468017578125,-0.1209716796875,-0.11883544921875,-0.03955078125,0.832275390625,-0.4771728515625,-0.26776123046875,-0.08868408203125,0.7149658203125,-0.68304443359375,-0.0679931640625,-0.132568359375
37,0.6717529296875,-0.24420166015625,-0.37908935546875,-0.587646484375,0.4752197265625,0.439453125,0.37322998046875,0.66455078125,0.99737548828125,-0.005126953125,-0.0111083984375,-0.071044921875,0.9847412109375,-0.1209716796875,-0.1185302734375,-0.03973388671875,0.8319091796875,-0.4775390625,-0.26812744140625,-0.0888671875,0.7158203125,-0.68231201171875,-0.06781005859375,-0.1318359375
38,0.6717529296875,-0.24420166015625,-0.37908935546875,-0.587646484375,0.4752197265625,0.439453125,0.37322998046875,0.66455078125,0.99737548828125,-0.005126953125,-0.0111083984375,-0.071044921875,0.9847461100804766,-0.12095534921091136,-0.11850251162729931,-0.039735519766408864,0.83233642578125,-0.4769287109375,-0.26776123046875,-0.089111328125,0.7158497073578596,-0.6822907820991848,-0.0677920950695025,-0.1317918452132107
39,0.67205810546875,-0.24371337890625,-0.37908935546875,-0.58746337890625,0.47637939453125,0.440185546875,0.37298583984375,0.66339111328125,0.99737548828125,-0.0054931640625,-0.0103759765625,-0.071044921875,0.98480224609375,-0.120849609375,-0.11785888671875,-0.0399169921875,0.83203125,-0.47735595703125,-0.26800537109375,-0.0892333984375,0.716552734375,-0.68182373046875,-0.06732177734375,-0.1304931640625
40,0.67205810546875,-0.24371337890625,-0.37908935546875,-0.58746337890625,0.47637939453125,0.440185546875,0.37298583984375,0.66339111328125,0.99737548828125,-0.0054931640625,-0.0103759765625,-0.071044921875,0.98480224609375,-0.120849609375,-0.11785888671875,-0.0399169921875,0.8320747298939172,-0.47731247713733277,-0.26804885098766723,-0.08879859949832776,0.716552734375,-0.68182373046875,-0.06732177734375,-0.1304931640625
41,0.67230224609375,-0.2435302734375,-0.37908935546875,-0.5872802734375,0.47698974609375,0.44036865234375,0.37255859375,0.6630859375,0.997314453125,-0.00537109375,-0.01092529296875,-0.07147216796875,0.9847412109375,-0.12091064453125,-0.11834716796875,-0.03961181640625,0.8319091796875,-0.4775390625,-0.26812744140625,-0.08880615234375,0.71722412109375,-0.6815185546875,-0.0665283203125,-0.1290283203125
42,0.67230224609375,-0.2435302734375,-0.37908935546875,-0.5872802734375,0.47698974609375,0.44036865234375,0.37255859375,0.6630859375,0.997314453125,-0.00537109375,-0.01092529296875,-0.07147216796875,0.9847412109375,-0.12091064453125,-0.11834716796875,-0.03961181640625,0.8319334712714256,-0.47746618774822325,-0.26817602457410117,-0.08885473551160117,0.71722412109375,-0.6815185546875,-0.0665283203125,-0.1290283203125
43,0.67236328125,-0.24346923828125,-0.37939453125,-0.58697509765625,0.47735595703125,0.4405517578125,0.372314453125,0.66278076171875,0.997314453125,-0.0054931640625,-0.01068115234375,-0.071533203125,0.98480224609375,-0.1209716796875,-0.11773681640625,-0.03961181640625,0.83184814453125,-0.47772216796875,-0.26800537109375,-0.08880615234375,0.71783447265625,-0.6812744140625,-0.0657958984375,-0.1270751953125
44,0.67236328125,-0.24346923828125,-0.37939453125,-0.58697509765625,0.47735595703125,0.4405517578125,0.372314453125,0.66278076171875,0.997314453125,-0.0054931640625,-0.01068115234375,-0.071533203125,0.9848124526416179,-0.12095126659176421,-0.11768068039297658,-0.039606713132316056,0.831787109375,-0.4779052734375,-0.26788330078125,-0.0887451171875,0.71783447265625,-0.6812744140625,-0.0657958984375,-0.1270751953125
45,0.67236328125,-0.2436388711068144,-0.37967725262594065,-0.5867489205554974,0.4776952226823788,0.44083447918844065,0.3719751874738712,0.6625545846179974,0.997314453125,-0.005266986961747487,-0.010454975242997487,-0.07187246877612877,0.98492431640625,-0.12089717188806438,-0.11672616403637123,-0.03960732552518813,0.831787109375,-0.47807490626306437,-0.2675440351301212,-0.08868857291231187,0.7183272447873119,-0.6812654323003763,-0.06448007028637123,-0.1250134726431856
46,0.67236328125,-0.24365234375,-0.37969970703125,-0.58673095703125,0.47772216796875,0.44085693359375,0.3719482421875,0.66253662109375,0.997314453125,-0.0052490234375,-0.01043701171875,-0.0718994140625,0.98492431640625,-0.12091064453125,-0.11669921875,-0.03961181640625,0.8318340594951923,-0.4780414287860577,-0.2674701397235577,-0.0886371319110577,0.71832275390625,-0.6812744140625,-0.064453125,-0.125
47,0.6724006372151965,-0.24376441164558946,-0.3799611987876254,-0.5864694652748745,0.4779836597251254,0.4413052051761079,0.3717614623615175,0.662163061441785,0.997314453125,-0.005323735367892979,-0.01039965575355351,-0.0719367700276965,0.98504638671875,-0.12089063969742894,-0.11572898430967808,-0.03960181398933947,0.8318107885660535,-0.4782514795411789,-0.2671572069659281,-0.0885856909098035,0.7189431078856605,-0.6810339477947325,-0.06275046868467808,-0.12360619382316053
48,0.67242431640625,-0.24383544921875,-0.380126953125,-0.5863037109375,0.4781494140625,0.44158935546875,0.37164306640625,0.66192626953125,0.997314453125,-0.00537109375,-0.0103759765625,-0.07196044921875,0.98504638671875,-0.12103271484375,-0.11553955078125,-0.0396728515625,0.8318148711852007,-0.47844907830790134,-0.2668567261966973,-0.08845096447794731,0.7188720703125,-0.68115234375,-0.06256103515625,-0.12353515625
49,0.67242431640625,-0.243896484375,-0.38067626953125,-0.5859375,0.478515625,0.44287109375,0.3707275390625,0.66131591796875,0.99725341796875,-0.00537109375,-0.0108642578125,-0.07232666015625,0.9852294921875,-0.12115478515625,-0.1141357421875,-0.03973388671875,0.831787109375,-0.47894287109375,-0.26629638671875,-0.08807373046875,0.71929931640625,-0.68121337890625,-0.06060791015625,-0.1214599609375
50,0.67242431640625,-0.243896484375,-0.38067626953125,-0.5859375,0.478515625,0.44287109375,0.3707275390625,0.66131591796875,0.99725341796875,-0.00537109375,-0.0108642578125,-0.07232666015625,0.9852294921875,-0.12115478515625,-0.1141357421875,-0.03973388671875,0.831795682875209,-0.47895144459395905,-0.2662363722172868,-0.08809945096937709,0.71929931640625,-0.68121337890625,-0.06060791015625,-0.1214599609375
51,0.6724843309077132,-0.2439564988764632,-0.38109637104149247,-0.5855774129912207,0.47827556699414714,0.44569177531877097,0.36928719102738294,0.6604157004468019,0.9971333889658236,-0.005251064747073576,-0.014105040891513435,-0.0733469066811246,0.9852294921875,-0.12139280185252926,-0.11347047939747074,-0.039975986034176424,0.8317281155283236,-0.47942400776024247,-0.26550905361622074,-0.08813680693457358,0.7194254693378972,-0.681269310788566,-0.05933229580372073,-0.12091370649561037
52,0.6724853515625,-0.24395751953125,-0.381103515625,-0.5855712890625,0.478271484375,0.44573974609375,0.3692626953125,0.660400390625,0.99713134765625,-0.0052490234375,-0.01416015625,-0.0733642578125,0.9852294921875,-0.12139892578125,-0.11346435546875,-0.03997802734375,0.83172607421875,-0.47943115234375,-0.2655029296875,-0.088134765625,0.71942138671875,-0.6812744140625,-0.059326171875,-0.12091064453125
53,0.6724445253710284,-0.24391669333977842,-0.3815934299226589,-0.5853263319136706,0.4771691772052676,0.4487608842626463,0.36848699767454013,0.659543040604097,0.9969272166988922,-0.004677456756897992,-0.019059299226588635,-0.07491565308841973,0.98529052734375,-0.12162408222721571,-0.11291381427675586,-0.040384656210806856,0.8317664921483069,-0.47961548259824416,-0.264973005722199,-0.08852036900344899,0.7198478162886706,-0.6809296368755225,-0.057718232323892144,-0.12123521275344899
54,0.67242431640625,-0.243896484375,-0.3818359375,-0.585205078125,0.47662353515625,0.45025634765625,0.36810302734375,0.65911865234375,0.996826171875,-0.00439453125,-0.021484375,-0.07568359375,0.98529052734375,-0.121826171875,-0.11273193359375,-0.04034423828125,0.8316948421822743,-0.47967243513534696,-0.26498770315112874,-0.08875369068770904,0.7197265625,-0.68109130859375,-0.0576171875,-0.12109375
55,0.67230224609375,-0.243896484375,-0.38275146484375,-0.584716796875,0.4752781080163043,0.4528806552440427,0.3682257100491221,0.6582702840849707,0.99615478515625,-0.004150390625,-0.03570556640625,-0.0792236328125,0.98516845703125,-0.122314453125,-0.11322021484375,-0.04052734375,0.83154296875,-0.480224609375,-0.2645263671875,-0.08856201171875,0.719970703125,-0.68115234375,-0.05560302734375,-0.12066650390625
56,0.67230224609375,-0.243896484375,-0.38275146484375,-0.584716796875,0.47271728515625,0.45721435546875,0.36700439453125,0.6578369140625,0.99615478515625,-0.004150390625,-0.03570556640625,-0.0792236328125,0.9851443695782818,-0.12225423449257942,-0.11343700192046405,-0.04069595592077759,0.8315068375705477,-0.480333002913357,-0.2644059299226589,-0.0886463178041388,0.719970703125,-0.68115234375,-0.05560302734375,-0.12066650390625
57,0.67181396484375,-0.244140625,-0.3837890625,-0.58453369140625,0.4720940733434365,0.45774468769596566,0.3678219390154682,0.6574270191001254,0.9947509765625,0.0020751953125,-0.04998779296875,-0.08880615234375,0.985107421875,-0.12237548828125,-0.11328125,-0.0408935546875,0.83148193359375,-0.4810791015625,-0.26324462890625,-0.08807373046875,0.72052001953125,-0.6810302734375,-0.0526123046875,-0.118896484375
58,0.67181396484375,-0.244140625,-0.3837890625,-0.58453369140625,0.4674072265625,0.461669921875,0.365478515625,0.6593017578125,0.9947509765625,0.0020751953125,-0.04998779296875,-0.08880615234375,0.985107421875,-0.12237548828125,-0.11328125,-0.0408935546875,0.83148193359375,-0.4810791015625,-0.26324462890625,-0.08807373046875,0.72052001953125,-0.6810302734375,-0.0526123046875,-0.118896484375
59,0.67108154296875,-0.24359130859375,-0.38555908203125,-0.58441162109375,0.46279937846206093,0.4619740770014632,0.3656430451766304,0.6622518584082359,0.9940481536763168,0.004957320299435739,-0.05526784431176858,-0.09311168249634214,0.985107421875,-0.12158203125,-0.113525390625,-0.0421142578125,0.83209228515625,-0.48114013671875,-0.260986328125,-0.088623046875,0.7218017578125,-0.6802978515625,-0.04779052734375,-0.11773681640625
60,0.67108154296875,-0.24359130859375,-0.38555908203125,-0.58441162109375,0.46124267578125,0.462158203125,0.364990234375,0.66357421875,0.99371337890625,0.00653076171875,-0.05767822265625,-0.09515380859375,0.985107421875,-0.12158203125,-0.113525390625,-0.0421142578125,0.83209228515625,-0.48114013671875,-0.260986328125,-0.088623046875,0.7218017578125,-0.6802978515625,-0.04779052734375,-0.11773681640625
61,0.670166015625,-0.24249267578125,-0.38800048828125,-0.58428955078125,0.4588604675088837,0.46193529211956524,0.36681128664558943,0.664323175232546,0.9937566546692098,0.005671574519230808,-0.05723587087165555,-0.0951487053198161,0.9853515625,-0.119873046875,-0.11273193359375,-0.04400634765625,0.83294677734375,-0.48046875,-0.259033203125,-0.09014892578125,0.723388671875,-0.67877197265625,-0.04534912109375,-0.1175537109375
62,0.670166015625,-0.24249267578125,-0.38800048828125,-0.58428955078125,0.45623779296875,0.46240234375,0.36566162109375,0.66644287109375,0.99346923828125,0.00732421875,-0.058349609375,-0.097412109375,0.9853981043582776,-0.11934557248118725,-0.1127009056882316,-0.044518308097303554,0.833179486635138,-0.48017398489757523,-0.25864535430602004,-0.09076948389161794,0.723388671875,-0.67877197265625,-0.04534912109375,-0.1175537109375
63,0.66949462890625,-0.2418212890625,-0.3895263671875,-0.58428955078125,0.45559743415551834,0.4621800451374373,0.3672048511313754,0.666248334291388,0.9932861328125,0.00848388671875,-0.0574951171875,-0.0994873046875,0.98553466796875,-0.118896484375,-0.1119384765625,-0.0447998046875,0.8336181640625,-0.4801025390625,-0.25732421875,-0.09100341796875,0.7244873046875,-0.6778564453125,-0.0447998046875,-0.11627197265625
64,0.66949462890625,-0.2418212890625,-0.3895263671875,-0.58428955078125,0.45361328125,0.46295166015625,0.36566162109375,0.6678466796875,0.9932861328125,0.00848388671875,-0.0574951171875,-0.0994873046875,0.98553466796875,-0.118896484375,-0.1119384765625,-0.0447998046875,0.8336181640625,-0.4801025390625,-0.25732421875,-0.09100341796875,0.7244873046875,-0.6778564453125,-0.0447998046875,-0.11627197265625
65,0.6692080290421195,-0.24186905570652173,-0.39005180027173914,-0.5843373174252717,0.45332668138586957,0.46309496008831524,0.36618705417798914,0.6677033797554348,0.9933338994565217,0.00853165336277174,-0.05682638417119564,-0.0997261379076087,0.9857655400815217,-0.11823305876358696,-0.11028787364130434,-0.04563837466032608,0.8337880010190217,-0.47989289656929346,-0.2568412449048913,-0.09183402683423912,0.7247261379076086,-0.6778086786684783,-0.044369904891304345,-0.11517333984374999
66,0.66912841796875,-0.24188232421875,-0.39019775390625,-0.5843505859375,0.45355224609375,0.462890625,0.36553955078125,0.66802978515625,0.99334716796875,0.008544921875,-0.056640625,-0.09979248046875,0.9857406361047241,-0.11855334023568144,-0.1099775945861204,-0.0455322265625,0.83380126953125,-0.47991943359375,-0.25677490234375,-0.0916748046875,0.72479248046875,-0.67779541015625,-0.04425048828125,-0.1148681640625
67,0.66900634765625,-0.2423095703125,-0.39013671875,-0.58428955078125,0.45343017578125,0.4632568359375,0.3653564453125,0.66796875,0.99334716796875,0.008478579313858687,-0.05702132923547242,-0.09957548926107858,0.98577880859375,-0.11846923828125,-0.10955810546875,-0.04571533203125,0.8338623046875,-0.48004150390625,-0.25616455078125,-0.09210205078125,0.72491455078125,-0.6778564453125,-0.0430908203125,-0.11419677734375
68,0.66900634765625,-0.2423095703125,-0.39013671875,-0.58428955078125,0.45465087890625,0.4637451171875,0.36517333984375,0.66693115234375,0.99334716796875,0.008056640625,-0.05780029296875,-0.09912109375,0.9857598244147158,-0.11871603260869565,-0.10965302636392141,-0.04548752188283863,0.8337483996132943,-0.4800794722643186,-0.2564682976457985,-0.09204509824414715,0.72491455078125,-0.6778564453125,-0.0430908203125,-0.11419677734375
69,0.6690673828125,-0.24285888671875,-0.38983154296875,-0.584228515625,0.4547823392427885,0.46429443359375,0.36471792367788464,0.6667010967548077,0.9933049128605769,0.008324256310096147,-0.05771108774038462,-0.0992901141826923,0.98577880859375,-0.1187744140625,-0.10968017578125,-0.04534912109375,0.833740234375,-0.4798583984375,-0.2568359375,-0.09228515625,0.7249755859375,-0.6781005859375,-0.04193115234375,-0.113037109375
70,0.6690673828125,-0.24285888671875,-0.38983154296875,-0.584228515625,0.45550537109375,0.4649658203125,0.36456298828125,0.665771484375,0.993408203125,0.0074462890625,-0.0582275390625,-0.09820556640625,0.9857179775684574,-0.11932189329013378,-0.10955851373066472,-0.044984134941994144,0.833740234375,-0.4798583984375,-0.2568359375,-0.09228515625,0.7249755859375,-0.6781005859375,-0.04193115234375,-0.113037109375
71,0.6691698565530937,-0.24291012358904682,-0.38983154296875,-0.5840748050141096,0.4556590817046405,0.46506829405309363,0.36451175141095316,0.6656690106344063,0.9935106768655937,0.007292578451609526,-0.0576126966189381,-0.09769319770328175,0.9857177734375,-0.11937496733904683,-0.10950686859845317,-0.04513662076714047,0.8338110678172032,-0.47972652983904684,-0.25679449891565637,-0.09268300748589048,0.7253342440295778,-0.6777419278454222,-0.0413163099001881,-0.11267845128292223
72,0.669189453125,-0.242919921875,-0.38983154296875,-0.58404541015625,0.45635986328125,0.46588134765625,0.3638916015625,0.66497802734375,0.9935302734375,0.00726318359375,-0.0574951171875,-0.09759521484375,0.985759416152801,-0.11917655204849498,-0.10916392859009197,-0.045290943770903015,0.83380126953125,-0.479736328125,-0.25677490234375,-0.09271240234375,0.72540283203125,-0.67767333984375,-0.04119873046875,-0.11260986328125
73,0.66937255859375,-0.2425537109375,-0.39013671875,-0.58380126953125,0.4566650390625,0.465576171875,0.3642578125,0.66473388671875,0.9935653839621655,0.0069092205136914815,-0.056402404172763335,-0.09759215287938963,0.9857177734375,-0.11962890625,-0.10906982421875,-0.0452880859375,0.83392333984375,-0.4796142578125,-0.25653076171875,-0.093017578125,0.72601318359375,-0.6771240234375,-0.041259765625,-0.11212158203125
74,0.66937255859375,-0.2425537109375,-0.39013671875,-0.58380126953125,0.4573974609375,0.4676513671875,0.36370849609375,0.6630859375,0.99365234375,0.00714111328125,-0.05535888671875,-0.0975341796875,0.98583984375,-0.11932373046875,-0.1082763671875,-0.04559326171875,0.83392333984375,-0.4796142578125,-0.25653076171875,-0.093017578125,0.72601318359375,-0.6771240234375,-0.041259765625,-0.11212158203125
75,0.66949462890625,-0.24212646484375,-0.39031982421875,-0.58367919921875,0.4578602258178303,0.46772240476066057,0.3638626149665552,0.66262623458403,0.993896484375,0.0069580078125,-0.05157470703125,-0.09698486328125,0.98577880859375,-0.1197509765625,-0.10845947265625,-0.04547119140625,0.8341064453125,-0.47943115234375,-0.256103515625,-0.093017578125,0.726806640625,-0.67645263671875,-0.041748046875,-0.11102294921875
76,0.66949462890625,-0.24212646484375,-0.39031982421875,-0.58367919921875,0.45867919921875,0.4693603515625,0.363525390625,0.6611328125,0.993896484375,0.0069580078125,-0.05157470703125,-0.09698486328125,0.98583984375,-0.11962890625,-0.10797119140625,-0.0455322265625,0.8341260418844063,-0.47942135405779684,-0.2560741207671405,-0.09300777983904682,0.726806640625,-0.67645263671875,-0.041748046875,-0.11102294921875
77,0.66961669921875,-0.24200439453125,-0.390380859375,-0.58355712890625,0.45880126953125,0.46923828125,0.3636474609375,0.6610107421875,0.9940606056647158,0.006665488150606186,-0.04900980155204847,-0.09638941327863712,0.98577880859375,-0.11981201171875,-0.1080322265625,-0.045654296875,0.8343505859375,-0.47943115234375,-0.25555419921875,-0.0928955078125,0.7273957625679348,-0.676027636065531,-0.04141980429556856,-0.11010558469638378
78,0.66961669921875,-0.24200439453125,-0.390380859375,-0.58355712890625,0.46026611328125,0.4703369140625,0.36328125,0.659423828125,0.99407958984375,0.00665283203125,-0.0487060546875,-0.0963134765625,0.985823921535326,-0.12003757642663043,-0.10780666185461957,-0.045518958050271736,0.8343505859375,-0.47943115234375,-0.25555419921875,-0.0928955078125,0.72747802734375,-0.67596435546875,-0.0413818359375,-0.1099853515625
79,0.669677734375,-0.24212646484375,-0.3902587890625,-0.58355712890625,0.46026611328125,0.47039794921875,0.3631591796875,0.65948486328125,0.9941506274169105,0.006526270837688125,-0.04799567895589464,-0.09600932143603678,0.98583984375,-0.1199951171875,-0.10772705078125,-0.04559326171875,0.83447265625,-0.47979736328125,-0.2545166015625,-0.09259033203125,0.7276611328125,-0.676025390625,-0.0404052734375,-0.108642578125
80,0.669677734375,-0.24212646484375,-0.3902587890625,-0.58355712890625,0.46099853515625,0.469970703125,0.36297607421875,0.65936279296875,0.99420166015625,0.00634765625,-0.0474853515625,-0.095703125,0.98577880859375,-0.1204833984375,-0.1077880859375,-0.045166015625,0.83447265625,-0.47979736328125,-0.2545166015625,-0.09259033203125,0.7276611328125,-0.676025390625,-0.0404052734375,-0.108642578125
81,0.669677734375,-0.2423095703125,-0.39013671875,-0.58355712890625,0.46099853515625,0.4700927734375,0.36279296875,0.65936279296875,0.9942343211094272,0.0064001179060409665,-0.047081376397888786,-0.09561289911684782,0.98577880859375,-0.120361328125,-0.10772705078125,-0.0452880859375,0.8345947265625,-0.4803466796875,-0.2530517578125,-0.09228515625,0.72772216796875,-0.6761474609375,-0.0390625,-0.1080322265625
82,0.669677734375,-0.2423095703125,-0.39013671875,-0.58355712890625,0.46124267578125,0.46917724609375,0.36285400390625,0.6597900390625,0.99432373046875,0.00604248046875,-0.046142578125,-0.09503173828125,0.98577880859375,-0.12060546875,-0.10748291015625,-0.0450439453125,0.8345947265625,-0.4803466796875,-0.2530517578125,-0.09228515625,0.72772216796875,-0.6761474609375,-0.0390625,-0.1080322265625
83,0.669735911697847,-0.242367747635347,-0.39013671875,-0.5834407742605561,0.461359030426944,0.469293600739444,0.36279582658340304,0.6596736844168061,0.994381907791597,0.006158835114443978,-0.045211740959448174,-0.09508991560409699,0.98577880859375,-0.12060546875,-0.10748291015625,-0.045160299958193977,0.8349609375,-0.48077106794784696,-0.251226418791806,-0.09203529995819398,0.727896699937291,-0.676089283614653,-0.0380153081887542,-0.10745045333403011
84,0.66973876953125,-0.24237060546875,-0.39013671875,-0.58343505859375,0.461181640625,0.46905517578125,0.36279296875,0.65997314453125,0.994384765625,0.00616455078125,-0.045166015625,-0.0950927734375,0.98590087890625,-0.12042236328125,-0.106689453125,-0.04534912109375,0.8349609375,-0.48077392578125,-0.251220703125,-0.092041015625,0.7279052734375,-0.67608642578125,-0.0379638671875,-0.107421875
85,0.669677734375,-0.24212646484375,-0.39031982421875,-0.58343505859375,0.461181640625,0.4688720703125,0.36309814453125,0.659912109375,0.9944237546378554,0.006076366207671406,-0.04465915845788043,-0.09506562402017141,0.98583984375,-0.12066650390625,-0.10675048828125,-0.045166015625,0.83544921875,-0.4810791015625,-0.2491455078125,-0.0919189453125,0.7280951152278428,-0.6759966081600125,-0.03760112647627508,-0.10687092554609114
86,0.669677734375,-0.24212646484375,-0.39031982421875,-0.58343505859375,0.461181640625,0.46868896484375,0.3629150390625,0.66015625,0.99444580078125,0.00616455078125,-0.04437255859375,-0.09515380859375,0.98590087890625,-0.1202392578125,-0.10638427734375,-0.04559326171875,0.83544921875,-0.4810791015625,-0.2491455078125,-0.0919189453125,0.728271484375,-0.67584228515625,-0.03729248046875,-0.10662841796875
87,0.669677734375,-0.241943359375,-0.39044189453125,-0.58349609375,0.461181640625,0.46856689453125,0.36309814453125,0.66015625,0.99432373046875,0.00634765625,-0.04510498046875,-0.0958251953125,0.98590087890625,-0.12042236328125,-0.10650634765625,-0.04541015625,0.83587646484375,-0.48126220703125,-0.2471923828125,-0.092041015625,0.7283935546875,-0.67578125,-0.03631591796875,-0.10662841796875
88,0.669677734375,-0.241943359375,-0.39044189453125,-0.58349609375,0.4615478515625,0.4677734375,0.363037109375,0.66046142578125,0.99432373046875,0.00634765625,-0.04510498046875,-0.0958251953125,0.9859619140625,-0.12030029296875,-0.1063232421875,-0.04547119140625,0.83587646484375,-0.48126220703125,-0.2471923828125,-0.092041015625,0.7283935546875,-0.67578125,-0.03631591796875,-0.10662841796875
89,0.66961669921875,-0.24200439453125,-0.39044189453125,-0.58349609375,0.46149232794209866,0.4678277363346572,0.363037109375,0.6604620381741221,0.9942626953125,0.00665283203125,-0.0447998046875,-0.09649658203125,0.9859619140625,-0.1202392578125,-0.10626220703125,-0.04547119140625,0.83648681640625,-0.4814453125,-0.2447509765625,-0.09197998046875,0.72845458984375,-0.67578125,-0.0347900390625,-0.1065673828125
90,0.66961669921875,-0.24200439453125,-0.39044189453125,-0.58349609375,0.4620361328125,0.4671630859375,0.363037109375,0.6605224609375,0.9942626953125,0.00665283203125,-0.0447998046875,-0.09649658203125,0.98602294921875,-0.1199951171875,-0.10565185546875,-0.04559326171875,0.83648681640625,-0.4814453125,-0.2447509765625,-0.09197998046875,0.72845458984375,-0.67578125,-0.0347900390625,-0.1065673828125
91,0.66961669921875,-0.241943359375,-0.390380859375,-0.58355712890625,0.4620361328125,0.46710205078125,0.363037109375,0.66064453125,0.9942202360733695,0.0067138671875,-0.045158054517663054,-0.09669030230978262,0.98602294921875,-0.11993408203125,-0.10577392578125,-0.0455322265625,0.83740234375,-0.48199462890625,-0.2408447265625,-0.0916748046875,0.7285395083220109,-0.67578125,-0.033704674762228215,-0.10637366253396738
92,0.66961669921875,-0.241943359375,-0.390380859375,-0.58355712890625,0.46209716796875,0.4671630859375,0.36273193359375,0.66070556640625,0.99420166015625,0.0067138671875,-0.0452880859375,-0.0968017578125,0.98614501953125,-0.1197509765625,-0.105224609375,-0.045654296875,0.83740234375,-0.48199462890625,-0.2408447265625,-0.0916748046875,0.72857666015625,-0.67578125,-0.033203125,-0.10626220703125
93,0.66973876953125,-0.24176025390625,-0.39031982421875,-0.5836181640625,0.462158203125,0.46697998046875,0.36273193359375,0.66082763671875,0.99420166015625,0.006676102960388799,-0.045415871916806,-0.0968948415290552,0.986083984375,-0.11981201171875,-0.10540771484375,-0.045654296875,0.8385009765625,-0.48291015625,-0.2349853515625,-0.0914306640625,0.7286087087165551,-0.6758190142271112,-0.032339038657504045,-0.1061282971232232
94,0.66973876953125,-0.24176025390625,-0.39031982421875,-0.5836181640625,0.4619140625,0.46728515625,0.3621826171875,0.66107177734375,0.99420166015625,0.0067138671875,-0.04522705078125,-0.0970458984375,0.9862060546875,-0.1195068359375,-0.1046142578125,-0.04583740234375,0.8385009765625,-0.48291015625,-0.2349853515625,-0.0914306640625,0.728759765625,-0.67578125,-0.0306396484375,-0.105712890625
95,0.66986083984375,-0.24139404296875,-0.39019775390625,-0.5836181640625,0.46209716796875,0.46697998046875,0.36212158203125,0.6611328125,0.99420166015625,0.006591796875,-0.0445556640625,-0.09722900390625,0.98614501953125,-0.11968994140625,-0.10498046875,-0.04583740234375,0.84002685546875,-0.48431396484375,-0.22686767578125,-0.0909423828125,0.72906494140625,-0.67578125,-0.027587890625,-0.10455322265625
96,0.66986083984375,-0.24139404296875,-0.39019775390625,-0.5836181640625,0.4619140625,0.4674072265625,0.36163330078125,0.6612548828125,0.99420166015625,0.006591796875,-0.0445556640625,-0.09722900390625,0.986328125,-0.119140625,-0.1038818359375,-0.04608154296875,0.84002685546875,-0.48431396484375,-0.22686767578125,-0.0909423828125,0.72906494140625,-0.67578125,-0.027587890625,-0.10455322265625
97,0.670166015625,-0.2410888671875,-0.389892578125,-0.5836181640625,0.46221923828125,0.46710205078125,0.36138916015625,0.66143798828125,0.9942324839308111,0.006438902787938957,-0.044186391160639577,-0.09712142689172239,0.98626708984375,-0.1192626953125,-0.1043701171875,-0.0462646484375,0.841064453125,-0.484619140625,-0.22216796875,-0.0911865234375,0.7296009893002717,-0.6753678848113503,-0.02576520530675154,-0.10387816158026748
98,0.670166015625,-0.2410888671875,-0.389892578125,-0.5836181640625,0.4619140625,0.467529296875,0.36138916015625,0.66131591796875,0.9942626953125,0.00640869140625,-0.04388427734375,-0.0970458984375,0.98638916015625,-0.11883544921875,-0.10382080078125,-0.04583740234375,0.841064453125,-0.484619140625,-0.22216796875,-0.0911865234375,0.72979736328125,-0.67523193359375,-0.02508544921875,-0.103515625
99,0.6705322265625,-0.24053955078125,-0.38983154296875,-0.58343505859375,0.46240234375,0.467041015625,0.36138916015625,0.66131591796875,0.99420166015625,0.006088409934155524,-0.04453300552623329,-0.09706100412834448,0.98626708984375,-0.11932373046875,-0.10430908203125,-0.04595947265625,0.84185791015625,-0.48406982421875,-0.2200927734375,-0.091552734375,0.7299659754520276,-0.6750290274221362,-0.02490928420255014,-0.10364116553877507
100,0.6705322265625,-0.24053955078125,-0.38983154296875,-0.58343505859375,0.46234130859375,0.4674072265625,0.3609619140625,0.66131591796875,0.99420166015625,0.0062255859375,-0.04473876953125,-0.096923828125,0.986328125,-0.11859130859375,-0.10418701171875,-0.0460205078125,0.84185791015625,-0.48406982421875,-0.2200927734375,-0.091552734375,0.73065185546875,-0.67437744140625,-0.0242919921875,-0.10333251953125
101,0.67071533203125,-0.2401123046875,-0.3900146484375,-0.58331298828125,0.46258544921875,0.467041015625,0.3612060546875,0.6612548828125,0.99420166015625,0.00616455078125,-0.044921875,-0.09686279296875,0.98626708984375,-0.11907958984375,-0.10443115234375,-0.04595947265625,0.84246826171875,-0.48388671875,-0.21832275390625,-0.09161376953125,0.7313232421875,-0.67364501953125,-0.02490234375,-0.10321044921875
102,0.67071533203125,-0.2401123046875,-0.3900146484375,-0.58331298828125,0.46221923828125,0.4674072265625,0.3609619140625,0.66143798828125,0.99420166015625,0.00616455078125,-0.044921875,-0.09686279296875,0.986328125,-0.11871337890625,-0.10430908203125,-0.0460205078125,0.84246826171875,-0.48388671875,-0.21832275390625,-0.09161376953125,0.7313232421875,-0.67364501953125,-0.02490234375,-0.10321044921875
103,0.6707763671875,-0.24005126953125,-0.39013671875,-0.58319091796875,0.46234130859375,0.46734619140625,0.36102294921875,0.66131591796875,0.99420166015625,0.0059814453125,-0.044921875,-0.096923828125,0.986328125,-0.118896484375,-0.104248046875,-0.04608154296875,0.8427734375,-0.48394775390625,-0.216796875,-0.092041015625,0.731201171875,-0.673828125,-0.02395211414349914,-0.10316104952706939
104,0.6707763671875,-0.24005126953125,-0.39013671875,-0.58319091796875,0.46234130859375,0.467529296875,0.3603515625,0.66162109375,0.99420166015625,0.0059814453125,-0.044921875,-0.096923828125,0.986328125,-0.11895751953125,-0.10369873046875,-0.0462646484375,0.8427734375,-0.48394775390625,-0.216796875,-0.092041015625,0.731201171875,-0.673828125,-0.02374267578125,-0.1031494140625
105,0.670654296875,-0.240234375,-0.390380859375,-0.58306884765625,0.46221923828125,0.46771240234375,0.36053466796875,0.66143798828125,0.9942626953125,0.0058599873928720705,-0.04431397300898828,-0.09686340536162207,0.98638916015625,-0.1190185546875,-0.1033935546875,-0.04620361328125,0.84326171875,-0.4842529296875,-0.21417236328125,-0.0921630859375,0.7312615946383779,-0.6738287373928721,-0.023135386183110354,-0.1028756744486831
106,0.670654296875,-0.240234375,-0.390380859375,-0.58306884765625,0.4625244140625,0.4676513671875,0.36016845703125,0.66143798828125,0.9942626953125,0.00579833984375,-0.0440673828125,-0.0968017578125,0.9864501953125,-0.119140625,-0.1026611328125,-0.04632568359375,0.84326171875,-0.4842529296875,-0.21417236328125,-0.0921630859375,0.7313232421875,-0.67376708984375,-0.0228271484375,-0.102783203125
107,0.6705322265625,-0.24029541015625,-0.3907470703125,-0.58294677734375,0.46246337890625,0.4677734375,0.3604736328125,0.66119384765625,0.99432373046875,0.00555419921875,-0.04377323010294733,-0.09671867651285534,0.9864501953125,-0.11932373046875,-0.10235595703125,-0.04620361328125,0.84332275390625,-0.4844970703125,-0.21307373046875,-0.09228515625,0.7312732301029473,-0.6739281491691054,-0.02266608911214465,-0.10248905041544733
108,0.6705322265625,-0.24029541015625,-0.3907470703125,-0.58294677734375,0.4630126953125,0.46795654296875,0.3604736328125,0.6607666015625,0.99432373046875,0.00555419921875,-0.0438232421875,-0.09661865234375,0.9864501953125,-0.119384765625,-0.10223388671875,-0.046142578125,0.84332275390625,-0.4844970703125,-0.21307373046875,-0.09228515625,0.7313232421875,-0.673828125,-0.02276611328125,-0.1025390625
109,0.67034912109375,-0.24053955078125,-0.3912353515625,-0.582763671875,0.46282958984375,0.46826171875,0.36083984375,0.66046142578125,0.99432373046875,0.005476833585911372,-0.043371500378867056,-0.09672439217966138,0.98651123046875,-0.11956787109375,-0.1016845703125,-0.04608154296875,0.84344482421875,-0.48455810546875,-0.212646484375,-0.09228515625,0.7313597816288671,-0.6737997507969272,-0.022444607023411372,-0.1024819058319398
110,0.67034912109375,-0.24053955078125,-0.3912353515625,-0.582763671875,0.4635009765625,0.46807861328125,0.3604736328125,0.66033935546875,0.99432373046875,0.0054931640625,-0.04339599609375,-0.09674072265625,0.98651123046875,-0.11956787109375,-0.1014404296875,-0.04620361328125,0.84344482421875,-0.48455810546875,-0.212646484375,-0.09228515625,0.73138427734375,-0.67376708984375,-0.0224609375,-0.1025390625
111,0.67010498046875,-0.24066162109375,-0.3917236328125,-0.5826416015625,0.4632568359375,0.46832275390625,0.36090087890625,0.6600341796875,0.99432373046875,0.00531005859375,-0.04324453092339048,-0.09665233395171405,0.986572265625,-0.11981201171875,-0.1009521484375,-0.04595947265625,0.84356689453125,-0.484619140625,-0.21197509765625,-0.09228515625,0.7314306150710702,-0.6737481056647157,-0.022256806542642144,-0.10215182607389214
112,0.67010498046875,-0.24066162109375,-0.3917236328125,-0.5826416015625,0.46343994140625,0.46771240234375,0.36065673828125,0.6605224609375,0.99432373046875,0.00531005859375,-0.04351806640625,-0.0966796875,0.98651123046875,-0.1197509765625,-0.10125732421875,-0.04608154296875,0.84356689453125,-0.484619140625,-0.21197509765625,-0.09228515625,0.7315673828125,-0.673583984375,-0.0223388671875,-0.10223388671875
113,0.66998291015625,-0.24066162109375,-0.39208984375,-0.58251953125,0.46337890625,0.46783447265625,0.36102294921875,0.66033935546875,0.99432373046875,0.005109397862667223,-0.043212890625,-0.09660109708141722,0.98651123046875,-0.1199951171875,-0.1009521484375,-0.0458984375,0.8436279296875,-0.484375,-0.212158203125,-0.0924072265625,0.7315322722878345,-0.6737266719141931,-0.022187810279055184,-0.10203322598766722
114,0.66998291015625,-0.24066162109375,-0.39208984375,-0.58251953125,0.46343994140625,0.4676513671875,0.36102294921875,0.66033935546875,0.99432373046875,0.0052490234375,-0.043212890625,-0.09674072265625,0.98651123046875,-0.11981201171875,-0.10113525390625,-0.04595947265625,0.8436279296875,-0.484375,-0.212158203125,-0.0924072265625,0.7318115234375,-0.67340087890625,-0.0220947265625,-0.1021728515625
115,0.669921875,-0.24041748046875,-0.39227294921875,-0.58258056640625,0.46343994140625,0.46746826171875,0.36126708984375,0.66033935546875,0.99432373046875,0.005230243389423081,-0.04287954477163461,-0.09677828275240385,0.98651123046875,-0.12005615234375,-0.1011962890625,-0.04571533203125,0.8438720703125,-0.48388671875,-0.212158203125,-0.0928955078125,0.7322528545673077,-0.6729032076322116,-0.02222149188701923,-0.10204608623798077
116,0.669921875,-0.24041748046875,-0.39227294921875,-0.58258056640625,0.463623046875,0.46734619140625,0.36138916015625,0.66021728515625,0.99432373046875,0.0052490234375,-0.0428466796875,-0.0968017578125,0.986572265625,-0.11962890625,-0.10089111328125,-0.04620361328125,0.8438720703125,-0.48388671875,-0.212158203125,-0.0928955078125,0.7322998046875,-0.6728515625,-0.022216796875,-0.10205078125
117,0.669921875,-0.2401123046875,-0.39227294921875,-0.58270263671875,0.463623046875,0.467041015625,0.36151123046875,0.660400390625,0.9943608823029891,0.005164104959239133,-0.042533542798913006,-0.09666907269021739,0.98651123046875,-0.1197509765625,-0.10107421875,-0.04595947265625,0.843994140625,-0.483642578125,-0.21209716796875,-0.09320068359375,0.7323634935461957,-0.6727878736413043,-0.02215045431385867,-0.10202689792798914
118,0.669921875,-0.2401123046875,-0.39227294921875,-0.58270263671875,0.46405029296875,0.46697998046875,0.362060546875,0.65985107421875,0.994384765625,0.00518798828125,-0.04217529296875,-0.09674072265625,0.986572265625,-0.11968994140625,-0.100830078125,-0.04620361328125,0.843994140625,-0.483642578125,-0.21209716796875,-0.09320068359375,0.73248291015625,-0.67266845703125,-0.02191162109375,-0.10205078125
119,0.66998291015625,-0.23992919921875,-0.39208984375,-0.58282470703125,0.464111328125,0.46673583984375,0.3619384765625,0.6600341796875,0.994384765625,0.005177169340510021,-0.042246942934782566,-0.09664376045150501,0.9865291939929975,-0.11968279682274248,-0.10094847408026754,-0.046124614600752505,0.84405517578125,-0.48358154296875,-0.2119140625,-0.0933837890625,0.7325008736804975,-0.6725894583507525,-0.021958162952027557,-0.1021728515625
120,0.66998291015625,-0.23992919921875,-0.39208984375,-0.58282470703125,0.46502685546875,0.4664306640625,0.36285400390625,0.65911865234375,0.994384765625,0.0050048828125,-0.04168701171875,-0.0965576171875,0.986572265625,-0.11981201171875,-0.10064697265625,-0.04608154296875,0.84405517578125,-0.48358154296875,-0.2119140625,-0.0933837890625,0.7325439453125,-0.67254638671875,-0.021484375,-0.1021728515625
121,0.6700439453125,-0.239990234375,-0.39178466796875,-0.5828857421875,0.465087890625,0.4664306640625,0.36260986328125,0.65924072265625,0.9945043863660117,0.004890161214464868,-0.04019542681333605,-0.09625979012071487,0.986572265625,-0.11956787109375,-0.100830078125,-0.04620361328125,0.84429931640625,-0.48345947265625,-0.211181640625,-0.09344482421875,0.73272705078125,-0.67236328125,-0.02154541015625,-0.10235595703125
122,0.6700439453125,-0.239990234375,-0.39178466796875,-0.5828857421875,0.46630859375,0.46612548828125,0.3642578125,0.65765380859375,0.9945068359375,0.0048828125,-0.0401611328125,-0.09625244140625,0.98663330078125,-0.11962890625,-0.09991455078125,-0.04620361328125,0.84429931640625,-0.48345947265625,-0.211181640625,-0.09344482421875,0.73291015625,-0.6722412109375,-0.02117919921875,-0.10186767578125
123,0.6702880859375,-0.2398681640625,-0.39117431640625,-0.5831298828125,0.46649169921875,0.46588134765625,0.36370849609375,0.65802001953125,0.9944864228417643,0.005127157255957352,-0.039512200499059305,-0.09641513377926422,0.98663330078125,-0.1192626953125,-0.10052490234375,-0.04638671875,0.8447265625,-0.483154296875,-0.21014404296875,-0.0936279296875,0.733296372021321,-0.6718141689747074,-0.020976701309050976,-0.10203098054713627
124,0.6702880859375,-0.2398681640625,-0.39117431640625,-0.5831298828125,0.4674072265625,0.46490478515625,0.36572265625,0.65692138671875,0.9945068359375,0.00506591796875,-0.03887939453125,-0.096435546875,0.98675537109375,-0.11907958984375,-0.099365234375,-0.0465087890625,0.8447265625,-0.483154296875,-0.21014404296875,-0.0936279296875,0.7333984375,-0.6717529296875,-0.02069091796875,-0.10186767578125
125,0.67059326171875,-0.2396240234375,-0.39044189453125,-0.5833740234375,0.4676513671875,0.46453857421875,0.3651123046875,0.6573486328125,0.9945068359375,0.005389261405204845,-0.039201309051003295,-0.0966433521895903,0.9867586371890678,-0.11871011281093227,-0.09968714889475329,-0.04683866468959031,0.84521484375,-0.48291015625,-0.20855712890625,-0.0938720703125,0.7336276765651129,-0.6713834526546822,-0.02102916296509196,-0.10224225608800165
126,0.67059326171875,-0.2396240234375,-0.39044189453125,-0.5833740234375,0.46868896484375,0.4632568359375,0.3663330078125,0.65679931640625,0.9945068359375,0.00531005859375,-0.038330078125,-0.0968017578125,0.98687744140625,-0.11859130859375,-0.09881591796875,-0.0469970703125,0.84521484375,-0.48291015625,-0.20855712890625,-0.0938720703125,0.73382568359375,-0.6712646484375,-0.020751953125,-0.101806640625
127,0.67083740234375,-0.2393798828125,-0.38983154296875,-0.5836181640625,0.4688720703125,0.46295166015625,0.3658447265625,0.65716552734375,0.9945068359375,0.005601761731814376,-0.03899248308162625,-0.09686503840928094,0.986818651690531,-0.11834267708768813,-0.0995303763195025,-0.04712363150606187,0.845703125,-0.482421875,-0.20751953125,-0.0943603515625,0.7340200162651547,-0.6710092806098453,-0.02121553452915969,-0.10229043099393813
128,0.67083740234375,-0.2393798828125,-0.38983154296875,-0.5836181640625,0.46962368049749165,0.4625758550637542,0.36648896386392144,0.6565212900423286,0.9945068359375,0.0052490234375,-0.03875732421875,-0.096923828125,0.98687744140625,-0.11822509765625,-0.09906005859375,-0.0472412109375,0.845703125,-0.482421875,-0.20751953125,-0.0943603515625,0.73431396484375,-0.67071533203125,-0.02056884765625,-0.1021728515625
129,0.67108154296875,-0.23907470703125,-0.38946533203125,-0.583740234375,0.469970703125,0.462158203125,0.3663330078125,0.65667724609375,0.99444580078125,0.00531005859375,-0.039306640625,-0.096923828125,0.98681640625,-0.11822509765625,-0.099609375,-0.04736328125,0.8458456084082357,-0.4822726552701714,-0.2072413007551212,-0.0944891581965928,0.7342529296875,-0.670654296875,-0.02093505859375,-0.10260009765625
130,0.67108154296875,-0.23907470703125,-0.38946533203125,-0.583740234375,0.4710693359375,0.4615478515625,0.3665771484375,0.65618896484375,0.99444580078125,0.0054931640625,-0.03936767578125,-0.09698486328125,0.98681640625,-0.11798095703125,-0.09954833984375,-0.04736328125,0.845947265625,-0.48223876953125,-0.20697021484375,-0.09442138671875,0.73455810546875,-0.67041015625,-0.02069091796875,-0.10235595703125
131,0.671142578125,-0.23883056640625,-0.3895263671875,-0.58367919921875,0.47119140625,0.46136474609375,0.36669921875,0.65618896484375,0.99444580078125,0.00533496257054766,-0.039564458024142976,-0.09695995930445234,0.98681640625,-0.1180395426160117,-0.09967041015625,-0.04735205404734532,0.8460693359375,-0.48211669921875,-0.20660400390625,-0.09454345703125,0.7345493278375836,-0.6703940299043687,-0.021012220095631275,-0.10236718423390469
132,0.671142578125,-0.23883056640625,-0.3895263671875,-0.58367919921875,0.4715576171875,0.4605712890625,0.36737060546875,0.65606689453125,0.99444580078125,0.00537109375,-0.0396728515625,-0.096923828125,0.98681640625,-0.11785888671875,-0.09967041015625,-0.04742431640625,0.8460693359375,-0.48211669921875,-0.20660400390625,-0.09454345703125,0.73480224609375,-0.67010498046875,-0.02130126953125,-0.102294921875
133,0.67108154296875,-0.23883056640625,-0.38958740234375,-0.583740234375,0.47149658203125,0.4605712890625,0.36749267578125,0.65606689453125,0.99444580078125,0.005376809416806022,-0.039577522405413866,-0.0968856556359741,0.9868221219168061,-0.11787031805236205,-0.09964183182221989,-0.04737471258361205,0.84619140625,-0.48175048828125,-0.2066650390625,-0.09521484375,0.73480224609375,-0.6701602999581939,-0.021322295019857846,-0.10218999856291806
134,0.67108154296875,-0.23883056640625,-0.38958740234375,-0.583740234375,0.4721253053799122,0.4597710957096572,0.3673212057770694,0.6562383645354306,0.99444580078125,0.00543212890625,-0.03924560546875,-0.09710693359375,0.98687744140625,-0.11798095703125,-0.099365234375,-0.0474853515625,0.84619140625,-0.48175048828125,-0.2066650390625,-0.09521484375,0.73480224609375,-0.67010498046875,-0.02093505859375,-0.10235595703125
135,0.67095947265625,-0.239013671875,-0.3896484375,-0.583740234375,0.47198486328125,0.45989990234375,0.36737060546875,0.65618896484375,0.99444580078125,0.00555419921875,-0.0390625,-0.0970458984375,0.98687744140625,-0.11785888671875,-0.09912109375,-0.0474853515625,0.8462659140494356,-0.48181866802100753,-0.20610143348923493,-0.09529649613294315,0.73492431640625,-0.6700439453125,-0.02081298828125,-0.10223388671875
136,0.67095947265625,-0.239013671875,-0.3896484375,-0.583740234375,0.4722506417877299,0.4597100605534072,0.36729466875261285,0.6562269332018186,0.99444580078125,0.00537109375,-0.0391845703125,-0.09710693359375,0.98687744140625,-0.11810302734375,-0.09893798828125,-0.047607421875,0.84625244140625,-0.48187255859375,-0.20599365234375,-0.0953369140625,0.73486328125,-0.67010498046875,-0.020751953125,-0.1021728515625
137,0.6707763671875,-0.23931884765625,-0.38995361328125,-0.58367919921875,0.47216796875,0.45989990234375,0.36749267578125,0.656005859375,0.99444580078125,0.00537109375,-0.0386962890625,-0.09710693359375,0.9869384765625,-0.11810302734375,-0.0985107421875,-0.04754638671875,0.8462893891095318,-0.4820144296091137,-0.20562315465614547,-0.09506439923442726,0.73486328125,-0.67010498046875,-0.02044677734375,-0.10186767578125
138,0.6707763671875,-0.23931884765625,-0.38995361328125,-0.58367919921875,0.47228064903846156,0.45973088191105765,0.3674175555889423,0.6560809795673077,0.9945068359375,0.00518798828125,-0.03875732421875,-0.09698486328125,0.98687744140625,-0.11846923828125,-0.0985107421875,-0.04736328125,0.84619140625,-0.482177734375,-0.2056884765625,-0.09503173828125,0.73480224609375,-0.67022705078125,-0.02069091796875,-0.101806640625
139,0.6705322265625,-0.2396240234375,-0.3902587890625,-0.58355712890625,0.47235107421875,0.459716796875,0.36749267578125,0.65606689453125,0.9945068359375,0.005160430602006687,-0.038259857075668896,-0.09696649149508779,0.9869384765625,-0.11845413259040552,-0.09794897379285117,-0.04732061787991221,0.84637451171875,-0.48236083984375,-0.20458984375,-0.09490966796875,0.73480224609375,-0.67022705078125,-0.020343078817412208,-0.10148309305758779
140,0.6705322265625,-0.2396240234375,-0.3902587890625,-0.58355712890625,0.4728360893734323,0.45953491619199416,0.36761392956992056,0.6557637600595736,0.9945068359375,0.0050048828125,-0.0382080078125,-0.09686279296875,0.9869384765625,-0.11871337890625,-0.0975341796875,-0.04742431640625,0.84637451171875,-0.48236083984375,-0.20458984375,-0.09490966796875,0.73480224609375,-0.67022705078125,-0.02044677734375,-0.10137939453125
141,0.67041015625,-0.23980712890625,-0.39044189453125,-0.58349609375,0.47271728515625,0.459716796875,0.36773681640625,0.6556396484375,0.9945068359375,0.0050048828125,-0.03790283203125,-0.09686279296875,0.98699951171875,-0.11871337890625,-0.0972900390625,-0.04742431640625,0.8464865796143395,-0.4824118725830895,-0.20398847394962372,-0.09498172619669734,0.73486328125,-0.6702880859375,-0.02020263671875,-0.1011962890625
142,0.67041015625,-0.23980712890625,-0.39044189453125,-0.58349609375,0.47317310958403014,0.4598825512123746,0.3678196935749373,0.6551423854253762,0.9945068359375,0.0050048828125,-0.0377197265625,-0.09698486328125,0.98699951171875,-0.11865234375,-0.0968017578125,-0.04754638671875,0.84649658203125,-0.482421875,-0.20391845703125,-0.09503173828125,0.73480224609375,-0.6702880859375,-0.01959228515625,-0.10137939453125
143,0.67041015625,-0.23968505859375,-0.39044189453125,-0.58355712890625,0.473388671875,0.4598388671875,0.367919921875,0.65496826171875,0.9945386803668478,0.00494384765625,-0.03765073029891303,-0.09683094853940218,0.9870313561480978,-0.11855415675951085,-0.09657619310461954,-0.04761272927989132,0.8465947690217391,-0.4823263417119565,-0.20359470533288038,-0.09512992527173915,0.73480224609375,-0.6702880859375,-0.01971435546875,-0.10137939453125
144,0.67041015625,-0.23968505859375,-0.39044189453125,-0.58355712890625,0.4735444237954641,0.4600836202053721,0.36800892297240806,0.6546345076034699,0.99456787109375,0.00494384765625,-0.0374755859375,-0.0968017578125,0.987060546875,-0.118408203125,-0.0963134765625,-0.0477294921875,0.84674072265625,-0.48223876953125,-0.20318603515625,-0.09527587890625,0.73516845703125,-0.669921875,-0.0196533203125,-0.101318359375
145,0.67059326171875,-0.23931884765625,-0.39019775390625,-0.58367919921875,0.4739990234375,0.4600830078125,0.3680419921875,0.65423583984375,0.9945194920568562,0.004908124738712378,-0.037774025397157164,-0.09677869101431857,0.9870732029943562,-0.11841861380382525,-0.09659925990280098,-0.047805428903637134,0.8466945890598871,-0.4822134572925376,-0.20342119401912623,-0.09547164049435619,0.7351580463524248,-0.669919629559469,-0.0199666613320443,-0.10159822291753762
146,0.67059326171875,-0.23931884765625,-0.39019775390625,-0.58367919921875,0.4739959614731396,0.4600799458481396,0.3680634259380226,0.6542297159150292,0.99456787109375,0.0050048828125,-0.03704833984375,-0.096923828125,0.98712158203125,-0.11822509765625,-0.0958251953125,-0.048095703125,0.84698486328125,-0.48211669921875,-0.20245361328125,-0.09552001953125,0.7353515625,-0.669677734375,-0.01953125,-0.10150146484375
147,0.6707763671875,-0.239013671875,-0.38983154296875,-0.58380126953125,0.47412109375,0.45965576171875,0.36822509765625,0.65435791015625,0.9945068359375,0.00506591796875,-0.03753662109375,-0.096923828125,0.98712158203125,-0.1181640625,-0.09637451171875,-0.04815673828125,0.84686279296875,-0.4820556640625,-0.202880859375,-0.09576416015625,0.7353515625,-0.66961669921875,-0.0198974609375,-0.10186767578125
148,0.6707763671875,-0.239013671875,-0.38983154296875,-0.58380126953125,0.47412109375,0.45965576171875,0.36822509765625,0.65435791015625,0.99456787109375,0.0050048828125,-0.03729248046875,-0.0968017578125,0.9871826171875,-0.1181640625,-0.095703125,-0.04827880859375,0.84710693359375,-0.4818115234375,-0.20220947265625,-0.09613037109375,0.73553466796875,-0.66943359375,-0.019287109375,-0.10174560546875
149,0.6708984375,-0.2388916015625,-0.38958740234375,-0.58392333984375,0.474365234375,0.45965576171875,0.36834716796875,0.65411376953125,0.99456787109375,0.005126953125,-0.03759765625,-0.0968017578125,0.9871568966868729,-0.1180419921875,-0.09558452491377506,-0.04834943790499582,0.8472128775606187,-0.48175048828125,-0.20206515206939799,-0.09624284725125418,0.735595703125,-0.66937255859375,-0.01947021484375,-0.1019287109375
150,0.6708984375,-0.2388916015625,-0.38958740234375,-0.58392333984375,0.474365234375,0.45965576171875,0.36834716796875,0.65411376953125,0.99456787109375,0.00506591796875,-0.0367431640625,-0.09674072265625,0.9871826171875,-0.1180419921875,-0.09527587890625,-0.04840087890625,0.8472900390625,-0.48175048828125,-0.2017822265625,-0.09619140625,0.73577880859375,-0.669189453125,-0.01947021484375,-0.10162353515625
151,0.67095947265625,-0.23870849609375,-0.38934326171875,-0.58404541015625,0.47467041015625,0.4598388671875,0.3687744140625,0.653564453125,0.9945839974393813,0.005143079470631274,-0.036693560239861985,-0.0966796875,0.9871987435331313,-0.11796483068561872,-0.09535528584866217,-0.048481510634406366,0.8472935092887751,-0.48162841796875,-0.20181325446801834,-0.09639410829065637,0.73583984375,-0.66912841796875,-0.019775390625,-0.101806640625
152,0.67095947265625,-0.23870849609375,-0.38934326171875,-0.58404541015625,0.4746834745375209,0.4599303178563964,0.36883973596885455,0.6534534058841973,0.99462890625,0.00518798828125,-0.03570556640625,-0.0966796875,0.98724365234375,-0.117919921875,-0.0947265625,-0.0487060546875,0.84747314453125,-0.48162841796875,-0.2010498046875,-0.09661865234375,0.7359619140625,-0.6689453125,-0.01947021484375,-0.101806640625
153,0.67095947265625,-0.238525390625,-0.38916015625,-0.584228515625,0.47479248046875,0.46044921875,0.36932373046875,0.6527099609375,0.99462890625,0.0052490234375,-0.0360107421875,-0.0965576171875,0.9873016255356396,-0.11785888671875,-0.09416214040290549,-0.04910574310200671,0.8476470641069189,-0.4816802672319189,-0.20007957024717804,-0.0969664914950878,0.73602294921875,-0.66888427734375,-0.019775390625,-0.10186767578125
154,0.67095947265625,-0.238525390625,-0.38916015625,-0.584228515625,0.47479248046875,0.46044921875,0.36932373046875,0.6527099609375,0.99468994140625,0.00518798828125,-0.0347900390625,-0.096435546875,0.9873046875,-0.11785888671875,-0.0941162109375,-0.04913330078125,0.84765625,-0.481689453125,-0.20001220703125,-0.09698486328125,0.7359619140625,-0.6689453125,-0.01904296875,-0.1019287109375
155,0.6710205078125,-0.23822021484375,-0.38897705078125,-0.58441162109375,0.4749755859375,0.46124267578125,0.36993408203125,0.65167236328125,0.99468994140625,0.00518798828125,-0.03515625,-0.0963134765625,0.987343472381898,-0.11778131695495402,-0.09390064864653008,-0.049205154878239975,0.8476893192150919,-0.481744772614444,-0.19956393544889212,-0.097084683319398,0.7359619140625,-0.6689453125,-0.0194091796875,-0.10205078125
156,0.6710205078125,-0.23822021484375,-0.38897705078125,-0.58441162109375,0.4749755859375,0.46124267578125,0.36993408203125,0.65167236328125,0.9947509765625,0.0052490234375,-0.0333251953125,-0.09625244140625,0.98736572265625,-0.11773681640625,-0.09356689453125,-0.04931640625,0.8477783203125,-0.4818115234375,-0.1990966796875,-0.09710693359375,0.73590087890625,-0.6690673828125,-0.01971435546875,-0.10186767578125
157,0.67108154296875,-0.23785400390625,-0.3887939453125,-0.5845947265625,0.47503662109375,0.46160888671875,0.370361328125,0.65118408203125,0.9947705731344063,0.005227181425062711,-0.03320373739287205,-0.09597135307796822,0.98736572265625,-0.11749267578125,-0.0933837890625,-0.049560546875,0.8476170568561873,-0.4819878925846572,-0.19922997720265467,-0.09716572330946907,0.73583984375,-0.6690673828125,-0.0201416015625,-0.10198974609375
158,0.67108154296875,-0.23785400390625,-0.3887939453125,-0.5845947265625,0.47503662109375,0.46160888671875,0.370361328125,0.65118408203125,0.99481201171875,0.00531005859375,-0.03204345703125,-0.09576416015625,0.98736572265625,-0.11749267578125,-0.0933837890625,-0.049560546875,0.8475341796875,-0.48236083984375,-0.1986083984375,-0.0972900390625,0.7349853515625,-0.6700439453125,-0.0206298828125,-0.10174560546875
159,0.67108154296875,-0.23773193359375,-0.3885498046875,-0.5848388671875,0.47503662109375,0.4617919921875,0.37066650390625,0.65081787109375,0.9948124199806647,0.005494388848244148,-0.03228065720369983,-0.09564331462949414,0.98736572265625,-0.11737060546875,-0.093505859375,-0.0496826171875,0.8475931735341764,-0.482183450041806,-0.1989062255042851,-0.09735189074257942,0.735107421875,-0.66986083984375,-0.02093505859375,-0.101806640625
160,0.67108154296875,-0.23773193359375,-0.3885498046875,-0.5848388671875,0.47503662109375,0.4617919921875,0.37066650390625,0.65081787109375,0.994873046875,0.00567626953125,-0.03125,-0.0958251953125,0.98736572265625,-0.11737060546875,-0.093505859375,-0.0496826171875,0.8472900390625,-0.4830322265625,-0.19781494140625,-0.09747314453125,0.73382568359375,-0.67132568359375,-0.0213623046875,-0.101318359375
161,0.6710205078125,-0.2379150390625,-0.38818359375,-0.58514404296875,0.47503662109375,0.4617919921875,0.37139892578125,0.650390625,0.994873046875,0.00616455078125,-0.0313720703125,-0.095703125,0.9874267578125,-0.11730487530048077,-0.0931396484375,-0.04987511268028846,0.8471116286057693,-0.4836613581730769,-0.1971106896033654,-0.09755295973557693,0.734130859375,-0.67095947265625,-0.02154541015625,-0.1014404296875
162,0.6710205078125,-0.2379150390625,-0.38818359375,-0.58514404296875,0.47503662109375,0.4617919921875,0.37139892578125,0.650390625,0.994873046875,0.00579833984375,-0.031005859375,-0.0958251953125,0.9874267578125,-0.11749267578125,-0.0928955078125,-0.04998779296875,0.846923828125,-0.484130859375,-0.19671630859375,-0.0975341796875,0.732666015625,-0.67266845703125,-0.02166748046875,-0.10076904296875
163,0.6707763671875,-0.23834228515625,-0.38787841796875,-0.58544921875,0.47503662109375,0.46142578125,0.37237548828125,0.65008544921875,0.994873046875,0.006201090222617047,-0.030699254677048485,-0.09578722695443144,0.9874267578125,-0.1177978515625,-0.09222412109375,-0.0504150390625,0.8469522023280728,-0.4843658141069189,-0.19596326949205684,-0.09760338008204432,0.73309326171875,-0.6722412109375,-0.0216064453125,-0.1007080078125
164,0.6707763671875,-0.23834228515625,-0.38787841796875,-0.58544921875,0.47503662109375,0.46142578125,0.37237548828125,0.65008544921875,0.994873046875,0.005859375,-0.0303955078125,-0.0958251953125,0.9874267578125,-0.1177978515625,-0.09222412109375,-0.0504150390625,0.84649658203125,-0.48565673828125,-0.19482421875,-0.09771728515625,0.7313232421875,-0.6741943359375,-0.0211181640625,-0.100341796875
165,0.67034912109375,-0.23907470703125,-0.38763427734375,-0.58575439453125,0.47491455078125,0.4615478515625,0.3741455078125,0.6490478515625,0.994873046875,0.006678960793791817,-0.029964383230560204,-0.09577579562081939,0.9874267578125,-0.11822509765625,-0.0911865234375,-0.05072021484375,0.846926685958403,-0.4851249771373327,-0.19440656681124585,-0.09761460728469899,0.73193359375,-0.67364501953125,-0.0208740234375,-0.10003662109375
166,0.67034912109375,-0.23907470703125,-0.38763427734375,-0.58575439453125,0.47491455078125,0.4615478515625,0.3741455078125,0.6490478515625,0.994873046875,0.00616455078125,-0.0299072265625,-0.095947265625,0.9874267578125,-0.11822509765625,-0.0911865234375,-0.05072021484375,0.8460693359375,-0.4871826171875,-0.1927490234375,-0.097900390625,0.7303466796875,-0.67535400390625,-0.01959228515625,-0.1004638671875
167,0.66998291015625,-0.2396240234375,-0.3875732421875,-0.5859375,0.47503662109375,0.4617919921875,0.37603759765625,0.64776611328125,0.9949187722094481,0.006561381362353675,-0.029251353796509186,-0.09588623046875,0.98748779296875,-0.118408203125,-0.09063720703125,-0.05084228515625,0.8459325681960702,-0.4877002932953596,-0.1919408689773202,-0.09808308783183531,0.730712890625,-0.6749267578125,-0.019287109375,-0.10015869140625
168,0.66998291015625,-0.2396240234375,-0.3875732421875,-0.5859375,0.47503662109375,0.4617919921875,0.37603759765625,0.64776611328125,0.99493408203125,0.00653076171875,-0.0291748046875,-0.09588623046875,0.98748779296875,-0.118408203125,-0.09063720703125,-0.05084228515625,0.84576416015625,-0.488037109375,-0.1917724609375,-0.09820556640625,0.72943115234375,-0.67626953125,-0.01885986328125,-0.10089111328125
169,0.66973876953125,-0.23980712890625,-0.3878173828125,-0.58599853515625,0.47509765625,0.4620361328125,0.377685546875,0.6466064453125,0.99493408203125,0.006644870923913043,-0.02880859375,-0.09578273607336957,0.98748779296875,-0.11846923828125,-0.09027099609375,-0.0511474609375,0.845719047214674,-0.48819633152173914,-0.19142217221467392,-0.09819229789402173,0.7294921875,-0.67626953125,-0.01873779296875,-0.10052490234375
170,0.66973876953125,-0.23980712890625,-0.3878173828125,-0.58599853515625,0.47509765625,0.4620361328125,0.377685546875,0.6466064453125,0.99493408203125,0.0067138671875,-0.02880859375,-0.09588623046875,0.98748779296875,-0.11846923828125,-0.09027099609375,-0.0511474609375,0.8455810546875,-0.4884033203125,-0.1912841796875,-0.09857177734375,0.72906494140625,-0.6766357421875,-0.01934814453125,-0.10076904296875
171,0.6695556640625,-0.23992919921875,-0.38800048828125,-0.5860595703125,0.47515869140625,0.46173095703125,0.3785400390625,0.646240234375,0.99493408203125,0.00678959977267977,-0.028474023110890458,-0.09574946272732023,0.98748779296875,-0.118408203125,-0.0899658203125,-0.0511474609375,0.8456884275710702,-0.4883643312996447,-0.1911547606605351,-0.09834233414767977,0.7291259765625,-0.6766357421875,-0.01922607421875,-0.10052490234375
172,0.6695556640625,-0.23992919921875,-0.38800048828125,-0.5860595703125,0.47515869140625,0.46173095703125,0.3785400390625,0.646240234375,0.99493408203125,0.00689697265625,-0.02825927734375,-0.09564208984375,0.98748779296875,-0.118408203125,-0.0899658203125,-0.0511474609375,0.8455810546875,-0.488525390625,-0.19110107421875,-0.09844970703125,0.7288320279839047,-0.6769296907660953,-0.020049130238816916,-0.10028974348087374
173,0.66949462890625,-0.24005126953125,-0.38818359375,-0.58599853515625,0.475341796875,0.4613037109375,0.37896728515625,0.6461181640625,0.99493408203125,0.0068359375,-0.02801513671875,-0.09564208984375,0.987548828125,-0.1185302734375,-0.0894775390625,-0.05120849609375,0.8455810546875,-0.48858642578125,-0.19091796875,-0.098388671875,0.72882080078125,-0.677001953125,-0.0198974609375,-0.10009765625
174,0.66949462890625,-0.24005126953125,-0.38818359375,-0.58599853515625,0.475341796875,0.4613037109375,0.37896728515625,0.6461181640625,0.9949951171875,0.00689697265625,-0.02740478515625,-0.095703125,0.987548828125,-0.1185302734375,-0.0894775390625,-0.05120849609375,0.8455810546875,-0.48876953125,-0.19061279296875,-0.09832763671875,0.72882080078125,-0.67694091796875,-0.01959228515625,-0.10009765625
175,0.6695556640625,-0.24017333984375,-0.38800048828125,-0.58599853515625,0.47576904296875,0.46075439453125,0.37957763671875,0.6458740234375,0.9949640892819817,0.006960049122073574,-0.027255769557378753,-0.09570516630957357,0.987548828125,-0.11859130859375,-0.08892822265625,-0.051513671875,0.8457021043452132,-0.4886774681882316,-0.1901926914585075,-0.0984807349367684,0.72894287109375,-0.67681884765625,-0.01953125,-0.10028076171875
176,0.6695556640625,-0.24017333984375,-0.38800048828125,-0.58599853515625,0.47576904296875,0.46075439453125,0.37957763671875,0.6458740234375,0.9949951171875,0.0068359375,-0.02703857421875,-0.0955810546875,0.987548828125,-0.11859130859375,-0.08892822265625,-0.051513671875,0.84576416015625,-0.48870849609375,-0.18975830078125,-0.09844970703125,0.729248046875,-0.67657470703125,-0.01904296875,-0.09979248046875
177,0.66973876953125,-0.24017333984375,-0.3875732421875,-0.5860595703125,0.4761962890625,0.46026611328125,0.3797607421875,0.645751953125,0.9949951171875,0.007047621302780098,-0.027192284829640458,-0.09572088439329013,0.98760986328125,-0.118408203125,-0.0887451171875,-0.0516357421875,0.8458684710754598,-0.4884929338027801,-0.18988343305811037,-0.09876182326505016,0.7293701171875,-0.6763916015625,-0.0191650390625,-0.10015869140625
178,0.66973876953125,-0.24017333984375,-0.3875732421875,-0.5860595703125,0.4761962890625,0.46026611328125,0.3797607421875,0.645751953125,0.9949951171875,0.00689697265625,-0.0264892578125,-0.09552001953125,0.98760986328125,-0.118408203125,-0.0887451171875,-0.0516357421875,0.8460693359375,-0.48834228515625,-0.1893310546875,-0.0985107421875,0.72998046875,-0.67578125,-0.01885986328125,-0.09979248046875
179,0.6700439453125,-0.23992919921875,-0.38720703125,-0.5860595703125,0.4765625,0.4600830078125,0.38031005859375,0.6453857421875,0.9949951171875,0.00689697265625,-0.0269775390625,-0.095703125,0.9876708984375,-0.11822509765625,-0.0885009765625,-0.0518798828125,0.845947265625,-0.48834228515625,-0.189697265625,-0.098876953125,0.72991943359375,-0.67578125,-0.01910400390625,-0.1002197265625
180,0.6700439453125,-0.23992919921875,-0.38720703125,-0.5860595703125,0.4765625,0.4600830078125,0.38031005859375,0.6453857421875,0.99505615234375,0.007080078125,-0.02593994140625,-0.095458984375,0.9876708984375,-0.11822509765625,-0.0885009765625,-0.0518798828125,0.8463134765625,-0.4879150390625,-0.18927001953125,-0.09881591796875,0.7301778633857651,-0.6755658918399874,-0.019060932274247485,-0.09983208187447737
181,0.67041015625,-0.239501953125,-0.3868408203125,-0.5860595703125,0.47662353515625,0.4600830078125,0.380859375,0.64495849609375,0.9950285946645067,0.007091917720526777,-0.026276553354933056,-0.09544714477947322,0.98760986328125,-0.11798095703125,-0.08868408203125,-0.052001953125,0.8460693359375,-0.488037109375,-0.18975830078125,-0.09918212890625,0.73016357421875,-0.675537109375,-0.0194091796875,-0.10015869140625
182,0.67041015625,-0.239501953125,-0.3868408203125,-0.5860595703125,0.47662353515625,0.4600830078125,0.380859375,0.64495849609375,0.99505615234375,0.0072021484375,-0.0260009765625,-0.0953369140625,0.98760986328125,-0.11798095703125,-0.08868408203125,-0.052001953125,0.8463134765625,-0.48785400390625,-0.189208984375,-0.09912109375,0.7303466796875,-0.6754150390625,-0.01904296875,-0.0999755859375
183,0.670654296875,-0.23944091796875,-0.38641357421875,-0.5860595703125,0.47705078125,0.46014404296875,0.38079833984375,0.6446533203125,0.9950094063545151,0.007328097238189781,-0.026342487654159672,-0.09550960885242472,0.98779296875,-0.11773681640625,-0.08746337890625,-0.0523681640625,0.8462810197402801,-0.48773193359375,-0.18936738999790967,-0.09953405067673494,0.73040771484375,-0.67523193359375,-0.0191650390625,-0.10040283203125
184,0.670654296875,-0.23944091796875,-0.38641357421875,-0.5860595703125,0.47705078125,0.46014404296875,0.38079833984375,0.6446533203125,0.99505615234375,0.00714111328125,-0.02606201171875,-0.09527587890625,0.98779296875,-0.11773681640625,-0.08746337890625,-0.0523681640625,0.84637451171875,-0.48773193359375,-0.1890869140625,-0.0994873046875,0.73028564453125,-0.6754150390625,-0.01898193359375,-0.09991455078125
185,0.67083740234375,-0.239501953125,-0.385986328125,-0.58612060546875,0.47734125960232027,0.46042472303511706,0.3808201818561873,0.6442140304922659,0.9949951171875,0.0074462890625,-0.0263671875,-0.095458984375,0.98779296875,-0.1175537109375,-0.08734130859375,-0.0523681640625,0.846435546875,-0.48748779296875,-0.18927001953125,-0.099853515625,0.73046875,-0.67523193359375,-0.01910400390625,-0.10028076171875
186,0.67083740234375,-0.239501953125,-0.385986328125,-0.58612060546875,0.47735595703125,0.46044921875,0.380859375,0.6441650390625,0.99505615234375,0.00732421875,-0.02606201171875,-0.09527587890625,0.98779296875,-0.1175537109375,-0.08734130859375,-0.0523681640625,0.8463134765625,-0.4879150390625,-0.18890380859375,-0.0994873046875,0.7303291244251672,-0.6754181010268604,-0.018824752756584424,-0.10004805242736202
187,0.67083740234375,-0.23974609375,-0.3858642578125,-0.5860595703125,0.4776611328125,0.4608154296875,0.381103515625,0.6435546875,0.99505615234375,0.007359533405622895,-0.025853185749372894,-0.09534814126515467,0.98785400390625,-0.11749267578125,-0.08673095703125,-0.052490234375,0.846435546875,-0.48773193359375,-0.188720703125,-0.09967041015625,0.73040771484375,-0.67535400390625,-0.0185546875,-0.10003662109375
188,0.67083740234375,-0.23974609375,-0.3858642578125,-0.5860595703125,0.4776611328125,0.4608154296875,0.381103515625,0.6435546875,0.99505615234375,0.00726318359375,-0.0257568359375,-0.09527587890625,0.98785400390625,-0.11749267578125,-0.08673095703125,-0.052490234375,0.846435546875,-0.48779296875,-0.188720703125,-0.09954833984375,0.730462421940322,-0.675299296809678,-0.018718808789715737,-0.09992720690060618
189,0.67083740234375,-0.239990234375,-0.3858642578125,-0.58599853515625,0.4781494140625,0.46075439453125,0.38116455078125,0.6431884765625,0.99505615234375,0.00738525390625,-0.025431655322428907,-0.09536243043216973,0.9879150390625,-0.11737060546875,-0.08612060546875,-0.0526123046875,0.84649658203125,-0.4876708984375,-0.1884765625,-0.099609375,0.7305908203125,-0.67510986328125,-0.0186767578125,-0.09979248046875
190,0.67083740234375,-0.239990234375,-0.3858642578125,-0.58599853515625,0.4781494140625,0.46075439453125,0.38116455078125,0.6431884765625,0.99505615234375,0.00738525390625,-0.02508544921875,-0.09527587890625,0.9879150390625,-0.11737060546875,-0.08612060546875,-0.0526123046875,0.846435546875,-0.48773193359375,-0.18878173828125,-0.0994873046875,0.7305826550742057,-0.6751261937578387,-0.018733914480560224,-0.09976798475386704
191,0.670654296875,-0.2403564453125,-0.38616943359375,-0.5858154296875,0.4787411897078805,0.46022651187552255,0.38104962505225753,0.643240938218541,0.99505615234375,0.00738525390625,-0.0245361328125,-0.0953369140625,0.98797607421875,-0.1173095703125,-0.0850830078125,-0.05267333984375,0.8465576171875,-0.48779296875,-0.18829345703125,-0.09930419921875,0.73052978515625,-0.67529296875,-0.01861572265625,-0.09930419921875
192,0.670654296875,-0.2403564453125,-0.38616943359375,-0.5858154296875,0.478759765625,0.460205078125,0.38104248046875,0.64324951171875,0.9951171875,0.00738525390625,-0.02374267578125,-0.09521484375,0.98797607421875,-0.1173095703125,-0.0850830078125,-0.05267333984375,0.846435546875,-0.48797607421875,-0.18829345703125,-0.09942626953125,0.7304797730716973,-0.6753429808345527,-0.018765758909908035,-0.09935421130330267
193,0.6705322265625,-0.24078369140625,-0.38641357421875,-0.585693359375,0.4793701171875,0.46026611328125,0.38092041015625,0.642822265625,0.9951171875,0.007486706992056858,-0.02285021523568142,-0.09521566027382942,0.988037109375,-0.11737060546875,-0.084228515625,-0.052734375,0.8465576171875,-0.4879150390625,-0.18780517578125,-0.09930419921875,0.73052978515625,-0.67529296875,-0.01837158203125,-0.09912109375
194,0.6705322265625,-0.24078369140625,-0.38641357421875,-0.585693359375,0.4793701171875,0.46026611328125,0.38092041015625,0.642822265625,0.9951171875,0.00750732421875,-0.02264404296875,-0.09515380859375,0.988037109375,-0.11737060546875,-0.084228515625,-0.052734375,0.846435546875,-0.488037109375,-0.18817138671875,-0.099365234375,0.7304681376071279,-0.6753854400736832,-0.01837158203125,-0.09909026997543896
195,0.6705322265625,-0.2410888671875,-0.38653564453125,-0.58551025390625,0.47967529296875,0.46051025390625,0.38104248046875,0.64227294921875,0.9951384171195652,0.0075710130774456616,-0.022126570991847793,-0.09527057150135868,0.98809814453125,-0.11737060546875,-0.083984375,-0.0526123046875,0.84649658203125,-0.48809814453125,-0.18780517578125,-0.09942626953125,0.73040771484375,-0.67547607421875,-0.01800537109375,-0.0989990234375
196,0.6705322265625,-0.2410888671875,-0.38653564453125,-0.58551025390625,0.47967529296875,0.46051025390625,0.38104248046875,0.64227294921875,0.99517822265625,0.0076904296875,-0.021728515625,-0.09503173828125,0.98809814453125,-0.11737060546875,-0.083984375,-0.0526123046875,0.84649658203125,-0.48797607421875,-0.18804931640625,-0.09942626953125,0.7304309857728888,-0.6754528032896112,-0.0180519129520276,-0.0989641170437918
197,0.670654296875,-0.2413330078125,-0.3865966796875,-0.585205078125,0.47991943359375,0.4608154296875,0.3812255859375,0.6417236328125,0.9951192288095736,0.00762735322167642,-0.02155357539454432,-0.09531854227633778,0.98809814453125,-0.117431640625,-0.08367919921875,-0.05267333984375,0.84649658203125,-0.488037109375,-0.187744140625,-0.099609375,0.73046875,-0.6754150390625,-0.01788330078125,-0.09893798828125
198,0.670654296875,-0.2413330078125,-0.3865966796875,-0.585205078125,0.47991943359375,0.4608154296875,0.3812255859375,0.6417236328125,0.99517822265625,0.007568359375,-0.02178955078125,-0.09478759765625,0.98809814453125,-0.117431640625,-0.08367919921875,-0.05267333984375,0.8465576171875,-0.488037109375,-0.18780517578125,-0.09918212890625,0.7306291969324833,-0.6753080744408445,-0.018418123889527648,-0.09829620055131683
199,0.6707763671875,-0.2415771484375,-0.38653564453125,-0.5849609375,0.4801025390625,0.46124267578125,0.3814697265625,0.64117431640625,0.9952221108120819,0.007278289284594447,-0.02144803968959028,-0.09452222741168473,0.9881591796875,-0.1175537109375,-0.0828857421875,-0.0526123046875,0.8465576171875,-0.488037109375,-0.18756103515625,-0.09942626953125,0.73065185546875,-0.67529296875,-0.0181884765625,-0.098388671875
200,0.6707763671875,-0.2415771484375,-0.38653564453125,-0.5849609375,0.4801025390625,0.46124267578125,0.3814697265625,0.64117431640625,0.9952392578125,0.00714111328125,-0.0213623046875,-0.09429931640625,0.9881591796875,-0.1175537109375,-0.0828857421875,-0.0526123046875,0.8465576171875,-0.4881591796875,-0.1873779296875,-0.0989990234375,0.73065185546875,-0.6753615567516722,-0.018017006558319382,-0.09808002586747488
201,0.6710205078125,-0.2418212890625,-0.38616943359375,-0.5848388671875,0.48028564453125,0.4620361328125,0.38140869140625,0.6405029296875,0.9952392578125,0.007421589216659697,-0.021434975308319393,-0.0946408274979097,0.98828125,-0.1175537109375,-0.08154296875,-0.052978515625,0.84661865234375,-0.48797607421875,-0.187255859375,-0.0994873046875,0.73077392578125,-0.67523193359375,-0.0177001953125,-0.0982666015625
202,0.6710205078125,-0.2418212890625,-0.38616943359375,-0.5848388671875,0.48028564453125,0.4620361328125,0.38140869140625,0.6405029296875,0.9952392578125,0.00738525390625,-0.0213623046875,-0.0946044921875,0.98828125,-0.1175537109375,-0.08154296875,-0.052978515625,0.84674072265625,-0.48809814453125,-0.186767578125,-0.09918212890625,0.7308192428537834,-0.6751866165212166,-0.017579349785744106,-0.09820617879912205
203,0.67120361328125,-0.24176025390625,-0.385986328125,-0.58477783203125,0.4805908203125,0.46295166015625,0.381591796875,0.6395263671875,0.9951837341920987,0.00738525390625,-0.021567864561559333,-0.09476555151285533,0.98828125,-0.11749267578125,-0.0810546875,-0.0531005859375,0.8466796875,-0.48809814453125,-0.18682861328125,-0.09942626953125,0.73089599609375,-0.675048828125,-0.01727294921875,-0.0982666015625
204,0.67120361328125,-0.24176025390625,-0.385986328125,-0.58477783203125,0.4805908203125,0.46295166015625,0.381591796875,0.6395263671875,0.9952392578125,0.00738525390625,-0.02117919921875,-0.09454345703125,0.98828125,-0.11749267578125,-0.0810546875,-0.0531005859375,0.846923828125,-0.48779296875,-0.1865234375,-0.0994873046875,0.73089599609375,-0.675048828125,-0.01727294921875,-0.0982666015625
205,0.67132568359375,-0.24151611328125,-0.38604736328125,-0.584716796875,0.4809496825355351,0.462754877913357,0.3815581152670359,0.639431650423286,0.9952392578125,0.007330546809678105,-0.020841362484322713,-0.09462449702132109,0.98834228515625,-0.11737060546875,-0.08026123046875,-0.05340576171875,0.84674072265625,-0.488037109375,-0.18670654296875,-0.0994873046875,0.731201171875,-0.67474365234375,-0.0174560546875,-0.0982666015625
206,0.67132568359375,-0.24151611328125,-0.38604736328125,-0.584716796875,0.48101806640625,0.4627685546875,0.38153076171875,0.639404296875,0.9952392578125,0.00738525390625,-0.02069091796875,-0.09466552734375,0.98834228515625,-0.11737060546875,-0.08026123046875,-0.05340576171875,0.84698486328125,-0.48760986328125,-0.1865234375,-0.099853515625,0.7314277572376673,-0.6745170669810827,-0.017342762006166378,-0.09830436578961121
207,0.67132568359375,-0.24151611328125,-0.385986328125,-0.584716796875,0.4813232421875,0.4627685546875,0.38165283203125,0.6390380859375,0.9952392578125,0.007418118990384612,-0.020667442908653834,-0.09469369741586539,0.9884033203125,-0.1171875,-0.07989501953125,-0.0535888671875,0.84698486328125,-0.487548828125,-0.1865234375,-0.09991455078125,0.7315673828125,-0.67437744140625,-0.01727294921875,-0.098388671875
208,0.67132568359375,-0.24151611328125,-0.385986328125,-0.584716796875,0.4813232421875,0.4627685546875,0.38165283203125,0.6390380859375,0.9952392578125,0.00738525390625,-0.02056884765625,-0.0947265625,0.9884033203125,-0.1171875,-0.07989501953125,-0.0535888671875,0.8470458984375,-0.4876708984375,-0.1861572265625,-0.0999755859375,0.7315673828125,-0.6743588654891304,-0.017291525135869568,-0.09831436820652173
209,0.67132568359375,-0.24169921875,-0.3858642578125,-0.584716796875,0.4818115234375,0.462890625,0.3817138671875,0.63861083984375,0.9952392578125,0.00749650527801001,-0.020577829418373748,-0.0948306692882525,0.98846435546875,-0.1171875,-0.07916259765625,-0.0538330078125,0.84710693359375,-0.48748779296875,-0.18603515625,-0.10003662109375,0.731689453125,-0.6741943359375,-0.01727294921875,-0.09820556640625
210,0.67132568359375,-0.24169921875,-0.3858642578125,-0.584716796875,0.4818115234375,0.462890625,0.3817138671875,0.63861083984375,0.9952392578125,0.007080078125,-0.0206298828125,-0.0947265625,0.98846435546875,-0.1171875,-0.07916259765625,-0.0538330078125,0.84686279296875,-0.48809814453125,-0.1856689453125,-0.09991455078125,0.731689453125,-0.6741943359375,-0.01727294921875,-0.09820556640625
211,0.67120361328125,-0.24200439453125,-0.38568115234375,-0.5848388671875,0.4817809037938963,0.4629720732519858,0.38167304099602845,0.6385295957227216,0.9952392578125,0.007192146020589453,-0.02030449806647156,-0.09482821971676422,0.98846435546875,-0.11737060546875,-0.07867431640625,-0.0537109375,0.8470458984375,-0.48779296875,-0.18560791015625,-0.0999755859375,0.7314453125,-0.67449951171875,-0.01654052734375,-0.09808349609375
212,0.67120361328125,-0.24200439453125,-0.38568115234375,-0.5848388671875,0.4818115234375,0.46295166015625,0.3817138671875,0.63848876953125,0.9952392578125,0.00714111328125,-0.020263671875,-0.0948486328125,0.98846435546875,-0.11737060546875,-0.07867431640625,-0.0537109375,0.846923828125,-0.48834228515625,-0.18475341796875,-0.09991455078125,0.7314453125,-0.67449951171875,-0.01654052734375,-0.09808349609375
213,0.671142578125,-0.24200439453125,-0.385498046875,-0.5850830078125,0.4818115234375,0.4638671875,0.38165283203125,0.63787841796875,0.9952392578125,0.00729257845160953,-0.02019365495662624,-0.09476044823892141,0.988525390625,-0.11724853515625,-0.0780029296875,-0.053955078125,0.8470458984375,-0.48809814453125,-0.18499755859375,-0.09991455078125,0.7314453125,-0.67449951171875,-0.01593017578125,-0.09814453125
214,0.671142578125,-0.24200439453125,-0.385498046875,-0.5850830078125,0.4818115234375,0.4638671875,0.38165283203125,0.63787841796875,0.9952392578125,0.00726318359375,-0.01995849609375,-0.0948486328125,0.9885474367683946,-0.1170721660090928,-0.07771632982336954,-0.0541755395589465,0.84716796875,-0.48809814453125,-0.18402099609375,-0.1002197265625,0.7315334970735786,-0.6744113271451714,-0.01593017578125,-0.09821066968018395
215,0.67108154296875,-0.24151611328125,-0.3856201171875,-0.585205078125,0.48193359375,0.464599609375,0.38201904296875,0.6370849609375,0.9952392578125,0.007070075708089476,-0.020152828765154677,-0.09456958579379181,0.98858642578125,-0.1170654296875,-0.07745361328125,-0.05419921875,0.8470458984375,-0.48834228515625,-0.18438720703125,-0.0999755859375,0.7314453125,-0.67449951171875,-0.016357421875,-0.0982666015625
216,0.67108154296875,-0.24149896628083192,-0.385625832854306,-0.5852107937918061,0.48193359375,0.46458246237458195,0.38202761646895905,0.6370906766043061,0.9952392578125,0.0074958928851379565,-0.019967069593959032,-0.09489823663513795,0.98858642578125,-0.11705114052048494,-0.07744218194763795,-0.05421065008361205,0.8471012179269439,-0.48816775318770905,-0.18434046104201504,-0.10015011790604096,0.7314395968331939,-0.6745052273855561,-0.016365995375209032,-0.09827231722930602
217,0.67108154296875,-0.24114990234375,-0.3857421875,-0.5853271484375,0.48215078908862874,0.4652650762959866,0.3821478496028428,0.6362839510608278,0.9952392578125,0.00726318359375,-0.0201416015625,-0.09466552734375,0.98858642578125,-0.11676025390625,-0.07720947265625,-0.054443359375,0.84698486328125,-0.48834228515625,-0.18463134765625,-0.0999755859375,0.7313232421875,-0.67462158203125,-0.01654052734375,-0.098388671875
218,0.67108154296875,-0.24114990234375,-0.3857421875,-0.5853271484375,0.482177734375,0.46539306640625,0.38214111328125,0.63616943359375,0.9952392578125,0.0072021484375,-0.0198974609375,-0.0948486328125,0.9886311304609113,-0.11667084454692726,-0.0768965398986204,-0.05448806405466137,0.847412109375,-0.48834228515625,-0.182373046875,-0.10009765625,0.7313679468671613,-0.6745768773515887,-0.016942869460702344,-0.098388671875
219,0.67108154296875,-0.24102783203125,-0.3856201171875,-0.58544921875,0.48228306594899667,0.4652801819868311,0.3822907412729933,0.6361067653898411,0.9952392578125,0.007122741495087792,-0.019914199676003344,-0.09469145197533445,0.9886474609375,-0.11663818359375,-0.07696533203125,-0.054443359375,0.847412109375,-0.48828125,-0.18255615234375,-0.10009765625,0.73138427734375,-0.67449951171875,-0.01727294921875,-0.098388671875
220,0.67108154296875,-0.24102783203125,-0.3856201171875,-0.58544921875,0.48236083984375,0.46533203125,0.3824462890625,0.63592529296875,0.9952392578125,0.00701904296875,-0.01983642578125,-0.09466552734375,0.9886729773071697,-0.11663818359375,-0.07658258648620402,-0.05454542485367893,0.84747314453125,-0.48846435546875,-0.18194580078125,-0.09991455078125,0.7312056627560619,-0.6747291590457776,-0.016992269152382944,-0.098388671875
221,0.67108154296875,-0.2410888671875,-0.38543701171875,-0.5855712890625,0.48239533797554346,0.4653957201086957,0.38231095023777173,0.6359199855638586,0.9952392578125,0.00712253736413043,-0.019849694293478257,-0.09464960512907608,0.98870849609375,-0.116455078125,-0.07611083984375,-0.0546875,0.8475341796875,-0.48828125,-0.1820068359375,-0.0999755859375,0.7310791015625,-0.67486572265625,-0.0167236328125,-0.09844970703125
222,0.67108154296875,-0.2410888671875,-0.38543701171875,-0.5855712890625,0.482666015625,0.465576171875,0.3824462890625,0.63555908203125,0.9952392578125,0.00689697265625,-0.01971435546875,-0.0946044921875,0.98870849609375,-0.11647406230403429,-0.07607919954535954,-0.054700156119356184,0.84765625,-0.48870849609375,-0.1805419921875,-0.10003662109375,0.731072773502822,-0.674872050715928,-0.016748945051212372,-0.09844970703125
223,0.67095947265625,-0.24114990234375,-0.38531494140625,-0.585693359375,0.4830606007655727,0.465576171875,0.3823819878109323,0.6352767689172241,0.99530029296875,0.006794498915656361,-0.019371007198474087,-0.09454019093593227,0.98876953125,-0.116455078125,-0.07586669921875,-0.05474853515625,0.84771728515625,-0.488525390625,-0.18060302734375,-0.0999755859375,0.731201171875,-0.6748046875,-0.01702880859375,-0.098388671875
224,0.67095947265625,-0.24114990234375,-0.38531494140625,-0.585693359375,0.48309326171875,0.465576171875,0.38238525390625,0.63525390625,0.99530029296875,0.00677490234375,-0.01934814453125,-0.09454345703125,0.98876953125,-0.11650325303093645,-0.07543312506532192,-0.054989409685932265,0.8477783203125,-0.48870849609375,-0.1796875,-0.10009765625,0.7311048220631271,-0.6748528624059364,-0.016932458781877092,-0.09843684678093645
225,0.67083740234375,-0.2412109375,-0.38531494140625,-0.5858154296875,0.4831416407556438,0.4657529492840719,0.3825009961590719,0.6350062953987249,0.99530029296875,0.006781230403428098,-0.0191713671221781,-0.09439893231344064,0.98876953125,-0.11639404296875,-0.07525634765625,-0.054931640625,0.847900390625,-0.48858642578125,-0.1796875,-0.0999755859375,0.731201171875,-0.67474365234375,-0.0169677734375,-0.09832763671875
226,0.67083740234375,-0.2412109375,-0.38531494140625,-0.5858154296875,0.4832763671875,0.4658203125,0.382568359375,0.63482666015625,0.99530029296875,0.0067138671875,-0.01910400390625,-0.09442138671875,0.98876953125,-0.11650998935252926,-0.07514040127247074,-0.05498961381688963,0.84783935546875,-0.48870849609375,-0.17950439453125,-0.1002197265625,0.7310562388952759,-0.6749175719194189,-0.01670689407399665,-0.09832763671875
227,0.67071533203125,-0.2412109375,-0.38531494140625,-0.58599853515625,0.483190223923495,0.465975452027592,0.382590609649352,0.634774198500209,0.99530029296875,0.006797152618102008,-0.018929471937709035,-0.09423828125,0.98876953125,-0.11651611328125,-0.07501220703125,-0.0548095703125,0.847900390625,-0.48858642578125,-0.1795654296875,-0.10009765625,0.73101806640625,-0.67498779296875,-0.01654052734375,-0.09820556640625
228,0.6706957354593437,-0.24118154264214048,-0.38532473969220316,-0.5860279300141096,0.48337884092809363,0.4662791988921405,0.3825367190766095,0.6344190106344063,0.9953100912547032,0.006704068901546825,-0.018564485785953176,-0.09418928982023413,0.9887793295359532,-0.11651611328125,-0.07496321560148413,-0.054848763456312705,0.8479516274952968,-0.48875973296404684,-0.17898447298285952,-0.1001194982624373,0.7310474612641096,-0.6749583981108904,-0.0165797204875627,-0.0981663732624373
229,0.67059326171875,-0.24102783203125,-0.3853759765625,-0.586181640625,0.4832775919732441,0.4661281419836956,0.38269124621132944,0.634518014148725,0.995361328125,0.00665242376933529,-0.018615110263377935,-0.09393330959970736,0.98883056640625,-0.11651611328125,-0.07470703125,-0.0550537109375,0.847900390625,-0.48870849609375,-0.17913818359375,-0.09991455078125,0.731201171875,-0.6748046875,-0.01678466796875,-0.09796142578125
230,0.67059326171875,-0.24102783203125,-0.3853759765625,-0.586181640625,0.483642578125,0.4669189453125,0.3829345703125,0.63348388671875,0.995361328125,0.00653076171875,-0.0184326171875,-0.093994140625,0.9887789212740384,-0.11667104867788462,-0.0744488055889423,-0.0553119365985577,0.8480036808894231,-0.48870849609375,-0.1788799579326923,-0.09981126051682691,0.731201171875,-0.6748046875,-0.01678466796875,-0.09796142578125
231,0.67041015625,-0.240966796875,-0.3853759765625,-0.58636474609375,0.48400613536005443,0.4669420121106814,0.3831217584003972,0.6331203294836956,0.9954033791022158,0.006274373236308472,-0.017928005460911296,-0.09370794902278427,0.98883056640625,-0.1165771484375,-0.074462890625,-0.05511474609375,0.84808349609375,-0.48858642578125,-0.178955078125,-0.099609375,0.73126220703125,-0.6748046875,-0.0164794921875,-0.09759521484375
232,0.67041015625,-0.240966796875,-0.3853759765625,-0.58636474609375,0.4842529296875,0.46697998046875,0.3831787109375,0.63287353515625,0.99542236328125,0.006103515625,-0.0177001953125,-0.09368896484375,0.9887981095840301,-0.11690171665969905,-0.07391112464726161,-0.05537440067150924,0.8480510392715301,-0.48913819175898837,-0.17801383028062276,-0.09870058397784266,0.73126220703125,-0.6748046875,-0.0164794921875,-0.09759521484375
233,0.6702880859375,-0.2412109375,-0.38494873046875,-0.58673095703125,0.48433641924905946,0.4669495649561037,0.38304112667224083,0.6328739434181646,0.9954452259484741,0.006149853352320147,-0.01738032210232015,-0.09342971852790549,0.98883056640625,-0.1165771484375,-0.0736083984375,-0.0555419921875,0.84832763671875,-0.48907470703125,-0.1773681640625,-0.0980224609375,0.73175048828125,-0.6744384765625,-0.0155029296875,-0.0963134765625
234,0.6703013544497283,-0.24126401154891308,-0.38472316576086946,-0.5868371051290762,0.48495881453804346,0.46681014351222827,0.3832105553668477,0.632409137228261,0.9954701299252717,0.00552235478940229,-0.01667321246603268,-0.09321395210597827,0.9888438349184783,-0.11667002802309788,-0.07330322265624983,-0.05563487177309788,0.8485770847486414,-0.48943826426630427,-0.17576532778532614,-0.09673806895380441,0.7319627844769023,-0.6742659859035325,-0.01499872622282581,-0.0960215692934781
235,0.67034912109375,-0.241455078125,-0.3839111328125,-0.58721923828125,0.48492574532295163,0.4668615845134825,0.38250140442098673,0.6328500600961536,0.995429711995715,0.0061984365201712376,-0.017025950760346752,-0.09322864953490796,0.9888916015625,-0.11700439453125,-0.07220458984375,-0.05596923828125,0.84881591796875,-0.48876953125,-0.1761474609375,-0.09716796875,0.73272705078125,-0.67364501953125,-0.01318359375,-0.094970703125
236,0.67034912109375,-0.241455078125,-0.3839111328125,-0.58721923828125,0.48590087890625,0.4669189453125,0.38336181640625,0.63153076171875,0.99554443359375,0.00482177734375,-0.01507568359375,-0.09271240234375,0.9888916015625,-0.11777600955006279,-0.07033066765520464,-0.05652039186611628,0.8489812640442099,-0.4889899926839465,-0.1757616534280936,-0.09551450799540115,0.73272705078125,-0.67364501953125,-0.01318359375,-0.094970703125
237,0.670654296875,-0.24114990234375,-0.3829345703125,-0.587646484375,0.486083984375,0.46649169921875,0.38250732421875,0.6322021484375,0.9954833984375,0.00537109375,-0.01611328125,-0.0927734375,0.9888916015625,-0.1173095703125,-0.0711669921875,-0.0567626953125,0.84906005859375,-0.488525390625,-0.17657470703125,-0.095947265625,0.7342529296875,-0.67218017578125,-0.01153564453125,-0.0941162109375
238,0.670654296875,-0.24114990234375,-0.3829345703125,-0.587646484375,0.48681640625,0.46661376953125,0.38360595703125,0.630859375,0.99554443359375,0.00469970703125,-0.01361083984375,-0.09271240234375,0.9888916015625,-0.11748920555497494,-0.0704843782660952,-0.057157892845944885,0.849095985642245,-0.48870502586747494,-0.1762513635947951,-0.09522872465510021,0.7342529296875,-0.67218017578125,-0.01153564453125,-0.0941162109375
239,0.67071533203125,-0.24072265625,-0.3822021484375,-0.58819580078125,0.48681640625,0.466064453125,0.38311767578125,0.631591796875,0.99554443359375,0.005126953125,-0.01446533203125,-0.0924072265625,0.9888916015625,-0.1171875,-0.0709228515625,-0.0572509765625,0.84918212890625,-0.4884033203125,-0.17694091796875,-0.094970703125,0.73492431640625,-0.67144775390625,-0.0107421875,-0.0938720703125
240,0.6707320707697534,-0.2407561337270067,-0.3819343286214464,-0.5883464494277801,0.48737654159698995,0.4661530459604933,0.38353798142244977,0.6308603956547868,0.99554443359375,0.00482871779630025,-0.01355082534228685,-0.09263462844899666,0.9888473051447534,-0.11760780564119976,-0.06994730971728685,-0.0579558407582567,0.8490827171300167,-0.48885710343070643,-0.17605396895903014,-0.0946163317830268,0.7350414875757735,-0.6713138439982232,-0.01042415146843635,-0.0939390252665134
241,0.6707763671875,-0.2408447265625,-0.3812255859375,-0.5887451171875,0.48724365234375,0.466064453125,0.38287353515625,0.63134765625,0.99554443359375,0.0054931640625,-0.0140380859375,-0.09259033203125,0.9888916015625,-0.116943359375,-0.0704345703125,-0.05804443359375,0.84930419921875,-0.48828125,-0.17645263671875,-0.094970703125,0.7353515625,-0.67095947265625,-0.00958251953125,-0.0941162109375
242,0.6707763671875,-0.2408447265625,-0.3812255859375,-0.5887451171875,0.4876708984375,0.4659423828125,0.38372802734375,0.63067626953125,0.99560546875,0.00439453125,-0.0130615234375,-0.09259033203125,0.9888330159777383,-0.11788072873118736,-0.06967295771059775,-0.05816160476327342,0.8490112712949415,-0.4892186193561874,-0.1754566817778009,-0.0944434328621446,0.7353515625,-0.67095947265625,-0.00958251953125,-0.0941162109375
243,0.67071533203125,-0.24114990234375,-0.38018798828125,-0.58935546875,0.48736572265625,0.46600341796875,0.38275146484375,0.63140869140625,0.99554443359375,0.0054931640625,-0.01361083984375,-0.092529296875,0.9888916015625,-0.1168212890625,-0.0701904296875,-0.0582275390625,0.84942626953125,-0.48828125,-0.1759033203125,-0.0948486328125,0.73577880859375,-0.67059326171875,-0.0093994140625,-0.09381103515625
244,0.67071533203125,-0.24114990234375,-0.38018798828125,-0.58935546875,0.48785400390625,0.46563720703125,0.38372802734375,0.6307373046875,0.99560546875,0.00421142578125,-0.01263427734375,-0.0924072265625,0.9888916015625,-0.1177978515625,-0.0689697265625,-0.05859375,0.8492292831573997,-0.48891160639632114,-0.17515477209186864,-0.09476983826295986,0.73577880859375,-0.67059326171875,-0.0093994140625,-0.09381103515625
245,0.67071533203125,-0.2413330078125,-0.37908935546875,-0.59002685546875,0.48760986328125,0.465576171875,0.38275146484375,0.63153076171875,0.99560546875,0.00531005859375,-0.01336669921875,-0.09228515625,0.98895263671875,-0.11669921875,-0.0697021484375,-0.05859375,0.84954833984375,-0.48828125,-0.17535400390625,-0.09521484375,0.73626708984375,-0.66998291015625,-0.0089111328125,-0.09393310546875
246,0.6707355409960284,-0.24131279884772155,-0.37868517617318137,-0.5902693630460912,0.4880985527931647,0.4653732657033863,0.38356758041126665,0.6308165074989549,0.99560546875,0.004554978182483342,-0.01244913056542648,-0.0924076348244147,0.98895263671875,-0.1169251917197951,-0.06876396255748334,-0.0592041015625,0.8496089667380853,-0.4881599962113294,-0.1751721232232441,-0.09555839615123334,0.7364691794915343,-0.6697404025789088,-0.008648416270380386,-0.09409477718697745
247,0.6707763671875,-0.24127197265625,-0.37786865234375,-0.59075927734375,0.48797607421875,0.4652099609375,0.38287353515625,0.6314697265625,0.99560546875,0.0052490234375,-0.0130615234375,-0.09228515625,0.98895263671875,-0.11627197265625,-0.0694580078125,-0.0592041015625,0.8497314453125,-0.4879150390625,-0.1748046875,-0.09625244140625,0.73687744140625,-0.66925048828125,-0.00811767578125,-0.09442138671875
248,0.6707784084970736,-0.24126891069188963,-0.37784925990280094,-0.5907705045464047,0.4885243699702132,0.46532488666649247,0.38419997811716133,0.6302022774482651,0.99560546875,0.004530890729515095,-0.011491960506375474,-0.09252725556542642,0.989013671875,-0.1166849295829849,-0.06801153584866226,-0.05975341796875,0.8497355279316472,-0.4881459111752717,-0.1737213645093019,-0.09662783823683113,0.7368876479541179,-0.6692392610785953,-0.008112572507316037,-0.09442853130225755
249,0.6708984375,-0.2410888671875,-0.376708984375,-0.5914306640625,0.48846435546875,0.46490478515625,0.38323974609375,0.63104248046875,0.99560546875,0.00537109375,-0.01251220703125,-0.0924072265625,0.989013671875,-0.1158447265625,-0.069091796875,-0.05975341796875,0.8499755859375,-0.48736572265625,-0.17462158203125,-0.09716796875,0.73748779296875,-0.6685791015625,-0.0078125,-0.0948486328125
250,0.6708984375,-0.2410888671875,-0.376708984375,-0.5914306640625,0.4891357421875,0.46490478515625,0.38433837890625,0.6298828125,0.99560546875,0.00457763671875,-0.01055908203125,-0.0926513671875,0.989013671875,-0.1163330078125,-0.067626953125,-0.060302734375,0.8499327184364548,-0.48766579516356606,-0.1738070995113921,-0.09733943875418061,0.73748779296875,-0.6685791015625,-0.0078125,-0.0948486328125
251,0.67095947265625,-0.24114990234375,-0.3756103515625,-0.592041015625,0.489013671875,0.4647216796875,0.3834228515625,0.63067626953125,0.99560546875,0.00555419921875,-0.0113525390625,-0.09259033203125,0.98907470703125,-0.1153564453125,-0.06842041015625,-0.06036376953125,0.8502197265625,-0.48687744140625,-0.1741943359375,-0.097900390625,0.73797607421875,-0.66796875,-0.00726318359375,-0.09527587890625
252,0.6709357934651965,-0.24124461910796405,-0.37523148450564375,-0.5922541283444817,0.4894682715170359,0.4645622534098035,0.3840679053877508,0.6300822484453387,0.99560546875,0.00501753893185622,-0.010711159594481623,-0.09262768799644648,0.9890983862223035,-0.11564896497439378,-0.06761960441053513,-0.06069262450355351,0.850314443326714,-0.4867353662599289,-0.17400490240907188,-0.09813718253553513,0.7382365453203387,-0.6676609205163043,-0.007428937931124597,-0.09541795405257109
253,0.6708984375,-0.24139404296875,-0.3746337890625,-0.59259033203125,0.48931884765625,0.464599609375,0.383544921875,0.6304931640625,0.99560546875,0.005615234375,-0.01104736328125,-0.09259033203125,0.9891357421875,-0.11505126953125,-0.0679931640625,-0.06072998046875,0.8504638671875,-0.48651123046875,-0.1737060546875,-0.0985107421875,0.73834228515625,-0.66754150390625,-0.00701904296875,-0.09552001953125
254,0.6708939466189381,-0.241429970017245,-0.3745754076086956,-0.5926172773176213,0.48990674481344065,0.46413378253030935,0.3843410326086956,0.6298532135111832,0.99560546875,0.004771561128239997,-0.010877730455685625,-0.09253827863712374,0.9890791979123119,-0.11565529303407188,-0.0675228463367475,-0.06080448826818562,0.8504683580685619,-0.48651123046875,-0.17366114587688125,-0.09853768747387125,0.7383871939668687,-0.6674876133335075,-0.007023533849811875,-0.09554247393655937
255,0.67083740234375,-0.24188232421875,-0.37384033203125,-0.59295654296875,0.4896240234375,0.46441650390625,0.38360595703125,0.6302490234375,0.99560546875,0.00567626953125,-0.01104736328125,-0.0926513671875,0.9891357421875,-0.11480712890625,-0.0677490234375,-0.06097412109375,0.85052490234375,-0.48651123046875,-0.173095703125,-0.098876953125,0.7384033203125,-0.66741943359375,-0.00677490234375,-0.09564208984375
256,0.67083740234375,-0.24188232421875,-0.37384033203125,-0.59295654296875,0.490234375,0.4639892578125,0.38458251953125,0.62957763671875,0.99560546875,0.00469970703125,-0.0108642578125,-0.092529296875,0.98919677734375,-0.11553955078125,-0.06597900390625,-0.0611572265625,0.85052490234375,-0.48651123046875,-0.173095703125,-0.098876953125,0.7384033203125,-0.66741943359375,-0.00677490234375,-0.09564208984375
257,0.67071533203125,-0.24249267578125,-0.373046875,-0.59332275390625,0.4898681640625,0.46435546875,0.3837890625,0.63006591796875,0.99560546875,0.0057373046875,-0.010986328125,-0.0926513671875,0.9892578125,-0.114501953125,-0.06610107421875,-0.06134033203125,0.85089111328125,-0.48638916015625,-0.1715087890625,-0.09930419921875,0.73858642578125,-0.667236328125,-0.00653076171875,-0.09564208984375
258,0.67071533203125,-0.24249267578125,-0.373046875,-0.59332275390625,0.4903564453125,0.4635009765625,0.3843994140625,0.62994384765625,0.99560546875,0.00482177734375,-0.01025390625,-0.09246826171875,0.9892578125,-0.1151123046875,-0.06488037109375,-0.06146240234375,0.8508639638639214,-0.486660654329536,-0.17083005362928505,-0.09933134863607859,0.73858642578125,-0.667236328125,-0.00653076171875,-0.09564208984375
259,0.6707763671875,-0.24285888671875,-0.37213134765625,-0.59368896484375,0.490234375,0.46368408203125,0.38348388671875,0.6304931640625,0.99560546875,0.0057373046875,-0.01068115234375,-0.0926513671875,0.9893798828125,-0.11419677734375,-0.0653076171875,-0.06170654296875,0.8511962890625,-0.4862060546875,-0.17022705078125,-0.09991455078125,0.7388916015625,-0.6668701171875,-0.00592041015625,-0.095947265625
260,0.6707843282948369,-0.24286684782608695,-0.37205173658288043,-0.5937287703804348,0.490531589673913,0.463493015455163,0.3842056937839674,0.6299385402513586,0.99560546875,0.005259638247282613,-0.0099434230638587,-0.09259033203125,0.9893878439198369,-0.11443826426630434,-0.0639595363451087,-0.06190557065217391,0.8512281334918478,-0.48618217136548914,-0.17010763417119565,-0.09996231742527174,0.7389314070991848,-0.6668143894361414,-0.005952254585597828,-0.09598707116168478
261,0.67083740234375,-0.242919921875,-0.37152099609375,-0.593994140625,0.490478515625,0.46343994140625,0.38372802734375,0.63031005859375,0.99560546875,0.0057373046875,-0.01031494140625,-0.09259033203125,0.98944091796875,-0.114013671875,-0.0643310546875,-0.06201171875,0.8514404296875,-0.48602294921875,-0.1693115234375,-0.10028076171875,0.7392578125,-0.66644287109375,-0.00640869140625,-0.0960693359375
262,0.67083740234375,-0.242919921875,-0.37152099609375,-0.593994140625,0.49087697925376256,0.463290517545464,0.38427591483329854,0.6298119790577967,0.99560546875,0.00531005859375,-0.0091552734375,-0.092529296875,0.98944091796875,-0.1141357421875,-0.06292724609375,-0.0623779296875,0.8514404296875,-0.48602294921875,-0.1693115234375,-0.10028076171875,0.7392578125,-0.66644287109375,-0.00640869140625,-0.0960693359375
263,0.67083740234375,-0.242919921875,-0.370849609375,-0.5943603515625,0.4908447265625,0.463134765625,0.3837890625,0.63018798828125,0.99560546875,0.00592041015625,-0.0096435546875,-0.09246826171875,0.989501953125,-0.11358642578125,-0.06341552734375,-0.0623779296875,0.851806640625,-0.48565673828125,-0.16827392578125,-0.1009521484375,0.73956298828125,-0.66607666015625,-0.00634765625,-0.09625244140625
264,0.6708680219873537,-0.24298116116220736,-0.3705740325825669,-0.5945134497805185,0.4912413530126463,0.46307373046875,0.38409342175742056,0.6297613545803721,0.99560546875,0.005768740854933124,-0.009430441968018403,-0.09259033203125,0.9895325727686037,-0.11355498961381688,-0.06268371786162208,-0.06268330959970736,0.8518984995558111,-0.4856261186376463,-0.16769215255278008,-0.10122772522993312,0.7397160864992685,-0.6658929422946279,-0.006470134824414722,-0.0964055396242684
265,0.6708984375,-0.2430419921875,-0.37030029296875,-0.59466552734375,0.4912109375,0.46307373046875,0.38385009765625,0.62994384765625,0.99560546875,0.00604248046875,-0.00958251953125,-0.09259033203125,0.98956298828125,-0.11328125,-0.0628662109375,-0.062744140625,0.85198974609375,-0.485595703125,-0.1671142578125,-0.10150146484375,0.73944091796875,-0.6661376953125,-0.0057373046875,-0.09661865234375
266,0.6708641434991639,-0.24307628618833613,-0.37026599896791385,-0.5946998213445861,0.4917755637280518,0.46280284868833615,0.38407137561402593,0.6295508955633361,0.99560546875,0.005550320730560219,-0.009571088197637957,-0.0925064342077759,0.989513384458612,-0.11365133942568978,-0.06230546319763795,-0.06273270929138795,0.8520126087609741,-0.48560713445861203,-0.16689706247387118,-0.10157005284542227,0.7394866433031981,-0.6660919699780519,-0.0057373046875,-0.09660722101013795
267,0.67071533203125,-0.24322509765625,-0.3701171875,-0.5948486328125,0.4915771484375,0.46295166015625,0.38397216796875,0.62969970703125,0.99560546875,0.00579833984375,-0.009521484375,-0.0924072265625,0.98956298828125,-0.1134033203125,-0.062255859375,-0.06268310546875,0.85211181640625,-0.48565673828125,-0.16595458984375,-0.10186767578125,0.73956298828125,-0.666015625,-0.0062255859375,-0.0966796875
268,0.67071533203125,-0.24322509765625,-0.3701171875,-0.5948486328125,0.49232304295568563,0.46215248745819393,0.3838123334291388,0.6297529852111204,0.99560546875,0.00555419921875,-0.0098876953125,-0.0926513671875,0.98956298828125,-0.113525390625,-0.06201171875,-0.06304931640625,0.85211181640625,-0.48565673828125,-0.16595458984375,-0.10186767578125,0.73956298828125,-0.666015625,-0.0062255859375,-0.0966796875
269,0.67041015625,-0.24359130859375,-0.370361328125,-0.594970703125,0.49200439453125,0.46234130859375,0.38397216796875,0.6297607421875,0.99560546875,0.0057373046875,-0.0093994140625,-0.09246826171875,0.9896240234375,-0.11334228515625,-0.06158447265625,-0.06280517578125,0.85235595703125,-0.4857177734375,-0.164306640625,-0.10235595703125,0.739501953125,-0.66607666015625,-0.00616455078125,-0.0968017578125
270,0.6702056170307275,-0.24393220729253765,-0.3704635977346363,-0.594970703125,0.49255922247334866,0.4613663791414089,0.38379620708350753,0.6301808436977425,0.99560546875,0.005480507943143826,-0.009512706743833583,-0.09267831247387123,0.9896311680210075,-0.11347701158810618,-0.06096534346258358,-0.06295419138012123,0.8524582266408863,-0.48578595317725753,-0.1633180343985158,-0.10262867599028012,0.7396383126045151,-0.6659403006767349,-0.005925921692098644,-0.09652903885346988
271,0.6700439453125,-0.24420166015625,-0.37054443359375,-0.594970703125,0.49237060546875,0.46160888671875,0.38385009765625,0.630126953125,0.99560546875,0.005615234375,-0.00921630859375,-0.0926513671875,0.98968505859375,-0.11334228515625,-0.0606689453125,-0.06292724609375,0.8525390625,-0.48583984375,-0.16253662109375,-0.10284423828125,0.7392578125,-0.6663818359375,-0.0059814453125,-0.09661865234375
272,0.6699545359531772,-0.24436557731500838,-0.3706040398332985,-0.5949558015651129,0.49305975158079013,0.4606131359087584,0.38369679530727424,0.6303874242265887,0.99560546875,0.0049573202994356285,-0.00897645471885449,-0.09266626874738712,0.9896538265572743,-0.11387812891931437,-0.05957459925010449,-0.06291234453386288,0.8526135702994356,-0.4859292531093228,-0.16188095245871648,-0.10282933672136288,0.7393174187395485,-0.6663222296979515,-0.005847331273515868,-0.096499439864653
273,0.669677734375,-0.244873046875,-0.37078857421875,-0.59490966796875,0.49273681640625,0.46112060546875,0.3837890625,0.6302490234375,0.99560546875,0.00518798828125,-0.0084228515625,-0.09271240234375,0.98974609375,-0.1136474609375,-0.05902099609375,-0.0628662109375,0.85284423828125,-0.4862060546875,-0.15985107421875,-0.102783203125,0.7392578125,-0.66650390625,-0.00579833984375,-0.09600830078125
274,0.669677734375,-0.244873046875,-0.37078857421875,-0.59490966796875,0.49341779727999585,0.45964514690896735,0.38350532046927255,0.6309300043112458,0.99560546875,0.0048828125,-0.00775146484375,-0.09295654296875,0.98974609375,-0.1138916015625,-0.057373046875,-0.0633544921875,0.85284423828125,-0.4862060546875,-0.15985107421875,-0.102783203125,0.7392578125,-0.66650390625,-0.00579833984375,-0.09600830078125
275,0.66949462890625,-0.24517822265625,-0.3709716796875,-0.59490966796875,0.49322509765625,0.4598388671875,0.38360595703125,0.63092041015625,0.99560546875,0.00494384765625,-0.00738525390625,-0.09295654296875,0.98980712890625,-0.11376953125,-0.0570068359375,-0.063232421875,0.85333251953125,-0.486328125,-0.1568603515625,-0.10302734375,0.7392716934051003,-0.6664289901886497,-0.005459890716450666,-0.095986050506898
276,0.66949462890625,-0.24517822265625,-0.3709716796875,-0.59490966796875,0.49375093900240385,0.4592754657451923,0.38349327674278844,0.6309579702524039,0.99554443359375,0.005126953125,-0.00628662109375,-0.09344482421875,0.9898681640625,-0.11346435546875,-0.05548095703125,-0.06402587890625,0.85333251953125,-0.486328125,-0.1568603515625,-0.10302734375,0.7392578125,-0.66644287109375,-0.00543212890625,-0.0960693359375
277,0.66925048828125,-0.2451171875,-0.371337890625,-0.594970703125,0.49383544921875,0.45892333984375,0.3837890625,0.63092041015625,0.99560546875,0.00494384765625,-0.0059814453125,-0.0931396484375,0.98992919921875,-0.11358642578125,-0.05523681640625,-0.06365966796875,0.8538818359375,-0.48638916015625,-0.15362548828125,-0.103271484375,0.7393798828125,-0.66632080078125,-0.00579833984375,-0.095947265625
278,0.6692137447089256,-0.2451171875,-0.3713930059834866,-0.5949890749111622,0.4944700923651756,0.458251953125,0.3837831427022366,0.6309630735263378,0.99554443359375,0.004925475870087792,-0.005029174396425585,-0.09357281432901338,0.9899475710049122,-0.11336065694241221,-0.054223510333925584,-0.06421490417276338,0.853973694868311,-0.48648101908706104,-0.15276201433162623,-0.10323474080267558,0.7393615110263378,-0.6663391725674122,-0.00579833984375,-0.09589215026651338
279,0.66912841796875,-0.2451171875,-0.37152099609375,-0.59503173828125,0.494384765625,0.458251953125,0.3839111328125,0.63092041015625,0.99554443359375,0.0048828125,-0.00494384765625,-0.09344482421875,0.989990234375,-0.1134033203125,-0.05413818359375,-0.0640869140625,0.85418701171875,-0.4866943359375,-0.1507568359375,-0.1031494140625,0.73919677734375,-0.66650390625,-0.00592041015625,-0.0960693359375
280,0.66912841796875,-0.2451171875,-0.37152099609375,-0.59503173828125,0.4949267333167851,0.4580110785953177,0.3837304769152383,0.6307999728914089,0.99554443359375,0.00457763671875,-0.0045166015625,-0.0936279296875,0.989990234375,-0.113525390625,-0.05364990234375,-0.0643310546875,0.85418701171875,-0.4866943359375,-0.1507568359375,-0.1031494140625,0.73919677734375,-0.66650390625,-0.00592041015625,-0.0960693359375
281,0.66900634765625,-0.2451171875,-0.37158203125,-0.5950927734375,0.49481201171875,0.4580078125,0.3837890625,0.63079833984375,0.99554443359375,0.00457763671875,-0.00445556640625,-0.093505859375,0.989990234375,-0.11346435546875,-0.0535888671875,-0.064208984375,0.85430908203125,-0.48675537109375,-0.1497802734375,-0.10345458984375,0.7391461528663252,-0.6666051552048495,-0.005778947402801006,-0.0958460166701505
282,0.66900634765625,-0.2451171875,-0.37158203125,-0.5950927734375,0.4950581936533236,0.45841811572428937,0.3839531837897157,0.6302649456521738,0.99554443359375,0.00433349609375,-0.00384521484375,-0.09356689453125,0.989990234375,-0.113525390625,-0.05303955078125,-0.0643310546875,0.85430908203125,-0.48675537109375,-0.1497802734375,-0.10345458984375,0.7391357421875,-0.6666259765625,-0.0057373046875,-0.0958251953125
283,0.66900634765625,-0.244873046875,-0.37158203125,-0.59521484375,0.4952392578125,0.4583740234375,0.38409423828125,0.630126953125,0.99560546875,0.0042724609375,-0.0040283203125,-0.0933837890625,0.989990234375,-0.1136474609375,-0.05322265625,-0.064208984375,0.85443115234375,-0.4866943359375,-0.14923095703125,-0.103759765625,0.7391375793661162,-0.6665612670490175,-0.006012881479933115,-0.0960452484845318
284,0.6689408216189381,-0.24474199480037623,-0.3716912413121865,-0.5952585277748746,0.4956228198813754,0.4584479188440635,0.3841860972120611,0.6296605138874373,0.9955662756061873,0.004224286031563513,-0.003662109375,-0.09367998308162621,0.989990234375,-0.11351253037468649,-0.053122427949937295,-0.06448333638168892,0.8543874683188754,-0.4867817039872492,-0.14931832508099918,-0.10360687153793892,0.7391312513064381,-0.6665302391434992,-0.006151690530936487,-0.09614323134406351
285,0.6688232421875,-0.2445068359375,-0.37188720703125,-0.5953369140625,0.49554443359375,0.458251953125,0.38446044921875,0.62969970703125,0.99560546875,0.0040283203125,-0.003662109375,-0.09344482421875,0.989990234375,-0.11370849609375,-0.05316162109375,-0.064208984375,0.85443115234375,-0.486572265625,-0.1492919921875,-0.1038818359375,0.73919677734375,-0.66644287109375,-0.0064697265625,-0.096435546875
286,0.6688152810801631,-0.24449622112771738,-0.37190047554347827,-0.5953448751698369,0.496024753736413,0.45836340862771735,0.38429591966711957,0.6293361497961957,0.9955470872961957,0.004078740658967375,-0.0036594556725543436,-0.0938534943953804,0.98992919921875,-0.11359438688858697,-0.053342072860054345,-0.0646786897078804,0.8544284986413043,-0.486580226732337,-0.14929729959239132,-0.1038632600203804,0.7391914699388586,-0.6664508322010869,-0.006480341372282625,-0.09641962466032607
287,0.66864013671875,-0.2442626953125,-0.3721923828125,-0.59552001953125,0.495849609375,0.4581298828125,0.38470458984375,0.62939453125,0.99560546875,0.00384521484375,-0.00360107421875,-0.09344482421875,0.98992919921875,-0.11376953125,-0.05328369140625,-0.06427001953125,0.85443115234375,-0.48663330078125,-0.14886474609375,-0.10400390625,0.7391288017349499,-0.6665177871551003,-0.0067138671875,-0.09644799886339886
288,0.66864013671875,-0.2442626953125,-0.3721923828125,-0.59552001953125,0.49638361595944824,0.4581298828125,0.3845710881976379,0.6290830274090718,0.99554443359375,0.00384521484375,-0.0035400390625,-0.0938720703125,0.98992919921875,-0.11376953125,-0.05352783203125,-0.0645751953125,0.85443115234375,-0.48663330078125,-0.14886474609375,-0.10400390625,0.7391357421875,-0.66650390625,-0.0067138671875,-0.09649658203125
289,0.66839599609375,-0.24420166015625,-0.37237548828125,-0.59564208984375,0.496337890625,0.45806884765625,0.38470458984375,0.6290283203125,0.99554443359375,0.0037841796875,-0.00335693359375,-0.09356689453125,0.98992919921875,-0.11376953125,-0.05340576171875,-0.06427001953125,0.8544921875,-0.4866943359375,-0.14813232421875,-0.10418701171875,0.7391357421875,-0.6665300350125418,-0.0068796215248746,-0.096365938218541
290,0.66839599609375,-0.24420166015625,-0.37237548828125,-0.59564208984375,0.49654038853469906,0.45811947213367477,0.38470458984375,0.6288258224028009,0.99554443359375,0.003662109375,-0.0032958984375,-0.093994140625,0.98992919921875,-0.1138916015625,-0.0531005859375,-0.06475830078125,0.8544921875,-0.4866943359375,-0.14813232421875,-0.10418701171875,0.7391357421875,-0.66650390625,-0.0069580078125,-0.09649658203125
291,0.66815185546875,-0.244140625,-0.37249755859375,-0.59588623046875,0.49658203125,0.4581298828125,0.3848876953125,0.62872314453125,0.99554443359375,0.003662109375,-0.00323486328125,-0.09368896484375,0.98992919921875,-0.11383056640625,-0.0531005859375,-0.06439208984375,0.8546142578125,-0.48675537109375,-0.14703369140625,-0.1046142578125,0.7391810592600334,-0.66650390625,-0.0070468047789506464,-0.09628571475229936
292,0.6681396076113085,-0.244140625,-0.37250368252247074,-0.5958984783261915,0.4969298704013378,0.4583740234375,0.38496097832619147,0.6281860759824415,0.99554443359375,0.0035461629912207438,-0.0029235635712792562,-0.09397576883883776,0.98992919921875,-0.11400754794627925,-0.05248411044627926,-0.06480708808005851,0.8546203817412208,-0.48674924716502926,-0.14703981533497074,-0.10459588602633776,0.7391357421875,-0.66650390625,-0.006781026272470744,-0.09653924540133776
293,0.66802978515625,-0.244140625,-0.37255859375,-0.59600830078125,0.49676513671875,0.4583740234375,0.38507080078125,0.6282958984375,0.99554443359375,0.00360107421875,-0.00286865234375,-0.09381103515625,0.98992919921875,-0.11395263671875,-0.05242919921875,-0.064697265625,0.85479736328125,-0.48675537109375,-0.1458740234375,-0.1048583984375,0.7392508720474499,-0.6663887763900501,-0.0068359375,-0.09643207664872493
294,0.66802978515625,-0.244140625,-0.37255859375,-0.59600830078125,0.4970049905936455,0.4582780818875418,0.3852626838811664,0.6280080737876254,0.99554443359375,0.00347900390625,-0.00244140625,-0.093994140625,0.989990234375,-0.114013671875,-0.05145263671875,-0.06512451171875,0.85479736328125,-0.48675537109375,-0.1458740234375,-0.1048583984375,0.7392578125,-0.6663818359375,-0.0068359375,-0.096435546875
295,0.66796875,-0.244140625,-0.37249755859375,-0.59613037109375,0.49700927734375,0.45819091796875,0.38525390625,0.6280517578125,0.99554443359375,0.0035400390625,-0.00244140625,-0.09393310546875,0.989990234375,-0.1138916015625,-0.051513671875,-0.0650634765625,0.85498046875,-0.48675537109375,-0.14453125,-0.1051025390625,0.73931884765625,-0.66632080078125,-0.0068202194162834354,-0.09629775847878344
296,0.6679975324649875,-0.24405427760503762,-0.3724112111987876,-0.5961591535587375,0.4971531896686873,0.45801822317882523,0.38525390625,0.6280805402774875,0.99554443359375,0.00347900390625,-0.0019139318561873242,-0.09396535816001253,0.99005126953125,-0.11376953125,-0.05019274044993732,-0.06549072265625,0.85498046875,-0.48675537109375,-0.14464637985994985,-0.10516010399247493,0.73931884765625,-0.66632080078125,-0.006890032203699859,-0.0963387888012124
297,0.66802978515625,-0.24395751953125,-0.372314453125,-0.59619140625,0.497314453125,0.45782470703125,0.38525390625,0.62811279296875,0.99554443359375,0.00347900390625,-0.0020751953125,-0.09393310546875,0.99005126953125,-0.11376953125,-0.05035400390625,-0.06549072265625,0.855224609375,-0.48681640625,-0.142822265625,-0.10552978515625,0.7393572242762333,-0.6662824241612667,-0.006903913108800129,-0.09645473518499165
298,0.6680393793112458,-0.24394792537625418,-0.3722760765050167,-0.5962105945599917,0.4973528297449833,0.45776714210127506,0.38530187702497914,0.6280936046587583,0.99554443359375,0.0033761219037416507,-0.0013201149012333018,-0.09398454647000418,0.9901123046875,-0.11356723747125835,-0.0483782203699833,-0.06598859806124582,0.855224609375,-0.48679721794000835,-0.1428606422449833,-0.10554897346624165,0.7394505121237458,-0.6661795421587583,-0.006681614496237476,-0.09652536449623747
299,0.6680908203125,-0.243896484375,-0.3720703125,-0.5963134765625,0.49755859375,0.45745849609375,0.38555908203125,0.62799072265625,0.99554443359375,0.00347900390625,-0.00152587890625,-0.09393310546875,0.9901123046875,-0.11346435546875,-0.048583984375,-0.0660400390625,0.85552978515625,-0.48675537109375,-0.14068603515625,-0.10595703125,0.739501953125,-0.66607666015625,-0.0068359375,-0.0966796875
