timestep,imu0_w,imu0_x,imu0_y,imu0_z,imu1_w,imu1_x,imu1_y,imu1_z,imu2_w,imu2_x,imu2_y,imu2_z,imu3_w,imu3_x,imu3_y,imu3_z,imu4_w,imu4_x,imu4_y,imu4_z,imu5_w,imu5_x,imu5_y,imu5_z
0,0.69830322265625,-0.55029296875,-0.311767578125,-0.3350830078125,0.6328125,0.69439697265625,-0.17327880859375,0.2952880859375,0.06439208984375,-0.36175537109375,0.8863525390625,0.281494140625,0.26806640625,-0.34063720703125,0.819580078125,0.37451171875,-0.00390625,-0.3331298828125,0.8543701171875,0.398681640625,-0.1165771484375,-0.14910888671875,0.97052001953125,0.149169921875
1,0.69830322265625,-0.55029296875,-0.311767578125,-0.3350830078125,0.6328125,0.69439697265625,-0.17327880859375,0.2952880859375,0.06439208984375,-0.36175537109375,0.8863525390625,0.281494140625,0.26849365234375,-0.341796875,0.81951904296875,0.37335205078125,-0.00390625,-0.3331298828125,0.8543701171875,0.398681640625,-0.1165771484375,-0.14910888671875,0.97052001953125,0.149169921875
2,0.6979423191236414,-0.5510147758152174,-0.31082020635190216,-0.3354439113451087,0.6331282905910326,0.6929082455842391,-0.17314346976902173,0.29813020125679346,0.06493344514266304,-0.36265762992527173,0.8862623131793478,0.28059188179347827,0.26944102411684784,-0.34139085852581524,0.8190679135529891,0.3740287449048913,-0.003996475883152174,-0.33358101222826086,0.8545505689538043,0.39791472061820654,-0.11725914996603261,-0.14978292713994565,0.970352836277174,0.1488037109375
3,0.69781494140625,-0.55126953125,-0.31048583984375,-0.3355712890625,0.63323974609375,0.6923828125,-0.173095703125,0.29913330078125,0.06512451171875,-0.36297607421875,0.88623046875,0.2802734375,0.26971435546875,-0.34210205078125,0.81964111328125,0.371826171875,-0.0040283203125,-0.333740234375,0.8546142578125,0.39764404296875,-0.11700439453125,-0.14971923828125,0.9703369140625,0.149169921875
4,0.69622802734375,-0.55377197265625,-0.30908203125,-0.33599853515625,0.63336181640625,0.69122314453125,-0.1756591796875,0.3001708984375,0.06683349609375,-0.36212158203125,0.8863525390625,0.28045654296875,0.27157990828804346,-0.3403161090353261,0.8191050653872283,0.37333347486413043,-0.00262451171875,-0.332763671875,0.8546142578125,0.3984375,-0.1175537109375,-0.1494140625,0.97015380859375,0.15008544921875
5,0.69622802734375,-0.55377197265625,-0.30908203125,-0.33599853515625,0.63336181640625,0.69122314453125,-0.1756591796875,0.3001708984375,0.06683349609375,-0.36212158203125,0.8863525390625,0.28045654296875,0.272216796875,-0.3399658203125,0.81951904296875,0.372314453125,-0.00262451171875,-0.332763671875,0.8546142578125,0.3984375,-0.1175537109375,-0.1494140625,0.97015380859375,0.15008544921875
6,0.69451904296875,-0.55609130859375,-0.30938720703125,-0.33551025390625,0.63311767578125,0.69110107421875,-0.1781005859375,0.29949951171875,0.06842041015625,-0.36065673828125,0.88665771484375,0.28094482421875,0.2721584154211957,-0.33816130264945654,0.8192934782608695,0.37447722061820654,-0.00128173828125,-0.331298828125,0.8546142578125,0.399658203125,-0.11761474609375,-0.14935302734375,0.9700927734375,0.15057373046875
7,0.69451904296875,-0.55609130859375,-0.30938720703125,-0.33551025390625,0.63311767578125,0.69110107421875,-0.1781005859375,0.29949951171875,0.06842041015625,-0.36065673828125,0.88665771484375,0.28094482421875,0.27392578125,-0.337158203125,0.819580078125,0.37347412109375,-0.00128173828125,-0.331298828125,0.8546142578125,0.399658203125,-0.11761474609375,-0.14935302734375,0.9700927734375,0.15057373046875
8,0.6933514138926631,-0.5576092263926631,-0.31020454738451086,-0.33469291355298914,0.6331760572350543,0.6910426927649457,-0.1795601222826087,0.29868217136548914,0.06912098760190218,-0.3593723462975543,0.8870663850203805,0.2811783500339674,0.2728165336277174,-0.335990574048913,0.8196968410326086,0.3750504203464674,-0.0007563051970108704,-0.330131199048913,0.8547310207201086,0.40041716202445654,-0.11754044242527174,-0.14954940132472827,0.970108695652174,0.1506294582201087
9,0.69329833984375,-0.55767822265625,-0.31024169921875,-0.33465576171875,0.6331787109375,0.6910400390625,-0.17962646484375,0.29864501953125,0.06915283203125,-0.35931396484375,0.8870849609375,0.28118896484375,0.2745361328125,-0.33502197265625,0.81988525390625,0.37420654296875,-0.000732421875,-0.330078125,0.854736328125,0.40045166015625,-0.11761474609375,-0.1495361328125,0.9700927734375,0.15069580078125
10,0.6929586659307065,-0.5583151112432065,-0.31045399541440216,-0.3340613323709239,0.6333485478940217,0.6908277428668478,-0.17988122027853262,0.29856010105298914,0.06932266898777174,-0.35867707625679346,0.8874246348505435,0.2809342094089674,0.2747908882472826,-0.33400295091711957,0.8202249278192935,0.37416408372961957,-0.0004776664402173917,-0.3294836956521739,0.8549061650815217,0.40053657863451086,-0.11731753141983696,-0.14966085682744565,0.9701299252717391,0.15035081946331522
11,0.69281005859375,-0.55859375,-0.310546875,-0.33380126953125,0.6334228515625,0.69073486328125,-0.17999267578125,0.29852294921875,0.06939697265625,-0.3583984375,0.8875732421875,0.28082275390625,0.27490234375,-0.33355712890625,0.82037353515625,0.3741455078125,-0.0003662109375,-0.3292236328125,0.85498046875,0.40057373046875,-0.11761474609375,-0.14947509765625,0.9700927734375,0.15057373046875
12,0.69219970703125,-0.55926513671875,-0.31103515625,-0.33343505859375,0.6334255052649457,0.6910612686820652,-0.17975118885869565,0.29805589758831524,0.06888480808423914,-0.35782789147418476,0.8876979662024457,0.28132430366847827,0.2744246773097826,-0.3325911812160326,0.8206203294836957,0.37485935377038043,-0.0007642663043478249,-0.32853897758152173,0.8549831224524457,0.4012345023777174,-0.1177978515625,-0.14935302734375,0.9700927734375,0.1505126953125
13,0.69219970703125,-0.55926513671875,-0.31103515625,-0.33343505859375,0.6336669921875,0.69061279296875,-0.17999267578125,0.29840087890625,0.069091796875,-0.35748291015625,0.887939453125,0.28094482421875,0.27459716796875,-0.33197021484375,0.82086181640625,0.374755859375,-0.00048828125,-0.328125,0.855224609375,0.40106201171875,-0.1177978515625,-0.14935302734375,0.9700927734375,0.1505126953125
14,0.69140625,-0.5599365234375,-0.31195068359375,-0.333251953125,0.633499808933424,0.6912364130434783,-0.17932925016983695,0.29769764775815216,0.068603515625,-0.3563232421875,0.88824462890625,0.281494140625,0.273673679517663,-0.33152439283288043,0.8209255052649457,0.3757430366847826,-0.0014091159986413077,-0.32783309273097827,0.8549114724864131,0.4019881538722826,-0.11822509765625,-0.14898681640625,0.9700927734375,0.15057373046875
15,0.69140625,-0.5599365234375,-0.31195068359375,-0.333251953125,0.6341552734375,0.6904296875,-0.18023681640625,0.29754638671875,0.068603515625,-0.3563232421875,0.88824462890625,0.281494140625,0.27392578125,-0.33056640625,0.82122802734375,0.37579345703125,-0.0008544921875,-0.3270263671875,0.85516357421875,0.40203857421875,-0.11822509765625,-0.14898681640625,0.9700927734375,0.15057373046875
16,0.6906817892323369,-0.5602708899456522,-0.31289805536684784,-0.3331962253736413,0.633988090183424,0.6910426927649457,-0.1792337168817935,0.29721202021059784,0.06826914911684782,-0.355765964673913,0.8883003566576086,0.282051418138587,0.27297840947690216,-0.3306221340013587,0.8211722995923914,0.37657364555027173,-0.0018575917119565185,-0.3271378226902174,0.8548849354619565,0.402595851732337,-0.11844800866168478,-0.14909827190896738,0.9699813179347826,0.1508523692255435
17,0.69061279296875,-0.560302734375,-0.31298828125,-0.33319091796875,0.63348388671875,0.69122314453125,-0.1800537109375,0.29730224609375,0.0682373046875,-0.355712890625,0.8883056640625,0.2821044921875,0.27349853515625,-0.329833984375,0.82110595703125,0.376953125,-0.00115966796875,-0.32659912109375,0.8548583984375,0.40301513671875,-0.11846923828125,-0.14910888671875,0.969970703125,0.15087890625
18,0.6902545431385869,-0.5603425399116848,-0.31358536430027173,-0.3333103345788043,0.6333644701086957,0.6915017832880435,-0.1794168223505435,0.29730224609375,0.06811788807744565,-0.35563327955163043,0.8882260529891305,0.2825821586277174,0.27290145210597827,-0.3300728175951087,0.8210263459578805,0.377311374830163,-0.0017567510190217397,-0.32687775985054346,0.854659370754076,0.4032141644021739,-0.11850904381793478,-0.1493875254755435,0.9698910920516305,0.15123715608016305
19,0.6900634765625,-0.56036376953125,-0.31390380859375,-0.3333740234375,0.6328125,0.69207763671875,-0.17987060546875,0.2967529296875,0.06805419921875,-0.3555908203125,0.88818359375,0.2828369140625,0.27301025390625,-0.3299560546875,0.82073974609375,0.3780517578125,-0.0015869140625,-0.32684326171875,0.8543701171875,0.4039306640625,-0.1185302734375,-0.1495361328125,0.9698486328125,0.15142822265625
20,0.6900873598845109,-0.5602443529211957,-0.31395157523777173,-0.3334934400475543,0.6328125,0.6920298700747283,-0.17979895550271738,0.29689622961956524,0.06803031589673914,-0.35585353685461957,0.8880880604619565,0.28278914741847827,0.27298637058423914,-0.33009935461956524,0.8206919794497283,0.37800399116847827,-0.0015869140625,-0.3270104449728261,0.8543462338654891,0.40383513077445654,-0.11845862347146739,-0.14979884935461957,0.9698008661684783,0.15149987262228262
21,0.69012451171875,-0.56005859375,-0.31402587890625,-0.33367919921875,0.632568359375,0.69219970703125,-0.17919921875,0.2974853515625,0.0679931640625,-0.35626220703125,0.887939453125,0.28271484375,0.27294921875,-0.3309326171875,0.8204345703125,0.37786865234375,-0.00177001953125,-0.32781982421875,0.85400390625,0.40380859375,-0.11834716796875,-0.15020751953125,0.9697265625,0.151611328125
22,0.69024658203125,-0.56005859375,-0.31317138671875,-0.33428955078125,0.63214111328125,0.6921466329823369,-0.17985733695652176,0.29808243461277173,0.06892726732336957,-0.35649307914402173,0.8877483865489131,0.282706882642663,0.2738541312839674,-0.33115552819293476,0.820023246433424,0.3778527301290761,-0.0008889903192934748,-0.328132961107337,0.8538818359375,0.403861667798913,-0.11810302734375,-0.15057373046875,0.96966552734375,0.15191650390625
23,0.69024658203125,-0.56005859375,-0.31317138671875,-0.33428955078125,0.63214111328125,0.69219970703125,-0.178955078125,0.29840087890625,0.0682373046875,-0.3568115234375,0.8876953125,0.28265380859375,0.27337646484375,-0.3314208984375,0.82012939453125,0.37774658203125,-0.00152587890625,-0.32818603515625,0.8538818359375,0.40380859375,-0.11810302734375,-0.15057373046875,0.96966552734375,0.15191650390625
24,0.6897158415421195,-0.5604831861413043,-0.31290601647418476,-0.33492643936820654,0.6313980765964674,0.6927835215692935,-0.17911430027173914,0.29861317510190216,0.06866189707880435,-0.35712996773097827,0.8873237941576086,0.28334377122961957,0.2737479831861413,-0.3315270465353261,0.8196517280910326,0.37843654466711957,-0.0011543605638586936,-0.3285575534986413,0.8534041694972826,0.40449855638586957,-0.11773150900135869,-0.15041450832201086,0.9696124532948369,0.1525003184442935
25,0.68963623046875,-0.560546875,-0.3128662109375,-0.33502197265625,0.6317138671875,0.692626953125,-0.1795654296875,0.29803466796875,0.068603515625,-0.356201171875,0.8875732421875,0.28375244140625,0.27362060546875,-0.3304443359375,0.81988525390625,0.3790283203125,-0.0008544921875,-0.3275146484375,0.8536376953125,0.40496826171875,-0.11767578125,-0.150390625,0.9696044921875,0.152587890625
26,0.6891161047894022,-0.5607326341711957,-0.3133491847826087,-0.335319187330163,0.6313795006793478,0.6930727751358695,-0.17900815217391305,0.29807181980298914,0.06849206012228261,-0.35586680536684784,0.8874989385190217,0.2844211744225543,0.27317478345788043,-0.33066724694293476,0.8196623429008152,0.379585597826087,-0.0013374660326086973,-0.3278861667798913,0.8532661769701086,0.40537693189538043,-0.11756432574728261,-0.150390625,0.9696044921875,0.15284795346467392
27,0.68878173828125,-0.56085205078125,-0.31365966796875,-0.33551025390625,0.63177490234375,0.69293212890625,-0.1796875,0.29718017578125,0.06842041015625,-0.35565185546875,0.887451171875,0.28485107421875,0.27301025390625,-0.32965087890625,0.8197021484375,0.3804931640625,-0.0010986328125,-0.3270263671875,0.85321044921875,0.40618896484375,-0.11749267578125,-0.150390625,0.9696044921875,0.15301513671875
28,0.6885694420855978,-0.5609157396399457,-0.313850734544837,-0.33565886124320654,0.6316262950067935,0.6931019658627717,-0.17945397418478262,0.29722263502038043,0.06833549167798914,-0.35550324813179346,0.8874087126358695,0.2852119777513587,0.27284041694972827,-0.3297782566236413,0.819596000339674,0.3807266898777174,-0.0012684697690217351,-0.32719620414402173,0.8530618418817935,0.40635880180027173,-0.11745021654211957,-0.15034816576086957,0.9695832625679348,0.15320620329483695
29,0.68817138671875,-0.56103515625,-0.314208984375,-0.3359375,0.63153076171875,0.6934814453125,-0.1793212890625,0.29656982421875,0.06817626953125,-0.355224609375,0.8873291015625,0.285888671875,0.27264404296875,-0.32928466796875,0.8193359375,0.3818359375,-0.00128173828125,-0.326904296875,0.85272216796875,0.4073486328125,-0.11737060546875,-0.1502685546875,0.96954345703125,0.153564453125
30,0.688155464504076,-0.5610139266304348,-0.31423552139945654,-0.33597995923913043,0.631514839504076,0.6934920601222826,-0.17928413722826086,0.29661228345788043,0.06816034731657608,-0.35524583899456524,0.8873025645380435,0.285941745923913,0.2726281207540761,-0.32933243461277173,0.819320015285326,0.3818465523097826,-0.0012976604959239126,-0.326957370923913,0.8527009383491848,0.4073433254076087,-0.11734406844429347,-0.15030570652173914,0.9695328422214674,0.15360691236413043
31,0.68798828125,-0.560791015625,-0.31451416015625,-0.33642578125,0.63128662109375,0.69390869140625,-0.1787109375,0.2965087890625,0.0679931640625,-0.35546875,0.88702392578125,0.2864990234375,0.2725830078125,-0.32958984375,0.81890869140625,0.382568359375,-0.00128173828125,-0.327392578125,0.8521728515625,0.40802001953125,-0.1170654296875,-0.15069580078125,0.96942138671875,0.154052734375
32,0.68798828125,-0.560791015625,-0.31451416015625,-0.33642578125,0.63128662109375,0.69390869140625,-0.1787109375,0.2965087890625,0.0679931640625,-0.35546875,0.88702392578125,0.2864990234375,0.2725830078125,-0.32958984375,0.81890869140625,0.382568359375,-0.00128173828125,-0.327392578125,0.8521728515625,0.40802001953125,-0.1170654296875,-0.15069580078125,0.96942138671875,0.154052734375
33,0.68792724609375,-0.56048583984375,-0.3148193359375,-0.33673095703125,0.63177490234375,0.69366455078125,-0.1783447265625,0.2962646484375,0.0677490234375,-0.35552978515625,0.886962890625,0.28668212890625,0.27227783203125,-0.3297119140625,0.81878662109375,0.3829345703125,-0.00146484375,-0.3275146484375,0.85205078125,0.40826416015625,-0.116943359375,-0.15093994140625,0.9693603515625,0.15411376953125
34,0.6878237516983695,-0.5603823454483695,-0.3149918265964674,-0.33693794582201086,0.6316714079483695,0.6937335470448369,-0.17813773777173914,0.2964371390964674,0.06768002717391304,-0.35580577021059784,0.8868593962296195,0.28668212890625,0.2721398395040761,-0.32998789911684784,0.8186831266983695,0.383003566576087,-0.001602836277173911,-0.3277561353600543,0.8519472868546195,0.40826416015625,-0.11687436311141304,-0.15093994140625,0.9693603515625,0.15418276579483695
35,0.687744140625,-0.560302734375,-0.31512451171875,-0.33709716796875,0.63214111328125,0.69354248046875,-0.17822265625,0.2957763671875,0.06756591796875,-0.3553466796875,0.886962890625,0.28704833984375,0.27197265625,-0.32958984375,0.81866455078125,0.38348388671875,-0.00146484375,-0.3275146484375,0.85186767578125,0.40869140625,-0.1168212890625,-0.15093994140625,0.9693603515625,0.15423583984375
36,0.6877255647078805,-0.5602098547894022,-0.31527311905570654,-0.33717147163722827,0.6321596891983695,0.69354248046875,-0.17805547299592392,0.29586924677309784,0.06745446246603261,-0.35549528702445654,0.8869257387907609,0.2869926120923913,0.2718612007472826,-0.32973845108695654,0.8186459748641305,0.38348388671875,-0.001594875169836957,-0.327644679857337,0.8518305239470109,0.40861710258152173,-0.11678413722826086,-0.15097709324048914,0.9693603515625,0.15421726392663043
37,0.68768310546875,-0.55999755859375,-0.31561279296875,-0.33734130859375,0.63250732421875,0.69354248046875,-0.17767333984375,0.29547119140625,0.06719970703125,-0.35528564453125,0.886962890625,0.28717041015625,0.2716064453125,-0.32952880859375,0.818603515625,0.38397216796875,-0.0015869140625,-0.3275146484375,0.8516845703125,0.40899658203125,-0.11669921875,-0.15106201171875,0.9693603515625,0.1541748046875
38,0.6876804517663043,-0.5599895974864131,-0.3156234077785326,-0.337349269701087,0.6325046705163043,0.69354248046875,-0.17766007133152173,0.295479152513587,0.06718909222146739,-0.35528564453125,0.886962890625,0.2871757175611413,0.2716011379076087,-0.3295341159986413,0.8186008619225543,0.3839774753736413,-0.0015975288722826085,-0.32752791694972827,0.8516819166100543,0.4089912746263587,-0.11669391134510869,-0.15106997282608695,0.9693603515625,0.15417215098505435
39,0.6876220703125,-0.559814453125,-0.31585693359375,-0.3375244140625,0.63299560546875,0.6932373046875,-0.17730712890625,0.29534912109375,0.06695556640625,-0.35528564453125,0.886962890625,0.28729248046875,0.271484375,-0.32965087890625,0.81854248046875,0.38409423828125,-0.001708984375,-0.32769775390625,0.85162353515625,0.40887451171875,-0.1165771484375,-0.1512451171875,0.9693603515625,0.15411376953125
40,0.6876220703125,-0.559814453125,-0.31585693359375,-0.3375244140625,0.63299560546875,0.6932373046875,-0.17730712890625,0.29534912109375,0.06695556640625,-0.35528564453125,0.886962890625,0.28729248046875,0.271484375,-0.32965087890625,0.81854248046875,0.38409423828125,-0.001708984375,-0.32769775390625,0.85162353515625,0.40887451171875,-0.1165771484375,-0.1512451171875,0.9693603515625,0.15411376953125
41,0.68768310546875,-0.5599365234375,-0.3155517578125,-0.33746337890625,0.6334228515625,0.69281005859375,-0.1776123046875,0.29510498046875,0.0672607421875,-0.35504150390625,0.88714599609375,0.286865234375,0.2718505859375,-0.329345703125,0.81866455078125,0.38372802734375,-0.001220703125,-0.32757568359375,0.851806640625,0.40869140625,-0.11639404296875,-0.15130615234375,0.96942138671875,0.15399169921875
42,0.6875557277513586,-0.5601594344429348,-0.31539253566576086,-0.33749522333559784,0.6332636294157609,0.6929692807404891,-0.17777152683423914,0.29500944718070654,0.06741996433423912,-0.35494597061820654,0.8870823072350543,0.2871199898097826,0.2719779636548913,-0.3292183254076087,0.8186008619225543,0.38395093834918476,-0.0010614809782608734,-0.3275119947350543,0.8517111073369565,0.40891431725543476,-0.11633035411005435,-0.15124246348505435,0.9693895422894022,0.15427829908288043
43,0.68743896484375,-0.56036376953125,-0.31524658203125,-0.3375244140625,0.63348388671875,0.6927490234375,-0.17803955078125,0.294921875,0.06768798828125,-0.3546142578125,0.88726806640625,0.2869873046875,0.2724609375,-0.3287353515625,0.81866455078125,0.38385009765625,-0.0006103515625,-0.32733154296875,0.851806640625,0.4088134765625,-0.11602783203125,-0.1513671875,0.96942138671875,0.15423583984375
44,0.6873593537703805,-0.5604752250339674,-0.3151828931725543,-0.33755625849184784,0.6333883534307065,0.6928445567255435,-0.17810323963994565,0.29487410835597827,0.06775167713994565,-0.35458241338315216,0.8872202997622283,0.2871146824048913,0.2725246263586957,-0.3286716627038043,0.8186167841372283,0.3839615531589674,-0.0005625849184782632,-0.3273156207540761,0.8517588739809783,0.4089567764945652,-0.11601190981657608,-0.1513671875,0.9693895422894022,0.15437913977581522
45,0.6871337890625,-0.560791015625,-0.31500244140625,-0.337646484375,0.6334228515625,0.69281005859375,-0.17828369140625,0.29473876953125,0.06793212890625,-0.354248046875,0.88726806640625,0.2872314453125,0.27276611328125,-0.328125,0.8187255859375,0.3841552734375,-0.00018310546875,-0.326904296875,0.851806640625,0.40924072265625,-0.11578369140625,-0.15130615234375,0.96942138671875,0.15447998046875
46,0.6871337890625,-0.560791015625,-0.31500244140625,-0.337646484375,0.6334228515625,0.69281005859375,-0.17828369140625,0.29473876953125,0.06793212890625,-0.354248046875,0.88726806640625,0.2872314453125,0.27276611328125,-0.328125,0.8187255859375,0.3841552734375,-0.00018310546875,-0.326904296875,0.851806640625,0.40924072265625,-0.11578369140625,-0.15130615234375,0.96942138671875,0.15447998046875
47,0.6868896484375,-0.56109619140625,-0.3148193359375,-0.33782958984375,0.6334891941236414,0.6928498641304348,-0.17829961362092392,0.294624660326087,0.06817626953125,-0.35382080078125,0.8873291015625,0.2874755859375,0.2730712890625,-0.32757568359375,0.81866455078125,0.38446044921875,0.000159222146739131,-0.32674507472826086,0.851729683254076,0.409553859544837,-0.11541748046875,-0.15130615234375,0.96942138671875,0.15472412109375
48,0.6868896484375,-0.56109619140625,-0.3148193359375,-0.33782958984375,0.633544921875,0.69281005859375,-0.17828369140625,0.29461669921875,0.06817626953125,-0.35382080078125,0.8873291015625,0.2874755859375,0.2730712890625,-0.32757568359375,0.81866455078125,0.38446044921875,0.00018310546875,-0.32672119140625,0.85174560546875,0.4095458984375,-0.11541748046875,-0.15130615234375,0.96942138671875,0.15472412109375
49,0.68658447265625,-0.56146240234375,-0.3145751953125,-0.3380126953125,0.63360595703125,0.69281005859375,-0.1785888671875,0.29425048828125,0.06854248046875,-0.353515625,0.887451171875,0.28753662109375,0.2735595703125,-0.3270263671875,0.818603515625,0.38470458984375,0.00067138671875,-0.32666015625,0.8515625,0.40985107421875,-0.11517333984375,-0.15155029296875,0.9693603515625,0.15509033203125
50,0.6864677097486414,-0.5616667374320652,-0.3143416694972826,-0.338187839673913,0.6333432404891305,0.6929560122282609,-0.17882239300271738,0.29427967900815216,0.06880519701086957,-0.35348643427309784,0.8873635996942935,0.2877701469089674,0.2737930961277174,-0.3269679857336957,0.8184283712635869,0.3849381156589674,0.0009341032608695658,-0.32668934697690216,0.8514457370923914,0.4100846000339674,-0.11496900475543478,-0.15157948369565216,0.9693311608355978,0.15538223930027173
51,0.68634033203125,-0.5618896484375,-0.3140869140625,-0.33837890625,0.6334228515625,0.69293212890625,-0.1788330078125,0.29425048828125,0.0692138671875,-0.353271484375,0.887451171875,0.28765869140625,0.27435302734375,-0.32672119140625,0.818359375,0.3848876953125,0.00146484375,-0.326904296875,0.85137939453125,0.41015625,-0.1146240234375,-0.1519775390625,0.96923828125,0.1556396484375
52,0.68634033203125,-0.5619427224864131,-0.31394096042798914,-0.33840544327445654,0.6333565090013586,0.6929453974184783,-0.17897896144701086,0.29425048828125,0.06935982082201086,-0.35323167883831524,0.8874379033627717,0.28769849694293476,0.27449898097826086,-0.326668117357337,0.8183195694633152,0.38491423233695654,0.001610797384510866,-0.32687775985054346,0.8513661260190217,0.410209324048913,-0.11450460682744565,-0.15192446501358695,0.9692515497622283,0.15571925951086957
53,0.68634033203125,-0.5621337890625,-0.31341552734375,-0.3385009765625,0.63330078125,0.69287109375,-0.1788330078125,0.29449462890625,0.06964111328125,-0.353271484375,0.887451171875,0.28753662109375,0.275146484375,-0.32659912109375,0.8182373046875,0.384765625,0.0020751953125,-0.3271484375,0.85125732421875,0.41021728515625,-0.1142578125,-0.15234375,0.96917724609375,0.15606689453125
54,0.68634033203125,-0.5621337890625,-0.31341552734375,-0.3385009765625,0.63330078125,0.69287109375,-0.1788330078125,0.29449462890625,0.06964111328125,-0.353271484375,0.887451171875,0.28753662109375,0.275146484375,-0.32659912109375,0.8182373046875,0.384765625,0.0020751953125,-0.3271484375,0.85125732421875,0.41021728515625,-0.1142578125,-0.15234375,0.96917724609375,0.15606689453125
55,0.68646240234375,-0.56219482421875,-0.312744140625,-0.33868408203125,0.6331680961277174,0.6927596382472826,-0.1789497707201087,0.2949802564538043,0.07000732421875,-0.35333251953125,0.887451171875,0.287353515625,0.2757568359375,-0.32659912109375,0.81817626953125,0.3843994140625,0.0028076171875,-0.3271378226902174,0.8513077445652174,0.41001560377038043,-0.11370849609375,-0.15252685546875,0.96917724609375,0.1561279296875
56,0.68646240234375,-0.56219482421875,-0.312744140625,-0.33868408203125,0.6331787109375,0.6927490234375,-0.1788330078125,0.2950439453125,0.07000732421875,-0.35333251953125,0.887451171875,0.287353515625,0.2757568359375,-0.32659912109375,0.81817626953125,0.3843994140625,0.0028076171875,-0.3271484375,0.851318359375,0.40997314453125,-0.11370849609375,-0.15252685546875,0.96917724609375,0.1561279296875
57,0.68634033203125,-0.5625,-0.312255859375,-0.3388671875,0.6332530146059783,0.6926481827445652,-0.1792257557744565,0.29494841202445654,0.07037353515625,-0.35308837890625,0.88763427734375,0.287109375,0.27630615234375,-0.32623291015625,0.81817626953125,0.38427734375,0.0033993928328804324,-0.327018406080163,0.8514032778532609,0.40999437415081524,-0.11328125,-0.15264892578125,0.96923828125,0.1561279296875
58,0.6862076469089674,-0.5627653702445652,-0.31209663722826086,-0.338920261548913,0.6333326256793478,0.6925685716711957,-0.17935844089673914,0.2948157269021739,0.07050622027853261,-0.3529822308084239,0.8875546662703804,0.28740128226902173,0.2764388374660326,-0.32607368800951086,0.8180966584578804,0.3845161769701087,0.0036382260529891353,-0.32688572095788043,0.851456351902174,0.40999437415081524,-0.11320163892663043,-0.15259585173233695,0.9691852072010869,0.15647291100543478
59,0.68603515625,-0.5631103515625,-0.3118896484375,-0.3389892578125,0.63421630859375,0.69189453125,-0.1796875,0.29443359375,0.0706787109375,-0.352294921875,0.887939453125,0.28692626953125,0.2767333984375,-0.32537841796875,0.8184814453125,0.3841552734375,0.0040283203125,-0.32623291015625,0.85186767578125,0.40960693359375,-0.113037109375,-0.15252685546875,0.96929931640625,0.156005859375
60,0.6859502377717391,-0.5632271144701086,-0.31181534476902173,-0.33902110224184784,0.634110160495924,0.6919900645380435,-0.17976180366847827,0.29439113451086957,0.07074239979619565,-0.35226307744565216,0.8879076086956522,0.2870642620584239,0.276786472486413,-0.32517673658288043,0.8185345193614131,0.38417650305706524,0.004102623980978259,-0.32621168053668476,0.8518039869225543,0.4097449261209239,-0.11300526494565218,-0.15251624065896738,0.9692780867866848,0.15616508152173914
61,0.685546875,-0.56378173828125,-0.31146240234375,-0.33917236328125,0.6346435546875,0.69158935546875,-0.18017578125,0.2938232421875,0.0709228515625,-0.3514404296875,0.8883056640625,0.286865234375,0.27703857421875,-0.32421875,0.81878662109375,0.38427734375,0.00469970703125,-0.32550048828125,0.85198974609375,0.40985107421875,-0.11279296875,-0.15228271484375,0.9693603515625,0.156005859375
62,0.685546875,-0.56378173828125,-0.31146240234375,-0.33917236328125,0.6346435546875,0.69158935546875,-0.18017578125,0.2938232421875,0.0709228515625,-0.3514404296875,0.8883056640625,0.286865234375,0.27703857421875,-0.32421875,0.81878662109375,0.38427734375,0.00469970703125,-0.32550048828125,0.85198974609375,0.40985107421875,-0.11279296875,-0.15228271484375,0.9693603515625,0.156005859375
63,0.68511962890625,-0.5643310546875,-0.3111572265625,-0.33941650390625,0.6344286047894022,0.6918388034986414,-0.18027662194293478,0.29359237007472827,0.07122802734375,-0.350830078125,0.888427734375,0.28717041015625,0.27734375,-0.3233642578125,0.81884765625,0.38458251953125,0.005148182744565218,-0.32521388841711957,0.8519234035326086,0.410331394361413,-0.11248779296875,-0.15228271484375,0.9693603515625,0.15631103515625
64,0.6850002122961957,-0.5644504712975543,-0.3110378099524457,-0.3395359205163043,0.6343622622282609,0.6918918775475543,-0.18031642747961957,0.29361890709918476,0.07138724949048914,-0.35086988366168476,0.8883481233016305,0.28732963230298914,0.27742336107336957,-0.32308561905570654,0.8188874617866848,0.38466213060461957,0.005307404891304346,-0.32517408288043476,0.8518703294836957,0.41043754245923914,-0.11236837635869565,-0.15236232591711957,0.9693205460258152,0.15651006283967392
65,0.6849365234375,-0.56451416015625,-0.31097412109375,-0.339599609375,0.6343728770380435,0.6919237219769022,-0.18010413128396738,0.2937038255774457,0.0712890625,-0.35064697265625,0.88848876953125,0.2872314453125,0.2774658203125,-0.32293701171875,0.81890869140625,0.38470458984375,0.005434782608695652,-0.32509977921195654,0.8519021739130435,0.4103950832201087,-0.1121826171875,-0.15240478515625,0.9693603515625,0.1563720703125
66,0.6849126401154891,-0.5646096934442935,-0.3108547044836957,-0.33964737601902173,0.6343649159307065,0.6919661812160326,-0.17999002207880435,0.29373832370923914,0.07140847911005435,-0.35062308933423914,0.8884648862092391,0.28732697860054346,0.2775852369225543,-0.3227698284646739,0.8189803413722826,0.3846329398777174,0.005636463994565214,-0.32498832370923914,0.8519658627717391,0.41037385360054346,-0.11208708389945653,-0.15238090183423914,0.9693603515625,0.15649148692255435
67,0.68487548828125,-0.56475830078125,-0.3106689453125,-0.3397216796875,0.6344073751698369,0.6919343367866848,-0.18012801460597827,0.29366932744565216,0.0714111328125,-0.350341796875,0.888671875,0.2869873046875,0.27777099609375,-0.322509765625,0.819091796875,0.384521484375,0.005891219429347825,-0.3248397163722826,0.8520242442255435,0.4103950832201087,-0.11187744140625,-0.1524658203125,0.96942138671875,0.15606689453125
68,0.6848038383152174,-0.5648617951766304,-0.3106052564538043,-0.33974556300951086,0.6348531971807065,0.6916079313858695,-0.18005636463994565,0.29353929602581524,0.07147482167119565,-0.35030199133831524,0.8886400305706522,0.2871067212975543,0.27785060716711957,-0.32235850458559784,0.819107719089674,0.38454536769701086,0.006037173063858693,-0.32450004245923914,0.8522471552309783,0.4101535962975543,-0.11185355808423914,-0.15244989809782608,0.969405464504076,0.15621019446331522
69,0.684326171875,-0.5655517578125,-0.3101806640625,-0.33990478515625,0.63421630859375,0.692138671875,-0.18048095703125,0.29327392578125,0.0721435546875,-0.34942626953125,0.888916015625,0.2869873046875,0.27838134765625,-0.32135009765625,0.8192138671875,0.38470458984375,0.00640869140625,-0.3243408203125,0.8519287109375,0.41094970703125,-0.111328125,-0.15240478515625,0.969482421875,0.15625
70,0.6837423573369565,-0.5664009425951086,-0.3098091457201087,-0.339957859205163,0.6346700917119565,0.6919210682744565,-0.18122664741847824,0.2923690132472826,0.07240892493206522,-0.34910782523777173,0.8887567934782609,0.2879957116168478,0.27896516219429346,-0.320076320482337,0.8193730893342391,0.38502303413722827,0.007276452105978254,-0.3235261336616848,0.8521595830502717,0.41117261803668476,-0.111328125,-0.15224556300951086,0.9693231997282609,0.15731148097826084
71,0.68365478515625,-0.5665283203125,-0.30975341796875,-0.3399658203125,0.6352141007133152,0.6914752462635869,-0.18159020465353262,0.29202668563179346,0.07275390625,-0.348388671875,0.88922119140625,0.28729248046875,0.279052734375,-0.31988525390625,0.81939697265625,0.38507080078125,0.007594896399456524,-0.3230803116508152,0.8524276069972826,0.41086478855298914,-0.1109619140625,-0.1522216796875,0.969482421875,0.15655517578125
72,0.6833575704823369,-0.5669741423233696,-0.309456203294837,-0.3400772758152174,0.6350654933763586,0.6916556980298914,-0.18196172299592392,0.2917453931725543,0.07301396908967392,-0.3482029127038043,0.8891097359035326,0.28781260614809784,0.2794242527173913,-0.31925367272418476,0.81939697265625,0.3852937117866848,0.007950492527173917,-0.32286270805027173,0.8523533033288043,0.41122569208559784,-0.11081330672554347,-0.15218452785326086,0.9694081182065217,0.1571496051290761
73,0.68316650390625,-0.5672607421875,-0.30926513671875,-0.34014892578125,0.6349434230638586,0.6917777683423914,-0.18212890625,0.29159678583559784,0.0733642578125,-0.34771728515625,0.8892822265625,0.28759765625,0.2796630859375,-0.31884765625,0.81939697265625,0.38543701171875,0.008234438688858696,-0.32261060631793476,0.8523506496263586,0.4114432956861413,-0.1104736328125,-0.15216064453125,0.969482421875,0.156982421875
74,0.6831028150475543,-0.5673881199048914,-0.3091589886209239,-0.34019138502038043,0.634964652683424,0.691756538722826,-0.18223505434782608,0.29152248216711957,0.0734704059103261,-0.34767482591711957,0.8892609969429348,0.28774626358695654,0.2797692340353261,-0.31867781929347827,0.8193757430366848,0.3855643894361413,0.00846796450407609,-0.32236646569293476,0.8524143384850543,0.4114432956861413,-0.11040994395380435,-0.15213941491168478,0.9694611922554348,0.1571310292119565
75,0.6829833984375,-0.567626953125,-0.3089599609375,-0.34027099609375,0.6347921620244565,0.6919422978940217,-0.1824075450067935,0.29140306555706524,0.07373046875,-0.3472900390625,0.8892822265625,0.2880859375,0.27996826171875,-0.318359375,0.8193359375,0.38580322265625,0.00874660326086956,-0.32230012313179346,0.852294921875,0.41170866593070654,-0.10992431640625,-0.15216064453125,0.969482421875,0.1573486328125
76,0.6829833984375,-0.567626953125,-0.3089599609375,-0.34027099609375,0.6348876953125,0.69189453125,-0.18231201171875,0.291259765625,0.07373046875,-0.3472900390625,0.8892822265625,0.2880859375,0.27998949133831524,-0.31832753057065216,0.8193306300951086,0.38582445227581524,0.009033203125,-0.32220458984375,0.852294921875,0.41180419921875,-0.10992431640625,-0.15216064453125,0.969482421875,0.1573486328125
77,0.6829833984375,-0.567626953125,-0.3089599609375,-0.34027099609375,0.6348876953125,0.69189453125,-0.18231201171875,0.291259765625,0.073974609375,-0.34710693359375,0.8892822265625,0.2882080078125,0.28021240234375,-0.3179931640625,0.81927490234375,0.38604736328125,0.009033203125,-0.32220458984375,0.852294921875,0.41180419921875,-0.10943603515625,-0.1522216796875,0.96954345703125,0.157470703125
78,0.6830338187839674,-0.567626953125,-0.3089599609375,-0.34017015540081524,0.6349885360054348,0.6918441109035326,-0.1822509765625,0.29121996008831524,0.073974609375,-0.34700609290081524,0.8893326469089674,0.2882080078125,0.28036366338315216,-0.3176906419836957,0.8193253226902174,0.38604736328125,0.009521484375,-0.3220320991847826,0.8523453422214674,0.4118758491847826,-0.10948645550271739,-0.15212083899456522,0.96954345703125,0.15742028277853262
79,0.68304443359375,-0.567626953125,-0.3089599609375,-0.34014892578125,0.635009765625,0.69183349609375,-0.1822509765625,0.29119873046875,0.07421875,-0.34674072265625,0.88946533203125,0.28814697265625,0.2803955078125,-0.317626953125,0.8193359375,0.38604736328125,0.009521484375,-0.322021484375,0.85235595703125,0.411865234375,-0.109130859375,-0.15216064453125,0.9696044921875,0.1573486328125
80,0.6829754373301631,-0.567764945652174,-0.30892546280570654,-0.34004543138586957,0.6350973378057065,0.6918414572010869,-0.1823465098505435,0.2909652046535326,0.07418425186820653,-0.3466027301290761,0.88946533203125,0.2882849651834239,0.28060249660326086,-0.31724747367527173,0.8194049337635869,0.386116359544837,0.0098876953125,-0.3216393512228261,0.8524169921875,0.4120032269021739,-0.10919985563858696,-0.15205715013586957,0.9695699940557065,0.15748662533967392
81,0.68292236328125,-0.56787109375,-0.30889892578125,-0.3399658203125,0.63507080078125,0.69189453125,-0.182373046875,0.29083251953125,0.0745849609375,-0.34619140625,0.8896484375,0.28814697265625,0.28076171875,-0.31695556640625,0.8194580078125,0.38616943359375,0.0098876953125,-0.321533203125,0.8524169921875,0.412109375,-0.1087646484375,-0.15216064453125,0.9696044921875,0.15740966796875
82,0.6829037873641305,-0.5679453974184783,-0.30889892578125,-0.3399100925611413,0.6353759765625,0.6916875424592391,-0.18263576341711957,0.29055653447690216,0.07454780910326086,-0.34611710258152173,0.8896484375,0.2882027004076087,0.28085459833559784,-0.3167512313179348,0.8194951596467391,0.38616943359375,0.010479470957880436,-0.32127579398777173,0.8525390625,0.41193953804347827,-0.10882037618885869,-0.1521049167798913,0.9696044921875,0.1574653957201087
83,0.682861328125,-0.568115234375,-0.30889892578125,-0.33978271484375,0.6353759765625,0.6917512313179348,-0.18273129670516305,0.29034423828125,0.0748291015625,-0.34576416015625,0.88983154296875,0.28802490234375,0.28106689453125,-0.3162841796875,0.819580078125,0.38616943359375,0.010511315387228257,-0.32110595703125,0.8525602921195652,0.41206691576086957,-0.10858154296875,-0.15216064453125,0.96966552734375,0.15740966796875
84,0.6827392578125,-0.56842041015625,-0.3087158203125,-0.339599609375,0.63531494140625,0.69183349609375,-0.18316650390625,0.2900390625,0.07489013671875,-0.345458984375,0.889892578125,0.28826904296875,0.2816162109375,-0.31573486328125,0.81964111328125,0.38616943359375,0.01092529296875,-0.32080078125,0.85260009765625,0.41217041015625,-0.108642578125,-0.15191650390625,0.9696044921875,0.15771484375
85,0.6827392578125,-0.56842041015625,-0.3087158203125,-0.339599609375,0.63531494140625,0.69183349609375,-0.18316650390625,0.2900390625,0.0753173828125,-0.3453369140625,0.88995361328125,0.2880859375,0.2816162109375,-0.31573486328125,0.81964111328125,0.38616943359375,0.01092529296875,-0.32080078125,0.85260009765625,0.41217041015625,-0.10821533203125,-0.15234375,0.9696044921875,0.15765380859375
86,0.6827392578125,-0.5685159434442935,-0.30866805366847827,-0.339408542798913,0.6349964971127717,0.69207763671875,-0.18339737601902173,0.289909031080163,0.0753173828125,-0.345145847486413,0.8900013799252717,0.28813370414402173,0.28190281080163043,-0.3153527301290761,0.8196888799252717,0.38612166694972827,0.01153564453125,-0.320731784986413,0.8527088994565217,0.41209610648777173,-0.10826309867527174,-0.15215268342391305,0.9696044921875,0.15770157523777173
87,0.6827392578125,-0.56854248046875,-0.30865478515625,-0.33935546875,0.635009765625,0.69207763671875,-0.18341064453125,0.28985595703125,0.07562255859375,-0.34490966796875,0.89007568359375,0.28814697265625,0.281982421875,-0.31524658203125,0.8197021484375,0.3861083984375,0.01153564453125,-0.3206787109375,0.85272216796875,0.412109375,-0.10784912109375,-0.152099609375,0.96966552734375,0.1575927734375
88,0.6826755689538043,-0.5686380137567935,-0.30875031844429346,-0.33932362432065216,0.6349779211956522,0.6922633958899457,-0.18365213145380435,0.28939421280570654,0.07552702530570653,-0.34487782353940216,0.8900438391644022,0.28824250594429346,0.28206999405570654,-0.31497059697690216,0.8197339928668478,0.38620393172554346,0.011745287024456525,-0.32034169072690216,0.8527513586956522,0.41220490828804346,-0.1079764988111413,-0.15213145380434784,0.96966552734375,0.15765646229619565
89,0.6826171875,-0.5687255859375,-0.308837890625,-0.33929443359375,0.63494873046875,0.69232177734375,-0.18359375,0.289306640625,0.07568359375,-0.3447265625,0.89013671875,0.28814697265625,0.281982421875,-0.31494140625,0.81976318359375,0.38629150390625,0.01165771484375,-0.3203125,0.85272216796875,0.41229248046875,-0.10791015625,-0.15240478515625,0.9696044921875,0.15777587890625
90,0.68255615234375,-0.56890869140625,-0.30877685546875,-0.33917236328125,0.63525390625,0.69232177734375,-0.18389892578125,0.28857421875,0.07568359375,-0.34454345703125,0.89013671875,0.28826904296875,0.28240966796875,-0.3145751953125,0.8197021484375,0.3863525390625,0.01202392578125,-0.32025146484375,0.85272216796875,0.41241455078125,-0.10797119140625,-0.1522216796875,0.9696044921875,0.157958984375
91,0.68255615234375,-0.56890869140625,-0.30877685546875,-0.33917236328125,0.63525390625,0.69232177734375,-0.18389892578125,0.28857421875,0.07598876953125,-0.34423828125,0.89031982421875,0.28802490234375,0.28240966796875,-0.3145751953125,0.8197021484375,0.3863525390625,0.01202392578125,-0.32025146484375,0.85272216796875,0.41241455078125,-0.10772705078125,-0.15240478515625,0.9696044921875,0.15789794921875
92,0.682373046875,-0.569091796875,-0.30865478515625,-0.33929443359375,0.63543701171875,0.69232177734375,-0.184326171875,0.28778076171875,0.07611083984375,-0.34423828125,0.89019775390625,0.288330078125,0.28271484375,-0.31427001953125,0.8197021484375,0.38641357421875,0.012451171875,-0.32025146484375,0.8526611328125,0.4124755859375,-0.107666015625,-0.1524658203125,0.96954345703125,0.158203125
93,0.682373046875,-0.569091796875,-0.30865478515625,-0.33929443359375,0.63543701171875,0.69232177734375,-0.184326171875,0.28778076171875,0.07623291015625,-0.343994140625,0.89044189453125,0.28790283203125,0.28271484375,-0.31427001953125,0.8197021484375,0.38641357421875,0.012451171875,-0.32025146484375,0.8526611328125,0.4124755859375,-0.1077880859375,-0.15252685546875,0.9696044921875,0.15789794921875
94,0.6822828209918478,-0.5693173615828805,-0.3083389945652174,-0.33942977241847827,0.6357156504755435,0.6921360181725543,-0.18470299762228262,0.2873694378396739,0.07654870074728261,-0.34390391474184784,0.8903516686480978,0.28817350968070654,0.2830757472826087,-0.31417979364809784,0.8196119225543478,0.3863684612771739,0.012827997622282613,-0.32025146484375,0.8526478643002717,0.41245701002038043,-0.10756252122961957,-0.15248174252717392,0.969559379245924,0.15821373980978262
95,0.6822509765625,-0.56939697265625,-0.3082275390625,-0.3394775390625,0.6356201171875,0.69219970703125,-0.184814453125,0.287353515625,0.07659912109375,-0.343994140625,0.890380859375,0.2879638671875,0.283203125,-0.31414794921875,0.819580078125,0.3863525390625,0.012939453125,-0.32025146484375,0.85260009765625,0.41253662109375,-0.10748291015625,-0.1527099609375,0.96954345703125,0.15826416015625
96,0.6822217858355978,-0.5694553541100543,-0.3081107761548913,-0.3395359205163043,0.6357766856317935,0.6921068274456522,-0.1848701808763587,0.28717041015625,0.07671588400135869,-0.34396494989809784,0.8903516686480978,0.2880222486413043,0.2835029933763587,-0.31405772333559784,0.8195827318274457,0.3862278150475543,0.013239321501358696,-0.3203125,0.8526637865149457,0.4124118970788043,-0.10736614724864131,-0.1527099609375,0.96954345703125,0.1583517323369565
97,0.68218994140625,-0.56951904296875,-0.3079833984375,-0.339599609375,0.63568115234375,0.692138671875,-0.18499755859375,0.28717041015625,0.0770263671875,-0.34356689453125,0.8905029296875,0.2879638671875,0.28363037109375,-0.31402587890625,0.81951904296875,0.38629150390625,0.01336669921875,-0.3203125,0.85260009765625,0.4124755859375,-0.10699462890625,-0.152587890625,0.9696044921875,0.158203125
98,0.68182373046875,-0.56982421875,-0.30804443359375,-0.33966064453125,0.63555908203125,0.69256591796875,-0.185302734375,0.286376953125,0.07698390794836957,-0.34342094089673914,0.8904339334239131,0.28842561141304346,0.28363037109375,-0.313232421875,0.819580078125,0.3868408203125,0.0135498046875,-0.31982421875,0.85260009765625,0.41290283203125,-0.107177734375,-0.15264892578125,0.96954345703125,0.1585693359375
99,0.68182373046875,-0.56982421875,-0.30804443359375,-0.33966064453125,0.63555908203125,0.69256591796875,-0.185302734375,0.286376953125,0.0772705078125,-0.3428955078125,0.890625,0.288330078125,0.28363037109375,-0.313232421875,0.819580078125,0.3868408203125,0.0135498046875,-0.31982421875,0.85260009765625,0.41290283203125,-0.106689453125,-0.15240478515625,0.96966552734375,0.15826416015625
100,0.681473441745924,-0.570174507472826,-0.308219577955163,-0.33966064453125,0.6355670431385869,0.692855171535326,-0.18567956012228262,0.2854110054347826,0.07703698199728261,-0.3428371263586957,0.8905082370923914,0.28879712975543476,0.283805515455163,-0.31247346297554346,0.819580078125,0.38724949048913043,0.013865595278532608,-0.3192775560461957,0.8526690939198369,0.41324781334918476,-0.10698136039402174,-0.1525215480638587,0.9695487644361414,0.15867283033288043
101,0.68145751953125,-0.5701904296875,-0.3082275390625,-0.33966064453125,0.63555908203125,0.69287109375,-0.1856689453125,0.285400390625,0.07763671875,-0.34210205078125,0.89080810546875,0.28857421875,0.2838134765625,-0.31243896484375,0.819580078125,0.38726806640625,0.01385498046875,-0.31927490234375,0.8526611328125,0.41326904296875,-0.10626220703125,-0.1522216796875,0.9697265625,0.1583251953125
102,0.6811603048573369,-0.5704451851222826,-0.30839737601902173,-0.33961818529211957,0.6356148097826086,0.6931258491847826,-0.18635360054347827,0.28415049677309784,0.07742442255434782,-0.34205959154211957,0.8907231869904891,0.2889563519021739,0.28390635614809784,-0.3114570949388587,0.8197207243546195,0.38766877547554346,0.014271611752717392,-0.31862209154211957,0.8527168605638586,0.41360871688179346,-0.10655942170516304,-0.15230659816576086,0.9696416440217391,0.15862240998641305
103,0.6810302734375,-0.570556640625,-0.3084716796875,-0.339599609375,0.63555908203125,0.6932373046875,-0.186279296875,0.2840576171875,0.07781982421875,-0.34136962890625,0.89105224609375,0.28875732421875,0.2838134765625,-0.3114013671875,0.8197021484375,0.3878173828125,0.01416015625,-0.318603515625,0.8526611328125,0.41375732421875,-0.10626220703125,-0.1522216796875,0.9697265625,0.15850830078125
104,0.6809506623641305,-0.570662788722826,-0.308524753736413,-0.33957307235054346,0.6360818614130435,0.6930727751358695,-0.18689760954483695,0.2829138714334239,0.07776675016983696,-0.34134309188179346,0.8910257090692935,0.2888900093410326,0.284248683763587,-0.311104152513587,0.8197021484375,0.3878014605978261,0.01465639860733696,-0.318489406419837,0.8526956309442935,0.4136803668478261,-0.10634181810461957,-0.1522216796875,0.9697000254755435,0.15861444887907608
105,0.68084716796875,-0.57080078125,-0.30859375,-0.33953857421875,0.63604736328125,0.69317626953125,-0.18682861328125,0.28277587890625,0.07818603515625,-0.3409423828125,0.89117431640625,0.2886962890625,0.2841796875,-0.31103515625,0.8197021484375,0.387939453125,0.01458740234375,-0.31842041015625,0.8526611328125,0.413818359375,-0.10601806640625,-0.15240478515625,0.96966552734375,0.15863037109375
106,0.6806640625,-0.57098388671875,-0.3087158203125,-0.33953857421875,0.63641357421875,0.6932373046875,-0.18731689453125,0.281494140625,0.07813826851222826,-0.34086807914402173,0.8911451256793478,0.28889797044836957,0.28448486328125,-0.31060791015625,0.81964111328125,0.38812255859375,0.0150146484375,-0.31829833984375,0.85260009765625,0.41400146484375,-0.106201171875,-0.1524658203125,0.9696044921875,0.15887451171875
107,0.6806640625,-0.57098388671875,-0.3087158203125,-0.33953857421875,0.63641357421875,0.6932373046875,-0.18731689453125,0.281494140625,0.0784912109375,-0.34051513671875,0.89129638671875,0.2886962890625,0.28448486328125,-0.31060791015625,0.81964111328125,0.38812255859375,0.0150146484375,-0.31829833984375,0.85260009765625,0.41400146484375,-0.10589599609375,-0.1524658203125,0.96966552734375,0.15863037109375
108,0.680496879245924,-0.5712067977241848,-0.3086600925611413,-0.3394828464673913,0.6365462593410326,0.693221382472826,-0.1878609035326087,0.2807166058084239,0.0784912109375,-0.3404036812160326,0.89129638671875,0.28891920006793476,0.2847900390625,-0.31001878821331524,0.8197021484375,0.38828443444293476,0.01544189453125,-0.3180037788722826,0.8526107124660326,0.41416334069293476,-0.10595172384510869,-0.15235436480978262,0.96966552734375,0.1589090098505435
109,0.68048095703125,-0.57122802734375,-0.30865478515625,-0.3394775390625,0.63653564453125,0.6932373046875,-0.1878662109375,0.28070068359375,0.078857421875,-0.3399658203125,0.8914794921875,0.2886962890625,0.2847900390625,-0.30999755859375,0.8197021484375,0.3883056640625,0.01544189453125,-0.3179931640625,0.85260009765625,0.4141845703125,-0.10567043138586958,-0.1524392832880435,0.96966552734375,0.15888778023097827
110,0.6803615404211957,-0.5713872494904891,-0.30869459069293476,-0.33943773352581524,0.6362729279891305,0.6935796323029891,-0.18813158118206522,0.2803371263586957,0.07881761633831522,-0.33992601477581524,0.8914396866508152,0.2888953167459239,0.28507663892663043,-0.3095729662024457,0.8197021484375,0.38846488620923914,0.01589037024456522,-0.31779148267663043,0.8526213272758152,0.41434379245923914,-0.10567043138586957,-0.1524658203125,0.9696257218070652,0.15903373386548914
111,0.6802978515625,-0.57147216796875,-0.3087158203125,-0.33941650390625,0.63623046875,0.69366455078125,-0.1881103515625,0.2802734375,0.07916259765625,-0.339599609375,0.89154052734375,0.2889404296875,0.2850341796875,-0.30950927734375,0.8197021484375,0.3885498046875,0.015869140625,-0.3177490234375,0.85260009765625,0.4144287109375,-0.10548997961956523,-0.15252950917119565,0.9696363366168478,0.1590231190557065
112,0.6802500849184783,-0.5715438179347826,-0.3087158203125,-0.3393448539402174,0.6361455502717391,0.6937123174252717,-0.1883544921875,0.28017790421195654,0.07911483101222826,-0.33950407608695654,0.89154052734375,0.2890120796535326,0.28531547214673914,-0.30910856827445654,0.81976318359375,0.38847550101902173,0.016211468240489132,-0.3174942680027174,0.85272216796875,0.4143172554347826,-0.10535729449728261,-0.1525162406589674,0.96966552734375,0.1590071968410326
113,0.68017578125,-0.5716552734375,-0.3087158203125,-0.3392333984375,0.6361083984375,0.69378662109375,-0.1883544921875,0.280029296875,0.079345703125,-0.33917236328125,0.8917236328125,0.28875732421875,0.2852783203125,-0.3089599609375,0.81976318359375,0.3885498046875,0.01617431640625,-0.3173828125,0.85272216796875,0.4144287109375,-0.10542098335597826,-0.15243662958559784,0.969681449558424,0.15897535241168478
114,0.679931640625,-0.57220458984375,-0.3082275390625,-0.33929443359375,0.63592529296875,0.69390869140625,-0.18890380859375,0.27984619140625,0.07978887143342392,-0.338859226392663,0.8916254458220109,0.2892509128736413,0.28582763671875,-0.308349609375,0.81976318359375,0.388671875,0.016845703125,-0.3170166015625,0.852783203125,0.41461181640625,-0.10504150390625,-0.15234375,0.9697265625,0.1593017578125
115,0.679931640625,-0.57220458984375,-0.3082275390625,-0.33929443359375,0.63592529296875,0.69390869140625,-0.18890380859375,0.27984619140625,0.07989501953125,-0.33880615234375,0.89178466796875,0.28887939453125,0.28582763671875,-0.308349609375,0.81976318359375,0.388671875,0.016845703125,-0.3170166015625,0.852783203125,0.41461181640625,-0.10485839843750001,-0.15252685546875,0.96978759765625,0.15881347656250003
116,0.6797193444293478,-0.5726291822350543,-0.30796216881793476,-0.339241359544837,0.635819144870924,0.694014839504076,-0.18916917883831522,0.27968696925951086,0.08005424167798914,-0.33848770805027173,0.8917315939198369,0.2893039869225543,0.28634510869565216,-0.3076729152513587,0.819840140964674,0.3887382175611413,0.017363175101902176,-0.31656812584918476,0.852921195652174,0.4146091627038043,-0.10480532438858696,-0.15231455927309784,0.9697345236073369,0.1592911430027174
117,0.6796875,-0.57269287109375,-0.30792236328125,-0.3392333984375,0.63580322265625,0.69403076171875,-0.189208984375,0.2796630859375,0.0804443359375,-0.33807373046875,0.8919677734375,0.28900146484375,0.286376953125,-0.3076171875,0.81982421875,0.3887939453125,0.01739501953125,-0.3165283203125,0.8529052734375,0.4146728515625,-0.10448157269021739,-0.15228271484375,0.9698167883831522,0.1590921153192935
118,0.6795017408288043,-0.572952933933424,-0.30792236328125,-0.3392333984375,0.6357156504755435,0.6941316024116848,-0.18951416015625,0.27933137313179346,0.08040718410326086,-0.33799942680027173,0.8918934697690217,0.289298679517663,0.28658394191576086,-0.30698029891304346,0.8198719853940217,0.388969089673913,0.017785113790760868,-0.31614884086277173,0.8529158882472826,0.414909031080163,-0.10448157269021739,-0.15224556300951086,0.9697743291440217,0.15929379670516305
119,0.67938232421875,-0.5731201171875,-0.30792236328125,-0.3392333984375,0.6356201171875,0.69427490234375,-0.18951416015625,0.27923583984375,0.080810546875,-0.3375244140625,0.8919677734375,0.28948974609375,0.28656005859375,-0.306884765625,0.81982421875,0.38916015625,0.01776123046875,-0.31610107421875,0.85284423828125,0.41510009765625,-0.10429050611413042,-0.1521049167798913,0.9697849439538043,0.15942648182744565
120,0.67913818359375,-0.5732421875,-0.30828857421875,-0.33917236328125,0.63580322265625,0.6943359375,-0.189697265625,0.27862548828125,0.08053190811820653,-0.337394382642663,0.8919704271399457,0.28969408118206524,0.286376953125,-0.3062744140625,0.81988525390625,0.38958740234375,0.01788330078125,-0.315673828125,0.85284423828125,0.41546630859375,-0.10443115234375,-0.15216064453125,0.9697265625,0.15948486328125
121,0.67913818359375,-0.5732421875,-0.30828857421875,-0.33917236328125,0.63580322265625,0.6943359375,-0.189697265625,0.27862548828125,0.080810546875,-0.3370361328125,0.89208984375,0.28973388671875,0.286376953125,-0.3062744140625,0.81988525390625,0.38958740234375,0.01788330078125,-0.315673828125,0.85284423828125,0.41546630859375,-0.10431173573369565,-0.15212083899456522,0.9697530995244565,0.15947159476902173
122,0.67889404296875,-0.57342529296875,-0.30859375,-0.3389892578125,0.63604736328125,0.6943359375,-0.18975830078125,0.2779541015625,0.08042045261548914,-0.33693263841711957,0.892105765964674,0.2899674125339674,0.28631591796875,-0.3056640625,0.82000732421875,0.38995361328125,0.01800537109375,-0.31512451171875,0.8529052734375,0.41571044921875,-0.10430908203125,-0.1519775390625,0.96978759765625,0.15960693359375
123,0.67889404296875,-0.57342529296875,-0.30859375,-0.3389892578125,0.63604736328125,0.6943359375,-0.18975830078125,0.2779541015625,0.080810546875,-0.33648681640625,0.89227294921875,0.28985595703125,0.28631591796875,-0.3056640625,0.82000732421875,0.38995361328125,0.01800537109375,-0.31512451171875,0.8529052734375,0.41571044921875,-0.10390041185461957,-0.1518607761548913,0.9699043605638586,0.15931502632472827
124,0.6786419412364131,-0.5736773947010869,-0.30869459069293476,-0.3389388374660326,0.6360792077105978,0.6944049337635869,-0.18991221552309784,0.27756931470788043,0.08065928583559782,-0.3364363960597826,0.8921721085258152,0.29020889945652173,0.28634776239809784,-0.30508555536684784,0.8200789741847826,0.3901951002038043,0.018159285835597824,-0.31471849524456524,0.8529875382133152,0.4158298658288043,-0.10408351732336957,-0.15190588909646738,0.9698088272758152,0.15960427989130435
125,0.6785888671875,-0.57373046875,-0.3087158203125,-0.33892822265625,0.63604736328125,0.6944580078125,-0.18988037109375,0.27752685546875,0.080810546875,-0.33612060546875,0.892333984375,0.28997802734375,0.28631591796875,-0.3050537109375,0.820068359375,0.3902587890625,0.01812744140625,-0.314697265625,0.85296630859375,0.4158935546875,-0.10399859884510869,-0.15191650390625,0.9698725161345109,0.15937075407608695
126,0.67828369140625,-0.57415771484375,-0.30865478515625,-0.3388671875,0.6361083984375,0.6944580078125,-0.19012451171875,0.2772216796875,0.08094853940217392,-0.3357650093410326,0.892410941745924,0.29012132727581524,0.28656005859375,-0.30438232421875,0.8201904296875,0.390380859375,0.0184326171875,-0.3143310546875,0.85302734375,0.416015625,-0.10406494140625,-0.15185546875,0.96978759765625,0.15972900390625
127,0.67828369140625,-0.57415771484375,-0.30865478515625,-0.3388671875,0.6361083984375,0.6944580078125,-0.19012451171875,0.2772216796875,0.0810546875,-0.33563232421875,0.89251708984375,0.28985595703125,0.28656005859375,-0.30438232421875,0.8201904296875,0.390380859375,0.0184326171875,-0.3143310546875,0.85302734375,0.416015625,-0.10395879330842392,-0.1518820057744565,0.9698406717051631,0.15943709663722827
128,0.6778564453125,-0.57476806640625,-0.3084716796875,-0.33892822265625,0.63629150390625,0.69439697265625,-0.1905517578125,0.2767333984375,0.08125106148097826,-0.33530061141304346,0.8924878991168478,0.29042119565217395,0.28692626953125,-0.3035888671875,0.8203125,0.39056396484375,0.018798828125,-0.313720703125,0.8531494140625,0.41619873046875,-0.1038818359375,-0.15185546875,0.96978759765625,0.15985107421875
129,0.6778564453125,-0.57476806640625,-0.3084716796875,-0.33892822265625,0.63629150390625,0.69439697265625,-0.1905517578125,0.2767333984375,0.0814208984375,-0.3349609375,0.8927001953125,0.2900390625,0.28692626953125,-0.3035888671875,0.8203125,0.39056396484375,0.018798828125,-0.313720703125,0.8531494140625,0.41619873046875,-0.10383937669836957,-0.15182362432065216,0.9698194420855978,0.1597343113111413
130,0.6773681640625,-0.5753173828125,-0.30841064453125,-0.3389892578125,0.63629150390625,0.6944580078125,-0.19085693359375,0.2762451171875,0.08142620584239131,-0.33481498386548914,0.8925303583559783,0.29069718070652173,0.28704833984375,-0.30267333984375,0.8204345703125,0.39093017578125,0.01904296875,-0.3131103515625,0.85321044921875,0.41656494140625,-0.103759765625,-0.15167236328125,0.9698486328125,0.159912109375
131,0.6773681640625,-0.5753173828125,-0.30841064453125,-0.3389892578125,0.63629150390625,0.6944580078125,-0.19085693359375,0.2762451171875,0.08154296875,-0.33428955078125,0.892822265625,0.2904052734375,0.28704833984375,-0.30267333984375,0.8204345703125,0.39093017578125,0.01904296875,-0.3131103515625,0.85321044921875,0.41656494140625,-0.10348112686820653,-0.1513937245244565,0.9699600883152174,0.15952201511548914
132,0.677001953125,-0.57562255859375,-0.30865478515625,-0.33905029296875,0.6365966796875,0.69439697265625,-0.1910400390625,0.275634765625,0.081298828125,-0.3343505859375,0.8927001953125,0.29083251953125,0.28680419921875,-0.302001953125,0.820556640625,0.391357421875,0.01898193359375,-0.3126220703125,0.85321044921875,0.41693115234375,-0.103759765625,-0.15155029296875,0.9698486328125,0.15985107421875
133,0.677001953125,-0.57562255859375,-0.30865478515625,-0.33905029296875,0.6365966796875,0.69439697265625,-0.1910400390625,0.275634765625,0.08148193359375,-0.3338623046875,0.8929443359375,0.2906494140625,0.28680419921875,-0.302001953125,0.820556640625,0.391357421875,0.01898193359375,-0.3126220703125,0.85321044921875,0.41693115234375,-0.10364034901494566,-0.15143087635869565,0.9698884383491848,0.15981126868206522
134,0.67681884765625,-0.57574462890625,-0.30877685546875,-0.339111328125,0.63671875,0.69439697265625,-0.1910400390625,0.275390625,0.08139170771059782,-0.3337959621263587,0.8928859544836957,0.29083251953125,0.2867431640625,-0.30169677734375,0.82061767578125,0.3914794921875,0.01898193359375,-0.31243896484375,0.85321044921875,0.4171142578125,-0.10369873046875,-0.1514892578125,0.9698486328125,0.15997314453125
135,0.67681884765625,-0.57574462890625,-0.30877685546875,-0.339111328125,0.63671875,0.69439697265625,-0.1910400390625,0.275390625,0.0814208984375,-0.33367919921875,0.8929443359375,0.29083251953125,0.28676704738451086,-0.30160124405570654,0.82061767578125,0.39152725883152173,0.01898193359375,-0.31243896484375,0.85321044921875,0.4171142578125,-0.10367484714673914,-0.15151314113451086,0.9698486328125,0.15992537788722827
136,0.6767578125,-0.5758056640625,-0.3087158203125,-0.3392333984375,0.63671875,0.6944580078125,-0.19085693359375,0.27532958984375,0.08154296875,-0.3336765455163043,0.892899222995924,0.2909705120584239,0.286865234375,-0.301513671875,0.82049560546875,0.3917236328125,0.01910400390625,-0.31243896484375,0.8531494140625,0.417236328125,-0.103515625,-0.151611328125,0.9698486328125,0.15997314453125
137,0.6767578125,-0.5758056640625,-0.3087158203125,-0.3392333984375,0.63671875,0.6944580078125,-0.19085693359375,0.27532958984375,0.08154296875,-0.33349609375,0.8929443359375,0.291015625,0.286865234375,-0.301513671875,0.82049560546875,0.3917236328125,0.01910400390625,-0.31243896484375,0.8531494140625,0.417236328125,-0.103515625,-0.15161928923233695,0.9698486328125,0.15996518342391305
138,0.67669677734375,-0.57586669921875,-0.30859375,-0.33935546875,0.6365966796875,0.6944580078125,-0.19073486328125,0.27557373046875,0.08172607421875,-0.33355712890625,0.89288330078125,0.29107666015625,0.28704833984375,-0.301513671875,0.8204345703125,0.39178466796875,0.01934814453125,-0.31243896484375,0.85308837890625,0.4173583984375,-0.1033935546875,-0.1517333984375,0.9698486328125,0.1600341796875
139,0.67669677734375,-0.57586669921875,-0.30859375,-0.33935546875,0.6365966796875,0.6944580078125,-0.19073486328125,0.27557373046875,0.0816650390625,-0.3333740234375,0.8929443359375,0.29107666015625,0.28704833984375,-0.301513671875,0.8204345703125,0.39178466796875,0.01934814453125,-0.31243896484375,0.85308837890625,0.4173583984375,-0.1033935546875,-0.1517333984375,0.9698486328125,0.1600341796875
140,0.67645263671875,-0.5760498046875,-0.30865478515625,-0.33941650390625,0.6363525390625,0.69476318359375,-0.19073486328125,0.27545166015625,0.08160400390625,-0.3333740234375,0.89288330078125,0.2913818359375,0.28692626953125,-0.3011474609375,0.8204345703125,0.39215087890625,0.01947021484375,-0.31207275390625,0.85302734375,0.417724609375,-0.10333251953125,-0.1517333984375,0.96978759765625,0.1602783203125
141,0.67645263671875,-0.5760498046875,-0.30865478515625,-0.33941650390625,0.6363525390625,0.69476318359375,-0.19073486328125,0.27545166015625,0.08184814453125,-0.33294677734375,0.8929443359375,0.29150390625,0.2870377250339674,-0.30088739809782605,0.8204345703125,0.39229948624320654,0.01947021484375,-0.31207275390625,0.85302734375,0.417724609375,-0.10307245669157608,-0.1516219429347826,0.9698247494904891,0.16031547214673914
142,0.67626953125,-0.5760498046875,-0.3089599609375,-0.3394775390625,0.63604736328125,0.6951904296875,-0.1905517578125,0.2752685546875,0.0816597316576087,-0.33292554772418476,0.8929416822350543,0.2916843580163043,0.28680419921875,-0.30084228515625,0.82037353515625,0.39251708984375,0.01947021484375,-0.31195068359375,0.8529052734375,0.41802978515625,-0.1031494140625,-0.15179443359375,0.96978759765625,0.16033935546875
143,0.67626953125,-0.5760498046875,-0.3089599609375,-0.3394775390625,0.63604736328125,0.6951904296875,-0.1905517578125,0.2752685546875,0.081787109375,-0.33270263671875,0.89300537109375,0.291748046875,0.28684665845788043,-0.3007149074388587,0.82037353515625,0.3925807787024457,0.01947021484375,-0.31195068359375,0.8529052734375,0.41802978515625,-0.10302203634510869,-0.15175197435461957,0.9698088272758152,0.16033935546875
144,0.67608642578125,-0.57611083984375,-0.30926513671875,-0.33941650390625,0.635986328125,0.6953125,-0.19049072265625,0.27496337890625,0.08150847061820653,-0.33267079228940216,0.8929708729619565,0.2918701171875,0.28662109375,-0.30047607421875,0.8204345703125,0.39288330078125,0.0194091796875,-0.3116455078125,0.85296630859375,0.418212890625,-0.10308837890625,-0.15179443359375,0.96978759765625,0.160400390625
145,0.67608642578125,-0.57611083984375,-0.30926513671875,-0.33941650390625,0.635986328125,0.6953125,-0.19049072265625,0.27496337890625,0.08160400390625,-0.33233642578125,0.89306640625,0.2918701171875,0.2866157863451087,-0.30044953719429346,0.8204451851222826,0.3928886081861413,0.0194091796875,-0.3116455078125,0.85296630859375,0.418212890625,-0.10307245669157608,-0.15177851137907608,0.9697982124660326,0.16038446841032608
146,0.6759033203125,-0.57623291015625,-0.30938720703125,-0.33953857421875,0.6358642578125,0.69549560546875,-0.19036865234375,0.2750217603600543,0.08154296875,-0.33245849609375,0.89300537109375,0.2921142578125,0.28643798828125,-0.30023193359375,0.8204345703125,0.3931884765625,0.01934814453125,-0.31134033203125,0.85296630859375,0.41839599609375,-0.10302734375,-0.15179443359375,0.96978759765625,0.160400390625
147,0.6759033203125,-0.57623291015625,-0.30938720703125,-0.33953857421875,0.6358642578125,0.69549560546875,-0.19036865234375,0.2750244140625,0.08154296875,-0.33209228515625,0.89312744140625,0.2919921875,0.2863875679347826,-0.29987899116847827,0.8205354110054348,0.3931884765625,0.01934814453125,-0.31134033203125,0.85296630859375,0.41839599609375,-0.10287608271059782,-0.15149191151494565,0.9698884383491848,0.16014828889266305
148,0.67559814453125,-0.57647705078125,-0.3094482421875,-0.33966064453125,0.6356201171875,0.69573974609375,-0.19036865234375,0.27496337890625,0.08154296875,-0.3321533203125,0.89300537109375,0.2923583984375,0.28631591796875,-0.2998046875,0.8204345703125,0.3935546875,0.0194091796875,-0.31103515625,0.8529052734375,0.418701171875,-0.10296630859375,-0.151611328125,0.9698486328125,0.160400390625
149,0.67559814453125,-0.57647705078125,-0.3094482421875,-0.33966064453125,0.6356201171875,0.69573974609375,-0.19036865234375,0.27496337890625,0.08160400390625,-0.331787109375,0.89312744140625,0.2923583984375,0.28631591796875,-0.29959769870923914,0.8205380647078805,0.3935546875,0.0194091796875,-0.31103515625,0.8529052734375,0.418701171875,-0.10286281419836957,-0.15154233186141305,0.9698831309442935,0.16033139436141305
150,0.6754150390625,-0.57659912109375,-0.30950927734375,-0.3397216796875,0.635498046875,0.69586181640625,-0.19024658203125,0.27496337890625,0.08156950577445653,-0.3317419964334239,0.8930929432744565,0.292549465013587,0.2862548828125,-0.2994384765625,0.82049560546875,0.393798828125,0.01934814453125,-0.31085205078125,0.8529052734375,0.4188232421875,-0.1029052734375,-0.151611328125,0.9698486328125,0.16046142578125
151,0.6754150390625,-0.57659912109375,-0.30950927734375,-0.3397216796875,0.635498046875,0.69586181640625,-0.19024658203125,0.27496337890625,0.08160400390625,-0.33160400390625,0.89312744140625,0.29248046875,0.28619384765625,-0.29931640625,0.820556640625,0.393798828125,0.01934814453125,-0.31085205078125,0.8529052734375,0.4188232421875,-0.1029052734375,-0.15157417629076086,0.9698672087296195,0.16042427394701086
152,0.67529296875,-0.57672119140625,-0.30950927734375,-0.33984375,0.6353759765625,0.69598388671875,-0.19024658203125,0.27490234375,0.08160400390625,-0.33163319463315216,0.8930770210597826,0.2926741890285326,0.28619384765625,-0.29931640625,0.82049560546875,0.39398193359375,0.01934814453125,-0.310791015625,0.852783203125,0.41912841796875,-0.1029052734375,-0.151611328125,0.9698486328125,0.1605224609375
153,0.67529296875,-0.57672119140625,-0.30950927734375,-0.33984375,0.6353759765625,0.69598388671875,-0.19024658203125,0.27490234375,0.08160400390625,-0.33148193359375,0.89312744140625,0.292724609375,0.2861328125,-0.29913330078125,0.82049560546875,0.3941650390625,0.01934814453125,-0.310791015625,0.852783203125,0.41912841796875,-0.1028999660326087,-0.15160336701766305,0.9698486328125,0.16052511463994565
154,0.6751708984375,-0.57666015625,-0.30963134765625,-0.3399658203125,0.63531494140625,0.6961563773777174,-0.1901192043138587,0.27480150305706524,0.08154296875,-0.3316650390625,0.89306640625,0.29278564453125,0.2860107421875,-0.29931640625,0.8204345703125,0.39422607421875,0.019287109375,-0.310791015625,0.85272216796875,0.4193115234375,-0.10284423828125,-0.15167236328125,0.9698486328125,0.16058349609375
155,0.6751708984375,-0.57666015625,-0.30963134765625,-0.3399658203125,0.63531494140625,0.6961669921875,-0.19012451171875,0.2747802734375,0.08154296875,-0.3314208984375,0.89306640625,0.29296875,0.28594970703125,-0.2991943359375,0.8204345703125,0.39434814453125,0.019287109375,-0.310791015625,0.85272216796875,0.4193115234375,-0.10274870499320653,-0.15162459663722827,0.9698486328125,0.16058349609375
156,0.67510986328125,-0.57666015625,-0.3096923828125,-0.34002685546875,0.63531494140625,0.6961669921875,-0.18998386548913043,0.27482007897418476,0.08150316321331522,-0.3313625169836957,0.8931062117866848,0.29298997961956524,0.28594970703125,-0.29925537109375,0.82037353515625,0.3944091796875,0.01922607421875,-0.3106689453125,0.85272216796875,0.41937255859375,-0.10272216796875,-0.15167236328125,0.9698486328125,0.16058349609375
157,0.67510986328125,-0.57666015625,-0.3096923828125,-0.34002685546875,0.63531494140625,0.6961669921875,-0.18994140625,0.27484130859375,0.08148193359375,-0.331298828125,0.89312744140625,0.29296875,0.28582763671875,-0.299072265625,0.8204345703125,0.39447021484375,0.01922607421875,-0.3106689453125,0.85272216796875,0.41937255859375,-0.10275401239809782,-0.1515768299932065,0.9698486328125,0.16055165166440216
158,0.67498779296875,-0.5767822265625,-0.30963134765625,-0.34014892578125,0.63519287109375,0.69622802734375,-0.18988037109375,0.27490234375,0.08158012058423914,-0.3311794115149457,0.8930902895720109,0.2932235054347826,0.28594970703125,-0.299072265625,0.82037353515625,0.39459228515625,0.019287109375,-0.310546875,0.8526611328125,0.41961669921875,-0.10272216796875,-0.15155029296875,0.9698486328125,0.16070556640625
159,0.67498779296875,-0.5767822265625,-0.30963134765625,-0.34014892578125,0.63519287109375,0.69622802734375,-0.18988037109375,0.27490234375,0.08154296875,-0.33099365234375,0.89312744140625,0.2933349609375,0.28582763671875,-0.299072265625,0.8203125,0.394775390625,0.019287109375,-0.310546875,0.8526611328125,0.41961669921875,-0.10272216796875,-0.15156621518342392,0.969832710597826,0.16073741083559784
160,0.675048828125,-0.57672119140625,-0.30950927734375,-0.34027099609375,0.635009765625,0.69635009765625,-0.18975830078125,0.2752685546875,0.08173403532608696,-0.331046726392663,0.89306640625,0.2932898479959239,0.2860107421875,-0.29913330078125,0.82025146484375,0.39471435546875,0.01934814453125,-0.3106689453125,0.8525390625,0.419677734375,-0.1025390625,-0.15167236328125,0.9698486328125,0.1607666015625
161,0.675048828125,-0.57672119140625,-0.30950927734375,-0.34027099609375,0.635009765625,0.69635009765625,-0.18975830078125,0.2752685546875,0.081787109375,-0.33099365234375,0.89306640625,0.29339599609375,0.2860107421875,-0.29925537109375,0.8201904296875,0.394775390625,0.01934814453125,-0.3106689453125,0.8525390625,0.419677734375,-0.1025390625,-0.15167236328125,0.9698486328125,0.1607666015625
162,0.67510986328125,-0.57666015625,-0.30950927734375,-0.34027099609375,0.634964652683424,0.696395210597826,-0.18970522673233695,0.2752685546875,0.081787109375,-0.33078135614809784,0.8931194802989131,0.29349418308423914,0.2860107421875,-0.29925537109375,0.8201904296875,0.39471435546875,0.0194091796875,-0.3106689453125,0.8525390625,0.41973876953125,-0.10247802734375,-0.1517333984375,0.96978759765625,0.16082763671875
163,0.67510986328125,-0.57666015625,-0.30950927734375,-0.34027099609375,0.63494873046875,0.6964111328125,-0.189697265625,0.2752685546875,0.081787109375,-0.33074951171875,0.89312744140625,0.29351806640625,0.2860107421875,-0.29931640625,0.82012939453125,0.394775390625,0.0194091796875,-0.3106689453125,0.8525390625,0.41973876953125,-0.10247802734375,-0.15182362432065216,0.96978759765625,0.16087274966032608
164,0.67523193359375,-0.57659912109375,-0.30938720703125,-0.3402099609375,0.6350840692934783,0.6962147588315217,-0.18970788043478262,0.27541716202445654,0.08188529636548914,-0.33083708389945654,0.8931513247282609,0.2932845405910326,0.2861328125,-0.29925537109375,0.8201904296875,0.39459228515625,0.01953125,-0.310791015625,0.85260009765625,0.4195556640625,-0.10235595703125,-0.1517333984375,0.9698486328125,0.1607666015625
165,0.67523193359375,-0.57659912109375,-0.30938720703125,-0.3402099609375,0.6351318359375,0.6961669921875,-0.18963623046875,0.2755126953125,0.0819091796875,-0.3309326171875,0.89312744140625,0.293212890625,0.28631591796875,-0.29949951171875,0.8201904296875,0.3944091796875,0.01953125,-0.310791015625,0.85260009765625,0.4195556640625,-0.10238514775815218,-0.15187935207201086,0.9698194420855978,0.16073741083559784
166,0.67535400390625,-0.57666015625,-0.30914306640625,-0.34002685546875,0.6353759765625,0.69586181640625,-0.1898193359375,0.275634765625,0.08211351477581522,-0.33073093580163043,0.89324951171875,0.2930881666100543,0.2864990234375,-0.29925537109375,0.82025146484375,0.394287109375,0.01983642578125,-0.310791015625,0.85272216796875,0.4193115234375,-0.102294921875,-0.1517333984375,0.9698486328125,0.16070556640625
167,0.67535400390625,-0.57666015625,-0.30914306640625,-0.34002685546875,0.6353759765625,0.69586181640625,-0.1898193359375,0.275634765625,0.0821533203125,-0.330810546875,0.89324951171875,0.29296875,0.28668212890625,-0.29931640625,0.82025146484375,0.39404296875,0.01983642578125,-0.310791015625,0.85272216796875,0.4193115234375,-0.10226838485054349,-0.15178647248641303,0.9698486328125,0.1606790293817935
168,0.6754150390625,-0.57684326171875,-0.3089599609375,-0.33984375,0.635498046875,0.6956787109375,-0.1900634765625,0.2755126953125,0.08229131283967392,-0.33050537109375,0.8933158542798914,0.2930138629415761,0.2868201214334239,-0.2990059230638587,0.8203125,0.3940376613451087,0.0201416015625,-0.31060791015625,0.852783203125,0.419189453125,-0.1021728515625,-0.15167236328125,0.9698486328125,0.16070556640625
169,0.6754150390625,-0.57684326171875,-0.3089599609375,-0.33984375,0.635498046875,0.6956787109375,-0.1900634765625,0.2755126953125,0.08245849609375,-0.33050537109375,0.89337158203125,0.2928466796875,0.2869873046875,-0.2989501953125,0.8203125,0.39398193359375,0.0201416015625,-0.31060791015625,0.852783203125,0.419189453125,-0.1021728515625,-0.15167236328125,0.9698486328125,0.16070556640625
170,0.67547607421875,-0.576904296875,-0.30889892578125,-0.33966064453125,0.6357209578804348,0.6954664147418478,-0.19027577275815216,0.275390625,0.08245849609375,-0.330322265625,0.8934326171875,0.2928466796875,0.2869873046875,-0.29876708984375,0.8204345703125,0.3939208984375,0.020353897758152172,-0.3104752250339674,0.8529052734375,0.41908861243206524,-0.10205078125,-0.15167236328125,0.96990966796875,0.16058349609375
171,0.67547607421875,-0.576904296875,-0.30889892578125,-0.33966064453125,0.6357421875,0.6954345703125,-0.1903076171875,0.275390625,0.08270263671875,-0.33038330078125,0.8934326171875,0.292724609375,0.2872314453125,-0.298828125,0.82037353515625,0.393798828125,0.0203857421875,-0.31048583984375,0.8529052734375,0.4190673828125,-0.10205078125,-0.15167236328125,0.96990966796875,0.16058349609375
172,0.6754150390625,-0.57708740234375,-0.30877685546875,-0.339599609375,0.6357501486073369,0.6954531462296196,-0.1904641856317935,0.2752685546875,0.08279817000679347,-0.33015773607336957,0.8934671153192935,0.292777683423913,0.28732697860054346,-0.2985070270040761,0.8204425314198369,0.393851902173913,0.0206298828125,-0.310302734375,0.85296630859375,0.4190673828125,-0.10186767578125,-0.1517333984375,0.96990966796875,0.16058349609375
173,0.6754150390625,-0.57708740234375,-0.30877685546875,-0.339599609375,0.63580322265625,0.69537353515625,-0.19049072265625,0.2752685546875,0.08282470703125,-0.330078125,0.89349365234375,0.292724609375,0.287353515625,-0.29840087890625,0.82049560546875,0.393798828125,0.0206298828125,-0.310302734375,0.85296630859375,0.4190673828125,-0.10186767578125,-0.1517068614130435,0.9699362049932065,0.16047734799592392
174,0.67529296875,-0.5772705078125,-0.3087158203125,-0.33953857421875,0.6357793393342391,0.6955009128736414,-0.1905517578125,0.27506687330163043,0.08282470703125,-0.32993747877038043,0.8935308041779891,0.29283341117527173,0.28741455078125,-0.2982177734375,0.8204717221467391,0.3938651706861413,0.02069091796875,-0.31005859375,0.85302734375,0.4190673828125,-0.10186767578125,-0.151611328125,0.96990966796875,0.16058349609375
175,0.67529296875,-0.5772705078125,-0.3087158203125,-0.33953857421875,0.6358642578125,0.69537353515625,-0.1905517578125,0.2750244140625,0.08282470703125,-0.32989501953125,0.89361572265625,0.29266357421875,0.28741455078125,-0.2982177734375,0.820556640625,0.39373779296875,0.02069091796875,-0.31005859375,0.85302734375,0.4190673828125,-0.10186767578125,-0.151611328125,0.9699202827785326,0.16054103685461957
176,0.6751708984375,-0.57745361328125,-0.30859375,-0.33966064453125,0.6356864597486414,0.6955539869225543,-0.19067648182744565,0.2750137992527174,0.0830078125,-0.32988175101902173,0.8935599949048914,0.2928413722826087,0.2875339673913043,-0.29814346976902173,0.8204425314198369,0.3939766261888587,0.0208740234375,-0.30987548828125,0.85308837890625,0.419189453125,-0.10174560546875,-0.151611328125,0.96990966796875,0.16058349609375
177,0.6751708984375,-0.57745361328125,-0.30859375,-0.33966064453125,0.63580322265625,0.69549560546875,-0.19073486328125,0.2747802734375,0.0830078125,-0.32958984375,0.8936767578125,0.292724609375,0.2874755859375,-0.2978515625,0.82061767578125,0.39385986328125,0.0208740234375,-0.30987548828125,0.85308837890625,0.419189453125,-0.10174560546875,-0.151611328125,0.96990966796875,0.16058349609375
178,0.67498779296875,-0.57757568359375,-0.30859375,-0.33978271484375,0.6356201171875,0.6956787109375,-0.19073486328125,0.2747802734375,0.08306884765625,-0.32965087890625,0.89361572265625,0.29296875,0.2874755859375,-0.2978515625,0.82049560546875,0.39404296875,0.020778490149456527,-0.3097932235054348,0.8530618418817935,0.41927702530570654,-0.101806640625,-0.151611328125,0.96990966796875,0.16058349609375
179,0.67498779296875,-0.57757568359375,-0.30859375,-0.33978271484375,0.6358642578125,0.69549560546875,-0.19085693359375,0.274658203125,0.0830078125,-0.3294677734375,0.89373779296875,0.292724609375,0.2874755859375,-0.2977294921875,0.82061767578125,0.3939208984375,0.020751953125,-0.30975341796875,0.85308837890625,0.41925048828125,-0.101806640625,-0.151611328125,0.96990966796875,0.16058349609375
180,0.6748046875,-0.5777587890625,-0.30841064453125,-0.33990478515625,0.6355882727581522,0.6957105553668478,-0.19097635020380435,0.27462635869565216,0.08319091796875,-0.32940673828125,0.8936767578125,0.29302978515625,0.28759765625,-0.29766845703125,0.82049560546875,0.3941650390625,0.02096690302309783,-0.3096870754076087,0.8529689622961957,0.4194919752038043,-0.10162353515625,-0.151611328125,0.96990966796875,0.16070556640625
181,0.6748046875,-0.5777587890625,-0.30841064453125,-0.33990478515625,0.63555908203125,0.69573974609375,-0.19091796875,0.27459716796875,0.0831298828125,-0.3292236328125,0.89373779296875,0.29296875,0.28753662109375,-0.2974853515625,0.820556640625,0.3941650390625,0.02099609375,-0.3095703125,0.85302734375,0.41943359375,-0.10162353515625,-0.151611328125,0.96990966796875,0.16070556640625
182,0.6746826171875,-0.577880859375,-0.3084716796875,-0.340087890625,0.6354396654211957,0.6958910071331522,-0.19082774286684784,0.27457859205163043,0.08311396059782608,-0.3292820142663043,0.8936475670855978,0.29315185546875,0.2875206988790761,-0.29755965523097827,0.8204664147418478,0.39434814453125,0.02093505859375,-0.3096897291100543,0.852921195652174,0.41961669921875,-0.10162353515625,-0.151611328125,0.969970703125,0.16064453125
183,0.6746826171875,-0.577880859375,-0.3084716796875,-0.340087890625,0.6356201171875,0.69580078125,-0.19091796875,0.27435302734375,0.08306884765625,-0.3291015625,0.89373779296875,0.29315185546875,0.2874755859375,-0.29742431640625,0.820556640625,0.39434814453125,0.02093505859375,-0.30950927734375,0.85296630859375,0.41961669921875,-0.10162353515625,-0.151611328125,0.969970703125,0.16064453125
184,0.674560546875,-0.57794189453125,-0.3084716796875,-0.34014892578125,0.635498046875,0.6959228515625,-0.19085693359375,0.27435302734375,0.08306884765625,-0.32916259765625,0.8936767578125,0.29327392578125,0.2874755859375,-0.29742431640625,0.82049560546875,0.39447021484375,0.02093505859375,-0.3095703125,0.8529052734375,0.41973876953125,-0.10162353515625,-0.151611328125,0.96990966796875,0.16070556640625
185,0.674560546875,-0.57794189453125,-0.3084716796875,-0.34014892578125,0.6356201171875,0.69586181640625,-0.19097900390625,0.27423095703125,0.0831298828125,-0.3289794921875,0.893798828125,0.29315185546875,0.2874755859375,-0.2972412109375,0.820556640625,0.3944091796875,0.02093505859375,-0.30938720703125,0.85296630859375,0.419677734375,-0.10162353515625,-0.151611328125,0.96990966796875,0.16070556640625
186,0.67431640625,-0.57806396484375,-0.30859375,-0.34027099609375,0.63543701171875,0.696044921875,-0.19085693359375,0.27423095703125,0.0830078125,-0.3291015625,0.8936767578125,0.29345703125,0.287353515625,-0.29730224609375,0.8204345703125,0.39471435546875,0.020903214164402176,-0.30928371263586957,0.8529795771059783,0.41983164911684784,-0.1015625,-0.15155029296875,0.969970703125,0.16064453125
187,0.67431640625,-0.57806396484375,-0.30859375,-0.34027099609375,0.63568115234375,0.69586181640625,-0.19110107421875,0.27392578125,0.08319091796875,-0.32867431640625,0.89385986328125,0.293212890625,0.287353515625,-0.29693603515625,0.82061767578125,0.39459228515625,0.02093505859375,-0.3092041015625,0.85302734375,0.4197998046875,-0.1015625,-0.15155029296875,0.969970703125,0.16064453125
188,0.67401123046875,-0.578369140625,-0.30859375,-0.34039306640625,0.6353759765625,0.69622802734375,-0.19110107421875,0.2738037109375,0.0831298828125,-0.3287353515625,0.8936767578125,0.29364013671875,0.287353515625,-0.29681396484375,0.8204345703125,0.39501953125,0.020964249320652176,-0.3090873386548913,0.8528415845788043,0.42022705078125,-0.1015625,-0.15155029296875,0.96990966796875,0.160888671875
189,0.67401123046875,-0.578369140625,-0.30859375,-0.34039306640625,0.635498046875,0.6961669921875,-0.191162109375,0.27362060546875,0.08319091796875,-0.32843017578125,0.89385986328125,0.2935791015625,0.287353515625,-0.29656982421875,0.820556640625,0.39501953125,0.02099609375,-0.3089599609375,0.8529052734375,0.42022705078125,-0.1015625,-0.15155029296875,0.96990966796875,0.160888671875
190,0.67388916015625,-0.578369140625,-0.30877685546875,-0.34051513671875,0.63543701171875,0.69622802734375,-0.19091796875,0.273681640625,0.08306884765625,-0.32861328125,0.89373779296875,0.29364013671875,0.2872314453125,-0.2967529296875,0.82049560546875,0.3951416015625,0.020799719769021736,-0.3090156886888587,0.8528097401494565,0.42031462296195654,-0.10162353515625,-0.15142822265625,0.969970703125,0.1607666015625
191,0.67388916015625,-0.578369140625,-0.30877685546875,-0.34051513671875,0.635498046875,0.6962890625,-0.19110107421875,0.2733154296875,0.08306884765625,-0.3282470703125,0.89385986328125,0.29376220703125,0.28704833984375,-0.29644775390625,0.820556640625,0.39532470703125,0.020751953125,-0.30877685546875,0.8529052734375,0.42041015625,-0.10162353515625,-0.15142822265625,0.969970703125,0.1607666015625
192,0.67376708984375,-0.57830810546875,-0.3089599609375,-0.34063720703125,0.63543701171875,0.69635009765625,-0.19085693359375,0.27337646484375,0.08294677734375,-0.32843017578125,0.893798828125,0.2938232421875,0.28692626953125,-0.296630859375,0.82049560546875,0.39544677734375,0.0206298828125,-0.3089599609375,0.852783203125,0.42047119140625,-0.1016845703125,-0.15142822265625,0.96990966796875,0.16082763671875
193,0.67376708984375,-0.57830810546875,-0.3089599609375,-0.34063720703125,0.635498046875,0.6964111328125,-0.19085693359375,0.27325439453125,0.0828857421875,-0.3282470703125,0.893798828125,0.29388427734375,0.28680419921875,-0.2965087890625,0.820556640625,0.3955078125,0.0206298828125,-0.30877685546875,0.852783203125,0.42059326171875,-0.1016845703125,-0.15142822265625,0.96990966796875,0.16082763671875
194,0.67364501953125,-0.57830810546875,-0.30914306640625,-0.3406982421875,0.63543701171875,0.69647216796875,-0.190673828125,0.27325439453125,0.08270263671875,-0.328369140625,0.89373779296875,0.29400634765625,0.28662109375,-0.296630859375,0.82049560546875,0.39556884765625,0.02044677734375,-0.308837890625,0.85272216796875,0.420654296875,-0.1016845703125,-0.1514892578125,0.96990966796875,0.1607666015625
195,0.67364501953125,-0.57830810546875,-0.30914306640625,-0.3406982421875,0.63543701171875,0.69647216796875,-0.19073486328125,0.27313232421875,0.082763671875,-0.3282470703125,0.893798828125,0.2939453125,0.28662109375,-0.2965087890625,0.820556640625,0.39556884765625,0.0205078125,-0.3087158203125,0.85284423828125,0.42059326171875,-0.1016845703125,-0.1514892578125,0.96990966796875,0.1607666015625
196,0.673583984375,-0.57843017578125,-0.30902099609375,-0.3406982421875,0.6353759765625,0.69659423828125,-0.19085693359375,0.2730712890625,0.0828857421875,-0.328125,0.893798828125,0.2940673828125,0.2867431640625,-0.29638671875,0.820556640625,0.39569091796875,0.0206298828125,-0.30865478515625,0.852783203125,0.42071533203125,-0.1016845703125,-0.1514892578125,0.96990966796875,0.16082763671875
197,0.673583984375,-0.57843017578125,-0.30902099609375,-0.3406982421875,0.63531494140625,0.69659423828125,-0.1907958984375,0.273193359375,0.0828857421875,-0.32794189453125,0.89385986328125,0.2940673828125,0.2867431640625,-0.29638671875,0.820556640625,0.3956298828125,0.02056884765625,-0.30865478515625,0.852783203125,0.4207763671875,-0.1016845703125,-0.1514892578125,0.96990966796875,0.16082763671875
198,0.67364501953125,-0.5784912109375,-0.30889892578125,-0.34063720703125,0.63531494140625,0.696533203125,-0.19091796875,0.27313232421875,0.0830078125,-0.32781982421875,0.8939208984375,0.2940673828125,0.286865234375,-0.2962646484375,0.820556640625,0.39556884765625,0.02069091796875,-0.30853271484375,0.852783203125,0.4207763671875,-0.10150146484375,-0.15142822265625,0.96990966796875,0.160888671875
199,0.67364501953125,-0.5784912109375,-0.30889892578125,-0.34063720703125,0.63525390625,0.6966552734375,-0.19091796875,0.27313232421875,0.0831298828125,-0.32769775390625,0.8939208984375,0.29412841796875,0.28692626953125,-0.2962646484375,0.82049560546875,0.3956298828125,0.020751953125,-0.30853271484375,0.85272216796875,0.42083740234375,-0.10150146484375,-0.15142822265625,0.96990966796875,0.160888671875
200,0.673583984375,-0.5784912109375,-0.30902099609375,-0.34063720703125,0.63525390625,0.69671630859375,-0.1907958984375,0.2730712890625,0.0830078125,-0.3277587890625,0.8939208984375,0.294189453125,0.28680419921875,-0.29632568359375,0.82049560546875,0.39569091796875,0.0206298828125,-0.30853271484375,0.85272216796875,0.4208984375,-0.10150146484375,-0.1514892578125,0.96990966796875,0.160888671875
201,0.673583984375,-0.5784912109375,-0.30902099609375,-0.34063720703125,0.63519287109375,0.69677734375,-0.19097900390625,0.27301025390625,0.0831298828125,-0.32757568359375,0.8939208984375,0.294189453125,0.28680419921875,-0.296142578125,0.820556640625,0.395751953125,0.020751953125,-0.308349609375,0.852783203125,0.4208984375,-0.10150146484375,-0.1514892578125,0.96990966796875,0.160888671875
202,0.67352294921875,-0.57855224609375,-0.30902099609375,-0.34063720703125,0.6351318359375,0.69683837890625,-0.19097900390625,0.27294921875,0.0831298828125,-0.32757568359375,0.8939208984375,0.29425048828125,0.28680419921875,-0.296142578125,0.82049560546875,0.39581298828125,0.020751953125,-0.308349609375,0.85272216796875,0.42095947265625,-0.1014404296875,-0.1514892578125,0.969970703125,0.160888671875
203,0.67352294921875,-0.57855224609375,-0.30902099609375,-0.34063720703125,0.6351318359375,0.69677734375,-0.19085693359375,0.27301025390625,0.0830078125,-0.327392578125,0.89398193359375,0.29425048828125,0.2867431640625,-0.29608154296875,0.820556640625,0.39581298828125,0.0206298828125,-0.3082275390625,0.852783203125,0.4210205078125,-0.1014404296875,-0.1514892578125,0.969970703125,0.160888671875
204,0.673583984375,-0.5784912109375,-0.3089599609375,-0.34063720703125,0.6351318359375,0.69671630859375,-0.19091796875,0.2730712890625,0.0831298828125,-0.327392578125,0.89404296875,0.294189453125,0.28680419921875,-0.29608154296875,0.82061767578125,0.395751953125,0.020751953125,-0.3082275390625,0.852783203125,0.42095947265625,-0.10137939453125,-0.15142822265625,0.969970703125,0.1607666015625
205,0.673583984375,-0.5784912109375,-0.3089599609375,-0.34063720703125,0.63507080078125,0.69683837890625,-0.1907958984375,0.27313232421875,0.08306884765625,-0.3272705078125,0.89404296875,0.2943115234375,0.28668212890625,-0.29608154296875,0.82061767578125,0.39581298828125,0.02069091796875,-0.3082275390625,0.852783203125,0.4210205078125,-0.10137939453125,-0.15142822265625,0.969970703125,0.1607666015625
206,0.67364501953125,-0.57843017578125,-0.30902099609375,-0.34063720703125,0.6351318359375,0.69677734375,-0.19073486328125,0.273193359375,0.08306884765625,-0.3272705078125,0.89404296875,0.29425048828125,0.28662109375,-0.29611869480298914,0.82061767578125,0.395759914232337,0.020637843919836953,-0.3082116168478261,0.8527911642323369,0.42095947265625,-0.10137939453125,-0.1514892578125,0.97003173828125,0.16058349609375
207,0.67364501953125,-0.57843017578125,-0.30902099609375,-0.34063720703125,0.63519287109375,0.69677734375,-0.190673828125,0.27313232421875,0.0830078125,-0.3270263671875,0.89410400390625,0.29437255859375,0.28662109375,-0.29595947265625,0.82061767578125,0.39581298828125,0.02069091796875,-0.30810546875,0.85284423828125,0.42095947265625,-0.10137939453125,-0.1514892578125,0.97003173828125,0.16058349609375
208,0.673583984375,-0.57855224609375,-0.3089599609375,-0.340576171875,0.6351318359375,0.69683837890625,-0.19073486328125,0.27301025390625,0.0830078125,-0.326904296875,0.89410400390625,0.29443359375,0.28668212890625,-0.29583740234375,0.82061767578125,0.39593505859375,0.02069091796875,-0.3079833984375,0.85284423828125,0.42108154296875,-0.101318359375,-0.15142822265625,0.969970703125,0.16064453125
209,0.673583984375,-0.57855224609375,-0.3089599609375,-0.340576171875,0.6351318359375,0.69683837890625,-0.190673828125,0.273193359375,0.0831298828125,-0.32684326171875,0.89410400390625,0.29449462890625,0.28662109375,-0.29583740234375,0.8206787109375,0.3958740234375,0.020751953125,-0.3079833984375,0.85284423828125,0.42108154296875,-0.101318359375,-0.15142822265625,0.969970703125,0.16064453125
210,0.67364501953125,-0.57855224609375,-0.30889892578125,-0.34051513671875,0.6351318359375,0.69677734375,-0.19073486328125,0.27313232421875,0.0831298828125,-0.3267822265625,0.8941650390625,0.29443359375,0.28671928074048914,-0.29573921535326086,0.8206787109375,0.39588729194972827,0.02081298828125,-0.30792236328125,0.85284423828125,0.4210205078125,-0.1011962890625,-0.1514892578125,0.97003173828125,0.16064453125
211,0.67364501953125,-0.57855224609375,-0.30889892578125,-0.34051513671875,0.63507080078125,0.69683837890625,-0.19061279296875,0.27325439453125,0.08319091796875,-0.32659912109375,0.8941650390625,0.29449462890625,0.2867431640625,-0.29571533203125,0.8206787109375,0.39593505859375,0.0208740234375,-0.307861328125,0.85284423828125,0.42108154296875,-0.1011962890625,-0.1514892578125,0.97003173828125,0.16064453125
212,0.6737060546875,-0.57855224609375,-0.308837890625,-0.3404541015625,0.63507080078125,0.69683837890625,-0.190673828125,0.273193359375,0.083251953125,-0.3265380859375,0.89422607421875,0.29449462890625,0.28680419921875,-0.29561183763586957,0.8206787109375,0.39589525305706524,0.0208740234375,-0.30780029296875,0.8529052734375,0.42108154296875,-0.10101318359375,-0.1513671875,0.97003173828125,0.16064453125
213,0.6736927861752717,-0.57855224609375,-0.30887769616168476,-0.3404541015625,0.6351318359375,0.69683837890625,-0.19069505774456522,0.2730712890625,0.08333421790081523,-0.32636824898097827,0.8942738408627717,0.2945556640625,0.28676439368206524,-0.29554549507472827,0.8206919794497283,0.39594832710597827,0.020956288213315227,-0.30767822265625,0.8529052734375,0.42109481148097827,-0.10105298913043477,-0.15138045601222827,0.97003173828125,0.16063126273777173
214,0.67364501953125,-0.57855224609375,-0.30902099609375,-0.3404541015625,0.6351318359375,0.69683837890625,-0.1905517578125,0.2730712890625,0.08319091796875,-0.326416015625,0.89422607421875,0.2945556640625,0.2866317085597826,-0.2955773395040761,0.82073974609375,0.39599609375,0.020823603091032608,-0.3076729152513587,0.8529052734375,0.421142578125,-0.10101318359375,-0.15142822265625,0.97003173828125,0.1605224609375
215,0.67364501953125,-0.57855224609375,-0.30902099609375,-0.3404541015625,0.63519287109375,0.69677734375,-0.19073486328125,0.27301025390625,0.083251953125,-0.3262939453125,0.894287109375,0.29449462890625,0.2867431640625,-0.29541015625,0.82073974609375,0.39599609375,0.02093505859375,-0.3076171875,0.8529052734375,0.421142578125,-0.10101318359375,-0.15142822265625,0.97003173828125,0.1605224609375
216,0.67364501953125,-0.57867431640625,-0.3089599609375,-0.34033203125,0.63519287109375,0.69683837890625,-0.1907958984375,0.2728271484375,0.083251953125,-0.32611083984375,0.89434814453125,0.29461669921875,0.2867935844089674,-0.2951766304347826,0.82073974609375,0.39605712890625,0.02093505859375,-0.30743408203125,0.85296630859375,0.42120361328125,-0.1009521484375,-0.1513671875,0.9700927734375,0.16058349609375
217,0.67364501953125,-0.57867431640625,-0.3089599609375,-0.34033203125,0.63525390625,0.69671630859375,-0.19073486328125,0.2730712890625,0.0833740234375,-0.3260498046875,0.89434814453125,0.2945556640625,0.28680419921875,-0.295166015625,0.82073974609375,0.39605712890625,0.02105712890625,-0.30743408203125,0.8529052734375,0.4212646484375,-0.1009521484375,-0.1513671875,0.9700927734375,0.16058349609375
218,0.6737060546875,-0.5787353515625,-0.308837890625,-0.3402099609375,0.63531494140625,0.69671630859375,-0.19085693359375,0.27294921875,0.08343505859375,-0.32586669921875,0.8944091796875,0.2945556640625,0.286865234375,-0.2950439453125,0.82080078125,0.39599609375,0.0211181640625,-0.30731201171875,0.85296630859375,0.4212646484375,-0.10076904296875,-0.1512451171875,0.9700927734375,0.16058349609375
219,0.6737325917119565,-0.5787353515625,-0.308837890625,-0.340156886888587,0.6352804432744565,0.6966897715692935,-0.19091796875,0.273018215013587,0.08355712890625,-0.32571809188179346,0.8944357167119565,0.29459016219429346,0.286865234375,-0.294990871263587,0.8208273182744565,0.39596955672554346,0.02127473250679348,-0.307197902513587,0.8529928456182065,0.42123811141304346,-0.10079557999320653,-0.15119204313858695,0.9701193104619565,0.1605569590692935
220,0.67376708984375,-0.5787353515625,-0.308837890625,-0.340087890625,0.63531494140625,0.6966552734375,-0.19091796875,0.27294921875,0.08355712890625,-0.32568359375,0.89447021484375,0.2945556640625,0.28690238620923914,-0.29490329908288043,0.82086181640625,0.39593505859375,0.021240234375,-0.30712890625,0.85302734375,0.42120361328125,-0.10064697265625,-0.15118408203125,0.97015380859375,0.1605224609375
221,0.67376708984375,-0.5787459663722826,-0.3088272758152174,-0.34006666100543476,0.6352645210597826,0.6966552734375,-0.19105065387228262,0.27292798913043476,0.0836181640625,-0.32547925866168476,0.8945418648097826,0.29461669921875,0.2869873046875,-0.29483961022418476,0.8208724312160326,0.39593505859375,0.02142333984375,-0.30703602666440216,0.8530989937160326,0.42120361328125,-0.10065758746603261,-0.15116285241168478,0.97015380859375,0.1605224609375
222,0.67376708984375,-0.57879638671875,-0.30877685546875,-0.3399658203125,0.63531494140625,0.6966552734375,-0.19110107421875,0.2728271484375,0.0836234714673913,-0.325370456861413,0.89459228515625,0.29461669921875,0.28704833984375,-0.29461669921875,0.82098388671875,0.3958740234375,0.02142599354619565,-0.3068874193274457,0.8531494140625,0.4212009595788043,-0.1005859375,-0.15118408203125,0.97015380859375,0.16046142578125
223,0.67376708984375,-0.57879638671875,-0.30877685546875,-0.3399658203125,0.63531494140625,0.69659423828125,-0.1910400390625,0.27288818359375,0.083740234375,-0.3251953125,0.89459228515625,0.29461669921875,0.28704833984375,-0.29461669921875,0.82098388671875,0.3958740234375,0.021484375,-0.30694580078125,0.8531494140625,0.421142578125,-0.1005859375,-0.15118408203125,0.97015380859375,0.16046142578125
224,0.67388916015625,-0.57879638671875,-0.30859375,-0.33990478515625,0.6353759765625,0.696533203125,-0.19122314453125,0.2728271484375,0.08392333984375,-0.3250732421875,0.8946533203125,0.2945556640625,0.28727921195652173,-0.29454239555027173,0.8209361200747283,0.39579971976902173,0.02166748046875,-0.30682373046875,0.85321044921875,0.42108154296875,-0.1004638671875,-0.15118408203125,0.97015380859375,0.16046142578125
225,0.6739687712296195,-0.5787565811820652,-0.30855394446331524,-0.33986497961956524,0.6353547469429348,0.6965756623641305,-0.19107984459918478,0.27294921875,0.08396314538043478,-0.32497240149456524,0.8946931258491848,0.29453708814538043,0.28733228600543476,-0.29451585852581524,0.8209626570991848,0.39573337720788043,0.021768321161684777,-0.30684496008831524,0.8532290251358695,0.42106296705163043,-0.10042406165081522,-0.15110447095788043,0.9701936141304348,0.16042162024456522
226,0.67401123046875,-0.5787353515625,-0.30853271484375,-0.33984375,0.6353759765625,0.696533203125,-0.19110107421875,0.27294921875,0.083984375,-0.324951171875,0.89471435546875,0.29449462890625,0.28741455078125,-0.2945556640625,0.8209228515625,0.39569091796875,0.02178955078125,-0.30682373046875,0.853271484375,0.4210205078125,-0.10028076171875,-0.15118408203125,0.97015380859375,0.16046142578125
227,0.6740351137907609,-0.5787592348845109,-0.30848494819972827,-0.33979598335597827,0.6353388247282609,0.6965703549592391,-0.19102677055027173,0.27302352241847827,0.08400825832201086,-0.3249405570652174,0.8947382387907609,0.29449462890625,0.28746231742527173,-0.29450789741847827,0.8209467348845109,0.39566703464673914,0.02195938773777173,-0.30689803413722827,0.8532343325407609,0.4210205078125,-0.10028076171875,-0.1511124320652174,0.9701776919157609,0.16046142578125
228,0.674072265625,-0.57879638671875,-0.30841064453125,-0.3397216796875,0.6353759765625,0.696533203125,-0.19110107421875,0.27294921875,0.08404541015625,-0.3248291015625,0.894775390625,0.29449462890625,0.28765869140625,-0.29443359375,0.82098388671875,0.39556884765625,0.02203369140625,-0.30682373046875,0.853271484375,0.4210205078125,-0.10015869140625,-0.15130615234375,0.97015380859375,0.16046142578125
229,0.6740802267323369,-0.578812308933424,-0.3083947223165761,-0.3397057574728261,0.635498046875,0.6964111328125,-0.19117803158967392,0.27298637058423914,0.08417544157608696,-0.32485829228940216,0.8947833517323369,0.294380519701087,0.287666652513587,-0.29440971042798914,0.8209918478260869,0.395560886548913,0.022171683933423905,-0.30692191745923914,0.8532794454823369,0.4208984375,-0.10015869140625,-0.15128226902173914,0.9701617697010869,0.16046938688858695
230,0.67413330078125,-0.57891845703125,-0.30828857421875,-0.339599609375,0.635498046875,0.6964111328125,-0.1912841796875,0.2728271484375,0.084228515625,-0.32464599609375,0.89483642578125,0.29443359375,0.28790283203125,-0.294189453125,0.821044921875,0.39544677734375,0.02227783203125,-0.3067626953125,0.85333251953125,0.4208984375,-0.10009765625,-0.15118408203125,0.97021484375,0.160400390625
231,0.674027152683424,-0.579024605129076,-0.30828857421875,-0.3394934612771739,0.6357421875,0.696273140285326,-0.19140625,0.27260689113451086,0.08429751188858696,-0.3244788128396739,0.8948974609375,0.2944176715353261,0.287849757982337,-0.29403023097826086,0.821044921875,0.395499851392663,0.022346828294836953,-0.3065955120584239,0.85333251953125,0.4209435504415761,-0.1002038043478261,-0.15107793393342392,0.97021484375,0.16050653872282608
232,0.67401123046875,-0.57904052734375,-0.30828857421875,-0.3394775390625,0.6357421875,0.6962890625,-0.19140625,0.2725830078125,0.08428955078125,-0.324462890625,0.8948974609375,0.29443359375,0.2879638671875,-0.29388427734375,0.82110595703125,0.39544677734375,0.0223388671875,-0.30657958984375,0.85333251953125,0.42095947265625,-0.10009765625,-0.151123046875,0.97021484375,0.16046142578125
233,0.67401123046875,-0.5790776791779891,-0.30832572605298914,-0.33944038722826086,0.6357793393342391,0.69622802734375,-0.19155220363451086,0.27256973930027173,0.08443550441576086,-0.32430366847826086,0.89495849609375,0.29440971042798914,0.28788956351902173,-0.29384712550951086,0.8211431088654891,0.39548392917798914,0.022423785665760865,-0.30654243800951086,0.8533696713654891,0.42095947265625,-0.10017195991847827,-0.15108589504076086,0.97021484375,0.16046142578125
234,0.67401123046875,-0.5791015625,-0.308349609375,-0.33941650390625,0.63580322265625,0.69622802734375,-0.1915283203125,0.27252197265625,0.08441162109375,-0.32427978515625,0.89495849609375,0.29443359375,0.2879638671875,-0.293701171875,0.8211669921875,0.3955078125,0.02239990234375,-0.3065185546875,0.8533935546875,0.42095947265625,-0.10003662109375,-0.15106201171875,0.97021484375,0.160400390625
235,0.6739900008491848,-0.5791227921195652,-0.308349609375,-0.33937404466711957,0.63580322265625,0.6961882218070652,-0.1915283203125,0.27247951341711957,0.08445142663043478,-0.32417629076086957,0.8949797257133152,0.29445482336956524,0.28794263756793476,-0.29365871263586957,0.8211669921875,0.3955078125,0.02250074303668478,-0.30629298997961957,0.85345458984375,0.42098070227581524,-0.10007908033288043,-0.15104078209918478,0.97021484375,0.16042162024456522
236,0.6739501953125,-0.57916259765625,-0.308349609375,-0.33929443359375,0.63580322265625,0.69622802734375,-0.1915283203125,0.27239990234375,0.08443815811820653,-0.3240568741508152,0.8950327997622283,0.29448136039402173,0.28790283203125,-0.29345703125,0.82122802734375,0.3955078125,0.022487474524456527,-0.30618684188179346,0.8534678583559783,0.42100723930027173,-0.0999755859375,-0.15093994140625,0.97027587890625,0.16033935546875
237,0.673828125,-0.57928466796875,-0.30841064453125,-0.33929443359375,0.6358642578125,0.6962890625,-0.19158935546875,0.272216796875,0.08447265625,-0.32391357421875,0.89501953125,0.29461669921875,0.287841796875,-0.29339599609375,0.82122802734375,0.39569091796875,0.0224609375,-0.30609130859375,0.85345458984375,0.421142578125,-0.10009765625,-0.15093994140625,0.97021484375,0.1605224609375
238,0.673828125,-0.57928466796875,-0.30841064453125,-0.33929443359375,0.6358642578125,0.6962890625,-0.19158935546875,0.272216796875,0.08447265625,-0.32391357421875,0.89501953125,0.29461669921875,0.2879638671875,-0.293212890625,0.8212890625,0.39556884765625,0.0224609375,-0.30609130859375,0.85345458984375,0.421142578125,-0.10003662109375,-0.1510009765625,0.97027587890625,0.1602783203125
239,0.6737272843070652,-0.5794863493546195,-0.30830980383831524,-0.3392440132472826,0.6358854874320652,0.6962067977241848,-0.19187330163043478,0.27200450067934784,0.08464514690896739,-0.32364024286684784,0.89508056640625,0.29463527513586957,0.2880142875339674,-0.29301120923913043,0.8212386421535326,0.39577052904211957,0.022744883661684784,-0.30592943274456524,0.8534652046535326,0.42116115404211957,-0.10003662109375,-0.15090013586956522,0.9702254585597826,0.16053042204483695
240,0.6737060546875,-0.57952880859375,-0.30828857421875,-0.3392333984375,0.6358642578125,0.69622802734375,-0.19189453125,0.27197265625,0.08465576171875,-0.3236083984375,0.89508056640625,0.294677734375,0.28814697265625,-0.29290771484375,0.8212890625,0.39569091796875,0.02276611328125,-0.305908203125,0.85345458984375,0.42120361328125,-0.099853515625,-0.15087890625,0.97027587890625,0.1605224609375
241,0.6736715565557065,-0.5795633067255435,-0.30832307235054346,-0.3392333984375,0.6358642578125,0.6963235606317935,-0.1919210682744565,0.27178955078125,0.08468229874320653,-0.323486328125,0.8951416015625,0.29465119735054346,0.28811247452445654,-0.29290771484375,0.8212890625,0.39572541610054346,0.02273161514945652,-0.3057861328125,0.8534811268682065,0.421272609544837,-0.09988801375679347,-0.15087890625,0.9702413807744565,0.1605569590692935
242,0.67364501953125,-0.57958984375,-0.308349609375,-0.3392333984375,0.6358642578125,0.69635009765625,-0.19189453125,0.27178955078125,0.08470883576766304,-0.3233801800271739,0.8951681385869565,0.29465119735054346,0.28814697265625,-0.292724609375,0.8212890625,0.39581298828125,0.022705078125,-0.3057861328125,0.85345458984375,0.42132568359375,-0.09979248046875,-0.15081787109375,0.97027587890625,0.160400390625
243,0.6735892917798914,-0.5796269955842391,-0.30836818529211957,-0.33925197435461957,0.6358881411345109,0.6963447902513586,-0.19204048488451086,0.27158786939538043,0.08475925611413043,-0.32326076341711957,0.8951840608016305,0.2946724269701087,0.28812839673913043,-0.29270603345788043,0.8212704865828805,0.3958687160326087,0.022808572520380432,-0.30556056810461957,0.8535395083220109,0.4213203761888587,-0.09981105638586957,-0.15083644701086957,0.97027587890625,0.1604561183763587
244,0.6734619140625,-0.5797119140625,-0.30841064453125,-0.33929443359375,0.63580322265625,0.69647216796875,-0.19195556640625,0.27154541015625,0.084716796875,-0.32326076341711957,0.8951628311820652,0.2947891898777174,0.2879638671875,-0.29241943359375,0.8214111328125,0.39599609375,0.022776728091032608,-0.305549953294837,0.8534758194633152,0.4214371390964674,-0.09979248046875,-0.15069580078125,0.9703369140625,0.160400390625
245,0.67327880859375,-0.57989501953125,-0.3084716796875,-0.33935546875,0.6358642578125,0.69647216796875,-0.1920166015625,0.27130126953125,0.08465576171875,-0.32305908203125,0.89520263671875,0.29498291015625,0.28790283203125,-0.292350437330163,0.8212943699048914,0.396232273267663,0.022705078125,-0.3052978515625,0.85345458984375,0.421630859375,-0.09991455078125,-0.1507568359375,0.97027587890625,0.16064453125
246,0.67327880859375,-0.57989501953125,-0.3084716796875,-0.33935546875,0.6358642578125,0.69647216796875,-0.1920166015625,0.27130126953125,0.08465576171875,-0.32305908203125,0.89520263671875,0.29498291015625,0.28790283203125,-0.29217529296875,0.8214111328125,0.39605712890625,0.022705078125,-0.3052978515625,0.85345458984375,0.421630859375,-0.099853515625,-0.15069580078125,0.9703369140625,0.160400390625
247,0.6731355086616848,-0.5799905528192935,-0.30851944633152173,-0.33940323539402173,0.6359040633491848,0.6964933975883152,-0.1921041737432065,0.27105712890625,0.08466903023097826,-0.32280167289402173,0.8952902088994565,0.2948820694633152,0.28785506538722827,-0.29217529296875,0.8213633661684783,0.396248195482337,0.022731615149456527,-0.30511474609375,0.8535421620244565,0.4216520889945652,-0.09994904891304347,-0.1507913340692935,0.9702891474184783,0.16054369055706522
248,0.673095703125,-0.58001708984375,-0.30853271484375,-0.33941650390625,0.6358642578125,0.696533203125,-0.19207763671875,0.27105712890625,0.08461595618206522,-0.32265571925951086,0.8953432829483695,0.29488206946331524,0.28778076171875,-0.2918701171875,0.82147216796875,0.396240234375,0.022705078125,-0.30511474609375,0.853515625,0.42169189453125,-0.09991455078125,-0.15057373046875,0.9703369140625,0.160400390625
249,0.6730001698369565,-0.5800807787024457,-0.3085964037024457,-0.33944834833559784,0.6360447095788043,0.6965066661005435,-0.19213601817255435,0.27078114385190216,0.08453103770380435,-0.32260264521059784,0.8953538977581522,0.29495637313179346,0.2877170728600543,-0.2918064283288043,0.82147216796875,0.39633576766304346,0.02264138926630435,-0.30496348505434784,0.8535129712975543,0.42172639266304346,-0.09997823963994565,-0.15063741932744565,0.9703050696331522,0.16046407948369565
250,0.67291259765625,-0.58013916015625,-0.30865478515625,-0.3394775390625,0.635986328125,0.69659423828125,-0.19207763671875,0.270751953125,0.08452042289402174,-0.3225124193274456,0.8953724736752717,0.2950439453125,0.28765869140625,-0.291748046875,0.82147216796875,0.39642333984375,0.0225830078125,-0.30499267578125,0.85345458984375,0.42181396484375,-0.09991455078125,-0.15057373046875,0.9703369140625,0.16046142578125
251,0.6728515625,-0.5802001953125,-0.30865478515625,-0.33953857421875,0.6358642578125,0.69671630859375,-0.192138671875,0.27056884765625,0.0845947265625,-0.3223876953125,0.8953857421875,0.29510498046875,0.2876427691915761,-0.29171620244565216,0.821488090183424,0.39654541015625,0.022705078125,-0.3048095703125,0.853515625,0.42193603515625,-0.09991455078125,-0.150634765625,0.97027587890625,0.16058349609375
252,0.6728515625,-0.5802001953125,-0.30865478515625,-0.33953857421875,0.6358642578125,0.69671630859375,-0.192138671875,0.27056884765625,0.0845947265625,-0.32236381199048914,0.8953937032948369,0.295097019361413,0.28759765625,-0.2916259765625,0.821533203125,0.39654541015625,0.022705078125,-0.304801609205163,0.8535235861073369,0.421928074048913,-0.099853515625,-0.15057373046875,0.9703369140625,0.160400390625
253,0.67279052734375,-0.58026123046875,-0.30859375,-0.339599609375,0.63592529296875,0.6966552734375,-0.1922607421875,0.27056884765625,0.084716796875,-0.322265625,0.89544677734375,0.295166015625,0.2877197265625,-0.29156494140625,0.82147216796875,0.39654541015625,0.02276611328125,-0.30474853515625,0.853515625,0.42193603515625,-0.09979248046875,-0.15057373046875,0.9703369140625,0.1605224609375
254,0.67279052734375,-0.58026123046875,-0.30859375,-0.339599609375,0.63592529296875,0.6966552734375,-0.1922607421875,0.27056884765625,0.084716796875,-0.32210640285326086,0.8954998513926631,0.295166015625,0.2877197265625,-0.29156494140625,0.82147216796875,0.39654541015625,0.02276611328125,-0.30474853515625,0.853515625,0.42193603515625,-0.09979248046875,-0.15057373046875,0.9703369140625,0.160400390625
255,0.672745414402174,-0.580306343410326,-0.3085486370584239,-0.339599609375,0.635941215183424,0.696700386379076,-0.19224481997282608,0.2704016644021739,0.08476190981657608,-0.3220374065896739,0.895462699558424,0.2952111285665761,0.2876746136209239,-0.29147471552309784,0.821517280910326,0.39663563603940216,0.022750191066576088,-0.30462646484375,0.853515625,0.4220421832540761,-0.09979248046875,-0.15057373046875,0.9703369140625,0.16044550356657608
256,0.6727294921875,-0.580322265625,-0.30853271484375,-0.339599609375,0.63592529296875,0.69671630859375,-0.1922607421875,0.2703857421875,0.08477783203125,-0.3219100288722826,0.8954839291779891,0.29526420261548914,0.28765869140625,-0.29144287109375,0.821533203125,0.39666748046875,0.02276611328125,-0.30462646484375,0.853515625,0.42205810546875,-0.0997314453125,-0.15045166015625,0.9703369140625,0.16046142578125
257,0.6727294921875,-0.58026123046875,-0.30865478515625,-0.339599609375,0.6358642578125,0.69677734375,-0.19219970703125,0.27032470703125,0.08465576171875,-0.32196044921875,0.8955078125,0.29522705078125,0.28759765625,-0.29144287109375,0.821533203125,0.39666748046875,0.02264404296875,-0.30450439453125,0.853515625,0.42205810546875,-0.09979248046875,-0.1505126953125,0.9703369140625,0.160400390625
258,0.6727294921875,-0.58026123046875,-0.30865478515625,-0.339599609375,0.6358642578125,0.69677734375,-0.19219970703125,0.27032470703125,0.08469822095788043,-0.3218967603600543,0.8955290421195652,0.29522705078125,0.28759765625,-0.29144287109375,0.821533203125,0.39666748046875,0.02264404296875,-0.30450439453125,0.853515625,0.42205810546875,-0.0997314453125,-0.15045166015625,0.97039794921875,0.160400390625
259,0.672607421875,-0.58038330078125,-0.30877685546875,-0.339599609375,0.63592529296875,0.69683837890625,-0.19232177734375,0.27001953125,0.0845947265625,-0.32177734375,0.8955078125,0.29541015625,0.28753662109375,-0.29119873046875,0.82159423828125,0.39678955078125,0.022705078125,-0.30438232421875,0.853515625,0.42218017578125,-0.099853515625,-0.1505126953125,0.9703369140625,0.1605224609375
260,0.672607421875,-0.58038330078125,-0.30877685546875,-0.339599609375,0.63592529296875,0.69683837890625,-0.19232177734375,0.27001953125,0.08461064877717392,-0.32175611413043476,0.8955184273097826,0.2953995414402174,0.28753662109375,-0.29119873046875,0.82159423828125,0.39678955078125,0.022705078125,-0.30438232421875,0.853515625,0.42218017578125,-0.0997314453125,-0.1505126953125,0.97039794921875,0.16033935546875
261,0.6724322775135869,-0.5805584451426631,-0.30877685546875,-0.339599609375,0.63592529296875,0.6968967603600543,-0.19255530315896738,0.26966924252717395,0.08471945057744565,-0.3214748216711957,0.8955715013586957,0.2955216117527174,0.28753662109375,-0.29084844174592395,0.82159423828125,0.396964695142663,0.022768766983695655,-0.3042018724524457,0.8534598972486414,0.4224137015964674,-0.09978982676630435,-0.1505126953125,0.9703395677649457,0.16057288128396738
262,0.67242431640625,-0.58056640625,-0.30877685546875,-0.339599609375,0.63592529296875,0.6968994140625,-0.19256591796875,0.2696533203125,0.084716796875,-0.32147216796875,0.89556884765625,0.2955322265625,0.28753662109375,-0.29083251953125,0.82159423828125,0.39697265625,0.02276611328125,-0.30419921875,0.85345458984375,0.42242431640625,-0.09979248046875,-0.1505126953125,0.9703369140625,0.16053307574728262
263,0.6724667756453805,-0.58056640625,-0.30873439622961957,-0.339599609375,0.63592529296875,0.6968994140625,-0.19260837720788043,0.26969577955163043,0.08482029127038043,-0.3212890625,0.8956723420516305,0.29541015625,0.28757908033288043,-0.29083251953125,0.82159423828125,0.39697265625,0.022808572520380432,-0.30413818359375,0.853515625,0.42236328125,-0.09975002122961957,-0.15047023607336957,0.9703369140625,0.16048000169836957
264,0.6724853515625,-0.58056640625,-0.3087158203125,-0.339599609375,0.63592529296875,0.6968994140625,-0.192626953125,0.26971435546875,0.0848388671875,-0.32125456436820654,0.8956564198369565,0.295479152513587,0.28759765625,-0.29083251953125,0.82159423828125,0.39697265625,0.0228271484375,-0.30413818359375,0.853515625,0.42236328125,-0.09967041015625,-0.150390625,0.9703369140625,0.1605224609375
265,0.6724853515625,-0.58050537109375,-0.3087158203125,-0.339599609375,0.63580322265625,0.697021484375,-0.19244384765625,0.26971435546875,0.0848388671875,-0.32122802734375,0.8956298828125,0.29547119140625,0.28753662109375,-0.29083251953125,0.82159423828125,0.39697265625,0.0228271484375,-0.30401611328125,0.85357666015625,0.42236328125,-0.09967041015625,-0.150390625,0.9703369140625,0.1605224609375
266,0.6724853515625,-0.58050537109375,-0.3087158203125,-0.339599609375,0.63580322265625,0.697021484375,-0.19244384765625,0.26971435546875,0.0848388671875,-0.32119087550951086,0.8956670346467391,0.29545261548913043,0.28753662109375,-0.29083251953125,0.82159423828125,0.39697265625,0.0228271484375,-0.30401611328125,0.85357666015625,0.42236328125,-0.099609375,-0.15045166015625,0.97039794921875,0.16033935546875
267,0.67242431640625,-0.58062744140625,-0.3087158203125,-0.33953857421875,0.6361083984375,0.69683837890625,-0.192626953125,0.26947021484375,0.08477783203125,-0.321044921875,0.89569091796875,0.2955322265625,0.28759765625,-0.2906494140625,0.8216552734375,0.39691162109375,0.02294921875,-0.30389404296875,0.85357666015625,0.42236328125,-0.09967041015625,-0.150390625,0.97039794921875,0.16046142578125
268,0.67242431640625,-0.58062744140625,-0.3087158203125,-0.33953857421875,0.6361083984375,0.69683837890625,-0.192626953125,0.26947021484375,0.0847831394361413,-0.3210396144701087,0.8956962253736414,0.2955216117527174,0.28759765625,-0.2906494140625,0.8216552734375,0.39691162109375,0.02294921875,-0.30389404296875,0.85357666015625,0.42236328125,-0.09954833984375,-0.150390625,0.970458984375,0.16015625
269,0.672257133152174,-0.5808503524116848,-0.3086600925611413,-0.3394828464673913,0.6361083984375,0.69683837890625,-0.1929055918817935,0.26913584833559784,0.08489990234375,-0.3207556683084239,0.89581298828125,0.29551099694293476,0.2877091117527174,-0.29014786430027173,0.8217667289402174,0.3970230765964674,0.0230712890625,-0.3035994819972826,0.8536483101222826,0.42245881453804346,-0.09960406759510869,-0.15027916949728262,0.9704032566236414,0.1604348887567935
270,0.6722412109375,-0.58087158203125,-0.30865478515625,-0.3394775390625,0.6361083984375,0.69683837890625,-0.19293212890625,0.26910400390625,0.08489990234375,-0.32073974609375,0.89581298828125,0.2955322265625,0.2877197265625,-0.29010009765625,0.82177734375,0.39703369140625,0.0230712890625,-0.3035888671875,0.8536376953125,0.4224853515625,-0.09951384171195653,-0.15022078804347827,0.9704457158627717,0.16022259256114132
271,0.6721615998641305,-0.5810308041779891,-0.30865478515625,-0.33943773352581524,0.6361880095108695,0.6967985733695652,-0.1930913510529891,0.2689845872961957,0.08502197265625,-0.32041599439538043,0.89593505859375,0.29544730808423914,0.2877197265625,-0.28994087550951086,0.8218171492866848,0.39707349694293476,0.02313232421875,-0.30338718580163043,0.8537199600883152,0.42246146824048914,-0.09956691576086955,-0.15016771399456522,0.9704191788383152,0.1603154721467391
272,0.672119140625,-0.58111572265625,-0.30865478515625,-0.33941650390625,0.63623046875,0.69677734375,-0.19317626953125,0.2689208984375,0.08502197265625,-0.32037353515625,0.89593505859375,0.2955322265625,0.2877197265625,-0.28985595703125,0.82183837890625,0.3970947265625,0.02313232421875,-0.3033447265625,0.85369873046875,0.42254638671875,-0.09957753057065218,-0.150146484375,0.9704297936480978,0.16033670176630435
273,0.67205810546875,-0.5811767578125,-0.30865478515625,-0.33935546875,0.63616943359375,0.69677734375,-0.1932373046875,0.2689208984375,0.0850830078125,-0.3203125,0.89599609375,0.29547119140625,0.28778076171875,-0.2896728515625,0.8218994140625,0.3970947265625,0.02313232421875,-0.30322265625,0.85369873046875,0.422607421875,-0.099609375,-0.15008544921875,0.970458984375,0.160400390625
274,0.67205810546875,-0.5811767578125,-0.30865478515625,-0.33935546875,0.63616943359375,0.69677734375,-0.1932373046875,0.2689208984375,0.08509893002717392,-0.32026473335597827,0.89599609375,0.29550303583559784,0.28778076171875,-0.2896728515625,0.8218994140625,0.3970947265625,0.02313232421875,-0.30322265625,0.85369873046875,0.422607421875,-0.09942626953125,-0.150146484375,0.970458984375,0.1602783203125
275,0.67205810546875,-0.58123779296875,-0.30865478515625,-0.33929443359375,0.63616943359375,0.69683837890625,-0.1932373046875,0.268798828125,0.0850830078125,-0.320068359375,0.89599609375,0.29559326171875,0.2877197265625,-0.28955078125,0.82196044921875,0.3970947265625,0.02313232421875,-0.302978515625,0.85382080078125,0.422607421875,-0.0994873046875,-0.15008544921875,0.970458984375,0.16033935546875
276,0.67205810546875,-0.58123779296875,-0.30865478515625,-0.33929443359375,0.63616943359375,0.69683837890625,-0.1932373046875,0.268798828125,0.0850830078125,-0.320068359375,0.89599609375,0.29559326171875,0.2877197265625,-0.28955078125,0.82196044921875,0.3970947265625,0.02313232421875,-0.302978515625,0.85382080078125,0.422607421875,-0.09960937499999999,-0.15020751953125,0.97039794921875,0.16033935546875
277,0.6721111795176631,-0.581343941066576,-0.30849556300951086,-0.339241359544837,0.6362225076426631,0.696732230808424,-0.19339652683423914,0.268798828125,0.08524222995923912,-0.32003120754076086,0.89605712890625,0.295463230298913,0.2879850968070652,-0.28955078125,0.8219073751698369,0.39693550441576086,0.02335258152173912,-0.3030554729959239,0.85382080078125,0.422538425611413,-0.09950322690217392,-0.15010137143342392,0.9704510232676631,0.16039242951766305
278,0.672119140625,-0.58135986328125,-0.3084716796875,-0.3392333984375,0.63623046875,0.69671630859375,-0.19342041015625,0.268798828125,0.08526611328125,-0.32000732421875,0.89605712890625,0.29547119140625,0.28802490234375,-0.28955078125,0.8218994140625,0.39691162109375,0.02337646484375,-0.30303955078125,0.85382080078125,0.42254638671875,-0.09944219174592392,-0.15008544921875,0.970458984375,0.16031016474184784
279,0.6720819887907609,-0.58135986328125,-0.30850883152173914,-0.33919624660326086,0.6362676205842391,0.69671630859375,-0.19349471382472827,0.2686873726222826,0.08531387992527174,-0.31988525390625,0.8961553158967391,0.29532523777173914,0.28798775050951086,-0.2894393257472826,0.8219737177309783,0.39691162109375,0.02340034816576087,-0.30288032863451086,0.8538818359375,0.42252250339673914,-0.09950057319972826,-0.15008544921875,0.970458984375,0.16031547214673914
280,0.67205810546875,-0.58135986328125,-0.30853271484375,-0.33917236328125,0.63629150390625,0.69671630859375,-0.19354248046875,0.26861572265625,0.08526611328125,-0.31988525390625,0.89617919921875,0.29534912109375,0.2879638671875,-0.28936767578125,0.822021484375,0.39691162109375,0.02337646484375,-0.3028564453125,0.8538818359375,0.42254638671875,-0.09951914911684782,-0.15005625849184784,0.9704881751019022,0.1602517832880435
281,0.67205810546875,-0.58148193359375,-0.30841064453125,-0.33917236328125,0.63623046875,0.6967561141304348,-0.19360086192255435,0.2686183763586956,0.08538818359375,-0.3197021484375,0.89617919921875,0.29541015625,0.2879638671875,-0.28924560546875,0.82208251953125,0.39691162109375,0.02337646484375,-0.302734375,0.8538818359375,0.422607421875,-0.09942626953125,-0.14996337890625,0.97052001953125,0.1602783203125
282,0.67205810546875,-0.58148193359375,-0.30841064453125,-0.33917236328125,0.63623046875,0.69671630859375,-0.1934814453125,0.26873779296875,0.08537491508152174,-0.31967561141304346,0.8961924677309783,0.29542342476222827,0.2879638671875,-0.28924560546875,0.82208251953125,0.39691162109375,0.02337646484375,-0.302734375,0.8538818359375,0.422607421875,-0.09941300101902174,-0.14997664741847827,0.97052001953125,0.1602517832880435
283,0.67205810546875,-0.58154296875,-0.308349609375,-0.339111328125,0.6363525390625,0.69659423828125,-0.193603515625,0.26873779296875,0.08538818359375,-0.3194580078125,0.896240234375,0.29547119140625,0.28802490234375,-0.28912353515625,0.8221435546875,0.3968505859375,0.0234375,-0.30255126953125,0.85400390625,0.42254638671875,-0.099365234375,-0.14990234375,0.97052001953125,0.16021728515625
284,0.67205810546875,-0.58154296875,-0.308349609375,-0.339111328125,0.6363525390625,0.69659423828125,-0.193603515625,0.26873779296875,0.08538818359375,-0.3194580078125,0.896240234375,0.29547119140625,0.28802490234375,-0.28912353515625,0.8221435546875,0.3968505859375,0.0234375,-0.30255126953125,0.85400390625,0.42254638671875,-0.0994819972826087,-0.1500191066576087,0.97052001953125,0.16015890370244565
285,0.67205810546875,-0.5815933890964674,-0.30814792798913043,-0.339111328125,0.6363021187160326,0.69659423828125,-0.19365393597146738,0.2687882133152174,0.08553944463315218,-0.31941820227581524,0.896240234375,0.29541015625,0.28817616338315216,-0.2890731148097826,0.8220931343410326,0.3968505859375,0.023639181385869568,-0.3025618843410326,0.8539534859035326,0.4225357719089674,-0.09933604364809782,-0.14992357336956522,0.97052001953125,0.16025709069293478
286,0.67205810546875,-0.58160400390625,-0.30810546875,-0.339111328125,0.63629150390625,0.69659423828125,-0.19366455078125,0.268798828125,0.0855712890625,-0.31939697265625,0.896240234375,0.29541015625,0.2882080078125,-0.2890625,0.82208251953125,0.3968505859375,0.023681640625,-0.30255126953125,0.85394287109375,0.42254638671875,-0.09930419921875,-0.14990234375,0.97052001953125,0.1602783203125
287,0.6720926036005435,-0.5815695057744565,-0.30810546875,-0.33914582625679346,0.63629150390625,0.69659423828125,-0.19359555451766305,0.26890232252038043,0.08554475203804347,-0.31937043563179346,0.896240234375,0.29543669327445654,0.28818147078804346,-0.28909699813179346,0.82208251953125,0.39681608780570654,0.02365510360054348,-0.30252473250679346,0.8539773692255435,0.422538425611413,-0.09926970108695653,-0.1499368418817935,0.97052001953125,0.16020932404891305
288,0.672119140625,-0.58154296875,-0.30810546875,-0.33917236328125,0.63629150390625,0.69659423828125,-0.19354248046875,0.26898193359375,0.0855712890625,-0.31939697265625,0.896240234375,0.29541015625,0.2882080078125,-0.28912353515625,0.82208251953125,0.39678955078125,0.023681640625,-0.30255126953125,0.85400390625,0.4224853515625,-0.09921662703804347,-0.14996337890625,0.97052001953125,0.1601297129755435
289,0.67205810546875,-0.58160400390625,-0.30804443359375,-0.33917236328125,0.63623046875,0.6966552734375,-0.193603515625,0.2689208984375,0.0855712890625,-0.31927490234375,0.896240234375,0.29559326171875,0.2882080078125,-0.28900146484375,0.82208251953125,0.3968505859375,0.02362060546875,-0.30242919921875,0.85400390625,0.42254638671875,-0.09918212890625,-0.14990234375,0.97052001953125,0.16021728515625
290,0.67205810546875,-0.58160400390625,-0.30804443359375,-0.33917236328125,0.63623046875,0.6966552734375,-0.193603515625,0.2689208984375,0.08558190387228261,-0.31925367272418476,0.8962508491847826,0.2955826469089674,0.2882080078125,-0.28900146484375,0.82208251953125,0.3968505859375,0.02362060546875,-0.30242919921875,0.85400390625,0.42254638671875,-0.09917151409646739,-0.14990234375,0.9705306343410326,0.16018544072690216
291,0.67205810546875,-0.58172607421875,-0.30792236328125,-0.339111328125,0.6361773947010869,0.6967083474864131,-0.19372823963994565,0.2688014818274457,0.085693359375,-0.3189697265625,0.8963623046875,0.29559326171875,0.28826904296875,-0.28875732421875,0.8221435546875,0.3968505859375,0.02374267578125,-0.30224609375,0.85406494140625,0.422607421875,-0.09906005859375,-0.1497802734375,0.9705810546875,0.16015625
292,0.67205810546875,-0.58172607421875,-0.30792236328125,-0.339111328125,0.6363525390625,0.696533203125,-0.19378662109375,0.26885986328125,0.085693359375,-0.3189697265625,0.8963623046875,0.29559326171875,0.28826904296875,-0.28875732421875,0.8221435546875,0.3968505859375,0.02374267578125,-0.30224609375,0.85406494140625,0.422607421875,-0.09906005859375,-0.1497802734375,0.9705810546875,0.16015625
293,0.67205810546875,-0.581787109375,-0.307861328125,-0.339111328125,0.6362437372622283,0.6965809697690217,-0.19379988960597827,0.26875106148097827,0.08575439453125,-0.31884765625,0.8963623046875,0.295654296875,0.28826904296875,-0.28863525390625,0.8221435546875,0.39691162109375,0.02386474609375,-0.3021240234375,0.85400390625,0.4227294921875,-0.0989990234375,-0.14971923828125,0.9705810546875,0.16015625
294,0.67205810546875,-0.581787109375,-0.307861328125,-0.339111328125,0.63623046875,0.69659423828125,-0.19378662109375,0.26873779296875,0.08575439453125,-0.31884765625,0.8963623046875,0.295654296875,0.28826904296875,-0.28863525390625,0.8221435546875,0.39691162109375,0.02386474609375,-0.3021240234375,0.85400390625,0.4227294921875,-0.0989990234375,-0.14971923828125,0.9705810546875,0.16015625
295,0.67205810546875,-0.58172607421875,-0.3079833984375,-0.33905029296875,0.6363525390625,0.6965623938519022,-0.1937600840692935,0.26873779296875,0.085693359375,-0.3187255859375,0.8963623046875,0.29571533203125,0.2882080078125,-0.28863525390625,0.8221435546875,0.39697265625,0.02386474609375,-0.3021240234375,0.85406494140625,0.42266845703125,-0.0989990234375,-0.14971923828125,0.9705810546875,0.16015625
296,0.67205810546875,-0.58172607421875,-0.3079833984375,-0.33905029296875,0.6363525390625,0.696533203125,-0.19384765625,0.26873779296875,0.085693359375,-0.3187255859375,0.8963623046875,0.29571533203125,0.2882080078125,-0.28863525390625,0.8221435546875,0.39697265625,0.02386474609375,-0.3021240234375,0.85406494140625,0.42266845703125,-0.09895125679347826,-0.14971923828125,0.9706049380095109,0.16013236667798914
297,0.67193603515625,-0.58184814453125,-0.3079833984375,-0.3389892578125,0.636307426120924,0.696639351222826,-0.19384765625,0.2685706097146739,0.08575439453125,-0.31854248046875,0.89642333984375,0.29583740234375,0.28826904296875,-0.28839111328125,0.8221435546875,0.3970947265625,0.0238037109375,-0.30194091796875,0.85406494140625,0.42279052734375,-0.0989990234375,-0.149658203125,0.9705810546875,0.1602783203125
298,0.67193603515625,-0.58184814453125,-0.3079833984375,-0.3389892578125,0.6363525390625,0.69659423828125,-0.19384765625,0.26861572265625,0.08575439453125,-0.31854248046875,0.8964313009510869,0.29581351902173914,0.28826904296875,-0.28839111328125,0.8221435546875,0.3970947265625,0.0238037109375,-0.30194091796875,0.85406494140625,0.42279052734375,-0.09899106233016304,-0.149658203125,0.9705890157948369,0.16025443699048914
299,0.67193603515625,-0.58197021484375,-0.3079833984375,-0.33892822265625,0.63641357421875,0.696533203125,-0.19403076171875,0.26861572265625,0.08575439453125,-0.31842041015625,0.896484375,0.2957763671875,0.2882080078125,-0.2882080078125,0.822265625,0.39703369140625,0.02386474609375,-0.30181884765625,0.8541259765625,0.42279052734375,-0.0989990234375,-0.14959716796875,0.97064208984375,0.16015625
