timestep,imu0_w,imu0_x,imu0_y,imu0_z,imu1_w,imu1_x,imu1_y,imu1_z,imu2_w,imu2_x,imu2_y,imu2_z,imu3_w,imu3_x,imu3_y,imu3_z,imu4_w,imu4_x,imu4_y,imu4_z,imu5_w,imu5_x,imu5_y,imu5_z
0,0.80853271484375,-0.56231689453125,-0.13018798828125,-0.11431884765625,0.665771484375,0.1798095703125,0.41754150390625,0.591552734375,0.9854736328125,0.09490966796875,0.130126953125,-0.05364990234375,0.969970703125,-0.04296875,0.2391357421875,0.006103515625,0.8856201171875,-0.2724609375,0.37567138671875,0.01531982421875,0.8489990234375,-0.367919921875,0.31854248046875,0.20562744140625
1,0.8084716796875,-0.56243896484375,-0.1300048828125,-0.11431884765625,0.66583251953125,0.17987060546875,0.4173583984375,0.591552734375,0.9854736328125,0.094970703125,0.1300048828125,-0.05364990234375,0.97003173828125,-0.04273257048233696,0.23906674592391305,0.006087593410326087,0.88568115234375,-0.2723388671875,0.3756103515625,0.015471085258152174,0.8489990234375,-0.36785888671875,0.3184814453125,0.2056884765625
2,0.808426566745924,-0.562484077785326,-0.1300048828125,-0.11427373471467392,0.6658935546875,0.17996083135190216,0.41754150390625,0.591385551120924,0.985428519870924,0.09501581606657608,0.13004999575407608,-0.05369501528532609,0.97003173828125,-0.042634383491847824,0.23907470703125,0.006058402683423913,0.88568115234375,-0.2722937542459239,0.3756554645040761,0.0155029296875,0.849044136379076,-0.3678137737771739,0.3184814453125,0.2056884765625
3,0.80841064453125,-0.5625,-0.1300048828125,-0.1142578125,0.6658935546875,0.17999267578125,0.41754150390625,0.59136962890625,0.98541259765625,0.09503173828125,0.13018798828125,-0.05364990234375,0.97003173828125,-0.04271399456521739,0.23900040336277173,0.00607963230298913,0.88568115234375,-0.27235213569972827,0.37559708305027173,0.01542862601902174,0.84893798828125,-0.36785888671875,0.31854248046875,0.205810546875
4,0.80841064453125,-0.5625,-0.1300048828125,-0.1142578125,0.6658935546875,0.18011474609375,0.41754150390625,0.59136962890625,0.98541259765625,0.09503173828125,0.13018798828125,-0.05364990234375,0.97003173828125,-0.04278564453125,0.23895263671875,0.006103515625,0.88568115234375,-0.27239990234375,0.37554931640625,0.015380859375,0.84893798828125,-0.36785888671875,0.31854248046875,0.205810546875
5,0.80841064453125,-0.5625,-0.1300048828125,-0.1142578125,0.6658935546875,0.18011474609375,0.41754150390625,0.59136962890625,0.98541259765625,0.09503173828125,0.13018798828125,-0.05364990234375,0.97003173828125,-0.042724609375,0.239013671875,0.00604248046875,0.8857421875,-0.2723388671875,0.37542724609375,0.015380859375,0.84893798828125,-0.367919921875,0.3184814453125,0.20587158203125
6,0.8084239130434783,-0.5624867314877717,-0.1300048828125,-0.11424454398777174,0.6658457880434783,0.18017578125,0.41748046875,0.5914173955502717,0.98541259765625,0.09501846976902174,0.13018798828125,-0.053663170855978264,0.97003173828125,-0.042737877887228264,0.23902694038722827,0.006029211956521739,0.8857421875,-0.27236540421195654,0.37542724609375,0.01536759086277174,0.84893798828125,-0.36793319038722827,0.31849471382472827,0.20585831351902173
7,0.8084716796875,-0.56243896484375,-0.1300048828125,-0.11419677734375,0.6658935546875,0.18017578125,0.41748046875,0.59136962890625,0.9854736328125,0.09490966796875,0.130126953125,-0.05364990234375,0.969970703125,-0.04296875,0.23919677734375,0.00604248046875,0.88568115234375,-0.27252197265625,0.37542724609375,0.015380859375,0.848876953125,-0.3680419921875,0.3184814453125,0.2059326171875
8,0.8084132982336957,-0.5625557277513586,-0.1300048828125,-0.11408001443614131,0.6658935546875,0.18017578125,0.41748046875,0.59136962890625,0.9854152513586957,0.09502643087635869,0.1302437160326087,-0.053708283797554345,0.969970703125,-0.04279360563858696,0.23925515879755435,0.005984099014945652,0.88568115234375,-0.2724052097486413,0.3755440090013587,0.015380859375,0.8489353345788043,-0.367866847826087,0.3185398267663043,0.2059326171875
9,0.80841064453125,-0.56256103515625,-0.1300048828125,-0.11407470703125,0.6658935546875,0.18017578125,0.41748046875,0.59136962890625,0.98541259765625,0.09478759765625,0.13037109375,-0.05352783203125,0.96990966796875,-0.04290771484375,0.239501953125,0.00616455078125,0.8856307319972826,-0.2724503226902174,0.37565015709918476,0.015532120414402174,0.84881591796875,-0.36798095703125,0.31866455078125,0.2060546875
10,0.8083681852921195,-0.5626459536345109,-0.12991996433423914,-0.11403224779211957,0.6659360139266305,0.18013332201086957,0.41752292798913043,0.5913271696671195,0.98541259765625,0.09491497537364131,0.13032863451086957,-0.05361275050951087,0.96990966796875,-0.04282279636548913,0.23945949388586957,0.006079632302989131,0.8856625764266305,-0.2723335597826087,0.37567138671875,0.015521505604619566,0.8489008364470109,-0.3678535793138587,0.31862209154211957,0.20601222826086957
11,0.808349609375,-0.56268310546875,-0.1298828125,-0.114013671875,0.66595458984375,0.18011474609375,0.41754150390625,0.59130859375,0.98541259765625,0.09490966796875,0.13037109375,-0.0535888671875,0.96990966796875,-0.04278564453125,0.239501953125,0.0062255859375,0.8856121560801631,-0.27227783203125,0.37577488111413043,0.015606424082880434,0.848876953125,-0.3677978515625,0.3187255859375,0.20611572265625
12,0.8083230723505435,-0.5627627165421195,-0.12982973845108695,-0.11398713485054347,0.6659200917119565,0.18019435716711957,0.417610500169837,0.5911865234375,0.98541259765625,0.09498927904211957,0.1303445567255435,-0.05364194123641304,0.96990966796875,-0.04270603345788043,0.2394754161005435,0.006199048913043478,0.8856121560801631,-0.2721716839334239,0.3758544921875,0.01565949813179348,0.8489034901494565,-0.3676917034646739,0.3187255859375,0.2060891856317935
13,0.80828857421875,-0.5628662109375,-0.1297607421875,-0.11395263671875,0.66595458984375,0.1802978515625,0.41754150390625,0.5911865234375,0.98541259765625,0.09503173828125,0.130126953125,-0.05364990234375,0.969970703125,-0.042724609375,0.23931884765625,0.00616455078125,0.88568115234375,-0.27215576171875,0.375732421875,0.0157470703125,0.848876953125,-0.36767578125,0.31878662109375,0.2061767578125
14,0.80828857421875,-0.5628662109375,-0.12969970703125,-0.1138916015625,0.66595458984375,0.18035888671875,0.4176025390625,0.5911865234375,0.9854232124660326,0.09506092900815218,0.13009510869565216,-0.053750743036684784,0.969970703125,-0.04266357421875,0.23931884765625,0.00604248046875,0.88568115234375,-0.27215576171875,0.37579345703125,0.015625,0.848876953125,-0.36761474609375,0.31878662109375,0.2060546875
15,0.80828857421875,-0.5628662109375,-0.12969970703125,-0.1138916015625,0.66595458984375,0.18035888671875,0.4176025390625,0.5911865234375,0.9854736328125,0.09490966796875,0.12994384765625,-0.05364990234375,0.96990966796875,-0.0426025390625,0.2393798828125,0.00616455078125,0.8856201171875,-0.27203369140625,0.37591552734375,0.01580810546875,0.84893798828125,-0.36767578125,0.318603515625,0.20623779296875
16,0.8082328464673914,-0.5629219386888586,-0.12969970703125,-0.11378014605978261,0.6658431343410326,0.18047034222146738,0.4176025390625,0.5912422511888586,0.9854179050611414,0.09502112347146739,0.13005530315896738,-0.05376135784646739,0.96990966796875,-0.042546811311141304,0.2394356105638587,0.006108823029891305,0.8856201171875,-0.2719779636548913,0.3759712550951087,0.015752377717391304,0.84893798828125,-0.3676200534986413,0.3186592433763587,0.20623779296875
17,0.8082275390625,-0.56292724609375,-0.12969970703125,-0.11376953125,0.66583251953125,0.18048095703125,0.4176025390625,0.59124755859375,0.9854736328125,0.094970703125,0.12994384765625,-0.0537109375,0.96990966796875,-0.042724609375,0.23944091796875,0.00616455078125,0.8855723505434783,-0.27225925611413043,0.37588102921195654,0.015938136888586956,0.84869384765625,-0.367919921875,0.3187255859375,0.20660400390625
18,0.8080683169157609,-0.5631660793138586,-0.12969970703125,-0.11365011463994565,0.6659121306046195,0.18048095703125,0.4176025390625,0.5911281419836957,0.9854338272758152,0.09524934188179347,0.13002345872961957,-0.05379054857336957,0.96990966796875,-0.04244597061820652,0.23956033457880435,0.006124745244565217,0.8855988875679348,-0.27206022843070654,0.3759739087975543,0.016031016474184784,0.8487734587296195,-0.36760147758152173,0.31880519701086957,0.20664380944293478
19,0.8079833984375,-0.56329345703125,-0.12969970703125,-0.11358642578125,0.66595458984375,0.18048095703125,0.4176025390625,0.591064453125,0.9854736328125,0.09478759765625,0.1300048828125,-0.05364990234375,0.9698486328125,-0.04290771484375,0.23968505859375,0.00653076171875,0.8855564283288043,-0.27213453209918476,0.37603759765625,0.016307001528532608,0.84844970703125,-0.367919921875,0.3189697265625,0.2071533203125
20,0.8078400985054348,-0.5635322902513586,-0.12965194038722827,-0.11351477581521739,0.6660262398097826,0.18055260699728262,0.4174831224524457,0.5910405698029891,0.9854258661684783,0.09507419752038043,0.13005264945652173,-0.05372155230978261,0.9698486328125,-0.04262111497961957,0.23973282523777173,0.006506878396739131,0.8855458135190217,-0.27205226732336957,0.3761092476222826,0.016564410665760868,0.8485452403192935,-0.36765720533288043,0.31899360988451086,0.20717720363451086
21,0.8076171875,-0.56390380859375,-0.12957763671875,-0.1134033203125,0.6661376953125,0.1806640625,0.41729736328125,0.59100341796875,0.9854736328125,0.09503173828125,0.12969970703125,-0.05377197265625,0.9698486328125,-0.0426025390625,0.2396240234375,0.006591796875,0.8856201171875,-0.2717338230298913,0.37614109205163043,0.016665251358695652,0.84844970703125,-0.36785888671875,0.31878662109375,0.20751953125
22,0.80755615234375,-0.56396484375,-0.12982177734375,-0.11328125,0.66619873046875,0.18072509765625,0.41729736328125,0.59100341796875,0.9854205587635869,0.09503173828125,0.12996507727581522,-0.05377993376358696,0.9697955587635869,-0.0426025390625,0.23984428074048914,0.006636909816576088,0.885498046875,-0.27203369140625,0.37615966796875,0.0169677734375,0.848388671875,-0.36773681640625,0.31903076171875,0.2076416015625
23,0.80755615234375,-0.56396484375,-0.12982177734375,-0.11328125,0.66619873046875,0.18072509765625,0.41729736328125,0.59100341796875,0.9854736328125,0.09503173828125,0.12969970703125,-0.0538330078125,0.9698486328125,-0.0426025390625,0.23968505859375,0.00653076171875,0.88555908203125,-0.2720947265625,0.3759765625,0.01690673828125,0.848388671875,-0.367919921875,0.31878662109375,0.20770263671875
24,0.80755615234375,-0.5639117697010869,-0.13003407353940216,-0.11322817595108696,0.666304878566576,0.18077817170516305,0.41729736328125,0.5908441958220109,0.9854736328125,0.09492559018342392,0.12985892917798914,-0.05377993376358696,0.9697955587635869,-0.04270868716032609,0.23984428074048914,0.006583835767663044,0.885452933933424,-0.272147800611413,0.37613578464673914,0.017012886379076088,0.848282523777174,-0.367972995923913,0.31894584324048914,0.20780878481657608
25,0.80755615234375,-0.56390380859375,-0.13006591796875,-0.11322021484375,0.66632080078125,0.1807861328125,0.41729736328125,0.5908203125,0.9854736328125,0.094970703125,0.1298828125,-0.05377197265625,0.96978759765625,-0.042724609375,0.23992919921875,0.00653076171875,0.88543701171875,-0.2722008746603261,0.3762047809103261,0.016983695652173912,0.8482666015625,-0.36798095703125,0.31903076171875,0.20782470703125
26,0.80755615234375,-0.5639409604279891,-0.13014022163722827,-0.11314591117527174,0.6664694081182065,0.18082328464673914,0.41726021144701086,0.5906717051630435,0.9854364809782609,0.09500785495923914,0.12999426800271738,-0.05380912449048913,0.9697504458220109,-0.04268745754076087,0.24000350288722827,0.00653076171875,0.8853998598845109,-0.27217964504076086,0.37629500679347827,0.0169677734375,0.8482294497282609,-0.36794380519701086,0.31910506538722827,0.20786185886548914
27,0.80755615234375,-0.56396484375,-0.13018798828125,-0.11309814453125,0.66656494140625,0.18084716796875,0.417236328125,0.590576171875,0.9854736328125,0.09478759765625,0.1298828125,-0.05377197265625,0.9697265625,-0.0428466796875,0.24017333984375,0.00665283203125,0.8853467858355978,-0.2722725246263587,0.3763427734375,0.017084536345108696,0.84808349609375,-0.36822509765625,0.319091796875,0.2080078125
28,0.807373046875,-0.564208984375,-0.13018798828125,-0.11297607421875,0.66668701171875,0.180908203125,0.4171142578125,0.590576171875,0.98541259765625,0.09503173828125,0.1300048828125,-0.0538330078125,0.9697265625,-0.04254150390625,0.24029541015625,0.00665283203125,0.88531494140625,-0.2720947265625,0.37652587890625,0.01727294921875,0.84814453125,-0.367919921875,0.31915283203125,0.20806884765625
29,0.807373046875,-0.564208984375,-0.13018798828125,-0.11297607421875,0.66668701171875,0.180908203125,0.4171142578125,0.590576171875,0.9854736328125,0.0948486328125,0.1300048828125,-0.0535888671875,0.96966552734375,-0.0428466796875,0.24029541015625,0.00689697265625,0.8853016728940217,-0.272147800611413,0.37651261039402173,0.017326023267663044,0.84814453125,-0.3680419921875,0.319091796875,0.2081298828125
30,0.80731201171875,-0.5643310546875,-0.130126953125,-0.11285400390625,0.666748046875,0.18084716796875,0.41717529296875,0.5904541015625,0.9854736328125,0.09494947350543478,0.13005530315896738,-0.053705630095108696,0.9696708347486414,-0.04267418902853261,0.24034583050271738,0.006841244904891304,0.88531494140625,-0.27215576171875,0.37652587890625,0.0174560546875,0.84820556640625,-0.36785888671875,0.31915283203125,0.20806884765625
31,0.80731201171875,-0.5643310546875,-0.130126953125,-0.11285400390625,0.666748046875,0.18084716796875,0.41717529296875,0.5904541015625,0.9854736328125,0.0947265625,0.12994384765625,-0.05364990234375,0.9697265625,-0.04278564453125,0.240234375,0.00689697265625,0.88531494140625,-0.27215576171875,0.37652587890625,0.0174560546875,0.8481471849524457,-0.3679172681725543,0.3190944505774457,0.20812722911005435
32,0.80731201171875,-0.5643814750339674,-0.13002611243206522,-0.11280358355978261,0.666748046875,0.18079674762228262,0.41717529296875,0.5904541015625,0.9854736328125,0.09477698284646739,0.12989342730978262,-0.053750743036684784,0.9697265625,-0.04273522418478261,0.24018395465353262,0.006796131963315218,0.8853043265964674,-0.27211595618206524,0.3765869140625,0.017466669497282608,0.8481949515964674,-0.3678695015285326,0.319091796875,0.20802904211956522
33,0.80731201171875,-0.56439208984375,-0.1300048828125,-0.11279296875,0.666748046875,0.1807861328125,0.41717529296875,0.5904541015625,0.9854736328125,0.09478759765625,0.130126953125,-0.0535888671875,0.96966552734375,-0.042724609375,0.2403564453125,0.00689697265625,0.8851875636888586,-0.27217964504076086,0.37679921025815216,0.01762589164402174,0.8480224609375,-0.36798095703125,0.3193359375,0.2083740234375
34,0.80731201171875,-0.564453125,-0.1298828125,-0.11279296875,0.6668435801630435,0.18064814028532608,0.4171912151834239,0.5903851052989131,0.9854736328125,0.0948486328125,0.13006591796875,-0.05364990234375,0.9697265625,-0.04266357421875,0.240234375,0.0068359375,0.88519287109375,-0.27215576171875,0.3768310546875,0.01763916015625,0.84808349609375,-0.367919921875,0.31927490234375,0.20831298828125
35,0.80731201171875,-0.564453125,-0.1298828125,-0.11279296875,0.6668701171875,0.1805419921875,0.41729736328125,0.59033203125,0.9854736328125,0.0946044921875,0.13037109375,-0.0535888671875,0.96966552734375,-0.04278564453125,0.24053955078125,0.0069580078125,0.8851397970448369,-0.27218229874320654,0.3769372027853261,0.017692234205163044,0.847900390625,-0.3680419921875,0.3194580078125,0.20855712890625
36,0.80718994140625,-0.56463623046875,-0.12969970703125,-0.1129150390625,0.6668886931046195,0.18060302734375,0.41706649116847827,0.5903797978940217,0.9854736328125,0.0948486328125,0.13018798828125,-0.05352783203125,0.9696469514266305,-0.042597231657608696,0.24044932489809784,0.007037618885869565,0.88519287109375,-0.27203369140625,0.37689208984375,0.01776123046875,0.8480224609375,-0.36785888671875,0.31927490234375,0.20855712890625
37,0.80718994140625,-0.56463623046875,-0.12969970703125,-0.1129150390625,0.66693115234375,0.18060302734375,0.417236328125,0.5902099609375,0.9854736328125,0.0946044921875,0.1302490234375,-0.0535888671875,0.9696044921875,-0.042724609375,0.24066162109375,0.007080078125,0.8851610266644022,-0.272086765455163,0.37692393427309784,0.017814304517663044,0.84783935546875,-0.36798095703125,0.3194580078125,0.20880126953125
38,0.80712890625,-0.56463623046875,-0.12969970703125,-0.11297607421875,0.6668701171875,0.1806640625,0.417236328125,0.59033203125,0.9854709791100543,0.09466552734375,0.1302543308423913,-0.053533139436141304,0.9696018384850543,-0.042666227921195655,0.24061120074728262,0.007133152173913044,0.885009765625,-0.2723388671875,0.37701416015625,0.01812744140625,0.84783935546875,-0.367919921875,0.31939697265625,0.2088623046875
39,0.80712890625,-0.56463623046875,-0.12969970703125,-0.11297607421875,0.6668701171875,0.1806640625,0.417236328125,0.59033203125,0.98541259765625,0.09466552734375,0.13037109375,-0.05364990234375,0.96954345703125,-0.042724609375,0.2408447265625,0.0069580078125,0.885009765625,-0.2723388671875,0.37701416015625,0.01812744140625,0.8477278999660326,-0.3680313773777174,0.31961988366168476,0.20897376019021738
40,0.80712890625,-0.56463623046875,-0.12969970703125,-0.11309814453125,0.6667613153872283,0.18065079398777173,0.41728409476902173,0.59039306640625,0.9854736328125,0.09466552734375,0.13031005859375,-0.05352783203125,0.96954345703125,-0.042772376019021736,0.24092699133831522,0.006923509680706524,0.8848876953125,-0.27264404296875,0.3770751953125,0.018310546875,0.84771728515625,-0.3680419921875,0.319580078125,0.20904541015625
41,0.80712890625,-0.56463623046875,-0.12969970703125,-0.11309814453125,0.666748046875,0.1806640625,0.41729736328125,0.59039306640625,0.9854736328125,0.09454345703125,0.13037109375,-0.0537109375,0.96954345703125,-0.04278564453125,0.240966796875,0.00689697265625,0.8848876953125,-0.27264404296875,0.3770751953125,0.018310546875,0.8476376740828805,-0.3680419921875,0.31973930027173914,0.20904541015625
42,0.80712890625,-0.564697265625,-0.12969970703125,-0.1131591796875,0.6666551672894022,0.18072775135869565,0.4173000169836957,0.5904541015625,0.9854736328125,0.0946044921875,0.13037109375,-0.05364990234375,0.9695116126019022,-0.042753800101902176,0.24099864130434784,0.00689697265625,0.88482666015625,-0.272705078125,0.37713623046875,0.01824951171875,0.84759521484375,-0.3680419921875,0.31976318359375,0.2091064453125
43,0.80712890625,-0.564697265625,-0.12969970703125,-0.1131591796875,0.6666259765625,0.1807861328125,0.4173583984375,0.5904541015625,0.98541259765625,0.09466552734375,0.13055419921875,-0.0537109375,0.969482421875,-0.042724609375,0.24102783203125,0.00689697265625,0.8848027768342391,-0.272705078125,0.3772556470788043,0.018225628396739132,0.8475341796875,-0.3680419921875,0.3199462890625,0.20904541015625
44,0.80712890625,-0.56463623046875,-0.129638671875,-0.11328125,0.666702933933424,0.18067998471467392,0.4172814410665761,0.5904832922894022,0.98541259765625,0.09469737177309782,0.13046397333559784,-0.0535888671875,0.96954345703125,-0.04272195567255435,0.24093760614809784,0.0069580078125,0.884765625,-0.272705078125,0.3773193359375,0.01824951171875,0.84759521484375,-0.3681640625,0.31982421875,0.20904541015625
45,0.80712890625,-0.56463623046875,-0.129638671875,-0.11328125,0.666748046875,0.18072509765625,0.417236328125,0.59039306640625,0.98541259765625,0.09478759765625,0.13055419921875,-0.0535888671875,0.96954345703125,-0.04254150390625,0.24102783203125,0.0069580078125,0.8847576638926631,-0.272713039232337,0.3773352581521739,0.018265433933423916,0.847412109375,-0.3680419921875,0.3201904296875,0.2093505859375
46,0.80712890625,-0.56463623046875,-0.1295166015625,-0.11322021484375,0.6668701171875,0.18072509765625,0.41717529296875,0.59033203125,0.98541259765625,0.09478759765625,0.1304931640625,-0.0537109375,0.96954345703125,-0.04254150390625,0.240966796875,0.0068359375,0.884765625,-0.272705078125,0.37744140625,0.01824951171875,0.84747314453125,-0.36798095703125,0.32012939453125,0.209228515625
47,0.80712890625,-0.56463623046875,-0.1295166015625,-0.11322021484375,0.6668701171875,0.18072509765625,0.417236328125,0.59027099609375,0.98541259765625,0.0946044921875,0.1304931640625,-0.0535888671875,0.96954345703125,-0.04254150390625,0.2408447265625,0.0069580078125,0.884765625,-0.272705078125,0.37744140625,0.01824951171875,0.8474200704823369,-0.36798095703125,0.320182468580163,0.20944081182065216
48,0.80718994140625,-0.5645751953125,-0.12939453125,-0.11322021484375,0.6667958135190217,0.18060302734375,0.4172204059103261,0.5904063349184783,0.9854736328125,0.09454345703125,0.13037109375,-0.05364990234375,0.969649605129076,-0.042512313179347824,0.24054220448369565,0.007106615149456524,0.88482666015625,-0.272705078125,0.37725830078125,0.01824951171875,0.847412109375,-0.3680419921875,0.32012939453125,0.2093505859375
49,0.80718994140625,-0.5645751953125,-0.12939453125,-0.11322021484375,0.666748046875,0.18060302734375,0.417236328125,0.5904541015625,0.98541259765625,0.09478759765625,0.1307373046875,-0.05340576171875,0.96966552734375,-0.04248046875,0.240478515625,0.0072021484375,0.88482666015625,-0.272705078125,0.37725830078125,0.01824951171875,0.847412109375,-0.36800484035326086,0.32005509086277173,0.2094991932744565
50,0.807373046875,-0.56439208984375,-0.12933349609375,-0.1131591796875,0.6667825450067935,0.180419921875,0.41738758916440216,0.5903585682744565,0.9854417883831522,0.09451426630434782,0.13055685292119565,-0.053437606148097824,0.96966552734375,-0.04257600203804348,0.24044667119565216,0.007138459578804348,0.88482666015625,-0.2728271484375,0.37713623046875,0.018310546875,0.84735107421875,-0.3681640625,0.320068359375,0.20947265625
51,0.807373046875,-0.56439208984375,-0.12933349609375,-0.1131591796875,0.66668701171875,0.180419921875,0.41741943359375,0.5904541015625,0.9854736328125,0.094482421875,0.1304931640625,-0.05340576171875,0.96966552734375,-0.04248046875,0.240478515625,0.0072021484375,0.8847842009171195,-0.27284837805706524,0.37717868970788043,0.018353006114130432,0.84722900390625,-0.3682861328125,0.320068359375,0.209716796875
52,0.807373046875,-0.56439208984375,-0.1292724609375,-0.11309814453125,0.666748046875,0.18046768851902173,0.41741943359375,0.5903797978940217,0.9854736328125,0.09446915336277174,0.1304931640625,-0.05350129500679348,0.96966552734375,-0.0426025390625,0.240478515625,0.00732421875,0.88470458984375,-0.27288818359375,0.37725830078125,0.01837158203125,0.8472900390625,-0.36822509765625,0.32012939453125,0.2095947265625
53,0.807373046875,-0.56439208984375,-0.1292724609375,-0.11309814453125,0.666748046875,0.180419921875,0.41741943359375,0.59033203125,0.9854736328125,0.09442138671875,0.1304931640625,-0.05340576171875,0.96966552734375,-0.0426025390625,0.240478515625,0.00732421875,0.88470458984375,-0.27288818359375,0.3772689155910326,0.018376889436141304,0.84722900390625,-0.36822509765625,0.32012939453125,0.209716796875
54,0.807373046875,-0.564453125,-0.12921142578125,-0.11309814453125,0.66680908203125,0.180419921875,0.4173583984375,0.59033203125,0.9854736328125,0.094482421875,0.13043212890625,-0.053466796875,0.9696071458899457,-0.042424740998641304,0.2405952785326087,0.00732421875,0.88470458984375,-0.2728271484375,0.3773193359375,0.0184326171875,0.8472900390625,-0.3681640625,0.32012939453125,0.209716796875
55,0.807373046875,-0.564453125,-0.12921142578125,-0.11309814453125,0.6669921875,0.18048095703125,0.41741943359375,0.590087890625,0.98541259765625,0.09454345703125,0.13067626953125,-0.05328369140625,0.9696044921875,-0.04241943359375,0.2406005859375,0.00732421875,0.88470458984375,-0.2728271484375,0.3773193359375,0.0184326171875,0.8472900390625,-0.3682144828464674,0.32002855383831524,0.209716796875
56,0.807373046875,-0.56439208984375,-0.1292724609375,-0.113037109375,0.66693115234375,0.1805419921875,0.41748046875,0.59002685546875,0.98541259765625,0.094482421875,0.1307373046875,-0.0533447265625,0.9696469514266305,-0.04243800951086957,0.2405952785326087,0.00726318359375,0.88470458984375,-0.27276611328125,0.37738037109375,0.0184326171875,0.8472900390625,-0.36822509765625,0.320068359375,0.209716796875
57,0.807373046875,-0.56439208984375,-0.1292724609375,-0.113037109375,0.66717529296875,0.18048095703125,0.41741943359375,0.58984375,0.98541259765625,0.0946044921875,0.130615234375,-0.0533447265625,0.96966552734375,-0.04241943359375,0.24053955078125,0.00726318359375,0.88470458984375,-0.27276611328125,0.37738037109375,0.0184326171875,0.8473245371942935,-0.36825959578804346,0.31996486497961957,0.2096822987432065
58,0.807373046875,-0.56439208984375,-0.12945556640625,-0.11297607421875,0.6671142578125,0.1805419921875,0.417549465013587,0.5898702870244565,0.9854391346807065,0.09449038298233696,0.13063911769701086,-0.05337126358695652,0.96966552734375,-0.04254150390625,0.240478515625,0.00732421875,0.884765625,-0.27288818359375,0.37713623046875,0.0184326171875,0.8472900390625,-0.3682861328125,0.32000732421875,0.20977783203125
59,0.807373046875,-0.56439208984375,-0.12945556640625,-0.11297607421875,0.6671142578125,0.1805419921875,0.41748046875,0.58990478515625,0.9854736328125,0.09442138671875,0.13043212890625,-0.05340576171875,0.96966552734375,-0.04254150390625,0.240478515625,0.00732421875,0.884765625,-0.27288818359375,0.37713623046875,0.0184326171875,0.8472528872282609,-0.36832328464673914,0.31998874830163043,0.20985213569972827
60,0.80743408203125,-0.56427001953125,-0.129638671875,-0.1129150390625,0.6669921875,0.18047034222146738,0.41770337975543476,0.5898649796195652,0.9854736328125,0.09432054602581522,0.13056481402853262,-0.05340576171875,0.96966552734375,-0.042724609375,0.24041748046875,0.00726318359375,0.88470458984375,-0.27313232421875,0.3770751953125,0.0184326171875,0.8470458984375,-0.3685302734375,0.320068359375,0.2100830078125
61,0.80743408203125,-0.56427001953125,-0.129638671875,-0.1129150390625,0.6669921875,0.180419921875,0.4176025390625,0.5899658203125,0.9854736328125,0.09442138671875,0.130615234375,-0.05340576171875,0.96966552734375,-0.042724609375,0.24041748046875,0.00726318359375,0.88470458984375,-0.2731376316236413,0.3770778490149457,0.018435270889945652,0.846923828125,-0.36865234375,0.320068359375,0.21026611328125
62,0.807373046875,-0.5643310546875,-0.12969970703125,-0.1129150390625,0.6670426078464674,0.18048095703125,0.4175468113111413,0.5899658203125,0.98541259765625,0.094482421875,0.13067626953125,-0.0533447265625,0.96966552734375,-0.042724609375,0.24041748046875,0.00732421875,0.88470458984375,-0.273193359375,0.377197265625,0.0185546875,0.846923828125,-0.36859130859375,0.320068359375,0.21038818359375
63,0.807373046875,-0.5643310546875,-0.12969970703125,-0.1129150390625,0.66705322265625,0.18048095703125,0.41754150390625,0.5899658203125,0.98541259765625,0.094482421875,0.13067626953125,-0.0533447265625,0.96966552734375,-0.042724609375,0.24041748046875,0.00732421875,0.88470458984375,-0.273193359375,0.377197265625,0.0185546875,0.846923828125,-0.36859130859375,0.32011612601902173,0.21043595023777173
64,0.807373046875,-0.5643310546875,-0.12982177734375,-0.11297607421875,0.6670107634171195,0.18052076256793478,0.41756273352581524,0.5899472443953805,0.98541259765625,0.09444261633831522,0.13069749915081522,-0.05336330247961957,0.96966552734375,-0.04278564453125,0.24041748046875,0.00738525390625,0.8846435546875,-0.2733154296875,0.37725830078125,0.01861572265625,0.84686279296875,-0.36859130859375,0.3201904296875,0.2105712890625
65,0.807373046875,-0.5643310546875,-0.12982177734375,-0.11297607421875,0.66705322265625,0.1805419921875,0.41754150390625,0.58990478515625,0.98541259765625,0.09442138671875,0.13067626953125,-0.05340576171875,0.96966552734375,-0.04278564453125,0.24041748046875,0.00738525390625,0.8846435546875,-0.2733154296875,0.37725830078125,0.01861572265625,0.84686279296875,-0.36855946416440216,0.32022227411684784,0.21053944463315216
66,0.80743408203125,-0.564208984375,-0.1298828125,-0.113037109375,0.66705322265625,0.1804915718410326,0.41761580757472827,0.5898809018342391,0.9854497494904891,0.09433381453804347,0.1307479194972826,-0.05330757472826087,0.96966552734375,-0.0428466796875,0.2403564453125,0.00732421875,0.88458251953125,-0.27337646484375,0.37725830078125,0.01849365234375,0.8468017578125,-0.36871337890625,0.32025146484375,0.21051025390625
67,0.80743408203125,-0.564208984375,-0.1298828125,-0.113037109375,0.66705322265625,0.18060302734375,0.41754150390625,0.58984375,0.98541259765625,0.094482421875,0.130859375,-0.0533447265625,0.96966552734375,-0.0428466796875,0.2403564453125,0.00732421875,0.88458251953125,-0.27337646484375,0.37725830078125,0.01849365234375,0.846817680027174,-0.3686974566915761,0.3202355426290761,0.21047840947690216
68,0.80743408203125,-0.56414794921875,-0.12994384765625,-0.113037109375,0.6670611837635869,0.1805419921875,0.417655613111413,0.5898357888926631,0.98541259765625,0.09442138671875,0.13092837126358695,-0.05332880434782609,0.96966552734375,-0.042724609375,0.24053955078125,0.00726318359375,0.88458251953125,-0.27337646484375,0.37725830078125,0.018310546875,0.84686279296875,-0.36871337890625,0.32025146484375,0.21038818359375
69,0.80743408203125,-0.56414794921875,-0.12994384765625,-0.113037109375,0.6671142578125,0.1805419921875,0.4176025390625,0.58978271484375,0.98541259765625,0.09442138671875,0.1309814453125,-0.05322265625,0.96966552734375,-0.042724609375,0.24053955078125,0.00726318359375,0.88458251953125,-0.27337646484375,0.37725830078125,0.018310546875,0.84686279296875,-0.36871337890625,0.32025146484375,0.21038818359375
70,0.80743408203125,-0.564208984375,-0.12994384765625,-0.113037109375,0.6671142578125,0.1805419921875,0.4176025390625,0.58978271484375,0.98541259765625,0.094482421875,0.1309814453125,-0.05322265625,0.9696044921875,-0.04266357421875,0.2406005859375,0.0072021484375,0.88458251953125,-0.2733154296875,0.37725830078125,0.018310546875,0.84686279296875,-0.36871337890625,0.32025146484375,0.21038818359375
71,0.80743408203125,-0.564208984375,-0.12994384765625,-0.113037109375,0.6669921875,0.18060302734375,0.4176025390625,0.58984375,0.98541259765625,0.09454345703125,0.13104248046875,-0.05316162109375,0.9696044921875,-0.04266357421875,0.2406005859375,0.0072021484375,0.88458251953125,-0.2733154296875,0.37725830078125,0.018310546875,0.846817680027174,-0.36862315302309784,0.3202965777853261,0.21052352241847827
72,0.8074951171875,-0.56414794921875,-0.12982177734375,-0.113037109375,0.6671142578125,0.18048095703125,0.4176025390625,0.58984375,0.98541259765625,0.09455672554347826,0.13088325832201086,-0.05318550441576087,0.9696044921875,-0.04248046875,0.24078369140625,0.00714111328125,0.88458251953125,-0.27325439453125,0.37738037109375,0.018310546875,0.84686279296875,-0.36865234375,0.32025146484375,0.21044921875
73,0.8074951171875,-0.56414794921875,-0.12982177734375,-0.113037109375,0.66705322265625,0.1805419921875,0.41766357421875,0.58978271484375,0.98541259765625,0.0946044921875,0.130859375,-0.05316162109375,0.9696044921875,-0.04248046875,0.24078369140625,0.00714111328125,0.88458251953125,-0.27325439453125,0.37738037109375,0.018310546875,0.8467752207880435,-0.36865234375,0.3203682277513587,0.21059517238451086
74,0.80755615234375,-0.5640869140625,-0.1297607421875,-0.113037109375,0.6671142578125,0.18050218665081522,0.41770603345788043,0.5897004500679348,0.9854338272758152,0.09450099779211957,0.13071342136548914,-0.05320408033288043,0.96954345703125,-0.04266357421875,0.24090576171875,0.0069580078125,0.884521484375,-0.2733154296875,0.37750244140625,0.01837158203125,0.8466796875,-0.36871337890625,0.32049560546875,0.210693359375
75,0.80755615234375,-0.5640869140625,-0.1297607421875,-0.113037109375,0.6671142578125,0.1805419921875,0.41778564453125,0.58966064453125,0.9854736328125,0.09442138671875,0.13055419921875,-0.05328369140625,0.96954345703125,-0.04266357421875,0.24090576171875,0.0069580078125,0.884521484375,-0.2733154296875,0.37750244140625,0.01837158203125,0.8466398819633152,-0.36871337890625,0.320548679517663,0.21077297044836957
76,0.80755615234375,-0.5640869140625,-0.12957763671875,-0.113037109375,0.667252250339674,0.18049157184103262,0.4176582668138587,0.589583687160326,0.9854736328125,0.09441607931385869,0.13038170855978262,-0.05332880434782609,0.96954345703125,-0.04248046875,0.24102783203125,0.00689697265625,0.884521484375,-0.273193359375,0.37762451171875,0.018310546875,0.8465576171875,-0.36865234375,0.3206787109375,0.2109375
77,0.80755615234375,-0.5640869140625,-0.12957763671875,-0.113037109375,0.66741943359375,0.18060302734375,0.4176025390625,0.58941650390625,0.9854736328125,0.0943603515625,0.1304931640625,-0.05316162109375,0.96954345703125,-0.04248046875,0.24102783203125,0.00689697265625,0.884521484375,-0.273193359375,0.37762451171875,0.018310546875,0.8465576171875,-0.36865234375,0.3206787109375,0.2109375
78,0.8076171875,-0.56402587890625,-0.12945556640625,-0.113037109375,0.66754150390625,0.18048095703125,0.4176025390625,0.58935546875,0.9854736328125,0.09429931640625,0.13037109375,-0.05322265625,0.96954345703125,-0.0423583984375,0.24090576171875,0.0068359375,0.88458251953125,-0.2730712890625,0.3775634765625,0.018310546875,0.8465576171875,-0.36865234375,0.3206787109375,0.21099853515625
79,0.8076171875,-0.56402587890625,-0.12945556640625,-0.113037109375,0.66729736328125,0.18060302734375,0.417724609375,0.5894775390625,0.9854736328125,0.09442138671875,0.13043212890625,-0.0531005859375,0.96954345703125,-0.0423583984375,0.24090576171875,0.0068359375,0.88458251953125,-0.2730712890625,0.3775634765625,0.018310546875,0.8465576171875,-0.36865234375,0.3206787109375,0.21099853515625
80,0.80767822265625,-0.56390380859375,-0.1295166015625,-0.11309814453125,0.66729736328125,0.18048095703125,0.41778564453125,0.5894775390625,0.9855001698369565,0.0944373089334239,0.13032863451086957,-0.05310854704483695,0.96966552734375,-0.0426025390625,0.240478515625,0.0069580078125,0.88458251953125,-0.2733154296875,0.3773193359375,0.0181884765625,0.84649658203125,-0.3687744140625,0.3206787109375,0.2109375
81,0.80767822265625,-0.56390380859375,-0.1295166015625,-0.11309814453125,0.6668701171875,0.18060302734375,0.4178466796875,0.58984375,0.9854736328125,0.09454345703125,0.1302490234375,-0.05316162109375,0.96966552734375,-0.0426025390625,0.240478515625,0.0069580078125,0.88458251953125,-0.2733154296875,0.3773193359375,0.0181884765625,0.84649658203125,-0.3687744140625,0.3206787109375,0.2109375
82,0.8077392578125,-0.56378173828125,-0.12969970703125,-0.113037109375,0.66680908203125,0.1805419921875,0.41802978515625,0.58984375,0.9854736328125,0.09441607931385869,0.13040824558423914,-0.0531005859375,0.9696044921875,-0.04254150390625,0.24072265625,0.0069580078125,0.884521484375,-0.2733154296875,0.37750244140625,0.01812744140625,0.84649658203125,-0.3687744140625,0.32080078125,0.21087646484375
83,0.8077392578125,-0.56378173828125,-0.12969970703125,-0.113037109375,0.66680908203125,0.18072509765625,0.41796875,0.58984375,0.9854736328125,0.09454345703125,0.1304931640625,-0.0531005859375,0.9696044921875,-0.04254150390625,0.24072265625,0.0069580078125,0.884521484375,-0.2733154296875,0.37750244140625,0.01812744140625,0.8465071968410326,-0.3687850288722826,0.32076893682065216,0.21086585003396738
84,0.8077392578125,-0.56378173828125,-0.1298828125,-0.113037109375,0.66668701171875,0.18072509765625,0.4180908203125,0.58990478515625,0.9854736328125,0.094482421875,0.13060727326766305,-0.053044858186141304,0.9696044921875,-0.042724609375,0.24066162109375,0.00701904296875,0.884521484375,-0.27349853515625,0.37744140625,0.01824951171875,0.846435546875,-0.368896484375,0.3206787109375,0.2109375
85,0.8077392578125,-0.56378173828125,-0.1298828125,-0.113037109375,0.6668701171875,0.18084716796875,0.41796875,0.5897216796875,0.9854736328125,0.094482421875,0.13043212890625,-0.05316162109375,0.9696044921875,-0.042724609375,0.24066162109375,0.00701904296875,0.884521484375,-0.27349853515625,0.37744140625,0.01824951171875,0.846435546875,-0.368896484375,0.3206787109375,0.2109375
86,0.80767822265625,-0.563720703125,-0.1302490234375,-0.113037109375,0.6666259765625,0.180908203125,0.418212890625,0.58984375,0.9854736328125,0.09442138671875,0.1307373046875,-0.052978515625,0.96954345703125,-0.04296875,0.2408447265625,0.00714111328125,0.8843994140625,-0.2738037109375,0.37750244140625,0.018310546875,0.8463134765625,-0.369140625,0.3206787109375,0.2110595703125
87,0.80767822265625,-0.563720703125,-0.1302490234375,-0.113037109375,0.6669921875,0.1810302734375,0.41796875,0.58953857421875,0.9854736328125,0.09442138671875,0.130615234375,-0.0531005859375,0.96954345703125,-0.04296875,0.2408447265625,0.00714111328125,0.8843994140625,-0.2738037109375,0.37750244140625,0.018310546875,0.8463134765625,-0.369140625,0.3206787109375,0.2110595703125
88,0.8076171875,-0.5638427734375,-0.13043212890625,-0.11309814453125,0.66680908203125,0.18109130859375,0.41802978515625,0.58966064453125,0.9854444420855978,0.094482421875,0.13051439368206522,-0.0530448581861413,0.9696044921875,-0.04296875,0.2406005859375,0.007080078125,0.8843994140625,-0.27392578125,0.37738037109375,0.01837158203125,0.84625244140625,-0.369140625,0.3206787109375,0.21124267578125
89,0.8076171875,-0.5638427734375,-0.13043212890625,-0.11309814453125,0.667236328125,0.18109130859375,0.417724609375,0.58941650390625,0.9854736328125,0.094482421875,0.13031005859375,-0.05316162109375,0.9696044921875,-0.04296875,0.2406005859375,0.007080078125,0.8843994140625,-0.27392578125,0.37738037109375,0.01837158203125,0.84625244140625,-0.369140625,0.3206787109375,0.21124267578125
90,0.8076171875,-0.56378173828125,-0.1307373046875,-0.113037109375,0.66705322265625,0.18115234375,0.41796875,0.58941650390625,0.9854736328125,0.09432850713315218,0.13058604364809784,-0.05306874150815217,0.96954345703125,-0.04315185546875,0.24072265625,0.00714111328125,0.88427734375,-0.27423095703125,0.3773193359375,0.01849365234375,0.84600830078125,-0.3695068359375,0.32080078125,0.21148681640625
91,0.8076171875,-0.56378173828125,-0.1307373046875,-0.113037109375,0.66729736328125,0.18115234375,0.41790771484375,0.58917236328125,0.9854736328125,0.09423828125,0.13067626953125,-0.052978515625,0.96954345703125,-0.04315185546875,0.24072265625,0.00714111328125,0.88427734375,-0.27423095703125,0.3773193359375,0.01849365234375,0.84600830078125,-0.3695068359375,0.32080078125,0.21148681640625
92,0.8074951171875,-0.56390380859375,-0.13079833984375,-0.113037109375,0.667236328125,0.1812744140625,0.4178466796875,0.5892333984375,0.9854736328125,0.0943603515625,0.1307373046875,-0.052978515625,0.969482421875,-0.04315185546875,0.240966796875,0.0072021484375,0.8841552734375,-0.27423095703125,0.3775634765625,0.01873779296875,0.8458251953125,-0.36956787109375,0.32098388671875,0.21173095703125
93,0.8074951171875,-0.56390380859375,-0.13079833984375,-0.113037109375,0.66717529296875,0.18121337890625,0.41802978515625,0.5892333984375,0.9854736328125,0.09417724609375,0.1307373046875,-0.05291748046875,0.969482421875,-0.04315185546875,0.240966796875,0.0072021484375,0.8841552734375,-0.27423095703125,0.3775634765625,0.01873779296875,0.8458251953125,-0.36956787109375,0.32098388671875,0.21173095703125
94,0.807373046875,-0.5640869140625,-0.13079833984375,-0.113037109375,0.6671142578125,0.18133544921875,0.41796875,0.58929443359375,0.9854736328125,0.09442138671875,0.1307373046875,-0.05291748046875,0.969482421875,-0.0430908203125,0.24114990234375,0.007080078125,0.88409423828125,-0.27410888671875,0.37786865234375,0.0186767578125,0.84576416015625,-0.36944580078125,0.3212890625,0.21185302734375
95,0.807373046875,-0.5640869140625,-0.13079833984375,-0.113037109375,0.66717529296875,0.1812744140625,0.41802978515625,0.5892333984375,0.98541259765625,0.0943603515625,0.130859375,-0.05291748046875,0.969482421875,-0.0430908203125,0.24114990234375,0.007080078125,0.88409423828125,-0.27410888671875,0.37786865234375,0.0186767578125,0.84576416015625,-0.36944580078125,0.3212890625,0.21185302734375
96,0.807373046875,-0.5640869140625,-0.130859375,-0.113037109375,0.6671142578125,0.1812744140625,0.41802978515625,0.5892333984375,0.98541259765625,0.09430197010869565,0.13106636379076086,-0.05282990828804348,0.9693603515625,-0.0430908203125,0.2415771484375,0.007080078125,0.8839111328125,-0.2742919921875,0.378173828125,0.01885986328125,0.84552001953125,-0.36968994140625,0.321533203125,0.21197509765625
97,0.807373046875,-0.5640869140625,-0.130859375,-0.113037109375,0.66717529296875,0.18133544921875,0.41815185546875,0.589111328125,0.98541259765625,0.09423828125,0.1312255859375,-0.052734375,0.9693603515625,-0.0430908203125,0.2415771484375,0.007080078125,0.8839111328125,-0.2742919921875,0.378173828125,0.01885986328125,0.84552001953125,-0.36968994140625,0.321533203125,0.21197509765625
98,0.8072509765625,-0.564208984375,-0.1307373046875,-0.113037109375,0.66717529296875,0.181396484375,0.41796875,0.58917236328125,0.98541259765625,0.09439484969429347,0.13117781929347827,-0.052755604619565216,0.9693603515625,-0.04302978515625,0.24151611328125,0.00714111328125,0.8839111328125,-0.27410888671875,0.3782958984375,0.0189208984375,0.845458984375,-0.3695068359375,0.3218994140625,0.21197509765625
99,0.8072509765625,-0.564208984375,-0.1307373046875,-0.113037109375,0.66705322265625,0.18145751953125,0.41802978515625,0.58929443359375,0.98541259765625,0.09429931640625,0.1312255859375,-0.0526123046875,0.9693603515625,-0.04302978515625,0.24151611328125,0.00714111328125,0.8839111328125,-0.27410888671875,0.3782958984375,0.0189208984375,0.845458984375,-0.3695068359375,0.3218994140625,0.21197509765625
100,0.80731201171875,-0.56414794921875,-0.1307373046875,-0.11309814453125,0.66705322265625,0.18133544921875,0.41802978515625,0.58929443359375,0.98541259765625,0.09423828125,0.1312255859375,-0.0526123046875,0.9693603515625,-0.04315185546875,0.241455078125,0.007080078125,0.8839111328125,-0.27423095703125,0.378173828125,0.01885986328125,0.84527587890625,-0.36968994140625,0.32208251953125,0.21209716796875
101,0.80731201171875,-0.56414794921875,-0.1307373046875,-0.11309814453125,0.66705322265625,0.18145751953125,0.41802978515625,0.5892333984375,0.9853515625,0.0943603515625,0.131591796875,-0.05255126953125,0.9693603515625,-0.04315185546875,0.241455078125,0.007080078125,0.8839111328125,-0.27423095703125,0.378173828125,0.01885986328125,0.84527587890625,-0.36968994140625,0.32208251953125,0.21209716796875
102,0.80743408203125,-0.56396484375,-0.13067626953125,-0.11322021484375,0.6671142578125,0.18121337890625,0.41802978515625,0.5892333984375,0.98541259765625,0.0941162109375,0.13140869140625,-0.052490234375,0.9693603515625,-0.0430908203125,0.24151611328125,0.0069580078125,0.8839111328125,-0.274169921875,0.3782958984375,0.0185546875,0.84521484375,-0.36968994140625,0.3223876953125,0.21197509765625
103,0.80743408203125,-0.56396484375,-0.13067626953125,-0.11322021484375,0.66717529296875,0.181396484375,0.41802978515625,0.58917236328125,0.9853515625,0.09442138671875,0.13177490234375,-0.052490234375,0.9693603515625,-0.0430908203125,0.24151611328125,0.0069580078125,0.8839111328125,-0.274169921875,0.3782958984375,0.0185546875,0.84521484375,-0.36968994140625,0.3223876953125,0.21197509765625
104,0.80743408203125,-0.56396484375,-0.130615234375,-0.11328125,0.66717529296875,0.18133544921875,0.41796875,0.5892333984375,0.9853780995244565,0.09442934782608696,0.13152810801630435,-0.05248227326766304,0.9693603515625,-0.04290771484375,0.2415771484375,0.00689697265625,0.8837890625,-0.2742919921875,0.37841796875,0.0185546875,0.84503173828125,-0.3697509765625,0.322509765625,0.212158203125
105,0.80743408203125,-0.56396484375,-0.130615234375,-0.11328125,0.667236328125,0.18133544921875,0.41790771484375,0.5892333984375,0.98541259765625,0.0943603515625,0.13128662109375,-0.05255126953125,0.9693603515625,-0.04290771484375,0.2415771484375,0.00689697265625,0.8837890625,-0.2742919921875,0.37841796875,0.0185546875,0.84503173828125,-0.3697509765625,0.322509765625,0.212158203125
106,0.8074951171875,-0.56390380859375,-0.13055419921875,-0.11328125,0.66729736328125,0.1812744140625,0.41790771484375,0.58917236328125,0.9854232124660326,0.09428870159646739,0.13119374150815216,-0.05260168987771739,0.9693603515625,-0.0428466796875,0.24151611328125,0.0068359375,0.88385009765625,-0.27423095703125,0.37835693359375,0.01849365234375,0.84503173828125,-0.36968994140625,0.3226318359375,0.21221923828125
107,0.8074951171875,-0.56390380859375,-0.13055419921875,-0.11328125,0.66729736328125,0.181396484375,0.41778564453125,0.58917236328125,0.9854736328125,0.09423828125,0.13104248046875,-0.05255126953125,0.9693603515625,-0.0428466796875,0.24151611328125,0.0068359375,0.88385009765625,-0.27423095703125,0.37835693359375,0.01849365234375,0.84503173828125,-0.36968994140625,0.3226318359375,0.21221923828125
108,0.80755615234375,-0.56378173828125,-0.130615234375,-0.11328125,0.66729736328125,0.1812744140625,0.41790771484375,0.589111328125,0.9854736328125,0.0941162109375,0.131103515625,-0.052490234375,0.96942138671875,-0.04302978515625,0.24127197265625,0.00701904296875,0.8839111328125,-0.2744140625,0.37811279296875,0.0185546875,0.84503173828125,-0.369873046875,0.3223876953125,0.21234130859375
109,0.80755615234375,-0.56378173828125,-0.130615234375,-0.11328125,0.66729736328125,0.1812744140625,0.41778564453125,0.5892333984375,0.9854736328125,0.09417724609375,0.13104248046875,-0.05242919921875,0.96942138671875,-0.04302978515625,0.24127197265625,0.00701904296875,0.8839111328125,-0.2744140625,0.37811279296875,0.0185546875,0.84503173828125,-0.369873046875,0.3223876953125,0.21234130859375
110,0.80755615234375,-0.563720703125,-0.1307373046875,-0.11328125,0.667236328125,0.18121337890625,0.41790771484375,0.5892333984375,0.9854736328125,0.0941162109375,0.13116455078125,-0.0523681640625,0.969482421875,-0.04315185546875,0.24114990234375,0.0072021484375,0.8837890625,-0.27459716796875,0.378173828125,0.0185546875,0.84490966796875,-0.3701171875,0.32244873046875,0.21240234375
111,0.80755615234375,-0.563720703125,-0.1307373046875,-0.11328125,0.6671142578125,0.18115234375,0.41796875,0.58935546875,0.9854736328125,0.0941162109375,0.13116455078125,-0.0523681640625,0.969482421875,-0.04315185546875,0.24114990234375,0.0072021484375,0.8837890625,-0.27459716796875,0.378173828125,0.0185546875,0.84490966796875,-0.3701171875,0.32244873046875,0.21240234375
112,0.80755615234375,-0.56378173828125,-0.13079833984375,-0.11328125,0.66705322265625,0.18121337890625,0.41796875,0.58941650390625,0.9854736328125,0.09417724609375,0.1312255859375,-0.05230712890625,0.96942138671875,-0.043212890625,0.2412109375,0.00726318359375,0.8836669921875,-0.27471923828125,0.37835693359375,0.01873779296875,0.84466552734375,-0.37017822265625,0.32275390625,0.212646484375
113,0.80755615234375,-0.56378173828125,-0.13079833984375,-0.11328125,0.6669921875,0.18121337890625,0.41815185546875,0.58929443359375,0.98541259765625,0.0941162109375,0.13140869140625,-0.05218505859375,0.96942138671875,-0.043212890625,0.24122685971467392,0.007295028023097824,0.8836669921875,-0.27471923828125,0.37835693359375,0.01873779296875,0.84466552734375,-0.37017822265625,0.32275390625,0.212646484375
114,0.80743408203125,-0.56390380859375,-0.1307373046875,-0.11328125,0.6669921875,0.18133544921875,0.41802978515625,0.58935546875,0.98541259765625,0.09429931640625,0.13140869140625,-0.05218505859375,0.96942138671875,-0.04302978515625,0.24127197265625,0.00738525390625,0.88372802734375,-0.27447509765625,0.37841796875,0.018798828125,0.84466552734375,-0.37005615234375,0.32281494140625,0.2127685546875
115,0.80743408203125,-0.56390380859375,-0.1307373046875,-0.11328125,0.6671142578125,0.18133544921875,0.41796875,0.58929443359375,0.98541259765625,0.09429931640625,0.13140869140625,-0.05218505859375,0.96942138671875,-0.04302978515625,0.24127197265625,0.00738525390625,0.88372802734375,-0.27447509765625,0.37841796875,0.018798828125,0.84466552734375,-0.37005615234375,0.32281494140625,0.2127685546875
116,0.80743408203125,-0.56390380859375,-0.13092041015625,-0.11328125,0.6669921875,0.181396484375,0.4180908203125,0.58935546875,0.98541259765625,0.09423828125,0.131591796875,-0.05206298828125,0.96942138671875,-0.04327392578125,0.24127197265625,0.0074462890625,0.88372802734375,-0.27471923828125,0.3782958984375,0.018798828125,0.8446044921875,-0.3702392578125,0.32281494140625,0.212890625
117,0.80743408203125,-0.56390380859375,-0.13092041015625,-0.11328125,0.6670824133831522,0.181396484375,0.4180457073709239,0.5892652428668478,0.98541259765625,0.09423828125,0.13165283203125,-0.05206298828125,0.96942138671875,-0.04327392578125,0.24127197265625,0.0074462890625,0.88372802734375,-0.27471923828125,0.3782958984375,0.018798828125,0.8446044921875,-0.3702392578125,0.32281494140625,0.212890625
118,0.8074951171875,-0.56378173828125,-0.13104248046875,-0.11334228515625,0.66705322265625,0.1812744140625,0.41815185546875,0.5892333984375,0.98541259765625,0.0941162109375,0.13165283203125,-0.05194091796875,0.96942138671875,-0.04345703125,0.24127197265625,0.007568359375,0.8836669921875,-0.27496337890625,0.37823486328125,0.0189208984375,0.84429931640625,-0.37054443359375,0.32293701171875,0.213134765625
119,0.8074951171875,-0.56378173828125,-0.13104248046875,-0.11334228515625,0.66693115234375,0.1812744140625,0.41827392578125,0.58929443359375,0.98541259765625,0.0941162109375,0.1317138671875,-0.052001953125,0.9694505774456522,-0.043486221976902176,0.24112601902173914,0.007568359375,0.8836669921875,-0.27496337890625,0.37823486328125,0.0189208984375,0.84429931640625,-0.37054443359375,0.32293701171875,0.213134765625
120,0.80743408203125,-0.5638427734375,-0.1309814453125,-0.11334228515625,0.66693115234375,0.18133544921875,0.41815185546875,0.58935546875,0.9853913680366848,0.09421970533288043,0.13167406165081522,-0.05204441236413043,0.969482421875,-0.04339599609375,0.240966796875,0.00750732421875,0.8836669921875,-0.27484130859375,0.3782958984375,0.018798828125,0.84423828125,-0.37042236328125,0.32318115234375,0.21331787109375
121,0.80743408203125,-0.5638427734375,-0.1309814453125,-0.11334228515625,0.66680908203125,0.1812744140625,0.41815185546875,0.58953857421875,0.9853515625,0.09429931640625,0.1317138671875,-0.0521240234375,0.9694956903872283,-0.043409264605978264,0.24091372282608695,0.007573666779891304,0.8836669921875,-0.27484130859375,0.3782958984375,0.018798828125,0.84423828125,-0.37042236328125,0.32318115234375,0.21331787109375
122,0.8074951171875,-0.563720703125,-0.131103515625,-0.11334228515625,0.666748046875,0.18121337890625,0.4183349609375,0.58953857421875,0.9854072902513586,0.09417193868885869,0.13178551715353262,-0.05204706606657609,0.96954345703125,-0.04364013671875,0.2408447265625,0.00787353515625,0.88360595703125,-0.2750244140625,0.37835693359375,0.01898193359375,0.8441162109375,-0.37060546875,0.32318115234375,0.2135009765625
123,0.8074951171875,-0.563720703125,-0.131103515625,-0.11334228515625,0.6669231912364131,0.1810966159986413,0.4182181980298913,0.5894218113111414,0.9853515625,0.0941162109375,0.13189697265625,-0.0518798828125,0.96954345703125,-0.043756899626358696,0.24078634510869565,0.007990298063858696,0.88360595703125,-0.2750244140625,0.37835693359375,0.01898193359375,0.8441162109375,-0.37060546875,0.32318115234375,0.2135009765625
124,0.80743408203125,-0.5638427734375,-0.13116455078125,-0.11328125,0.6668701171875,0.1812744140625,0.418212890625,0.58941650390625,0.9853515625,0.09423828125,0.1319580078125,-0.05194091796875,0.969482421875,-0.04364013671875,0.24090576171875,0.008056640625,0.88348388671875,-0.27508544921875,0.37860107421875,0.0191650390625,0.843994140625,-0.37054443359375,0.32342529296875,0.21368408203125
125,0.80743408203125,-0.5638427734375,-0.13116455078125,-0.11328125,0.6669550356657609,0.1811470363451087,0.418212890625,0.5893740446671195,0.98541259765625,0.09381103515625,0.13214111328125,-0.0517578125,0.9694399626358695,-0.04397981063179348,0.24111805791440216,0.008481233016304348,0.88348388671875,-0.27508544921875,0.37860107421875,0.0191650390625,0.843994140625,-0.37054443359375,0.32342529296875,0.21368408203125
126,0.807373046875,-0.56390380859375,-0.131103515625,-0.1131591796875,0.66705322265625,0.18121337890625,0.41815185546875,0.58929443359375,0.9853515625,0.09376061480978261,0.13231360394021738,-0.05170739215353261,0.9693603515625,-0.0440673828125,0.2412109375,0.008544921875,0.8834228515625,-0.27496337890625,0.37884521484375,0.019287109375,0.843994140625,-0.37042236328125,0.323486328125,0.2137451171875
127,0.807373046875,-0.56390380859375,-0.131103515625,-0.1131591796875,0.6670266856317935,0.1811868418817935,0.418204929517663,0.5892678965692935,0.9853515625,0.0936279296875,0.1324462890625,-0.05157470703125,0.9693603515625,-0.0440673828125,0.24126401154891305,0.008677606997282608,0.8834228515625,-0.27496337890625,0.37884521484375,0.019287109375,0.843994140625,-0.37042236328125,0.323486328125,0.2137451171875
128,0.80743408203125,-0.5638427734375,-0.13104248046875,-0.1131591796875,0.66705322265625,0.18109130859375,0.41827392578125,0.5892333984375,0.98541259765625,0.09358547044836957,0.13230564283288043,-0.05161185886548913,0.9693603515625,-0.044189453125,0.24127197265625,0.0087890625,0.88336181640625,-0.2750244140625,0.37884521484375,0.01934814453125,0.84393310546875,-0.3704833984375,0.3236083984375,0.2137451171875
129,0.80743408203125,-0.5638427734375,-0.13104248046875,-0.1131591796875,0.6670426078464674,0.18111253821331522,0.4182633109714674,0.5892333984375,0.98541259765625,0.0936279296875,0.13226318359375,-0.05169677734375,0.9693603515625,-0.044168223505434784,0.24129320227581522,0.008767832880434784,0.88336181640625,-0.2750244140625,0.37884521484375,0.01934814453125,0.84393310546875,-0.3704833984375,0.3236083984375,0.2137451171875
130,0.8074951171875,-0.56378173828125,-0.13104248046875,-0.1131591796875,0.66705322265625,0.18115234375,0.41827392578125,0.58917236328125,0.9854099439538043,0.09357220193614131,0.1322684909986413,-0.05168881623641304,0.9693603515625,-0.044189453125,0.24139404296875,0.0086669921875,0.88330078125,-0.27508544921875,0.37896728515625,0.0191650390625,0.843994140625,-0.37042236328125,0.32366943359375,0.213623046875
131,0.8074951171875,-0.56378173828125,-0.13104248046875,-0.1131591796875,0.66705322265625,0.18131952700407608,0.41827392578125,0.58917236328125,0.9853515625,0.09368896484375,0.13238525390625,-0.051513671875,0.9693046238111414,-0.04407799762228261,0.24161695397418478,0.0086669921875,0.88330078125,-0.27508544921875,0.37896728515625,0.0191650390625,0.843994140625,-0.37042236328125,0.32366943359375,0.213623046875
132,0.80755615234375,-0.563720703125,-0.1309814453125,-0.11322021484375,0.6671142578125,0.18121337890625,0.418212890625,0.58917236328125,0.98541259765625,0.0936279296875,0.13226318359375,-0.051513671875,0.96929931640625,-0.04412841796875,0.24151611328125,0.0086669921875,0.8833140497622283,-0.27519425101902173,0.37889298148777173,0.01921280570652174,0.84393310546875,-0.3704833984375,0.32366943359375,0.21356201171875
133,0.80755615234375,-0.563720703125,-0.1309814453125,-0.11322021484375,0.6671540633491848,0.18133279551630435,0.418212890625,0.5890927522078805,0.98541259765625,0.0936279296875,0.1322021484375,-0.05169677734375,0.96929931640625,-0.04404880689538044,0.24155591881793478,0.00862718665081522,0.88330078125,-0.27520751953125,0.37890625,0.01922607421875,0.84393310546875,-0.3704833984375,0.32366943359375,0.21356201171875
134,0.80755615234375,-0.563720703125,-0.13092041015625,-0.11328125,0.66717529296875,0.181396484375,0.41815185546875,0.58905029296875,0.98541259765625,0.0936279296875,0.13214111328125,-0.05169677734375,0.96929931640625,-0.04400634765625,0.24151611328125,0.00860595703125,0.8832689368206522,-0.2751438306725543,0.3789725925611413,0.01922607421875,0.8438720703125,-0.37042236328125,0.32379150390625,0.21380615234375
135,0.80755615234375,-0.563720703125,-0.13092041015625,-0.11328125,0.6671991762907609,0.18142036769701086,0.41812797214673914,0.58905029296875,0.98541259765625,0.0936279296875,0.13201904296875,-0.05169677734375,0.96929931640625,-0.0439453125,0.24151611328125,0.00872802734375,0.88323974609375,-0.27508544921875,0.37908935546875,0.01922607421875,0.8438720703125,-0.37042236328125,0.32379150390625,0.21380615234375
136,0.8076171875,-0.563720703125,-0.13079833984375,-0.11328125,0.66729736328125,0.181396484375,0.41802978515625,0.5889892578125,0.98541259765625,0.09364385190217392,0.13192881708559784,-0.051710045855978264,0.9693603515625,-0.0439453125,0.24139404296875,0.0086669921875,0.88330078125,-0.2750244140625,0.37896728515625,0.019287109375,0.84381103515625,-0.37042236328125,0.32379150390625,0.21392822265625
137,0.8076251486073369,-0.5637127420176631,-0.13079037873641305,-0.11327328889266304,0.6673053243885869,0.18138852326766305,0.41802978515625,0.5889892578125,0.98541259765625,0.09368100373641304,0.13201904296875,-0.05159062924592391,0.9693603515625,-0.04383120329483696,0.24139404296875,0.008651069972826088,0.88330078125,-0.275032375169837,0.37896728515625,0.019271187160326088,0.84381103515625,-0.370430324388587,0.323799465013587,0.21391230044157608
138,0.80767822265625,-0.56365966796875,-0.1307373046875,-0.11322021484375,0.6673583984375,0.18133544921875,0.41802978515625,0.5889892578125,0.98541259765625,0.0936279296875,0.13201904296875,-0.05169677734375,0.9693603515625,-0.04388427734375,0.24139404296875,0.008544921875,0.88336181640625,-0.27490234375,0.37896728515625,0.019104003906250003,0.8438720703125,-0.370361328125,0.3238525390625,0.2138671875
139,0.80767822265625,-0.56365966796875,-0.1307373046875,-0.11322021484375,0.6671991762907609,0.18117622707201086,0.4181359332540761,0.589095405910326,0.98541259765625,0.0936279296875,0.13214111328125,-0.051513671875,0.9693072775135869,-0.04383120329483696,0.24155326511548914,0.00859799592391304,0.88336181640625,-0.27490234375,0.37896728515625,0.01910400390625,0.8438720703125,-0.370361328125,0.3238525390625,0.2138671875
140,0.8077392578125,-0.56353759765625,-0.1307373046875,-0.1131591796875,0.667236328125,0.18109130859375,0.41827392578125,0.5889892578125,0.98541259765625,0.093505859375,0.13214111328125,-0.05157470703125,0.96929931640625,-0.0439453125,0.2415771484375,0.008544921875,0.88330078125,-0.2750244140625,0.3790283203125,0.019223420516304338,0.84381103515625,-0.37042236328125,0.3238525390625,0.21392822265625
141,0.8077392578125,-0.56353759765625,-0.1307373046875,-0.1131591796875,0.6671248726222826,0.18112846042798914,0.4183853812839674,0.5890635614809783,0.98541259765625,0.0936279296875,0.13232421875,-0.051513671875,0.96923828125,-0.04388427734375,0.2418212890625,0.008544921875,0.88330078125,-0.2750244140625,0.3790283203125,0.019287109375,0.84381103515625,-0.37042236328125,0.3238525390625,0.21392822265625
142,0.8077392578125,-0.56353759765625,-0.130615234375,-0.11309814453125,0.6671142578125,0.18115234375,0.4183349609375,0.58905029296875,0.98541259765625,0.09368896484375,0.1322021484375,-0.0516357421875,0.96923828125,-0.0438232421875,0.24176025390625,0.0084228515625,0.88330078125,-0.27496337890625,0.3790867017663043,0.0191650390625,0.84381103515625,-0.37030029296875,0.32391357421875,0.21392822265625
143,0.8077392578125,-0.56353759765625,-0.13059400475543478,-0.11309814453125,0.6671142578125,0.18125318444293478,0.41837476647418476,0.5890290633491848,0.98541259765625,0.0936279296875,0.13211988366168478,-0.051595936650815216,0.96923828125,-0.04376220703125,0.24180005944293478,0.00834058678668478,0.88330078125,-0.27494214928668476,0.379150390625,0.0191650390625,0.8438322647758152,-0.37030029296875,0.32391357421875,0.21390699303668478
144,0.8077392578125,-0.56353759765625,-0.13055419921875,-0.11309814453125,0.6671142578125,0.18121337890625,0.4183349609375,0.5889892578125,0.98541259765625,0.09365446671195653,0.13209334663722827,-0.051622473675271736,0.96923828125,-0.04376220703125,0.24176025390625,0.00830078125,0.88336181640625,-0.2747802734375,0.379150390625,0.01910400390625,0.84393310546875,-0.37017822265625,0.3238525390625,0.2138671875
145,0.8077445652173914,-0.5635322902513586,-0.13055419921875,-0.11309283712635869,0.6670585300611414,0.1813911769701087,0.4184013034986413,0.5889839504076086,0.98541259765625,0.09374469259510869,0.13214111328125,-0.051580014436141304,0.9692940090013586,-0.043584408967391304,0.2418212890625,0.008234438688858696,0.8833565090013586,-0.2747855808423913,0.379150390625,0.019098696501358696,0.84393310546875,-0.3701835300611413,0.3238578464673913,0.2138618800951087
146,0.80780029296875,-0.5634765625,-0.13055419921875,-0.113037109375,0.6671142578125,0.18133544921875,0.41845703125,0.58892822265625,0.98541259765625,0.09368896484375,0.13214111328125,-0.0516357421875,0.96923828125,-0.04364013671875,0.2418212890625,0.0081787109375,0.8833591627038043,-0.2747829271399457,0.3790336277173913,0.01904296875,0.84393310546875,-0.37030029296875,0.3238525390625,0.2137451171875
147,0.8078507133152174,-0.5634261421535326,-0.13060461956521738,-0.113037109375,0.6672150985054348,0.18138586956521738,0.41845703125,0.5888273819633152,0.9853515625,0.09388268512228261,0.13231360394021738,-0.05164635699728261,0.96923828125,-0.043679942255434784,0.24193274456521738,0.007984990658967392,0.8833113960597826,-0.27488111413043476,0.3790787406589674,0.019093389096467392,0.8438826851222826,-0.3703507133152174,0.3238525390625,0.2137451171875
148,0.807861328125,-0.56341552734375,-0.130615234375,-0.113037109375,0.667236328125,0.181396484375,0.41845703125,0.58880615234375,0.9853515625,0.0938720703125,0.13232421875,-0.0516357421875,0.96923828125,-0.043701171875,0.241943359375,0.00799560546875,0.8833432404891305,-0.27490234375,0.37900443699048914,0.01901908542798913,0.84381103515625,-0.3704833984375,0.32391357421875,0.2137451171875
149,0.8078268299932065,-0.5634845236073369,-0.1306497325067935,-0.11300261124320653,0.6673398225203805,0.18153447690217392,0.41842253311820654,0.588668159816576,0.9853170643682065,0.09394106657608696,0.1324807871942935,-0.05160920516304348,0.96917724609375,-0.04357114045516304,0.2421609629755435,0.0078125,0.88336181640625,-0.274833347486413,0.379036281419837,0.01901643172554348,0.8438455332880435,-0.370414402173913,0.32394807235054346,0.2137796153192935
150,0.80780029296875,-0.56353759765625,-0.13067626953125,-0.11297607421875,0.66741943359375,0.181640625,0.41839599609375,0.58856201171875,0.9853170643682065,0.093994140625,0.13245425016983695,-0.05160920516304348,0.96917724609375,-0.04351806640625,0.2421875,0.0078125,0.8833883534307065,-0.274833347486413,0.3789832073709239,0.01909604279891304,0.84381103515625,-0.37042236328125,0.3238525390625,0.21392822265625
151,0.8077817170516305,-0.5635561735733695,-0.13071342136548914,-0.11295749830163043,0.6675653872282609,0.18161674167798914,0.41829250169836957,0.58843994140625,0.9853329865828805,0.093994140625,0.1324409816576087,-0.05155613111413043,0.9691586701766305,-0.04362156080163043,0.2423042629076087,0.0078125,0.8834042756453805,-0.27488376783288043,0.37888236667798914,0.019183614979619568,0.84381103515625,-0.37040378736413043,0.32388969089673914,0.21394679857336957
152,0.8077392578125,-0.5635986328125,-0.13079833984375,-0.1129150390625,0.66748046875,0.18170166015625,0.4183349609375,0.58843994140625,0.9853011421535326,0.093994140625,0.13251528532608695,-0.05152428668478261,0.9691268257472826,-0.0435791015625,0.24239979619565216,0.007780655570652176,0.8834228515625,-0.2750244140625,0.3787841796875,0.01922607421875,0.84375,-0.37054443359375,0.3238525390625,0.21392822265625
153,0.80767822265625,-0.5635986328125,-0.1309814453125,-0.1129150390625,0.66754150390625,0.1817626953125,0.4183349609375,0.58843994140625,0.9853515625,0.093994140625,0.1324462890625,-0.05145263671875,0.9691162109375,-0.0435791015625,0.24237060546875,0.00775146484375,0.88336181640625,-0.2750244140625,0.37884521484375,0.01934814453125,0.84368896484375,-0.37054443359375,0.32391357421875,0.214111328125
154,0.80767822265625,-0.5635986328125,-0.1309814453125,-0.1129150390625,0.66754150390625,0.1817626953125,0.4183349609375,0.58843994140625,0.9853515625,0.093994140625,0.1324462890625,-0.05145263671875,0.9691162109375,-0.0435791015625,0.24237060546875,0.00775146484375,0.8834175441576086,-0.2749686863111413,0.3787894870923913,0.019292416779891304,0.84381103515625,-0.3704833984375,0.32379150390625,0.2139892578125
155,0.8076304560122283,-0.5636463994565217,-0.1310769786005435,-0.1129150390625,0.6676370371942935,0.18190599524456522,0.4181916610054348,0.5883921747622283,0.9853648310122283,0.09410294242527174,0.1320535411005435,-0.051587975543478264,0.9691905146059783,-0.043531334918478264,0.2420999278192935,0.007785962975543474,0.8834228515625,-0.27491561226222827,0.37887971297554346,0.019382642663043473,0.8437632685122283,-0.37043563179347827,0.32383927055027173,0.2140847911005435
156,0.8076171875,-0.56365966796875,-0.131103515625,-0.1129150390625,0.66766357421875,0.18194580078125,0.41815185546875,0.58837890625,0.9853515625,0.0941162109375,0.132080078125,-0.05157470703125,0.96917724609375,-0.04351806640625,0.24212646484375,0.0078125,0.8834228515625,-0.2751013714334239,0.3787072223165761,0.019369374150815216,0.84381103515625,-0.37060546875,0.32366943359375,0.21405029296875
157,0.8075853430706522,-0.5636915123980978,-0.1311990489130435,-0.11288319463315218,0.66766357421875,0.18200948963994565,0.4180881666100543,0.58837890625,0.98541259765625,0.09408702021059782,0.1316873301630435,-0.051664932914402176,0.9692674719769022,-0.043669327445652176,0.2417947520380435,0.007844344429347824,0.8833910071331522,-0.27517567510190216,0.3786647630774457,0.01941183338994565,0.8437791907269022,-0.37057362432065216,0.3237331224524457,0.21411398182744565
158,0.80755615234375,-0.563720703125,-0.13128662109375,-0.11285400390625,0.66766357421875,0.18206787109375,0.41802978515625,0.58837890625,0.9854364809782609,0.09404456097146739,0.13172713569972827,-0.0516357421875,0.96923828125,-0.04364013671875,0.24188232421875,0.00787353515625,0.8833856997282609,-0.27517036769701086,0.37867537788722827,0.01947021484375,0.84375,-0.37066650390625,0.3236083984375,0.21405029296875
159,0.807540230129076,-0.563736625339674,-0.13131846552309784,-0.11285400390625,0.66766357421875,0.18208379330842392,0.41802978515625,0.58837890625,0.985457710597826,0.09394902768342392,0.13168467646059784,-0.05161981997282609,0.969283394191576,-0.043701171875,0.24173106317934784,0.007950492527173912,0.8834228515625,-0.27520751953125,0.3786169964334239,0.019502059273097824,0.84375,-0.3706505816915761,0.3236243206521739,0.21408213739809784
160,0.8074951171875,-0.56378173828125,-0.13140869140625,-0.11285400390625,0.66766357421875,0.18212890625,0.41802978515625,0.58837890625,0.98541259765625,0.09398617951766304,0.13179878566576086,-0.05157470703125,0.9692462423573369,-0.04370913298233695,0.24180536684782608,0.00801948879076086,0.8834228515625,-0.27520751953125,0.378662109375,0.01959228515625,0.8438720703125,-0.37054443359375,0.3236083984375,0.2139892578125
161,0.8074951171875,-0.56378173828125,-0.13140869140625,-0.1129150390625,0.66748046875,0.18218994140625,0.418212890625,0.5885009765625,0.98541259765625,0.09393310546875,0.13189697265625,-0.051513671875,0.96929931640625,-0.04376220703125,0.24169921875,0.00823974609375,0.8834228515625,-0.27520751953125,0.37860107421875,0.0196533203125,0.8438720703125,-0.37054443359375,0.32354736328125,0.21405029296875
162,0.8074951171875,-0.56378173828125,-0.13140869140625,-0.1129150390625,0.66748046875,0.18218994140625,0.418212890625,0.5885009765625,0.98541259765625,0.09393310546875,0.13189697265625,-0.051513671875,0.96929931640625,-0.04376220703125,0.24169921875,0.00823974609375,0.8834228515625,-0.27520751953125,0.37860107421875,0.0196533203125,0.8438720703125,-0.37054443359375,0.32354736328125,0.21405029296875
163,0.807450004245924,-0.563826851222826,-0.13140869140625,-0.11286992612092392,0.6673902428668478,0.18228016728940216,0.4182580035665761,0.5885009765625,0.985367484714674,0.09414540166440218,0.13200312075407608,-0.05157470703125,0.9693603515625,-0.04377812924592391,0.24139404296875,0.00830078125,0.88348388671875,-0.2751013714334239,0.3785851520040761,0.01959228515625,0.8438720703125,-0.3704993206521739,0.32354736328125,0.21405029296875
164,0.80743408203125,-0.5638427734375,-0.13140869140625,-0.11285400390625,0.6673583984375,0.18231201171875,0.41827392578125,0.5885009765625,0.9853515625,0.09417724609375,0.13201904296875,-0.05157470703125,0.9693603515625,-0.04376220703125,0.24139404296875,0.00830078125,0.8834467348845109,-0.27523405655570654,0.37856392238451086,0.019666588824728257,0.84375,-0.37066650390625,0.32354736328125,0.214111328125
165,0.8074048913043478,-0.5638719641644022,-0.13143788213315216,-0.11285400390625,0.6673292077105978,0.18228282099184784,0.41824473505434784,0.5885593580163043,0.98541259765625,0.09396229619565218,0.13180409307065216,-0.05157470703125,0.9693921959918478,-0.043855086616847824,0.24124012822690216,0.008391007133152172,0.8834228515625,-0.27530039911684784,0.3785400390625,0.019743546195652172,0.84375,-0.37063731317934784,0.32357655400815216,0.21414051885190216
166,0.807373046875,-0.56390380859375,-0.1314697265625,-0.11285400390625,0.66729736328125,0.1822509765625,0.418212890625,0.588623046875,0.98541259765625,0.09395168138586957,0.13179347826086957,-0.051595936650815216,0.9693603515625,-0.04386570142663043,0.24133566151494565,0.008444081182065216,0.8834016219429348,-0.27528978430706524,0.37858249830163043,0.019796620244565216,0.84368896484375,-0.37066650390625,0.32373046875,0.21429443359375
167,0.807373046875,-0.5639170771059783,-0.13145645805027173,-0.11286727241847826,0.66729736328125,0.1822775135869565,0.418212890625,0.5886097783627717,0.9854258661684783,0.09388533882472826,0.13170059867527173,-0.0516357421875,0.9693603515625,-0.04393204398777174,0.24144180961277173,0.00848388671875,0.8833750849184783,-0.27531632133152173,0.37863557235054346,0.01983642578125,0.84368896484375,-0.37066650390625,0.32371720023777173,0.21429443359375
168,0.807373046875,-0.56396484375,-0.13140869140625,-0.1129150390625,0.66729736328125,0.182373046875,0.418212890625,0.58856201171875,0.9854683254076086,0.09393310546875,0.1316581394361413,-0.0516357421875,0.9693550441576086,-0.043878969938858696,0.24141527258831522,0.008473271908967392,0.8834175441576086,-0.2752685546875,0.3785559612771739,0.01983642578125,0.84368896484375,-0.37060546875,0.32379150390625,0.21429443359375
169,0.807373046875,-0.56396484375,-0.1312919284986413,-0.11303180197010869,0.6673557447350543,0.1822562839673913,0.4180961277173913,0.5886203931725543,0.9854709791100543,0.09393310546875,0.1315971042798913,-0.051577360733695655,0.9693576978600543,-0.0438232421875,0.24146303923233697,0.00836181640625,0.8834201978600543,-0.2752685546875,0.378548000169837,0.01983642578125,0.8437473462975543,-0.3706638502038043,0.323616359544837,0.21423605213994565
170,0.807373046875,-0.56396484375,-0.13128662109375,-0.113037109375,0.66729736328125,0.18231201171875,0.41827392578125,0.588623046875,0.9854736328125,0.09393310546875,0.131591796875,-0.05157470703125,0.9693603515625,-0.0438232421875,0.241455078125,0.00836181640625,0.8834228515625,-0.2752685546875,0.3785400390625,0.01983642578125,0.84375,-0.37046482252038043,0.32375965947690216,0.21428381878396738
171,0.8074155061141305,-0.5638799252717391,-0.13124416185461957,-0.11307956861413043,0.6672124448029891,0.18231201171875,0.41835884425951086,0.588623046875,0.9854550568953805,0.09397025730298914,0.13156791355298914,-0.0516357421875,0.9693603515625,-0.043786090353260865,0.24147365404211957,0.00836181640625,0.8834228515625,-0.27517036769701086,0.37868068529211957,0.019793966542119568,0.84375,-0.37050728175951086,0.32374904466711957,0.21425197435461957
172,0.80743408203125,-0.5638427734375,-0.1312255859375,-0.11309814453125,0.66717529296875,0.18231201171875,0.41839599609375,0.588623046875,0.9854736328125,0.09393310546875,0.13153076171875,-0.0516357421875,0.9693603515625,-0.0438232421875,0.241455078125,0.00836181640625,0.8834228515625,-0.27520751953125,0.378662109375,0.019775390625,0.8437844981317935,-0.37050993546195654,0.32369597061820654,0.2142333984375
173,0.8074606190557065,-0.5638162364130435,-0.13117251188858695,-0.11309814453125,0.6670956818953805,0.18247123386548914,0.41831638502038043,0.588729194972826,0.9854391346807065,0.09402863875679347,0.13153872282608695,-0.05166227921195652,0.9693603515625,-0.04378874405570652,0.24146303923233695,0.00830874235733696,0.8834228515625,-0.275146484375,0.37863557235054346,0.01972231657608696,0.84381103515625,-0.37050993546195654,0.32364289656929346,0.21418032438858695
174,0.8074951171875,-0.56378173828125,-0.131103515625,-0.11309814453125,0.6669921875,0.18267822265625,0.418212890625,0.5888671875,0.9854736328125,0.093994140625,0.1314697265625,-0.05169677734375,0.9693603515625,-0.0438232421875,0.24139404296875,0.00823974609375,0.8834228515625,-0.275146484375,0.37860107421875,0.0196533203125,0.8438296110733695,-0.37050728175951086,0.32362697435461957,0.214111328125
175,0.80755615234375,-0.563720703125,-0.13104248046875,-0.11309814453125,0.6670426078464674,0.18264903192934784,0.41818104619565216,0.5888273819633152,0.98553466796875,0.09381103515625,0.1312255859375,-0.0517578125,0.96929931640625,-0.04376220703125,0.2415771484375,0.00811767578125,0.88336181640625,-0.27508544921875,0.37872314453125,0.01971435546875,0.8438720703125,-0.3704833984375,0.3236083984375,0.21405029296875
176,0.80755615234375,-0.563720703125,-0.13104248046875,-0.11309814453125,0.6669921875,0.18280029296875,0.41802978515625,0.58892822265625,0.9855320142663043,0.0938163425611413,0.1312255859375,-0.05175515879755435,0.9692966627038043,-0.04376220703125,0.2415877632472826,0.00811767578125,0.8833644701086957,-0.2750801418138587,0.3787284519361413,0.019709048063858703,0.8438720703125,-0.37030029296875,0.32379150390625,0.21405029296875
177,0.8076118800951086,-0.5636649753736414,-0.1309867527173913,-0.11309814453125,0.6670479152513586,0.1827445652173913,0.41802978515625,0.5888724949048914,0.9855293605638586,0.09387737771739131,0.1311698581861413,-0.05169677734375,0.9692940090013586,-0.04381793478260869,0.2417655613111413,0.00806194802989131,0.8834228515625,-0.2750191066576087,0.3787894870923913,0.01953655740489131,0.8438720703125,-0.3703560207201087,0.3237357761548913,0.2139945652173913
178,0.8076171875,-0.56365966796875,-0.1309814453125,-0.11309814453125,0.6669921875,0.18267822265625,0.41815185546875,0.58892822265625,0.98553466796875,0.0938720703125,0.13116455078125,-0.05169677734375,0.96929931640625,-0.0438232421875,0.24176025390625,0.008056640625,0.8834228515625,-0.2750244140625,0.3787841796875,0.01953125,0.8438243036684783,-0.370361328125,0.32377823539402173,0.2139892578125
179,0.8076171875,-0.56365966796875,-0.13094163977581522,-0.11309814453125,0.6669921875,0.18267822265625,0.41811204993206524,0.5888884171195652,0.9854736328125,0.09381103515625,0.13124681555706522,-0.05173658288043478,0.96923828125,-0.0438232421875,0.24196458899456522,0.00799560546875,0.8834228515625,-0.27496337890625,0.37880540930706524,0.019491444463315223,0.8438508406929348,-0.370361328125,0.32379150390625,0.2139892578125
180,0.8076171875,-0.56365966796875,-0.13092041015625,-0.11309814453125,0.66705322265625,0.1824951171875,0.4183349609375,0.5887451171875,0.9854736328125,0.09381103515625,0.1312255859375,-0.0517578125,0.96923828125,-0.0438232421875,0.241943359375,0.00799560546875,0.8834228515625,-0.27496337890625,0.3787841796875,0.01947021484375,0.8438720703125,-0.37032948369565216,0.32382334833559784,0.21392556895380435
181,0.8076171875,-0.56365966796875,-0.130859375,-0.1131591796875,0.66705322265625,0.18243408203125,0.41827392578125,0.58880615234375,0.9854736328125,0.09393310546875,0.13140869140625,-0.05169677734375,0.96917724609375,-0.0438232421875,0.2420654296875,0.00787353515625,0.88348388671875,-0.27484130859375,0.37884521484375,0.019287109375,0.84393310546875,-0.37030029296875,0.32379150390625,0.2138671875
182,0.8076171875,-0.56365966796875,-0.130859375,-0.1131591796875,0.66705322265625,0.18243408203125,0.4183349609375,0.5887451171875,0.9854736328125,0.09393310546875,0.13140869140625,-0.05169677734375,0.96917724609375,-0.0438232421875,0.2420654296875,0.00787353515625,0.88348388671875,-0.27484130859375,0.37884521484375,0.019287109375,0.8439012610394022,-0.37030029296875,0.32383927055027173,0.21391495414402173
183,0.80767822265625,-0.5635986328125,-0.13092041015625,-0.1131591796875,0.6670611837635869,0.18236508576766305,0.41845703125,0.5886761209239131,0.9854736328125,0.09405517578125,0.1314697265625,-0.05181884765625,0.96917724609375,-0.043701171875,0.24212646484375,0.00775146484375,0.8834228515625,-0.27490234375,0.37884521484375,0.019287109375,0.84375,-0.37042236328125,0.32403564453125,0.21405029296875
184,0.80767822265625,-0.5635986328125,-0.13092041015625,-0.1131591796875,0.6671142578125,0.18231201171875,0.41845703125,0.588623046875,0.9854736328125,0.09405517578125,0.1314697265625,-0.05181884765625,0.96917724609375,-0.043701171875,0.24212646484375,0.00775146484375,0.8834228515625,-0.27490234375,0.37884521484375,0.019287109375,0.84375,-0.37042236328125,0.32403564453125,0.21405029296875
185,0.8076251486073369,-0.5636517068614131,-0.13097348420516305,-0.1130530315896739,0.6671142578125,0.18247123386548914,0.41845703125,0.588623046875,0.9854205587635869,0.0941002887228261,0.13163690981657608,-0.051802925441576095,0.96917724609375,-0.04358706266983695,0.24229364809782608,0.0076373556385869535,0.8833697775135869,-0.274849269701087,0.37900443699048914,0.019287109375,0.84368896484375,-0.370369289232337,0.3240807574728261,0.214111328125
186,0.8076171875,-0.56365966796875,-0.1309814453125,-0.113037109375,0.667236328125,0.18243408203125,0.4183349609375,0.58856201171875,0.98541259765625,0.0941162109375,0.13165283203125,-0.05181884765625,0.96917724609375,-0.0435791015625,0.2423095703125,0.00762939453125,0.88336181640625,-0.27484130859375,0.3790283203125,0.019287109375,0.84368896484375,-0.370361328125,0.3240966796875,0.214111328125
187,0.8076171875,-0.56365966796875,-0.13101859714673914,-0.11296280570652173,0.667236328125,0.18247123386548914,0.41837211277173914,0.5884877080502717,0.98541259765625,0.09405517578125,0.13166610054347827,-0.051794964334239135,0.96917724609375,-0.0435791015625,0.24220076851222827,0.007592242697010868,0.8833856997282609,-0.27496337890625,0.37891951851222827,0.019310992697010868,0.8436518130095109,-0.37042236328125,0.32410994819972827,0.21417236328125
188,0.8076171875,-0.56365966796875,-0.13104248046875,-0.1129150390625,0.66754150390625,0.18231201171875,0.41802978515625,0.58843994140625,0.98541259765625,0.09405517578125,0.1317138671875,-0.05181884765625,0.96917724609375,-0.0435791015625,0.24224853515625,0.007568359375,0.88336181640625,-0.27496337890625,0.37896728515625,0.019287109375,0.8436863111413043,-0.37039317255434784,0.32407014266304346,0.21417236328125
189,0.80767822265625,-0.5635986328125,-0.131103515625,-0.11279296875,0.66754150390625,0.182373046875,0.41815185546875,0.58831787109375,0.98541259765625,0.093994140625,0.1317138671875,-0.0516357421875,0.96917724609375,-0.04364013671875,0.24224853515625,0.0076904296875,0.88336181640625,-0.27490234375,0.37896728515625,0.01934814453125,0.84368896484375,-0.37042236328125,0.3240966796875,0.214111328125
190,0.80767822265625,-0.5635986328125,-0.131103515625,-0.11279296875,0.667724609375,0.1822509765625,0.4180908203125,0.58831787109375,0.98541259765625,0.093994140625,0.1317138671875,-0.0516357421875,0.9691905146059783,-0.04364013671875,0.24219546110733695,0.007716966711956526,0.88336181640625,-0.27490234375,0.37896728515625,0.01934814453125,0.84368896484375,-0.37042236328125,0.32407014266304346,0.21412459663722827
191,0.8076171875,-0.56365966796875,-0.13116455078125,-0.1126708984375,0.66766357421875,0.182373046875,0.4180908203125,0.5882568359375,0.98541259765625,0.093994140625,0.1317138671875,-0.051513671875,0.96917724609375,-0.0435791015625,0.24212646484375,0.00775146484375,0.88336181640625,-0.27484130859375,0.37896728515625,0.01947021484375,0.84368896484375,-0.370361328125,0.3240966796875,0.2142333984375
192,0.8076171875,-0.56365966796875,-0.13116455078125,-0.1126708984375,0.66778564453125,0.18218994140625,0.41815185546875,0.58807373046875,0.98541259765625,0.093994140625,0.1317138671875,-0.051513671875,0.96917724609375,-0.0435791015625,0.24212646484375,0.00775146484375,0.88336181640625,-0.27484130859375,0.37896728515625,0.01947021484375,0.84368896484375,-0.370361328125,0.3240966796875,0.2142333984375
193,0.8076171875,-0.5637100883152174,-0.13106371008831522,-0.11262047809103261,0.6678864852241848,0.18224036175271738,0.41805101477581524,0.58807373046875,0.98541259765625,0.09386145550271739,0.13221276324728262,-0.051248301630434784,0.96917724609375,-0.04352868121603261,0.24219811480978262,0.007894764775815216,0.8834228515625,-0.2746688179347826,0.37896728515625,0.019491444463315216,0.8438004203464674,-0.3701278023097826,0.3239852241847826,0.21425462805706522
194,0.8076171875,-0.563720703125,-0.13104248046875,-0.11260986328125,0.66778564453125,0.18206787109375,0.418212890625,0.58807373046875,0.98541259765625,0.0938720703125,0.1322021484375,-0.05126953125,0.9691347868546195,-0.04356052564538044,0.24227241847826086,0.00812829059103262,0.8834228515625,-0.274658203125,0.37896728515625,0.01947021484375,0.84381103515625,-0.3701171875,0.323974609375,0.2143607761548913
195,0.8076516856317935,-0.563720703125,-0.13097348420516305,-0.11260986328125,0.6678546407948369,0.1820333729619565,0.41817839249320654,0.58807373046875,0.98529052734375,0.09393310546875,0.1332662831182065,-0.05087678328804348,0.9691507090692935,-0.0435791015625,0.2422750721807065,0.00817074983016304,0.8834573496942935,-0.2745361328125,0.37899382218070654,0.01958432404891304,0.84381103515625,-0.3701171875,0.32394011124320654,0.2143820057744565
196,0.80767822265625,-0.563720703125,-0.13092041015625,-0.11260986328125,0.66754150390625,0.1820068359375,0.41845703125,0.5882568359375,0.98529052734375,0.09393310546875,0.13323974609375,-0.0509033203125,0.9691241720448369,-0.04352602751358696,0.24243429432744565,0.00819728685461956,0.88348388671875,-0.2745361328125,0.37896728515625,0.01953125,0.8437844981317935,-0.370064113451087,0.3240197223165761,0.21440854279891305
197,0.80767822265625,-0.563720703125,-0.1307373046875,-0.1126708984375,0.66766357421875,0.181884765625,0.4183349609375,0.5882568359375,0.9852294921875,0.09375,0.13385009765625,-0.05072021484375,0.9691162109375,-0.04345703125,0.24249267578125,0.00823974609375,0.8834228515625,-0.27447509765625,0.379150390625,0.0196533203125,0.84381103515625,-0.3699951171875,0.32403564453125,0.21435546875
198,0.80767822265625,-0.563720703125,-0.1307373046875,-0.1126708984375,0.66754150390625,0.18182373046875,0.41845703125,0.5882568359375,0.9852188773777174,0.09377122961956522,0.13393501613451086,-0.05067775560461957,0.9691162109375,-0.04345703125,0.2425537109375,0.00836181640625,0.8834122367527174,-0.27445386803668476,0.37918223505434784,0.0196533203125,0.84381103515625,-0.36996327275815216,0.32405687415081524,0.21436608355978262
199,0.80767822265625,-0.56378173828125,-0.130615234375,-0.1126708984375,0.6676025390625,0.18182373046875,0.4183349609375,0.5882568359375,0.98516845703125,0.093994140625,0.13427734375,-0.050537109375,0.9691162109375,-0.0433349609375,0.24249267578125,0.00830078125,0.8834228515625,-0.2742919921875,0.3792724609375,0.01959228515625,0.84393310546875,-0.3697509765625,0.3240966796875,0.21435546875
200,0.80767822265625,-0.56378173828125,-0.130615234375,-0.1126708984375,0.667724609375,0.18194580078125,0.41827392578125,0.58819580078125,0.98516845703125,0.093994140625,0.13427734375,-0.050537109375,0.9692276664402174,-0.043390688688858696,0.24210258152173914,0.00830078125,0.8834228515625,-0.2742919921875,0.3792724609375,0.01959228515625,0.84393310546875,-0.3697509765625,0.3240966796875,0.21435546875
201,0.8077737559442935,-0.5635906717051631,-0.1307107676630435,-0.11271866508152174,0.6676768427309783,0.18180250084918478,0.4184172257133152,0.58819580078125,0.9852162236752717,0.09387737771739131,0.13389786430027173,-0.05050261124320653,0.9691905146059783,-0.04363482931385868,0.2420654296875,0.008348547894021736,0.8834361200747283,-0.2745918605638587,0.37904158882472827,0.0196533203125,0.8437155018682065,-0.3700508449388587,0.3240966796875,0.21453857421875
202,0.80780029296875,-0.56353759765625,-0.1307373046875,-0.11273193359375,0.667724609375,0.18194580078125,0.41845703125,0.58807373046875,0.9852294921875,0.09381103515625,0.1339111328125,-0.05047607421875,0.9692170516304348,-0.043701171875,0.24202562415081522,0.008322010869565216,0.8834228515625,-0.274658203125,0.3790283203125,0.0196533203125,0.84368896484375,-0.3701171875,0.3240966796875,0.21453857421875
203,0.8077392578125,-0.56365966796875,-0.13067626953125,-0.11279296875,0.667724609375,0.1820068359375,0.4183349609375,0.588134765625,0.98529052734375,0.09381103515625,0.1331787109375,-0.05059814453125,0.96923828125,-0.0435791015625,0.241943359375,0.00836181640625,0.8834228515625,-0.27459716796875,0.3790283203125,0.01959228515625,0.84375,-0.3699951171875,0.32415771484375,0.21466064453125
204,0.8077392578125,-0.56365966796875,-0.13067626953125,-0.11279296875,0.66754150390625,0.18206787109375,0.41845703125,0.58819580078125,0.98529052734375,0.09381103515625,0.1331787109375,-0.05059814453125,0.96923828125,-0.04364013671875,0.2418212890625,0.00836181640625,0.8834228515625,-0.27459716796875,0.3790283203125,0.01959228515625,0.84375,-0.36997123386548914,0.32413383152173914,0.21463676120923914
205,0.8077392578125,-0.5635986328125,-0.13067626953125,-0.11279296875,0.66754150390625,0.1820068359375,0.41851806640625,0.58819580078125,0.98541259765625,0.0936279296875,0.132568359375,-0.05078125,0.96923828125,-0.04364013671875,0.2418212890625,0.00836181640625,0.8834228515625,-0.2745361328125,0.3790283203125,0.01953125,0.84375,-0.3699951171875,0.3240966796875,0.214599609375
206,0.8077392578125,-0.5635986328125,-0.13067626953125,-0.11279296875,0.6673583984375,0.18212890625,0.4185791015625,0.58831787109375,0.98541259765625,0.0936279296875,0.132568359375,-0.05078125,0.96929931640625,-0.043701171875,0.2415771484375,0.00836181640625,0.8834228515625,-0.2745361328125,0.3790283203125,0.01953125,0.8437579611073369,-0.3699951171875,0.3240807574728261,0.214599609375
207,0.80780029296875,-0.56353759765625,-0.1307373046875,-0.11279296875,0.6673583984375,0.18206787109375,0.41864013671875,0.58831787109375,0.98541259765625,0.09375,0.13238525390625,-0.05072021484375,0.96929931640625,-0.0438232421875,0.2415771484375,0.00836181640625,0.8834228515625,-0.274658203125,0.3790283203125,0.0194091796875,0.84375,-0.37005615234375,0.323974609375,0.214599609375
208,0.80780029296875,-0.56353759765625,-0.1307373046875,-0.11279296875,0.6673583984375,0.18206787109375,0.418587062669837,0.5883709451426631,0.98541259765625,0.09375,0.13238525390625,-0.05072021484375,0.96929931640625,-0.0438232421875,0.24152407438858695,0.00830874235733696,0.8834228515625,-0.274658203125,0.3790283203125,0.0194091796875,0.84375,-0.37005615234375,0.323974609375,0.214599609375
209,0.807755180027174,-0.563582710597826,-0.13078241762907608,-0.11274785580842392,0.667313285495924,0.18215809697690216,0.4186242145040761,0.58837890625,0.9854736328125,0.09355097231657608,0.13223133916440216,-0.0506591796875,0.96929931640625,-0.04377812924592391,0.24160633916440216,0.008345894191576088,0.88336181640625,-0.2746741253396739,0.3791344684103261,0.01959228515625,0.84368896484375,-0.3701941448709239,0.3239586871603261,0.21476679262907608
210,0.8077392578125,-0.5635986328125,-0.13079833984375,-0.11273193359375,0.6673583984375,0.18212890625,0.4185791015625,0.58831787109375,0.9854736328125,0.09356689453125,0.13226318359375,-0.0506591796875,0.96929931640625,-0.0439453125,0.24163818359375,0.00836181640625,0.88336181640625,-0.274658203125,0.379150390625,0.01959228515625,0.84368896484375,-0.37017822265625,0.323974609375,0.21478271484375
211,0.8077100670855978,-0.5636570142663043,-0.13076914911684784,-0.11270274286684782,0.6673875891644022,0.18218728770380435,0.41854991083559784,0.58831787109375,0.9854736328125,0.09353239639945651,0.1322021484375,-0.050627335258152176,0.96929931640625,-0.043886931046195655,0.24163818359375,0.008332625679347828,0.88336181640625,-0.2745998216711957,0.37917958135190216,0.01959228515625,0.8437181555706522,-0.3700588060461957,0.3240966796875,0.2147216796875
212,0.80767822265625,-0.563720703125,-0.1307373046875,-0.1126708984375,0.66741943359375,0.18231201171875,0.41851806640625,0.58819580078125,0.9854736328125,0.0936279296875,0.1322021484375,-0.0506591796875,0.9693603515625,-0.04364013671875,0.2415771484375,0.00830078125,0.88336181640625,-0.2745361328125,0.37921142578125,0.01959228515625,0.84375,-0.3699951171875,0.3240966796875,0.2147216796875
213,0.8077392578125,-0.5635986328125,-0.130859375,-0.11260986328125,0.66741943359375,0.1822509765625,0.418701171875,0.588134765625,0.98541259765625,0.0936279296875,0.13232421875,-0.05072021484375,0.96929931640625,-0.0438232421875,0.24163818359375,0.00830078125,0.8834228515625,-0.274658203125,0.37908935546875,0.01947021484375,0.84375,-0.3701171875,0.323974609375,0.21466064453125
214,0.8077392578125,-0.5635986328125,-0.130859375,-0.11260986328125,0.66748046875,0.18243408203125,0.4185791015625,0.588134765625,0.98541259765625,0.0936279296875,0.13232421875,-0.05072021484375,0.96929931640625,-0.043701171875,0.2415771484375,0.00836181640625,0.8834228515625,-0.274658203125,0.37908935546875,0.01947021484375,0.8437446925951086,-0.3701224949048913,0.3239693019701087,0.21467656674592392
215,0.8077392578125,-0.5635986328125,-0.1309761379076087,-0.11255148182744565,0.6674220872961957,0.18249246348505435,0.4186374830163043,0.588134765625,0.9854736328125,0.09356954823369565,0.1319527004076087,-0.05078125,0.96929931640625,-0.043701171875,0.2416939113451087,0.00836181640625,0.8834255052649457,-0.27471923828125,0.3789646314538043,0.019589631453804345,0.8436305833899457,-0.37017822265625,0.3240303371263587,0.21490213145380435
216,0.8077392578125,-0.5635986328125,-0.1309814453125,-0.112548828125,0.6675706946331522,0.18244469684103262,0.41848887567934784,0.5880843452785326,0.9854736328125,0.09356689453125,0.1319580078125,-0.05078125,0.9693497367527174,-0.04390285326086956,0.24149753736413043,0.00841223675271739,0.8834228515625,-0.27471923828125,0.37896728515625,0.01959228515625,0.8436279296875,-0.37017822265625,0.32403564453125,0.21490478515625
217,0.8076543393342391,-0.5636835512907609,-0.1311088230298913,-0.11246390964673914,0.6674751613451086,0.18260391898777173,0.41854194972826086,0.58807373046875,0.9854922087296195,0.09348728345788043,0.13188370414402173,-0.05078125,0.9693178923233695,-0.043860394021739135,0.24162491508152173,0.008465310801630432,0.8833193571671195,-0.27493949558423914,0.3789725925611413,0.019738238790760865,0.8434634001358695,-0.37033744480298914,0.3240409519361413,0.21511177394701086
218,0.8076171875,-0.563720703125,-0.13116455078125,-0.1124267578125,0.6675919242527174,0.18267822265625,0.41840661090353265,0.5880392323369565,0.9854736328125,0.093505859375,0.1319580078125,-0.05078125,0.96923828125,-0.0439453125,0.24176025390625,0.00848388671875,0.88330078125,-0.27490234375,0.3790283203125,0.019775390625,0.84344482421875,-0.37030029296875,0.3240966796875,0.21514892578125
219,0.8076171875,-0.563720703125,-0.13124416185461957,-0.1124267578125,0.6676715353260869,0.18267822265625,0.418326999830163,0.5880126953125,0.9854736328125,0.0933837890625,0.13197658372961957,-0.05078921110733696,0.96923828125,-0.0439453125,0.24181332795516305,0.00853696076766304,0.8832742442255435,-0.27498991593070654,0.37911589249320654,0.01988949983016304,0.8433917501698369,-0.370361328125,0.324149753736413,0.21528957201086957
220,0.8076171875,-0.563720703125,-0.13134765625,-0.1124267578125,0.6676582668138586,0.18269679857336957,0.4183031165081522,0.5880126953125,0.9854736328125,0.0933837890625,0.132080078125,-0.05072021484375,0.96923828125,-0.04400634765625,0.241943359375,0.0084228515625,0.88323974609375,-0.2750244140625,0.379150390625,0.01995849609375,0.84332275390625,-0.370361328125,0.32421875,0.21539306640625
221,0.8076171875,-0.56365966796875,-0.13153076171875,-0.11236572265625,0.66766357421875,0.1827392578125,0.41827392578125,0.5880126953125,0.9854736328125,0.09332275390625,0.13214111328125,-0.05072021484375,0.96917724609375,-0.0440673828125,0.24212646484375,0.00848388671875,0.8831787109375,-0.2750244140625,0.37921142578125,0.01995849609375,0.84332275390625,-0.370361328125,0.32427978515625,0.21539306640625
222,0.8076171875,-0.56365966796875,-0.13153076171875,-0.11236572265625,0.667724609375,0.1827392578125,0.41802978515625,0.58819580078125,0.9854736328125,0.09333071501358695,0.1321358058763587,-0.05072021484375,0.96917724609375,-0.0439453125,0.24212646484375,0.00836181640625,0.8831787109375,-0.2750244140625,0.37921142578125,0.01995849609375,0.8433307150135869,-0.370361328125,0.3242638629415761,0.2153877590013587
223,0.8076729152513586,-0.5635482124660326,-0.13169794497282608,-0.11225426715353262,0.6676688816236414,0.1827392578125,0.41819696841032605,0.5880843452785326,0.9854736328125,0.09333867612092393,0.13218622622282608,-0.05072021484375,0.9691215183423914,-0.04411249575407607,0.24229364809782608,0.00836181640625,0.8831893257472826,-0.27506952700407605,0.3792008109714674,0.0198974609375,0.843338676120924,-0.3704727836277174,0.32413648522418476,0.21527099609375
224,0.80767822265625,-0.56353759765625,-0.1317138671875,-0.11224365234375,0.6677591075067935,0.18269149116847827,0.4179740574048913,0.5881214971127717,0.9854736328125,0.09332275390625,0.1322021484375,-0.05072021484375,0.9691162109375,-0.04388427734375,0.2423095703125,0.00830078125,0.8831787109375,-0.27508544921875,0.37921142578125,0.0198974609375,0.84332275390625,-0.3704833984375,0.32415771484375,0.21527099609375
225,0.8077392578125,-0.5634765625,-0.13189697265625,-0.1121826171875,0.667724609375,0.18267822265625,0.4180908203125,0.58807373046875,0.98541259765625,0.093505859375,0.13238525390625,-0.0506591796875,0.9691162109375,-0.04400634765625,0.242431640625,0.00836181640625,0.88323974609375,-0.27508544921875,0.37908935546875,0.01983642578125,0.8433837890625,-0.37054443359375,0.32391357421875,0.2152099609375
226,0.8077392578125,-0.5634765625,-0.13189697265625,-0.1121826171875,0.6679475203804348,0.18267822265625,0.417899753736413,0.5879463527513586,0.98541259765625,0.093505859375,0.13238525390625,-0.0506591796875,0.96917724609375,-0.04412841796875,0.2421875,0.0084228515625,0.88323974609375,-0.27508544921875,0.37908935546875,0.01983642578125,0.8433837890625,-0.37054443359375,0.32391357421875,0.2152099609375
227,0.80767822265625,-0.5634765625,-0.132080078125,-0.112060546875,0.6680908203125,0.18280029296875,0.41790771484375,0.58782958984375,0.9854736328125,0.0933837890625,0.132080078125,-0.05059814453125,0.9691162109375,-0.04412841796875,0.24237060546875,0.0084228515625,0.8831787109375,-0.27545166015625,0.37896728515625,0.02001953125,0.84326171875,-0.37078857421875,0.32391357421875,0.2154541015625
228,0.80767822265625,-0.5634765625,-0.132080078125,-0.112060546875,0.66851806640625,0.1829833984375,0.4176025390625,0.58746337890625,0.9854736328125,0.0933837890625,0.132080078125,-0.05059814453125,0.96917724609375,-0.0443115234375,0.24212646484375,0.008544921875,0.8831787109375,-0.27545166015625,0.37896728515625,0.02001953125,0.84326171875,-0.37078857421875,0.32391357421875,0.2154541015625
229,0.80755615234375,-0.56365966796875,-0.1322021484375,-0.112060546875,0.66839599609375,0.18316650390625,0.41754150390625,0.5875244140625,0.985595703125,0.0931396484375,0.13128662109375,-0.0506591796875,0.9691162109375,-0.04412841796875,0.24224853515625,0.0086669921875,0.8831787109375,-0.27545166015625,0.37890625,0.020263671875,0.8431396484375,-0.37091064453125,0.3238525390625,0.21575927734375
230,0.80755615234375,-0.56365966796875,-0.1322021484375,-0.112060546875,0.66851806640625,0.18316650390625,0.4176025390625,0.58740234375,0.985595703125,0.0931396484375,0.13128662109375,-0.0506591796875,0.96917724609375,-0.04443359375,0.2420654296875,0.00860595703125,0.8831787109375,-0.27545166015625,0.37890625,0.020263671875,0.8431396484375,-0.37091064453125,0.3238525390625,0.21575927734375
231,0.8075030782948369,-0.5637127420176631,-0.1322021484375,-0.11211362092391304,0.6684649923573369,0.18321957795516305,0.417549465013587,0.5874554177989131,0.98565673828125,0.09313168733016304,0.13079833984375,-0.05066714079483695,0.96917724609375,-0.04438051970108695,0.24201235563858695,0.008659031080163047,0.8831707498301631,-0.275642726732337,0.378914211107337,0.020316745923913047,0.8429485818614131,-0.371101711107337,0.323860500169837,0.21617856233016305
232,0.8074951171875,-0.563720703125,-0.1322021484375,-0.11212158203125,0.6683216924252717,0.18327265200407608,0.41763172978940216,0.587508491847826,0.98565673828125,0.0931396484375,0.13079833984375,-0.0506591796875,0.96917724609375,-0.04443359375,0.24200439453125,0.008544921875,0.8831787109375,-0.275634765625,0.37890625,0.02032470703125,0.84295654296875,-0.37109375,0.3238525390625,0.2161865234375
233,0.80743408203125,-0.56378173828125,-0.1322021484375,-0.1121826171875,0.66827392578125,0.18328857421875,0.4176025390625,0.587646484375,0.9857177734375,0.09307861328125,0.13043212890625,-0.05072021484375,0.96917724609375,-0.04437255859375,0.24200439453125,0.00860595703125,0.883056640625,-0.27557373046875,0.37908935546875,0.0203857421875,0.84283447265625,-0.37109375,0.323974609375,0.2164306640625
234,0.80743408203125,-0.56378173828125,-0.1322021484375,-0.1121826171875,0.6682447350543478,0.18334695567255435,0.4176609205163043,0.5876172936480978,0.9857177734375,0.09307861328125,0.13043212890625,-0.05072021484375,0.9691162109375,-0.04443359375,0.2421875,0.008544921875,0.883056640625,-0.27557373046875,0.37908935546875,0.0203857421875,0.84283447265625,-0.37109375,0.323974609375,0.2164306640625
235,0.8074951171875,-0.56378173828125,-0.13214111328125,-0.1121826171875,0.66827392578125,0.183349609375,0.417724609375,0.58758544921875,0.9857177734375,0.09320068359375,0.1307373046875,-0.05059814453125,0.96917724609375,-0.04443359375,0.24212646484375,0.008544921875,0.883056640625,-0.275634765625,0.379150390625,0.0203857421875,0.8426513671875,-0.37127685546875,0.32403564453125,0.21673583984375
236,0.8074951171875,-0.56378173828125,-0.13214111328125,-0.1121826171875,0.6682473887567935,0.18340268342391305,0.417724609375,0.58758544921875,0.9857177734375,0.09320068359375,0.1307373046875,-0.05059814453125,0.9691162109375,-0.04425048828125,0.24224853515625,0.00848388671875,0.883056640625,-0.275634765625,0.379150390625,0.0203857421875,0.8426513671875,-0.37127685546875,0.32403564453125,0.21673583984375
237,0.80743408203125,-0.56378173828125,-0.132080078125,-0.1121826171875,0.66815185546875,0.18359375,0.41766357421875,0.587646484375,0.9857177734375,0.09326171875,0.13031005859375,-0.05078125,0.9691215183423914,-0.044210682744565216,0.2421821925951087,0.008478579313858696,0.883056640625,-0.2757568359375,0.3790283203125,0.0203857421875,0.84234619140625,-0.37152099609375,0.3240966796875,0.217529296875
238,0.80743408203125,-0.56378173828125,-0.132080078125,-0.1121826171875,0.66815185546875,0.18359375,0.41766357421875,0.587646484375,0.9857177734375,0.09326171875,0.13031005859375,-0.05078125,0.96917724609375,-0.04443359375,0.24212646484375,0.0084228515625,0.883056640625,-0.2757568359375,0.3790283203125,0.0203857421875,0.84234619140625,-0.37152099609375,0.3240966796875,0.217529296875
239,0.8074845023777174,-0.56378173828125,-0.13218091881793478,-0.11213219684103261,0.6681624702785326,0.18353271484375,0.41782545006793476,0.5875244140625,0.98583984375,0.09290612262228261,0.12998365319293478,-0.05070960003396739,0.9691268257472826,-0.04448401409646739,0.24222730553668478,0.0084228515625,0.8829557999320652,-0.27590809697690216,0.37912916100543476,0.020537003226902176,0.8421126655910326,-0.3717041015625,0.32419752038043476,0.21782385784646738
240,0.8074951171875,-0.56378173828125,-0.1322021484375,-0.11212158203125,0.6679820185122283,0.18349025560461957,0.41805897588315216,0.5875668733016305,0.98583984375,0.0928955078125,0.1300048828125,-0.05072021484375,0.96905517578125,-0.0445556640625,0.24249267578125,0.00860595703125,0.8829345703125,-0.27593994140625,0.379150390625,0.02056884765625,0.84210205078125,-0.3717041015625,0.32421875,0.21783447265625
241,0.807373046875,-0.56396484375,-0.132080078125,-0.11212158203125,0.66796875,0.18359375,0.41790771484375,0.587646484375,0.98577880859375,0.09344482421875,0.13006591796875,-0.050537109375,0.96905517578125,-0.0443115234375,0.242431640625,0.008544921875,0.883056640625,-0.275634765625,0.37908935546875,0.02069091796875,0.84197998046875,-0.37164306640625,0.32427978515625,0.21832275390625
242,0.807373046875,-0.56396484375,-0.132080078125,-0.11212158203125,0.6677829908288043,0.18364682404891305,0.41790771484375,0.5878587805706522,0.98577880859375,0.09344482421875,0.13006591796875,-0.050537109375,0.96917724609375,-0.0443115234375,0.241943359375,0.0084228515625,0.883056640625,-0.275634765625,0.37908935546875,0.02069091796875,0.84197998046875,-0.37164306640625,0.32427978515625,0.21832275390625
243,0.80743408203125,-0.56378173828125,-0.13232421875,-0.112060546875,0.66741943359375,0.18365478515625,0.41815185546875,0.58807373046875,0.98590087890625,0.09320068359375,0.129150390625,-0.05078125,0.9691719386888586,-0.044531780740489135,0.24192212975543476,0.008502462635869568,0.883056640625,-0.27618408203125,0.37872314453125,0.02056884765625,0.84130859375,-0.37237548828125,0.324462890625,0.21942138671875
244,0.80743408203125,-0.56378173828125,-0.13232421875,-0.112060546875,0.6673875891644022,0.18366539996603262,0.4181412406589674,0.5881161897078805,0.98590087890625,0.09320068359375,0.129150390625,-0.05078125,0.96929931640625,-0.04461669921875,0.241455078125,0.008544921875,0.883056640625,-0.27618408203125,0.37872314453125,0.02056884765625,0.84130859375,-0.37237548828125,0.324462890625,0.21942138671875
245,0.8074951171875,-0.563720703125,-0.1324462890625,-0.1119384765625,0.667236328125,0.1837158203125,0.41827392578125,0.58819580078125,0.98590087890625,0.09320068359375,0.129150390625,-0.05072021484375,0.96923828125,-0.044741423233695655,0.24157980213994565,0.00848919412364131,0.8829345703125,-0.27630615234375,0.37884521484375,0.020751953125,0.8408203125,-0.37286376953125,0.3245849609375,0.22039794921875
246,0.8074951171875,-0.563720703125,-0.1324462890625,-0.1119384765625,0.667236328125,0.1837158203125,0.41827392578125,0.58819580078125,0.98590087890625,0.09320068359375,0.129150390625,-0.05072021484375,0.96923828125,-0.0447998046875,0.24163818359375,0.00860595703125,0.8829345703125,-0.27630615234375,0.37884521484375,0.020751953125,0.8408203125,-0.37286376953125,0.3245849609375,0.22039794921875
247,0.8073995838994565,-0.5638640030570652,-0.13239852241847827,-0.1119384765625,0.6671885614809783,0.18373704993206522,0.41836149796195654,0.5881825322690217,0.98590087890625,0.09320864470108695,0.12908935546875,-0.05084228515625,0.96923828125,-0.044608738111413054,0.24163818359375,0.00860595703125,0.8828868036684783,-0.27625838569972827,0.3789885147758152,0.020799719769021736,0.8406717051630435,-0.3727204695991848,0.32476806640625,0.22087296195652173
248,0.807373046875,-0.56390380859375,-0.13238525390625,-0.1119384765625,0.66717529296875,0.18377685546875,0.4183349609375,0.58819580078125,0.98590087890625,0.09326171875,0.12908935546875,-0.05084228515625,0.96923828125,-0.044677734375,0.24169921875,0.00848388671875,0.88287353515625,-0.2762451171875,0.3790283203125,0.02081298828125,0.8406982421875,-0.3726806640625,0.32476806640625,0.22088623046875
249,0.8074048913043478,-0.5638719641644022,-0.13241709833559784,-0.1119384765625,0.667236328125,0.18374501103940216,0.41842784052309784,0.58807373046875,0.98590087890625,0.09322987432065218,0.12918223505434784,-0.0509033203125,0.96923828125,-0.04474142323369565,0.24169921875,0.008515731148097824,0.88287353515625,-0.27621327275815216,0.37906016474184784,0.02081298828125,0.8404832922894022,-0.3728053880774457,0.32486094599184784,0.22122325067934784
250,0.80743408203125,-0.5638427734375,-0.1324462890625,-0.1119384765625,0.667236328125,0.1837158203125,0.41845703125,0.58807373046875,0.98590087890625,0.09320068359375,0.12921142578125,-0.0509033203125,0.96917724609375,-0.04449462890625,0.24188232421875,0.008544921875,0.88287353515625,-0.27618408203125,0.37908935546875,0.02081298828125,0.8404541015625,-0.37286376953125,0.32489013671875,0.22125244140625
251,0.807373046875,-0.5638427734375,-0.13250732421875,-0.11181640625,0.66741943359375,0.18377685546875,0.41839599609375,0.58782958984375,0.98583984375,0.09332275390625,0.129638671875,-0.05072021484375,0.9692090905230978,-0.044542395550271736,0.24189293902853262,0.008515731148097824,0.8829345703125,-0.27618408203125,0.37896728515625,0.02081298828125,0.84051513671875,-0.37274169921875,0.32489013671875,0.22125244140625
252,0.807373046875,-0.5638427734375,-0.13250732421875,-0.11181640625,0.6674114724864131,0.18376093325407608,0.4183800738790761,0.5878614342730978,0.98583984375,0.09332275390625,0.129638671875,-0.05072021484375,0.96929931640625,-0.044677734375,0.2415771484375,0.00860595703125,0.8829345703125,-0.27618408203125,0.37896728515625,0.02081298828125,0.84051513671875,-0.37274169921875,0.32489013671875,0.22125244140625
253,0.80743408203125,-0.56378173828125,-0.1326904296875,-0.1116943359375,0.66729736328125,0.1837158203125,0.41851806640625,0.58795166015625,0.98590087890625,0.09307861328125,0.1292724609375,-0.05084228515625,0.96923828125,-0.0447998046875,0.24176025390625,0.008544921875,0.88299560546875,-0.27618408203125,0.37884521484375,0.020751953125,0.84063720703125,-0.3726806640625,0.32476806640625,0.22113037109375
254,0.80743408203125,-0.56378173828125,-0.1326904296875,-0.1116943359375,0.66729736328125,0.1837158203125,0.41851806640625,0.58795166015625,0.98590087890625,0.09307861328125,0.1292724609375,-0.05084228515625,0.96923828125,-0.044677734375,0.2415771484375,0.00860595703125,0.88299560546875,-0.27618408203125,0.37884521484375,0.020751953125,0.84063720703125,-0.3726806640625,0.32476806640625,0.22113037109375
255,0.8075243079144022,-0.5636463994565217,-0.1326904296875,-0.11160411005434782,0.667037300441576,0.18356455927309784,0.41853133491847827,0.5883046025815217,0.98590087890625,0.09314230213994565,0.12921142578125,-0.05076532778532609,0.96923828125,-0.044767960258152176,0.24166737432065216,0.00860595703125,0.882950492527174,-0.27627430791440216,0.37893544072690216,0.020751953125,0.840592094089674,-0.37275496773097827,0.32473622197690216,0.22110118036684784
256,0.80755615234375,-0.5635986328125,-0.1326904296875,-0.111572265625,0.66705322265625,0.18353271484375,0.4185791015625,0.5882568359375,0.98590087890625,0.09307861328125,0.12921142578125,-0.05078125,0.96923828125,-0.0447998046875,0.24169921875,0.00860595703125,0.8829345703125,-0.27630615234375,0.37896728515625,0.020751953125,0.840576171875,-0.372802734375,0.32476806640625,0.2210693359375
257,0.8075269616168478,-0.5636862049932065,-0.13263204823369565,-0.11151388417119565,0.6670213782269022,0.1834371815557065,0.4185207201086957,0.5883497155230978,0.9858716881793478,0.0930733058763587,0.12939453125,-0.05065652598505435,0.96923828125,-0.04474142323369565,0.24175760020380435,0.008693529211956525,0.8829053795855978,-0.27616019870923914,0.3790840480638587,0.02081033457880435,0.8405735181725543,-0.37265412703804346,0.32485829228940216,0.22122325067934784
258,0.8074951171875,-0.56378173828125,-0.132568359375,-0.1114501953125,0.66705322265625,0.18353271484375,0.41845703125,0.58831787109375,0.98583984375,0.09320068359375,0.12939453125,-0.05072021484375,0.96923828125,-0.044677734375,0.2418212890625,0.0087890625,0.88287353515625,-0.2760009765625,0.37921142578125,0.0208740234375,0.84063720703125,-0.37255859375,0.32489013671875,0.22119140625
259,0.80743408203125,-0.56390380859375,-0.13250732421875,-0.111328125,0.66717529296875,0.1834716796875,0.41839599609375,0.5882568359375,0.98583984375,0.09326171875,0.12933349609375,-0.05059814453125,0.9691905146059783,-0.04452116593070652,0.2418557871942935,0.008754564368206517,0.8829345703125,-0.27584440811820654,0.37923265540081524,0.020852793817934777,0.84075927734375,-0.372314453125,0.32489013671875,0.22113037109375
260,0.80743408203125,-0.56390380859375,-0.13250732421875,-0.111328125,0.66717529296875,0.1834716796875,0.41839599609375,0.5882568359375,0.98583984375,0.09326171875,0.12933349609375,-0.05059814453125,0.96923828125,-0.04461669921875,0.24176025390625,0.00885009765625,0.8829345703125,-0.27593994140625,0.37908935546875,0.02099609375,0.84075927734375,-0.372314453125,0.32489013671875,0.22113037109375
261,0.8074924634850543,-0.5638454271399457,-0.13256570567255435,-0.11121136209239131,0.6672947095788043,0.1834716796875,0.4184517238451087,0.5881374193274457,0.98590087890625,0.09314230213994565,0.1292671535326087,-0.05059283712635869,0.9691798997961957,-0.044675080672554345,0.2418770168138587,0.008791716202445655,0.8828761888586957,-0.2759983228600543,0.3792061183763587,0.020937712296195655,0.8407008958899457,-0.3724312160326087,0.3248317552649457,0.22113037109375
262,0.8074951171875,-0.5638427734375,-0.132568359375,-0.1112060546875,0.66729736328125,0.1834716796875,0.41845703125,0.588134765625,0.98590087890625,0.0931396484375,0.1292724609375,-0.05059814453125,0.96923828125,-0.044677734375,0.2418212890625,0.00885009765625,0.8829345703125,-0.27606201171875,0.37908935546875,0.02099609375,0.8406982421875,-0.3724365234375,0.3248291015625,0.22113037109375
263,0.8075375764266305,-0.5638003141983695,-0.13252590013586957,-0.11124851392663043,0.6673398225203805,0.18344779636548914,0.41851806640625,0.5880126953125,0.9859433381453805,0.09291408372961957,0.12906547214673914,-0.05072021484375,0.96923828125,-0.044762652853260865,0.24177882982336957,0.00885009765625,0.8828921110733695,-0.27597709324048914,0.37917427394701086,0.020953634510869568,0.8406982421875,-0.37235160495923914,0.32487156080163043,0.22113037109375
264,0.80755615234375,-0.56378173828125,-0.13250732421875,-0.11126708984375,0.6673583984375,0.18341064453125,0.41851806640625,0.5880126953125,0.9859619140625,0.0928955078125,0.1290283203125,-0.05072021484375,0.96917724609375,-0.0447998046875,0.24200439453125,0.00872802734375,0.88287353515625,-0.27593994140625,0.37921142578125,0.02093505859375,0.8406982421875,-0.372314453125,0.32489013671875,0.22113037109375
265,0.80755615234375,-0.5638082753057065,-0.13242771314538043,-0.11129362686820653,0.6673239003057065,0.18353271484375,0.41862156080163043,0.5879171620244565,0.9859619140625,0.09288754670516304,0.12903628141983695,-0.0506591796875,0.96917724609375,-0.04472019361413044,0.24200439453125,0.00872802734375,0.8829000721807065,-0.27586033033288043,0.37921142578125,0.02088198454483696,0.8407513162364131,-0.372261379076087,0.32489013671875,0.2211038340692935
266,0.80755615234375,-0.5638427734375,-0.13232421875,-0.111328125,0.6673583984375,0.18353271484375,0.41851806640625,0.58795166015625,0.9859619140625,0.09295654296875,0.12896728515625,-0.0506591796875,0.96917724609375,-0.04461669921875,0.24200439453125,0.00872802734375,0.8829345703125,-0.2757568359375,0.37921142578125,0.02081298828125,0.8408203125,-0.3721923828125,0.32489013671875,0.2210693359375
267,0.8075455375339674,-0.5638427734375,-0.13231360394021738,-0.111328125,0.6673583984375,0.1834716796875,0.41864013671875,0.587890625,0.98590087890625,0.09307861328125,0.12907874065896738,-0.05059814453125,0.96917724609375,-0.04460608440896739,0.24199377972146738,0.008717412533967392,0.8829451851222826,-0.2757568359375,0.37919019616168476,0.02081298828125,0.8407698921535326,-0.3721817680027174,0.3248795219089674,0.22113037109375
268,0.8074951171875,-0.5638427734375,-0.13226318359375,-0.111328125,0.6673583984375,0.1834716796875,0.41864013671875,0.587890625,0.98590087890625,0.09307861328125,0.1290283203125,-0.05059814453125,0.96917724609375,-0.0445556640625,0.241943359375,0.0086669921875,0.88299560546875,-0.2757568359375,0.37908935546875,0.02081298828125,0.8408203125,-0.37213134765625,0.3248291015625,0.22113037109375
269,0.8074951171875,-0.5638985011888586,-0.1323189113451087,-0.11127239724864131,0.6673026706861414,0.18364417034646738,0.41864013671875,0.5878348972486414,0.98590087890625,0.09313434103260869,0.1290840480638587,-0.050653872282608696,0.96917724609375,-0.044499936311141304,0.24205481487771738,0.0086669921875,0.88299560546875,-0.2757011081861413,0.3792008109714674,0.02081298828125,0.8407645847486414,-0.3720756199048913,0.3249962848165761,0.2211860988451087
270,0.8074951171875,-0.56390380859375,-0.13232421875,-0.11126708984375,0.66729736328125,0.18365478515625,0.41864013671875,0.58782958984375,0.98590087890625,0.0931396484375,0.12908935546875,-0.0506591796875,0.96917724609375,-0.04443359375,0.24212646484375,0.00860595703125,0.88299560546875,-0.27569580078125,0.37921142578125,0.02081298828125,0.84075927734375,-0.3720703125,0.32501220703125,0.22119140625
271,0.8074951171875,-0.56390380859375,-0.13232421875,-0.11122728430706522,0.667236328125,0.18353271484375,0.418701171875,0.58795166015625,0.98590087890625,0.0931396484375,0.12912916100543478,-0.05069898522418478,0.9691374405570652,-0.04443359375,0.24216627038043478,0.008526345957880445,0.8830354110054348,-0.27565599524456524,0.37917162024456524,0.02081298828125,0.8407990828804348,-0.37203050696331524,0.32501220703125,0.22111179517663043
272,0.8074951171875,-0.56390380859375,-0.13232421875,-0.1112060546875,0.667236328125,0.18353271484375,0.418701171875,0.58795166015625,0.98590087890625,0.0931396484375,0.129150390625,-0.05072021484375,0.9691162109375,-0.04443359375,0.2421875,0.00848388671875,0.883056640625,-0.275634765625,0.379150390625,0.02081298828125,0.8408203125,-0.37200927734375,0.32501220703125,0.2210693359375
273,0.8074712338654891,-0.5639276919157609,-0.13232421875,-0.11118217136548914,0.667236328125,0.18355659816576086,0.4188232421875,0.58782958984375,0.98590087890625,0.09306534476902173,0.12905220363451086,-0.050683063009510865,0.9691162109375,-0.04443359375,0.24221138332201086,0.00848388671875,0.8830088739809783,-0.27565864894701086,0.37917427394701086,0.02086075492527173,0.8407964291779891,-0.37205704398777173,0.32501220703125,0.22111710258152173
274,0.80743408203125,-0.56396484375,-0.13232421875,-0.11114501953125,0.667236328125,0.18359375,0.4188232421875,0.58782958984375,0.98590087890625,0.0931396484375,0.12908935546875,-0.05072021484375,0.9691162109375,-0.04443359375,0.24224853515625,0.00848388671875,0.8829345703125,-0.27569580078125,0.37921142578125,0.02093505859375,0.84075927734375,-0.37213134765625,0.32501220703125,0.22119140625
275,0.8074101987092391,-0.5639966881793478,-0.13230829653532608,-0.11115298063858696,0.66717529296875,0.18349556300951086,0.41908861243206524,0.587784476902174,0.9859539529551631,0.09287427819293477,0.12895136294157608,-0.05078125,0.9691241720448369,-0.04444155485733695,0.24222465183423914,0.008515731148097812,0.8829345703125,-0.27569580078125,0.3792273479959239,0.02095894191576086,0.8407513162364131,-0.37210746433423914,0.3250281292459239,0.22121528957201086
276,0.8072509765625,-0.564208984375,-0.1322021484375,-0.1112060546875,0.66717529296875,0.18365478515625,0.4188232421875,0.587890625,0.98590087890625,0.0931396484375,0.12884521484375,-0.05078125,0.96917724609375,-0.04449462890625,0.2420654296875,0.00872802734375,0.8829345703125,-0.27569580078125,0.37933349609375,0.0211181640625,0.8406982421875,-0.3719482421875,0.32513427734375,0.22137451171875
277,0.8072509765625,-0.564208984375,-0.1322021484375,-0.1112060546875,0.6671222189198369,0.18365478515625,0.41903553838315216,0.587784476902174,0.98590087890625,0.09303350033967392,0.12911058508831522,-0.05072817595108696,0.96917724609375,-0.04449462890625,0.2420654296875,0.00872802734375,0.8829345703125,-0.27569580078125,0.37933349609375,0.0211181640625,0.8406982421875,-0.3719482421875,0.32513427734375,0.22137451171875
278,0.8072509765625,-0.5643310546875,-0.13214111328125,-0.11126708984375,0.6671142578125,0.1837158203125,0.4189453125,0.58782958984375,0.98590087890625,0.0931396484375,0.12908935546875,-0.05072021484375,0.9691162109375,-0.0443115234375,0.24212646484375,0.00885009765625,0.8829345703125,-0.27557373046875,0.37939453125,0.02130126953125,0.8406982421875,-0.37188720703125,0.32513427734375,0.2215576171875
279,0.8072509765625,-0.5643310546875,-0.13214111328125,-0.11126708984375,0.6670399541440217,0.18375297214673914,0.41901961616847827,0.58782958984375,0.98590087890625,0.0931396484375,0.12905220363451086,-0.05068306300951087,0.9691162109375,-0.0443115234375,0.24212646484375,0.00885009765625,0.8829345703125,-0.27557373046875,0.37939453125,0.02130126953125,0.8406982421875,-0.37188720703125,0.32513427734375,0.2215576171875
280,0.80718994140625,-0.56439208984375,-0.13201904296875,-0.1112060546875,0.6671142578125,0.183837890625,0.41900634765625,0.58782958984375,0.98590087890625,0.09320068359375,0.12896728515625,-0.05072021484375,0.96923828125,-0.0443115234375,0.24169921875,0.0087890625,0.88299560546875,-0.27545166015625,0.3792724609375,0.021240234375,0.84075927734375,-0.37176513671875,0.32525634765625,0.22149658203125
281,0.80718994140625,-0.56439208984375,-0.13201904296875,-0.1112060546875,0.6671567170516304,0.18385912024456522,0.41896388841711957,0.5878083602241848,0.9859221085258152,0.09317945397418478,0.12883990743885873,-0.05074144446331521,0.96923828125,-0.0443115234375,0.24169921875,0.0087890625,0.88299560546875,-0.27545166015625,0.3792724609375,0.021240234375,0.84075927734375,-0.37176513671875,0.32525634765625,0.22149658203125
282,0.80718994140625,-0.56439208984375,-0.13214111328125,-0.11114501953125,0.66717529296875,0.1839599609375,0.4189453125,0.58770751953125,0.9859619140625,0.09307861328125,0.1287841796875,-0.05078125,0.96923828125,-0.04443359375,0.24169921875,0.0087890625,0.88299560546875,-0.27557373046875,0.37933349609375,0.02130126953125,0.8406982421875,-0.37188720703125,0.3251953125,0.22149658203125
283,0.8071793265964674,-0.5644027046535326,-0.13215172809103262,-0.11113971212635869,0.667191215183424,0.18397057574728262,0.4189346976902174,0.587691597316576,0.9859619140625,0.09296715777853261,0.12879479449728262,-0.050714907438858696,0.96923828125,-0.044438901154891304,0.24170983355978262,0.008794369904891304,0.8829902980638586,-0.2755631156589674,0.3793441109035326,0.021311884341032608,0.8406982421875,-0.37188720703125,0.3251900050951087,0.2215018894361413
284,0.80706787109375,-0.56451416015625,-0.13226318359375,-0.111083984375,0.6673583984375,0.18408203125,0.4188232421875,0.5875244140625,0.9859619140625,0.09307861328125,0.12890625,-0.0506591796875,0.96923828125,-0.04449462890625,0.2418212890625,0.00885009765625,0.88299560546875,-0.27557373046875,0.37921142578125,0.021484375,0.8406982421875,-0.37188720703125,0.32513427734375,0.2215576171875
285,0.80706787109375,-0.56451416015625,-0.13226318359375,-0.111083984375,0.6673583984375,0.18408203125,0.4188232421875,0.5875244140625,0.9859619140625,0.09297777258831522,0.12895667034646738,-0.05070960003396739,0.96923828125,-0.04449462890625,0.2418212890625,0.00885009765625,0.88299560546875,-0.27557373046875,0.37921142578125,0.021484375,0.8406982421875,-0.37188720703125,0.32513427734375,0.2215576171875
286,0.8070068359375,-0.56463623046875,-0.13238525390625,-0.11102294921875,0.66754150390625,0.1842041015625,0.4188232421875,0.5872802734375,0.98590087890625,0.09307861328125,0.129150390625,-0.0506591796875,0.9691162109375,-0.0445556640625,0.24212646484375,0.00885009765625,0.8829345703125,-0.275634765625,0.37933349609375,0.02154541015625,0.84075927734375,-0.37188720703125,0.32501220703125,0.2215576171875
287,0.8070068359375,-0.56463623046875,-0.13238525390625,-0.11102294921875,0.66754150390625,0.1842041015625,0.4188232421875,0.5872802734375,0.98590087890625,0.09311311141304347,0.12928838315217392,-0.05059018342391304,0.9691162109375,-0.0445556640625,0.24212646484375,0.00885009765625,0.8829345703125,-0.275634765625,0.37933349609375,0.02154541015625,0.84075927734375,-0.37188720703125,0.32501220703125,0.2215576171875
288,0.80694580078125,-0.564697265625,-0.13250732421875,-0.11102294921875,0.667724609375,0.1844482421875,0.418701171875,0.587158203125,0.98583984375,0.0931396484375,0.1295166015625,-0.05047607421875,0.96905517578125,-0.04437255859375,0.242431640625,0.0089111328125,0.8829345703125,-0.275634765625,0.37933349609375,0.0216064453125,0.84075927734375,-0.37188720703125,0.324951171875,0.22161865234375
289,0.80694580078125,-0.564697265625,-0.13250732421875,-0.11102294921875,0.667724609375,0.1844482421875,0.418701171875,0.587158203125,0.9858584196671195,0.09310249660326086,0.1294051460597826,-0.050513226052989135,0.96905517578125,-0.04437255859375,0.242431640625,0.0089111328125,0.8829345703125,-0.275634765625,0.37933349609375,0.0216064453125,0.84075927734375,-0.37188720703125,0.324951171875,0.22161865234375
290,0.806884765625,-0.56475830078125,-0.1326904296875,-0.1109619140625,0.6678466796875,0.18450927734375,0.4185791015625,0.5870361328125,0.98590087890625,0.093017578125,0.12939453125,-0.050537109375,0.9691162109375,-0.04473876953125,0.2420654296875,0.009033203125,0.88287353515625,-0.27606201171875,0.379150390625,0.02178955078125,0.84063720703125,-0.37213134765625,0.3248291015625,0.2218017578125
291,0.806884765625,-0.56475830078125,-0.1326904296875,-0.1109619140625,0.6678466796875,0.18450927734375,0.4185791015625,0.5870361328125,0.9859035326086957,0.09299900220788042,0.12938391644021738,-0.050534455672554345,0.9691162109375,-0.04473876953125,0.2420654296875,0.009033203125,0.88287353515625,-0.27606201171875,0.379150390625,0.02178955078125,0.84063720703125,-0.37213134765625,0.3248291015625,0.2218017578125
292,0.80682373046875,-0.5648193359375,-0.1328125,-0.1109619140625,0.66796875,0.1845703125,0.41864013671875,0.58685302734375,0.9859619140625,0.0926513671875,0.1292724609375,-0.0504150390625,0.9691162109375,-0.0450439453125,0.24212646484375,0.00933837890625,0.8826904296875,-0.27630615234375,0.37945556640625,0.02203369140625,0.8404541015625,-0.3724365234375,0.32489013671875,0.22198486328125
293,0.80682373046875,-0.5648193359375,-0.1328125,-0.1109619140625,0.66796875,0.1845703125,0.41864013671875,0.58685302734375,0.9859619140625,0.0926513671875,0.1292724609375,-0.0504150390625,0.9691162109375,-0.0450439453125,0.24212646484375,0.00933837890625,0.8826904296875,-0.27630615234375,0.37945556640625,0.02203369140625,0.8404541015625,-0.3724365234375,0.32489013671875,0.22198486328125
294,0.80670166015625,-0.56500244140625,-0.132568359375,-0.11114501953125,0.6678466796875,0.18463134765625,0.418701171875,0.5869140625,0.98590087890625,0.09283447265625,0.129638671875,-0.05029296875,0.9691162109375,-0.0447998046875,0.24224853515625,0.0093994140625,0.8826904296875,-0.2760009765625,0.379638671875,0.0220947265625,0.8404541015625,-0.3720703125,0.32513427734375,0.22216796875
295,0.80670166015625,-0.56500244140625,-0.132568359375,-0.11114501953125,0.6678466796875,0.18463134765625,0.418701171875,0.5869140625,0.9858690344769022,0.09283447265625,0.12970236073369565,-0.05035665760869565,0.9691162109375,-0.0447998046875,0.24224853515625,0.0093994140625,0.8826904296875,-0.2760009765625,0.379638671875,0.0220947265625,0.8404541015625,-0.3720703125,0.32513427734375,0.22216796875
296,0.80670166015625,-0.56494140625,-0.1324462890625,-0.111328125,0.667724609375,0.1845703125,0.41876220703125,0.5870361328125,0.98590087890625,0.09283447265625,0.12957763671875,-0.05035400390625,0.9691162109375,-0.04473876953125,0.24212646484375,0.0093994140625,0.88275146484375,-0.2760009765625,0.3795166015625,0.02197265625,0.84051513671875,-0.3721923828125,0.324951171875,0.22210693359375
297,0.80670166015625,-0.56494140625,-0.1324462890625,-0.111328125,0.667724609375,0.1845703125,0.41876220703125,0.5870361328125,0.985884956691576,0.09281855044157608,0.1296731700067935,-0.05033808169157609,0.9691162109375,-0.04473876953125,0.24212646484375,0.0093994140625,0.88275146484375,-0.2760009765625,0.3795166015625,0.02197265625,0.84051513671875,-0.3721923828125,0.324951171875,0.22210693359375
298,0.8067626953125,-0.56488037109375,-0.1324462890625,-0.1114501953125,0.6678466796875,0.1844482421875,0.41888427734375,0.58685302734375,0.98590087890625,0.09271240234375,0.12982177734375,-0.0501708984375,0.96905517578125,-0.044921875,0.2423095703125,0.00946044921875,0.882568359375,-0.27618408203125,0.37969970703125,0.0220947265625,0.84039306640625,-0.37237548828125,0.32501220703125,0.22216796875
299,0.8067626953125,-0.56488037109375,-0.1324462890625,-0.1114501953125,0.6678466796875,0.1844482421875,0.41888427734375,0.58685302734375,0.98590087890625,0.09271240234375,0.12982177734375,-0.0501708984375,0.96905517578125,-0.044921875,0.2423095703125,0.00946044921875,0.882568359375,-0.27618408203125,0.37969970703125,0.0220947265625,0.84039306640625,-0.37237548828125,0.32501220703125,0.22216796875
