timestep,imu0_w,imu0_x,imu0_y,imu0_z,imu1_w,imu1_x,imu1_y,imu1_z,imu2_w,imu2_x,imu2_y,imu2_z,imu3_w,imu3_x,imu3_y,imu3_z,imu4_w,imu4_x,imu4_y,imu4_z,imu5_w,imu5_x,imu5_y,imu5_z
0,0.685546875,-0.65850830078125,-0.247802734375,-0.18670654296875,0.6929931640625,0.6270751953125,0.34747314453125,0.0751953125,0.6619873046875,-0.07244873046875,0.72088623046875,0.19183349609375,0.97882080078125,0.07025146484375,-0.1365966796875,0.135009765625,0.87109375,-0.07598876953125,-0.48199462890625,0.05462646484375,0.92169189453125,-0.2862548828125,-0.039306640625,0.2586669921875
1,0.685546875,-0.65850830078125,-0.24786376953125,-0.18670654296875,0.6929931640625,0.62713623046875,0.34735107421875,0.0750732421875,0.661865234375,-0.0723876953125,0.720947265625,0.1917724609375,0.97882080078125,0.0703125,-0.13653564453125,0.1348876953125,0.87115478515625,-0.07598876953125,-0.48193359375,0.05450439453125,0.92169189453125,-0.2862548828125,-0.03924560546875,0.25872802734375
2,0.685546875,-0.65850830078125,-0.24786376953125,-0.18670654296875,0.6929931640625,0.62713623046875,0.34735107421875,0.0750732421875,0.661865234375,-0.0723876953125,0.720947265625,0.1917724609375,0.97882080078125,0.0703125,-0.13653564453125,0.1348876953125,0.87115478515625,-0.07598876953125,-0.48193359375,0.05450439453125,0.92169189453125,-0.2862548828125,-0.039306640625,0.25860595703125
3,0.68560791015625,-0.65838623046875,-0.2479248046875,-0.186767578125,0.69305419921875,0.6273193359375,0.3470458984375,0.07489013671875,0.66192626953125,-0.07220458984375,0.720947265625,0.19171142578125,0.97882080078125,0.0703125,-0.1365966796875,0.13482666015625,0.87115478515625,-0.07611083984375,-0.48193359375,0.05462646484375,0.921630859375,-0.286376953125,-0.039306640625,0.2586669921875
4,0.68560791015625,-0.65838623046875,-0.2479248046875,-0.186767578125,0.69305419921875,0.6273193359375,0.3470458984375,0.07489013671875,0.66192626953125,-0.07220458984375,0.720947265625,0.19171142578125,0.97882080078125,0.0703125,-0.1365966796875,0.13482666015625,0.87115478515625,-0.07611083984375,-0.48193359375,0.05462646484375,0.921630859375,-0.286376953125,-0.0391845703125,0.25860595703125
5,0.685546875,-0.658447265625,-0.2479248046875,-0.1868896484375,0.69293212890625,0.62750244140625,0.34686279296875,0.07489013671875,0.661865234375,-0.072021484375,0.72100830078125,0.1917724609375,0.97882080078125,0.0704345703125,-0.13677978515625,0.134765625,0.87115478515625,-0.07586669921875,-0.48193359375,0.05462646484375,0.92169189453125,-0.28631591796875,-0.039306640625,0.2586669921875
6,0.685546875,-0.658447265625,-0.2479248046875,-0.1868896484375,0.69293212890625,0.62750244140625,0.34686279296875,0.07489013671875,0.661865234375,-0.072021484375,0.72100830078125,0.1917724609375,0.97882080078125,0.0704345703125,-0.13677978515625,0.134765625,0.87115478515625,-0.07586669921875,-0.48193359375,0.05462646484375,0.921630859375,-0.2864990234375,-0.03924560546875,0.258544921875
7,0.6854248046875,-0.65850830078125,-0.24798583984375,-0.18695068359375,0.69305419921875,0.62750244140625,0.3468017578125,0.07476806640625,0.66180419921875,-0.072021484375,0.7210693359375,0.19171142578125,0.97882080078125,0.07073974609375,-0.13690185546875,0.1346435546875,0.8712158203125,-0.07574462890625,-0.48187255859375,0.05462646484375,0.92169189453125,-0.28631591796875,-0.03924560546875,0.2586669921875
8,0.6854248046875,-0.65850830078125,-0.24798583984375,-0.18695068359375,0.69305419921875,0.62750244140625,0.3468017578125,0.07476806640625,0.66180419921875,-0.072021484375,0.7210693359375,0.19171142578125,0.97882080078125,0.07073974609375,-0.13690185546875,0.1346435546875,0.8712158203125,-0.07574462890625,-0.48187255859375,0.05462646484375,0.92169189453125,-0.2863742994225543,-0.039187224014945655,0.2585502292798913
9,0.6854752250339674,-0.6584074600883152,-0.24808668053668478,-0.18700110394021738,0.6931656547214674,0.6273405655570652,0.34684156334918476,0.07481848675271739,0.6617431640625,-0.07217274541440218,0.72113037109375,0.19171142578125,0.9787703804347826,0.07079016644021739,-0.13700269616168478,0.1346435546875,0.8712158203125,-0.07568359375,-0.48187255859375,0.054716690726902176,0.9216414741847826,-0.28647779381793476,-0.0391845703125,0.25864576256793476
10,0.68548583984375,-0.65838623046875,-0.24810791015625,-0.18701171875,0.69317626953125,0.6273193359375,0.34686279296875,0.0748291015625,0.6617431640625,-0.07220458984375,0.72113037109375,0.19171142578125,0.978759765625,0.07080078125,-0.13702392578125,0.1346435546875,0.8712158203125,-0.07568359375,-0.48187255859375,0.05474853515625,0.9216733186141305,-0.28641410495923914,-0.03922702955163043,0.25858207370923914
11,0.68548583984375,-0.6583517323369565,-0.24817690641983695,-0.1870462168817935,0.6929931640625,0.6274679432744565,0.346870754076087,0.07480256453804347,0.6616476307744565,-0.07209048063858696,0.7211648692255435,0.1919290293817935,0.978759765625,0.07107145889945653,-0.1370849609375,0.13465151579483695,0.8712158203125,-0.07552702530570653,-0.4818115234375,0.05481753141983696,0.9216573963994565,-0.28641145125679346,-0.03924560546875,0.258613918138587
12,0.68548583984375,-0.6583251953125,-0.24822998046875,-0.18707275390625,0.6929931640625,0.62744140625,0.346923828125,0.0748291015625,0.66162109375,-0.0721435546875,0.72119140625,0.19195556640625,0.978759765625,0.071044921875,-0.1370849609375,0.13470458984375,0.8712158203125,-0.07550048828125,-0.4818115234375,0.05487060546875,0.9216573963994565,-0.28643798828125,-0.03924560546875,0.25864045516304346
13,0.6854248046875,-0.65838623046875,-0.248291015625,-0.18701171875,0.69287109375,0.62762451171875,0.34686279296875,0.07470703125,0.66156005859375,-0.0718994140625,0.7213134765625,0.19189453125,0.978759765625,0.071044921875,-0.13702392578125,0.1346435546875,0.871337890625,-0.07550048828125,-0.481689453125,0.05474853515625,0.92169189453125,-0.28631591796875,-0.03912353515625,0.25860595703125
14,0.6854248046875,-0.65838623046875,-0.248291015625,-0.18701171875,0.69287109375,0.62762451171875,0.34686279296875,0.07470703125,0.66156005859375,-0.0718994140625,0.7213134765625,0.19189453125,0.978759765625,0.071044921875,-0.13702392578125,0.1346435546875,0.871337890625,-0.07550048828125,-0.481689453125,0.05474853515625,0.9216812797214674,-0.28635837720788043,-0.03912353515625,0.2585953422214674
15,0.685302734375,-0.658447265625,-0.24847412109375,-0.18701171875,0.69293212890625,0.62762451171875,0.34674072265625,0.07476806640625,0.66156005859375,-0.07171630859375,0.72137451171875,0.19183349609375,0.978759765625,0.07098388671875,-0.1370849609375,0.13446044921875,0.87139892578125,-0.075439453125,-0.4815673828125,0.0545654296875,0.921630859375,-0.28643798828125,-0.0390625,0.2586669921875
16,0.685302734375,-0.658447265625,-0.24847412109375,-0.18701171875,0.69293212890625,0.62762451171875,0.34674072265625,0.07476806640625,0.66156005859375,-0.07171630859375,0.72137451171875,0.19183349609375,0.978759765625,0.07098388671875,-0.1370849609375,0.13446044921875,0.87139892578125,-0.075439453125,-0.4815673828125,0.0545654296875,0.921630859375,-0.28643798828125,-0.0390625,0.2586669921875
17,0.685302734375,-0.6583517323369565,-0.24866518766983695,-0.18705948539402173,0.6929798955502717,0.6276510487432065,0.346687648607337,0.07481583305027174,0.6615255604619565,-0.07166323454483696,0.7213479746942935,0.19188126273777173,0.978759765625,0.07111922554347826,-0.1370504628057065,0.13440737516983695,0.8714466924252717,-0.0753173828125,-0.48153288468070654,0.05451235563858695,0.9215963612432065,-0.28659455672554346,-0.03912353515625,0.258613918138587
18,0.685302734375,-0.6583251953125,-0.24871826171875,-0.18707275390625,0.6929931640625,0.62762451171875,0.34674072265625,0.0748291015625,0.6614990234375,-0.07171630859375,0.72137451171875,0.19189453125,0.978759765625,0.07110595703125,-0.13702392578125,0.13446044921875,0.8714599609375,-0.0753173828125,-0.48150634765625,0.0545654296875,0.9216494352921195,-0.2865016771399457,-0.03912353515625,0.2584679645040761
19,0.685302734375,-0.6582615064538043,-0.24887748386548914,-0.18710459833559784,0.69293212890625,0.6276828931725543,0.34665580417798914,0.07473887567934782,0.6614034901494565,-0.07153851052989131,0.7214382005774457,0.19192637567934784,0.97882080078125,0.07119618291440218,-0.1368673573369565,0.1344047214673913,0.87152099609375,-0.07504139775815218,-0.4814426587975543,0.05454154636548913,0.9216600501019022,-0.2865016771399457,-0.039059846297554345,0.25852103855298914
20,0.685302734375,-0.658203125,-0.2490234375,-0.1871337890625,0.69293212890625,0.62762451171875,0.3468017578125,0.07476806640625,0.66131591796875,-0.0716552734375,0.72149658203125,0.19195556640625,0.97882080078125,0.0711669921875,-0.13677978515625,0.134521484375,0.87152099609375,-0.07501220703125,-0.48138427734375,0.0546875,0.921630859375,-0.28658394191576086,-0.038953698199728264,0.2585953422214674
21,0.6852549677309783,-0.658219047214674,-0.24907120414402173,-0.18716563349184784,0.6930833899456522,0.627579398777174,0.34654434867527173,0.07479991083559782,0.661361030910326,-0.07136601987092392,0.7215576171875,0.19166896654211957,0.978865913722826,0.07103165336277174,-0.13674794072690216,0.13426407523777173,0.871658988620924,-0.07500955332880435,-0.4811242145040761,0.054414168648097824,0.921630859375,-0.28657332710597827,-0.03889531674592391,0.2585475755774457
22,0.68511962890625,-0.65826416015625,-0.24920654296875,-0.187255859375,0.6929931640625,0.62762451171875,0.3466796875,0.07489013671875,0.66131591796875,-0.0714111328125,0.7215576171875,0.19189453125,0.97882080078125,0.0711669921875,-0.13665771484375,0.1343994140625,0.8717041015625,-0.0748291015625,-0.4810791015625,0.05450439453125,0.9216388204823369,-0.2864539104959239,-0.03892450747282609,0.25869618291440216
23,0.68511962890625,-0.65826416015625,-0.24920654296875,-0.187255859375,0.69317626953125,0.6275634765625,0.346435546875,0.07476806640625,0.6612548828125,-0.07110595703125,0.7216796875,0.191650390625,0.9788818359375,0.07110595703125,-0.13653564453125,0.13427734375,0.87176513671875,-0.07489013671875,-0.48095703125,0.0543212890625,0.92169189453125,-0.28656005859375,-0.038818359375,0.25848388671875
24,0.68499755859375,-0.65838623046875,-0.24932861328125,-0.18731689453125,0.6929931640625,0.62762451171875,0.3465576171875,0.0748291015625,0.66119384765625,-0.071044921875,0.72174072265625,0.19183349609375,0.9788818359375,0.0712890625,-0.136474609375,0.13433837890625,0.871826171875,-0.07470703125,-0.48089599609375,0.0543212890625,0.92169189453125,-0.286376953125,-0.038818359375,0.25860595703125
25,0.68499755859375,-0.6582508916440217,-0.24950906504755435,-0.18736200747282608,0.6929931640625,0.627669624660326,0.3465125042459239,0.0748291015625,0.6612256920855978,-0.07104226817255435,0.7217088782269022,0.19187860903532608,0.9788818359375,0.07125987177309782,-0.13644541864809784,0.13433572520380435,0.871871284816576,-0.07452392578125,-0.4809119183084239,0.05430271314538043,0.9216627038043478,-0.28640614385190216,-0.03875732421875,0.2586643384850543
26,0.68499755859375,-0.658203125,-0.24957275390625,-0.1873779296875,0.6929931640625,0.627685546875,0.34649658203125,0.0748291015625,0.66119384765625,-0.07110595703125,0.72174072265625,0.19189453125,0.9788818359375,0.07122802734375,-0.13641357421875,0.1343994140625,0.87188720703125,-0.07452392578125,-0.48089599609375,0.05438232421875,0.921630859375,-0.28643798828125,-0.03875732421875,0.25872802734375
27,0.6850851307744565,-0.6580863620923914,-0.2496895168138587,-0.18740712041440216,0.6929931640625,0.6276563561480978,0.3465549634850543,0.07477072010869565,0.6611354662024457,-0.07109799592391304,0.7217088782269022,0.19210948114809784,0.9788818359375,0.07144828464673914,-0.13635519276494565,0.13436226222826086,0.8718580163043478,-0.07439920176630435,-0.48092784052309784,0.05449643342391304,0.9216945482336957,-0.2864326808763587,-0.038911238960597824,0.2585396144701087
28,0.6851806640625,-0.657958984375,-0.24981689453125,-0.18743896484375,0.6929931640625,0.62762451171875,0.34661865234375,0.07470703125,0.66107177734375,-0.0712890625,0.72174072265625,0.19207763671875,0.9788818359375,0.0712890625,-0.13629150390625,0.134521484375,0.871826171875,-0.074462890625,-0.48089599609375,0.0546875,0.921630859375,-0.28656005859375,-0.03887939453125,0.2586669921875
29,0.6851541270380435,-0.6579722528872283,-0.2498434315557065,-0.1874655018682065,0.6930276621942935,0.6276988153872283,0.34646208389945654,0.07456373131793478,0.6611195439877717,-0.07118026069972826,0.7217274541440217,0.19199537194293478,0.9788818359375,0.07126783288043478,-0.13633927055027173,0.1343649159307065,0.87188720703125,-0.07448412024456522,-0.4808349609375,0.054517663043478264,0.921630859375,-0.28658128821331524,-0.038831627887228264,0.25858472741168476
30,0.68505859375,-0.65802001953125,-0.24993896484375,-0.18756103515625,0.69293212890625,0.62774658203125,0.3465576171875,0.07470703125,0.66107177734375,-0.07122802734375,0.7216796875,0.192138671875,0.9788818359375,0.0714111328125,-0.13629150390625,0.13446044921875,0.87188720703125,-0.0743408203125,-0.4808349609375,0.0545654296875,0.921630859375,-0.2864539104959239,-0.03886347231657609,0.2587121051290761
31,0.6848250679347826,-0.6581367824388586,-0.2500557277513587,-0.1876777980638587,0.6929905103600543,0.62774658203125,0.3464992357336957,0.07470703125,0.6610744310461957,-0.07086447010869565,0.7218017578125,0.19206436820652173,0.9788844896399457,0.07152258831521739,-0.13617208729619565,0.1343330715013587,0.87200927734375,-0.07417098335597826,-0.48065185546875,0.054501740828804345,0.921630859375,-0.2863875679347826,-0.038754670516304345,0.258720066236413
32,0.684814453125,-0.65814208984375,-0.25006103515625,-0.18768310546875,0.6929931640625,0.62774658203125,0.34649658203125,0.07470703125,0.66107177734375,-0.07086181640625,0.7218017578125,0.19207763671875,0.9788818359375,0.071533203125,-0.13616943359375,0.13433837890625,0.87200927734375,-0.07415771484375,-0.48065185546875,0.05450439453125,0.921630859375,-0.286376953125,-0.03875732421875,0.25872802734375
33,0.684814453125,-0.6580996306046195,-0.25014595363451086,-0.18776802394701086,0.6930356233016305,0.6277041227921195,0.34649658203125,0.07474949048913043,0.6610107421875,-0.07068401834239131,0.72186279296875,0.19204048488451086,0.9789004118546195,0.07155177904211957,-0.13604736328125,0.1342826511548913,0.8720703125,-0.07405422044836957,-0.48052978515625,0.054448666779891304,0.9216494352921195,-0.28641941236413043,-0.03867771314538043,0.2587943699048913
34,0.684814453125,-0.6580810546875,-0.25018310546875,-0.18780517578125,0.69305419921875,0.627685546875,0.34649658203125,0.07476806640625,0.6610107421875,-0.07073974609375,0.72186279296875,0.19207763671875,0.9788818359375,0.071533203125,-0.13604736328125,0.13433837890625,0.8720703125,-0.07403564453125,-0.48052978515625,0.05450439453125,0.921630859375,-0.28643798828125,-0.0386962890625,0.25885009765625
35,0.6848409901494565,-0.6580279806385869,-0.250236179517663,-0.18785824983016305,0.6930807362432065,0.6276324728260869,0.34649658203125,0.07476806640625,0.6609842051630435,-0.07045314622961957,0.7218972911005435,0.1921652088994565,0.9789163340692935,0.07162873641304347,-0.1358642578125,0.13435695482336957,0.8721048106317935,-0.073974609375,-0.48055632218070654,0.05448847231657609,0.9216653575067935,-0.28634245499320654,-0.03878386124320652,0.25874660326086957
36,0.68487548828125,-0.657958984375,-0.25030517578125,-0.18792724609375,0.693115234375,0.6275634765625,0.34649658203125,0.07476806640625,0.66094970703125,-0.070556640625,0.72186279296875,0.19219970703125,0.9788818359375,0.07159423828125,-0.1358642578125,0.13446044921875,0.8720703125,-0.073974609375,-0.4805908203125,0.05462646484375,0.921630859375,-0.286376953125,-0.038818359375,0.25885009765625
37,0.6848648734714674,-0.6579483695652174,-0.2503157905910326,-0.18795909052309784,0.693115234375,0.6275634765625,0.3464859672214674,0.07477868121603261,0.66094970703125,-0.07010020380434782,0.7219636336616848,0.19215990149456522,0.9789322562839674,0.07154381793478261,-0.13569176715353262,0.13437022333559784,0.8721817680027174,-0.07383130944293478,-0.48042894446331524,0.054586659307065216,0.921630859375,-0.286376953125,-0.038728133491847824,0.25875987177309784
38,0.684814453125,-0.65789794921875,-0.2503662109375,-0.1881103515625,0.693115234375,0.6275634765625,0.346435546875,0.0748291015625,0.66094970703125,-0.07025146484375,0.72186279296875,0.1922607421875,0.9788818359375,0.07159423828125,-0.1357421875,0.134521484375,0.87213134765625,-0.07373046875,-0.48052978515625,0.0546875,0.921630859375,-0.286376953125,-0.03887939453125,0.2589111328125
39,0.684814453125,-0.65789794921875,-0.2503662109375,-0.1881103515625,0.693115234375,0.6275634765625,0.346435546875,0.0748291015625,0.6610054347826086,-0.06986137058423914,0.7219185207201086,0.1922607421875,0.9789375636888586,0.07164996603260869,-0.1354635487432065,0.1344657566236413,0.8721870754076086,-0.07373046875,-0.4803626019021739,0.05457604449728261,0.921630859375,-0.286376953125,-0.0386962890625,0.2587890625
40,0.68475341796875,-0.657958984375,-0.25042724609375,-0.18817138671875,0.69305419921875,0.627685546875,0.346435546875,0.07476806640625,0.66094970703125,-0.06982421875,0.721923828125,0.1923828125,0.97894287109375,0.07171630859375,-0.13543701171875,0.134521484375,0.8721923828125,-0.0736083984375,-0.4803466796875,0.05462646484375,0.921630859375,-0.2862548828125,-0.0386962890625,0.25885009765625
41,0.68475341796875,-0.657958984375,-0.25042724609375,-0.18817138671875,0.69305419921875,0.627685546875,0.346435546875,0.07476806640625,0.6609895125679348,-0.06974460767663043,0.7218840225883152,0.1923828125,0.97894287109375,0.07171630859375,-0.13547681725543478,0.13440206776494565,0.8722321883491848,-0.07356859290081522,-0.48038648522418476,0.05446724269701087,0.92169189453125,-0.2862548828125,-0.03875732421875,0.2586669921875
42,0.6846923828125,-0.65789794921875,-0.2506103515625,-0.18829345703125,0.693115234375,0.6275634765625,0.346435546875,0.07489013671875,0.66094970703125,-0.06982421875,0.72186279296875,0.19256591796875,0.97894287109375,0.07171630859375,-0.13543701171875,0.134521484375,0.87225341796875,-0.07342529296875,-0.4803466796875,0.0545654296875,0.921630859375,-0.2862548828125,-0.03875732421875,0.2589111328125
43,0.6846923828125,-0.6578501825747283,-0.2507297681725543,-0.18831734035326086,0.6931391176970109,0.6275395932404891,0.34645943019701086,0.07486625339673914,0.6608780570652174,-0.06967561141304347,0.7219105596127717,0.19258980129076086,0.97894287109375,0.07193656589673914,-0.1353043265964674,0.1344949473505435,0.8722773012907609,-0.0732421875,-0.48029891304347827,0.054501740828804345,0.9216680112092391,-0.28627876613451086,-0.03879447605298913,0.2587864087975543
44,0.6846923828125,-0.65777587890625,-0.25091552734375,-0.1883544921875,0.69317626953125,0.62750244140625,0.34649658203125,0.0748291015625,0.6607666015625,-0.06982421875,0.72198486328125,0.192626953125,0.97894287109375,0.0718994140625,-0.13519287109375,0.1346435546875,0.872314453125,-0.0732421875,-0.480224609375,0.0546875,0.921630859375,-0.28631591796875,-0.03875732421875,0.25897216796875
45,0.6846923828125,-0.657759956691576,-0.25093941066576086,-0.18837041440217392,0.6931842306385869,0.627486519191576,0.34649658203125,0.07483706266983696,0.6608196756114131,-0.06955088739809782,0.72198486328125,0.19258184018342392,0.97894287109375,0.07189145295516304,-0.13524594514266305,0.13449229364809784,0.87237548828125,-0.07317319123641304,-0.48016357421875,0.05453623896059783,0.921675972316576,-0.286323879076087,-0.03870425016983696,0.25881294582201086
46,0.6846923828125,-0.65765380859375,-0.2510986328125,-0.1884765625,0.6932373046875,0.62738037109375,0.34649658203125,0.07489013671875,0.6607666015625,-0.06976318359375,0.72198486328125,0.19268798828125,0.97894287109375,0.07183837890625,-0.13519287109375,0.13470458984375,0.87237548828125,-0.0731201171875,-0.48016357421875,0.05474853515625,0.92156982421875,-0.286376953125,-0.03875732421875,0.25897216796875
47,0.6846923828125,-0.65765380859375,-0.2510986328125,-0.1884765625,0.6932373046875,0.62738037109375,0.34649658203125,0.07489013671875,0.6607666015625,-0.06949781334918478,0.7220379373301631,0.19252876613451086,0.9789959451426631,0.07194452700407608,-0.13519287109375,0.13443921959918478,0.8724285623301631,-0.07306704313858696,-0.480110500169837,0.054536238960597824,0.921630859375,-0.28643798828125,-0.0386962890625,0.2586669921875
48,0.6845703125,-0.65765380859375,-0.2513427734375,-0.18865966796875,0.6932373046875,0.6273193359375,0.3465576171875,0.074951171875,0.66064453125,-0.06964111328125,0.72210693359375,0.1927490234375,0.97894287109375,0.07208251953125,-0.1351318359375,0.1346435546875,0.8724365234375,-0.07281494140625,-0.48004150390625,0.05474853515625,0.921630859375,-0.28631591796875,-0.03875732421875,0.25897216796875
49,0.6845331606657609,-0.6576166567595109,-0.25149138077445654,-0.18873397163722827,0.6933116083559783,0.6272078804347826,0.34659476902173914,0.07498832370923914,0.6606073794157609,-0.06956680961277174,0.7221812372622283,0.1927490234375,0.9789667544157609,0.07220458984375,-0.13499649711277173,0.1346090565557065,0.8725108271059783,-0.07266633406929347,-0.4799300484035326,0.05474853515625,0.9216547426970109,-0.28627876613451086,-0.0386962890625,0.25887663468070654
50,0.68450927734375,-0.6575927734375,-0.2515869140625,-0.18878173828125,0.693359375,0.62713623046875,0.34661865234375,0.07501220703125,0.66058349609375,-0.06951904296875,0.72222900390625,0.1927490234375,0.97894287109375,0.07220458984375,-0.13494873046875,0.13470458984375,0.87255859375,-0.07257080078125,-0.4798583984375,0.05474853515625,0.921630859375,-0.2862548828125,-0.0386962890625,0.25897216796875
51,0.6844880477241848,-0.6575715438179348,-0.2516506029211957,-0.18882419752038043,0.6933381453804348,0.6271786897078805,0.34661865234375,0.07499097741168478,0.6605410368546195,-0.06945535411005435,0.72222900390625,0.19279148267663043,0.9789826766304348,0.07228685461956522,-0.13492750084918478,0.13454536769701086,0.8725798233695652,-0.07246465268342392,-0.47983716881793476,0.054727305536684784,0.9216706649116848,-0.28619384765625,-0.038656483525815216,0.25881294582201086
52,0.6844482421875,-0.65753173828125,-0.25177001953125,-0.18890380859375,0.69329833984375,0.62725830078125,0.34661865234375,0.074951171875,0.66046142578125,-0.0693359375,0.72222900390625,0.19287109375,0.97894287109375,0.07232666015625,-0.1348876953125,0.13470458984375,0.87261962890625,-0.072265625,-0.47979736328125,0.0546875,0.921630859375,-0.28619384765625,-0.0386962890625,0.25897216796875
53,0.6844482421875,-0.6575211234714674,-0.25179124915081524,-0.18891442340353262,0.69329833984375,0.6272636081861414,0.34661865234375,0.074951171875,0.66046142578125,-0.06931470788043478,0.7222343113111414,0.1928764011548913,0.9789985988451086,0.07250445822010869,-0.13487708050271738,0.13442064368206522,0.8726249363111414,-0.07226031759510869,-0.4797920558763587,0.05469811480978261,0.9217423148777174,-0.2861991550611413,-0.03863525390625,0.25869352921195654
54,0.6844482421875,-0.65740966796875,-0.25201416015625,-0.18902587890625,0.69329833984375,0.6273193359375,0.34661865234375,0.074951171875,0.66046142578125,-0.069091796875,0.7222900390625,0.19293212890625,0.97894287109375,0.07244873046875,-0.134765625,0.1346435546875,0.8726806640625,-0.07220458984375,-0.479736328125,0.0548095703125,0.921630859375,-0.2862548828125,-0.03863525390625,0.25897216796875
55,0.6843474014945652,-0.65740966796875,-0.25221584154211957,-0.18912671959918478,0.6931974991508152,0.6272689155910326,0.34682033372961957,0.07505201256793478,0.6603605850883152,-0.06889011548913043,0.7223404594089674,0.19318423063858695,0.9789534859035326,0.07254957116168478,-0.13472581946331522,0.13466213060461957,0.8727815047554348,-0.07205332880434782,-0.47958506708559784,0.05485999065896739,0.9216414741847826,-0.2862654976222826,-0.03863525390625,0.25899074388586957
56,0.684326171875,-0.65740966796875,-0.25225830078125,-0.18914794921875,0.69317626953125,0.62744140625,0.3465576171875,0.074951171875,0.66033935546875,-0.06884765625,0.72235107421875,0.1932373046875,0.97894287109375,0.07257080078125,-0.13470458984375,0.13470458984375,0.872802734375,-0.072021484375,-0.47955322265625,0.05487060546875,0.921630859375,-0.2862548828125,-0.03863525390625,0.259033203125
57,0.684326171875,-0.6573406717051631,-0.25236179517663043,-0.18914794921875,0.6931417713994565,0.6274759043817935,0.34659211531929346,0.07488217561141304,0.6603048573369565,-0.06867516559103261,0.7223855723505435,0.1932373046875,0.97894287109375,0.07259733780570653,-0.13469662873641305,0.13462497877038043,0.8728372325067935,-0.072021484375,-0.479484226392663,0.05487060546875,0.9216573963994565,-0.28628938094429346,-0.03853972061820652,0.25895359205163043
58,0.684326171875,-0.65728759765625,-0.25244140625,-0.18914794921875,0.693115234375,0.62750244140625,0.34661865234375,0.0748291015625,0.6602783203125,-0.06854248046875,0.722412109375,0.1932373046875,0.97894287109375,0.07257080078125,-0.1346435546875,0.13470458984375,0.87286376953125,-0.072021484375,-0.47943115234375,0.05487060546875,0.921630859375,-0.28631591796875,-0.03851318359375,0.259033203125
59,0.684326171875,-0.65728759765625,-0.2524971340013587,-0.18916652513586957,0.6930780825407609,0.6275395932404891,0.34661865234375,0.0748291015625,0.6602783203125,-0.06850532863451086,0.722412109375,0.1932930324388587,0.97900390625,0.07258937669836957,-0.13462497877038043,0.13461967136548914,0.87286376953125,-0.07198433254076086,-0.47941257642663043,0.05488918138586957,0.9216122834578805,-0.28631591796875,-0.03855564283288043,0.2589668605638587
60,0.684326171875,-0.65728759765625,-0.25262451171875,-0.189208984375,0.6929931640625,0.62762451171875,0.34661865234375,0.0748291015625,0.6602783203125,-0.06842041015625,0.722412109375,0.19342041015625,0.97900390625,0.0726318359375,-0.13458251953125,0.13470458984375,0.87286376953125,-0.0718994140625,-0.4793701171875,0.054931640625,0.92156982421875,-0.28631591796875,-0.03851318359375,0.25909423828125
61,0.6843235181725543,-0.6572849439538043,-0.252632472826087,-0.189208984375,0.6929931640625,0.62762451171875,0.34661865234375,0.07483440896739131,0.6603340480638586,-0.06824261209239131,0.7223537279211957,0.19336202870244565,0.97894287109375,0.07269287109375,-0.1346992824388587,0.1346488620923913,0.87286376953125,-0.07189676036005435,-0.4793701171875,0.054928986922554345,0.9216282056725543,-0.286376953125,-0.038571565047554345,0.258858058763587
62,0.68426513671875,-0.6572265625,-0.2528076171875,-0.189208984375,0.6929931640625,0.62762451171875,0.34661865234375,0.074951171875,0.66021728515625,-0.068359375,0.722412109375,0.19342041015625,0.97894287109375,0.07269287109375,-0.13458251953125,0.134765625,0.87286376953125,-0.07183837890625,-0.4793701171875,0.05487060546875,0.92156982421875,-0.286376953125,-0.03851318359375,0.259033203125
63,0.68426513671875,-0.6572265625,-0.2528076171875,-0.189208984375,0.6929931640625,0.62762451171875,0.34661865234375,0.074951171875,0.66021728515625,-0.06821607506793478,0.7224598760190217,0.19337264351222827,0.97894287109375,0.07269287109375,-0.134765625,0.134521484375,0.87286376953125,-0.07183837890625,-0.4793701171875,0.05487060546875,0.9216175908627717,-0.28642471976902173,-0.038560950237771736,0.258842136548913
64,0.68426513671875,-0.65716552734375,-0.25299072265625,-0.18927001953125,0.6929931640625,0.62750244140625,0.34674072265625,0.074951171875,0.66015625,-0.068359375,0.72247314453125,0.19342041015625,0.97894287109375,0.07269287109375,-0.1346435546875,0.13470458984375,0.8729248046875,-0.07171630859375,-0.47930908203125,0.05474853515625,0.92156982421875,-0.28643798828125,-0.03851318359375,0.259033203125
65,0.68426513671875,-0.65716552734375,-0.25299072265625,-0.18927001953125,0.6929931640625,0.62750244140625,0.34674072265625,0.074951171875,0.6601244055706522,-0.06823199728260869,0.7225368333899457,0.19338856572690216,0.97900390625,0.0728759765625,-0.13458251953125,0.134521484375,0.8729248046875,-0.07171630859375,-0.47930908203125,0.05474853515625,0.9216016686480978,-0.28643798828125,-0.03841765030570652,0.25893766983695654
66,0.68426513671875,-0.65704345703125,-0.25311279296875,-0.18951416015625,0.69317626953125,0.6273193359375,0.34674072265625,0.07501220703125,0.66015625,-0.068359375,0.7225341796875,0.1934814453125,0.97894287109375,0.07281494140625,-0.1346435546875,0.13482666015625,0.87298583984375,-0.07159423828125,-0.479248046875,0.05499267578125,0.9215087890625,-0.2864990234375,-0.03851318359375,0.25909423828125
67,0.6842332922894022,-0.657059379245924,-0.2531287151834239,-0.18956192680027173,0.693160347316576,0.6273193359375,0.34677256708559784,0.07505997367527174,0.660140327785326,-0.06826384171195653,0.722550101902174,0.1934814453125,0.978987984035326,0.07280167289402174,-0.13453740658967392,0.13463028617527173,0.8730176842730978,-0.07153054942255435,-0.47920028023097827,0.054960831351902176,0.92156982421875,-0.28652821416440216,-0.038361922554347824,0.25895889945652173
68,0.68414306640625,-0.6571044921875,-0.253173828125,-0.189697265625,0.6932373046875,0.6273193359375,0.3466796875,0.074951171875,0.66009521484375,-0.0679931640625,0.72259521484375,0.1934814453125,0.97894287109375,0.07293701171875,-0.13458251953125,0.134765625,0.87310791015625,-0.07135009765625,-0.47906494140625,0.05487060546875,0.92156982421875,-0.28643798828125,-0.0384521484375,0.25909423828125
69,0.68414306640625,-0.6571044921875,-0.253173828125,-0.189697265625,0.6932373046875,0.6273193359375,0.3466796875,0.074951171875,0.6600341796875,-0.06756591796875001,0.72265625,0.1934814453125,0.97900390625,0.07293701171875,-0.1343994140625,0.13458251953125,0.87310791015625,-0.07135009765625,-0.47906494140625,0.05487060546875,0.921630859375,-0.28631591796875,-0.03820800781250001,0.2589111328125
70,0.68414306640625,-0.656982421875,-0.2532958984375,-0.18988037109375,0.69317626953125,0.62738037109375,0.34661865234375,0.07501220703125,0.6600341796875,-0.0677490234375,0.72265625,0.193603515625,0.97894287109375,0.07293701171875,-0.1343994140625,0.13482666015625,0.8731689453125,-0.07110595703125,-0.47894287109375,0.05499267578125,0.92156982421875,-0.286376953125,-0.038330078125,0.25909423828125
71,0.68414306640625,-0.656982421875,-0.2532958984375,-0.18988037109375,0.69317626953125,0.62738037109375,0.34661865234375,0.07501220703125,0.659989066745924,-0.06756857167119565,0.72265625,0.19364862856657608,0.97894287109375,0.0731201171875,-0.13433837890625,0.134765625,0.8731689453125,-0.07110595703125,-0.47894287109375,0.05499267578125,0.921614937160326,-0.28628672724184784,-0.038330078125,0.25895889945652173
72,0.6842041015625,-0.65679931640625,-0.25347900390625,-0.19000244140625,0.6932373046875,0.62725830078125,0.34674072265625,0.074951171875,0.659912109375,-0.06781005859375,0.72271728515625,0.19366455078125,0.97894287109375,0.072998046875,-0.13427734375,0.135009765625,0.8731689453125,-0.0709228515625,-0.47894287109375,0.05517578125,0.92156982421875,-0.286376953125,-0.038330078125,0.2591552734375
73,0.6842041015625,-0.65679931640625,-0.25347900390625,-0.19000244140625,0.6932373046875,0.62725830078125,0.34674072265625,0.074951171875,0.6598829186480978,-0.06775167713994565,0.72271728515625,0.19372293223505435,0.97894287109375,0.07318115234375,-0.13446044921875,0.1348876953125,0.8731689453125,-0.0709228515625,-0.47894287109375,0.05517578125,0.92156982421875,-0.28640614385190216,-0.038359268851902176,0.25906770125679346
74,0.68426513671875,-0.65673828125,-0.25360107421875,-0.1900634765625,0.69329833984375,0.627197265625,0.34674072265625,0.07501220703125,0.65985107421875,-0.06781005859375,0.72271728515625,0.19384765625,0.97894287109375,0.07305908203125,-0.1343994140625,0.135009765625,0.87310791015625,-0.0709228515625,-0.47900390625,0.05523681640625,0.9215087890625,-0.2864990234375,-0.038330078125,0.25909423828125
75,0.68426513671875,-0.65673828125,-0.25360107421875,-0.1900634765625,0.69329833984375,0.627197265625,0.34674072265625,0.07501220703125,0.6598776112432065,-0.06778352156929347,0.7227040166440217,0.19380785071331522,0.97894287109375,0.0732421875,-0.134521484375,0.13482666015625,0.87310791015625,-0.0709228515625,-0.47900390625,0.05523681640625,0.9215220575747283,-0.28652556046195654,-0.03835661514945652,0.25905443274456524
76,0.6842041015625,-0.65667724609375,-0.2537841796875,-0.1900634765625,0.693359375,0.6270751953125,0.3468017578125,0.07501220703125,0.65985107421875,-0.06781005859375,0.7227783203125,0.19378662109375,0.97894287109375,0.0732421875,-0.13441002887228262,0.13499384341032608,0.8731689453125,-0.07080078125,-0.47900390625,0.05517578125,0.9215087890625,-0.28662109375,-0.038330078125,0.259033203125
77,0.6842041015625,-0.65667724609375,-0.2537841796875,-0.1900634765625,0.693359375,0.6270751953125,0.3468017578125,0.07501220703125,0.65985107421875,-0.06781005859375,0.7227783203125,0.19378662109375,0.97894287109375,0.0732421875,-0.134521484375,0.13482666015625,0.8731689453125,-0.07080078125,-0.47900390625,0.05517578125,0.9215087890625,-0.28662109375,-0.038330078125,0.259033203125
78,0.6842041015625,-0.6566162109375,-0.25390625,-0.19012451171875,0.69329833984375,0.62713623046875,0.34686279296875,0.07501220703125,0.65972900390625,-0.06781005859375,0.72283935546875,0.19378662109375,0.97894287109375,0.07318115234375,-0.13446044921875,0.13494873046875,0.8731689453125,-0.07073974609375,-0.47894287109375,0.05523681640625,0.9215087890625,-0.28662109375,-0.038330078125,0.25909423828125
79,0.6842041015625,-0.6566162109375,-0.25390625,-0.19012451171875,0.69329833984375,0.62713623046875,0.34686279296875,0.07501220703125,0.65972900390625,-0.06781005859375,0.72283935546875,0.19387153957201086,0.9788818359375,0.0733642578125,-0.13446044921875,0.1348876953125,0.8731689453125,-0.07073974609375,-0.47894287109375,0.05523681640625,0.9215512483016305,-0.28657863451086957,-0.03828761888586957,0.25900931980298914
80,0.6842041015625,-0.6566162109375,-0.25390625,-0.190185546875,0.69329833984375,0.62713623046875,0.34686279296875,0.07501220703125,0.65972900390625,-0.06781005859375,0.7227783203125,0.19390869140625,0.9788818359375,0.0733642578125,-0.13446044921875,0.13494873046875,0.87322998046875,-0.07061767578125,-0.47894287109375,0.05511474609375,0.9215087890625,-0.28656005859375,-0.038330078125,0.259033203125
81,0.6842041015625,-0.6566162109375,-0.25390625,-0.190185546875,0.69329833984375,0.62713623046875,0.34686279296875,0.07501220703125,0.6597555409307065,-0.06786313264266304,0.7227517832880435,0.1939352284307065,0.9788818359375,0.0733642578125,-0.134521484375,0.1348876953125,0.87322998046875,-0.07061767578125,-0.47894287109375,0.05511474609375,0.9215353260869565,-0.28656005859375,-0.03838315217391304,0.258980129076087
82,0.6842041015625,-0.65655517578125,-0.25396728515625,-0.19012451171875,0.69329833984375,0.6270751953125,0.346923828125,0.0750732421875,0.65972900390625,-0.06793212890625,0.7227783203125,0.1939697265625,0.9788818359375,0.07337752632472826,-0.13447902513586957,0.1348876953125,0.8731689453125,-0.07061767578125,-0.47900390625,0.05523681640625,0.92156982421875,-0.28656005859375,-0.038330078125,0.25897216796875
83,0.6842147163722826,-0.6565445609714674,-0.2539778999660326,-0.19012451171875,0.6933089546535326,0.6270645805027174,0.3469344429347826,0.0750732421875,0.6597396187160326,-0.06796397333559782,0.7227570906929348,0.19400157099184784,0.9788818359375,0.07353674847146739,-0.134521484375,0.13489831012228262,0.8731689453125,-0.07062829059103261,-0.4789932914402174,0.05524743121603261,0.9215592094089674,-0.2865706734035326,-0.038351307744565216,0.25897216796875
84,0.68426513671875,-0.656494140625,-0.2540283203125,-0.19012451171875,0.6932373046875,0.6270751953125,0.3470458984375,0.07513427734375,0.6597900390625,-0.068115234375,0.72265625,0.19415283203125,0.9788791822350543,0.07349163552989131,-0.1345267917798913,0.13495138417119565,0.87310791015625,-0.070556640625,-0.47906494140625,0.0552978515625,0.9215087890625,-0.28662109375,-0.0384521484375,0.25897216796875
85,0.68426513671875,-0.656494140625,-0.2540283203125,-0.19012451171875,0.6932373046875,0.6270751953125,0.3470458984375,0.07513427734375,0.6597900390625,-0.068115234375,0.72265625,0.19415283203125,0.97882080078125,0.0736083984375,-0.1346435546875,0.135009765625,0.87310791015625,-0.070556640625,-0.47906494140625,0.0552978515625,0.9215087890625,-0.28662109375,-0.0384521484375,0.25897216796875
86,0.68426513671875,-0.656494140625,-0.25408935546875,-0.19000244140625,0.6932373046875,0.62701416015625,0.34716796875,0.07501220703125,0.6597900390625,-0.0682373046875,0.72265625,0.19415283203125,0.9788818359375,0.07359512992527174,-0.13471255095108695,0.1348531971807065,0.87310791015625,-0.0706787109375,-0.47906494140625,0.05523681640625,0.9215087890625,-0.2867431640625,-0.0384521484375,0.25897216796875
87,0.68426513671875,-0.656494140625,-0.25408935546875,-0.19000244140625,0.6932373046875,0.62701416015625,0.34716796875,0.07501220703125,0.6598696501358695,-0.06827711022418478,0.7225766389266305,0.19415283203125,0.9788818359375,0.0736083984375,-0.134765625,0.13482666015625,0.87310791015625,-0.0706787109375,-0.47906494140625,0.05523681640625,0.9215087890625,-0.2867431640625,-0.038412342900815216,0.25889255689538043
88,0.6842041015625,-0.65655517578125,-0.25408935546875,-0.19000244140625,0.69329833984375,0.626953125,0.34722900390625,0.07501220703125,0.65985107421875,-0.0682373046875,0.7225341796875,0.1942138671875,0.9788818359375,0.07370127802309782,-0.134765625,0.13479481572690216,0.8731689453125,-0.07061767578125,-0.47906494140625,0.05511474609375,0.92156982421875,-0.28668212890625,-0.03839111328125,0.25885009765625
89,0.6842041015625,-0.65655517578125,-0.25408935546875,-0.19002632472826086,0.69329833984375,0.626953125,0.34722900390625,0.07503609035326086,0.6598749575407609,-0.06833283797554347,0.7225102963654891,0.19423775050951086,0.9788579526154891,0.07373046875,-0.13478950832201086,0.13478950832201086,0.8731689453125,-0.07059379245923914,-0.47906494140625,0.05511474609375,0.9215459408967391,-0.28668212890625,-0.03839111328125,0.25885009765625
90,0.6842041015625,-0.65655517578125,-0.25408935546875,-0.1900634765625,0.69329833984375,0.62689208984375,0.34735107421875,0.07501220703125,0.659912109375,-0.0684814453125,0.72247314453125,0.19427490234375,0.97882080078125,0.07376231317934782,-0.13484258237092392,0.13482666015625,0.8731689453125,-0.070556640625,-0.47906494140625,0.05499267578125,0.9215087890625,-0.28668212890625,-0.03839111328125,0.25885009765625
91,0.6842041015625,-0.65655517578125,-0.25408935546875,-0.1900634765625,0.69329833984375,0.62689208984375,0.34735107421875,0.07501220703125,0.6599359926970109,-0.06854513417119565,0.7224413001019022,0.19428286345108695,0.97882080078125,0.0738525390625,-0.1348876953125,0.13482666015625,0.8731689453125,-0.070556640625,-0.47906494140625,0.05499267578125,0.9215167501698369,-0.286674167798913,-0.03837519106657609,0.258858058763587
92,0.6842041015625,-0.65655517578125,-0.25408935546875,-0.1900634765625,0.69329833984375,0.626708984375,0.34765625,0.07476806640625,0.66009521484375,-0.0689697265625,0.72222900390625,0.1943359375,0.97882080078125,0.0740966796875,-0.13482666015625,0.1348876953125,0.87322998046875,-0.070556640625,-0.47894287109375,0.05487060546875,0.92156982421875,-0.28662109375,-0.03826904296875,0.2589111328125
93,0.6842041015625,-0.65655517578125,-0.25408935546875,-0.1900634765625,0.69329833984375,0.626708984375,0.34765625,0.07476806640625,0.66009521484375,-0.0689697265625,0.72222900390625,0.1943359375,0.97882080078125,0.0740966796875,-0.13482666015625,0.1348876953125,0.87322998046875,-0.070556640625,-0.47894287109375,0.05487060546875,0.92156982421875,-0.28662109375,-0.03826904296875,0.2589111328125
94,0.68426513671875,-0.656494140625,-0.25396728515625,-0.1900634765625,0.69329833984375,0.626708984375,0.3477783203125,0.07464599609375,0.66021728515625,-0.06939697265625,0.7220458984375,0.19439697265625,0.978775687839674,0.07412587041440218,-0.13508406929347827,0.13491688603940216,0.87322998046875,-0.0706787109375,-0.47894287109375,0.05487060546875,0.92156982421875,-0.28662109375,-0.0382080078125,0.25885009765625
95,0.68426513671875,-0.656494140625,-0.25396728515625,-0.1900634765625,0.69329833984375,0.626708984375,0.3477783203125,0.07464599609375,0.6602915888247283,-0.06976849099864131,0.7219715947690217,0.19435982082201086,0.978759765625,0.07415771484375,-0.1351318359375,0.13494873046875,0.87322998046875,-0.0706787109375,-0.47894287109375,0.05487060546875,0.9215326723845109,-0.28669539741847827,-0.038133704144021736,0.25899870499320654
96,0.684326171875,-0.65655517578125,-0.25384521484375,-0.19000244140625,0.6934814453125,0.62646484375,0.3477783203125,0.07470703125,0.660400390625,-0.06988525390625,0.72186279296875,0.19427490234375,0.9787305748980978,0.07415771484375,-0.13539720618206522,0.13485585088315216,0.8731689453125,-0.0709228515625,-0.47906494140625,0.054931640625,0.9215087890625,-0.2867431640625,-0.0380859375,0.2589111328125
97,0.684326171875,-0.6565764054008152,-0.25382398522418476,-0.18991752292798914,0.6934814453125,0.6264860733695652,0.34775709069293476,0.07462211277173914,0.6604428498641305,-0.07007632048233696,0.7218415633491848,0.19416875424592392,0.9787199600883152,0.07413648522418478,-0.13557765794836957,0.13482400645380435,0.8731901749320652,-0.07096531080163043,-0.47902248216711957,0.054867951766304345,0.9214875594429348,-0.28682808254076086,-0.038064707880434784,0.2589111328125
98,0.684326171875,-0.6566162109375,-0.2537841796875,-0.18975830078125,0.69366455078125,0.62615966796875,0.347900390625,0.0748291015625,0.6605224609375,-0.0704345703125,0.7218017578125,0.1939697265625,0.9787332286005435,0.07410994819972826,-0.13559092646059784,0.13474439538043478,0.87310791015625,-0.0712890625,-0.47906494140625,0.05487060546875,0.92144775390625,-0.2869873046875,-0.03802490234375,0.2589111328125
99,0.6843314792798914,-0.6566215183423914,-0.2537735648777174,-0.18973707116168478,0.69366455078125,0.6261702827785326,0.3478897758152174,0.07480787194293478,0.6605330757472826,-0.07046641474184782,0.7217964504076086,0.19394849694293478,0.9786430027173914,0.07414710003396739,-0.1359199855638587,0.13486646569293478,0.8731132175611414,-0.07130498471467392,-0.4790596340013587,0.05485468325407609,0.9214424465013586,-0.2869979194972826,-0.03801428753396739,0.2589111328125
100,0.68438720703125,-0.65667724609375,-0.253662109375,-0.18951416015625,0.6937229322350543,0.6260482124660326,0.3480118461277174,0.07487686820652174,0.66064453125,-0.07080078125,0.72174072265625,0.1937255859375,0.97869873046875,0.07403564453125,-0.1358642578125,0.1346435546875,0.8730521824048914,-0.07153054942255435,-0.4791206691576087,0.054804262907608696,0.92138671875,-0.287109375,-0.03790283203125,0.2589111328125
101,0.68438720703125,-0.65667724609375,-0.253662109375,-0.18951416015625,0.6937255859375,0.62603759765625,0.3480224609375,0.07489013671875,0.66064453125,-0.07080078125,0.72174072265625,0.1937255859375,0.9786376953125,0.07403564453125,-0.13623046875,0.1348876953125,0.873046875,-0.071533203125,-0.4791259765625,0.0548095703125,0.92138671875,-0.287109375,-0.03790283203125,0.2589111328125
102,0.6844482421875,-0.65673828125,-0.25341796875,-0.18939208984375,0.69378662109375,0.6259712550951086,0.34799061650815216,0.07483440896739131,0.66070556640625,-0.07098388671875,0.72174072265625,0.193603515625,0.9785952360733695,0.07388969089673914,-0.13639499830163043,0.13481339164402173,0.8730044157608695,-0.07174019191576086,-0.47918701171875,0.054777725883152176,0.92138671875,-0.28717041015625,-0.037841796875,0.2589111328125
103,0.6844482421875,-0.65673828125,-0.25341796875,-0.18939208984375,0.69378662109375,0.62591552734375,0.34808349609375,0.07489013671875,0.6606710682744565,-0.07129436990489131,0.7216717263926631,0.19374150815217392,0.97857666015625,0.0738525390625,-0.13641357421875,0.1348876953125,0.87298583984375,-0.07177734375,-0.47918701171875,0.05487060546875,0.92138671875,-0.28717041015625,-0.037841796875,0.2589111328125
104,0.68450927734375,-0.65679931640625,-0.253173828125,-0.18939208984375,0.6937945822010869,0.6259500254755435,0.34799857761548914,0.07483706266983696,0.66082763671875,-0.0714111328125,0.72149658203125,0.19378662109375,0.97857666015625,0.07395868716032608,-0.13651706861413043,0.1348372749660326,0.8729248046875,-0.07183837890625,-0.47930908203125,0.05479364809782608,0.92138671875,-0.2872314453125,-0.037841796875,0.2589111328125
105,0.6845464291779891,-0.6567807404891305,-0.25309952445652173,-0.18939208984375,0.6937627377717391,0.62591552734375,0.34813126273777173,0.07474949048913043,0.6609019403872283,-0.07157831606657608,0.7214037024456522,0.1938423488451087,0.97857666015625,0.07405952785326086,-0.1364693019701087,0.13497261379076086,0.8728876528532609,-0.07187553074048914,-0.4793648097826087,0.05489448879076087,0.9213681428328805,-0.2872314453125,-0.03786037279211957,0.25892970872961957
106,0.68463134765625,-0.65673828125,-0.2529296875,-0.18939208984375,0.6938264266304348,0.6258942977241848,0.34804634425951086,0.07470703125,0.66107177734375,-0.07196044921875,0.72119140625,0.1939697265625,0.9785660453464674,0.07399583899456522,-0.1365966796875,0.13496199898097827,0.872802734375,-0.072021484375,-0.47955322265625,0.05511474609375,0.92132568359375,-0.2872314453125,-0.03790283203125,0.25897216796875
107,0.6846393087635869,-0.6567356275475543,-0.2529190726902174,-0.18938943614130435,0.6937335470448369,0.62579345703125,0.3484390922214674,0.07470172384510869,0.6610823921535326,-0.07198167883831522,0.7211781377377717,0.19397768766983695,0.978515625,0.07408871858016304,-0.13660464079483695,0.13530698029891305,0.8727974269701086,-0.07202944548233696,-0.4795585300611413,0.055109438688858696,0.92132568359375,-0.287239406419837,-0.037908139436141304,0.25897216796875
108,0.684814453125,-0.65667724609375,-0.252685546875,-0.1893310546875,0.69390869140625,0.62579345703125,0.34820556640625,0.0745849609375,0.66131591796875,-0.07244873046875,0.72088623046875,0.19415283203125,0.978515625,0.07391357421875,-0.13677978515625,0.1351318359375,0.8726249363111414,-0.07220458984375,-0.4797867484714674,0.055327042289402176,0.92132568359375,-0.28741455078125,-0.03802490234375,0.25897216796875
109,0.684814453125,-0.65667724609375,-0.252685546875,-0.1893310546875,0.69378662109375,0.62567138671875,0.3485107421875,0.0745849609375,0.66131591796875,-0.07244873046875,0.72088623046875,0.19415283203125,0.97845458984375,0.0740966796875,-0.1368408203125,0.13543701171875,0.87261962890625,-0.07220458984375,-0.47979736328125,0.05535888671875,0.92132568359375,-0.28741455078125,-0.03802490234375,0.25897216796875
110,0.6849365234375,-0.65667724609375,-0.25250244140625,-0.189208984375,0.69390869140625,0.6255731997282609,0.34848685886548914,0.07462211277173912,0.66143798828125,-0.07275390625,0.720703125,0.1939697265625,0.97845458984375,0.07393480383831522,-0.13706107761548914,0.13533351732336957,0.8724789826766305,-0.07246730638586957,-0.4799778150475543,0.055276621942934784,0.9212646484375,-0.28765869140625,-0.0379638671875,0.2589111328125
111,0.6849365234375,-0.65667724609375,-0.25250244140625,-0.189208984375,0.69390869140625,0.62548828125,0.34857177734375,0.07470703125,0.66143798828125,-0.07275390625,0.720703125,0.1939697265625,0.97845458984375,0.07391357421875,-0.13714599609375,0.1353759765625,0.8724365234375,-0.072509765625,-0.48004150390625,0.0552978515625,0.9212646484375,-0.28765869140625,-0.0379638671875,0.2589111328125
112,0.6849365234375,-0.65673828125,-0.25238037109375,-0.1890869140625,0.6939564580502717,0.6255387015964674,0.34853462550951086,0.07460884425951086,0.6614990234375,-0.07281494140625,0.720703125,0.19390869140625,0.97845458984375,0.07391357421875,-0.13714599609375,0.1352645210597826,0.8724736752717391,-0.07259468410326086,-0.48000435207201086,0.05513862941576087,0.9212646484375,-0.28765869140625,-0.03802490234375,0.25885009765625
113,0.684952445652174,-0.65673828125,-0.2523644488790761,-0.18907099184782608,0.694046683933424,0.62542724609375,0.3485558551290761,0.07463007387907608,0.6614990234375,-0.07286270805027174,0.720703125,0.19386092476222827,0.97845458984375,0.07389765200407608,-0.13716191830842392,0.13534413213315216,0.8724365234375,-0.07264775815217392,-0.48004150390625,0.05515985903532609,0.9212646484375,-0.2876746136209239,-0.03802490234375,0.25881825322690216
114,0.68499755859375,-0.65673828125,-0.2523193359375,-0.18902587890625,0.6940997579823369,0.6254033627717391,0.34853462550951086,0.07459292204483696,0.6614990234375,-0.072998046875,0.720703125,0.1937255859375,0.97845458984375,0.07384457795516304,-0.13719907014266305,0.13527778957201086,0.8724285623301631,-0.07270879330842392,-0.480049465013587,0.055146590523097824,0.9212646484375,-0.28765869140625,-0.03802490234375,0.2589111328125
115,0.68499755859375,-0.65673828125,-0.2523193359375,-0.18902587890625,0.69415283203125,0.625244140625,0.34869384765625,0.07464599609375,0.6614990234375,-0.072998046875,0.720703125,0.1937255859375,0.97845458984375,0.07379150390625,-0.13714599609375,0.13543701171875,0.87237548828125,-0.07281494140625,-0.4801025390625,0.05535888671875,0.9212646484375,-0.28765869140625,-0.03802490234375,0.2589111328125
116,0.6849365234375,-0.6568603515625,-0.2520751953125,-0.18890380859375,0.694091796875,0.62542724609375,0.34844970703125,0.07452392578125,0.66162109375,-0.0731201171875,0.7205810546875,0.19378662109375,0.9784015157948369,0.07374639096467392,-0.13726806640625,0.13539720618206522,0.8723224142323369,-0.07297416355298914,-0.480155613111413,0.055372155230978264,0.92120361328125,-0.2877197265625,-0.03790283203125,0.25897216796875
117,0.6849365234375,-0.6568603515625,-0.2520751953125,-0.18890380859375,0.69390869140625,0.62548828125,0.3487548828125,0.074462890625,0.66162109375,-0.0731201171875,0.7205810546875,0.19378662109375,0.9783935546875,0.07373046875,-0.13726806640625,0.13543701171875,0.872314453125,-0.072998046875,-0.48016357421875,0.055419921875,0.92120361328125,-0.2877197265625,-0.03790283203125,0.25897216796875
118,0.68505859375,-0.65692138671875,-0.2518310546875,-0.1888427734375,0.6939697265625,0.62554931640625,0.3485107421875,0.07440185546875,0.66168212890625,-0.07342529296875,0.72052001953125,0.1937255859375,0.9784174380095109,0.07370658542798914,-0.1372415293817935,0.13541578209918478,0.87225341796875,-0.07318115234375,-0.48024849269701086,0.05538542374320653,0.92120361328125,-0.28759765625,-0.03790283203125,0.259033203125
119,0.6850877844769022,-0.6569505774456522,-0.25168510105298914,-0.1887552012567935,0.69390869140625,0.6255466627038043,0.34860892917798914,0.07437531844429347,0.6617113196331522,-0.07345448369565218,0.72052001953125,0.1936088230298913,0.9784227454144022,0.07370127802309782,-0.13720437754755435,0.13541312839673914,0.87225341796875,-0.07326872452445653,-0.48025380010190216,0.05533500339673912,0.9212619947350543,-0.28762684697690216,-0.03790283203125,0.258858058763587
120,0.68511962890625,-0.656982421875,-0.25152587890625,-0.18865966796875,0.69390869140625,0.6256103515625,0.34844970703125,0.07427978515625,0.6617431640625,-0.073486328125,0.72052001953125,0.1934814453125,0.9784333602241848,0.07360574473505435,-0.13728929602581522,0.13531759510869565,0.8722321883491848,-0.07338548743206522,-0.48028564453125,0.05526069972826087,0.92120361328125,-0.28765869140625,-0.037841796875,0.25897216796875
121,0.68511962890625,-0.6570222274116848,-0.251472804857337,-0.18861986243206522,0.69390869140625,0.6255280867866848,0.348640773607337,0.07430101477581522,0.6617697010869565,-0.07347305961277174,0.7205067510190217,0.1934814453125,0.9784068231997283,0.07349959663722826,-0.13734237007472827,0.1353706691576087,0.8722056513247283,-0.07343856148097826,-0.48028564453125,0.055353579313858696,0.9212301503057065,-0.28763215438179346,-0.037828528362771736,0.2589058254076087
122,0.68511962890625,-0.65716552734375,-0.25128173828125,-0.1884765625,0.6938980765964674,0.6256660793138586,0.34847624405570654,0.07417894446331522,0.661865234375,-0.07342529296875,0.720458984375,0.1934814453125,0.9783935546875,0.07342529296875,-0.13751220703125,0.135498046875,0.872237495754076,-0.07349163552989131,-0.48030687415081524,0.05513066830842391,0.9212646484375,-0.28753662109375,-0.03778076171875,0.259033203125
123,0.68511962890625,-0.65716552734375,-0.25128173828125,-0.1884765625,0.69378662109375,0.6256103515625,0.3487548828125,0.07440185546875,0.661865234375,-0.07342529296875,0.720458984375,0.1934814453125,0.9783935546875,0.07342529296875,-0.13751220703125,0.135498046875,0.8720703125,-0.07354736328125,-0.48052978515625,0.0552978515625,0.9212646484375,-0.28753662109375,-0.03778076171875,0.259033203125
124,0.68524169921875,-0.65716552734375,-0.25103759765625,-0.18817138671875,0.69390869140625,0.62567138671875,0.3485107421875,0.0740966796875,0.661865234375,-0.0736083984375,0.720458984375,0.193359375,0.9784041694972826,0.07314134680706522,-0.13761304772418478,0.13553519870923914,0.8720305069633152,-0.0738525390625,-0.48062001103940216,0.05524477751358696,0.9212646484375,-0.2874755859375,-0.03778076171875,0.259033203125
125,0.6852841584578805,-0.6572079865828805,-0.25095267917798914,-0.18800154976222827,0.6938901154891305,0.6255917756453805,0.34865138841711957,0.07423201851222826,0.6618227751358695,-0.07365085767663043,0.7205014436141305,0.1932319972826087,0.9784360139266305,0.07307765794836957,-0.13759181810461957,0.13540782099184784,0.8720517365828805,-0.07397991677989131,-0.48060939622961957,0.055128014605978264,0.9213071076766305,-0.28751804517663043,-0.03769584324048913,0.25886336616847827
126,0.685302734375,-0.6572265625,-0.25091552734375,-0.18792724609375,0.69390869140625,0.6256103515625,0.3486328125,0.07415771484375,0.66180419921875,-0.07366943359375,0.72052001953125,0.19317626953125,0.9783935546875,0.07293701171875,-0.1375732421875,0.13555908203125,0.8720013162364131,-0.07403564453125,-0.480659816576087,0.05515720533288043,0.9212646484375,-0.2874755859375,-0.0377197265625,0.2591552734375
127,0.685302734375,-0.6573061735733695,-0.2508093792459239,-0.18784763502038043,0.6938211192255435,0.6255678923233695,0.34873630689538043,0.07422671110733696,0.6618307362432065,-0.07369597061820653,0.72052001953125,0.1931497325067935,0.9784200917119565,0.07296354874320653,-0.1375997792119565,0.13542639690896738,0.8719482421875,-0.07406218155570653,-0.480712890625,0.05510413128396739,0.9213177224864131,-0.287422511888587,-0.03769318953804348,0.2590225883152174
128,0.685302734375,-0.65740966796875,-0.25067138671875,-0.187744140625,0.6938423488451086,0.6255785071331522,0.3486885402513587,0.07423201851222826,0.661865234375,-0.07373046875,0.72052001953125,0.193115234375,0.9783935546875,0.07281494140625,-0.1376953125,0.13568115234375,0.8718925144361414,-0.07417098335597826,-0.48078719429347827,0.055043096127717385,0.9212646484375,-0.28741455078125,-0.037841796875,0.25921630859375
129,0.685302734375,-0.6574308975883152,-0.25063954228940216,-0.18770168138586957,0.6939697265625,0.6253874405570652,0.34879468834918476,0.07435939622961957,0.6618758491847826,-0.07375169836956522,0.7205094047214674,0.19307277513586957,0.9784041694972826,0.07282555621603261,-0.1376953125,0.13562807829483695,0.8717757515285326,-0.07435143512228261,-0.4809464164402174,0.05525539232336957,0.9212752632472826,-0.2874039359714674,-0.037809952445652176,0.259163234544837
130,0.685302734375,-0.65753173828125,-0.25048828125,-0.1875,0.6939697265625,0.6254803201426631,0.3487044624660326,0.07417363705842392,0.66192626953125,-0.0738525390625,0.720458984375,0.19287109375,0.9783935546875,0.07269287109375,-0.13775634765625,0.1356201171875,0.8718182107676631,-0.07440716287364131,-0.4809066109035326,0.05506432574728261,0.92120361328125,-0.28759765625,-0.03790283203125,0.25921630859375
131,0.685302734375,-0.65753173828125,-0.25048828125,-0.1875,0.6939697265625,0.62530517578125,0.34893798828125,0.07452392578125,0.66192626953125,-0.0738525390625,0.720458984375,0.19287109375,0.9783935546875,0.07269287109375,-0.13775634765625,0.1356201171875,0.87164306640625,-0.07452392578125,-0.48114013671875,0.0552978515625,0.92120361328125,-0.28759765625,-0.03790283203125,0.25921630859375
132,0.685302734375,-0.65765380859375,-0.25030517578125,-0.18719482421875,0.69390869140625,0.62548828125,0.3487548828125,0.07421875,0.66192626953125,-0.07391357421875,0.72052001953125,0.19281005859375,0.9784068231997283,0.07264510444972826,-0.1377908457880435,0.1354927394701087,0.8717041015625,-0.07464599609375,-0.48101806640625,0.054931640625,0.92120361328125,-0.28753662109375,-0.0379638671875,0.2591552734375
133,0.6853425399116848,-0.6576936141304348,-0.25026537024456524,-0.18707540760869565,0.69403076171875,0.6252839461616848,0.34889818274456524,0.07434347401494566,0.6620058806046195,-0.07403299082880434,0.7204404084578805,0.19273044752038043,0.9784333602241848,0.07259203040081522,-0.13777757727581522,0.13543966542119565,0.8716218367866848,-0.07484767747961957,-0.48124363111413043,0.055056364639945655,0.9212434188179348,-0.28753662109375,-0.03788425611413044,0.25907566236413043
134,0.68536376953125,-0.65771484375,-0.250244140625,-0.18701171875,0.69403076171875,0.62530517578125,0.348876953125,0.07427978515625,0.66204833984375,-0.0740966796875,0.72039794921875,0.19268798828125,0.9783935546875,0.07232666015625,-0.137939453125,0.135498046875,0.8715793775475543,-0.07498567000679347,-0.48129670516304346,0.055024520210597824,0.92120361328125,-0.28759765625,-0.0379638671875,0.2591552734375
135,0.68536376953125,-0.6577387270720109,-0.25022025730298914,-0.18696395210597827,0.6940068783967391,0.6252308721127717,0.3489990234375,0.07441512398097826,0.66204833984375,-0.07416832965353261,0.7203740658967391,0.1927596382472826,0.9784174380095109,0.07232666015625,-0.13791556980298914,0.1354263969089674,0.87152099609375,-0.07509712550951086,-0.48136039402173914,0.055005944293478264,0.92120361328125,-0.28759765625,-0.03793998386548913,0.25910750679347827
136,0.68536376953125,-0.65777587890625,-0.25018310546875,-0.1868896484375,0.6939697265625,0.62530517578125,0.3489990234375,0.0743408203125,0.66204833984375,-0.07427978515625,0.7203369140625,0.19287109375,0.9783935546875,0.072509765625,-0.13775634765625,0.13555908203125,0.87152099609375,-0.07511835512907608,-0.4813391644021739,0.05499532948369565,0.92120361328125,-0.28765869140625,-0.0379638671875,0.2591552734375
137,0.68536376953125,-0.6578369140625,-0.25006103515625,-0.18682861328125,0.69378662109375,0.62542724609375,0.34912109375,0.07427978515625,0.662109375,-0.07440185546875,0.72027587890625,0.19293212890625,0.97845458984375,0.072509765625,-0.1378173828125,0.13543701171875,0.8714599609375,-0.0750732421875,-0.48138427734375,0.0550537109375,0.92120361328125,-0.28759765625,-0.0379638671875,0.25897216796875
138,0.68536376953125,-0.6578369140625,-0.25006103515625,-0.18682861328125,0.69378662109375,0.62542724609375,0.34912109375,0.07427978515625,0.662109375,-0.07440185546875,0.72027587890625,0.19293212890625,0.9783935546875,0.0723876953125,-0.137939453125,0.13555908203125,0.8714599609375,-0.0750732421875,-0.48138427734375,0.0550537109375,0.92120361328125,-0.28759765625,-0.0379638671875,0.2591552734375
139,0.6853106954823369,-0.6578899881114131,-0.250007961107337,-0.18688168733016305,0.69384765625,0.6252972146739131,0.349190090013587,0.07433285920516304,0.662215523097826,-0.07456107761548912,0.7201166567595109,0.19287905485733695,0.9783935546875,0.07249384341032608,-0.13799252717391305,0.13555908203125,0.8714599609375,-0.07515019955842392,-0.481437351392663,0.05493960173233696,0.92120361328125,-0.287544582201087,-0.03801694123641304,0.259102199388587
140,0.685302734375,-0.65789794921875,-0.25,-0.1868896484375,0.69384765625,0.62530517578125,0.34918212890625,0.0743408203125,0.6622314453125,-0.0745849609375,0.7200927734375,0.19287109375,0.97845458984375,0.0723876953125,-0.13787841796875,0.13543701171875,0.8714599609375,-0.07513427734375,-0.4814453125,0.054931640625,0.92120361328125,-0.28759765625,-0.03790283203125,0.25909423828125
141,0.685302734375,-0.65789794921875,-0.24996284816576086,-0.18696395210597827,0.69378662109375,0.6253662109375,0.34926704738451086,0.07417098335597826,0.6622685971467391,-0.07469641644021739,0.7200184697690217,0.19305685292119565,0.9784174380095109,0.07242484714673914,-0.13795272163722827,0.13547416355298914,0.8715448794157609,-0.07515816066576086,-0.48133651069972827,0.05487060546875,0.92120361328125,-0.28759765625,-0.037977135699728264,0.25909423828125
142,0.685302734375,-0.65789794921875,-0.24993896484375,-0.18701171875,0.69378662109375,0.6253662109375,0.3492431640625,0.07421875,0.66229248046875,-0.07476806640625,0.719970703125,0.19317626953125,0.97845458984375,0.0726318359375,-0.13763427734375,0.13555908203125,0.8715501868206522,-0.07507589588994565,-0.4813258958899457,0.0549873683763587,0.9212646484375,-0.28741455078125,-0.03778076171875,0.25921630859375
143,0.685302734375,-0.65789794921875,-0.24989650560461957,-0.18701171875,0.69366455078125,0.6255095108695652,0.34932277513586957,0.07391357421875,0.6623137100883152,-0.07476806640625,0.7199494735054348,0.19317626953125,0.97845458984375,0.0726318359375,-0.13767673658288043,0.13553785241168478,0.8715608016304348,-0.07501220703125,-0.48128343665081524,0.05507228685461956,0.9212646484375,-0.28741455078125,-0.037801991338315216,0.25917384935461957
144,0.685302734375,-0.65789794921875,-0.24981689453125,-0.18701171875,0.69366455078125,0.62554931640625,0.3492431640625,0.07391357421875,0.662353515625,-0.07476806640625,0.71990966796875,0.19317626953125,0.9783935546875,0.07269287109375,-0.1378173828125,0.13555908203125,0.8715077275815217,-0.07505201256793478,-0.48136304772418476,0.05499267578125,0.92120361328125,-0.28753662109375,-0.037841796875,0.2591552734375
145,0.685302734375,-0.657958984375,-0.24981689453125,-0.18695068359375,0.69366455078125,0.62548828125,0.3492431640625,0.073974609375,0.6624755859375,-0.0748291015625,0.71978759765625,0.1929931640625,0.9783935546875,0.07269287109375,-0.13775634765625,0.135498046875,0.8714599609375,-0.0751953125,-0.4814453125,0.054931640625,0.92120361328125,-0.28753662109375,-0.03778076171875,0.2591552734375
146,0.685302734375,-0.657958984375,-0.24981689453125,-0.18695068359375,0.69366455078125,0.62548828125,0.3492431640625,0.073974609375,0.6624755859375,-0.0748291015625,0.71978759765625,0.1929931640625,0.9783935546875,0.0726318359375,-0.137939453125,0.13555908203125,0.8714599609375,-0.0751953125,-0.4814453125,0.054931640625,0.9212646484375,-0.2874755859375,-0.03790283203125,0.2591552734375
147,0.6853531547214674,-0.657958984375,-0.24976647418478262,-0.18684984290081522,0.6938370414402174,0.62530517578125,0.3492537788722826,0.07405687415081522,0.6625260062839674,-0.07508120329483696,0.71978759765625,0.1929931640625,0.9783935546875,0.07253099524456522,-0.137939453125,0.13545824133831522,0.87139892578125,-0.07529615319293478,-0.48150634765625,0.05494225543478261,0.9212646484375,-0.2875260062839674,-0.037801991338315216,0.25905443274456524
148,0.68536376953125,-0.657958984375,-0.249755859375,-0.18682861328125,0.69384765625,0.62530517578125,0.3492431640625,0.07403564453125,0.66253662109375,-0.07513427734375,0.71978759765625,0.1929931640625,0.9783935546875,0.07257080078125,-0.1380615234375,0.13555908203125,0.87139892578125,-0.0753173828125,-0.48150634765625,0.054931640625,0.92120361328125,-0.2874755859375,-0.03778076171875,0.25927734375
149,0.6854327657948369,-0.657958984375,-0.24961786684782608,-0.1867941151494565,0.6937945822010869,0.6252176036005435,0.3494979194972826,0.07406218155570653,0.6625711192255435,-0.07530676800271739,0.7197186013926631,0.1930276621942935,0.9783935546875,0.07253630264945653,-0.13816501783288043,0.13542108950407608,0.8713909646739131,-0.07529880689538043,-0.481514308763587,0.05507228685461957,0.9212381114130435,-0.287544582201087,-0.03781525985054348,0.2591393512228261
150,0.68548583984375,-0.657958984375,-0.24951171875,-0.186767578125,0.69384765625,0.625244140625,0.349365234375,0.07403564453125,0.66259765625,-0.075439453125,0.71966552734375,0.19305419921875,0.9783935546875,0.0726318359375,-0.13800048828125,0.13568115234375,0.871337890625,-0.07537841796875,-0.4815673828125,0.05499267578125,0.92120361328125,-0.28741455078125,-0.0377197265625,0.25927734375
151,0.6854248046875,-0.65802001953125,-0.249267578125,-0.186767578125,0.69384765625,0.625244140625,0.34942626953125,0.07403564453125,0.66278076171875,-0.07568359375,0.71942138671875,0.19305419921875,0.97833251953125,0.07269287109375,-0.13818359375,0.135498046875,0.871337890625,-0.075439453125,-0.4815673828125,0.0550537109375,0.92132568359375,-0.287353515625,-0.037841796875,0.25909423828125
152,0.6854248046875,-0.65802001953125,-0.249267578125,-0.186767578125,0.69384765625,0.625244140625,0.34942626953125,0.07403564453125,0.66278076171875,-0.07568359375,0.71942138671875,0.19305419921875,0.9783935546875,0.072509765625,-0.1380615234375,0.13568115234375,0.871337890625,-0.075439453125,-0.4815673828125,0.0550537109375,0.9212646484375,-0.28729248046875,-0.03759765625,0.25933837890625
153,0.6854248046875,-0.65814208984375,-0.24908447265625,-0.18670654296875,0.69390869140625,0.62518310546875,0.34942626953125,0.0738525390625,0.66290283203125,-0.07568359375,0.71942138671875,0.19287109375,0.9783935546875,0.07257080078125,-0.1381729789402174,0.13544497282608695,0.8714599609375,-0.07550048828125,-0.48138427734375,0.05499267578125,0.92132568359375,-0.28717041015625,-0.03765869140625,0.2591552734375
154,0.6854248046875,-0.65814208984375,-0.24908447265625,-0.18670654296875,0.69390869140625,0.62518310546875,0.34942626953125,0.0738525390625,0.66290283203125,-0.07568359375,0.71942138671875,0.19287109375,0.9783935546875,0.07257080078125,-0.137939453125,0.1356201171875,0.8714599609375,-0.07550048828125,-0.48138427734375,0.05499267578125,0.92132568359375,-0.287109375,-0.03753662109375,0.25927734375
155,0.6854725713315217,-0.65814208984375,-0.2489889393682065,-0.18670654296875,0.6938954228940217,0.6251220703125,0.34957487686820654,0.07379150390625,0.6629983653192935,-0.07587466032608695,0.7192780867866848,0.19301439368206522,0.9783935546875,0.07257080078125,-0.1380349864130435,0.13557235054347827,0.8714121942934783,-0.07548721976902174,-0.48149307914402173,0.055066979449728264,0.92132568359375,-0.28715714164402173,-0.037584387737771736,0.25922957710597827
156,0.68548583984375,-0.65814208984375,-0.24896240234375,-0.18670654296875,0.69390869140625,0.6251220703125,0.34954833984375,0.07379150390625,0.66302490234375,-0.075927734375,0.71923828125,0.19305419921875,0.97833251953125,0.07257080078125,-0.13812255859375,0.1357421875,0.87139892578125,-0.07550048828125,-0.48150634765625,0.0550537109375,0.92132568359375,-0.28704833984375,-0.03765869140625,0.25927734375
157,0.6855813731317935,-0.6580784009850543,-0.24889871348505435,-0.18667469853940216,0.6937600840692935,0.6252414869225543,0.3496067212975543,0.07375965947690218,0.6630567467730978,-0.07608695652173912,0.7191745923913043,0.19308604364809784,0.97833251953125,0.07250711192255435,-0.13812255859375,0.13580587635869565,0.8713060461956522,-0.0755057956861413,-0.48159922724184784,0.055266007133152176,0.92132568359375,-0.2871757175611413,-0.03765869140625,0.2592136548913043
158,0.6856689453125,-0.65802001953125,-0.24884033203125,-0.1866455078125,0.69384765625,0.62518310546875,0.34954833984375,0.07373046875,0.6630859375,-0.07623291015625,0.7191162109375,0.193115234375,0.97833251953125,0.07244873046875,-0.13812255859375,0.1358642578125,0.87127685546875,-0.07562255859375,-0.48162841796875,0.05523681640625,0.92132568359375,-0.287109375,-0.0377197265625,0.25933837890625
159,0.685684867527174,-0.658004097316576,-0.24882440981657608,-0.18662958559782608,0.693863578464674,0.6251220703125,0.3496544879415761,0.07371454653532608,0.663101859714674,-0.07624883237092392,0.719100288722826,0.19305154551630435,0.97833251953125,0.07241688603940218,-0.13810663637907608,0.13588018002717392,0.87127685546875,-0.07565440302309782,-0.48162841796875,0.055419921875,0.92132568359375,-0.2871252972146739,-0.0377197265625,0.2593224566915761
160,0.68572998046875,-0.657958984375,-0.248779296875,-0.18658447265625,0.69390869140625,0.6251220703125,0.349609375,0.07366943359375,0.66314697265625,-0.0762939453125,0.71905517578125,0.19287109375,0.97833251953125,0.07232666015625,-0.1380615234375,0.13592529296875,0.87127685546875,-0.07574462890625,-0.48162841796875,0.055419921875,0.92120361328125,-0.287353515625,-0.0377197265625,0.2593994140625
161,0.68560791015625,-0.658203125,-0.24871826171875,-0.18646240234375,0.69378662109375,0.62530517578125,0.34942626953125,0.07354736328125,0.66326904296875,-0.07598876953125,0.71905517578125,0.19287109375,0.97833251953125,0.072265625,-0.1383056640625,0.1356201171875,0.871337890625,-0.0758056640625,-0.4815673828125,0.05511474609375,0.92132568359375,-0.287109375,-0.03759765625,0.25927734375
162,0.68560791015625,-0.658203125,-0.24871826171875,-0.18646240234375,0.69378662109375,0.62530517578125,0.34942626953125,0.07354736328125,0.66326904296875,-0.07598876953125,0.71905517578125,0.19287109375,0.97833251953125,0.072265625,-0.1383056640625,0.1356201171875,0.871337890625,-0.0758056640625,-0.4815673828125,0.05511474609375,0.92132568359375,-0.287109375,-0.03765869140625,0.25933837890625
163,0.685653023097826,-0.658158012058424,-0.24876337466032608,-0.18632706351902173,0.693587593410326,0.625626273777174,0.3493493121603261,0.07348898182744565,0.66326904296875,-0.07585343070652174,0.719010062839674,0.19300643257472827,0.97833251953125,0.07235585088315218,-0.1383056640625,0.13571034307065216,0.871260933254076,-0.07577381963315218,-0.48166026239809784,0.05515985903532609,0.92132568359375,-0.2871544879415761,-0.03752335258152174,0.2592932659646739
164,0.6856689453125,-0.65814208984375,-0.248779296875,-0.186279296875,0.693603515625,0.6256103515625,0.349365234375,0.07342529296875,0.66326904296875,-0.0758056640625,0.718994140625,0.19305419921875,0.97833251953125,0.0723876953125,-0.1383056640625,0.1357421875,0.87127685546875,-0.0758056640625,-0.48162841796875,0.05517578125,0.92138671875,-0.286865234375,-0.03778076171875,0.25933837890625
165,0.6857857082201086,-0.6580253269361414,-0.2488668690557065,-0.1861625339673913,0.6933859120244565,0.6257987644361414,0.34939177139945654,0.07352347995923914,0.6632398522418478,-0.07586404551630435,0.718994140625,0.19305419921875,0.97833251953125,0.07227093240489131,-0.1383056640625,0.13577137822690216,0.8712450110394022,-0.0757048233695652,-0.48178498641304346,0.05526335343070652,0.9213283372961957,-0.287040378736413,-0.037634808084239135,0.25936756963315216
166,0.6859130859375,-0.65789794921875,-0.24896240234375,-0.18603515625,0.6934814453125,0.62567138671875,0.3494873046875,0.0733642578125,0.6632080078125,-0.075927734375,0.718994140625,0.19305419921875,0.97833251953125,0.0721435546875,-0.1383056640625,0.13580322265625,0.87127685546875,-0.075927734375,-0.481689453125,0.05535888671875,0.92132568359375,-0.2869873046875,-0.03778076171875,0.2593994140625
167,0.6859130859375,-0.657958984375,-0.2490234375,-0.18585205078125,0.6934814453125,0.625732421875,0.34942626953125,0.0733642578125,0.66326904296875,-0.07586669921875,0.718994140625,0.1929931640625,0.9783935546875,0.0721435546875,-0.13824462890625,0.13568115234375,0.87127685546875,-0.07586669921875,-0.481689453125,0.05517578125,0.92132568359375,-0.2869873046875,-0.03759765625,0.25933837890625
168,0.6859130859375,-0.657958984375,-0.2490234375,-0.18585205078125,0.6934814453125,0.625732421875,0.34942626953125,0.0733642578125,0.66326904296875,-0.07586669921875,0.718994140625,0.1929931640625,0.9783935546875,0.0721435546875,-0.13824462890625,0.13568115234375,0.87127685546875,-0.07586669921875,-0.481689453125,0.05517578125,0.92132568359375,-0.28704833984375,-0.03778076171875,0.2593994140625
169,0.6858547044836957,-0.6580173658288043,-0.2490234375,-0.1857352878736413,0.6934230638586957,0.6257908033288043,0.34942626953125,0.07330587635869565,0.6633274244225543,-0.07574993631114131,0.7189357591711957,0.1929931640625,0.9783935546875,0.07208517323369565,-0.13818624745244565,0.13568115234375,0.8712742017663043,-0.07586669921875,-0.4816337253736413,0.054995329483695655,0.92132568359375,-0.2869899583899457,-0.03766399881114131,0.2593410326086957
170,0.68585205078125,-0.65802001953125,-0.2490234375,-0.18572998046875,0.69342041015625,0.62579345703125,0.34942626953125,0.07330322265625,0.663330078125,-0.07574462890625,0.71893310546875,0.1929931640625,0.9783935546875,0.07208251953125,-0.13818359375,0.13568115234375,0.87127685546875,-0.07586669921875,-0.48162841796875,0.05499267578125,0.92138671875,-0.286865234375,-0.03765869140625,0.2593994140625
171,0.68585205078125,-0.65802001953125,-0.24906589673913043,-0.18568752122961957,0.69342041015625,0.6257509977921195,0.34946872877038043,0.07334568189538043,0.663330078125,-0.07570216966711957,0.71893310546875,0.19295070482336957,0.9783935546875,0.07208251953125,-0.13818359375,0.13568115234375,0.8712582795516305,-0.07574462890625,-0.48170802904211957,0.05491306470788043,0.9213442595108695,-0.28690769361413043,-0.03761623216711957,0.2593994140625
172,0.68585205078125,-0.65802001953125,-0.24908447265625,-0.1856689453125,0.69342041015625,0.625732421875,0.3494873046875,0.0733642578125,0.663330078125,-0.07568359375,0.71893310546875,0.19293212890625,0.9783935546875,0.07208251953125,-0.13818359375,0.13568115234375,0.87127685546875,-0.07574462890625,-0.481689453125,0.054931640625,0.92138671875,-0.286865234375,-0.0377197265625,0.25933837890625
173,0.68585205078125,-0.65802001953125,-0.2491110096807065,-0.1856424082880435,0.6934814453125,0.62567138671875,0.34945280655570654,0.07333772078804347,0.663330078125,-0.07560398267663043,0.7189596424932065,0.1929055918817935,0.9783935546875,0.07208251953125,-0.13813051970108695,0.1356546153192935,0.8712423573369565,-0.07583220108695653,-0.48178498641304346,0.05489714249320652,0.92138671875,-0.286865234375,-0.03766665251358696,0.25936491593070654
174,0.68585205078125,-0.65802001953125,-0.2491455078125,-0.18560791015625,0.6934814453125,0.62567138671875,0.3494873046875,0.07330322265625,0.663330078125,-0.07550048828125,0.718994140625,0.19287109375,0.9783935546875,0.07208251953125,-0.1380615234375,0.1356201171875,0.87127685546875,-0.07586669921875,-0.48175048828125,0.054931640625,0.92132568359375,-0.28692626953125,-0.03778076171875,0.25933837890625
175,0.68572998046875,-0.65814208984375,-0.249267578125,-0.185546875,0.693603515625,0.62554931640625,0.3494873046875,0.07330322265625,0.66339111328125,-0.075439453125,0.71905517578125,0.19268798828125,0.9783935546875,0.07208251953125,-0.13812255859375,0.135498046875,0.87127685546875,-0.0758056640625,-0.481689453125,0.05474853515625,0.92138671875,-0.28680419921875,-0.03765869140625,0.2593994140625
176,0.68572998046875,-0.65814208984375,-0.249267578125,-0.185546875,0.693603515625,0.62554931640625,0.3494873046875,0.07330322265625,0.66339111328125,-0.075439453125,0.71905517578125,0.19268798828125,0.9783935546875,0.07208251953125,-0.13812255859375,0.135498046875,0.87127685546875,-0.0758056640625,-0.481689453125,0.05474853515625,0.92132568359375,-0.2869873046875,-0.03778076171875,0.25927734375
177,0.6856185249660326,-0.6582535453464674,-0.249267578125,-0.185546875,0.6937149711277174,0.6254378609035326,0.3494873046875,0.07341467815896738,0.66339111328125,-0.07532799762228262,0.7189994480298914,0.19268798828125,0.9783935546875,0.07219397503396738,-0.1381782863451087,0.13538659137228262,0.8712715480638586,-0.07563848080842393,-0.4817557956861413,0.05450970193614131,0.9213814113451086,-0.28682012143342395,-0.03778076171875,0.25927734375
178,0.68560791015625,-0.65826416015625,-0.249267578125,-0.185546875,0.6937255859375,0.62542724609375,0.3494873046875,0.07342529296875,0.66339111328125,-0.0753173828125,0.718994140625,0.19268798828125,0.9783935546875,0.07220458984375,-0.13818359375,0.1353759765625,0.87127685546875,-0.07562255859375,-0.48175048828125,0.05450439453125,0.92138671875,-0.28680419921875,-0.03787629500679347,0.25927734375
179,0.68560791015625,-0.65826416015625,-0.24930738366168478,-0.18546726392663043,0.6937653914741848,0.6253476350203805,0.34952711022418476,0.07338548743206522,0.6633513077445652,-0.07527757727581522,0.7190737516983695,0.19260837720788043,0.9784333602241848,0.07212497877038045,-0.13810398267663043,0.1353759765625,0.8712556258491848,-0.07568359375,-0.48179294752038043,0.05440355383831522,0.92138671875,-0.28680419921875,-0.037823220957880446,0.25923753821331524
180,0.68560791015625,-0.65826416015625,-0.24932861328125,-0.1854248046875,0.69378662109375,0.62530517578125,0.34954833984375,0.0733642578125,0.663330078125,-0.07525634765625,0.7191162109375,0.19256591796875,0.97845458984375,0.07208251953125,-0.1380615234375,0.1353759765625,0.87127685546875,-0.07568359375,-0.48175048828125,0.05438232421875,0.92138671875,-0.286865234375,-0.03790283203125,0.25933837890625
181,0.6855840268342391,-0.6582880434782609,-0.24932861328125,-0.18537703804347827,0.6937627377717391,0.6253290591032609,0.34952445652173914,0.0733642578125,0.6633061948029891,-0.07518469769021739,0.7191639775815217,0.19251815132472827,0.97845458984375,0.07201086956521739,-0.1380615234375,0.13532820991847827,0.8713007387907609,-0.07574462890625,-0.48170272163722827,0.05433455757472826,0.92138671875,-0.28684135105298914,-0.03785506538722826,0.25931449558423914
182,0.685546875,-0.6583251953125,-0.24932861328125,-0.185302734375,0.6937255859375,0.6253662109375,0.3494873046875,0.0733642578125,0.66326904296875,-0.0750732421875,0.71923828125,0.19244384765625,0.97845458984375,0.0718994140625,-0.1380615234375,0.13525390625,0.871337890625,-0.07574462890625,-0.48162841796875,0.05426025390625,0.92138671875,-0.286865234375,-0.03778076171875,0.25933837890625
183,0.6855389138926631,-0.658341117527174,-0.24931269106657608,-0.18529477326766305,0.6937335470448369,0.6253662109375,0.349479343580163,0.07337221891983696,0.6632770040760869,-0.07505731997282608,0.71923828125,0.19243588654891305,0.97845458984375,0.07190737516983696,-0.13806948454483695,0.13523798403532608,0.87127685546875,-0.07585873811141304,-0.48175048828125,0.05435844089673912,0.9213946798573369,-0.2868493121603261,-0.03778076171875,0.2593224566915761
184,0.68548583984375,-0.658447265625,-0.24920654296875,-0.18524169921875,0.69378662109375,0.6253662109375,0.34942626953125,0.07342529296875,0.663330078125,-0.074951171875,0.71923828125,0.1923828125,0.97845458984375,0.07196044921875,-0.13812255859375,0.1351318359375,0.87127685546875,-0.0758056640625,-0.48175048828125,0.05419921875,0.92138671875,-0.286865234375,-0.037841796875,0.25933837890625
185,0.6855389138926631,-0.658447265625,-0.24910039487092392,-0.18518862516983695,0.6937335470448369,0.6253662109375,0.349479343580163,0.07342529296875,0.6633831521739131,-0.07489809782608696,0.7191852072010869,0.19227666440217392,0.97845458984375,0.07180122707201086,-0.13828178074048914,0.13518490998641305,0.8712237814198369,-0.07596488620923914,-0.4818566363790761,0.054305366847826095,0.92138671875,-0.286865234375,-0.037841796875,0.2592322308084239
186,0.685546875,-0.658447265625,-0.24908447265625,-0.1851806640625,0.6937255859375,0.6253662109375,0.3494873046875,0.07342529296875,0.6632080078125,-0.07489013671875,0.71929931640625,0.19232177734375,0.97845458984375,0.07177734375,-0.1383056640625,0.13519287109375,0.8712158203125,-0.07598876953125,-0.48187255859375,0.0543212890625,0.921341605808424,-0.28695546025815216,-0.03788690981657609,0.25930653447690216
187,0.685546875,-0.6584844174592391,-0.24904732082201086,-0.18514351222826086,0.6937627377717391,0.6253662109375,0.34945015285326086,0.07346244480298914,0.6632451596467391,-0.07485298488451086,0.71929931640625,0.19232177734375,0.97845458984375,0.07170304008152173,-0.1383056640625,0.13511856742527173,0.8711786684782609,-0.07610022503396739,-0.48187255859375,0.0543212890625,0.9213628354279891,-0.28695015285326086,-0.037865680197010865,0.25930122707201086
188,0.685546875,-0.65850830078125,-0.2490234375,-0.18511962890625,0.69378662109375,0.6253662109375,0.34942626953125,0.073486328125,0.66326904296875,-0.07476806640625,0.7193603515625,0.19219970703125,0.97845458984375,0.0716552734375,-0.1383056640625,0.13507080078125,0.87115478515625,-0.076171875,-0.48187255859375,0.0543212890625,0.9213575280230978,-0.28692626953125,-0.037812606148097824,0.25930653447690216
189,0.6855681046195652,-0.65850830078125,-0.24898097826086957,-0.18511962890625,0.6938078507133152,0.6253237516983695,0.34944749915081524,0.07350755774456522,0.6632902725883152,-0.07476806640625,0.7193391219429348,0.19217847741168478,0.97845458984375,0.07163404381793478,-0.1383056640625,0.13507080078125,0.87115478515625,-0.07621433423913043,-0.48189378821331524,0.054342518682065216,0.9213469132133152,-0.28694749915081524,-0.037801991338315216,0.25929591966711957
190,0.68560791015625,-0.65850830078125,-0.2489013671875,-0.18511962890625,0.69384765625,0.625244140625,0.3494873046875,0.07354736328125,0.6632080078125,-0.07489013671875,0.7193603515625,0.192138671875,0.97845458984375,0.07159423828125,-0.1383056640625,0.13507080078125,0.87115478515625,-0.0762939453125,-0.48193359375,0.05438232421875,0.9213734502377717,-0.2869873046875,-0.03781525985054347,0.25922957710597827
191,0.68560791015625,-0.65850830078125,-0.24889075237771738,-0.1851249363111413,0.6938423488451086,0.625244140625,0.3494873046875,0.07354205587635869,0.6632080078125,-0.07488482931385869,0.7193603515625,0.1921439792798913,0.97845458984375,0.07161016049592392,-0.1383056640625,0.13508141559103262,0.8712105129076086,-0.07623291015625,-0.4818221382472826,0.054499087126358696,0.9213309909986414,-0.2869873046875,-0.03773034137228261,0.2592720363451087
192,0.68560791015625,-0.65850830078125,-0.248779296875,-0.1851806640625,0.69378662109375,0.625244140625,0.3494873046875,0.073486328125,0.6632080078125,-0.0748291015625,0.7193603515625,0.19219970703125,0.97845458984375,0.07177734375,-0.1383056640625,0.13519287109375,0.87115478515625,-0.07623291015625,-0.48193359375,0.054443359375,0.92138671875,-0.2869873046875,-0.037841796875,0.25921630859375
193,0.6855574898097826,-0.6586091414741848,-0.248779296875,-0.1851806640625,0.6937362007472826,0.6253449813179348,0.3494873046875,0.073486328125,0.6632080078125,-0.07477868121603261,0.7193603515625,0.19225012737771738,0.97845458984375,0.07177734375,-0.13845692510190216,0.13509203040081522,0.87115478515625,-0.07618248980978261,-0.48193359375,0.054292098335597824,0.92138671875,-0.28688646399456524,-0.0377197265625,0.25921630859375
194,0.685546875,-0.65863037109375,-0.248779296875,-0.1851806640625,0.69366455078125,0.62542724609375,0.3494873046875,0.073486328125,0.6632080078125,-0.07476806640625,0.7193603515625,0.1922607421875,0.97845458984375,0.07177734375,-0.13848876953125,0.13507080078125,0.87115478515625,-0.076171875,-0.48193359375,0.05426025390625,0.92138671875,-0.286865234375,-0.0377197265625,0.25921630859375
195,0.6855813731317935,-0.6585958729619565,-0.2488137950067935,-0.1851461659307065,0.6936990489130435,0.6253927479619565,0.3494873046875,0.073486328125,0.6632080078125,-0.07480256453804347,0.7193948496942935,0.1922262440557065,0.97845458984375,0.07181184188179347,-0.13848876953125,0.1350363026494565,0.87115478515625,-0.07613737686820653,-0.48193359375,0.05422575577445652,0.92144775390625,-0.28677766219429346,-0.03771176545516304,0.25921630859375
196,0.68560791015625,-0.6585693359375,-0.24884033203125,-0.18511962890625,0.6937255859375,0.6253662109375,0.3494873046875,0.073486328125,0.66326904296875,-0.0748291015625,0.71929931640625,0.19232177734375,0.97845458984375,0.07183837890625,-0.13848876953125,0.135009765625,0.87115478515625,-0.07611083984375,-0.48193359375,0.05419921875,0.92144775390625,-0.28672458814538043,-0.03771176545516304,0.25921630859375
197,0.6856264860733695,-0.6585321841032609,-0.24885890794836957,-0.18510105298913043,0.6936884341032609,0.6253662109375,0.34956160835597827,0.07350490404211957,0.6632504670516305,-0.07484767747961957,0.7193178923233695,0.19230320142663043,0.9784360139266305,0.07185695482336957,-0.13850734544836957,0.13504691745923914,0.87115478515625,-0.07607368800951086,-0.48195216966711957,0.05419921875,0.92144775390625,-0.2866768215013587,-0.03776218580163043,0.25923488451086957
198,0.6856689453125,-0.658447265625,-0.2489013671875,-0.18505859375,0.693603515625,0.6253662109375,0.3497314453125,0.07354736328125,0.66326904296875,-0.0750732421875,0.71917724609375,0.19256591796875,0.9783935546875,0.0718994140625,-0.1385498046875,0.1351318359375,0.87115478515625,-0.07598876953125,-0.48199462890625,0.05419921875,0.92144775390625,-0.28678296959918476,-0.03773034137228261,0.25927734375
199,0.6856715990149457,-0.6584446119225543,-0.24889871348505435,-0.18505594004755435,0.6936088230298914,0.6253609035326086,0.3497340990149457,0.07354470957880435,0.6632716966711957,-0.07508385699728262,0.7191745923913043,0.19256591796875,0.9783935546875,0.07189676036005435,-0.1385498046875,0.1351371433423913,0.8711521314538043,-0.07599673063858696,-0.4819972826086957,0.054196565047554345,0.92144775390625,-0.2866847826086957,-0.03778076171875,0.2592746900475543
200,0.68572998046875,-0.65838623046875,-0.24884033203125,-0.18499755859375,0.6937255859375,0.625244140625,0.34979248046875,0.073486328125,0.663330078125,-0.0753173828125,0.7191162109375,0.19256591796875,0.9783935546875,0.07183837890625,-0.1385498046875,0.13525390625,0.87109375,-0.076171875,-0.4820556640625,0.05413818359375,0.92144775390625,-0.2867431640625,-0.03778076171875,0.25921630859375
201,0.6856822138247283,-0.6585295304008152,-0.2487447987432065,-0.18494979194972827,0.6936300526494565,0.6253874405570652,0.34969694718070654,0.073486328125,0.6633778447690217,-0.07512631623641305,0.7191162109375,0.19256591796875,0.9783935546875,0.07183837890625,-0.1386453379755435,0.1351583729619565,0.87109375,-0.07626740828804347,-0.48200789741847827,0.05413818359375,0.9214212168817935,-0.2868440047554348,-0.03778076171875,0.2591950789741848
202,0.6856689453125,-0.6585693359375,-0.24871826171875,-0.1849365234375,0.69366455078125,0.625244140625,0.349853515625,0.073486328125,0.6634521484375,-0.07537841796875,0.71905517578125,0.1925048828125,0.9783935546875,0.07183837890625,-0.138671875,0.1351318359375,0.87109375,-0.0762939453125,-0.48199462890625,0.05413818359375,0.92144775390625,-0.28680419921875,-0.03778076171875,0.2591552734375
203,0.6856371008831522,-0.6586011803668478,-0.24865457286005435,-0.18490467900815216,0.6936327063519022,0.6253078294836957,0.3497898267663043,0.07345448369565218,0.6634521484375,-0.07528288468070653,0.71905517578125,0.1925048828125,0.9783935546875,0.07180653447690218,-0.13870371942934784,0.1351318359375,0.87109375,-0.07635763417119565,-0.48202647333559784,0.05413818359375,0.9214185631793478,-0.28695546025815216,-0.03765869140625,0.2591526197350543
204,0.68560791015625,-0.65863037109375,-0.24859619140625,-0.18487548828125,0.69366455078125,0.62530517578125,0.34979248046875,0.07342529296875,0.6634521484375,-0.0753173828125,0.71905517578125,0.1925048828125,0.9783935546875,0.07177734375,-0.13873291015625,0.1351318359375,0.87109375,-0.076416015625,-0.4820556640625,0.05413818359375,0.92144775390625,-0.28692626953125,-0.03765869140625,0.25909423828125
205,0.685623832370924,-0.65863037109375,-0.24856434697690216,-0.18487548828125,0.693680472995924,0.62530517578125,0.34976063603940216,0.07342529296875,0.663468070652174,-0.07530146059782608,0.719039253566576,0.19248896059782608,0.9783935546875,0.07177734375,-0.13874883237092392,0.1351318359375,0.871077827785326,-0.07644786005434782,-0.4820715862771739,0.054170028023097824,0.92138671875,-0.2869421917459239,-0.03761357846467391,0.25918446416440216
206,0.6856689453125,-0.65863037109375,-0.24847412109375,-0.18487548828125,0.69354248046875,0.62542724609375,0.3497314453125,0.07342529296875,0.6634521484375,-0.07525634765625,0.718994140625,0.192626953125,0.9783935546875,0.07177734375,-0.1387939453125,0.1351318359375,0.87103271484375,-0.0765380859375,-0.48211669921875,0.05426025390625,0.92138671875,-0.2869873046875,-0.03765869140625,0.25909423828125
207,0.6856689453125,-0.65863037109375,-0.24847412109375,-0.18487548828125,0.69354248046875,0.62542724609375,0.3497314453125,0.07342529296875,0.6634521484375,-0.07525634765625,0.718994140625,0.192626953125,0.9783935546875,0.07177734375,-0.1387939453125,0.1351318359375,0.87103271484375,-0.0765380859375,-0.48211669921875,0.05426025390625,0.92144775390625,-0.28692626953125,-0.03765869140625,0.25909423828125
208,0.68572998046875,-0.6585693359375,-0.24847412109375,-0.184814453125,0.69354248046875,0.6253662109375,0.349853515625,0.07342529296875,0.6634521484375,-0.07537841796875,0.718994140625,0.192626953125,0.9783935546875,0.07171630859375,-0.138916015625,0.1351318359375,0.87103271484375,-0.07659912109375,-0.48211669921875,0.05438232421875,0.92138671875,-0.28704833984375,-0.03759765625,0.259033203125
209,0.685775093410326,-0.6585693359375,-0.24842900815217392,-0.184814453125,0.693587593410326,0.6253662109375,0.3498084026834239,0.07342529296875,0.663497261379076,-0.07537841796875,0.718994140625,0.19258184018342392,0.9783935546875,0.07176142153532608,-0.13900624150815216,0.13508672299592392,0.870987601902174,-0.07659912109375,-0.48211669921875,0.05433721127717391,0.92144775390625,-0.2870324176290761,-0.03759765625,0.2589880901834239
210,0.685791015625,-0.6585693359375,-0.2484130859375,-0.184814453125,0.69354248046875,0.6253662109375,0.349853515625,0.07342529296875,0.6634521484375,-0.07537841796875,0.718994140625,0.19268798828125,0.9783935546875,0.07177734375,-0.1390380859375,0.13507080078125,0.8709716796875,-0.07659912109375,-0.48211669921875,0.0543212890625,0.92144775390625,-0.28704833984375,-0.03759765625,0.25897216796875
211,0.6858202063519022,-0.6585401452105978,-0.2484130859375,-0.184814453125,0.6935716711956522,0.6253370202105978,0.349853515625,0.07339610224184782,0.6634521484375,-0.07543679942255435,0.7189649498980978,0.19265879755434784,0.9783643639605978,0.07177734375,-0.13900889521059784,0.13512918223505435,0.8709716796875,-0.07659912109375,-0.48214588994565216,0.054379670516304345,0.92138671875,-0.2871067212975543,-0.03759765625,0.25897216796875
212,0.68585205078125,-0.65850830078125,-0.2484130859375,-0.184814453125,0.69354248046875,0.6253662109375,0.34991455078125,0.0733642578125,0.66351318359375,-0.0755615234375,0.7188720703125,0.1927490234375,0.97833251953125,0.07177734375,-0.13897705078125,0.13519287109375,0.8709716796875,-0.07659912109375,-0.482177734375,0.054443359375,0.92138671875,-0.28717041015625,-0.03759765625,0.25897216796875
213,0.68585205078125,-0.65850830078125,-0.24839981742527173,-0.184814453125,0.69354248046875,0.6253662109375,0.34991455078125,0.0733642578125,0.66351318359375,-0.0755615234375,0.7188720703125,0.1927490234375,0.97833251953125,0.07183837890625,-0.13905135444972827,0.13524063773777173,0.8709716796875,-0.07659912109375,-0.48219100288722827,0.054443359375,0.92138671875,-0.2872314453125,-0.03759765625,0.25901993461277173
214,0.68585205078125,-0.65850830078125,-0.24835205078125,-0.184814453125,0.6934814453125,0.62542724609375,0.3499755859375,0.0733642578125,0.66351318359375,-0.07562255859375,0.71881103515625,0.19287109375,0.97833251953125,0.07183837890625,-0.13909912109375,0.13519287109375,0.8709716796875,-0.07659912109375,-0.48223876953125,0.054443359375,0.92138671875,-0.2872314453125,-0.03759765625,0.25897216796875
215,0.6859104322350543,-0.65850830078125,-0.24829366932744565,-0.184814453125,0.6935398267663043,0.6253688646399457,0.3499172044836957,0.07330587635869565,0.6635715650475543,-0.07562255859375,0.71881103515625,0.19281271229619565,0.97833251953125,0.07195514181385869,-0.13915750254755435,0.13519287109375,0.8709132982336957,-0.07654073963994565,-0.4822971509850543,0.054501740828804345,0.92138671875,-0.2871677564538043,-0.037595002547554345,0.2589748216711957
216,0.6859130859375,-0.65850830078125,-0.248291015625,-0.184814453125,0.69342041015625,0.62548828125,0.3499755859375,0.07330322265625,0.66357421875,-0.07562255859375,0.71875,0.1929931640625,0.97833251953125,0.07196044921875,-0.13916015625,0.13519287109375,0.87091064453125,-0.0765380859375,-0.4822998046875,0.05450439453125,0.92138671875,-0.28717041015625,-0.03759765625,0.25897216796875
217,0.6859555451766305,-0.6584233823029891,-0.24833347486413043,-0.184814453125,0.6934628693953805,0.6254458220108695,0.3499755859375,0.07326076341711957,0.6635317595108695,-0.07570747707201086,0.7187924592391305,0.19295070482336957,0.9782900602921195,0.07196044921875,-0.13920261548913043,0.13527778957201086,0.8708681852921195,-0.0765380859375,-0.48238472316576086,0.054589313009510865,0.9214052946671195,-0.28713325832201086,-0.03773830247961957,0.25895359205163043
218,0.68597412109375,-0.65838623046875,-0.24835205078125,-0.184814453125,0.69342041015625,0.62542724609375,0.35009765625,0.0733642578125,0.66363525390625,-0.0758056640625,0.71868896484375,0.19305419921875,0.978271484375,0.07196044921875,-0.13922119140625,0.13531494140625,0.870849609375,-0.0765380859375,-0.482421875,0.05462646484375,0.92138671875,-0.28717041015625,-0.0377197265625,0.25897216796875
219,0.6860006581182065,-0.65838623046875,-0.2483785878057065,-0.1847879161005435,0.69342041015625,0.6254007090692935,0.35012419327445654,0.07331118376358696,0.6636087168817935,-0.07583220108695653,0.7187155018682065,0.1930276621942935,0.978271484375,0.07198698624320653,-0.13922119140625,0.13531494140625,0.8708230723505435,-0.07656462296195653,-0.482421875,0.05465300186820652,0.92138671875,-0.28719694718070654,-0.03775422469429348,0.25885009765625
220,0.68603515625,-0.65838623046875,-0.2484130859375,-0.18475341796875,0.69342041015625,0.62530517578125,0.35015869140625,0.07330322265625,0.6636962890625,-0.07598876953125,0.7186279296875,0.1929931640625,0.978271484375,0.072021484375,-0.13922119140625,0.13531494140625,0.87078857421875,-0.07659912109375,-0.482421875,0.0546875,0.92138671875,-0.2872314453125,-0.0377197265625,0.25885009765625
221,0.68597412109375,-0.658447265625,-0.2484130859375,-0.1846923828125,0.693359375,0.62542724609375,0.35015869140625,0.07330322265625,0.66363525390625,-0.075927734375,0.7186279296875,0.1929931640625,0.978271484375,0.07208251953125,-0.13946533203125,0.13525390625,0.8708389945652174,-0.07660973590353261,-0.48238206946331524,0.0545654296875,0.92138671875,-0.2872314453125,-0.03765869140625,0.2589111328125
222,0.68597412109375,-0.658447265625,-0.2484130859375,-0.1846923828125,0.6934814453125,0.62530517578125,0.3502197265625,0.07330322265625,0.66375732421875,-0.0760498046875,0.71856689453125,0.1929931640625,0.978271484375,0.07208251953125,-0.13946533203125,0.13525390625,0.87078857421875,-0.07666015625,-0.48248291015625,0.0545654296875,0.92138671875,-0.2872314453125,-0.03765869140625,0.2589111328125
223,0.68597412109375,-0.658447265625,-0.2484130859375,-0.18458092730978262,0.6934814453125,0.62530517578125,0.3502197265625,0.07319176715353262,0.6637015964673914,-0.07599407693614131,0.7186226222826086,0.1929374363111413,0.978271484375,0.07208251953125,-0.13946533203125,0.1351981784986413,0.87078857421875,-0.07666015625,-0.48248291015625,0.05450970193614131,0.9214424465013586,-0.2872314453125,-0.03754723590353262,0.2587943699048913
224,0.68597412109375,-0.658447265625,-0.2484130859375,-0.1845703125,0.693603515625,0.62518310546875,0.35015869140625,0.07318115234375,0.66387939453125,-0.07611083984375,0.71844482421875,0.19281005859375,0.978271484375,0.07208251953125,-0.13946533203125,0.13519287109375,0.87078857421875,-0.07666015625,-0.48248291015625,0.05450439453125,0.92144775390625,-0.2872314453125,-0.03753662109375,0.2587890625
225,0.68597412109375,-0.658447265625,-0.24845289147418478,-0.18453050696331522,0.693603515625,0.62518310546875,0.35019849694293476,0.07314134680706522,0.6638395889945652,-0.07611083984375,0.7184846297554348,0.19281005859375,0.978271484375,0.07216213060461955,-0.13950513756793478,0.13519287109375,0.87078857421875,-0.07662035071331522,-0.48248291015625,0.05446458899456522,0.92144775390625,-0.287109375,-0.03761888586956522,0.2587890625
226,0.68597412109375,-0.658447265625,-0.24847412109375,-0.18450927734375,0.693603515625,0.6251220703125,0.35028076171875,0.0732421875,0.66387939453125,-0.076171875,0.71844482421875,0.19287109375,0.978271484375,0.07220458984375,-0.1395263671875,0.13519287109375,0.87078857421875,-0.07659912109375,-0.48248291015625,0.054443359375,0.92144775390625,-0.287109375,-0.03759765625,0.2587890625
227,0.6859980044157609,-0.6584233823029891,-0.24849800441576086,-0.18448539402173914,0.6936273989470109,0.6250981869904891,0.35030464504076086,0.07319442085597827,0.6638555112092391,-0.07619575832201086,0.7184687075407609,0.19284721042798914,0.9782343325407609,0.07218070652173914,-0.13962455417798914,0.13519287109375,0.87078857421875,-0.07664688773777173,-0.48248291015625,0.054443359375,0.92144775390625,-0.28715714164402173,-0.03761092476222827,0.25875191066576086
228,0.68603515625,-0.65838623046875,-0.24853515625,-0.1844482421875,0.69378662109375,0.6248779296875,0.350341796875,0.0732421875,0.6639404296875,-0.07635498046875,0.71844482421875,0.1927490234375,0.978271484375,0.0721435546875,-0.13958740234375,0.13519287109375,0.87078857421875,-0.07672119140625,-0.48248291015625,0.054443359375,0.92144775390625,-0.2872314453125,-0.03753662109375,0.2587890625
229,0.6860271951426631,-0.6583941915760869,-0.24854311735733695,-0.18444028108016305,0.6937786599864131,0.6248858907948369,0.350349757982337,0.07323422639266304,0.663924507472826,-0.07634701936141304,0.7184527853260869,0.1927490234375,0.978271484375,0.07209048063858696,-0.13957148012907608,0.13519287109375,0.8707965353260869,-0.07671323029891304,-0.4824669879415761,0.05443539826766305,0.92144775390625,-0.287223484205163,-0.037642769191576095,0.2587890625
230,0.68597412109375,-0.658447265625,-0.24859619140625,-0.18438720703125,0.69384765625,0.62469482421875,0.3504638671875,0.0733642578125,0.66387939453125,-0.07635498046875,0.71844482421875,0.192626953125,0.978271484375,0.0721435546875,-0.13946533203125,0.13519287109375,0.870849609375,-0.07666015625,-0.48236083984375,0.05438232421875,0.92144775390625,-0.28717041015625,-0.03753662109375,0.2587890625
231,0.6859210470448369,-0.6585003396739131,-0.24859619140625,-0.18428105893342392,0.6937945822010869,0.624800972316576,0.3504638671875,0.0732581097146739,0.66387939453125,-0.0762488323709239,0.7184978982676631,0.192626953125,0.978271484375,0.07209048063858696,-0.13935918393342392,0.13508672299592392,0.8709026834239131,-0.07666015625,-0.4822546917459239,0.054276176120923905,0.9215008279551631,-0.287056300951087,-0.037369437839673905,0.25885009765625
232,0.6859130859375,-0.65850830078125,-0.24859619140625,-0.18426513671875,0.69390869140625,0.62469482421875,0.35040283203125,0.07330322265625,0.66387939453125,-0.07635498046875,0.718505859375,0.1925048828125,0.978271484375,0.07208251953125,-0.13934326171875,0.13507080078125,0.8709716796875,-0.07672119140625,-0.482177734375,0.0543212890625,0.9215087890625,-0.28704833984375,-0.037353515625,0.25885009765625
233,0.6859130859375,-0.6585454526154891,-0.24852188773777173,-0.18426513671875,0.69390869140625,0.6247319760529891,0.35036568019701086,0.07330322265625,0.6639165463654891,-0.07628067680027173,0.7184687075407609,0.1925048828125,0.978271484375,0.07218070652173914,-0.13935653023097827,0.13509468410326086,0.8709345278532609,-0.07672119140625,-0.48221488620923914,0.05424698539402173,0.9215087890625,-0.28692626953125,-0.037268597146739135,0.25883682914402173
234,0.6859130859375,-0.6585693359375,-0.24847412109375,-0.18426513671875,0.6937255859375,0.6248779296875,0.350341796875,0.0731201171875,0.66387939453125,-0.07623291015625,0.718505859375,0.19268798828125,0.978271484375,0.07220458984375,-0.139404296875,0.13507080078125,0.8709716796875,-0.07659912109375,-0.482177734375,0.05419921875,0.9215087890625,-0.28692626953125,-0.03729248046875,0.2587890625
235,0.6859555451766305,-0.6585481063179348,-0.24845289147418478,-0.18422267747961957,0.6937680451766305,0.6248567000679348,0.35032056725543476,0.07307765794836957,0.6639006241508152,-0.07623291015625,0.718505859375,0.19260306980298914,0.978271484375,0.07226297129755435,-0.13946533203125,0.13517164147418478,0.8709504500679348,-0.07664158033288043,-0.48222019361413043,0.054220448369565216,0.9215087890625,-0.28690769361413043,-0.037332286005434784,0.25886867357336957
236,0.68603515625,-0.65850830078125,-0.2484130859375,-0.18414306640625,0.6937255859375,0.62493896484375,0.350341796875,0.07305908203125,0.6639404296875,-0.07635498046875,0.71844482421875,0.192626953125,0.978271484375,0.0721435546875,-0.13946533203125,0.1351318359375,0.87091064453125,-0.07672119140625,-0.4822998046875,0.05426025390625,0.9215087890625,-0.2869873046875,-0.03729248046875,0.2587890625
237,0.68609619140625,-0.65838623046875,-0.2484130859375,-0.18408203125,0.69384765625,0.62481689453125,0.350341796875,0.072998046875,0.6639404296875,-0.076416015625,0.718505859375,0.1925048828125,0.978271484375,0.072021484375,-0.13958740234375,0.1351318359375,0.8709053371263586,-0.07684326171875,-0.4823051120923913,0.05426025390625,0.9215087890625,-0.28704833984375,-0.037353515625,0.2587890625
238,0.68609619140625,-0.65838623046875,-0.2484130859375,-0.18408203125,0.69378662109375,0.6248779296875,0.350341796875,0.0731201171875,0.6639404296875,-0.07647705078125,0.71844482421875,0.192626953125,0.978271484375,0.072021484375,-0.13958740234375,0.1351318359375,0.870849609375,-0.07684326171875,-0.48236083984375,0.05426025390625,0.9215087890625,-0.28704833984375,-0.037353515625,0.2587890625
239,0.6861466117527174,-0.6584366508152174,-0.2484130859375,-0.18408203125,0.69378662109375,0.6248779296875,0.350341796875,0.07306969684103261,0.6639404296875,-0.07647705078125,0.71844482421875,0.19257653277853262,0.978271484375,0.072021484375,-0.13958740234375,0.13508141559103262,0.870849609375,-0.07689368206521739,-0.48236083984375,0.05420983355978261,0.92144775390625,-0.28717041015625,-0.037353515625,0.25872802734375
240,0.6861572265625,-0.658447265625,-0.2484130859375,-0.18408203125,0.69378662109375,0.62493896484375,0.35028076171875,0.0728759765625,0.6639404296875,-0.076416015625,0.718505859375,0.19244384765625,0.978271484375,0.072021484375,-0.13958740234375,0.13507080078125,0.870849609375,-0.0770263671875,-0.4822998046875,0.05426025390625,0.92144775390625,-0.28717041015625,-0.037353515625,0.25872802734375
241,0.68603515625,-0.65850830078125,-0.2484130859375,-0.18414306640625,0.69366455078125,0.62506103515625,0.35028076171875,0.072998046875,0.6639404296875,-0.07635498046875,0.71844482421875,0.19256591796875,0.978271484375,0.072021484375,-0.13958740234375,0.135009765625,0.87091064453125,-0.076904296875,-0.4822998046875,0.05419921875,0.92144775390625,-0.28717041015625,-0.03729248046875,0.25872802734375
242,0.68603515625,-0.65850830078125,-0.2484130859375,-0.18414306640625,0.6937255859375,0.6251220703125,0.35003662109375,0.07269287109375,0.66400146484375,-0.07611083984375,0.718505859375,0.19232177734375,0.978271484375,0.072021484375,-0.13958740234375,0.135009765625,0.87091064453125,-0.0770263671875,-0.4822998046875,0.05413818359375,0.92144775390625,-0.28717041015625,-0.03729248046875,0.25872802734375
243,0.68597412109375,-0.6585693359375,-0.2484130859375,-0.18408203125,0.69366455078125,0.62518310546875,0.35003662109375,0.07269287109375,0.6639404296875,-0.07598876953125,0.718505859375,0.1923828125,0.978271484375,0.07208251953125,-0.13958740234375,0.13482666015625,0.87091064453125,-0.0770263671875,-0.48223876953125,0.0540771484375,0.92144775390625,-0.28729248046875,-0.03729248046875,0.25860595703125
244,0.68597412109375,-0.6585693359375,-0.2484130859375,-0.18408203125,0.69366455078125,0.62530517578125,0.34991455078125,0.07269287109375,0.6640625,-0.0758056640625,0.71844482421875,0.1922607421875,0.978271484375,0.07208251953125,-0.13958740234375,0.13482666015625,0.870849609375,-0.07696533203125,-0.48236083984375,0.05389404296875,0.92144775390625,-0.28729248046875,-0.03729248046875,0.25860595703125
245,0.68597412109375,-0.6585693359375,-0.24859619140625,-0.1839599609375,0.69366455078125,0.625244140625,0.35009765625,0.07257080078125,0.6639430833899457,-0.07586139181385869,0.7186226222826086,0.1922607421875,0.978271484375,0.07208251953125,-0.1396484375,0.134765625,0.8709663722826086,-0.07696798573369565,-0.4821883491847826,0.053952424422554345,0.92144775390625,-0.287353515625,-0.03741455078125,0.25860595703125
246,0.68597412109375,-0.6585693359375,-0.24859619140625,-0.1839599609375,0.6937255859375,0.625244140625,0.34991455078125,0.07281494140625,0.66400146484375,-0.07574462890625,0.718505859375,0.1922607421875,0.978271484375,0.07208251953125,-0.1396484375,0.134765625,0.870849609375,-0.0770263671875,-0.482421875,0.05389404296875,0.92144775390625,-0.287353515625,-0.03741455078125,0.25860595703125
247,0.6859130859375,-0.65863037109375,-0.2486572265625,-0.18377685546875,0.693603515625,0.62530517578125,0.35003662109375,0.0726318359375,0.6639404296875,-0.07562255859375,0.7186279296875,0.19219970703125,0.97833251953125,0.0718994140625,-0.1397705078125,0.1346435546875,0.87091064453125,-0.0770263671875,-0.48223876953125,0.0538330078125,0.92138671875,-0.28753662109375,-0.03741455078125,0.258544921875
248,0.6859130859375,-0.65863037109375,-0.2486572265625,-0.18377685546875,0.6937255859375,0.625244140625,0.349853515625,0.07281494140625,0.6640625,-0.07568359375,0.71856689453125,0.19207763671875,0.97833251953125,0.0718994140625,-0.1397705078125,0.1346435546875,0.87078857421875,-0.07720947265625,-0.4825439453125,0.05377197265625,0.92138671875,-0.28753662109375,-0.03741455078125,0.258544921875
249,0.68585205078125,-0.65875244140625,-0.248779296875,-0.18353271484375,0.693603515625,0.62530517578125,0.3499755859375,0.07257080078125,0.66387939453125,-0.07550048828125,0.71875,0.19207763671875,0.97833251953125,0.07177734375,-0.1397705078125,0.134521484375,0.87091064453125,-0.07720947265625,-0.48223876953125,0.05364990234375,0.92138671875,-0.28759765625,-0.03741455078125,0.25848388671875
250,0.68585205078125,-0.65875244140625,-0.248779296875,-0.18353271484375,0.6937255859375,0.625244140625,0.34991455078125,0.07269287109375,0.6639404296875,-0.0755615234375,0.71868896484375,0.19189453125,0.97833251953125,0.07172957710597826,-0.13984215777853262,0.134521484375,0.87078857421875,-0.07733154296875,-0.482421875,0.0535888671875,0.92138671875,-0.28759765625,-0.03741455078125,0.25848388671875
251,0.685791015625,-0.6588134765625,-0.248779296875,-0.18341064453125,0.693603515625,0.6253662109375,0.34991455078125,0.07257080078125,0.6639112389605978,-0.07547129755434782,0.7187181555706522,0.19191045346467392,0.97833251953125,0.07171630859375,-0.13983154296875,0.1343994140625,0.870833687160326,-0.07734746518342392,-0.48240860648777173,0.05354375424592391,0.92138671875,-0.28765869140625,-0.0374755859375,0.25848388671875
252,0.685791015625,-0.6588134765625,-0.248779296875,-0.18341064453125,0.69354248046875,0.62542724609375,0.34991455078125,0.07269287109375,0.66400146484375,-0.0755615234375,0.7186279296875,0.19195556640625,0.97833251953125,0.07171630859375,-0.13984746518342392,0.13441533627717392,0.87078857421875,-0.077392578125,-0.4825439453125,0.0535888671875,0.92138671875,-0.28765869140625,-0.0374755859375,0.25848388671875
253,0.68585205078125,-0.65875244140625,-0.24884033203125,-0.183349609375,0.693603515625,0.6253662109375,0.34991455078125,0.0726318359375,0.6639404296875,-0.07562255859375,0.71868896484375,0.19189453125,0.97833251953125,0.0716552734375,-0.139892578125,0.13458251953125,0.87078857421875,-0.07745361328125,-0.48248291015625,0.05364990234375,0.92132568359375,-0.2877197265625,-0.03753662109375,0.258544921875
254,0.68585205078125,-0.65875244140625,-0.24884033203125,-0.183349609375,0.69342041015625,0.62554931640625,0.3499755859375,0.0726318359375,0.6639404296875,-0.07568359375,0.7186279296875,0.192138671875,0.97833251953125,0.0716552734375,-0.139892578125,0.13458251953125,0.8707275390625,-0.077392578125,-0.48260498046875,0.0537109375,0.92132568359375,-0.2877197265625,-0.03753662109375,0.258544921875
255,0.68597412109375,-0.65869140625,-0.248779296875,-0.18328857421875,0.69354248046875,0.62548828125,0.34991455078125,0.07257080078125,0.66400146484375,-0.07574462890625,0.7186279296875,0.1920166015625,0.97833251953125,0.071533203125,-0.1400146484375,0.13458251953125,0.8707275390625,-0.0775146484375,-0.48260498046875,0.05364990234375,0.92138671875,-0.28759765625,-0.0374755859375,0.258544921875
256,0.68597412109375,-0.65869140625,-0.248779296875,-0.18328857421875,0.69329833984375,0.62567138671875,0.35003662109375,0.072509765625,0.6639404296875,-0.07568359375,0.7186279296875,0.1922607421875,0.9782953676970109,0.07164465862771739,-0.13997749660326086,0.13465682319972827,0.87066650390625,-0.07745361328125,-0.482666015625,0.0538330078125,0.92138671875,-0.28759765625,-0.0374755859375,0.258544921875
257,0.68603515625,-0.65863037109375,-0.24871826171875,-0.18328857421875,0.693359375,0.62567138671875,0.3499755859375,0.072509765625,0.66400146484375,-0.07568359375,0.71856689453125,0.19219970703125,0.978271484375,0.07159423828125,-0.1400146484375,0.1346435546875,0.87060546875,-0.0775146484375,-0.48272705078125,0.0538330078125,0.92138671875,-0.28765869140625,-0.03753662109375,0.25848388671875
258,0.68603515625,-0.65863037109375,-0.24871826171875,-0.18328857421875,0.693359375,0.6256103515625,0.35003662109375,0.072509765625,0.6639404296875,-0.0758056640625,0.71856689453125,0.1922607421875,0.978271484375,0.07157300866168478,-0.13999341881793478,0.13466478430706522,0.87066650390625,-0.0775146484375,-0.482666015625,0.0538330078125,0.92138671875,-0.28765869140625,-0.03753662109375,0.25848388671875
259,0.68597412109375,-0.65869140625,-0.24871826171875,-0.18328857421875,0.69329833984375,0.62567138671875,0.35003662109375,0.072509765625,0.6639271611752717,-0.07570482336956523,0.7185934315557065,0.1922952403192935,0.978271484375,0.0716552734375,-0.13995361328125,0.13470458984375,0.8706797724184783,-0.07745361328125,-0.48263947860054346,0.05380647078804348,0.92138671875,-0.28759765625,-0.03741455078125,0.258544921875
260,0.68597412109375,-0.65869140625,-0.24871826171875,-0.18328857421875,0.69329833984375,0.62567138671875,0.3499755859375,0.07232666015625,0.66387939453125,-0.0755615234375,0.71868896484375,0.19219970703125,0.97833251953125,0.0716552734375,-0.139892578125,0.13458251953125,0.8707275390625,-0.07745361328125,-0.4825439453125,0.0537109375,0.92138671875,-0.28759765625,-0.03741455078125,0.258544921875
261,0.68597412109375,-0.65869140625,-0.248779296875,-0.18341064453125,0.69329833984375,0.62567138671875,0.3499755859375,0.07244873046875,0.66387939453125,-0.07568359375,0.7186279296875,0.1922607421875,0.978271484375,0.07171630859375,-0.13995361328125,0.13470458984375,0.8707275390625,-0.077392578125,-0.48260498046875,0.0538330078125,0.92138671875,-0.28759765625,-0.037353515625,0.258544921875
262,0.68597412109375,-0.65869140625,-0.248779296875,-0.18341064453125,0.69329833984375,0.62579345703125,0.349853515625,0.072265625,0.66387939453125,-0.0755615234375,0.71868896484375,0.19219970703125,0.9783219047214674,0.07171630859375,-0.13990319293478262,0.13460374915081522,0.87078857421875,-0.07733154296875,-0.482421875,0.0537109375,0.92138671875,-0.28759765625,-0.037353515625,0.258544921875
263,0.6859130859375,-0.65869140625,-0.24884033203125,-0.1834716796875,0.6932373046875,0.62579345703125,0.34991455078125,0.07232666015625,0.66387939453125,-0.0755615234375,0.71868896484375,0.1922607421875,0.97833251953125,0.07177734375,-0.13983154296875,0.1346435546875,0.87078857421875,-0.0772705078125,-0.482421875,0.05377197265625,0.92144775390625,-0.28753662109375,-0.03729248046875,0.25848388671875
264,0.6859130859375,-0.65869140625,-0.24884033203125,-0.1834716796875,0.6932373046875,0.62591552734375,0.3497314453125,0.07220458984375,0.6639404296875,-0.0753173828125,0.7186279296875,0.19219970703125,0.97833251953125,0.07171630859375,-0.13983154296875,0.13446044921875,0.870849609375,-0.0772705078125,-0.48236083984375,0.05364990234375,0.92144775390625,-0.28753662109375,-0.03729248046875,0.25848388671875
265,0.68585205078125,-0.65869140625,-0.24896240234375,-0.18353271484375,0.69317626953125,0.62591552734375,0.349853515625,0.072265625,0.6639059315557065,-0.07530676800271739,0.7187155018682065,0.19220766813858695,0.97833251953125,0.07177734375,-0.1397705078125,0.13458251953125,0.870849609375,-0.07720947265625,-0.4822998046875,0.0537109375,0.92144775390625,-0.28741455078125,-0.0372314453125,0.25848388671875
266,0.68585205078125,-0.65869140625,-0.24896240234375,-0.18353271484375,0.693115234375,0.62615966796875,0.34967041015625,0.0721435546875,0.6639404296875,-0.07513427734375,0.71875,0.192138671875,0.9783935546875,0.07183837890625,-0.1396484375,0.1343994140625,0.8709716796875,-0.07708740234375,-0.48223876953125,0.05364990234375,0.92144775390625,-0.28741455078125,-0.0372314453125,0.25848388671875
267,0.68585205078125,-0.65863037109375,-0.24908447265625,-0.18359375,0.693115234375,0.62603759765625,0.3497314453125,0.07220458984375,0.6638687797214674,-0.07523511803668478,0.7187606148097826,0.19219970703125,0.97833251953125,0.07177734375,-0.13958740234375,0.134521484375,0.8709716796875,-0.07706617272418478,-0.482177734375,0.053801163383152176,0.92144775390625,-0.287353515625,-0.03717041015625,0.25860595703125
268,0.68585205078125,-0.65863037109375,-0.24908447265625,-0.18359375,0.693115234375,0.6260986328125,0.34979248046875,0.07208251953125,0.663818359375,-0.07513427734375,0.71881103515625,0.19219970703125,0.9783935546875,0.0718994140625,-0.1395263671875,0.13446044921875,0.8709716796875,-0.07696533203125,-0.482177734375,0.05364990234375,0.92144775390625,-0.287353515625,-0.03717041015625,0.25860595703125
269,0.68585205078125,-0.6585693359375,-0.2491455078125,-0.18365478515625,0.693115234375,0.62603759765625,0.349853515625,0.0721435546875,0.663818359375,-0.0751953125,0.71881103515625,0.19219970703125,0.97833251953125,0.0718994140625,-0.1395263671875,0.13458251953125,0.8709716796875,-0.07696533203125,-0.482177734375,0.05377197265625,0.92144775390625,-0.2872314453125,-0.03717041015625,0.2586669921875
270,0.68585205078125,-0.6585693359375,-0.2491455078125,-0.18365478515625,0.693115234375,0.6259765625,0.349853515625,0.07220458984375,0.66375732421875,-0.07513427734375,0.71881103515625,0.1922607421875,0.97833251953125,0.07196044921875,-0.13946533203125,0.13458251953125,0.87103271484375,-0.076904296875,-0.4820556640625,0.05364990234375,0.92144775390625,-0.2872314453125,-0.03717041015625,0.2586669921875
271,0.68585205078125,-0.6585693359375,-0.2491455078125,-0.18365478515625,0.693115234375,0.6259765625,0.349853515625,0.07220458984375,0.66375732421875,-0.07513427734375,0.71881103515625,0.1922607421875,0.97833251953125,0.07196044921875,-0.13946533203125,0.13458251953125,0.87103271484375,-0.076904296875,-0.4820556640625,0.05364990234375,0.9215087890625,-0.287109375,-0.03704833984375,0.25872802734375
272,0.68585205078125,-0.6585693359375,-0.2491455078125,-0.18365478515625,0.693115234375,0.62591552734375,0.3499755859375,0.072265625,0.66363525390625,-0.07513427734375,0.71893310546875,0.19219970703125,0.9783935546875,0.0718994140625,-0.139404296875,0.1346435546875,0.87115478515625,-0.0767822265625,-0.48193359375,0.0535888671875,0.9215087890625,-0.287109375,-0.03704833984375,0.25872802734375
273,0.68585205078125,-0.65850830078125,-0.24908447265625,-0.1837158203125,0.69317626953125,0.62591552734375,0.34991455078125,0.07232666015625,0.6636485224184783,-0.0751236625339674,0.7189198369565217,0.19222359035326086,0.97833251953125,0.0718994140625,-0.13946533203125,0.1346435546875,0.87109375,-0.0767822265625,-0.48199462890625,0.0535888671875,0.9215087890625,-0.28704833984375,-0.037109375,0.25872802734375
274,0.68585205078125,-0.65850830078125,-0.24908447265625,-0.1837158203125,0.693115234375,0.6259765625,0.34991455078125,0.072265625,0.66357421875,-0.07501220703125,0.718994140625,0.1922607421875,0.9783935546875,0.0718994140625,-0.13934326171875,0.134521484375,0.87115478515625,-0.0767822265625,-0.48187255859375,0.0535888671875,0.9215087890625,-0.28704833984375,-0.037109375,0.25872802734375
275,0.68585205078125,-0.65850830078125,-0.2491455078125,-0.183837890625,0.693115234375,0.62591552734375,0.3499755859375,0.0723876953125,0.6636272927989131,-0.07509447180706523,0.7189410665760869,0.19231381623641305,0.9783935546875,0.0718994140625,-0.13934326171875,0.1346435546875,0.8711627462635869,-0.07672915251358696,-0.48190971042798914,0.0537109375,0.9215087890625,-0.287109375,-0.03704833984375,0.2587890625
276,0.68585205078125,-0.65850830078125,-0.2491455078125,-0.183837890625,0.69305419921875,0.6260986328125,0.34979248046875,0.0721435546875,0.66357421875,-0.0748291015625,0.718994140625,0.1922607421875,0.9783935546875,0.0718994140625,-0.13916015625,0.13446044921875,0.8712158203125,-0.0767822265625,-0.48175048828125,0.0537109375,0.9215087890625,-0.287109375,-0.03704833984375,0.2587890625
277,0.685791015625,-0.65850830078125,-0.24920654296875,-0.1839599609375,0.6929931640625,0.6260986328125,0.349853515625,0.072265625,0.66357421875,-0.07489013671875,0.718994140625,0.1923828125,0.9783935546875,0.07196044921875,-0.13922119140625,0.13458251953125,0.8712158203125,-0.07666015625,-0.48175048828125,0.0538330078125,0.92144775390625,-0.287109375,-0.03680419921875,0.25885009765625
278,0.685791015625,-0.65850830078125,-0.24920654296875,-0.1839599609375,0.69305419921875,0.6260986328125,0.349853515625,0.07208251953125,0.66357421875,-0.07464599609375,0.71905517578125,0.1922607421875,0.97845458984375,0.0718994140625,-0.1390380859375,0.13446044921875,0.87139892578125,-0.07672119140625,-0.48150634765625,0.05377197265625,0.92144775390625,-0.287109375,-0.03680419921875,0.25885009765625
279,0.68572998046875,-0.65850830078125,-0.2491455078125,-0.18414306640625,0.69305419921875,0.6260986328125,0.34979248046875,0.072265625,0.6635609502377717,-0.07449738875679349,0.7190445609714674,0.1923828125,0.9783935546875,0.07196044921875,-0.13916015625,0.13458251953125,0.871337890625,-0.07659912109375,-0.48162841796875,0.0538330078125,0.9215087890625,-0.2869873046875,-0.0367431640625,0.25885009765625
280,0.68572998046875,-0.65850830078125,-0.2491455078125,-0.18414306640625,0.6929931640625,0.62615966796875,0.3497314453125,0.0721435546875,0.66351318359375,-0.07440185546875,0.7191162109375,0.1923828125,0.9783935546875,0.0721435546875,-0.1390380859375,0.13458251953125,0.87139892578125,-0.0765380859375,-0.4814453125,0.0538330078125,0.9215087890625,-0.2869873046875,-0.0367431640625,0.25885009765625
281,0.68572998046875,-0.65850830078125,-0.24920654296875,-0.1842041015625,0.6929931640625,0.62615966796875,0.34979248046875,0.07220458984375,0.6634521484375,-0.07444166100543478,0.7191162109375,0.19244384765625,0.9783935546875,0.0721435546875,-0.1390380859375,0.1346435546875,0.87139892578125,-0.07647705078125,-0.4814453125,0.053955078125,0.9215087890625,-0.2869873046875,-0.03668212890625,0.25885009765625
282,0.6857432489809783,-0.6584950322690217,-0.24921981148097827,-0.1842041015625,0.6930674677309783,0.6260720957880435,0.34980574898097827,0.072265625,0.6634521484375,-0.07441512398097826,0.7191294794497283,0.19243057914402173,0.9783935546875,0.07211701766304347,-0.13909912109375,0.13453475288722827,0.8714466924252717,-0.07642928413722826,-0.4814453125,0.053907311480978264,0.9215087890625,-0.28701384171195654,-0.036668860394021736,0.25885009765625
283,0.685791015625,-0.658447265625,-0.249267578125,-0.1842041015625,0.693115234375,0.6259765625,0.349853515625,0.072265625,0.6634468410326086,-0.07446819802989131,0.71917724609375,0.19239873471467392,0.9783935546875,0.072021484375,-0.13909912109375,0.13458251953125,0.87139892578125,-0.07647705078125,-0.4814453125,0.053955078125,0.92156982421875,-0.28692626953125,-0.0367431640625,0.2587890625
284,0.685791015625,-0.658447265625,-0.249267578125,-0.1842041015625,0.6930568529211957,0.6260349439538043,0.3499702785326087,0.0723823879076087,0.66339111328125,-0.07452392578125,0.71917724609375,0.19256591796875,0.9783935546875,0.0721435546875,-0.13897705078125,0.1346435546875,0.8714599609375,-0.0762939453125,-0.4814453125,0.053955078125,0.92156982421875,-0.28692626953125,-0.0367431640625,0.2587890625
285,0.6859130859375,-0.6583251953125,-0.249267578125,-0.18426513671875,0.69317626953125,0.6258544921875,0.3499755859375,0.07244873046875,0.66339111328125,-0.07464599609375,0.7191162109375,0.1925048828125,0.9783935546875,0.072021484375,-0.1390380859375,0.13470458984375,0.87139892578125,-0.07635498046875,-0.48150634765625,0.0540771484375,0.9215087890625,-0.28704833984375,-0.03680419921875,0.25885009765625
286,0.6859130859375,-0.6583251953125,-0.249267578125,-0.18426513671875,0.693115234375,0.62591552734375,0.3499755859375,0.072265625,0.663330078125,-0.07464599609375,0.71917724609375,0.1925048828125,0.9783935546875,0.07196044921875,-0.13909912109375,0.13470458984375,0.87139892578125,-0.076416015625,-0.4814453125,0.053955078125,0.9215087890625,-0.28704833984375,-0.03680419921875,0.25885009765625
287,0.68585205078125,-0.65838623046875,-0.24920654296875,-0.184326171875,0.693115234375,0.6259765625,0.34991455078125,0.0723876953125,0.66339111328125,-0.07455046280570653,0.7191162109375,0.19263491423233695,0.9783935546875,0.07208251953125,-0.13922119140625,0.1346435546875,0.87139892578125,-0.07635498046875,-0.48150634765625,0.053955078125,0.92156982421875,-0.28692626953125,-0.0367431640625,0.25885009765625
288,0.6858785878057065,-0.6583596934442935,-0.24920654296875,-0.18427309782608695,0.6930807362432065,0.6259500254755435,0.3499755859375,0.07233462126358696,0.66339111328125,-0.07452392578125,0.7191427479619565,0.19263491423233695,0.9783590565557065,0.07221255095108696,-0.1391946543817935,0.13471255095108695,0.8713644276494565,-0.07625148607336957,-0.48154084578804346,0.053955078125,0.9215432871942935,-0.28695280655570654,-0.03669009001358695,0.25882356063179346
289,0.6859130859375,-0.6583251953125,-0.24920654296875,-0.1842041015625,0.693115234375,0.62591552734375,0.3499755859375,0.072265625,0.6633725373641305,-0.07452392578125,0.71917724609375,0.1926216457201087,0.9783935546875,0.0721435546875,-0.13916015625,0.1346435546875,0.87139892578125,-0.07635498046875,-0.48150634765625,0.053955078125,0.92156982421875,-0.28680419921875,-0.03680419921875,0.25885009765625
290,0.6859237007472826,-0.6583039656929348,-0.24922777258831522,-0.1842041015625,0.6930648140285326,0.6259553328804348,0.34999681555706524,0.07243811565896739,0.6633194633152174,-0.07454515540081522,0.7191878609035326,0.19273840862771738,0.97833251953125,0.07212232506793478,-0.13921057659646738,0.13484788977581522,0.871337890625,-0.07624352496603261,-0.4816178031589674,0.053915272588315216,0.9215592094089674,-0.28682542883831524,-0.03679358440896739,0.25887132727581524
291,0.68597412109375,-0.658203125,-0.24932861328125,-0.1842041015625,0.693115234375,0.6258544921875,0.35009765625,0.0723876953125,0.66326904296875,-0.07463272758152173,0.7192409349524457,0.1926826808763587,0.9783351732336957,0.072021484375,-0.1391548488451087,0.13494076936141303,0.8713405443274457,-0.07629129161005435,-0.4815647291100543,0.05401080587635869,0.92156982421875,-0.286865234375,-0.03680419921875,0.25885009765625
292,0.6859183933423914,-0.6582588527513586,-0.2493843410326087,-0.1842041015625,0.6930595066236414,0.6259765625,0.3499702785326087,0.0723876953125,0.6632133152173914,-0.0743408203125,0.71929931640625,0.1926216457201087,0.9783935546875,0.07207721212635869,-0.1389823581861413,0.134765625,0.87139892578125,-0.07617718240489131,-0.48150634765625,0.05389404296875,0.92156982421875,-0.2867537788722826,-0.03680419921875,0.2589058254076087
293,0.6859130859375,-0.65826416015625,-0.2493896484375,-0.1842041015625,0.69305419921875,0.6259765625,0.3499755859375,0.0723876953125,0.6632557744565217,-0.07414975373641304,0.71929931640625,0.1925314198369565,0.9783935546875,0.07208251953125,-0.13897705078125,0.134765625,0.87139892578125,-0.076171875,-0.48150634765625,0.05389404296875,0.9215087890625,-0.2869873046875,-0.03668212890625,0.2589111328125
294,0.6858732804008152,-0.65826416015625,-0.24942945397418478,-0.18424390709918478,0.6930754288383152,0.6259765625,0.34995435631793476,0.07236646569293478,0.6632292374320652,-0.0740966796875,0.71929931640625,0.19258449388586957,0.9783935546875,0.07187818444293478,-0.1390380859375,0.13472316576086957,0.87139892578125,-0.07631517493206522,-0.48146654211956524,0.053994883661684784,0.9215087890625,-0.28694749915081524,-0.03668212890625,0.25895093834918476
295,0.68585205078125,-0.65826416015625,-0.24945068359375,-0.18426513671875,0.69305419921875,0.6259765625,0.3499755859375,0.0723876953125,0.6632080078125,-0.07400114639945653,0.7193311608355978,0.19259510869565216,0.9783935546875,0.0718994140625,-0.1390380859375,0.134765625,0.87139892578125,-0.0762939453125,-0.4814453125,0.05401611328125,0.9215087890625,-0.286865234375,-0.0367431640625,0.25897216796875
296,0.6858759341032609,-0.6582402768342391,-0.24947456691576086,-0.18426513671875,0.69305419921875,0.6260137143342391,0.34993843410326086,0.0723876953125,0.6631841244904891,-0.07393745754076086,0.7193842348845109,0.19256591796875,0.9783935546875,0.07199760105298914,-0.138916015625,0.13478950832201086,0.87139892578125,-0.07613472316576086,-0.4814453125,0.05410103175951087,0.9215087890625,-0.28691300101902173,-0.03671928074048913,0.25899605129076086
297,0.6859130859375,-0.658203125,-0.24951171875,-0.18426513671875,0.69305419921875,0.6259765625,0.3499755859375,0.0723876953125,0.663162894870924,-0.07392684273097826,0.71942138671875,0.19256591796875,0.9783935546875,0.07196044921875,-0.13896378226902173,0.13479481572690216,0.87139892578125,-0.07615595278532608,-0.48147715692934784,0.054090416949728264,0.9215087890625,-0.286865234375,-0.03680419921875,0.25897216796875
298,0.6859130859375,-0.65814208984375,-0.249755859375,-0.1842041015625,0.69305419921875,0.6259765625,0.3499755859375,0.0723876953125,0.66302490234375,-0.07391357421875,0.71954345703125,0.19256591796875,0.9783935546875,0.0718994140625,-0.13885498046875,0.1348876953125,0.8714599609375,-0.07611083984375,-0.48138427734375,0.05413818359375,0.92144775390625,-0.286865234375,-0.03662109375,0.2591552734375
299,0.6859130859375,-0.65814208984375,-0.249755859375,-0.1842041015625,0.69305419921875,0.6259765625,0.3499755859375,0.0723876953125,0.66302490234375,-0.07391357421875,0.71954345703125,0.19256591796875,0.9783935546875,0.0718994140625,-0.13885498046875,0.1348876953125,0.8714599609375,-0.07611083984375,-0.48138427734375,0.05413818359375,0.9215087890625,-0.286865234375,-0.0367431640625,0.25897216796875
