timestep,imu0_w,imu0_x,imu0_y,imu0_z,imu1_w,imu1_x,imu1_y,imu1_z,imu2_w,imu2_x,imu2_y,imu2_z,imu3_w,imu3_x,imu3_y,imu3_z,imu4_w,imu4_x,imu4_y,imu4_z,imu5_w,imu5_x,imu5_y,imu5_z
0,0.9659423828125,-0.0421142578125,-0.16412353515625,-0.1954345703125,0.8739013671875,0.41650390625,-0.078857421875,-0.23779296875,0.16204833984375,0.42132568359375,-0.89215087890625,0.0146484375,0.2120361328125,0.4886474609375,-0.8350830078125,0.1370849609375,0.39129638671875,0.19708251953125,-0.89862060546875,0.02166748046875,0.26422119140625,0.1259765625,-0.953857421875,-0.066162109375
1,0.9659423828125,-0.0421142578125,-0.16412353515625,-0.1954345703125,0.873634976288148,0.41746291348766723,-0.07741891101849917,-0.2374732996707776,0.16204833984375,0.42132568359375,-0.89215087890625,0.0146484375,0.2120361328125,0.4886474609375,-0.8350830078125,0.1370849609375,0.390869140625,0.197265625,-0.89874267578125,0.02117919921875,0.26422119140625,0.1259765625,-0.953857421875,-0.066162109375
2,0.9658968616090092,-0.04152248216711957,-0.16453322598766723,-0.1953890491090092,0.8739148398306856,0.41696524221362874,-0.0770729090457776,-0.2374267578125,0.1621393822507316,0.42132568359375,-0.8921053577027592,0.0146484375,0.21233824662938963,0.48884608035900917,-0.8349619581547868,0.13676222989391723,0.39091466182849083,0.1973111462034908,-0.8986971545777592,0.021361284032713212,0.2639750094716764,0.1258855200930184,-0.9539339709840092,-0.06601309377612877
3,0.96588134765625,-0.04132080078125,-0.1646728515625,-0.19537353515625,0.873779296875,0.4176025390625,-0.07586669921875,-0.23712158203125,0.16217041015625,0.42132568359375,-0.89208984375,0.0146484375,0.21229782869983277,0.4889438590875836,-0.83489990234375,0.13671303433319398,0.39093017578125,0.19732666015625,-0.898681640625,0.02142333984375,0.26409912109375,0.1258544921875,-0.95391845703125,-0.0657958984375
4,0.96588134765625,-0.04126078627978679,-0.1647328660639632,-0.1954035424069816,0.8738393113764632,0.4175425245610368,-0.0758366919680184,-0.2370915747805184,0.1617421434077132,0.4214777611569816,-0.8921208716555183,0.01464741684521321,0.2122182176264632,0.4890436791257316,-0.8348698950930183,0.1366566941889632,0.3908101467783236,0.19732666015625,-0.8987416551264632,0.021573376097408028,0.2637318895014632,0.125732421875,-0.9540715552492683,-0.06573588393603678
5,0.96588134765625,-0.04119873046875,-0.164794921875,-0.1954345703125,0.87359619140625,0.41802978515625,-0.076416015625,-0.237060546875,0.16180419921875,0.4215087890625,-0.89208984375,0.01470947265625,0.21219127234009197,0.489007956208194,-0.834883367736204,0.13678550082305602,0.39068603515625,0.19732666015625,-0.8988037109375,0.021728515625,0.2637939453125,0.125732421875,-0.95404052734375,-0.065673828125
6,0.96575927734375,-0.04180908203125,-0.16485595703125,-0.19561767578125,0.87335205078125,0.41851806640625,-0.0760498046875,-0.23712158203125,0.1612548828125,0.4215087890625,-0.8922119140625,0.014404296875,0.21185302734375,0.4891357421875,-0.8349609375,0.1363525390625,0.39066011052466554,0.19762040460388797,-0.8987861556751672,0.02125166570861204,0.26361083984375,0.1256103515625,-0.9541015625,-0.0657958984375
7,0.96575927734375,-0.04180908203125,-0.16485595703125,-0.19561767578125,0.87322998046875,0.41888427734375,-0.0765380859375,-0.2366943359375,0.1612548828125,0.4215087890625,-0.8922119140625,0.014404296875,0.21160888671875,0.48895263671875,-0.83514404296875,0.13641357421875,0.390380859375,0.1973876953125,-0.89892578125,0.021484375,0.26361083984375,0.1256103515625,-0.9541015625,-0.0657958984375
8,0.96575927734375,-0.04162903852686037,-0.16497598603417643,-0.19573770478417643,0.8733500094716764,0.41870423383936034,-0.07647807143603678,-0.2366343214360368,0.16101482480664717,0.4214487745610368,-0.8922719285639632,0.01446431137646321,0.21172891572167643,0.4890726657216764,-0.8350240139658236,0.13653360322167643,0.3905008883779264,0.1974477098139632,-0.8988657667485368,0.021664418504389632,0.2634267137202132,0.12536416962792643,-0.9542236328125,-0.06555481977686037
9,0.96575927734375,-0.0416259765625,-0.16497802734375,-0.19573974609375,0.8732475357310828,0.41891020197533446,-0.07668608088158445,-0.23658104325616638,0.1610107421875,0.42144775390625,-0.89227294921875,0.01446533203125,0.21162644198108277,0.4889179344559992,-0.8351264877064172,0.13637887195599915,0.39031982421875,0.197265625,-0.89898681640625,0.02154541015625,0.263427734375,0.1253662109375,-0.9542236328125,-0.0655517578125
10,0.965714776795046,-0.041536975465091976,-0.16511152898986203,-0.19582874719115803,0.8733189815661581,0.418856311402592,-0.07658768976013797,-0.23648326452759197,0.16078823944397994,0.42131425226013797,-0.8923619503161581,0.014376330933841974,0.21174238836486203,0.488980602659908,-0.8350550418713419,0.136397039611204,0.39045332586486203,0.197310125548704,-0.898942315857546,0.021634411253658028,0.26331709539611203,0.125044500548704,-0.954301202576296,-0.06546275671509197
11,0.9656982421875,-0.04150390625,-0.1651611328125,-0.19586181640625,0.8733887943535744,0.4190437036214465,-0.07664831665447325,-0.2359357852999582,0.16070556640625,0.4212646484375,-0.89239501953125,0.01434326171875,0.21160827432587792,0.48916064616429766,-0.83502197265625,0.13626659992945234,0.39019775390625,0.19732666015625,-0.8990478515625,0.0216064453125,0.26336669921875,0.12506103515625,-0.95428466796875,-0.0654296875
12,0.9657272287834449,-0.04159086603783445,-0.16504518642872074,-0.19577485661841554,0.8733261261496655,0.41927641291283446,-0.07680815119408445,-0.23565367631688963,0.16022340908497074,0.42151185102686034,-0.8923919575668896,0.014041147901860368,0.21137087002247074,0.48917085271216554,-0.8351089324440845,0.13611146040186037,0.3900238343305811,0.19758753951975336,-0.8990478515625,0.021403539140886288,0.26312868252247074,0.12518616743311037,-0.9543136545646949,-0.06554563388377926
13,0.96575927734375,-0.04168701171875,-0.1649169921875,-0.1956787109375,0.8733998174252717,0.41941501783288043,-0.07639478600543478,-0.2352294921875,0.16009521484375,0.42144775390625,-0.8924560546875,0.01397705078125,0.21120021654211957,0.489265773607337,-0.8351413892663043,0.13587752632472827,0.38983154296875,0.1978759765625,-0.8990478515625,0.02117919921875,0.26300048828125,0.1251220703125,-0.954345703125,-0.065673828125
14,0.9657727499869356,-0.041525340000522576,-0.16493046483068563,-0.19562482036475753,0.8737721522914925,0.4193464298312082,-0.0755068163409281,-0.23431396484375,0.15990496479149247,0.42182110942725753,-0.8922864218619356,0.01377251156197742,0.2111879686846781,0.4895566602215719,-0.8350085000130644,0.1357072811062918,0.38981807032556437,0.1978759765625,-0.8990613242056856,0.021260035077863712,0.26287841796875,0.1254074453908863,-0.9543591757681856,-0.06587836734427258
15,0.9658203125,-0.04095458984375,-0.16497802734375,-0.1954345703125,0.8740234375,0.41937255859375,-0.07489013671875,-0.2333984375,0.16009521484375,0.421630859375,-0.892333984375,0.01434326171875,0.2113037109375,0.48956298828125,-0.8349609375,0.135986328125,0.3897705078125,0.1978759765625,-0.89910888671875,0.02154541015625,0.26287841796875,0.1251220703125,-0.95440673828125,-0.0653076171875
16,0.9658203125,-0.04095458984375,-0.16497802734375,-0.1954345703125,0.8740234375,0.41937255859375,-0.07489013671875,-0.2333984375,0.15974125176369147,0.421630859375,-0.8924519720683528,0.014166280178720736,0.2113037109375,0.48956298828125,-0.8349609375,0.135986328125,0.3897705078125,0.1978759765625,-0.89910888671875,0.02154541015625,0.26270143642872074,0.12506307646582357,-0.9544657321279264,-0.06524862334082358
17,0.9658203125,-0.04107666015625,-0.16497802734375,-0.19537353515625,0.8740648760843437,0.4196897781014841,-0.07494137358904682,-0.23280319162834448,0.15966796875,0.42156982421875,-0.8924560546875,0.0140380859375,0.2109864914297659,0.48945071625470316,-0.8350634112405937,0.1358642578125,0.38946533203125,0.19781494140625,-0.89923095703125,0.02142333984375,0.2626953125,0.125,-0.9544677734375,-0.06536865234375
18,0.9657768326060828,-0.04120709983800167,-0.1651519469194189,-0.19546049494408446,0.8740409927623328,0.41978224942516723,-0.07473377240541387,-0.232666015625,0.15945056928041387,0.42152634432483277,-0.8924995345814172,0.013951126149665552,0.21102445978783446,0.4895713576505017,-0.8350395279185828,0.1356903382368311,0.3896392516069189,0.19794538108800167,-0.8991439972434155,0.021336380055915552,0.26260835271216554,0.12486956031824832,-0.9545112533314172,-0.06528169255591555
19,0.96575927734375,-0.041259765625,-0.16522216796875,-0.19549560546875,0.8742377750052257,0.4197640817699624,-0.07468171901128763,-0.2319515572742475,0.15936279296875,0.4215087890625,-0.89251708984375,0.013916015625,0.21080950988973662,0.48951685468488715,-0.8351648643264005,0.13558439426996238,0.38922119140625,0.19775390625,-0.89935302734375,0.02142333984375,0.2625732421875,0.12481689453125,-0.95452880859375,-0.06524658203125
20,0.9657313114025919,-0.041371629389632104,-0.16522216796875,-0.19557950329222407,0.8743616824963419,0.4198506332958821,-0.07465109936768395,-0.23141734655884197,0.15866344030884197,0.42138161547606606,-0.8927332645275919,0.013865187016617894,0.21057639233643394,0.48952481579222407,-0.8352381473400919,0.1354472182666179,0.38922119140625,0.1978657700146321,-0.8993250614025919,0.02133944202027592,0.262173962034908,0.12468461767088211,-0.9546839481213419,-0.06517534032713211
21,0.9656982421875,-0.04150390625,-0.16522216796875,-0.1956787109375,0.8743488222460284,0.4200637460153637,-0.07456475197272157,-0.23110135183685201,0.15863037109375,0.42144775390625,-0.8927001953125,0.01373291015625,0.21026611328125,0.48956298828125,-0.8353271484375,0.13507080078125,0.38885498046875,0.19805908203125,-0.89947509765625,0.02117919921875,0.26220703125,0.12481689453125,-0.95465087890625,-0.0653076171875
22,0.9656982421875,-0.04150390625,-0.16522216796875,-0.19569116292589883,0.8743896484375,0.42023950276964883,-0.07452392578125,-0.23051733316785117,0.1580810546875,0.42139917073839883,-0.892822265625,0.01361083984375,0.21026611328125,0.48957544026964883,-0.8353146964491012,0.13507080078125,0.38885498046875,0.19807153401964883,-0.8994626456678512,0.021191651207148828,0.26202392578125,0.12470727620714883,-0.9547119140625,-0.065185546875
23,0.9656982421875,-0.04150390625,-0.16522216796875,-0.19573974609375,0.8744178185096154,0.4202693058894231,-0.07450514573317307,-0.23039832481971154,0.1580810546875,0.42144775390625,-0.892822265625,0.01361083984375,0.210205078125,0.48980712890625,-0.835205078125,0.13519287109375,0.388671875,0.19830322265625,-0.89947509765625,0.0213623046875,0.26202392578125,0.124755859375,-0.9547119140625,-0.065185546875
24,0.9656982421875,-0.04150390625,-0.16522216796875,-0.19573974609375,0.874755859375,0.4200439453125,-0.07427978515625,-0.22955322265625,0.15802308149561037,0.42156370029002926,-0.8927642924331104,0.013726786227529264,0.210205078125,0.48980712890625,-0.835205078125,0.13519287109375,0.388671875,0.19830322265625,-0.89947509765625,0.0213623046875,0.26231379174069813,0.12469788618311037,-0.9546539408706104,-0.06489568091555184
25,0.96575927734375,-0.04168701171875,-0.1650390625,-0.1956787109375,0.8749853025710702,0.4199867886444398,-0.07440185546875,-0.22881079836433946,0.1578369140625,0.4215087890625,-0.892822265625,0.01361083984375,0.21014404296875,0.4898681640625,-0.83514404296875,0.13543701171875,0.38873291015625,0.1982421875,-0.89947509765625,0.0216064453125,0.26214599609375,0.1246337890625,-0.9547119140625,-0.06512451171875
26,0.9658017365828805,-0.04202668563179348,-0.16461447010869565,-0.19559379245923914,0.8748487389605978,0.4203464673913043,-0.07469907014266304,-0.2286376953125,0.1574972401494565,0.42146632982336957,-0.8929071841032609,0.013483462126358696,0.20967699133831522,0.4897407863451087,-0.8353563391644022,0.13526717476222827,0.3883507770040761,0.1982421875,-0.8996449346127717,0.021224312160326088,0.2620186183763587,0.12467624830163043,-0.9547119140625,-0.06537926715353261
27,0.9658203125,-0.04217529296875,-0.1644287109375,-0.195556640625,0.8749293706887542,0.4204281197742475,-0.07448207893499163,-0.2282559704222408,0.1573486328125,0.42144775390625,-0.8929443359375,0.013427734375,0.2095947265625,0.48992919921875,-0.83526611328125,0.135009765625,0.388427734375,0.19842529296875,-0.89959716796875,0.0211181640625,0.261962890625,0.12469482421875,-0.9547119140625,-0.06549072265625
28,0.9658472577863713,-0.04198667596415134,-0.1644287109375,-0.19552969533862877,0.8751418710153637,0.4201874493755226,-0.07429958585911371,-0.22793936330737877,0.15731454294262123,0.42148184377612874,-0.8929443359375,0.01337221075459866,0.20964861713524247,0.48987530864600753,-0.83526611328125,0.13519838262959866,0.388427734375,0.19837140239600753,-0.89959716796875,0.021279835780727424,0.261962890625,0.12472891408862877,-0.9546778241926213,-0.06548521112040134
29,0.96588134765625,-0.041748046875,-0.1644287109375,-0.19549560546875,0.8753592704849499,0.4200212867762333,-0.07411403081887541,-0.22750231892767558,0.1573486328125,0.42144775390625,-0.8929443359375,0.01361083984375,0.2095947265625,0.48992919921875,-0.83526611328125,0.1351318359375,0.38836669921875,0.1983642578125,-0.89959716796875,0.0213623046875,0.261962890625,0.12469482421875,-0.9547119140625,-0.06524658203125
30,0.96588134765625,-0.041748046875,-0.1644287109375,-0.19549560546875,0.8756103515625,0.42010498046875,-0.073486328125,-0.22662353515625,0.156982421875,0.42138671875,-0.89300537109375,0.01348876953125,0.2095947265625,0.48992919921875,-0.83526611328125,0.1351318359375,0.38836669921875,0.1983642578125,-0.89959716796875,0.0213623046875,0.26171875,0.1246337890625,-0.95477294921875,-0.06524658203125
31,0.96588134765625,-0.041748046875,-0.1644287109375,-0.19549560546875,0.8756066772052675,0.4201417240410744,-0.07347163069607024,-0.22656474544053093,0.156982421875,0.42138671875,-0.89300537109375,0.01348876953125,0.209228515625,0.4898681640625,-0.83544921875,0.1348876953125,0.3880615234375,0.198486328125,-0.89971923828125,0.02117919921875,0.26171875,0.1246337890625,-0.95477294921875,-0.06524658203125
32,0.9658243951191472,-0.04191890448630853,-0.1645426160117057,-0.19549560546875,0.8754923638691472,0.42082923710545567,-0.07307132988869147,-0.22570392519335283,0.15641289650397158,0.42127281367579433,-0.8931762287050585,0.013033149234427256,0.20928546816210283,0.48992511659960286,-0.83544921875,0.13465988516408864,0.38817542851170567,0.19854328066210283,-0.8996622857441472,0.021008341607441472,0.26160484492579433,0.12469074159960285,-0.9548299017558528,-0.06536048710545568
33,0.9658203125,-0.04193115234375,-0.16455078125,-0.19549560546875,0.87548828125,0.42083740234375,-0.07305908203125,-0.2257080078125,0.1563720703125,0.4212646484375,-0.8931884765625,0.01300048828125,0.20899437741691054,0.49007678590091974,-0.83544921875,0.1342991857624373,0.38775634765625,0.1988525390625,-0.8997802734375,0.0208740234375,0.2615966796875,0.12469482421875,-0.954833984375,-0.06536865234375
34,0.9658617510843437,-0.04188971375940635,-0.16450934266565637,-0.19545416688440637,0.87579345703125,0.42110113954065637,-0.0719212560749373,-0.22442626953125,0.15583336871603262,0.42134752560618727,-0.8932713537311873,0.012751856775188128,0.20892333984375,0.49007086610315637,-0.8354906573343437,0.13425774717809363,0.38771490907190637,0.1987696618938127,-0.8998217120218437,0.020915462021843644,0.2613894867657818,0.12473626280309365,-0.9548754229593437,-0.06536865234375
35,0.96588134765625,-0.0418701171875,-0.16448974609375,-0.1954345703125,0.8759618650710702,0.4212836326165343,-0.0710847274116848,-0.22365159254807693,0.15557861328125,0.42138671875,-0.893310546875,0.01263427734375,0.20867919921875,0.4906005859375,-0.8353271484375,0.13385009765625,0.38751220703125,0.19927978515625,-0.8997802734375,0.02081298828125,0.26129150390625,0.124755859375,-0.95489501953125,-0.06536865234375
36,0.9659072722878345,-0.041792343292746656,-0.1644378968305811,-0.19540864568091554,0.8761245574440845,0.42142182927466554,-0.07045130905100334,-0.22299653630591554,0.15482026677466554,0.42148286443091554,-0.8933975066628345,0.012127624307587794,0.20865327458716554,0.4905487366743311,-0.8353271484375,0.1339537961825878,0.3874603577680811,0.1992279358930811,-0.8998061980690845,0.020864837544418896,0.2611175843305811,0.12485200505591555,-0.9549209441628345,-0.0653168030805811
37,0.9659423828125,-0.04168701171875,-0.16436767578125,-0.19537353515625,0.8761778356239549,0.4216592335780727,-0.0700842815896739,-0.22254356971153846,0.15478515625,0.42144775390625,-0.8934326171875,0.01226806640625,0.2083740234375,0.4908447265625,-0.8353271484375,0.13348388671875,0.38714599609375,0.19964599609375,-0.89984130859375,0.02069091796875,0.26104736328125,0.12481689453125,-0.9549560546875,-0.06524658203125
38,0.9659423828125,-0.04150390625,-0.16436767578125,-0.19525146484375,0.87628173828125,0.422119140625,-0.069091796875,-0.22161865234375,0.15399169921875,0.42144775390625,-0.8935546875,0.01165771484375,0.20843505859375,0.49072265625,-0.8353271484375,0.13360595703125,0.38714599609375,0.199462890625,-0.89990234375,0.0208740234375,0.2606201171875,0.1248779296875,-0.95501708984375,-0.0654296875
39,0.9659423828125,-0.04150390625,-0.16436767578125,-0.19525146484375,0.8762896993885869,0.42214037024456524,-0.06902810801630434,-0.22156557829483695,0.15399169921875,0.42144775390625,-0.8935546875,0.01165771484375,0.2080078125,0.4912109375,-0.8353271484375,0.1326904296875,0.38677978515625,0.2001953125,-0.89990234375,0.02032470703125,0.2606201171875,0.1248779296875,-0.95501708984375,-0.0654296875
40,0.965998314694816,-0.04094458742683947,-0.16453547142819816,-0.19508366919680184,0.8766885712792643,0.4220481030518395,-0.06773881688963211,-0.22045388110106606,0.15376797168948578,0.4213358901416179,-0.893610619382316,0.011769578608382106,0.20839933567621238,0.4909872099707358,-0.835271216555184,0.13313788474602842,0.38694758080319813,0.19991565308841974,-0.89990234375,0.020828093972094477,0.2605082534228679,0.12482199780518395,-0.9551289536083821,-0.06515002808841973
41,0.96600341796875,-0.0408935546875,-0.16455078125,-0.195068359375,0.876708984375,0.4219970703125,-0.0677490234375,-0.220458984375,0.15374755859375,0.42132568359375,-0.89361572265625,0.01177978515625,0.2081298828125,0.4910888671875,-0.8353271484375,0.13275146484375,0.38665771484375,0.2000732421875,-0.89996337890625,0.0206298828125,0.260498046875,0.12481689453125,-0.95513916015625,-0.06512451171875
42,0.96600341796875,-0.04097439054661371,-0.16442952746132944,-0.19510877730455686,0.8767906367579431,0.42236246472617056,-0.06728054289036371,-0.21956407425794314,0.15346463308685201,0.4212448477346363,-0.8937369764449206,0.011739367226693144,0.20800862902382944,0.49112928511705684,-0.8353675663670569,0.13271104691419314,0.38653646105507944,0.2001540780466137,-0.9000037968358069,0.020589464882943144,0.2604172110158863,0.12477647660169315,-0.95513916015625,-0.06504367585963629
43,0.96600341796875,-0.041015625,-0.16436767578125,-0.19512939453125,0.87677001953125,0.42242431640625,-0.06732177734375,-0.21954345703125,0.1533203125,0.42120361328125,-0.893798828125,0.01171875,0.20782470703125,0.49114990234375,-0.83538818359375,0.13287353515625,0.38641357421875,0.20013427734375,-0.90008544921875,0.0208740234375,0.2603759765625,0.124755859375,-0.95513916015625,-0.06500244140625
44,0.9660283219455477,-0.04121485681438127,-0.16421825192046405,-0.19510449055445234,0.8768896402722617,0.42237940759563125,-0.06800684083664298,-0.21892187826609533,0.15293797521686872,0.42111767414820234,-0.8939096712348453,0.011752431607964048,0.20765037919366638,0.49112499836695234,-0.835462895524143,0.13272411129546405,0.3862641503579641,0.20013427734375,-0.9001352571723453,0.02067479162311873,0.2603261686089047,0.12473095539820234,-0.9551640641330477,-0.06510205731344064
45,0.966064453125,-0.04150390625,-0.16400146484375,-0.195068359375,0.8768461603783445,0.4225484280283236,-0.068115234375,-0.21870264161789296,0.15264892578125,0.42108154296875,-0.89398193359375,0.01153564453125,0.20721435546875,0.4912109375,-0.83551025390625,0.1324462890625,0.38592529296875,0.200439453125,-0.90020751953125,0.0205078125,0.26025390625,0.12469482421875,-0.9552001953125,-0.06524658203125
46,0.96612548828125,-0.04150390625,-0.16375732421875,-0.19488525390625,0.87713623046875,0.42230224609375,-0.06842041015625,-0.218017578125,0.152099609375,0.42108154296875,-0.89410400390625,0.01123046875,0.20703125,0.49102783203125,-0.835693359375,0.13250732421875,0.3857421875,0.20025634765625,-0.90032958984375,0.02044677734375,0.260009765625,0.12493896484375,-0.9552001953125,-0.0654296875
47,0.96612548828125,-0.04150390625,-0.16375732421875,-0.19488525390625,0.8771394965640678,0.42230224609375,-0.06840897882263795,-0.21800614679138797,0.152099609375,0.42108154296875,-0.89410400390625,0.01123046875,0.20697021484375,0.49151611328125,-0.83551025390625,0.1319580078125,0.3857421875,0.20086669921875,-0.90020751953125,0.02001953125,0.260009765625,0.12493896484375,-0.9552001953125,-0.0654296875
48,0.9661803995087793,-0.04106461642976589,-0.1635925905361622,-0.19477543145119147,0.8774230344638378,0.4219727787285744,-0.06832263142767558,-0.21753542080372074,0.15177014200982442,0.42097172051369147,-0.8941589151337793,0.011120646294941472,0.20697021484375,0.4913513795986622,-0.83551025390625,0.1323972976327341,0.38563236504494147,0.20064705430863294,-0.9003173419863085,0.020458821070234112,0.25979012071488294,0.12504878729880853,-0.9552551065400293,-0.06537477627247074
49,0.9661865234375,-0.041015625,-0.16357421875,-0.19476318359375,0.87744140625,0.42193603515625,-0.068359375,-0.217529296875,0.1517333984375,0.42095947265625,-0.8941650390625,0.0111083984375,0.20697021484375,0.4915771484375,-0.83551025390625,0.13189697265625,0.385498046875,0.2008056640625,-0.90032958984375,0.02020263671875,0.259765625,0.12506103515625,-0.95526123046875,-0.06536865234375
50,0.9661865234375,-0.040976227725229936,-0.16353482147522994,-0.19484197814329013,0.8777249441497701,0.42169189453125,-0.06797152618102006,-0.2169228238006898,0.15153641206364968,0.42088067810670987,-0.8942438336120402,0.011029603887959866,0.20693081756897994,0.4916165457122701,-0.8354708566314799,0.13197576720579013,0.3854586496002299,0.20088445861204013,-0.90032958984375,0.020242033993520068,0.2596474331756898,0.12510043243102006,-0.9553006277435201,-0.06528985779420987
51,0.9661865234375,-0.04095458984375,-0.16351318359375,-0.19488525390625,0.87774658203125,0.42169189453125,-0.0679931640625,-0.21685791015625,0.15142822265625,0.42083740234375,-0.894287109375,0.010986328125,0.2069091796875,0.491455078125,-0.8355712890625,0.13189697265625,0.3853759765625,0.20074462890625,-0.900390625,0.02020263671875,0.25958251953125,0.1251220703125,-0.955322265625,-0.06524658203125
52,0.96612548828125,-0.041259765625,-0.16339111328125,-0.195068359375,0.87762451171875,0.422119140625,-0.0679931640625,-0.216552734375,0.1510009765625,0.42071533203125,-0.8944091796875,0.0106201171875,0.2066650390625,0.49163818359375,-0.8355712890625,0.13165283203125,0.38525390625,0.20098876953125,-0.900390625,0.01995849609375,0.25933837890625,0.1251220703125,-0.95538330078125,-0.0655517578125
53,0.96612548828125,-0.041259765625,-0.16339111328125,-0.195068359375,0.87762451171875,0.422119140625,-0.0679931640625,-0.216552734375,0.1510009765625,0.42071533203125,-0.8944091796875,0.0106201171875,0.20648193359375,0.491455078125,-0.83575439453125,0.1314697265625,0.38507080078125,0.20086669921875,-0.9005126953125,0.01983642578125,0.25933837890625,0.1251220703125,-0.95538330078125,-0.0655517578125
54,0.96612548828125,-0.04107666015625,-0.16357421875,-0.1951904296875,0.87786865234375,0.4217529296875,-0.06805419921875,-0.216064453125,0.151123046875,0.420654296875,-0.89447021484375,0.01055908203125,0.2066650390625,0.49156040969899667,-0.8356406935880016,0.1315583193979933,0.38519287109375,0.200927734375,-0.90045166015625,0.02001953125,0.25933837890625,0.12518310546875,-0.955322265625,-0.06549072265625
55,0.96612548828125,-0.04107666015625,-0.16357421875,-0.1951904296875,0.87786865234375,0.4217529296875,-0.06805419921875,-0.216064453125,0.151123046875,0.420654296875,-0.89447021484375,0.01055908203125,0.2066650390625,0.491455078125,-0.835693359375,0.13134765625,0.38519287109375,0.200927734375,-0.90045166015625,0.01971435546875,0.25933837890625,0.12518310546875,-0.955322265625,-0.06549072265625
56,0.96612548828125,-0.040861097865280104,-0.16362810932274247,-0.1951904296875,0.8780374686454849,0.42159125796927255,-0.0684814453125,-0.21576642192725753,0.15117693744774247,0.42070818744774247,-0.8944163242710075,0.01055908203125,0.20677282020798496,0.491455078125,-0.8356394688022575,0.13150932796822742,0.38524676166649247,0.20087384380225753,-0.9003977695835075,0.0199299177597199,0.25933837890625,0.12523699604149247,-0.955322265625,-0.06543683208350752
57,0.96612548828125,-0.04083251953125,-0.16363525390625,-0.1951904296875,0.8780517578125,0.42156982421875,-0.0684814453125,-0.21575927734375,0.15118408203125,0.42071533203125,-0.8944091796875,0.01055908203125,0.20684814453125,0.4915771484375,-0.8355712890625,0.13128662109375,0.38525390625,0.200927734375,-0.900390625,0.01971435546875,0.25933837890625,0.125244140625,-0.955322265625,-0.0654296875
58,0.96612548828125,-0.04064063643133361,-0.16371200714621656,-0.1951904296875,0.8781668876724499,0.4213169059625836,-0.068359375,-0.21572090072376673,0.15137596513116638,0.42071533203125,-0.8943708030675167,0.010597458651233278,0.20696327439119983,0.4915771484375,-0.8355329124425167,0.13144012757368312,0.38533065948996653,0.20088935775501673,-0.900390625,0.019906238568666388,0.2593767555262333,0.12520576400501673,-0.955322265625,-0.06531455764005016
59,0.96612548828125,-0.04052734375,-0.16375732421875,-0.1951904296875,0.87823486328125,0.42120361328125,-0.068359375,-0.2156982421875,0.1514892578125,0.42071533203125,-0.89434814453125,0.0106201171875,0.20709228515625,0.49151611328125,-0.83551025390625,0.1314697265625,0.3853759765625,0.20062255859375,-0.900390625,0.02008056640625,0.2593994140625,0.12518310546875,-0.955322265625,-0.06524658203125
60,0.966064453125,-0.040771484375,-0.16363525390625,-0.1954345703125,0.87799072265625,0.42169189453125,-0.0684814453125,-0.2158203125,0.1513671875,0.42059326171875,-0.8944091796875,0.010498046875,0.2069091796875,0.49176025390625,-0.83551025390625,0.13134765625,0.38525390625,0.200927734375,-0.900390625,0.0198974609375,0.2593841042406982,0.12532824257943143,-0.955322265625,-0.06544499732180184
61,0.966064453125,-0.040771484375,-0.16363525390625,-0.1954345703125,0.87799072265625,0.42169189453125,-0.0684814453125,-0.2158203125,0.1513671875,0.42059326171875,-0.8944091796875,0.010498046875,0.20697021484375,0.4913330078125,-0.835693359375,0.1314697265625,0.38525390625,0.20050048828125,-0.9005126953125,0.01983642578125,0.25946044921875,0.12506103515625,-0.955322265625,-0.06536865234375
62,0.96600341796875,-0.04083251953125,-0.16363525390625,-0.19561767578125,0.87786865234375,0.4219970703125,-0.06817626953125,-0.2158203125,0.1513671875,0.4205322265625,-0.89447021484375,0.01043701171875,0.2069091796875,0.4914330319816054,-0.8356470216476798,0.13138664526285534,0.38525390625,0.20068359375,-0.90045166015625,0.01983642578125,0.25927734375,0.1251220703125,-0.95538330078125,-0.06549072265625
63,0.96600341796875,-0.04083251953125,-0.16363525390625,-0.19561767578125,0.87786865234375,0.4219970703125,-0.06817626953125,-0.2158203125,0.1513671875,0.4205322265625,-0.89447021484375,0.01043701171875,0.2069091796875,0.49127197265625,-0.83575439453125,0.1312255859375,0.3851932793556647,0.20062296685566472,-0.9005122870505853,0.019593918203908864,0.25927734375,0.1251220703125,-0.95538330078125,-0.06549072265625
64,0.96600341796875,-0.04051530002351589,-0.16374099374216136,-0.1955648058632943,0.8777912867109113,0.4221070968985159,-0.0673828125,-0.2158895128945443,0.15152579725386706,0.4204264867265886,-0.89447021484375,0.010489881636705686,0.20712065935932275,0.49121910273829433,-0.8357015246132943,0.13148993552727842,0.3852986109296614,0.20046394883988294,-0.9004598253945443,0.019856634746028428,0.25933021366795567,0.1250692003945443,-0.95538330078125,-0.06527924298442726
65,0.96600341796875,-0.04046630859375,-0.16375732421875,-0.195556640625,0.8778076171875,0.42205810546875,-0.0673828125,-0.21588134765625,0.15155029296875,0.42041015625,-0.89447021484375,0.010498046875,0.20709228515625,0.49127197265625,-0.835693359375,0.13134765625,0.38525390625,0.20062255859375,-0.90045166015625,0.0198974609375,0.25933837890625,0.12506103515625,-0.95538330078125,-0.06524658203125
66,0.9660407739339465,-0.04046630859375,-0.16364525632316054,-0.195481928694607,0.8779296875,0.4222175317464465,-0.06649463870453595,-0.2156135278401965,0.15143822507316054,0.4204475122151965,-0.89447021484375,0.010535402840196488,0.207017573225857,0.491197260725857,-0.835768071305393,0.1313850122151965,0.385179194319607,0.200547846663357,-0.900526372086643,0.019860104972303512,0.259188955045464,0.12506103515625,-0.9554206567464465,-0.0652839379964465
67,0.966064453125,-0.04046630859375,-0.16357421875,-0.1954345703125,0.8779296875,0.4222412109375,-0.06658935546875,-0.21563720703125,0.1513671875,0.42047119140625,-0.89447021484375,0.01055908203125,0.20697021484375,0.4913330078125,-0.835693359375,0.13134765625,0.38507080078125,0.20062255859375,-0.90057373046875,0.01983642578125,0.25909423828125,0.12506103515625,-0.9554443359375,-0.0653076171875
68,0.9660862951374373,-0.04046630859375,-0.1635305347251254,-0.1954345703125,0.8777247400188127,0.42244615841868727,-0.06693821527487458,-0.2158203125,0.1509572925376254,0.42047119140625,-0.8945530920124373,0.01055908203125,0.20683916276912626,0.4913330078125,-0.8357370433998745,0.1313039722251254,0.3850271167563754,0.20062255859375,-0.9005955724811873,0.01983642578125,0.25902871224393814,0.1251047191811246,-0.9554661779499373,-0.06524209115018813
69,0.96612548828125,-0.04046630859375,-0.1634521484375,-0.1954345703125,0.877685546875,0.4224853515625,-0.0670166015625,-0.2158203125,0.15087890625,0.42047119140625,-0.89459228515625,0.01055908203125,0.20660400390625,0.4913330078125,-0.8358154296875,0.1312255859375,0.3846435546875,0.20074462890625,-0.90069580078125,0.01971435546875,0.2589111328125,0.12518310546875,-0.95550537109375,-0.06512451171875
70,0.96612548828125,-0.04048529277278428,-0.1634521484375,-0.1954408983721781,0.877740253971572,0.4223759373693562,-0.0673154492840719,-0.21588134765625,0.1505063672528219,0.4204164843096781,-0.8946533203125,0.010295957227215722,0.20657236360785955,0.4913456639318562,-0.835821757747178,0.13116230534071907,0.3846435546875,0.2007572850256062,-0.90069580078125,0.019701699349393816,0.2588794925141095,0.1251894335284281,-0.955511699153428,-0.06516880813649664
71,0.96612548828125,-0.0406494140625,-0.1634521484375,-0.19549560546875,0.877685546875,0.4224853515625,-0.0672607421875,-0.21588134765625,0.15045166015625,0.42047119140625,-0.8946533203125,0.0101318359375,0.206298828125,0.491455078125,-0.83587646484375,0.130615234375,0.384405129729306,0.2009263054582985,-0.9007554070207985,0.019234647718959025,0.25860595703125,0.125244140625,-0.95556640625,-0.0655517578125
72,0.9660736390180811,-0.04033831848348662,-0.16371139475334448,-0.1955993039950878,0.8778410946645067,0.4221742559834866,-0.0672088929243311,-0.2157776491299122,0.1505553586825878,0.4203674928799122,-0.8947051695756689,0.0101318359375,0.20660992370401338,0.4915587766513378,-0.8357209170542433,0.13082263142767558,0.3846068111151756,0.2009795836381689,-0.9006531374111622,0.01958901906093228,0.2588133540839256,0.1253478391513378,-0.9555145569868311,-0.06518881297031773
73,0.966064453125,-0.040283203125,-0.16375732421875,-0.19561767578125,0.87786865234375,0.422119140625,-0.06719970703125,-0.21575927734375,0.15057373046875,0.42034912109375,-0.89471435546875,0.0101318359375,0.20654296875,0.491455078125,-0.83587646484375,0.130615234375,0.3845994624007107,0.2008564926708821,-0.9007229501985786,0.0196533203125,0.2586669921875,0.125244140625,-0.95556640625,-0.06512451171875
74,0.9660281178145903,-0.0404285443666388,-0.1636846535979306,-0.1956540110916597,0.8777959817229306,0.4223008171770485,-0.06719970703125,-0.2157229420333403,0.1504647245375209,0.4203127857833403,-0.89471435546875,0.0101681712479097,0.2064339628187709,0.4914187428145903,-0.8359128001541597,0.1306515696854097,0.3845098489104306,0.2008783346833194,-0.9007568359375,0.0195079790708612,0.2586669921875,0.125244140625,-0.95556640625,-0.0651608470291597
75,0.96600341796875,-0.04052734375,-0.16363525390625,-0.1956787109375,0.87774658203125,0.42242431640625,-0.06719970703125,-0.2156982421875,0.150390625,0.4202880859375,-0.89471435546875,0.01019287109375,0.20635986328125,0.49139404296875,-0.8359375,0.13067626953125,0.3844890275527801,0.2008705777069398,-0.9007568359375,0.0195520713576505,0.2586669921875,0.125244140625,-0.95556640625,-0.065185546875
76,0.9660242393264005,-0.040631450538252505,-0.16355196847564799,-0.1956578895798495,0.87774658203125,0.42242431640625,-0.067282992461852,-0.215656599472199,0.150348982284699,0.4202672645798495,-0.8947351768264005,0.0102136924514005,0.20627657785064799,0.491352400253449,-0.8359583213576505,0.1306970908889005,0.384438198944398,0.2008056640625,-0.900798478652801,0.019610248680497495,0.2586669921875,0.1252233192673495,-0.95556640625,-0.06522718959030101
77,0.966064453125,-0.04083251953125,-0.16339111328125,-0.19561767578125,0.87774658203125,0.42242431640625,-0.06744384765625,-0.215576171875,0.1502685546875,0.42022705078125,-0.894775390625,0.01025390625,0.20611572265625,0.49127197265625,-0.83599853515625,0.1307373046875,0.38431653689381273,0.2007925996812291,-0.9008658418687291,0.019435308450041808,0.2586669921875,0.12518310546875,-0.95556640625,-0.0653076171875
78,0.966064453125,-0.04084313434103261,-0.16337519106657608,-0.19561767578125,0.8777412746263586,0.4223738960597826,-0.06775963824728261,-0.215576171875,0.1502632472826087,0.42022705078125,-0.894775390625,0.01025390625,0.20609980044157608,0.4912666652513587,-0.8360091499660326,0.1307426120923913,0.3844445270040761,0.20074462890625,-0.9008231784986414,0.019525942595108696,0.2586669921875,0.12519372027853262,-0.9555610988451086,-0.06531292459239131
79,0.966064453125,-0.04095458984375,-0.1632080078125,-0.19561767578125,0.877685546875,0.4224853515625,-0.06787109375,-0.215576171875,0.15020751953125,0.42022705078125,-0.894775390625,0.01025390625,0.2059326171875,0.4912109375,-0.83612060546875,0.13079833984375,0.38427734375,0.20074462890625,-0.90087890625,0.01947021484375,0.2586669921875,0.12530517578125,-0.95550537109375,-0.06536865234375
80,0.9661152817333821,-0.04095458984375,-0.16305552198735368,-0.19551601856448578,0.8777363754833821,0.4223836943457358,-0.06817606540029264,-0.21537285744147158,0.14995337648933946,0.4202778793896321,-0.8948262192333821,0.010152249033235788,0.20572930275397158,0.4913634233251463,-0.83612060546875,0.13054419680183946,0.3841248579248537,0.20082607715823578,-0.9009195283105143,0.0194091796875,0.2585145063623537,0.1252543471728679,-0.9555561997021321,-0.06541948095213211
81,0.96612548828125,-0.04095458984375,-0.16302490234375,-0.19549560546875,0.87774658203125,0.42236328125,-0.0682373046875,-0.21533203125,0.14990234375,0.4202880859375,-0.89483642578125,0.0101318359375,0.2056884765625,0.49139404296875,-0.83612060546875,0.1304931640625,0.38409423828125,0.2008056640625,-0.90093994140625,0.0194091796875,0.25830078125,0.1256103515625,-0.95556640625,-0.065673828125
82,0.9661608029368729,-0.04077801656563545,-0.16309553165499582,-0.1954602908131271,0.8778172113424958,0.4223279665943771,-0.06813136072063126,-0.21522608728313128,0.14983171443875418,0.4203234005931229,-0.8948011111256271,0.010061206626254178,0.2056531619068771,0.4914646722799958,-0.83612060546875,0.13035190544000835,0.3839817621237458,0.20122331600125418,-0.9009046267506271,0.01915850687186455,0.25819483728313125,0.12571629552936872,-0.95556640625,-0.06570914278062291
83,0.9661865234375,-0.0406494140625,-0.16314697265625,-0.1954345703125,0.87786865234375,0.42230224609375,-0.06805419921875,-0.21514892578125,0.1497802734375,0.42034912109375,-0.894775390625,0.010009765625,0.20562744140625,0.49151611328125,-0.83612060546875,0.1302490234375,0.3839505300872701,0.20128210571697325,-0.90087890625,0.019149320978783444,0.25811767578125,0.12579345703125,-0.95556640625,-0.06573486328125
84,0.9661865234375,-0.04057021125104515,-0.1631667733591137,-0.1954147696096363,0.8778884530466137,0.4222428439851589,-0.06803439851588629,-0.21518852718697742,0.14972087132890888,0.4203293203908863,-0.8947951913278637,0.010069167733591134,0.2056076407033863,0.49151611328125,-0.83612060546875,0.1302688241403637,0.3838698983591137,0.20137641421927258,-0.90087890625,0.019041335702341136,0.2580978750783863,0.12583305843697742,-0.95556640625,-0.06567546117265886
85,0.9661865234375,-0.0404052734375,-0.1632080078125,-0.19537353515625,0.8779296875,0.422119140625,-0.0679931640625,-0.21527099609375,0.14959716796875,0.4202880859375,-0.89483642578125,0.01019287109375,0.20556640625,0.49151611328125,-0.83612060546875,0.13031005859375,0.3838990890860159,0.20133007649195234,-0.90087890625,0.019177082788984112,0.258056640625,0.12591552734375,-0.95556640625,-0.0655517578125
86,0.9661865234375,-0.040435280688231594,-0.16318657406197742,-0.19537782190635453,0.877921113999791,0.42214057437552255,-0.06801888456312707,-0.21525384909333195,0.14955858721780937,0.4202837991873955,-0.8948492860315636,0.010175724093331949,0.20552353874895488,0.4915118265311455,-0.8361334657190636,0.13029291159333195,0.38383295065583195,0.20148562428145902,-0.900887479750209,0.01919606696801841,0.25803520687447745,0.12593267434416805,-0.9555706930001046,-0.06557319156302256
87,0.9661865234375,-0.04083251953125,-0.16290283203125,-0.1954345703125,0.8778076171875,0.42242431640625,-0.068359375,-0.21502685546875,0.1490478515625,0.42022705078125,-0.89501953125,0.00994873046875,0.2049560546875,0.491455078125,-0.8363037109375,0.13006591796875,0.38360595703125,0.20159912109375,-0.9010009765625,0.018798828125,0.25775146484375,0.12615966796875,-0.95562744140625,-0.06585693359375
88,0.9661865234375,-0.04103175134563127,-0.16280321612405937,-0.19538476235890467,0.8777578092339047,0.42262354822063125,-0.06830956704640469,-0.21497704751515467,0.14879881179452342,0.4201772428276547,-0.8950693392035953,0.009799306607964048,0.2046572069659281,0.491455078125,-0.836453134798286,0.12971726229358277,0.38332323565530935,0.20159912109375,-0.9011118196723453,0.01866063146686873,0.2577016568901547,0.12615966796875,-0.95562744140625,-0.06605616540813126
89,0.9661865234375,-0.04107666015625,-0.16278076171875,-0.19537353515625,0.87774658203125,0.42266845703125,-0.06829833984375,-0.2149658203125,0.14874267578125,0.420166015625,-0.89508056640625,0.009765625,0.20458984375,0.491455078125,-0.83648681640625,0.129638671875,0.38330078125,0.20159912109375,-0.901123046875,0.01861572265625,0.257568359375,0.12640380859375,-0.95562744140625,-0.06610107421875
90,0.9662208174383361,-0.04090519015206939,-0.16278076171875,-0.19533924115541387,0.8778837580345945,0.42242839902539714,-0.06816116384040552,-0.21489723231082775,0.14863979377874165,0.420166015625,-0.89508056640625,0.009971389005016727,0.20455554974916387,0.4914207841241639,-0.83648681640625,0.12984443588001673,0.38311767578125,0.20171363856082775,-0.9011573408758361,0.018604087191680607,0.2575340653741639,0.12633522059207775,-0.9556617354070861,-0.06592960421456939
91,0.96624755859375,-0.040771484375,-0.16278076171875,-0.1953125,0.87799072265625,0.4222412109375,-0.06805419921875,-0.21484375,0.1485595703125,0.420166015625,-0.89508056640625,0.0101318359375,0.20452880859375,0.49139404296875,-0.83648681640625,0.1300048828125,0.38311767578125,0.20166015625,-0.90118408203125,0.01873779296875,0.25750732421875,0.1263427734375,-0.9556884765625,-0.065673828125
92,0.96624755859375,-0.04086538461538463,-0.16268686147836536,-0.1953125,0.8779343825120193,0.42233511117788464,-0.06807297926682693,-0.21484375,0.1484844501201923,0.4201472355769231,-0.8951181265024039,0.010094275841346149,0.2044536884014423,0.4913752629206731,-0.8365243765024039,0.12998610276442307,0.38302377554086536,0.20163668118990385,-0.9012216421274039,0.018826998197115374,0.25741342397836536,0.12636155348557693,-0.9557072566105769,-0.06578650841346155
93,0.96624755859375,-0.04107666015625,-0.1624755859375,-0.1953125,0.8778076171875,0.42254638671875,-0.068115234375,-0.21484375,0.1483154296875,0.42010498046875,-0.89520263671875,0.010009765625,0.20428466796875,0.4913330078125,-0.83660888671875,0.12994384765625,0.3828125,0.20172119140625,-0.90130615234375,0.01861572265625,0.2574462890625,0.1263427734375,-0.9556884765625,-0.06591796875
94,0.9662508246890678,-0.04107992625156773,-0.16245598936559363,-0.1953125,0.8778076171875,0.42254638671875,-0.06812503266095318,-0.21484048390468227,0.14830563140154682,0.42011151265938546,-0.8951993706234322,0.010013031720317726,0.20427486968279682,0.49133954000313546,-0.8366056206234322,0.12994711375156773,0.38297600889684363,0.20166015625,-0.9012516493781354,0.018673491717182272,0.25742669249059363,0.1263427734375,-0.9556917426578178,-0.06592123484531773
95,0.96630859375,-0.0411376953125,-0.162109375,-0.1953125,0.8778076171875,0.42254638671875,-0.06829833984375,-0.21478271484375,0.14813232421875,0.42022705078125,-0.8951416015625,0.01007080078125,0.2041015625,0.491455078125,-0.8365478515625,0.1300048828125,0.38262939453125,0.20166015625,-0.9013671875,0.01861572265625,0.25726318359375,0.12646484375,-0.9556884765625,-0.06610107421875
96,0.9663573810488085,-0.04094254611726589,-0.16196301310357442,-0.19526371270119147,0.8778564044863085,0.42244881212113294,-0.06849348903898411,-0.21473392754494147,0.14803474962113294,0.42017826348244147,-0.8951903888613085,0.010265949976484112,0.20400398790238294,0.49135750352738294,-0.8365966388613085,0.13024881930654264,0.3826661381035744,0.20174568712113294,-0.9013426917851171,0.018749836695234112,0.2571168216973244,0.12636726915238294,-0.9557860511601171,-0.06590592502351589
97,0.96636962890625,-0.0408935546875,-0.16192626953125,-0.19525146484375,0.87799072265625,0.42218017578125,-0.0687255859375,-0.214599609375,0.148193359375,0.420166015625,-0.8951416015625,0.01025390625,0.2041015625,0.491455078125,-0.8365478515625,0.1302490234375,0.38262939453125,0.20172119140625,-0.9013671875,0.018798828125,0.25726318359375,0.12646484375,-0.9556884765625,-0.0660400390625
98,0.9664361755983487,-0.040860281341450665,-0.161726629454954,-0.19518491815165134,0.8779574493102007,0.42221344912729936,-0.06895849935984533,-0.21456633602895067,0.14806026599080266,0.42023256231709866,-0.8951416015625,0.010287179596049332,0.20400174246185201,0.49148835147104936,-0.8365145782164507,0.13028229678354933,0.38264613326975333,0.20183775018290134,-0.901344937225648,0.01873779296875,0.25706354351745403,0.12639829705790134,-0.9557550232545987,-0.06600676571645067
99,0.96649169921875,-0.04083251953125,-0.16156005859375,-0.19512939453125,0.87823486328125,0.421875,-0.06927490234375,-0.2142333984375,0.14794921875,0.4202880859375,-0.8951416015625,0.01031494140625,0.20391845703125,0.49151611328125,-0.83648681640625,0.13031005859375,0.38250732421875,0.2017822265625,-0.90142822265625,0.01873779296875,0.2572021484375,0.12664794921875,-0.9556884765625,-0.06610107421875
100,0.9665272180053303,-0.04083251953125,-0.16141798344742894,-0.19507611635137959,0.8783236602477007,0.42175068424696904,-0.06936369931020067,-0.21403804511130853,0.1478426623902592,0.42032360472408026,-0.8951416015625,0.010332700799540134,0.20384741945808946,0.49160491024770064,-0.8364512976196697,0.13034557738033026,0.3826093896974289,0.20215619447637959,-0.9012551196044105,0.018798828125,0.2570600732911789,0.12659467103887959,-0.9557417547423704,-0.06611883361204013
101,0.96661376953125,-0.04083251953125,-0.16107177734375,-0.1949462890625,0.8785400390625,0.42144775390625,-0.069580078125,-0.21356201171875,0.1475830078125,0.42041015625,-0.8951416015625,0.0103759765625,0.20367431640625,0.4918212890625,-0.83636474609375,0.13043212890625,0.38226318359375,0.2020263671875,-0.90142822265625,0.018798828125,0.257080078125,0.12689208984375,-0.9556884765625,-0.06622314453125
102,0.96673583984375,-0.04083251953125,-0.16058349609375,-0.19476318359375,0.8784224596310619,0.4215630878971572,-0.07005937761287626,-0.21355752083768811,0.14715800715928093,0.4202337871028428,-0.8953202161501881,0.010493555993938124,0.20324931575303093,0.4915883756401547,-0.8366021503971572,0.13055195377821907,0.38201904296875,0.20233154296875,-0.9014892578125,0.018798828125,0.256591796875,0.126708984375,-0.955810546875,-0.0662841796875
103,0.96673583984375,-0.04083251953125,-0.16058349609375,-0.19476318359375,0.8785400390625,0.42138671875,-0.06982421875,-0.21343994140625,0.147216796875,0.42041015625,-0.89520263671875,0.0103759765625,0.20330810546875,0.49188232421875,-0.83642578125,0.1304931640625,0.38201904296875,0.20233154296875,-0.9014892578125,0.018798828125,0.25665283203125,0.12701416015625,-0.955810546875,-0.0662841796875
104,0.96673583984375,-0.04073698624320652,-0.16063126273777173,-0.1946676503057065,0.8785878057065217,0.42129118546195654,-0.06987198539402174,-0.21348770805027173,0.14726456351902173,0.42036238960597827,-0.89520263671875,0.010471509850543478,0.20335587211277173,0.49188232421875,-0.83642578125,0.1304931640625,0.38200577445652173,0.2024191151494565,-0.9014892578125,0.01878555961277174,0.25670059867527173,0.1269186268682065,-0.955810546875,-0.06618864639945653
105,0.96673583984375,-0.04071044921875,-0.16064453125,-0.19464111328125,0.87860107421875,0.42132568359375,-0.0699462890625,-0.2135009765625,0.1470947265625,0.42034912109375,-0.895263671875,0.01031494140625,0.203369140625,0.49188232421875,-0.83642578125,0.1304931640625,0.38201904296875,0.202392578125,-0.9014892578125,0.018798828125,0.25665283203125,0.126953125,-0.955810546875,-0.066162109375
106,0.96673583984375,-0.040871712675062705,-0.16061227855873747,-0.19464111328125,0.8785365688362249,0.4214546943588002,-0.0699462890625,-0.21353322925376253,0.1469334631061873,0.42031686840248744,-0.8952959245662625,0.010185930641199839,0.2032078771686873,0.49188232421875,-0.8364580339412625,0.1303319006061873,0.38186471996498744,0.2024570835075251,-0.9015215105037625,0.0187596349811873,0.25662057933998744,0.126953125,-0.955810546875,-0.0663233728313127
107,0.96673583984375,-0.041015625,-0.16058349609375,-0.19464111328125,0.87841796875,0.421630859375,-0.07012939453125,-0.21343994140625,0.14678955078125,0.4202880859375,-0.89532470703125,0.01007080078125,0.20306396484375,0.49188232421875,-0.83648681640625,0.13018798828125,0.3818359375,0.2025146484375,-0.90155029296875,0.01861572265625,0.25653076171875,0.12701416015625,-0.955810546875,-0.06634521484375
108,0.96673583984375,-0.04098214752299331,-0.16058349609375,-0.19464111328125,0.8784347074885034,0.4215973818979933,-0.07014613326975334,-0.21342320266774664,0.14683976699676005,0.42030482467600333,-0.8953079682927466,0.010037323304243312,0.2030974423207567,0.49188232421875,-0.83648681640625,0.13018798828125,0.3818359375,0.202392578125,-0.90155029296875,0.018527129820756688,0.25651402298024667,0.12699742141774664,-0.955810546875,-0.06631173736674331
109,0.96673583984375,-0.0408935546875,-0.16058349609375,-0.19464111328125,0.87841796875,0.421875,-0.07012939453125,-0.2130126953125,0.14697265625,0.42034912109375,-0.895263671875,0.00994873046875,0.20318603515625,0.49188232421875,-0.83648681640625,0.13018798828125,0.3818359375,0.202392578125,-0.90155029296875,0.01861572265625,0.25653076171875,0.1270751953125,-0.955810546875,-0.06646728515625
110,0.96673583984375,-0.04088498118729098,-0.16058349609375,-0.19464233806699416,0.8784216431072325,0.42186887607127926,-0.07013184410273829,-0.2130102457410117,0.14697633060723245,0.42035034587949416,-0.8952624470892558,0.009951180040238292,0.20319215908497074,0.49188354900449416,-0.8364843668347617,0.1301904378527383,0.3818359375,0.202392578125,-0.90155029296875,0.01838015553145902,0.25653076171875,0.1270751953125,-0.955810546875,-0.06645871165604098
111,0.96673583984375,-0.04046630859375,-0.16058349609375,-0.1947021484375,0.8785400390625,0.422119140625,-0.07012939453125,-0.21221923828125,0.14715576171875,0.42041015625,-0.89520263671875,0.01007080078125,0.2034912109375,0.491943359375,-0.83636474609375,0.13031005859375,0.3818359375,0.202392578125,-0.90155029296875,0.018798828125,0.25653076171875,0.12701416015625,-0.955810546875,-0.0662841796875
112,0.96673583984375,-0.04041956260451505,-0.16044325812604515,-0.19474889442673496,0.8785400390625,0.422119140625,-0.07026963249895485,-0.2121257463027801,0.14701552375104515,0.42041015625,-0.89520263671875,0.0101642927597199,0.2034912109375,0.491943359375,-0.83636474609375,0.13016982062604515,0.38181776984479515,0.20237828895798496,-0.9015360038017349,0.018601433489234948,0.2564372697402801,0.1271076521347199,-0.9558572928642349,-0.06623743369826506
113,0.96673583984375,-0.0404052734375,-0.160400390625,-0.19476318359375,0.87835693359375,0.422607421875,-0.07000732421875,-0.2117919921875,0.1470947265625,0.42034912109375,-0.895263671875,0.00982666015625,0.2034912109375,0.491943359375,-0.83636474609375,0.130126953125,0.38177490234375,0.202392578125,-0.90155029296875,0.01861572265625,0.25640869140625,0.12701416015625,-0.955810546875,-0.06640625
114,0.96673583984375,-0.040280345291597,-0.16043162266147576,-0.19485687970317725,0.8784506297031772,0.4225137257655727,-0.06997609218227425,-0.21169829607807275,0.1471571906354515,0.42031788905727424,-0.895263671875,0.00982666015625,0.203616139083403,0.491943359375,-0.8363335140572743,0.1301894171979515,0.38192820469272576,0.2022719367292015,-0.90155029296875,0.018618580489653005,0.25643992344272576,0.12710785626567725,-0.955810546875,-0.06628132185409699
115,0.96673583984375,-0.0401611328125,-0.16046142578125,-0.1949462890625,0.8782958984375,0.4228515625,-0.0699462890625,-0.211669921875,0.147216796875,0.4202880859375,-0.895263671875,0.00982666015625,0.2037353515625,0.491943359375,-0.8363037109375,0.1302490234375,0.3819580078125,0.20233154296875,-0.90155029296875,0.01873779296875,0.25640869140625,0.12689208984375,-0.95587158203125,-0.0660400390625
116,0.9667201217600334,-0.040224005147366224,-0.16044570769753344,-0.19496200714621656,0.8782644622700669,0.42291443483486624,-0.06993057097878344,-0.211669921875,0.1471539245401338,0.42027236785378347,-0.8952793899587166,0.009716633570234112,0.20368819731135032,0.491943359375,-0.8363351471049331,0.13017043301891723,0.38182021941628347,0.20211883851118312,-0.901611328125,0.01873595579013378,0.25639297332253347,0.12690780792746656,-0.95587158203125,-0.06610291139736622
117,0.9666748046875,-0.0404052734375,-0.160400390625,-0.19500732421875,0.87811279296875,0.42327880859375,-0.07000732421875,-0.21160888671875,0.14697265625,0.42022705078125,-0.89532470703125,0.0093994140625,0.20355224609375,0.491943359375,-0.83642578125,0.12994384765625,0.38177490234375,0.20220947265625,-0.901611328125,0.0185546875,0.256103515625,0.12689208984375,-0.9559326171875,-0.06634521484375
118,0.9666746005565426,-0.0404042527827132,-0.16040202367265888,-0.19500773248066472,0.8781136094925794,0.4232773796770485,-0.07000609943300584,-0.21160888671875,0.14697388103574416,0.42022705078125,-0.8953245029002926,0.00939961819345736,0.20355367501045152,0.49194356350595736,-0.8364251688571279,0.12994384765625,0.3815321906354515,0.20214864163095736,-0.9017327860446279,0.01831177166074416,0.2561049445417015,0.12689229397470736,-0.9559322089255853,-0.06634399005800584
119,0.96661376953125,-0.04010009765625,-0.160888671875,-0.19512939453125,0.87823486328125,0.4228515625,-0.07012939453125,-0.2117919921875,0.1473388671875,0.42022705078125,-0.895263671875,0.00946044921875,0.2039794921875,0.49200439453125,-0.83624267578125,0.12994384765625,0.3819580078125,0.20220947265625,-0.90155029296875,0.0186767578125,0.25642379709709445,0.12684616037834448,-0.9558640291858278,-0.06592552159542224
120,0.96661376953125,-0.04010009765625,-0.160888671875,-0.19512939453125,0.87823486328125,0.4228515625,-0.07012939453125,-0.2117919921875,0.1473388671875,0.42022705078125,-0.895263671875,0.00946044921875,0.2039794921875,0.49200439453125,-0.83624267578125,0.12994384765625,0.3819122824780518,0.20202657131845736,-0.9015960183031981,0.018859659150292644,0.25640869140625,0.1268310546875,-0.95587158203125,-0.06591796875
121,0.96661376953125,-0.04034423828125,-0.160888671875,-0.19512939453125,0.87847900390625,0.4222412109375,-0.07098388671875,-0.211669921875,0.14739990234375,0.4202880859375,-0.895263671875,0.0093994140625,0.20391845703125,0.49188232421875,-0.83636474609375,0.1300048828125,0.38189697265625,0.2020263671875,-0.901611328125,0.0186767578125,0.25652259648045567,0.12679308632943143,-0.95587158203125,-0.06593429922658862
122,0.966643980912939,-0.04055571795307276,-0.16076782634824413,-0.19506897176787208,0.8783581583794942,0.4224526906093228,-0.07104430948212793,-0.21173034463837792,0.14724884543530517,0.4202276631741221,-0.8953240946383779,0.00921814577236621,0.20379761150449413,0.49185211283706104,-0.836394957475439,0.1300048828125,0.3818365498928721,0.20196594442412208,-0.901641539506689,0.018646546430811036,0.2565011627299331,0.12673980814956104,-0.95587158203125,-0.06603758949101173
123,0.9666748046875,-0.040771484375,-0.16064453125,-0.19500732421875,0.8785400390625,0.42218017578125,-0.07110595703125,-0.21160888671875,0.14727783203125,0.42022705078125,-0.895263671875,0.00927734375,0.20367431640625,0.4918212890625,-0.83642578125,0.1300048828125,0.38177490234375,0.201904296875,-0.90167236328125,0.01861572265625,0.25653076171875,0.12677001953125,-0.95587158203125,-0.06622314453125
124,0.9666748046875,-0.040742089517140465,-0.16061513639214048,-0.19500732421875,0.8785400390625,0.4221654783523202,-0.07113535188910954,-0.21159418928982024,0.14726313460232024,0.4202711430680393,-0.8952489744460702,0.009262646321070234,0.20367431640625,0.4918506839203595,-0.8364110838210702,0.13001958024142976,0.3818065426421405,0.20207270491482024,-0.9016260255539298,0.018523047201609532,0.2565013668608905,0.12677001953125,-0.95587158203125,-0.06619374967339046
125,0.9666748046875,-0.0406494140625,-0.1605224609375,-0.19500732421875,0.87860107421875,0.42218017578125,-0.0701904296875,-0.21160888671875,0.147216796875,0.42041015625,-0.89520263671875,0.00921630859375,0.20367431640625,0.491943359375,-0.83636474609375,0.13006591796875,0.3817138671875,0.2020263671875,-0.90167236328125,0.01861572265625,0.25634765625,0.12677001953125,-0.95587158203125,-0.06634521484375
126,0.9666748046875,-0.0406494140625,-0.1605224609375,-0.19500732421875,0.87860107421875,0.42218017578125,-0.0701904296875,-0.21160888671875,0.147216796875,0.42041015625,-0.89520263671875,0.00921630859375,0.20367431640625,0.491943359375,-0.83636474609375,0.13006591796875,0.3815934299226589,0.20208658581992056,-0.9017325819136706,0.018435066758988296,0.25634765625,0.12677001953125,-0.95587158203125,-0.06634521484375
127,0.9666748046875,-0.04022216796875,-0.16064453125,-0.19500732421875,0.878662109375,0.42205810546875,-0.069580078125,-0.2117919921875,0.1473388671875,0.42034912109375,-0.89520263671875,0.00927734375,0.203857421875,0.491943359375,-0.8363037109375,0.130126953125,0.3817138671875,0.20196533203125,-0.90167236328125,0.01885986328125,0.2562598799383361,0.12665652271895902,-0.9559765053433319,-0.06591796875
128,0.9666748046875,-0.04022216796875,-0.16064453125,-0.19500732421875,0.878662109375,0.42205810546875,-0.069580078125,-0.2117919921875,0.1473388671875,0.42034912109375,-0.89520263671875,0.00927734375,0.2037233078360159,0.491943359375,-0.8363484156171613,0.13003754376567725,0.3815797531485159,0.20196533203125,-0.9017617726405728,0.018770453921927256,0.2562255859375,0.12664794921875,-0.95599365234375,-0.06591796875
129,0.9666748046875,-0.04010009765625,-0.1607666015625,-0.195068359375,0.878662109375,0.42218017578125,-0.06903076171875,-0.21173095703125,0.147216796875,0.42034912109375,-0.895263671875,0.00921630859375,0.203857421875,0.49200439453125,-0.8363037109375,0.130126953125,0.38165283203125,0.20196533203125,-0.9017333984375,0.01885986328125,0.2562368131401547,0.12663508896843645,-0.9559695648907818,-0.0657958984375
130,0.9666456139605978,-0.040129288383152176,-0.1607666015625,-0.195068359375,0.878662109375,0.42220936650815216,-0.06903076171875,-0.21176014775815216,0.147216796875,0.42034912109375,-0.895263671875,0.009187117866847828,0.2037406589673913,0.49197520380434784,-0.8363329016644022,0.13006857167119565,0.3815944505774457,0.20196533203125,-0.9017625891644022,0.018889054008152172,0.25616455078125,0.1265869140625,-0.95599365234375,-0.06582508916440218
131,0.96661376953125,-0.0401611328125,-0.1607666015625,-0.195068359375,0.878662109375,0.4222412109375,-0.06903076171875,-0.21173095703125,0.14703369140625,0.42022705078125,-0.89532470703125,0.0091552734375,0.20361328125,0.491943359375,-0.83636474609375,0.1300048828125,0.38153076171875,0.20196533203125,-0.90179443359375,0.0189208984375,0.25616455078125,0.1265869140625,-0.95599365234375,-0.06579263234218227
132,0.96661376953125,-0.04020216313492893,-0.1607666015625,-0.195054682600857,0.878648432600857,0.422268564485786,-0.06901708494460702,-0.211744633805393,0.14695163076139214,0.420213374007107,-0.895352060579536,0.00910056634092809,0.203538569319607,0.49188232421875,-0.836439458024143,0.13002488764632106,0.38140869140625,0.20196533203125,-0.901808110367893,0.01894090327132107,0.25616455078125,0.126573237288357,-0.95599365234375,-0.06571485844742893
133,0.96661376953125,-0.04034423828125,-0.1607666015625,-0.19500732421875,0.878662109375,0.4222412109375,-0.0689697265625,-0.2115478515625,0.14666748046875,0.420166015625,-0.89544677734375,0.0089111328125,0.2034912109375,0.49188232421875,-0.83648681640625,0.1298828125,0.38140869140625,0.20196533203125,-0.90185546875,0.018798828125,0.25616455078125,0.12653771850177675,-0.95599365234375,-0.06586285339151338
134,0.96661376953125,-0.04034423828125,-0.1607666015625,-0.19500732421875,0.878662109375,0.4222412109375,-0.0689697265625,-0.2115478515625,0.14666748046875,0.420166015625,-0.89544677734375,0.0089111328125,0.2034912109375,0.4921191161292851,-0.8363684204509825,0.12970521856709866,0.38146788938388376,0.2022613219194189,-0.9017370727947325,0.01873963014736622,0.25616455078125,0.12664794921875,-0.95599365234375,-0.06591796875
135,0.9666748046875,-0.04022216796875,-0.16064453125,-0.1949462890625,0.87896728515625,0.4219970703125,-0.06842041015625,-0.21112060546875,0.146484375,0.4202880859375,-0.8953857421875,0.00885009765625,0.20343017578125,0.4920654296875,-0.83636474609375,0.1298828125,0.38134765625,0.2021484375,-0.90179443359375,0.018798828125,0.25608432731500835,0.1267926780675167,-0.9560032464987458,-0.06595022144126254
136,0.9667621727372492,-0.0400037478443771,-0.16051347917537626,-0.19481523698787626,0.8790109691811245,0.4218223342130017,-0.06868251430549747,-0.21112060546875,0.14639700695025085,0.4201570338628763,-0.8954731102372492,0.009112201805497478,0.20343017578125,0.4921091137123746,-0.8363210620688755,0.1300575485994983,0.3812602882002508,0.2021921215248746,-0.9018381176186245,0.019017248249372898,0.2559287795255017,0.12670000261287626,-0.9560373363686245,-0.06580426780675168
137,0.966796875,-0.0399169921875,-0.16046142578125,-0.19476318359375,0.87921142578125,0.421630859375,-0.068359375,-0.210693359375,0.1463623046875,0.42034912109375,-0.8953857421875,0.0091552734375,0.20343017578125,0.49212646484375,-0.8363037109375,0.130126953125,0.3812255859375,0.20220947265625,-0.90185546875,0.01910400390625,0.2560030831939799,0.12675573036423496,-0.956018760451505,-0.06566300918426003
138,0.9668250450721154,-0.040086012620192304,-0.1602924053485577,-0.19465050330528846,0.8790987454927884,0.4217998798076923,-0.06850022536057691,-0.21077786959134615,0.14616511418269232,0.4202364408052885,-0.8954702524038461,0.009042593149038464,0.20323298527644232,0.4923189603365385,-0.8362332857572116,0.13013634314903846,0.3810847355769231,0.20229398287259615,-0.9018836388221154,0.019047663762019232,0.2559344951923077,0.12674654447115385,-0.9560499924879807,-0.06580998347355768
139,0.96685791015625,-0.040283203125,-0.16009521484375,-0.19451904296875,0.87921142578125,0.421875,-0.0682373046875,-0.21038818359375,0.14593505859375,0.42041015625,-0.89544677734375,0.00909423828125,0.2030029296875,0.4921875,-0.83636474609375,0.1300048828125,0.38092041015625,0.202392578125,-0.90191650390625,0.01898193359375,0.25577813087897155,0.12670918850595736,-0.9560953095605143,-0.06595838667955686
140,0.9668705662756062,-0.040283203125,-0.1600825587243938,-0.19449373073003762,0.8791987696618938,0.421875,-0.06826261692621237,-0.21041349583246238,0.14589709023568145,0.4203975001306438,-0.89544677734375,0.009132206639318555,0.2030029296875,0.4924063283862876,-0.8362553319006062,0.1302490234375,0.3809077540368938,0.20248933619878762,-0.9019291600256062,0.019213418099393816,0.2558467188806438,0.12680574244878762,-0.9560546875,-0.06580855455685619
141,0.9669189453125,-0.040283203125,-0.1600341796875,-0.19439697265625,0.87933349609375,0.421630859375,-0.0679931640625,-0.2103271484375,0.145751953125,0.42034912109375,-0.89544677734375,0.00927734375,0.2030029296875,0.4923095703125,-0.8363037109375,0.1302490234375,0.380859375,0.202392578125,-0.9019775390625,0.0191650390625,0.25580813812970316,0.12669918608904682,-0.9560546875,-0.06582753873589046
142,0.9669189453125,-0.04057408973923496,-0.15985964771895902,-0.19439697265625,0.879217141448056,0.42197992331208195,-0.06805134138534699,-0.210385325760347,0.14551924383361203,0.42034912109375,-0.895504954666597,0.009044634458612031,0.20277022039611203,0.492251392989653,-0.836361888260347,0.13042355540604098,0.380743020354306,0.20227622347930602,-0.902035716385347,0.019339571031040975,0.255804055510556,0.126645091385347,-0.956112864822847,-0.06578160927048496
143,0.9669189453125,-0.04058837890625,-0.15985107421875,-0.19439697265625,0.8792724609375,0.42181396484375,-0.0684814453125,-0.210205078125,0.14556884765625,0.42034912109375,-0.8955078125,0.00933837890625,0.2027587890625,0.49224853515625,-0.83636474609375,0.13043212890625,0.3807373046875,0.2022705078125,-0.90203857421875,0.01934814453125,0.25579833984375,0.12664794921875,-0.95611572265625,-0.0657958984375
144,0.9669189453125,-0.04088702249686456,-0.15972308410848662,-0.19439697265625,0.8791444708272366,0.42206994506427675,-0.0684814453125,-0.2102477414950878,0.14539819417589883,0.42034912109375,-0.8955504758700878,0.009082398685723239,0.20248443705581104,0.4921691282138378,-0.8364500728339256,0.13048132446697325,0.3806093145772366,0.2023131711825878,-0.9020812375888378,0.019262817791074412,0.2557924200459866,0.1265685422763378,-0.95611572265625,-0.06572833109061456
145,0.9669189453125,-0.041015625,-0.15966796875,-0.19439697265625,0.8792724609375,0.421875,-0.06854248046875,-0.2098388671875,0.145263671875,0.42034912109375,-0.89556884765625,0.00921630859375,0.202392578125,0.4921875,-0.83648681640625,0.13037109375,0.38055419921875,0.20233154296875,-0.902099609375,0.01922607421875,0.25587693026233277,0.1266916332436246,-0.9560808162625418,-0.06582202720004181
146,0.9669460947298286,-0.041015625,-0.15958652049801422,-0.19434267382159282,0.8792724609375,0.4219021494173286,-0.06865107813806438,-0.2098660166048286,0.145263671875,0.4204034199284072,-0.8955416982389214,0.009243458011078596,0.20243320018551422,0.4923163066340928,-0.8363580097721572,0.1305203134798286,0.38055419921875,0.2023586923860786,-0.902099609375,0.019253223636078596,0.2558999970605142,0.12671572069659282,-0.9560818369173286,-0.0657958984375
147,0.96697998046875,-0.041015625,-0.15948486328125,-0.19427490234375,0.8795166015625,0.421630859375,-0.068603515625,-0.20953369140625,0.145263671875,0.42047119140625,-0.8955078125,0.00927734375,0.20233154296875,0.49224853515625,-0.83642578125,0.13055419921875,0.38055419921875,0.202392578125,-0.902099609375,0.019287109375,0.255856517166597,0.12668673410064799,-0.956096330215301,-0.065757113555602
148,0.967041015625,-0.04107666015625,-0.1593017578125,-0.19415283203125,0.87945556640625,0.42169189453125,-0.06878662109375,-0.2095947265625,0.1450922018708194,0.4203723920228888,-0.8956066118833612,0.009312250143708197,0.2022705078125,0.49224853515625,-0.83642578125,0.13079833984375,0.38055419921875,0.20233154296875,-0.902099609375,0.01947021484375,0.25579833984375,0.12664794921875,-0.95611572265625,-0.06573486328125
149,0.967041015625,-0.04107666015625,-0.1593017578125,-0.19415283203125,0.87982177734375,0.42132568359375,-0.06866455078125,-0.20880126953125,0.1451416015625,0.42047119140625,-0.8955078125,0.00946044921875,0.2022705078125,0.49224853515625,-0.83642578125,0.13079833984375,0.38055419921875,0.20233154296875,-0.902099609375,0.01947021484375,0.2558216107728888,0.12665570619512959,-0.9561079656798704,-0.0657193493284908
150,0.9670981722930602,-0.0414767568326714,-0.1589016611360786,-0.1939242053590092,0.879535994003449,0.4217257802701714,-0.06895033412155101,-0.2089727395354306,0.1446843482180184,0.42024256473400917,-0.8956792825041806,0.009174665878448998,0.2019963599367684,0.49226404910900917,-0.8364102672972408,0.1308748889527592,0.3803827292145694,0.2023886996368102,-0.9021567660430602,0.0194130581756898,0.2558216107728888,0.1265985495270694,-0.9561079656798704,-0.0659479760007316
151,0.96710205078125,-0.04150390625,-0.15887451171875,-0.19390869140625,0.8798828125,0.42144775390625,-0.0684814453125,-0.20819091796875,0.14495849609375,0.4205322265625,-0.8955078125,0.0093994140625,0.20196533203125,0.49224853515625,-0.83642578125,0.130859375,0.38037109375,0.202392578125,-0.90216064453125,0.0194091796875,0.25579833984375,0.1265869140625,-0.95611572265625,-0.06597900390625
152,0.967185336211852,-0.041378978104097,-0.158666298142245,-0.193783763260347,0.8798828125,0.421406111190949,-0.06877294431960701,-0.20819091796875,0.145000138809051,0.420615511993102,-0.895466169784699,0.009774198500209014,0.202084544510347,0.49232610492004597,-0.836306568770903,0.131453191954954,0.380454379180602,0.20230929269439799,-0.902119001815949,0.019783964125209014,0.256017372360995,0.126645091385347,-0.956035295059051,-0.065712613006898
153,0.96722412109375,-0.04132080078125,-0.1585693359375,-0.1937255859375,0.8802490234375,0.4212646484375,-0.0684814453125,-0.207275390625,0.14501953125,0.420654296875,-0.89544677734375,0.00994873046875,0.2020263671875,0.49224853515625,-0.83636474609375,0.13153076171875,0.3804931640625,0.2022705078125,-0.902099609375,0.01995849609375,0.25592041015625,0.1265869140625,-0.9560546875,-0.065673828125
154,0.9674072265625,-0.0418701171875,-0.15789794921875,-0.19342041015625,0.8798828125,0.421875,-0.06903076171875,-0.20745849609375,0.14441775318770905,0.42053202243154264,-0.895621309312291,0.00960864829379181,0.2015380859375,0.49224853515625,-0.83648681640625,0.1314697265625,0.38018798828125,0.20245361328125,-0.9022216796875,0.01959228515625,0.25579833984375,0.12652587890625,-0.9560546875,-0.0660400390625
155,0.9674072265625,-0.0418701171875,-0.15789794921875,-0.19342041015625,0.88037109375,0.42156982421875,-0.06781005859375,-0.206298828125,0.14459228515625,0.4207763671875,-0.89544677734375,0.0096435546875,0.2015380859375,0.49224853515625,-0.83648681640625,0.1314697265625,0.38018798828125,0.20245361328125,-0.9022216796875,0.01959228515625,0.25587182698839883,0.12665448140938546,-0.9560179439276756,-0.06613189799331105
156,0.96746826171875,-0.04119873046875,-0.15777587890625,-0.193115234375,0.88055419921875,0.4210205078125,-0.0682373046875,-0.20635986328125,0.14468516474184784,0.420585300611413,-0.8955370032269022,0.01026186735733695,0.201904296875,0.492431640625,-0.836181640625,0.1319580078125,0.3802490234375,0.202392578125,-0.90216064453125,0.01995849609375,0.255859375,0.1265869140625,-0.95611572265625,-0.06573486328125
157,0.96746826171875,-0.04119873046875,-0.15777587890625,-0.193115234375,0.8802490234375,0.42181396484375,-0.06683349609375,-0.20648193359375,0.14483642578125,0.42083740234375,-0.8953857421875,0.010009765625,0.201904296875,0.492431640625,-0.836181640625,0.1319580078125,0.3802490234375,0.202392578125,-0.90216064453125,0.01995849609375,0.25586223283340304,0.126589771895903,-0.956112864822847,-0.06573200544784699
158,0.9675243977320234,-0.041086458442203176,-0.15777587890625,-0.19305909836172658,0.8803051594507734,0.42170169281720316,-0.06694576812029682,-0.20648193359375,0.14483642578125,0.4207812663304766,-0.8954418782007734,0.010122037651546822,0.201904296875,0.4924975749242266,-0.8361767414820234,0.13200924468279682,0.3801928874242266,0.202392578125,-0.9022167805445234,0.020239176160117056,0.2558642741429766,0.12659181320547658,-0.9561108235132734,-0.06556155609845318
159,0.967529296875,-0.04107666015625,-0.15777587890625,-0.19305419921875,0.88031005859375,0.42205810546875,-0.06585693359375,-0.2060546875,0.14471435546875,0.42083740234375,-0.8953857421875,0.01019287109375,0.201904296875,0.49249267578125,-0.836181640625,0.13201904296875,0.38018798828125,0.202392578125,-0.9022216796875,0.020263671875,0.255859375,0.1265869140625,-0.95611572265625,-0.0655517578125
160,0.967529296875,-0.04150390625,-0.1575927734375,-0.19293212890625,0.88006591796875,0.4224853515625,-0.06591796875,-0.20623779296875,0.14428731350595736,0.4207763671875,-0.8955078125,0.00982666015625,0.2015380859375,0.49249267578125,-0.8363037109375,0.1317138671875,0.37984239457044316,0.20243320018551422,-0.9023639589647784,0.01983642578125,0.255615234375,0.12652587890625,-0.9561767578125,-0.0657958984375
161,0.967529296875,-0.04150390625,-0.1575927734375,-0.19293212890625,0.8797607421875,0.42315673828125,-0.06561279296875,-0.2064208984375,0.14422607421875,0.4207763671875,-0.8955078125,0.00982666015625,0.2015380859375,0.49249267578125,-0.8363037109375,0.1317138671875,0.3797607421875,0.20245361328125,-0.90240478515625,0.01983642578125,0.255615234375,0.12652587890625,-0.9561767578125,-0.0657958984375
162,0.96746826171875,-0.041259765625,-0.15802001953125,-0.19305419921875,0.87994384765625,0.4228515625,-0.06524658203125,-0.20635986328125,0.1445385987144649,0.42077289696122494,-0.8954861746185201,0.009959549409489973,0.20159912109375,0.492431640625,-0.83636474609375,0.131591796875,0.3800373396347199,0.20246443222198998,-0.90227189590301,0.020055458298494987,0.25567626953125,0.12652587890625,-0.9561767578125,-0.0655517578125
163,0.96746826171875,-0.041259765625,-0.15802001953125,-0.19305419921875,0.8797607421875,0.42333984375,-0.06488037109375,-0.20623779296875,0.144287109375,0.42059326171875,-0.8956298828125,0.0098876953125,0.20159912109375,0.492431640625,-0.83636474609375,0.131591796875,0.37982177734375,0.202392578125,-0.90234375,0.02001953125,0.25567626953125,0.12652587890625,-0.9561767578125,-0.0655517578125
164,0.9674072265625,-0.04144287109375,-0.158203125,-0.19305419921875,0.87969970703125,0.4234619140625,-0.06463623046875,-0.20635986328125,0.14439958553250418,0.4206028558737458,-0.89556884765625,0.009681931307483283,0.20147705078125,0.49237060546875,-0.83642578125,0.13140869140625,0.37982177734375,0.202392578125,-0.90240478515625,0.01995849609375,0.25567626953125,0.12640380859375,-0.9561767578125,-0.06561279296875
165,0.9674072265625,-0.04144287109375,-0.158203125,-0.19305419921875,0.87969970703125,0.42352294921875,-0.06451416015625,-0.20623779296875,0.14434814453125,0.420654296875,-0.89556884765625,0.0098876953125,0.2014752136026338,0.4923669311115176,-0.8364276184286162,0.1314178772993311,0.37982177734375,0.202392578125,-0.90240478515625,0.01995849609375,0.25567810670986624,0.12639829705790134,-0.9561785949911162,-0.0656036070756689
166,0.9674072265625,-0.04150390625,-0.1583251953125,-0.193115234375,0.87969970703125,0.42352294921875,-0.06439208984375,-0.20623779296875,0.14447021484375,0.42071533203125,-0.8955078125,0.00982666015625,0.2015380859375,0.4923095703125,-0.83642578125,0.13165283203125,0.3798828125,0.2022331518473035,-0.9023988653584866,0.020228153088419732,0.255859375,0.12628173828125,-0.9561767578125,-0.06536865234375
167,0.9674072265625,-0.04150390625,-0.1583251953125,-0.193115234375,0.879652348649143,0.4237123827471781,-0.06410793955110786,-0.20609571782242894,0.1444091796875,0.42059326171875,-0.89556884765625,0.01007080078125,0.2015380859375,0.4923095703125,-0.83642578125,0.13165283203125,0.3798828125,0.20220947265625,-0.90240478515625,0.020263671875,0.255859375,0.12628173828125,-0.9561767578125,-0.06536865234375
168,0.9674072265625,-0.0421142578125,-0.158203125,-0.193115234375,0.87933349609375,0.42431640625,-0.06396484375,-0.20623779296875,0.14412543765677258,0.42067246453020485,-0.8955902814067725,0.009737659058841963,0.20123291015625,0.49224853515625,-0.8365478515625,0.1314697265625,0.3797211407817726,0.20229194156302258,-0.9024443865619775,0.019970131558319386,0.255859375,0.126220703125,-0.9561767578125,-0.06549072265625
169,0.9674072265625,-0.0421142578125,-0.158203125,-0.193115234375,0.8795245626698369,0.4241890285326087,-0.06342348845108699,-0.2058238153872283,0.14410400390625,0.42071533203125,-0.89556884765625,0.0098876953125,0.20116922129755435,0.49234406844429346,-0.8364841627038043,0.1316289487092391,0.37969970703125,0.2022705078125,-0.9024658203125,0.0201416015625,0.2559230638586956,0.12628439198369565,-0.9561449133831522,-0.06539518936820653
170,0.96746826171875,-0.04241943359375,-0.157958984375,-0.19287109375,0.8795166015625,0.42437744140625,-0.06317138671875,-0.20562744140625,0.14377474067203178,0.4205916286710911,-0.8957037782190636,0.009619467234531776,0.20086669921875,0.49224853515625,-0.83660888671875,0.13153076171875,0.3794925141095318,0.20226887476484112,-0.9025638031720318,0.019775390625,0.2557373046875,0.1260986328125,-0.9561767578125,-0.06561279296875
171,0.96746826171875,-0.04241943359375,-0.157958984375,-0.19287109375,0.8794676101327341,0.4245570766487249,-0.06287743814015474,-0.2055131280701296,0.14373779296875,0.4207763671875,-0.8956298828125,0.00958251953125,0.20085036874216136,0.4923465180157818,-0.8365762257655728,0.13143277885921825,0.37945556640625,0.20245361328125,-0.90252685546875,0.019775390625,0.2557209742109114,0.12618028519544314,-0.9561604273359113,-0.06571077582828175
172,0.967529296875,-0.0418701171875,-0.1580810546875,-0.192626953125,0.87957763671875,0.424560546875,-0.062255859375,-0.205322265625,0.14397336009354098,0.42058366756375415,-0.8956651974681229,0.010063247935827793,0.20111083984375,0.49237060546875,-0.83648681640625,0.131591796875,0.379638671875,0.2021559903454222,-0.9025097084683319,0.02022080437395487,0.2557373046875,0.1260986328125,-0.9561767578125,-0.06549072265625
173,0.967529296875,-0.0418701171875,-0.1580810546875,-0.192626953125,0.8797607421875,0.4246826171875,-0.06072998046875,-0.20465087890625,0.1439208984375,0.4208984375,-0.8955078125,0.0096435546875,0.20111165636757944,0.49237632113555596,-0.8364835503109322,0.13158689773202345,0.379638671875,0.20257568359375,-0.90240478515625,0.01995849609375,0.25573812121132944,0.12610353195547655,-0.9561759412886706,-0.06549480527539714
174,0.96759033203125,-0.04150390625,-0.15802001953125,-0.19232177734375,0.8798828125,0.42431640625,-0.06097412109375,-0.20477294921875,0.14398193359375,0.42059326171875,-0.8956298828125,0.010009765625,0.2012939453125,0.49249267578125,-0.83636474609375,0.131591796875,0.379638671875,0.2021484375,-0.90252685546875,0.02020263671875,0.25567626953125,0.12615966796875,-0.9561767578125,-0.0654296875
175,0.96759033203125,-0.04150390625,-0.15802001953125,-0.19232177734375,0.8798364747726798,0.42468710806856186,-0.06037173063858696,-0.20444858512750835,0.1441650390625,0.4208984375,-0.8955078125,0.00970458984375,0.2014329584944607,0.4926316889632107,-0.8362720706391096,0.1314527836930393,0.3797607421875,0.20257568359375,-0.90234375,0.02001953125,0.25567626953125,0.12615966796875,-0.9561767578125,-0.0654296875
176,0.9676513671875,-0.04132080078125,-0.1578369140625,-0.1922607421875,0.87982177734375,0.4246826171875,-0.0604248046875,-0.204345703125,0.14405909509563128,0.42091456384563125,-0.8954692317490593,0.009755826714046829,0.20135498046875,0.4925537109375,-0.8363037109375,0.13165283203125,0.37971583337688125,0.20253077478313128,-0.9023886588106187,0.020086894465928096,0.2557373046875,0.12615966796875,-0.9561767578125,-0.06549072265625
177,0.9676513671875,-0.04132080078125,-0.1578369140625,-0.1922607421875,0.8800067199911162,0.4246209696383779,-0.059715857872596194,-0.20394499405570654,0.14410400390625,0.42095947265625,-0.89544677734375,0.0096435546875,0.20141662801787208,0.49267700603574416,-0.8362420633883779,0.13149871315844483,0.3797607421875,0.20257568359375,-0.90234375,0.02001953125,0.2557373046875,0.12615966796875,-0.9561767578125,-0.06549072265625
178,0.96771240234375,-0.041015625,-0.15765380859375,-0.19219970703125,0.8802490234375,0.42437744140625,-0.059326171875,-0.20343017578125,0.14404296875,0.42094457109636285,-0.8954847457018186,0.009810329679661386,0.201416015625,0.49267578125,-0.836181640625,0.1317138671875,0.3796007035169314,0.2025228136757943,-0.9024427535143186,0.020194471480455695,0.255615234375,0.12615966796875,-0.95623779296875,-0.06549072265625
179,0.96771240234375,-0.041015625,-0.15765380859375,-0.19219970703125,0.8802337136156981,0.42446930033706104,-0.059188383478783475,-0.20336893649404267,0.14404296875,0.4210205078125,-0.89544677734375,0.00958251953125,0.201416015625,0.4927064008936037,-0.836181640625,0.13163731807849083,0.379638671875,0.20263671875,-0.90240478515625,0.02008056640625,0.255615234375,0.12615966796875,-0.95623779296875,-0.06549072265625
180,0.96771240234375,-0.04071044921875,-0.15777587890625,-0.19219970703125,0.88037109375,0.42449951171875,-0.05877685546875,-0.203125,0.14418075714621653,0.42101295496707775,-0.8954008478783445,0.00979644877456103,0.20159912109375,0.4927978515625,-0.83612060546875,0.13165283203125,0.3797380836512333,0.20259078928459448,-0.9023513028454222,0.020370636496655513,0.25567626953125,0.12615966796875,-0.95623779296875,-0.0653076171875
181,0.96771240234375,-0.04071044921875,-0.15777587890625,-0.19219970703125,0.88037109375,0.42449951171875,-0.05877685546875,-0.203125,0.14385986328125,0.42095947265625,-0.8955078125,0.00958251953125,0.20159912109375,0.4927978515625,-0.83612060546875,0.13165283203125,0.37957763671875,0.20269775390625,-0.90240478515625,0.020263671875,0.25567626953125,0.12615966796875,-0.95623779296875,-0.0653076171875
182,0.96771240234375,-0.0408935546875,-0.15777587890625,-0.192138671875,0.88055419921875,0.4244384765625,-0.05828857421875,-0.2025146484375,0.14385986328125,0.4208984375,-0.8955078125,0.0093994140625,0.201416015625,0.49285888671875,-0.836181640625,0.1314697265625,0.37957763671875,0.20269775390625,-0.90240478515625,0.02001953125,0.25555419921875,0.12615966796875,-0.95623779296875,-0.06536865234375
183,0.96771240234375,-0.0408935546875,-0.15777587890625,-0.192138671875,0.88055419921875,0.4244384765625,-0.05828857421875,-0.2025146484375,0.14361572265625,0.4208984375,-0.89556884765625,0.00946044921875,0.201416015625,0.49285888671875,-0.836181640625,0.1314697265625,0.3795166015625,0.2027587890625,-0.90240478515625,0.02020263671875,0.25555419921875,0.12615966796875,-0.95623779296875,-0.06536865234375
184,0.96771240234375,-0.04095458984375,-0.1578369140625,-0.19207763671875,0.88055419921875,0.42449951171875,-0.0584716796875,-0.20208740234375,0.14361572265625,0.4208984375,-0.89556884765625,0.0093994140625,0.2012939453125,0.49285888671875,-0.836181640625,0.13134765625,0.37957763671875,0.2027587890625,-0.90240478515625,0.0201416015625,0.25555419921875,0.12615966796875,-0.95623779296875,-0.0654296875
185,0.96771240234375,-0.04095458984375,-0.1578369140625,-0.19207763671875,0.88055419921875,0.42449951171875,-0.0584716796875,-0.20208740234375,0.14337158203125,0.4208984375,-0.8956298828125,0.0091552734375,0.20126414219272576,0.4929184929582985,-0.836181640625,0.13122844377090298,0.37939453125,0.20281982421875,-0.9024658203125,0.02001953125,0.25555419921875,0.12615966796875,-0.95623779296875,-0.0654296875
186,0.96771240234375,-0.04058837890625,-0.1580810546875,-0.19195556640625,0.880859375,0.42425537109375,-0.05804443359375,-0.20166015625,0.1436937006819607,0.42084250561768394,-0.8955857905257107,0.009394310788566044,0.20159912109375,0.492919921875,-0.83612060546875,0.13140869140625,0.3795945795882107,0.20272490332357862,-0.90240478515625,0.020258568601066042,0.255615234375,0.12615966796875,-0.95623779296875,-0.06524658203125
187,0.96771240234375,-0.04058837890625,-0.1580810546875,-0.19195556640625,0.880859375,0.42425537109375,-0.05804443359375,-0.20166015625,0.14361572265625,0.42095947265625,-0.8955078125,0.00927734375,0.2015705427597199,0.49293421104201507,-0.8361063163017349,0.13139440223923496,0.3795166015625,0.202880859375,-0.90240478515625,0.0201416015625,0.255615234375,0.12615966796875,-0.95623779296875,-0.06524658203125
188,0.96771240234375,-0.04052734375,-0.15814208984375,-0.19183349609375,0.88092041015625,0.4241943359375,-0.05804443359375,-0.20147705078125,0.1436636934312291,0.4208984375,-0.89556884765625,0.009331846715614546,0.2015380859375,0.492919921875,-0.83612060546875,0.13134765625,0.37957763671875,0.20276532125313546,-0.90240478515625,0.020209168909385452,0.25567626953125,0.126220703125,-0.95623779296875,-0.06512451171875
189,0.96771240234375,-0.04052734375,-0.15814208984375,-0.19183349609375,0.88092041015625,0.4241943359375,-0.05804443359375,-0.20147705078125,0.1435546875,0.4208984375,-0.89556884765625,0.00927734375,0.2015380859375,0.4930395426160117,-0.8360607950982442,0.13140746662050584,0.37957763671875,0.20281982421875,-0.90240478515625,0.020263671875,0.25567626953125,0.126220703125,-0.95623779296875,-0.06512451171875
190,0.96771240234375,-0.04071044921875,-0.15802001953125,-0.19171142578125,0.8809814453125,0.42413330078125,-0.058349609375,-0.2012939453125,0.1434326171875,0.42083740234375,-0.8956298828125,0.0091552734375,0.201416015625,0.492919921875,-0.83612060546875,0.13128662109375,0.37945556640625,0.2027587890625,-0.9024658203125,0.02001953125,0.255615234375,0.126220703125,-0.95623779296875,-0.0653076171875
191,0.96771240234375,-0.04071044921875,-0.15802001953125,-0.19171142578125,0.8809814453125,0.42413330078125,-0.058349609375,-0.2012939453125,0.14337158203125,0.4208984375,-0.8956298828125,0.0089111328125,0.2013274227895067,0.4930085147104933,-0.83612060546875,0.13106513900501673,0.37945556640625,0.202880859375,-0.90240478515625,0.02001953125,0.255615234375,0.126220703125,-0.95623779296875,-0.0653076171875
192,0.9677734375,-0.04046630859375,-0.15814208984375,-0.191650390625,0.88116455078125,0.42376708984375,-0.05841064453125,-0.201171875,0.1435546875,0.42083740234375,-0.8956298828125,0.0091552734375,0.2015380859375,0.49298095703125,-0.83612060546875,0.13116455078125,0.37957763671875,0.2027587890625,-0.90240478515625,0.02020263671875,0.25555419921875,0.12640380859375,-0.95623779296875,-0.06536865234375
193,0.9677734375,-0.04046630859375,-0.15814208984375,-0.191650390625,0.88116455078125,0.42376708984375,-0.05841064453125,-0.201171875,0.14337158203125,0.42095947265625,-0.89556884765625,0.0086669921875,0.2014805210075251,0.49300973949623744,-0.83612060546875,0.1309630735263378,0.37939453125,0.20294189453125,-0.90240478515625,0.019775390625,0.25555419921875,0.12640380859375,-0.95623779296875,-0.06536865234375
194,0.96771240234375,-0.0400390625,-0.15850830078125,-0.19171142578125,0.8812255859375,0.42352294921875,-0.05828857421875,-0.2012939453125,0.1437547358382107,0.4209784568352843,-0.8955288379886078,0.00884601503710282,0.20184326171875,0.49310302734375,-0.8359375,0.13104248046875,0.3796976657216764,0.20296292001985786,-0.9023037403323578,0.020160585741534273,0.255615234375,0.12640380859375,-0.95623779296875,-0.065185546875
195,0.96771240234375,-0.0400390625,-0.15850830078125,-0.19171142578125,0.8812388544497283,0.4234831436820652,-0.058421259341032636,-0.2012939453125,0.1435546875,0.4208984375,-0.89556884765625,0.00860595703125,0.20172119140625,0.4931640625,-0.83599853515625,0.130859375,0.37957763671875,0.2030029296875,-0.90234375,0.02008056640625,0.255615234375,0.12640380859375,-0.95623779296875,-0.065185546875
196,0.96771240234375,-0.04022216796875,-0.15850830078125,-0.19171142578125,0.8812255859375,0.42352294921875,-0.058837890625,-0.20135498046875,0.14348262927205266,0.4208984375,-0.8955743591920987,0.00847286364705267,0.20166015625,0.4931640625,-0.83599853515625,0.13067626953125,0.37950006695495403,0.20300844122334866,-0.9023547730716973,0.0198974609375,0.2554931640625,0.12646484375,-0.95623779296875,-0.065185546875
197,0.96771240234375,-0.04022216796875,-0.15850830078125,-0.19171142578125,0.8812255859375,0.42352294921875,-0.058837890625,-0.20135498046875,0.14337158203125,0.4208984375,-0.8956298828125,0.00836181640625,0.20160136653428093,0.4931640625,-0.836057324871969,0.13061747981553093,0.37933349609375,0.20306396484375,-0.9024658203125,0.0198974609375,0.2554931640625,0.12646484375,-0.95623779296875,-0.065185546875
198,0.9676513671875,-0.0401611328125,-0.15850830078125,-0.19183349609375,0.88128662109375,0.42333984375,-0.05914306640625,-0.2012939453125,0.14337158203125,0.4210205078125,-0.89556884765625,0.0084228515625,0.20159912109375,0.4932861328125,-0.83599853515625,0.13067626953125,0.3792724609375,0.20318603515625,-0.90240478515625,0.02001953125,0.25543212890625,0.12664794921875,-0.95623779296875,-0.065185546875
199,0.9676513671875,-0.0401611328125,-0.15850830078125,-0.19183349609375,0.88128662109375,0.42333984375,-0.05914306640625,-0.2012939453125,0.14337158203125,0.42095947265625,-0.89556884765625,0.0081787109375,0.20166015625,0.49322509765625,-0.83599853515625,0.1304931640625,0.37933349609375,0.203125,-0.90240478515625,0.01983642578125,0.25543212890625,0.12664794921875,-0.95623779296875,-0.065185546875
200,0.9676513671875,-0.0399169921875,-0.15850830078125,-0.19195556640625,0.88140869140625,0.4229736328125,-0.05938720703125,-0.201416015625,0.14340710081783026,0.4210105053955895,-0.8955433312865803,0.008351813989339466,0.20166015625,0.49334716796875,-0.8359375,0.1307373046875,0.37933349609375,0.20318603515625,-0.90240478515625,0.02008056640625,0.2554931640625,0.1265869140625,-0.95623779296875,-0.0650634765625
201,0.9676513671875,-0.0399169921875,-0.15850830078125,-0.19195556640625,0.88140869140625,0.4229736328125,-0.05938720703125,-0.201416015625,0.1434326171875,0.42095947265625,-0.89556884765625,0.00830078125,0.20172119140625,0.49322509765625,-0.8359375,0.130859375,0.37945556640625,0.20306396484375,-0.90240478515625,0.02020263671875,0.2554931640625,0.1265869140625,-0.95623779296875,-0.0650634765625
202,0.9676513671875,-0.04010009765625,-0.1583251953125,-0.1920166015625,0.8814697265625,0.4228515625,-0.05987548828125,-0.20147705078125,0.1431884765625,0.4209604933110368,-0.8956088573238922,0.0081787109375,0.20147705078125,0.4932861328125,-0.83599853515625,0.1307373046875,0.3792724609375,0.20318603515625,-0.9024658203125,0.02001953125,0.25537109375,0.1265869140625,-0.95623779296875,-0.0650634765625
203,0.9676513671875,-0.04010009765625,-0.1583251953125,-0.1920166015625,0.8814697265625,0.4228515625,-0.05987548828125,-0.20147705078125,0.1431884765625,0.42083740234375,-0.89569091796875,0.0081787109375,0.20147705078125,0.49322509765625,-0.8360595703125,0.13067626953125,0.37908935546875,0.203125,-0.90252685546875,0.02001953125,0.25537109375,0.1265869140625,-0.95623779296875,-0.0650634765625
204,0.9676513671875,-0.04010009765625,-0.15838623046875,-0.19207763671875,0.88153076171875,0.42266845703125,-0.05987548828125,-0.201416015625,0.14317500391931437,0.42089394661893814,-0.8956343736935619,0.008165238294314373,0.2015380859375,0.4932861328125,-0.83599853515625,0.13067626953125,0.37914140886287623,0.20319052603731189,-0.9024703111935619,0.02001054948787625,0.25518798828125,0.126708984375,-0.956298828125,-0.065185546875
205,0.9676513671875,-0.04010009765625,-0.15838623046875,-0.19207763671875,0.88153076171875,0.42266845703125,-0.05987548828125,-0.201416015625,0.14300537109375,0.42083740234375,-0.89569091796875,0.00799560546875,0.201416015625,0.4932861328125,-0.8360595703125,0.13043212890625,0.3790283203125,0.2032470703125,-0.90252685546875,0.0198974609375,0.25518798828125,0.126708984375,-0.956298828125,-0.065185546875
206,0.9676513671875,-0.0399169921875,-0.158447265625,-0.19207763671875,0.88165283203125,0.4224853515625,-0.05987548828125,-0.20123291015625,0.14312744140625,0.42083740234375,-0.89569091796875,0.0081787109375,0.2015380859375,0.4932861328125,-0.83599853515625,0.130615234375,0.37908935546875,0.2032470703125,-0.9024658203125,0.02008056640625,0.255126953125,0.12677001953125,-0.956298828125,-0.0650634765625
207,0.9676513671875,-0.0399169921875,-0.158447265625,-0.19207763671875,0.88165283203125,0.4224853515625,-0.05987548828125,-0.20123291015625,0.14288330078125,0.4208984375,-0.89569091796875,0.008056640625,0.201416015625,0.49346923828125,-0.8359375,0.1304931640625,0.37896728515625,0.203369140625,-0.90252685546875,0.02001953125,0.255126953125,0.12677001953125,-0.956298828125,-0.0650634765625
208,0.9676513671875,-0.0399169921875,-0.158447265625,-0.1920166015625,0.88165283203125,0.42254638671875,-0.05975341796875,-0.2010498046875,0.14277980638586957,0.42087190047554346,-0.895751953125,0.008091138756793478,0.201416015625,0.493408203125,-0.83599853515625,0.1304931640625,0.37896728515625,0.203369140625,-0.90252685546875,0.01995849609375,0.25518798828125,0.12677001953125,-0.956298828125,-0.06500244140625
209,0.9676513671875,-0.0399169921875,-0.158447265625,-0.1920166015625,0.88165283203125,0.42254638671875,-0.05975341796875,-0.2010498046875,0.1427001953125,0.4208984375,-0.895751953125,0.00811767578125,0.201416015625,0.49346923828125,-0.83587646484375,0.13067626953125,0.3790283203125,0.20343017578125,-0.9024658203125,0.02020263671875,0.25518798828125,0.12677001953125,-0.956298828125,-0.06500244140625
210,0.9676513671875,-0.04010009765625,-0.15826416015625,-0.19195556640625,0.88165283203125,0.422607421875,-0.05987548828125,-0.20098876953125,0.1424560546875,0.42083740234375,-0.89581298828125,0.008071542184887117,0.20123291015625,0.493408203125,-0.83599853515625,0.13055419921875,0.37884521484375,0.20343017578125,-0.90252685546875,0.02001953125,0.255126953125,0.12677001953125,-0.956298828125,-0.06488037109375
211,0.9676513671875,-0.04010009765625,-0.15826416015625,-0.19195556640625,0.88165283203125,0.422607421875,-0.05987548828125,-0.20098876953125,0.1424560546875,0.42083740234375,-0.89581298828125,0.00823974609375,0.201171875,0.49334716796875,-0.83599853515625,0.13079833984375,0.3787841796875,0.203369140625,-0.902587890625,0.020263671875,0.255126953125,0.12677001953125,-0.956298828125,-0.06488037109375
212,0.9676513671875,-0.04046630859375,-0.158203125,-0.1920166015625,0.881591796875,0.42279052734375,-0.06005859375,-0.20086669921875,0.14232704392244983,0.42089496727372494,-0.89581298828125,0.0079345703125,0.20098876953125,0.493408203125,-0.8360595703125,0.1304931640625,0.37872314453125,0.2034912109375,-0.902587890625,0.01995849609375,0.25518798828125,0.126708984375,-0.956298828125,-0.0650634765625
213,0.9676513671875,-0.04046630859375,-0.158203125,-0.1920166015625,0.881591796875,0.42279052734375,-0.06005859375,-0.20086669921875,0.1422119140625,0.42083740234375,-0.89581298828125,0.0079345703125,0.20098876953125,0.493408203125,-0.83612060546875,0.1304931640625,0.37860107421875,0.20343017578125,-0.90264892578125,0.01995849609375,0.25518798828125,0.126708984375,-0.956298828125,-0.0650634765625
214,0.9676513671875,-0.0404052734375,-0.158203125,-0.1920166015625,0.881591796875,0.4228515625,-0.05999755859375,-0.2008056640625,0.1422119140625,0.42083740234375,-0.89581298828125,0.00799560546875,0.20098876953125,0.493408203125,-0.8360595703125,0.13055419921875,0.37860107421875,0.20343017578125,-0.90264892578125,0.02001953125,0.2550048828125,0.12677001953125,-0.95635986328125,-0.065185546875
215,0.9676513671875,-0.0404052734375,-0.158203125,-0.1920166015625,0.881591796875,0.4228515625,-0.05999755859375,-0.2008056640625,0.14215087890625,0.42083740234375,-0.89581298828125,0.00775146484375,0.20098876953125,0.493408203125,-0.83612060546875,0.1302490234375,0.3785400390625,0.20343017578125,-0.9027099609375,0.019775390625,0.2550048828125,0.12677001953125,-0.95635986328125,-0.065185546875
216,0.9676513671875,-0.04010009765625,-0.158447265625,-0.19207763671875,0.88165283203125,0.4227294921875,-0.05975341796875,-0.20086669921875,0.14238909973348662,0.4208649600229933,-0.8957854306020067,0.007962127991743312,0.2012939453125,0.49346923828125,-0.83599853515625,0.1304931640625,0.3787841796875,0.20343017578125,-0.902587890625,0.02008056640625,0.25506591796875,0.12677001953125,-0.956298828125,-0.06494140625
217,0.9676513671875,-0.04010009765625,-0.158447265625,-0.19207763671875,0.88165283203125,0.4227294921875,-0.05975341796875,-0.20086669921875,0.142333984375,0.42083740234375,-0.89581298828125,0.0079345703125,0.20123291015625,0.49334716796875,-0.8360595703125,0.13055419921875,0.3787841796875,0.203369140625,-0.902587890625,0.02008056640625,0.25506591796875,0.12677001953125,-0.956298828125,-0.06494140625
218,0.9676513671875,-0.04034423828125,-0.1583251953125,-0.192138671875,0.88165283203125,0.4227294921875,-0.0599365234375,-0.20074462890625,0.1421688424304975,0.4208804739757525,-0.89581298828125,0.007744320260242471,0.20098876953125,0.493408203125,-0.8360595703125,0.13037109375,0.378662109375,0.2034912109375,-0.90264892578125,0.0198974609375,0.25506591796875,0.12677001953125,-0.956298828125,-0.06494140625
219,0.9676513671875,-0.04034423828125,-0.1583251953125,-0.192138671875,0.88165283203125,0.4227294921875,-0.0599365234375,-0.20074462890625,0.1422119140625,0.42083740234375,-0.89581298828125,0.00787353515625,0.2010498046875,0.493408203125,-0.8360595703125,0.13055419921875,0.378662109375,0.203369140625,-0.90264892578125,0.02001953125,0.25506591796875,0.12677001953125,-0.956298828125,-0.06494140625
220,0.9676513671875,-0.0404052734375,-0.158203125,-0.192138671875,0.88165283203125,0.42279052734375,-0.05999755859375,-0.20068359375,0.14203615730821487,0.42083740234375,-0.8958715738660117,0.007871085584761708,0.200927734375,0.493408203125,-0.83612060546875,0.13055419921875,0.3785400390625,0.203369140625,-0.90264892578125,0.01995849609375,0.25506591796875,0.12677001953125,-0.956298828125,-0.0650634765625
221,0.9676513671875,-0.0404052734375,-0.158203125,-0.192138671875,0.88165283203125,0.42279052734375,-0.05999755859375,-0.20068359375,0.1422119140625,0.42083740234375,-0.89581298828125,0.0078125,0.2010498046875,0.493408203125,-0.8360595703125,0.13043212890625,0.378662109375,0.2034912109375,-0.902587890625,0.01995849609375,0.25506591796875,0.12677001953125,-0.956298828125,-0.0650634765625
222,0.9676513671875,-0.04010009765625,-0.1580810546875,-0.192138671875,0.8818359375,0.42230224609375,-0.0601806640625,-0.20068359375,0.14215087890625,0.42083740234375,-0.89581298828125,0.0081787109375,0.2010498046875,0.493408203125,-0.8360595703125,0.1307373046875,0.3785400390625,0.20343017578125,-0.90264892578125,0.020263671875,0.25494384765625,0.12677001953125,-0.95635986328125,-0.064697265625
223,0.9676513671875,-0.04010009765625,-0.1580810546875,-0.192138671875,0.8818359375,0.42230224609375,-0.0601806640625,-0.20068359375,0.14202880859375,0.4208984375,-0.89581298828125,0.00823974609375,0.200927734375,0.49334716796875,-0.8360595703125,0.13092041015625,0.37847900390625,0.203369140625,-0.9027099609375,0.02044677734375,0.25494384765625,0.12677001953125,-0.95635986328125,-0.064697265625
224,0.9676513671875,-0.04046630859375,-0.15814208984375,-0.19219970703125,0.88177490234375,0.42236328125,-0.06072998046875,-0.20068359375,0.14202880859375,0.4208984375,-0.89581298828125,0.00787353515625,0.20086669921875,0.49346923828125,-0.8360595703125,0.13055419921875,0.3785400390625,0.2034912109375,-0.90264892578125,0.02008056640625,0.25506591796875,0.12677001953125,-0.95635986328125,-0.064697265625
225,0.9676513671875,-0.04046630859375,-0.15814208984375,-0.19219970703125,0.88177490234375,0.42236328125,-0.06072998046875,-0.20068359375,0.141845703125,0.42083740234375,-0.8958740234375,0.00811767578125,0.20068359375,0.493408203125,-0.83612060546875,0.13079833984375,0.37841796875,0.20343017578125,-0.9027099609375,0.02032470703125,0.25506591796875,0.12677001953125,-0.95635986328125,-0.064697265625
226,0.9676513671875,-0.0408935546875,-0.1580810546875,-0.19219970703125,0.881591796875,0.4227294921875,-0.06103515625,-0.20050048828125,0.1417236328125,0.42083740234375,-0.89593505859375,0.00775146484375,0.20050048828125,0.49346923828125,-0.836181640625,0.13043212890625,0.37835693359375,0.2034912109375,-0.9027099609375,0.01995849609375,0.2550048828125,0.12689208984375,-0.956298828125,-0.065185546875
227,0.9676513671875,-0.0408935546875,-0.1580810546875,-0.19219970703125,0.881591796875,0.4227294921875,-0.06103515625,-0.20050048828125,0.14166259765625,0.4208984375,-0.8958740234375,0.0074462890625,0.20050048828125,0.4935302734375,-0.83612060546875,0.13031005859375,0.37835693359375,0.20361328125,-0.9027099609375,0.019775390625,0.2550048828125,0.12689208984375,-0.956298828125,-0.065185546875
228,0.9676513671875,-0.04022216796875,-0.15826416015625,-0.19207763671875,0.8819580078125,0.422119140625,-0.0606689453125,-0.20050048828125,0.142031666427153,0.420840260177153,-0.895871165604097,0.008055211708298498,0.200927734375,0.493408203125,-0.8360595703125,0.130859375,0.3785400390625,0.203369140625,-0.90264892578125,0.02044677734375,0.25518798828125,0.1268310546875,-0.956298828125,-0.064697265625
229,0.9676513671875,-0.04022216796875,-0.15826416015625,-0.19207763671875,0.8819580078125,0.422119140625,-0.0606689453125,-0.20050048828125,0.14215087890625,0.42095947265625,-0.895751953125,0.00799560546875,0.20098876953125,0.4935302734375,-0.8359375,0.13092041015625,0.378662109375,0.20343017578125,-0.902587890625,0.0205078125,0.25518798828125,0.1268310546875,-0.956298828125,-0.064697265625
230,0.96771240234375,-0.04034423828125,-0.15802001953125,-0.1920166015625,0.88201904296875,0.42193603515625,-0.06103515625,-0.200439453125,0.14190673828125,0.4208984375,-0.8958740234375,0.0079345703125,0.20074462890625,0.493408203125,-0.8360595703125,0.130859375,0.37841796875,0.203369140625,-0.9027099609375,0.0203857421875,0.2551316481370192,0.1267230694110577,-0.9563129131610577,-0.06467848557692309
231,0.96771240234375,-0.04034423828125,-0.15802001953125,-0.1920166015625,0.88201904296875,0.42193603515625,-0.06103515625,-0.200439453125,0.1419677734375,0.42095947265625,-0.89581298828125,0.0081787109375,0.20086669921875,0.49346923828125,-0.83599853515625,0.13104248046875,0.3785400390625,0.20330810546875,-0.9027099609375,0.0205078125,0.25518798828125,0.126708984375,-0.956298828125,-0.06463623046875
232,0.96771240234375,-0.0406494140625,-0.1578369140625,-0.1920166015625,0.8818359375,0.4222412109375,-0.0614013671875,-0.2005615234375,0.1417236328125,0.42095947265625,-0.8958740234375,0.00787353515625,0.20062255859375,0.49346923828125,-0.83612060546875,0.13079833984375,0.37835693359375,0.203369140625,-0.90277099609375,0.02020263671875,0.25506591796875,0.12674042054243312,-0.9563284271138169,-0.06500427858486622
233,0.96771240234375,-0.0406494140625,-0.1578369140625,-0.1920166015625,0.8818359375,0.4222412109375,-0.0614013671875,-0.2005615234375,0.14178466796875,0.42095947265625,-0.89581298828125,0.00775146484375,0.20068359375,0.49346923828125,-0.83612060546875,0.13067626953125,0.37841796875,0.20343017578125,-0.9027099609375,0.02001953125,0.25506591796875,0.12677001953125,-0.956298828125,-0.0650634765625
234,0.96771240234375,-0.0401611328125,-0.157958984375,-0.19195556640625,0.882080078125,0.4217529296875,-0.06134033203125,-0.20062255859375,0.14202880859375,0.4208984375,-0.89581298828125,0.0081787109375,0.200927734375,0.49334716796875,-0.83599853515625,0.131103515625,0.3785400390625,0.2032470703125,-0.9027099609375,0.0205078125,0.2551110309103261,0.12667979364809784,-0.95635986328125,-0.06462296195652176
235,0.96771240234375,-0.0401611328125,-0.157958984375,-0.19195556640625,0.882080078125,0.4217529296875,-0.06134033203125,-0.20062255859375,0.1419677734375,0.42095947265625,-0.89581298828125,0.008056640625,0.20086669921875,0.493408203125,-0.83599853515625,0.1309814453125,0.37841796875,0.2032470703125,-0.90277099609375,0.0203857421875,0.25506591796875,0.12677001953125,-0.95635986328125,-0.06475830078125
236,0.96771240234375,-0.04022216796875,-0.1580810546875,-0.19189453125,0.882080078125,0.4217529296875,-0.06146240234375,-0.20062255859375,0.14202799206992056,0.4208980292380853,-0.8958133965431647,0.007996421992579439,0.20092691785117056,0.4934077948630853,-0.8359989434181647,0.13092122668007944,0.3785400390625,0.20318603515625,-0.9027099609375,0.02032470703125,0.25506591796875,0.126708984375,-0.95635986328125,-0.06463623046875
237,0.96771240234375,-0.04022216796875,-0.1580810546875,-0.19189453125,0.882080078125,0.4217529296875,-0.06146240234375,-0.20062255859375,0.14190673828125,0.42083740234375,-0.8958740234375,0.00811767578125,0.2008056640625,0.49334716796875,-0.8360595703125,0.13104248046875,0.37841796875,0.20318603515625,-0.90277099609375,0.02044677734375,0.25506591796875,0.126708984375,-0.95635986328125,-0.06463623046875
238,0.96771240234375,-0.0404052734375,-0.15814208984375,-0.19195556640625,0.88201904296875,0.42178314106918896,-0.061753697219899685,-0.20068359375,0.14190673828125,0.4208984375,-0.89581298828125,0.00787353515625,0.2008056640625,0.493408203125,-0.8360595703125,0.13079833984375,0.37841796875,0.2032470703125,-0.90277099609375,0.020263671875,0.2549891647287834,0.12677001953125,-0.9563447575904055,-0.06468154754128344
239,0.96771240234375,-0.0404052734375,-0.15814208984375,-0.19195556640625,0.88201904296875,0.4217529296875,-0.0618896484375,-0.20068359375,0.1417236328125,0.4208984375,-0.8958740234375,0.00799560546875,0.2005615234375,0.49334716796875,-0.83612060546875,0.13092041015625,0.378173828125,0.20318603515625,-0.90289306640625,0.0203857421875,0.25494384765625,0.12677001953125,-0.95635986328125,-0.06463623046875
240,0.9676513671875,-0.04058837890625,-0.1583251953125,-0.1920166015625,0.88201904296875,0.42169189453125,-0.06219482421875,-0.20062255859375,0.141845703125,0.42095947265625,-0.89581298828125,0.00775146484375,0.20062255859375,0.49346923828125,-0.83612060546875,0.13067626953125,0.37835693359375,0.20330810546875,-0.90277099609375,0.02020263671875,0.2550965376123537,0.12680063917485368,-0.9563292436376464,-0.06472808939956104
241,0.9676513671875,-0.04058837890625,-0.1583251953125,-0.1920166015625,0.88201904296875,0.42169189453125,-0.06219482421875,-0.20062255859375,0.14166259765625,0.4208984375,-0.8958740234375,0.00787353515625,0.20050048828125,0.493408203125,-0.836181640625,0.13079833984375,0.3782958984375,0.20330810546875,-0.90283203125,0.02032470703125,0.25506591796875,0.12677001953125,-0.95635986328125,-0.06463623046875
242,0.9676513671875,-0.04071044921875,-0.1583251953125,-0.19195556640625,0.88201904296875,0.421630859375,-0.062255859375,-0.20062255859375,0.14166259765625,0.42083740234375,-0.89593505859375,0.00775146484375,0.20050048828125,0.49334716796875,-0.836181640625,0.13067626953125,0.3782958984375,0.2032470703125,-0.90283203125,0.0201416015625,0.25506591796875,0.12677001953125,-0.95635986328125,-0.06474339922136288
243,0.9676513671875,-0.04071044921875,-0.1583251953125,-0.19195556640625,0.88201904296875,0.421630859375,-0.062255859375,-0.20062255859375,0.14154052734375,0.42083740234375,-0.89593505859375,0.0076904296875,0.200439453125,0.493408203125,-0.836181640625,0.13067626953125,0.37823486328125,0.2032470703125,-0.90283203125,0.0201416015625,0.25506591796875,0.12677001953125,-0.95635986328125,-0.064697265625
244,0.9676513671875,-0.04071044921875,-0.1583251953125,-0.19195556640625,0.8820794657321279,0.4215704366116221,-0.06213501384824414,-0.20062255859375,0.14154052734375,0.42083740234375,-0.89593505859375,0.0076904296875,0.200439453125,0.493408203125,-0.836181640625,0.13067626953125,0.37823486328125,0.2032470703125,-0.90283203125,0.0201416015625,0.25506591796875,0.12677001953125,-0.95635986328125,-0.064697265625
245,0.9676513671875,-0.04071044921875,-0.1583251953125,-0.19195556640625,0.882080078125,0.42156982421875,-0.0621337890625,-0.20062255859375,0.1416015625,0.42095947265625,-0.8958740234375,0.00762939453125,0.200439453125,0.493408203125,-0.836181640625,0.13055419921875,0.37812953170725333,0.20329973609949833,-0.9028846970369984,0.0201416015625,0.2550048828125,0.1268310546875,-0.95635986328125,-0.06475830078125
246,0.9676513671875,-0.04058837890625,-0.1583251953125,-0.19195556640625,0.88214111328125,0.42141897144126256,-0.062419368271843655,-0.20065134105873747,0.1416015625,0.42095947265625,-0.8958740234375,0.00775146484375,0.20050048828125,0.493408203125,-0.836181640625,0.13067626953125,0.37811279296875,0.20330810546875,-0.90289306640625,0.020263671875,0.2548701563806438,0.12681492834186872,-0.9564047720918687,-0.06454641284751254
247,0.9676513671875,-0.04058837890625,-0.1583251953125,-0.19195556640625,0.88214111328125,0.42138671875,-0.0625,-0.20068359375,0.1414794921875,0.4208984375,-0.89593505859375,0.00775146484375,0.2003173828125,0.493408203125,-0.836181640625,0.1307373046875,0.37799072265625,0.20330810546875,-0.9029541015625,0.02020263671875,0.25482177734375,0.1268310546875,-0.9564208984375,-0.06451416015625
248,0.9676513671875,-0.04071044921875,-0.1583251953125,-0.19195556640625,0.8820506832671404,0.4215381839203595,-0.06264472884876673,-0.20068583919053093,0.1414794921875,0.4208984375,-0.89593505859375,0.00762939453125,0.2003173828125,0.49346923828125,-0.836181640625,0.130615234375,0.37799072265625,0.20330810546875,-0.9029541015625,0.02008056640625,0.25482177734375,0.12688984440321907,-0.9564208984375,-0.06469502018446907
249,0.9676513671875,-0.04071044921875,-0.1583251953125,-0.19195556640625,0.88201904296875,0.42156982421875,-0.0628662109375,-0.20062255859375,0.14141845703125,0.4208984375,-0.89593505859375,0.00750732421875,0.20025634765625,0.49346923828125,-0.836181640625,0.13055419921875,0.37799072265625,0.20343017578125,-0.90289306640625,0.01995849609375,0.25482177734375,0.126953125,-0.9564208984375,-0.06475830078125
250,0.9676513671875,-0.04052734375,-0.1583251953125,-0.19189453125,0.8822021484375,0.42120361328125,-0.06292724609375,-0.2005615234375,0.1414794921875,0.42083740234375,-0.89593505859375,0.0076904296875,0.20033126371760032,0.49343596493520064,-0.8361677597198997,0.13067626953125,0.37799072265625,0.20330810546875,-0.9029541015625,0.0201416015625,0.25478850399770064,0.12690597074885032,-0.9564070175323997,-0.06460295712270067
251,0.9676513671875,-0.04052734375,-0.1583251953125,-0.19189453125,0.8822021484375,0.42120361328125,-0.06292724609375,-0.2005615234375,0.14166259765625,0.4210205078125,-0.89581298828125,0.00762939453125,0.20037841796875,0.4935302734375,-0.83612060546875,0.13067626953125,0.3780517578125,0.20330810546875,-0.90289306640625,0.0201416015625,0.2548828125,0.126953125,-0.95635986328125,-0.064697265625
252,0.96771240234375,-0.0404052734375,-0.15826416015625,-0.19183349609375,0.8823225857023411,0.4210221408601589,-0.06310871851484114,-0.20050212132890888,0.1416015625,0.42095947265625,-0.8958740234375,0.00775146484375,0.20037841796875,0.49346923828125,-0.83612060546875,0.130859375,0.37799072265625,0.2032470703125,-0.9029541015625,0.02020263671875,0.2547607421875,0.12689208984375,-0.9564208984375,-0.0645751953125
253,0.96771240234375,-0.0404052734375,-0.15826416015625,-0.19183349609375,0.88232421875,0.4210205078125,-0.0631103515625,-0.20050048828125,0.14166259765625,0.4208984375,-0.89593505859375,0.0079345703125,0.2003173828125,0.49334716796875,-0.836181640625,0.13092041015625,0.37793907752403844,0.20314378004807693,-0.9030057466947116,0.020357572115384626,0.25482177734375,0.1268310546875,-0.9564208984375,-0.064453125
254,0.96771240234375,-0.0406494140625,-0.158203125,-0.19183349609375,0.8822899247491639,0.42107194881375415,-0.06315423971833194,-0.20047374712583613,0.14154052734375,0.42083740234375,-0.89593505859375,0.0076904296875,0.20013427734375,0.49334716796875,-0.83624267578125,0.1307373046875,0.37786865234375,0.20318603515625,-0.90301513671875,0.0201416015625,0.2547607421875,0.12689208984375,-0.9564208984375,-0.064697265625
255,0.96771240234375,-0.0406494140625,-0.158203125,-0.19183349609375,0.88232421875,0.4210205078125,-0.06317138671875,-0.200439453125,0.141357421875,0.4208984375,-0.89593505859375,0.00775146484375,0.20013427734375,0.49334716796875,-0.8363037109375,0.1307373046875,0.377760258805393,0.20322216633570234,-0.9030512678982023,0.0201416015625,0.25469970703125,0.12689208984375,-0.9564208984375,-0.0645751953125
256,0.96771240234375,-0.04071044921875,-0.15814208984375,-0.19183349609375,0.88226318359375,0.42108154296875,-0.06326079607807274,-0.20046782732807275,0.14129638671875,0.4208984375,-0.89599609375,0.00775146484375,0.19998383282817725,0.49334716796875,-0.8363320851405728,0.13064789532817725,0.37762451171875,0.20330810546875,-0.903076171875,0.02008056640625,0.2545819234688545,0.12692046404682275,-0.9564492726405728,-0.06466460467182274
257,0.96771240234375,-0.04071044921875,-0.15814208984375,-0.19183349609375,0.88226318359375,0.42108154296875,-0.06329345703125,-0.20050048828125,0.14117431640625,0.42083740234375,-0.89599609375,0.007568359375,0.199951171875,0.49334716796875,-0.83636474609375,0.130615234375,0.37750244140625,0.20330810546875,-0.90313720703125,0.01995849609375,0.2545166015625,0.126953125,-0.95648193359375,-0.064697265625
258,0.9676513671875,-0.04058837890625,-0.1583251953125,-0.19183349609375,0.8823113584996864,0.4209851931568771,-0.06318424696906355,-0.20051334853156355,0.14141845703125,0.4208984375,-0.89593505859375,0.00762939453125,0.20009569659280937,0.493408203125,-0.8362555360315636,0.1306505490306229,0.377685546875,0.20330810546875,-0.903076171875,0.02008056640625,0.25466112628030935,0.12696598525031355,-0.9564337586878136,-0.06452702040656355
259,0.9676513671875,-0.040583275632316056,-0.15833029858643394,-0.19183349609375,0.88226318359375,0.42107643969481606,-0.063232421875,-0.2005615234375,0.14124045483643394,0.4208984375,-0.89593505859375,0.00762939453125,0.1999613784228679,0.493408203125,-0.836298607663566,0.13055930249268394,0.37750754468018394,0.203369140625,-0.903132103757316,0.019963599367683944,0.25452170483643394,0.12701416015625,-0.95648193359375,-0.06457009203856605
260,0.9676513671875,-0.04052734375,-0.15838623046875,-0.19183349609375,0.88226318359375,0.4210205078125,-0.063232421875,-0.2005615234375,0.14129638671875,0.4208984375,-0.89593505859375,0.00762939453125,0.2000732421875,0.493408203125,-0.83624267578125,0.130615234375,0.3775634765625,0.203369140625,-0.903076171875,0.02001953125,0.25457763671875,0.12701416015625,-0.95648193359375,-0.06451416015625
261,0.9676513671875,-0.04052734375,-0.15838623046875,-0.19183349609375,0.88214111328125,0.4212646484375,-0.06329345703125,-0.20062255859375,0.1412353515625,0.42095947265625,-0.89593505859375,0.00738525390625,0.2000732421875,0.49346923828125,-0.83624267578125,0.1304931640625,0.3775634765625,0.20341976510242474,-0.903076171875,0.019918282295150507,0.2545166015625,0.1270751953125,-0.9564208984375,-0.064697265625
262,0.96771240234375,-0.040283203125,-0.15838623046875,-0.1917724609375,0.8823060510947951,0.42097764031145485,-0.06328692484061456,-0.2005368235916597,0.14129638671875,0.4208984375,-0.89599609375,0.00762939453125,0.20013427734375,0.4934939381270903,-0.8361998082802049,0.13063340203020485,0.3775634765625,0.20330810546875,-0.903076171875,0.0201416015625,0.25455946906354515,0.1270998951583403,-0.9564390660927049,-0.06449599250104515
263,0.96771240234375,-0.040283203125,-0.15838623046875,-0.1917724609375,0.88232421875,0.42095947265625,-0.063232421875,-0.20050048828125,0.14129638671875,0.4210205078125,-0.8958740234375,0.00762939453125,0.20013427734375,0.4935302734375,-0.836181640625,0.130615234375,0.37763369761183113,0.20341343704274667,-0.9030410613503345,0.0201416015625,0.25457763671875,0.12713623046875,-0.9564208984375,-0.06451416015625
264,0.96771240234375,-0.0404052734375,-0.158203125,-0.19171142578125,0.88226318359375,0.4210878710284281,-0.06333346669889214,-0.20050048828125,0.14111328125,0.42095947265625,-0.89593505859375,0.00750732421875,0.19997852542328595,0.4935512989261079,-0.836249003840928,0.13055419921875,0.37750244140625,0.2034912109375,-0.903076171875,0.02001953125,0.2544492383465719,0.1271299024090719,-0.956454580045464,-0.06463623046875
265,0.96771240234375,-0.0404052734375,-0.158203125,-0.19171142578125,0.88226318359375,0.4210205078125,-0.063232421875,-0.20050048828125,0.14117431640625,0.42108154296875,-0.8958740234375,0.0074462890625,0.20001220703125,0.49365234375,-0.836181640625,0.13055419921875,0.37752203797815637,0.2035304040813127,-0.903076171875,0.02001953125,0.2545166015625,0.127197265625,-0.9564208984375,-0.06463623046875
266,0.9677734375,-0.04022216796875,-0.15814208984375,-0.191650390625,0.8823360583455268,0.4208747583089465,-0.0633781713785535,-0.20047497191158026,0.14117431640625,0.4210205078125,-0.89593505859375,0.0076904296875,0.20001220703125,0.49354211303302675,-0.836181640625,0.13072546509197325,0.37750244140625,0.2034912109375,-0.903076171875,0.0201416015625,0.25445556640625,0.12714807006427675,-0.95648193359375,-0.06448864378658027
267,0.9677734375,-0.04022216796875,-0.15814208984375,-0.191650390625,0.88238525390625,0.4207763671875,-0.0634765625,-0.20062255859375,0.14111328125,0.4210205078125,-0.89593505859375,0.00750732421875,0.20001220703125,0.49359130859375,-0.836181640625,0.13067626953125,0.37749835878710286,0.2034912109375,-0.9030802544941472,0.020137518943352844,0.25445556640625,0.127197265625,-0.95648193359375,-0.06463623046875
268,0.9677734375,-0.0401611328125,-0.15814208984375,-0.19171142578125,0.88238525390625,0.4207763671875,-0.0634765625,-0.2005615234375,0.14111328125,0.42108154296875,-0.8958740234375,0.007568359375,0.20001220703125,0.49365234375,-0.83612060546875,0.1307373046875,0.37744140625,0.2034912109375,-0.90313720703125,0.0201416015625,0.25445556640625,0.12725830078125,-0.9564208984375,-0.06451416015625
269,0.9677734375,-0.0401611328125,-0.15814208984375,-0.19171142578125,0.88250732421875,0.42047119140625,-0.06402587890625,-0.200439453125,0.14111328125,0.4210205078125,-0.89593505859375,0.0076904296875,0.19989013671875,0.49359130859375,-0.836181640625,0.1307373046875,0.37744140625,0.2034912109375,-0.90313720703125,0.020191205385137957,0.25445556640625,0.1273193359375,-0.95648193359375,-0.06439208984375
270,0.9677734375,-0.040283203125,-0.157958984375,-0.19171142578125,0.8824462890625,0.420654296875,-0.06414794921875,-0.200439453125,0.14093017578125,0.4210205078125,-0.89593505859375,0.007568359375,0.19974887809625835,0.49359130859375,-0.83624267578125,0.1307599632237667,0.3773193359375,0.2034912109375,-0.9031982421875,0.02008056640625,0.2542724609375,0.1273193359375,-0.95648193359375,-0.0645751953125
271,0.9677734375,-0.040283203125,-0.157958984375,-0.19171142578125,0.88250732421875,0.4205322265625,-0.06427001953125,-0.2003173828125,0.14105224609375,0.42108154296875,-0.89593505859375,0.007568359375,0.19976806640625,0.49359130859375,-0.83624267578125,0.13079833984375,0.37738751567725753,0.2035593906772575,-0.9031641523176213,0.02011465627612876,0.25445556640625,0.1273193359375,-0.9564208984375,-0.06451416015625
272,0.96783447265625,-0.0401611328125,-0.15789794921875,-0.191650390625,0.88250732421875,0.42041015625,-0.06439208984375,-0.2003173828125,0.1409912109375,0.4210205078125,-0.89593505859375,0.00775146484375,0.1997596970369983,0.4935829392244983,-0.8362163428877508,0.1308677443692517,0.37738037109375,0.2034912109375,-0.90313720703125,0.02020263671875,0.25439453125,0.12725830078125,-0.95648193359375,-0.06439208984375
273,0.96783447265625,-0.0401611328125,-0.15789794921875,-0.191650390625,0.882568359375,0.42047119140625,-0.06402587890625,-0.2001953125,0.14117431640625,0.42108154296875,-0.8958740234375,0.007568359375,0.1998291015625,0.49365234375,-0.836181640625,0.13079833984375,0.37738037109375,0.20358409052309784,-0.9031186311141305,0.0201469089673913,0.25439453125,0.12738037109375,-0.9564208984375,-0.06463623046875
274,0.96783447265625,-0.0399169921875,-0.1578369140625,-0.1915283203125,0.88270124862824,0.42023786972198995,-0.0641116139083403,-0.20017367461852006,0.14118513534698995,0.42100274841920987,-0.8959134207122701,0.0077800431777801,0.199951171875,0.4937744140625,-0.8360595703125,0.13079833984375,0.3773193359375,0.20361328125,-0.90313720703125,0.02020263671875,0.25434431503448995,0.12730157654420987,-0.95647111465301,-0.0644245466659699
275,0.96783447265625,-0.0399169921875,-0.1578369140625,-0.1915283203125,0.88275146484375,0.4202880859375,-0.06365966796875,-0.2000732421875,0.1412353515625,0.42120361328125,-0.89581298828125,0.00762939453125,0.199951171875,0.4937744140625,-0.8360595703125,0.13079833984375,0.37732239790186034,0.20362859107180184,-0.9031341450668896,0.020199574754389632,0.25439453125,0.12750244140625,-0.9564208984375,-0.0645751953125
276,0.9678955078125,-0.03961181640625,-0.15771484375,-0.19134521484375,0.8828125,0.4200439453125,-0.06390380859375,-0.20013427734375,0.1412353515625,0.4210205078125,-0.89593505859375,0.0079345703125,0.199951171875,0.4937556340144231,-0.8360642653245193,0.131103515625,0.37725830078125,0.20367431640625,-0.90313720703125,0.02044677734375,0.2542724609375,0.1273193359375,-0.95648193359375,-0.0643310546875
277,0.9678955078125,-0.03961181640625,-0.15771484375,-0.19134521484375,0.8829345703125,0.41986083984375,-0.06353759765625,-0.199951171875,0.14117431640625,0.421142578125,-0.8958740234375,0.00799560546875,0.199951171875,0.4937744140625,-0.8360595703125,0.131103515625,0.37725830078125,0.20367431640625,-0.90313720703125,0.02044677734375,0.25439453125,0.1275634765625,-0.95648193359375,-0.06427001953125
278,0.96795654296875,-0.03985595703125,-0.15753173828125,-0.19122314453125,0.8828941523829431,0.4199825018943353,-0.06380235550794314,-0.19990993742161373,0.1409912109375,0.4210205078125,-0.89593505859375,0.0078125,0.19964599609375,0.49371337890625,-0.83612060546875,0.13104248046875,0.377197265625,0.20379638671875,-0.90313720703125,0.02032470703125,0.25421142578125,0.12750244140625,-0.95648193359375,-0.0645751953125
279,0.96795654296875,-0.03985595703125,-0.15753173828125,-0.19122314453125,0.8829345703125,0.419921875,-0.0638427734375,-0.1998291015625,0.14093017578125,0.42108154296875,-0.89593505859375,0.0079345703125,0.19964599609375,0.49371337890625,-0.83612060546875,0.13104248046875,0.37713112719481606,0.20382945593384197,-0.9031702762463419,0.02042391467652591,0.2542724609375,0.1275634765625,-0.95648193359375,-0.0643310546875
280,0.96795654296875,-0.0400390625,-0.157470703125,-0.19110107421875,0.8828125,0.4201198820286371,-0.0638278718776129,-0.19984992292015052,0.14080810546875,0.42101009713367477,-0.8959707815112876,0.007787187761287629,0.19952392578125,0.49371337890625,-0.836181640625,0.13092041015625,0.37701416015625,0.2037353515625,-0.9031982421875,0.020263671875,0.25421142578125,0.12752775364496238,-0.95648193359375,-0.0645751953125
281,0.96795654296875,-0.0400390625,-0.157470703125,-0.19110107421875,0.8828125,0.42022705078125,-0.063720703125,-0.19970703125,0.14080810546875,0.42108154296875,-0.89593505859375,0.00775146484375,0.19952392578125,0.49371337890625,-0.836181640625,0.13092041015625,0.37701416015625,0.20380557261183108,-0.9031982421875,0.020263671875,0.25421142578125,0.1275634765625,-0.95648193359375,-0.0645751953125
282,0.968017578125,-0.03985595703125,-0.15753173828125,-0.19091796875,0.8828931317281563,0.41997311187029684,-0.06376438714987458,-0.1997899084186873,0.14093997406720318,0.4209888675141095,-0.8959764971780937,0.0079345703125,0.19964599609375,0.49371337890625,-0.83612060546875,0.13092041015625,0.3770751953125,0.20379638671875,-0.9031982421875,0.0203857421875,0.2542724609375,0.1274195642375627,-0.95648193359375,-0.06440188812970318
283,0.9680196194345736,-0.03985391572167642,-0.1575296969716764,-0.19091388613085283,0.88299560546875,0.4199198336904264,-0.06335857480664717,-0.19958904355664717,0.1409891696279264,0.4211384955058528,-0.8958760647470736,0.007936611622073583,0.19964599609375,0.4937092962871028,-0.8361226467783236,0.1309224514658236,0.3770711126933528,0.20379638671875,-0.9032002834970736,0.020389824806647167,0.2542704196279264,0.12762042909960283,-0.95648193359375,-0.06445108369042642
284,0.96807861328125,-0.039794921875,-0.157470703125,-0.1907958984375,0.88299560546875,0.41986083984375,-0.0634765625,-0.19970703125,0.14093017578125,0.4210205078125,-0.89593505859375,0.00799560546875,0.19952392578125,0.49365234375,-0.836181640625,0.13116455078125,0.376953125,0.20379638671875,-0.90325927734375,0.0205078125,0.25421142578125,0.12750244140625,-0.95648193359375,-0.06439208984375
285,0.96807861328125,-0.039794921875,-0.157470703125,-0.1907958984375,0.88287353515625,0.42010498046875,-0.063720703125,-0.1998291015625,0.14080810546875,0.4210205078125,-0.89593505859375,0.008056640625,0.19952392578125,0.49365234375,-0.836181640625,0.13116455078125,0.376953125,0.20379638671875,-0.90325927734375,0.0205078125,0.254150390625,0.12750244140625,-0.95654296875,-0.064208984375
286,0.968017578125,-0.0400390625,-0.15740966796875,-0.19085693359375,0.88275146484375,0.4202880859375,-0.06365966796875,-0.19976806640625,0.14068603515625,0.421142578125,-0.89593505859375,0.00787353515625,0.1993408203125,0.4937744140625,-0.836181640625,0.13092041015625,0.3768310546875,0.20391845703125,-0.90325927734375,0.02032470703125,0.25408935546875,0.12762451171875,-0.95648193359375,-0.064453125
287,0.968017578125,-0.0400390625,-0.15740966796875,-0.19085693359375,0.88275146484375,0.42041015625,-0.0634765625,-0.19964599609375,0.14056396484375,0.421142578125,-0.89593505859375,0.00775146484375,0.1993408203125,0.4937744140625,-0.836181640625,0.13092041015625,0.3768310546875,0.20391845703125,-0.90325927734375,0.02032470703125,0.25408935546875,0.12774658203125,-0.95648193359375,-0.0645751953125
288,0.96807861328125,-0.039794921875,-0.15740966796875,-0.19085693359375,0.88287353515625,0.420166015625,-0.0635986328125,-0.19952392578125,0.140625,0.421142578125,-0.89593505859375,0.00799560546875,0.199462890625,0.4937744140625,-0.83612060546875,0.13104248046875,0.37677001953125,0.2039794921875,-0.90325927734375,0.0203857421875,0.2540283203125,0.127685546875,-0.95654296875,-0.0643310546875
289,0.96807861328125,-0.039794921875,-0.15740966796875,-0.19085693359375,0.8828125,0.420166015625,-0.06378173828125,-0.199951171875,0.140625,0.42108154296875,-0.89593505859375,0.00799560546875,0.199462890625,0.4937744140625,-0.83612060546875,0.13104248046875,0.37677001953125,0.2039794921875,-0.90325927734375,0.0203857421875,0.25396728515625,0.1275634765625,-0.95654296875,-0.0643310546875
290,0.968017578125,-0.039794921875,-0.15753173828125,-0.19097900390625,0.8828125,0.420166015625,-0.0635986328125,-0.19989013671875,0.1407470703125,0.42120361328125,-0.8958740234375,0.00799560546875,0.19940185546875,0.49365234375,-0.83624267578125,0.13116455078125,0.3768310546875,0.203857421875,-0.90325927734375,0.0205078125,0.25408935546875,0.127685546875,-0.95648193359375,-0.06427001953125
291,0.9680165574702132,-0.039804107768081104,-0.15752867631688963,-0.19098104521582357,0.8828694525371028,0.4199310608930811,-0.06414692856396322,-0.199951171875,0.14061887607127926,0.4209615139658236,-0.89605712890625,0.008231580855455688,0.19939573154002926,0.4936543850595736,-0.8362436964360368,0.13115740619774247,0.37682799272313966,0.2038584425297868,-0.9032602979985368,0.020504750535639632,0.2541483493154264,0.12750550337061037,-0.95654296875,-0.0640350647993311
292,0.96795654296875,-0.04034423828125,-0.1573486328125,-0.19110107421875,0.88262939453125,0.42047119140625,-0.0640869140625,-0.199951171875,0.1402587890625,0.42108154296875,-0.89605712890625,0.00775146484375,0.19903564453125,0.49371337890625,-0.83624267578125,0.1309814453125,0.37664794921875,0.20391845703125,-0.9033203125,0.02032470703125,0.2540283203125,0.127685546875,-0.95654296875,-0.0645751953125
293,0.96795654296875,-0.04034423828125,-0.1573486328125,-0.19110107421875,0.88275146484375,0.42022705078125,-0.06402587890625,-0.1998291015625,0.14044189453125,0.421142578125,-0.89599609375,0.00787353515625,0.19903564453125,0.49371337890625,-0.83624267578125,0.1309814453125,0.37664794921875,0.20391845703125,-0.9033203125,0.02032470703125,0.25408935546875,0.12762451171875,-0.95648193359375,-0.064453125
294,0.968017578125,-0.0401611328125,-0.1573486328125,-0.19110107421875,0.88287353515625,0.4200439453125,-0.0640869140625,-0.19976806640625,0.14044189453125,0.421142578125,-0.89599609375,0.008056640625,0.19921875,0.49365234375,-0.83624267578125,0.1312255859375,0.376708984375,0.203857421875,-0.9033203125,0.02056884765625,0.25408935546875,0.12762451171875,-0.95654296875,-0.06427001953125
295,0.968017578125,-0.0401611328125,-0.1573486328125,-0.19110107421875,0.8828125,0.42022705078125,-0.0638427734375,-0.19970703125,0.14056396484375,0.42108154296875,-0.89599609375,0.0081787109375,0.19921875,0.49365234375,-0.83624267578125,0.1312255859375,0.376708984375,0.203857421875,-0.9033203125,0.02056884765625,0.25421142578125,0.1275634765625,-0.95648193359375,-0.064208984375
296,0.968017578125,-0.04046630859375,-0.1572265625,-0.19110107421875,0.8826904296875,0.4205322265625,-0.0638427734375,-0.19970703125,0.140380859375,0.42108154296875,-0.89599609375,0.00787353515625,0.19903564453125,0.49371337890625,-0.83624267578125,0.13104248046875,0.376708984375,0.20391845703125,-0.9033203125,0.02032470703125,0.25408935546875,0.12762451171875,-0.95648193359375,-0.06451416015625
297,0.968017578125,-0.04046630859375,-0.1572265625,-0.19110107421875,0.8828125,0.42041015625,-0.06353759765625,-0.199462890625,0.14044189453125,0.42120361328125,-0.89593505859375,0.00787353515625,0.19903564453125,0.49371337890625,-0.83624267578125,0.13104248046875,0.376708984375,0.20391845703125,-0.9033203125,0.02032470703125,0.25421142578125,0.127685546875,-0.95648193359375,-0.06451416015625
298,0.96807861328125,-0.04046630859375,-0.15692138671875,-0.19110107421875,0.88275146484375,0.4205322265625,-0.06378173828125,-0.1993408203125,0.14013671875,0.42120361328125,-0.89599609375,0.00799560546875,0.19891357421875,0.49383544921875,-0.83624267578125,0.13104248046875,0.37652587890625,0.2041015625,-0.90338134765625,0.02020263671875,0.25390625,0.12774658203125,-0.95654296875,-0.0645751953125
299,0.96807861328125,-0.04046630859375,-0.15692138671875,-0.19110107421875,0.882568359375,0.42083740234375,-0.06341552734375,-0.19970703125,0.1402587890625,0.4212646484375,-0.89593505859375,0.0078125,0.19891357421875,0.49383544921875,-0.83624267578125,0.13104248046875,0.37652587890625,0.2041015625,-0.90338134765625,0.02020263671875,0.25396728515625,0.12774658203125,-0.95654296875,-0.064697265625
