unsigned char gesture_model_int8_tflite[] = {
  0x20, 0x00, 0x00, 0x00, 0x54, 0x46, 0x4c, 0x33, 0x00, 0x00, 0x00, 0x00,
  0x14, 0x00, 0x20, 0x00, 0x1c, 0x00, 0x18, 0x00, 0x14, 0x00, 0x10, 0x00,
  0x0c, 0x00, 0x00, 0x00, 0x08, 0x00, 0x04, 0x00, 0x14, 0x00, 0x00, 0x00,
  0x1c, 0x00, 0x00, 0x00, 0x88, 0x00, 0x00, 0x00, 0xe0, 0x00, 0x00, 0x00,
  0x70, 0x48, 0x00, 0x00, 0x80, 0x48, 0x00, 0x00, 0x74, 0x85, 0x00, 0x00,
  0x03, 0x00, 0x00, 0x00, 0x01, 0x00, 0x00, 0x00, 0x04, 0x00, 0x00, 0x00,
  0xf2, 0xb2, 0xff, 0xff, 0x0c, 0x00, 0x00, 0x00, 0x1c, 0x00, 0x00, 0x00,
  0x3c, 0x00, 0x00, 0x00, 0x0f, 0x00, 0x00, 0x00, 0x73, 0x65, 0x72, 0x76,
  0x69, 0x6e, 0x67, 0x5f, 0x64, 0x65, 0x66, 0x61, 0x75, 0x6c, 0x74, 0x00,
  0x01, 0x00, 0x00, 0x00, 0x04, 0x00, 0x00, 0x00, 0x94, 0xff, 0xff, 0xff,
  0x30, 0x00, 0x00, 0x00, 0x04, 0x00, 0x00, 0x00, 0x08, 0x00, 0x00, 0x00,
  0x6f, 0x75, 0x74, 0x70, 0x75, 0x74, 0x5f, 0x30, 0x00, 0x00, 0x00, 0x00,
  0x01, 0x00, 0x00, 0x00, 0x04, 0x00, 0x00, 0x00, 0x26, 0xb7, 0xff, 0xff,
  0x04, 0x00, 0x00, 0x00, 0x0b, 0x00, 0x00, 0x00, 0x69, 0x6e, 0x70, 0x75,
  0x74, 0x5f, 0x6c, 0x61, 0x79, 0x65, 0x72, 0x00, 0x02, 0x00, 0x00, 0x00,
  0x34, 0x00, 0x00, 0x00, 0x04, 0x00, 0x00, 0x00, 0xdc, 0xff, 0xff, 0xff,
  0x33, 0x00, 0x00, 0x00, 0x04, 0x00, 0x00, 0x00, 0x13, 0x00, 0x00, 0x00,
  0x43, 0x4f, 0x4e, 0x56, 0x45, 0x52, 0x53, 0x49, 0x4f, 0x4e, 0x5f, 0x4d,
  0x45, 0x54, 0x41, 0x44, 0x41, 0x54, 0x41, 0x00, 0x08, 0x00, 0x0c, 0x00,
  0x08, 0x00, 0x04, 0x00, 0x08, 0x00, 0x00, 0x00, 0x32, 0x00, 0x00, 0x00,
  0x04, 0x00, 0x00, 0x00, 0x13, 0x00, 0x00, 0x00, 0x6d, 0x69, 0x6e, 0x5f,
  0x72, 0x75, 0x6e, 0x74, 0x69, 0x6d, 0x65, 0x5f, 0x76, 0x65, 0x72, 0x73,
  0x69, 0x6f, 0x6e, 0x00, 0x34, 0x00, 0x00, 0x00, 0x8c, 0x47, 0x00, 0x00,
  0x84, 0x47, 0x00, 0x00, 0x70, 0x47, 0x00, 0x00, 0x54, 0x47, 0x00, 0x00,
  0x40, 0x47, 0x00, 0x00, 0x24, 0x47, 0x00, 0x00, 0x08, 0x47, 0x00, 0x00,
  0xec, 0x46, 0x00, 0x00, 0xd0, 0x46, 0x00, 0x00, 0xac, 0x46, 0x00, 0x00,
  0x5c, 0x45, 0x00, 0x00, 0x4c, 0x44, 0x00, 0x00, 0x3c, 0x34, 0x00, 0x00,
  0xec, 0x33, 0x00, 0x00, 0x9c, 0x33, 0x00, 0x00, 0x8c, 0x32, 0x00, 0x00,
  0x7c, 0x1a, 0x00, 0x00, 0x4c, 0x1a, 0x00, 0x00, 0x1c, 0x1a, 0x00, 0x00,
  0x8c, 0x19, 0x00, 0x00, 0x7c, 0x0f, 0x00, 0x00, 0x5c, 0x0f, 0x00, 0x00,
  0x3c, 0x0f, 0x00, 0x00, 0xec, 0x0e, 0x00, 0x00, 0x5c, 0x01, 0x00, 0x00,
  0x54, 0x01, 0x00, 0x00, 0x4c, 0x01, 0x00, 0x00, 0x44, 0x01, 0x00, 0x00,
  0x3c, 0x01, 0x00, 0x00, 0x34, 0x01, 0x00, 0x00, 0x2c, 0x01, 0x00, 0x00,
  0x24, 0x01, 0x00, 0x00, 0x1c, 0x01, 0x00, 0x00, 0x14, 0x01, 0x00, 0x00,
  0x0c, 0x01, 0x00, 0x00, 0x04, 0x01, 0x00, 0x00, 0xfc, 0x00, 0x00, 0x00,
  0xf4, 0x00, 0x00, 0x00, 0xec, 0x00, 0x00, 0x00, 0xe4, 0x00, 0x00, 0x00,
  0xdc, 0x00, 0x00, 0x00, 0xd4, 0x00, 0x00, 0x00, 0xcc, 0x00, 0x00, 0x00,
  0xc4, 0x00, 0x00, 0x00, 0xbc, 0x00, 0x00, 0x00, 0xb4, 0x00, 0x00, 0x00,
  0xac, 0x00, 0x00, 0x00, 0xa4, 0x00, 0x00, 0x00, 0x9c, 0x00, 0x00, 0x00,
  0x94, 0x00, 0x00, 0x00, 0x74, 0x00, 0x00, 0x00, 0x04, 0x00, 0x00, 0x00,
  0x6e, 0xb8, 0xff, 0xff, 0x04, 0x00, 0x00, 0x00, 0x60, 0x00, 0x00, 0x00,
  0x0c, 0x00, 0x00, 0x00, 0x08, 0x00, 0x0e, 0x00, 0x08, 0x00, 0x04, 0x00,
  0x08, 0x00, 0x00, 0x00, 0x10, 0x00, 0x00, 0x00, 0x28, 0x00, 0x00, 0x00,
  0x00, 0x00, 0x06, 0x00, 0x08, 0x00, 0x04, 0x00, 0x06, 0x00, 0x00, 0x00,
  0x04, 0x00, 0x00, 0x00, 0x01, 0x00, 0x00, 0x00, 0xeb, 0x03, 0x00, 0x00,
  0x0c, 0x00, 0x18, 0x00, 0x14, 0x00, 0x10, 0x00, 0x0c, 0x00, 0x04, 0x00,
  0x0c, 0x00, 0x00, 0x00, 0xaa, 0x61, 0x82, 0xc9, 0x2c, 0xc8, 0x36, 0x8f,
  0x02, 0x00, 0x00, 0x00, 0x02, 0x00, 0x00, 0x00, 0x04, 0x00, 0x00, 0x00,
  0x06, 0x00, 0x00, 0x00, 0x32, 0x2e, 0x32, 0x31, 0x2e, 0x30, 0x00, 0x00,
  0xda, 0xb8, 0xff, 0xff, 0x04, 0x00, 0x00, 0x00, 0x10, 0x00, 0x00, 0x00,
  0x31, 0x2e, 0x31, 0x34, 0x2e, 0x30, 0x00, 0x00, 0x00, 0x00, 0x00, 0x00,
  0x00, 0x00, 0x00, 0x00, 0x84, 0x7d, 0xff, 0xff, 0x88, 0x7d, 0xff, 0xff,
  0x8c, 0x7d, 0xff, 0xff, 0x90, 0x7d, 0xff, 0xff, 0x94, 0x7d, 0xff, 0xff,
  0x98, 0x7d, 0xff, 0xff, 0x9c, 0x7d, 0xff, 0xff, 0xa0, 0x7d, 0xff, 0xff,
  0xa4, 0x7d, 0xff, 0xff, 0xa8, 0x7d, 0xff, 0xff, 0xac, 0x7d, 0xff, 0xff,
  0xb0, 0x7d, 0xff, 0xff, 0xb4, 0x7d, 0xff, 0xff, 0xb8, 0x7d, 0xff, 0xff,
  0xbc, 0x7d, 0xff, 0xff, 0xc0, 0x7d, 0xff, 0xff, 0xc4, 0x7d, 0xff, 0xff,
  0xc8, 0x7d, 0xff, 0xff, 0xcc, 0x7d, 0xff, 0xff, 0xd0, 0x7d, 0xff, 0xff,
  0xd4, 0x7d, 0xff, 0xff, 0xd8, 0x7d, 0xff, 0xff, 0xdc, 0x7d, 0xff, 0xff,
  0xe0, 0x7d, 0xff, 0xff, 0xe4, 0x7d, 0xff, 0xff, 0x5a, 0xb9, 0xff, 0xff,
  0x04, 0x00, 0x00, 0x00, 0x80, 0x0d, 0x00, 0x00, 0x32, 0x16, 0xdc, 0x24,
  0x38, 0x0d, 0xf6, 0x8e, 0xd6, 0x14, 0x14, 0xef, 0xfa, 0x3c, 0xf1, 0xf9,
  0x0a, 0x34, 0xf1, 0xfe, 0x1b, 0x1f, 0x0b, 0xe3, 0xf5, 0x0d, 0xf4, 0x1e,
  0x07, 0xfc, 0xfd, 0xb6, 0xf4, 0xfc, 0x17, 0xf9, 0xe7, 0x25, 0x0e, 0xe1,
  0xfb, 0x1d, 0x01, 0x07, 0xff, 0x17, 0x07, 0xf1, 0x0e, 0xfc, 0xf3, 0x1e,
  0x17, 0xf7, 0x0a, 0xca, 0xd1, 0x07, 0xfe, 0xdf, 0xeb, 0x1e, 0xfb, 0xec,
  0x06, 0x01, 0xf4, 0x03, 0xf7, 0x0c, 0x02, 0xe3, 0xf2, 0x02, 0xfa, 0x14,
  0x08, 0x06, 0x11, 0xe8, 0xd2, 0xfd, 0x0a, 0xe6, 0xdc, 0x23, 0xf4, 0xe5,
  0x07, 0xfa, 0x0d, 0x16, 0x07, 0x09, 0x09, 0xe8, 0xff, 0x07, 0xfa, 0x21,
  0xed, 0xfb, 0xf9, 0x05, 0xb7, 0xdf, 0xec, 0xce, 0xe2, 0x00, 0xe9, 0xf5,
  0xf5, 0xf4, 0x02, 0x16, 0xf7, 0x0f, 0x17, 0xe3, 0x08, 0xfb, 0xfb, 0x01,
  0xf2, 0x0f, 0x10, 0x10, 0xce, 0xfb, 0xef, 0xce, 0xee, 0x15, 0xcd, 0xfd,
  0x07, 0x01, 0x03, 0x15, 0xf7, 0x03, 0x0c, 0xf6, 0xe3, 0x05, 0x06, 0x14,
  0xe5, 0x03, 0x25, 0x4b, 0xd0, 0xee, 0xd4, 0xd9, 0xf0, 0xf1, 0xb6, 0x07,
  0xfc, 0xca, 0x0a, 0x19, 0xf8, 0xf6, 0xf2, 0xf2, 0xeb, 0xea, 0x04, 0x08,
  0xf4, 0x0d, 0x03, 0x47, 0xe2, 0xd1, 0xe4, 0xd3, 0x06, 0xda, 0xc0, 0x1b,
  0x1c, 0xc0, 0x0e, 0x27, 0x06, 0x03, 0xdf, 0x0c, 0xe0, 0xeb, 0x06, 0xfe,
  0xdc, 0x07, 0x22, 0x7f, 0xe1, 0xdd, 0xe1, 0xc0, 0xf8, 0xde, 0xd8, 0x0d,
  0x1c, 0xbd, 0x11, 0x23, 0xf0, 0xed, 0x05, 0x22, 0xdf, 0xe1, 0x00, 0x28,
  0xe0, 0x20, 0x51, 0x68, 0x03, 0x18, 0xe6, 0xfc, 0xf3, 0x04, 0x02, 0xfe,
  0xf3, 0xfb, 0xdd, 0x2f, 0x19, 0xe7, 0x88, 0xd1, 0xbb, 0xe9, 0x25, 0x24,
  0xc8, 0xf4, 0x3d, 0x4e, 0xf0, 0x0c, 0xf3, 0xd5, 0xcc, 0x22, 0xf3, 0xe6,
  0x04, 0x0e, 0xff, 0x39, 0xff, 0xe8, 0x89, 0xd8, 0xc3, 0xff, 0x05, 0x29,
  0xb1, 0xe8, 0x64, 0x6f, 0xf7, 0x20, 0xea, 0xdf, 0xdd, 0xee, 0x24, 0x00,
  0xec, 0xef, 0x11, 0x31, 0xf7, 0x00, 0x96, 0xc2, 0xd4, 0xee, 0xf7, 0x27,
  0xae, 0x05, 0x53, 0x59, 0x25, 0x15, 0xee, 0xd6, 0xf2, 0x07, 0x16, 0x14,
  0xf2, 0xf8, 0x07, 0x1f, 0xfb, 0x05, 0xac, 0xf3, 0xde, 0xe0, 0xdf, 0x28,
  0xe0, 0xf0, 0x21, 0x0a, 0x7f, 0x4a, 0xdc, 0xdc, 0x12, 0xfd, 0x13, 0x1a,
  0x1f, 0xfc, 0x23, 0x27, 0x23, 0xe0, 0xb7, 0x00, 0xf2, 0xdd, 0xfd, 0x1b,
  0xe5, 0xf7, 0x2c, 0x1e, 0x6a, 0x43, 0xc3, 0xdd, 0x29, 0x16, 0x26, 0x1b,
  0x0c, 0xf3, 0x21, 0x2c, 0x11, 0xdd, 0xae, 0x0d, 0xd4, 0xfb, 0x10, 0x17,
  0xc9, 0xed, 0x09, 0x05, 0x5a, 0x1e, 0xc4, 0xbe, 0xf4, 0xeb, 0x11, 0xfe,
  0xf2, 0x02, 0x15, 0x24, 0xf5, 0x0d, 0xc5, 0x00, 0xd2, 0xf3, 0x14, 0x20,
  0xc9, 0xd9, 0x05, 0x0e, 0x54, 0x22, 0xaa, 0xcc, 0x04, 0xea, 0x04, 0x0a,
  0x17, 0xe3, 0xfa, 0x0b, 0x02, 0x12, 0xa8, 0x04, 0xe7, 0xf9, 0x0f, 0x22,
  0xde, 0xd5, 0xdb, 0xc5, 0x4e, 0x34, 0xd3, 0xd0, 0x0c, 0xe1, 0x2b, 0x13,
  0x10, 0xe9, 0x2e, 0x0c, 0xea, 0xed, 0xe7, 0x08, 0x08, 0xf6, 0xdb, 0x04,
  0x03, 0xf1, 0x2b, 0x7f, 0xff, 0xe8, 0xfa, 0xec, 0xed, 0xed, 0x0b, 0xf5,
  0x0b, 0xf0, 0xf3, 0x04, 0xe4, 0x05, 0x05, 0x1b, 0x03, 0xfa, 0xe8, 0x0d,
  0xff, 0xec, 0x20, 0x66, 0xfc, 0xf4, 0xf7, 0xd8, 0xf3, 0xef, 0xf8, 0xf0,
  0x0a, 0xf6, 0xf5, 0x00, 0xec, 0x0c, 0xf7, 0x1c, 0xfb, 0xf5, 0xe7, 0x08,
  0x05, 0xe1, 0x16, 0x69, 0xf0, 0xf2, 0xfb, 0xdc, 0xee, 0xe9, 0xf2, 0xf1,
  0xff, 0xeb, 0xf9, 0xff, 0xe5, 0x14, 0x04, 0x19, 0x02, 0x07, 0xec, 0x0b,
  0xfe, 0xdc, 0x09, 0x49, 0xff, 0xec, 0xf0, 0xf2, 0xf4, 0xf1, 0xee, 0x02,
  0xfe, 0xe9, 0xfd, 0x0e, 0xf8, 0x14, 0x00, 0x18, 0x0d, 0xf2, 0xec, 0x05,
  0x16, 0xd7, 0xed, 0x1b, 0x01, 0xed, 0xf7, 0xf0, 0xf4, 0xf1, 0xff, 0xf5,
  0x05, 0xfe, 0xff, 0x01, 0xfb, 0x13, 0x07, 0x02, 0x0e, 0xf8, 0xe3, 0x04,
  0x15, 0xdb, 0xf4, 0x1c, 0xfe, 0xf3, 0xf9, 0xe4, 0xf5, 0xf7, 0x02, 0xf7,
  0x01, 0xf7, 0xf8, 0x08, 0xfc, 0x16, 0xff, 0x00, 0x03, 0xfb, 0xff, 0xfb,
  0x09, 0xd9, 0xf0, 0x0e, 0x0a, 0xef, 0xfc, 0xeb, 0xf7, 0x04, 0xf7, 0xf6,
  0x06, 0x00, 0x00, 0x00, 0x01, 0x18, 0xfe, 0x01, 0xf2, 0xf5, 0x0c, 0xdc,
  0x00, 0xec, 0xde, 0xdf, 0x00, 0xf2, 0xf0, 0xea, 0xf4, 0x0a, 0xff, 0xfd,
  0x04, 0x12, 0x05, 0xff, 0x05, 0x0e, 0xfc, 0x0d, 0x0d, 0xfe, 0xf9, 0xea,
  0x18, 0xf0, 0xb8, 0xb2, 0x00, 0xe6, 0x05, 0x01, 0xf5, 0x03, 0xf5, 0xfd,
  0xff, 0xfb, 0x08, 0xf9, 0x09, 0x17, 0x02, 0xf2, 0xe5, 0x16, 0x17, 0x0c,
  0xda, 0xd2, 0xdd, 0xd4, 0x08, 0xc4, 0x08, 0x10, 0xf9, 0xef, 0xd6, 0x09,
  0xe7, 0xee, 0xf6, 0x1b, 0x24, 0xbe, 0xeb, 0x0f, 0xfe, 0xfb, 0xf8, 0xf8,
  0xf4, 0xf9, 0xdc, 0xe3, 0x09, 0xa9, 0x40, 0x0b, 0x08, 0xf4, 0xf6, 0xfe,
  0xeb, 0xec, 0x05, 0x1f, 0x05, 0xce, 0x0e, 0x09, 0xdf, 0xef, 0x00, 0x02,
  0xec, 0xf6, 0xe7, 0xe5, 0xf3, 0xb0, 0x40, 0x0b, 0xfd, 0xf5, 0xef, 0xfc,
  0xe8, 0xf7, 0xfc, 0x09, 0x04, 0xda, 0x0b, 0x19, 0xeb, 0xf9, 0x0d, 0xfb,
  0xf0, 0xf0, 0xf3, 0xf1, 0x05, 0xcc, 0x64, 0x01, 0x17, 0x12, 0xe8, 0xf8,
  0xfe, 0x0c, 0xee, 0x08, 0x0f, 0xe4, 0x06, 0x0b, 0xd7, 0x00, 0x12, 0x01,
  0xda, 0xef, 0xe9, 0xee, 0x08, 0xc9, 0x41, 0x0f, 0x0f, 0x1e, 0xe1, 0xfa,
  0x00, 0x10, 0xf8, 0x02, 0x14, 0xd4, 0xf9, 0x03, 0xdf, 0xf9, 0x08, 0x04,
  0xde, 0xf6, 0xf3, 0xe6, 0x0a, 0xc5, 0x4d, 0x0c, 0x11, 0x12, 0xec, 0xf7,
  0x05, 0x19, 0xfe, 0x0f, 0xfd, 0xe8, 0x02, 0x07, 0xdb, 0x05, 0x0b, 0x0a,
  0xe0, 0xfc, 0x00, 0x03, 0x07, 0xd0, 0x5d, 0x0a, 0x14, 0x2d, 0xee, 0xe4,
  0x08, 0x24, 0xfa, 0xf8, 0x00, 0xe5, 0xfd, 0xfe, 0xf2, 0xf2, 0x00, 0x00,
  0xf6, 0x0e, 0x02, 0xf3, 0x0f, 0xcd, 0x7c, 0x09, 0x1e, 0x2b, 0xf7, 0xef,
  0x09, 0x1e, 0xf9, 0xf8, 0x01, 0xed, 0xfc, 0x0d, 0xdc, 0xe8, 0x0a, 0xeb,
  0x0c, 0x06, 0xee, 0xf7, 0x09, 0xd0, 0x7f, 0x0e, 0x02, 0x2b, 0xfb, 0xe4,
  0xf9, 0x30, 0xfb, 0x04, 0xf7, 0x00, 0x11, 0xf0, 0xf0, 0x26, 0x10, 0x40,
  0xdf, 0xd5, 0x2b, 0x18, 0x51, 0x28, 0xd5, 0xc0, 0x2a, 0x13, 0xfd, 0xe8,
  0x45, 0x8f, 0xf2, 0x4d, 0xf2, 0xdf, 0xe7, 0x27, 0x12, 0x56, 0x08, 0x3e,
  0xdb, 0xd2, 0x05, 0x05, 0x2e, 0x41, 0xbb, 0xbb, 0x16, 0x0b, 0x11, 0xda,
  0x1e, 0x98, 0xff, 0x31, 0xf9, 0xf7, 0xff, 0x1d, 0x04, 0x31, 0x0a, 0x3d,
  0xf0, 0xe7, 0x0d, 0x14, 0x2d, 0x4a, 0xdb, 0xeb, 0xfc, 0x1b, 0x32, 0xec,
  0x1b, 0xb9, 0x2f, 0x18, 0x00, 0xdf, 0x06, 0x0e, 0x25, 0x38, 0x17, 0x25,
  0xe8, 0x0a, 0x10, 0x13, 0x34, 0x57, 0xce, 0xec, 0xfb, 0x2b, 0x47, 0xe0,
  0x21, 0x9d, 0x41, 0x2a, 0xfa, 0xe6, 0xee, 0xef, 0x2c, 0x0f, 0x17, 0x2f,
  0xef, 0xf9, 0x06, 0x0c, 0x1e, 0x67, 0xdd, 0xdc, 0x13, 0x3c, 0x51, 0xeb,
  0x36, 0xb0, 0x3d, 0x1e, 0x01, 0xe7, 0xee, 0xf1, 0xdf, 0x4b, 0x3c, 0x2f,
  0xc9, 0xe3, 0xec, 0x44, 0xf8, 0x67, 0xb2, 0x07, 0xcf, 0x1f, 0x32, 0x15,
  0xe9, 0xe3, 0x50, 0x33, 0xee, 0xf1, 0x02, 0xd6, 0x04, 0x34, 0x08, 0x16,
  0xe9, 0xfd, 0x1f, 0x47, 0x29, 0x6a, 0xc2, 0x20, 0xf3, 0x20, 0x4f, 0x05,
  0xff, 0xce, 0x41, 0x57, 0xe5, 0xf2, 0x10, 0xd0, 0xf8, 0x42, 0x15, 0x2d,
  0xf0, 0x45, 0x18, 0x7f, 0xd9, 0x3a, 0xf7, 0x36, 0xc9, 0x22, 0x73, 0x0d,
  0xc7, 0xed, 0x52, 0x59, 0xb2, 0xf0, 0x29, 0xe0, 0xf1, 0x4d, 0x2c, 0x30,
  0xd0, 0x2b, 0x0a, 0x45, 0xe2, 0x59, 0xb0, 0x24, 0xb0, 0x18, 0x59, 0x0d,
  0xc9, 0x1b, 0x7c, 0x22, 0xe2, 0x00, 0x05, 0xae, 0xc6, 0xfc, 0x2c, 0xf6,
  0xfe, 0x00, 0x0c, 0xeb, 0xfc, 0xf7, 0x00, 0x22, 0xfe, 0xfe, 0x13, 0xf6,
  0xf8, 0x14, 0xfe, 0x01, 0x38, 0xd9, 0x08, 0x1b, 0xef, 0x01, 0x0b, 0xf6,
  0x09, 0x15, 0x0f, 0x10, 0x23, 0xf2, 0x0d, 0x11, 0x0d, 0x0b, 0x0e, 0xf8,
  0x27, 0x0a, 0xef, 0xf4, 0x76, 0xcd, 0x01, 0x2b, 0xd6, 0xfe, 0x1c, 0x05,
  0xf9, 0x07, 0xf9, 0x03, 0x09, 0xf9, 0xff, 0x0b, 0xf9, 0x08, 0x12, 0xf2,
  0xf9, 0x04, 0xf0, 0xf2, 0x49, 0xd8, 0x0a, 0x15, 0xf0, 0x0f, 0x22, 0x0b,
  0xfd, 0x02, 0xde, 0xfd, 0xff, 0xff, 0xfd, 0x23, 0xf9, 0xfc, 0x11, 0x01,
  0x13, 0x12, 0x06, 0xf7, 0x77, 0xc1, 0xfa, 0x3b, 0xcd, 0x07, 0x2c, 0x16,
  0xf0, 0xfa, 0xd4, 0xe6, 0xe9, 0xe4, 0xf9, 0x11, 0xdd, 0xf0, 0x16, 0xf3,
  0xf6, 0x04, 0x0b, 0xfb, 0x65, 0xdf, 0x00, 0x2b, 0xf4, 0x03, 0x1b, 0x03,
  0xf9, 0x01, 0xe7, 0xec, 0x02, 0xfc, 0x00, 0x1e, 0xf0, 0xfb, 0x0a, 0x04,
  0x05, 0x06, 0xfd, 0xf8, 0x7f, 0xcf, 0xfe, 0x2a, 0xdb, 0x05, 0x0c, 0x0e,
  0xfe, 0x0d, 0xf6, 0x05, 0x01, 0x01, 0xf7, 0x12, 0xf5, 0x09, 0x08, 0x04,
  0x06, 0x12, 0x05, 0x03, 0x4e, 0xd2, 0xfc, 0x1a, 0xd7, 0x02, 0x14, 0x18,
  0xee, 0x07, 0xf5, 0xff, 0xe3, 0xf2, 0xf7, 0x0b, 0xe2, 0xed, 0x0f, 0xfd,
  0xfc, 0x15, 0xf5, 0x0b, 0x3d, 0xe5, 0x0a, 0x28, 0xed, 0xff, 0x0a, 0x10,
  0x04, 0x03, 0xf5, 0x02, 0xf7, 0x03, 0xfb, 0x1b, 0xf9, 0xfa, 0x10, 0x01,
  0x0b, 0x14, 0xf8, 0x09, 0x57, 0xcd, 0xfe, 0x1f, 0xc2, 0x0b, 0x07, 0x15,
  0xd6, 0x1a, 0x3c, 0xab, 0xf8, 0xc9, 0x34, 0x7f, 0x19, 0xea, 0xd5, 0xea,
  0xfb, 0xd1, 0xce, 0xda, 0xd6, 0x4f, 0xec, 0xdd, 0xb6, 0x1e, 0x09, 0x15,
  0xa4, 0x00, 0x0f, 0xf7, 0xfc, 0xd6, 0x06, 0x44, 0xe8, 0xff, 0xc8, 0xf4,
  0x0e, 0xeb, 0xcd, 0xc5, 0xf9, 0x14, 0xee, 0x0b, 0xbc, 0x14, 0x17, 0xeb,
  0xc7, 0x15, 0x2a, 0xcb, 0x0f, 0x04, 0x0f, 0x4e, 0x22, 0x24, 0xce, 0xef,
  0x11, 0xf7, 0xcf, 0xce, 0xcf, 0x5c, 0xd2, 0xea, 0x9d, 0x17, 0xf3, 0x0a,
  0xba, 0xc7, 0x1a, 0xf0, 0xcd, 0xd5, 0x13, 0x1f, 0xef, 0xc5, 0xf6, 0xe3,
  0x02, 0xe9, 0x0b, 0xfb, 0x08, 0xdd, 0x25, 0x17, 0xb3, 0x16, 0xf3, 0x0b,
  0xb8, 0xe7, 0x0d, 0xef, 0xe0, 0xe1, 0xfe, 0x28, 0x06, 0x0a, 0xe7, 0xe3,
  0xdd, 0xf2, 0xfb, 0x02, 0xe4, 0x17, 0xfd, 0x06, 0xb4, 0x07, 0xe7, 0x0e,
  0xd7, 0xdd, 0x32, 0xf4, 0xea, 0xc5, 0x14, 0x30, 0xf6, 0xf4, 0xf7, 0xed,
  0xf1, 0xe8, 0xf6, 0x0b, 0xff, 0xf8, 0x26, 0x13, 0xb3, 0xf6, 0xe5, 0xe7,
  0xdf, 0xcc, 0xfc, 0x0e, 0x00, 0x1d, 0xe8, 0xe6, 0x08, 0x0a, 0x06, 0xee,
  0xe5, 0x12, 0x14, 0x1d, 0x03, 0xf8, 0x2f, 0xf5, 0xd2, 0x04, 0xd0, 0xeb,
  0xd3, 0xc7, 0xfa, 0x0a, 0xfe, 0xeb, 0xd7, 0xe3, 0x12, 0xfb, 0xf7, 0xe3,
  0xe9, 0xe5, 0x09, 0x17, 0x02, 0xcb, 0x2a, 0x17, 0xd6, 0x16, 0xe6, 0xf5,
  0xec, 0xb7, 0xd3, 0x0d, 0xfb, 0x30, 0xd0, 0xb9, 0x0a, 0x0c, 0x23, 0x12,
  0xda, 0x04, 0x18, 0x24, 0x0e, 0xbf, 0x19, 0x1f, 0xfd, 0x00, 0x0c, 0xfb,
  0x04, 0xf5, 0x0d, 0xe5, 0x71, 0x18, 0xfe, 0xe9, 0x19, 0xfd, 0x01, 0x0f,
  0x10, 0x16, 0xf4, 0xec, 0x0b, 0xea, 0xfa, 0x03, 0xd4, 0xe5, 0x16, 0xf9,
  0x01, 0xfb, 0x26, 0xe8, 0x6e, 0x19, 0xfe, 0xd2, 0x1e, 0xfa, 0x02, 0xec,
  0x06, 0x12, 0x00, 0xd7, 0xcf, 0x11, 0x0a, 0xe7, 0xf9, 0xfe, 0x11, 0x01,
  0x05, 0xf9, 0x19, 0xf1, 0x7f, 0x16, 0xfa, 0xe6, 0x22, 0x0d, 0xf8, 0x13,
  0x1a, 0x01, 0xf3, 0xf8, 0x15, 0xec, 0x07, 0x13, 0xf7, 0xf7, 0x08, 0xf8,
  0x06, 0x0a, 0x2f, 0xed, 0x53, 0xfe, 0x1e, 0xe3, 0x27, 0x04, 0x06, 0x13,
  0x17, 0x04, 0xfd, 0xf5, 0xf6, 0xeb, 0xfa, 0x0b, 0xd3, 0x04, 0x14, 0x07,
  0xee, 0x04, 0x1a, 0xf3, 0x2b, 0xf6, 0x19, 0xf1, 0xf2, 0x08, 0xfa, 0x0a,
  0xfb, 0x13, 0xfe, 0xf8, 0xec, 0x04, 0x05, 0x02, 0xf5, 0xee, 0x11, 0x01,
  0xfb, 0x0a, 0x2c, 0xee, 0x56, 0x01, 0x20, 0xea, 0x20, 0x09, 0xf7, 0x09,
  0x16, 0x0e, 0xf2, 0xf3, 0x00, 0xf1, 0x03, 0x07, 0xdc, 0x0c, 0x17, 0x01,
  0xe6, 0xf5, 0x2e, 0x05, 0x1b, 0xf6, 0x0f, 0xf1, 0xef, 0x0e, 0xf5, 0x05,
  0xf2, 0x02, 0xf3, 0xf8, 0xf7, 0xfa, 0x02, 0x01, 0xf7, 0xf9, 0x09, 0x09,
  0x02, 0x06, 0x35, 0xf9, 0x3d, 0x04, 0x20, 0xef, 0x19, 0x04, 0xf2, 0x16,
  0x0c, 0x09, 0xea, 0x05, 0x08, 0xe2, 0xfc, 0x01, 0xd7, 0x08, 0xff, 0x0a,
  0xe8, 0x02, 0x27, 0xfa, 0xfd, 0xde, 0x20, 0xea, 0xed, 0x05, 0xfc, 0x04,
  0xec, 0x06, 0xf3, 0xfb, 0xeb, 0xfd, 0x01, 0xfd, 0xd3, 0x04, 0x13, 0x20,
  0xd3, 0xf7, 0x68, 0x24, 0x1a, 0x16, 0xd6, 0xc4, 0x41, 0x0a, 0x00, 0xe4,
  0xf0, 0xf6, 0xef, 0xd6, 0xec, 0xf9, 0x14, 0x0e, 0xe4, 0xde, 0x00, 0x21,
  0xf9, 0x30, 0x53, 0x1c, 0x1b, 0x12, 0xf7, 0xfc, 0x41, 0x28, 0xfc, 0xf7,
  0x06, 0x02, 0xe2, 0xfb, 0x04, 0xdb, 0xf7, 0x12, 0xdd, 0xf2, 0x07, 0x32,
  0xdb, 0x1b, 0x59, 0x58, 0x22, 0x1a, 0x00, 0xf9, 0x43, 0x17, 0x1b, 0xf4,
  0xfd, 0x10, 0x09, 0xfb, 0xef, 0xe8, 0x06, 0x15, 0xc3, 0xf8, 0x11, 0x37,
  0xd5, 0x09, 0x4b, 0x47, 0xfc, 0x15, 0x00, 0xfe, 0x21, 0x0c, 0x16, 0xf6,
  0xed, 0x02, 0xfd, 0xef, 0xe5, 0xf7, 0x13, 0x0e, 0xe3, 0xf4, 0xfa, 0x36,
  0xe8, 0x3b, 0x42, 0x46, 0x0f, 0x05, 0x1f, 0xf4, 0x24, 0x16, 0x0e, 0xf7,
  0xf1, 0x0d, 0x06, 0xeb, 0xf1, 0xe7, 0x12, 0x12, 0xf1, 0xf3, 0xfc, 0x1d,
  0xf5, 0x45, 0x3d, 0x4d, 0x0e, 0x0d, 0x33, 0x0a, 0x38, 0x2c, 0x0d, 0x02,
  0x06, 0x1a, 0xfc, 0xfe, 0xf2, 0xec, 0xfe, 0x11, 0xea, 0x08, 0xf1, 0x30,
  0xef, 0x22, 0x1f, 0x35, 0xe8, 0xed, 0x4a, 0x0a, 0x12, 0x22, 0x04, 0xf7,
  0xf7, 0x1b, 0xfa, 0xf6, 0xf8, 0xe1, 0xf4, 0xfc, 0xe0, 0xe8, 0x0a, 0x14,
  0xf1, 0x30, 0x35, 0x45, 0xf6, 0x0a, 0x2f, 0x0c, 0x24, 0x19, 0x03, 0xf9,
  0xf5, 0x10, 0xf8, 0xef, 0xf6, 0xe4, 0xef, 0xf5, 0xf7, 0xf4, 0xde, 0x27,
  0x15, 0x58, 0x0b, 0x3d, 0xce, 0xd5, 0x7f, 0x27, 0x05, 0x21, 0x1a, 0x07,
  0xee, 0x1a, 0x0f, 0x10, 0xfd, 0xec, 0x05, 0x00, 0x02, 0x29, 0xe6, 0x0a,
  0xe8, 0x0c, 0x38, 0x23, 0x1d, 0x26, 0xea, 0xeb, 0xe6, 0x0f, 0x33, 0x16,
  0xf6, 0x32, 0xd2, 0x0a, 0xe3, 0xf4, 0x3f, 0x14, 0x0b, 0x0f, 0xfb, 0xfd,
  0xf7, 0x02, 0x1c, 0x36, 0x63, 0x36, 0xde, 0xce, 0xfb, 0x18, 0x0b, 0x15,
  0x15, 0x27, 0xe8, 0x14, 0xfe, 0xe4, 0x0b, 0x15, 0xfc, 0x20, 0xf1, 0xf6,
  0xed, 0xfb, 0x23, 0x1c, 0x51, 0x1f, 0xd5, 0xd7, 0xe7, 0x1f, 0x0f, 0x1d,
  0x0d, 0x25, 0xec, 0x0c, 0xec, 0xe9, 0x20, 0x0b, 0xe8, 0x1d, 0x0d, 0x09,
  0xe8, 0xee, 0x09, 0x15, 0x44, 0x04, 0xf1, 0xb1, 0xf7, 0x14, 0x10, 0x07,
  0xee, 0x1f, 0xe7, 0xef, 0xd4, 0x01, 0x09, 0x0e, 0xfe, 0x19, 0x04, 0xf8,
  0xd2, 0xe0, 0x07, 0x1c, 0x62, 0x14, 0xe4, 0xc3, 0xf2, 0x03, 0x2a, 0x13,
  0x07, 0x0d, 0x1f, 0x20, 0xe6, 0xeb, 0x18, 0x0c, 0xff, 0x1c, 0x15, 0xf4,
  0xdb, 0xee, 0x19, 0x18, 0x65, 0x2e, 0xd5, 0xc1, 0xfa, 0x15, 0x0b, 0x2e,
  0xf4, 0x18, 0xf6, 0xfd, 0xf8, 0xf0, 0x05, 0x07, 0xdc, 0xf7, 0x0d, 0xf3,
  0xdb, 0xcc, 0xe5, 0xd9, 0x7e, 0x25, 0xde, 0xba, 0x14, 0x03, 0x0f, 0x21,
  0xf2, 0xfc, 0x01, 0x0a, 0xfb, 0xf4, 0xee, 0xf1, 0xfb, 0x06, 0x18, 0xf9,
  0xf0, 0xd3, 0xda, 0xe5, 0x7f, 0x1c, 0xe5, 0xaf, 0x19, 0x05, 0x17, 0x29,
  0x01, 0x06, 0x09, 0x06, 0xf7, 0x05, 0xf1, 0xf9, 0xf4, 0xf3, 0x13, 0xed,
  0xea, 0xc1, 0xc0, 0xd4, 0x70, 0x0c, 0xed, 0xb3, 0xf8, 0x09, 0x1f, 0x20,
  0xec, 0x00, 0x10, 0x02, 0xee, 0xf8, 0xfd, 0xf5, 0x14, 0xeb, 0x30, 0xdc,
  0xdb, 0x00, 0xe4, 0x34, 0x31, 0x23, 0xf3, 0x1a, 0xfe, 0x16, 0x18, 0xfa,
  0x1a, 0x15, 0xeb, 0x13, 0x19, 0xe2, 0x01, 0x04, 0x26, 0xd1, 0x2c, 0xfc,
  0xe7, 0xfd, 0xc0, 0x27, 0x10, 0x14, 0x00, 0x09, 0xe8, 0xf4, 0x40, 0x05,
  0x0c, 0x23, 0xe8, 0x27, 0x0b, 0xef, 0x38, 0xfa, 0x0f, 0xd8, 0x2d, 0xf8,
  0xee, 0xfa, 0xb3, 0x2e, 0x0c, 0x12, 0xf0, 0x07, 0xf6, 0xec, 0x3b, 0xfd,
  0x0a, 0x2a, 0x03, 0x19, 0x05, 0xec, 0x29, 0xf0, 0x0e, 0xd1, 0x27, 0xfa,
  0xe2, 0x05, 0xb8, 0x1e, 0x13, 0x0b, 0xf6, 0x10, 0xef, 0xeb, 0x48, 0xf6,
  0x04, 0x33, 0xd5, 0x22, 0xfe, 0xe9, 0x0d, 0xf0, 0x07, 0xd1, 0x2f, 0xf5,
  0xe5, 0x04, 0xc4, 0x22, 0x07, 0x1a, 0xf4, 0x0f, 0xf6, 0xf5, 0x4a, 0xf3,
  0x0d, 0x29, 0x00, 0x35, 0xf7, 0xef, 0x1c, 0xfc, 0x04, 0xe2, 0x3b, 0xf5,
  0xea, 0xfe, 0xa9, 0x17, 0xf3, 0x10, 0x11, 0x12, 0xda, 0xef, 0x69, 0xf1,
  0xec, 0x12, 0x0a, 0x33, 0xf5, 0xdc, 0x1f, 0xe8, 0xff, 0xdb, 0x2f, 0x01,
  0xd7, 0xea, 0xa5, 0xf0, 0xe1, 0x08, 0xfe, 0x17, 0xc8, 0xf3, 0x70, 0xf0,
  0xed, 0x2e, 0x13, 0x31, 0xec, 0xf9, 0x1c, 0xf3, 0x01, 0xd2, 0x28, 0x06,
  0xe4, 0xf0, 0xa1, 0x01, 0xef, 0x0b, 0x09, 0x21, 0xde, 0xea, 0x7f, 0xfb,
  0xf8, 0x22, 0x1e, 0x3d, 0xea, 0xec, 0x11, 0xf3, 0xff, 0xd9, 0x37, 0x0a,
  0xf6, 0xee, 0xb3, 0xfc, 0xf0, 0x07, 0x0d, 0x06, 0xce, 0xf2, 0x65, 0xdc,
  0xf7, 0x2d, 0xf7, 0x29, 0xda, 0xee, 0x29, 0xf8, 0xfe, 0xfe, 0x13, 0xd3,
  0x1b, 0xf4, 0xe8, 0xea, 0x2d, 0xf7, 0xe1, 0x31, 0x10, 0xe2, 0xff, 0xfd,
  0x01, 0xf2, 0x16, 0x03, 0x00, 0x02, 0x15, 0x16, 0xfe, 0x10, 0x0d, 0xca,
  0x11, 0xf1, 0xe9, 0xfb, 0x37, 0xfe, 0xe3, 0x51, 0x14, 0xd4, 0x04, 0x13,
  0xf9, 0xfd, 0x02, 0x19, 0x00, 0xfb, 0x02, 0x09, 0xff, 0x0d, 0x09, 0xdc,
  0x12, 0xdc, 0xe0, 0xbe, 0x24, 0xe6, 0xf3, 0x2b, 0x0c, 0xe0, 0xfc, 0xf8,
  0xf0, 0xf6, 0x08, 0x07, 0x08, 0x04, 0x12, 0x10, 0x01, 0x01, 0x0c, 0xd9,
  0x1a, 0xdf, 0xd7, 0x9f, 0x19, 0xe4, 0xee, 0x1c, 0x01, 0xde, 0x08, 0xf5,
  0xec, 0xf9, 0x0d, 0x05, 0xff, 0x0b, 0x0e, 0xfd, 0x04, 0xf9, 0x06, 0xde,
  0x1f, 0xdf, 0xdc, 0xaa, 0x11, 0xf3, 0xf9, 0x20, 0xf9, 0xf8, 0xfd, 0xf2,
  0xf7, 0x01, 0x06, 0x07, 0xf4, 0x10, 0x0c, 0xec, 0x14, 0xff, 0x09, 0xd5,
  0x17, 0xdf, 0xf8, 0xa8, 0x1a, 0xfc, 0xef, 0x1f, 0x0c, 0xfe, 0xf7, 0xfc,
  0xfd, 0x10, 0xfc, 0xfc, 0x07, 0x08, 0x07, 0xed, 0x02, 0x00, 0xfb, 0xd3,
  0x0b, 0xe0, 0xdb, 0x90, 0x0a, 0xea, 0x02, 0x18, 0xf4, 0xfc, 0xfb, 0xfd,
  0xf2, 0x20, 0xff, 0xf2, 0x00, 0x10, 0xf8, 0xe9, 0x0b, 0x0b, 0xfe, 0xd4,
  0x15, 0xe9, 0xf8, 0x81, 0xe6, 0xea, 0x13, 0xf8, 0xea, 0x0d, 0xf9, 0xe7,
  0xea, 0x2c, 0xef, 0xe9, 0xfa, 0x19, 0x07, 0xdd, 0x19, 0x07, 0xf2, 0xd7,
  0x0c, 0xeb, 0xe7, 0x8f, 0xea, 0xde, 0x0f, 0x09, 0xf5, 0xf2, 0xfd, 0x00,
  0xf3, 0x23, 0xf2, 0x05, 0x04, 0x0b, 0xfc, 0xdd, 0xdd, 0xfd, 0x27, 0x28,
  0x10, 0x1a, 0xb8, 0xed, 0x27, 0x0d, 0xeb, 0xe4, 0x16, 0x00, 0xe3, 0x63,
  0x0c, 0xf9, 0x2a, 0x25, 0x22, 0x10, 0x3a, 0x2a, 0xe3, 0x17, 0x46, 0x42,
  0xcb, 0xe0, 0xa3, 0x09, 0x20, 0x20, 0xbf, 0xdb, 0x31, 0x06, 0xc4, 0x44,
  0x02, 0x04, 0x18, 0x0a, 0x1d, 0x08, 0x19, 0x49, 0xca, 0x05, 0x40, 0x29,
  0xe4, 0x01, 0xb0, 0x08, 0x20, 0x0e, 0xde, 0xd5, 0x08, 0x0a, 0xed, 0x52,
  0xff, 0x22, 0x15, 0x0d, 0x18, 0x01, 0x1e, 0x41, 0xcd, 0xf8, 0x38, 0x17,
  0xf5, 0x2c, 0xa6, 0xfc, 0x24, 0x1e, 0x03, 0xe4, 0x12, 0x0c, 0xfe, 0x46,
  0xed, 0x24, 0x32, 0x21, 0x0b, 0x0a, 0x0f, 0x13, 0xce, 0xde, 0x3f, 0xfe,
  0xd1, 0x03, 0xab, 0xf7, 0x3b, 0x25, 0xf8, 0xc4, 0x14, 0x22, 0xe1, 0x58,
  0xe8, 0x2b, 0x33, 0x1e, 0x10, 0x19, 0xf4, 0x29, 0xc3, 0xf1, 0x44, 0xe2,
  0xd6, 0x09, 0xb6, 0x05, 0x23, 0x03, 0x06, 0xc7, 0x1a, 0x33, 0xe1, 0x48,
  0xf2, 0x2e, 0x45, 0x18, 0xd9, 0x24, 0x0a, 0x11, 0xa3, 0xe0, 0x7f, 0x09,
  0xc9, 0xea, 0x82, 0xb9, 0xe7, 0xe1, 0xea, 0xd2, 0xeb, 0x13, 0xdc, 0x52,
  0xcc, 0x5d, 0x23, 0x09, 0xe1, 0x32, 0xf3, 0xf5, 0xaa, 0xd7, 0x4a, 0xdf,
  0xc4, 0xf9, 0xa3, 0xed, 0xef, 0x0a, 0xe6, 0x96, 0x0c, 0x2a, 0xc1, 0x1d,
  0xea, 0x5e, 0x0b, 0xe4, 0xf6, 0x3f, 0xd0, 0xea, 0xa6, 0xee, 0x6e, 0xf0,
  0xbe, 0xee, 0xa3, 0xf1, 0xe8, 0xf6, 0xf2, 0xd9, 0xf7, 0x2b, 0xd2, 0x23,
  0xfc, 0x60, 0x04, 0xe8, 0x1e, 0x2d, 0xcf, 0xf4, 0xcd, 0x0e, 0x22, 0x19,
  0x03, 0x03, 0xb4, 0x1d, 0x8f, 0xd7, 0x35, 0x08, 0xde, 0x08, 0xff, 0x17,
  0x14, 0x1b, 0x14, 0x19, 0xfe, 0xfd, 0x0c, 0x0b, 0xf3, 0x3d, 0x0e, 0x41,
  0x11, 0xf6, 0xfb, 0x6f, 0xb3, 0xf0, 0x29, 0xf1, 0xf5, 0xeb, 0xfa, 0xfd,
  0x19, 0x05, 0xff, 0xfc, 0xe4, 0xf9, 0x1b, 0x0d, 0xdd, 0xff, 0x14, 0x24,
  0x18, 0x16, 0xdc, 0x4c, 0xb9, 0x14, 0x0b, 0x01, 0xe3, 0x02, 0x0b, 0x04,
  0x08, 0x06, 0x0f, 0x07, 0xe8, 0x1f, 0x08, 0xfd, 0xd7, 0xf4, 0x2b, 0x22,
  0x04, 0x24, 0xd7, 0x3e, 0xdc, 0x2a, 0x11, 0x1a, 0xed, 0x1c, 0x01, 0x0d,
  0x03, 0x1b, 0x0a, 0x10, 0x02, 0x30, 0xf6, 0xfb, 0xef, 0xed, 0x13, 0x23,
  0x18, 0x27, 0x0c, 0x7d, 0xe2, 0x06, 0x07, 0x13, 0x0d, 0xf6, 0x06, 0xfd,
  0x06, 0xea, 0x08, 0x08, 0xf7, 0x1c, 0x08, 0x11, 0xf5, 0xf0, 0x0b, 0x1d,
  0x0d, 0x32, 0x06, 0x7e, 0xe1, 0x05, 0x00, 0x08, 0xf4, 0xf3, 0x07, 0x02,
  0x0b, 0xe9, 0x02, 0x12, 0xf3, 0x13, 0x06, 0x1b, 0xe8, 0xf0, 0x10, 0x2a,
  0x15, 0x27, 0x0f, 0x78, 0xed, 0x0f, 0x02, 0x08, 0xfb, 0x07, 0x00, 0xf8,
  0x0c, 0xeb, 0x01, 0x0e, 0xef, 0x1d, 0x00, 0x08, 0xec, 0x08, 0x17, 0x32,
  0x0b, 0x1f, 0x17, 0x56, 0xf4, 0x13, 0xfd, 0x03, 0xf4, 0xf6, 0xf4, 0xed,
  0x04, 0xdd, 0xf5, 0x0b, 0xeb, 0x22, 0xfa, 0x10, 0xf4, 0xef, 0x05, 0x2c,
  0x17, 0x3b, 0x21, 0x7f, 0x04, 0x29, 0xf3, 0x09, 0x15, 0xfd, 0x03, 0xfa,
  0x02, 0xd4, 0xff, 0x12, 0xe2, 0x1f, 0x00, 0x0c, 0x0c, 0x00, 0xfe, 0xf0,
  0x0a, 0xdc, 0xde, 0x81, 0xfe, 0xf3, 0x04, 0xd0, 0x01, 0x1e, 0xf1, 0xdb,
  0x18, 0x29, 0x00, 0xe7, 0x0f, 0x17, 0x0e, 0xcc, 0x04, 0xfc, 0xff, 0xe4,
  0xfc, 0xe6, 0xfe, 0x8b, 0xeb, 0xf0, 0x04, 0xd5, 0xee, 0x28, 0x02, 0xcd,
  0x05, 0x2a, 0x04, 0xe2, 0x11, 0x36, 0x19, 0xc7, 0x0c, 0x09, 0x09, 0xd8,
  0xf8, 0xe2, 0xe2, 0x97, 0xed, 0xed, 0xff, 0xf9, 0xf3, 0xee, 0xfd, 0xed,
  0xfd, 0x14, 0x01, 0xec, 0x0a, 0x17, 0x11, 0xdb, 0x0b, 0xff, 0xfc, 0xcf,
  0xfb, 0xe6, 0xd5, 0x89, 0xe8, 0xe6, 0xf7, 0x19, 0xf1, 0xdd, 0xf8, 0x06,
  0xf2, 0x12, 0xf9, 0xfe, 0x08, 0xf3, 0x0e, 0xf4, 0x05, 0x0c, 0x0f, 0xda,
  0xfd, 0xdd, 0xcd, 0x97, 0xea, 0xea, 0xfa, 0x13, 0xf5, 0xe2, 0xf1, 0xfb,
  0xff, 0x0b, 0x0a, 0xff, 0x10, 0xfb, 0x09, 0xe2, 0x03, 0x03, 0x00, 0xd5,
  0x00, 0xdc, 0xc1, 0x90, 0xec, 0xea, 0xfc, 0x18, 0xfb, 0xd3, 0xf6, 0xfa,
  0x06, 0x0d, 0xfc, 0x02, 0x02, 0xfd, 0x08, 0xeb, 0x11, 0x11, 0x03, 0xd6,
  0x03, 0xe5, 0xc1, 0x9b, 0xf9, 0xee, 0xf9, 0x1e, 0x06, 0xdf, 0xf4, 0xf4,
  0x12, 0x18, 0xfe, 0xfd, 0x17, 0xfd, 0x09, 0xed, 0x05, 0xfc, 0xff, 0xd7,
  0x05, 0xe0, 0xc6, 0xb5, 0xfc, 0xdd, 0xee, 0x38, 0x12, 0xc1, 0xef, 0x0e,
  0x12, 0xfd, 0x01, 0x0c, 0x01, 0xe4, 0xfe, 0xf3, 0x0c, 0x0f, 0x03, 0xcd,
  0xfd, 0xf3, 0xd0, 0xb5, 0xf6, 0xed, 0xf5, 0x32, 0x05, 0xcb, 0xf9, 0x12,
  0x05, 0x0c, 0x03, 0xfc, 0x13, 0xfa, 0x06, 0xe8, 0x40, 0x11, 0xe5, 0xf3,
  0x00, 0xcb, 0xdc, 0x0a, 0xe1, 0x1a, 0x81, 0xd9, 0xf5, 0xe4, 0xcb, 0x0a,
  0x24, 0xb7, 0xd2, 0x3e, 0x12, 0xfc, 0xf5, 0x1b, 0x04, 0x0d, 0xad, 0xee,
  0xf8, 0xc7, 0x0a, 0x2b, 0xac, 0xfd, 0x8c, 0xd5, 0xde, 0xb3, 0xf7, 0xf9,
  0xe3, 0xd9, 0xfb, 0x36, 0x1a, 0xd1, 0x30, 0x3d, 0xf1, 0x03, 0x07, 0x18,
  0xde, 0xd7, 0xd8, 0xff, 0xdf, 0x13, 0xbc, 0xee, 0xfd, 0xe9, 0x0a, 0xfd,
  0x10, 0xb8, 0xeb, 0x12, 0x00, 0x19, 0xfb, 0x04, 0xf5, 0xfa, 0xe3, 0xf2,
  0xec, 0xed, 0xfc, 0xfb, 0xff, 0x15, 0xc0, 0x01, 0x26, 0xc7, 0x0c, 0x03,
  0xfa, 0xd3, 0x04, 0x25, 0xe8, 0x2a, 0x11, 0x05, 0xe4, 0xd9, 0xed, 0xec,
  0xfb, 0xe8, 0xfd, 0xdb, 0xf4, 0x0e, 0xcb, 0xe6, 0x1f, 0xcd, 0xf9, 0xd1,
  0xf6, 0xd6, 0xe9, 0xff, 0xbe, 0x30, 0xed, 0xf3, 0xd0, 0xdc, 0x0a, 0xdc,
  0xdd, 0xfc, 0x07, 0x10, 0xd4, 0xfa, 0xe6, 0xe9, 0x34, 0x04, 0x05, 0xfe,
  0x0c, 0x0f, 0xf1, 0xf2, 0xc7, 0x06, 0xed, 0x09, 0xb8, 0xcd, 0xed, 0xd8,
  0xe3, 0xec, 0x15, 0x26, 0xec, 0xec, 0x08, 0xf0, 0x20, 0xfc, 0x12, 0xde,
  0x03, 0x18, 0x03, 0xe9, 0xb8, 0x23, 0x0c, 0x11, 0x85, 0x10, 0x17, 0x00,
  0xc9, 0xcd, 0xe1, 0xe1, 0xf7, 0xee, 0x14, 0xf4, 0x24, 0xf7, 0x25, 0xee,
  0x29, 0x13, 0x24, 0x0a, 0xb1, 0x1e, 0x15, 0x14, 0x9e, 0xda, 0x0c, 0xd7,
  0xf5, 0x0c, 0x24, 0x06, 0xf3, 0xdf, 0x3e, 0x0c, 0x1e, 0xf8, 0x2b, 0xdd,
  0x01, 0x33, 0x14, 0x02, 0x95, 0x31, 0x1a, 0xf4, 0xe6, 0xc6, 0xff, 0xff,
  0x04, 0x00, 0x00, 0x00, 0x40, 0x00, 0x00, 0x00, 0x25, 0xf3, 0xff, 0xff,
  0x80, 0xd7, 0xff, 0xff, 0x40, 0x07, 0x00, 0x00, 0x45, 0xcc, 0xff, 0xff,
  0x34, 0xfc, 0xff, 0xff, 0xa3, 0xad, 0xff, 0xff, 0x14, 0xaa, 0xff, 0xff,
  0xc6, 0xc7, 0xff, 0xff, 0x20, 0xfd, 0xff, 0xff, 0x39, 0xcc, 0xff, 0xff,
  0x79, 0xcb, 0xff, 0xff, 0x4c, 0xc7, 0xff, 0xff, 0x15, 0xee, 0xff, 0xff,
  0x77, 0xfa, 0xff, 0xff, 0x5d, 0xe1, 0xff, 0xff, 0x32, 0xde, 0xff, 0xff,
  0x32, 0xc7, 0xff, 0xff, 0x04, 0x00, 0x00, 0x00, 0x10, 0x00, 0x00, 0x00,
  0xa9, 0xb4, 0xa9, 0x95, 0x9f, 0x9a, 0x7f, 0x8e, 0x93, 0xaa, 0x8c, 0x9b,
  0xa3, 0xad, 0xa4, 0xc6, 0x4e, 0xc7, 0xff, 0xff, 0x04, 0x00, 0x00, 0x00,
  0x10, 0x00, 0x00, 0x00, 0x2c, 0xeb, 0x29, 0xb1, 0x20, 0x80, 0x4a, 0xbe,
  0x85, 0x90, 0x38, 0xf3, 0x4a, 0xc9, 0x0e, 0x38, 0x6a, 0xc7, 0xff, 0xff,
  0x04, 0x00, 0x00, 0x00, 0x00, 0x0a, 0x00, 0x00, 0x25, 0xff, 0xf4, 0xf9,
  0xf4, 0x10, 0x13, 0x18, 0x08, 0x00, 0xe7, 0xf3, 0x08, 0x0e, 0x0a, 0xf8,
  0xee, 0x07, 0x08, 0xf8, 0xe9, 0xf9, 0x03, 0xf4, 0xfb, 0xff, 0xfe, 0xee,
  0xf0, 0xe1, 0x10, 0xfa, 0xfe, 0x12, 0x06, 0x0c, 0xfe, 0xf2, 0x06, 0xf2,
  0xe4, 0xfc, 0x02, 0x00, 0x00, 0x81, 0xfb, 0x03, 0xfa, 0x03, 0xff, 0x12,
  0xf5, 0xf8, 0x08, 0xed, 0xe2, 0xf9, 0xfa, 0x01, 0xf4, 0xc6, 0xfa, 0x07,
  0xfa, 0xe2, 0xcd, 0x0f, 0xe9, 0xff, 0x0a, 0xf6, 0xe8, 0x02, 0x0f, 0x0d,
  0xf4, 0xea, 0x01, 0x00, 0x1b, 0xfa, 0xe9, 0xfb, 0xcc, 0xcc, 0x12, 0xda,
  0xec, 0xf3, 0xfa, 0x07, 0xd9, 0x15, 0x0b, 0x10, 0xf5, 0xfe, 0xe9, 0xea,
  0xe8, 0x01, 0xff, 0xfa, 0x01, 0x13, 0xfc, 0x04, 0xd9, 0xf7, 0xef, 0x07,
  0x03, 0xf7, 0x00, 0x0b, 0xfe, 0x04, 0x0a, 0x00, 0x19, 0x14, 0x0f, 0xdb,
  0xf9, 0x06, 0xf7, 0x06, 0xf2, 0xfa, 0x09, 0x12, 0xff, 0x09, 0xf7, 0xf7,
  0x19, 0x02, 0x1a, 0xac, 0xef, 0xec, 0xf4, 0xe9, 0x07, 0xfc, 0xf2, 0x0d,
  0x04, 0x0a, 0xf6, 0x0b, 0x15, 0x0b, 0x16, 0x81, 0x04, 0xfa, 0x0c, 0xe6,
  0xc3, 0x09, 0x08, 0x1a, 0xfb, 0x06, 0xe2, 0x01, 0x0e, 0xf3, 0x01, 0x07,
  0xe8, 0xb3, 0x01, 0xf7, 0xd9, 0x03, 0x11, 0x01, 0x16, 0xff, 0xef, 0x07,
  0xfc, 0xf6, 0x04, 0x0f, 0xf4, 0x81, 0xfd, 0xef, 0xf4, 0x0d, 0x01, 0x07,
  0x07, 0xf4, 0xf3, 0xfe, 0xfd, 0xf5, 0x0c, 0x0e, 0xfa, 0xac, 0xfb, 0xed,
  0x0a, 0x06, 0xf1, 0xfc, 0xf4, 0xfa, 0xef, 0xfb, 0x13, 0x09, 0x08, 0x00,
  0xf9, 0xe2, 0x0a, 0xf1, 0x1c, 0x00, 0xc8, 0xf8, 0xfe, 0xf1, 0xe6, 0xf2,
  0x14, 0x0b, 0x06, 0xf3, 0xeb, 0x15, 0x06, 0x0f, 0x03, 0x0c, 0xf5, 0xfa,
  0xeb, 0xea, 0xfa, 0xda, 0xcb, 0x18, 0x19, 0xfe, 0x2e, 0x0c, 0xf2, 0xd8,
  0xfc, 0x22, 0xff, 0xfe, 0xf4, 0xe8, 0x06, 0xdc, 0xaa, 0x1d, 0x1a, 0xee,
  0xf4, 0xf5, 0xde, 0xf7, 0x34, 0xff, 0x05, 0xd4, 0xea, 0xfb, 0x0a, 0xff,
  0x81, 0x20, 0xfc, 0xf3, 0x09, 0xf9, 0xfb, 0x1c, 0x2b, 0xd1, 0xe1, 0xd1,
  0xfd, 0x0b, 0x07, 0x00, 0x82, 0x12, 0xf8, 0x02, 0x0c, 0xfe, 0xef, 0xf1,
  0x04, 0xa8, 0xd1, 0xf0, 0x1b, 0xfc, 0x13, 0x24, 0xcd, 0xf4, 0x0a, 0x2f,
  0x19, 0x22, 0x04, 0xf0, 0x19, 0xf1, 0x05, 0x19, 0xf6, 0xcd, 0xf2, 0xe1,
  0x12, 0xdf, 0x1c, 0xd4, 0x03, 0x19, 0xb9, 0xdd, 0x09, 0x06, 0x02, 0xfd,
  0xf8, 0xf1, 0xf3, 0xfa, 0xf5, 0xf6, 0x0e, 0xb6, 0x17, 0xee, 0xa8, 0xe4,
  0x07, 0xff, 0x08, 0xed, 0xec, 0x00, 0xfc, 0xfa, 0xed, 0xfc, 0x06, 0xed,
  0x04, 0x06, 0x83, 0xf8, 0x17, 0x12, 0x03, 0xf1, 0x05, 0xfc, 0xfa, 0x05,
  0xf4, 0xf6, 0xff, 0xd0, 0x13, 0x03, 0x99, 0x01, 0xfb, 0xf4, 0x02, 0xfd,
  0x01, 0x05, 0x0a, 0xff, 0x00, 0x11, 0xef, 0xab, 0xf9, 0x01, 0x81, 0x08,
  0x36, 0x05, 0xff, 0x81, 0xb8, 0x4a, 0x10, 0xff, 0xa5, 0x35, 0x0f, 0xf0,
  0x13, 0xbd, 0xf0, 0x0e, 0xfa, 0x17, 0xfe, 0x97, 0xf0, 0x34, 0x04, 0x20,
  0xf3, 0xf3, 0xc9, 0xf2, 0x1d, 0x23, 0xf5, 0xff, 0x2a, 0xe4, 0xfe, 0xb3,
  0x09, 0x13, 0x4b, 0x48, 0x08, 0xfe, 0x05, 0xf0, 0xff, 0x06, 0x28, 0x02,
  0x1d, 0x12, 0x36, 0xef, 0x30, 0x29, 0x13, 0x05, 0x17, 0xcb, 0x1b, 0xe8,
  0x12, 0x52, 0xfa, 0xd5, 0x30, 0x48, 0xf3, 0x2a, 0xdb, 0x41, 0x4c, 0x1c,
  0x02, 0x12, 0xd0, 0xdf, 0xfa, 0x31, 0x08, 0xe7, 0xcf, 0xd2, 0xeb, 0xfd,
  0xd8, 0x02, 0xb0, 0x1f, 0xf1, 0x1f, 0x81, 0x28, 0xf8, 0x07, 0x05, 0x02,
  0xc0, 0x92, 0xb5, 0x1f, 0xbf, 0xf2, 0x08, 0xed, 0xfd, 0xe3, 0x90, 0x15,
  0xf6, 0x1d, 0x03, 0x09, 0x9e, 0xe9, 0xba, 0x15, 0xe5, 0xf1, 0x03, 0x0a,
  0x06, 0xee, 0x86, 0xf6, 0x0c, 0x0d, 0xf5, 0x0b, 0x9f, 0xf5, 0xe3, 0xf9,
  0x02, 0x0c, 0xe5, 0x1a, 0xff, 0xee, 0xa5, 0x03, 0x0c, 0xf9, 0xe6, 0xf8,
  0xc4, 0x09, 0xe6, 0x04, 0xc3, 0x06, 0x18, 0x01, 0xff, 0x09, 0xa8, 0xef,
  0xe1, 0xda, 0xf2, 0x1d, 0x26, 0xf2, 0x2b, 0x08, 0x7f, 0xf5, 0x2e, 0xd9,
  0x9f, 0xcd, 0x24, 0xf3, 0x0c, 0xbd, 0x0c, 0xe9, 0x14, 0x50, 0x29, 0x16,
  0x25, 0xfd, 0xe7, 0xd7, 0xa2, 0xdf, 0xd1, 0xfe, 0x16, 0xb3, 0xde, 0xe4,
  0xe2, 0x15, 0xe6, 0xaa, 0xcb, 0xfd, 0xaf, 0xcc, 0xb4, 0xd7, 0xef, 0x04,
  0x13, 0x1a, 0x39, 0x29, 0xe2, 0xe9, 0xc2, 0xb0, 0xda, 0xf0, 0x8f, 0xda,
  0xeb, 0x1b, 0x08, 0xed, 0x0c, 0x01, 0x31, 0x15, 0xdc, 0xec, 0xb1, 0x0e,
  0xdd, 0xf3, 0xc1, 0x05, 0xf1, 0x28, 0x07, 0x22, 0x0c, 0x05, 0xca, 0xd5,
  0x25, 0xc5, 0xa9, 0xec, 0x24, 0xf8, 0x13, 0xa8, 0x05, 0xc4, 0x22, 0x1d,
  0xbe, 0xf8, 0x03, 0xd5, 0x0b, 0xad, 0x06, 0xdc, 0xe9, 0xf2, 0x11, 0xa6,
  0xe0, 0x0a, 0x0b, 0x06, 0xb1, 0x1f, 0x1b, 0x00, 0xf8, 0xa1, 0xf9, 0x25,
  0xd9, 0xf1, 0xfe, 0x9b, 0xeb, 0x26, 0x18, 0x09, 0xa1, 0x17, 0x09, 0xe7,
  0x27, 0xc7, 0x07, 0x29, 0xbf, 0x02, 0x14, 0xbe, 0x1c, 0x21, 0x23, 0xfa,
  0x81, 0x27, 0x1d, 0xd3, 0x19, 0xd3, 0x01, 0x45, 0xa5, 0xf4, 0x34, 0xdd,
  0x1c, 0x34, 0x09, 0x32, 0x8a, 0x24, 0xce, 0x05, 0x09, 0xf2, 0xf7, 0xf3,
  0xfb, 0xf8, 0x07, 0x1e, 0xd3, 0x0a, 0xe4, 0xfd, 0x07, 0xeb, 0x0b, 0xfe,
  0xf6, 0xee, 0xe2, 0xf2, 0xdf, 0x08, 0x00, 0x0c, 0xf1, 0x21, 0xc2, 0x03,
  0x0a, 0x00, 0xf9, 0x06, 0xfa, 0x8f, 0xde, 0xfb, 0x08, 0x11, 0xfc, 0x13,
  0xf9, 0x0a, 0xf0, 0xfc, 0x0f, 0x0b, 0xf9, 0xf8, 0x04, 0x81, 0xf3, 0xfb,
  0x09, 0xfe, 0xf8, 0x16, 0xf6, 0xdb, 0xf9, 0x02, 0x02, 0x0d, 0xfc, 0xe2,
  0xf6, 0xbd, 0x05, 0x00, 0x0e, 0x22, 0xfc, 0xfb, 0xf4, 0xec, 0x0e, 0x05,
  0x00, 0x2c, 0xeb, 0x05, 0xf4, 0x9f, 0x02, 0x7f, 0x21, 0xbd, 0xf8, 0x0a,
  0x2a, 0x88, 0x34, 0xd6, 0xf0, 0xfd, 0xd2, 0xe8, 0xc5, 0xe6, 0xea, 0x78,
  0xdf, 0xf0, 0xf3, 0x06, 0x13, 0xad, 0x04, 0xe5, 0x17, 0x2c, 0x0a, 0x22,
  0xfb, 0xcd, 0xf9, 0x65, 0xbe, 0x1e, 0xcd, 0x1b, 0x0f, 0x97, 0x06, 0xf9,
  0x08, 0xfb, 0xf0, 0x01, 0xf5, 0xeb, 0xd8, 0x4a, 0x9b, 0x0e, 0xd3, 0x14,
  0x18, 0xc0, 0xfa, 0xfd, 0xf8, 0xef, 0x2c, 0x1b, 0x01, 0xcf, 0xd6, 0x38,
  0xde, 0x09, 0xcb, 0x1e, 0x0f, 0xe4, 0xea, 0x0e, 0x07, 0xad, 0x2d, 0x2f,
  0xba, 0xfe, 0x05, 0x02, 0xb9, 0xe3, 0xf6, 0x0d, 0xd0, 0x0f, 0xec, 0xf6,
  0xf8, 0x86, 0x00, 0xea, 0xbb, 0xb7, 0xd5, 0xe8, 0xac, 0xea, 0xed, 0x06,
  0xdf, 0xec, 0xf6, 0x05, 0xf5, 0xc8, 0xde, 0xda, 0xe4, 0xf4, 0xd5, 0xf8,
  0xd3, 0xf2, 0xf4, 0xfc, 0xef, 0x03, 0xe8, 0x0e, 0xf3, 0x89, 0xf6, 0xf2,
  0x06, 0xe3, 0xba, 0x19, 0xe9, 0xf3, 0xf6, 0xef, 0xf9, 0xfe, 0xfa, 0x10,
  0xf4, 0xaa, 0xea, 0xdc, 0x28, 0xf7, 0x81, 0x0b, 0xc1, 0xd2, 0x06, 0xdf,
  0xed, 0x16, 0xfb, 0xff, 0xeb, 0xb1, 0xf9, 0xf7, 0x03, 0x59, 0x24, 0xbd,
  0xce, 0xdf, 0xe3, 0xd6, 0xcb, 0x45, 0x2f, 0xd9, 0xfa, 0xeb, 0xcf, 0x09,
  0xcf, 0x29, 0x27, 0x91, 0xa8, 0xea, 0xce, 0x09, 0x0c, 0x31, 0xea, 0xfb,
  0xf6, 0x0d, 0xf9, 0xfe, 0x92, 0x28, 0x01, 0xaf, 0xd3, 0x25, 0xb4, 0x53,
  0x20, 0x28, 0xc9, 0x0d, 0x23, 0xfc, 0x02, 0xf5, 0x8a, 0xf5, 0x0e, 0xcd,
  0x1c, 0x2b, 0xb4, 0x26, 0x17, 0x38, 0x04, 0x0d, 0x42, 0xd5, 0x05, 0xb6,
  0xb3, 0x01, 0x1b, 0xd9, 0x2e, 0x35, 0xc7, 0x71, 0x30, 0x13, 0xfd, 0x1e,
  0x3e, 0xbf, 0x07, 0x81, 0x21, 0xfb, 0xe5, 0x28, 0xf2, 0x09, 0xee, 0x1e,
  0x01, 0xf6, 0xfd, 0x2f, 0x05, 0xe9, 0x1d, 0xd2, 0x02, 0x00, 0xee, 0x21,
  0xe8, 0x22, 0xd1, 0x1d, 0x07, 0x02, 0xf7, 0x16, 0x0e, 0x2b, 0xfc, 0x02,
  0xd3, 0xfe, 0x00, 0x15, 0xf3, 0x23, 0xdf, 0x12, 0x18, 0x0a, 0x01, 0xdd,
  0x08, 0x1a, 0x00, 0xf8, 0xd8, 0x0a, 0x0c, 0x0a, 0x02, 0x16, 0xdc, 0x18,
  0x1d, 0x05, 0xf9, 0xb3, 0xf5, 0x0e, 0xfd, 0xdd, 0xcb, 0x26, 0x39, 0x16,
  0xf7, 0x1d, 0xe0, 0x2d, 0x6f, 0x00, 0x12, 0x81, 0x12, 0xf0, 0x19, 0xdb,
  0xb5, 0x12, 0x3b, 0x22, 0x3f, 0xb5, 0xb6, 0xba, 0xee, 0xe1, 0x7f, 0x1f,
  0xfb, 0x19, 0x2e, 0xa1, 0x12, 0xfa, 0xc6, 0x11, 0x0f, 0xff, 0xb3, 0xe1,
  0xf9, 0xdb, 0x60, 0x05, 0xf1, 0xf7, 0x24, 0x94, 0x42, 0xfc, 0xf5, 0xda,
  0x0d, 0xe9, 0xae, 0xfa, 0x16, 0xd2, 0x2e, 0xff, 0xe4, 0x37, 0x00, 0x02,
  0x1c, 0xeb, 0x17, 0xc6, 0x26, 0xe3, 0xbc, 0x14, 0x06, 0x0a, 0x09, 0x03,
  0x0a, 0xfb, 0xea, 0x23, 0x0b, 0x04, 0x51, 0xd2, 0x2b, 0xe8, 0xcb, 0x16,
  0xf2, 0x11, 0x1d, 0xff, 0x0d, 0x19, 0x93, 0xdc, 0x1c, 0x0d, 0x0b, 0xfa,
  0xbd, 0x7a, 0xe1, 0xcc, 0xf1, 0x3b, 0x81, 0xcd, 0xff, 0xd1, 0xeb, 0x1c,
  0x06, 0xf2, 0x04, 0xf0, 0xb1, 0x1b, 0xf9, 0x0d, 0x1c, 0x05, 0xac, 0xf3,
  0x16, 0x2a, 0xe0, 0xf3, 0xa2, 0x17, 0xf4, 0xde, 0xbc, 0xec, 0xc7, 0xcf,
  0x0f, 0x14, 0xa1, 0x04, 0x20, 0x3e, 0x10, 0x11, 0xbe, 0xf4, 0xc9, 0xba,
  0xf7, 0x2f, 0xc1, 0x1d, 0x0e, 0x48, 0xac, 0x00, 0x0b, 0x2c, 0x1c, 0xd6,
  0xe0, 0xda, 0xea, 0xbf, 0x04, 0x32, 0xbf, 0x62, 0xff, 0xe1, 0xd8, 0x32,
  0x1a, 0x36, 0x1d, 0x9e, 0xef, 0xd8, 0x22, 0xf0, 0x4c, 0xc7, 0xcb, 0xb1,
  0xf5, 0xc7, 0x47, 0x25, 0x00, 0x01, 0xf0, 0xb0, 0x00, 0x12, 0x1f, 0x36,
  0x39, 0xb3, 0xbb, 0xbf, 0x0d, 0xd7, 0x2c, 0xe3, 0xed, 0x1e, 0xfa, 0xb0,
  0x3e, 0x30, 0x09, 0x2a, 0xed, 0x9a, 0xc9, 0x81, 0xc3, 0x10, 0xfd, 0x00,
  0x19, 0x0a, 0xfc, 0xc6, 0x19, 0xfd, 0x27, 0x15, 0xd1, 0xa8, 0xe6, 0x93,
  0xb3, 0x1e, 0xf5, 0x43, 0xeb, 0x0e, 0x0b, 0xe2, 0x0a, 0x34, 0xd8, 0x2c,
  0xe6, 0x9a, 0xf9, 0xc5, 0x9b, 0x3a, 0xd8, 0x2d, 0x3a, 0xf9, 0x13, 0x1c,
  0x21, 0x05, 0xf0, 0x03, 0xf9, 0x02, 0xf6, 0x05, 0x0c, 0x0a, 0x11, 0xc1,
  0x04, 0xfd, 0x94, 0xeb, 0x05, 0xfa, 0x0e, 0x14, 0x1a, 0x0a, 0xef, 0x10,
  0x18, 0xf3, 0x03, 0xe3, 0xf4, 0x06, 0x81, 0xd4, 0xff, 0xfa, 0x09, 0x15,
  0x0f, 0x04, 0xe6, 0xf3, 0x0b, 0xf6, 0x18, 0xf8, 0x0e, 0x03, 0xac, 0xea,
  0x11, 0x08, 0x07, 0x16, 0x14, 0xf9, 0xdd, 0xef, 0xf8, 0xe0, 0xfb, 0xfe,
  0xf9, 0x05, 0xb9, 0x02, 0xfa, 0xfb, 0x25, 0xf1, 0x00, 0xfe, 0xd8, 0xda,
  0xd3, 0xe4, 0x18, 0x28, 0x10, 0xf6, 0xcd, 0x07, 0x18, 0x04, 0xf1, 0xfc,
  0xe8, 0xe5, 0x1c, 0xd2, 0x07, 0xf1, 0xf7, 0x8e, 0x2b, 0x09, 0xe5, 0x06,
  0x1b, 0x02, 0xed, 0x06, 0x13, 0x0a, 0x3a, 0xff, 0x01, 0xf4, 0x02, 0xa1,
  0x27, 0x04, 0xe6, 0x0a, 0x28, 0xfa, 0xf5, 0x0f, 0xf9, 0xff, 0x1a, 0xee,
  0xff, 0xf4, 0xef, 0x91, 0x42, 0xfa, 0xd2, 0x12, 0xf0, 0x18, 0x07, 0xf6,
  0xf5, 0x02, 0x2c, 0xf4, 0x0d, 0xe6, 0xfe, 0x81, 0x0d, 0xe5, 0xc8, 0x05,
  0xf9, 0x09, 0xf1, 0xf5, 0x45, 0x05, 0x08, 0xf1, 0xfc, 0xe6, 0x05, 0xa6,
  0xed, 0xfc, 0xc9, 0x2a, 0x04, 0x04, 0x18, 0xf1, 0x0a, 0xc1, 0xe3, 0xe5,
  0x09, 0xc8, 0x15, 0xee, 0x04, 0xfa, 0xe0, 0xc5, 0xcc, 0xf7, 0x1e, 0xfa,
  0xfb, 0xb7, 0xcc, 0xd2, 0x17, 0xc4, 0x3c, 0x10, 0x06, 0xf7, 0x15, 0xa2,
  0x2c, 0xec, 0xe9, 0x34, 0x0a, 0xa3, 0xe5, 0xd6, 0x0f, 0xe6, 0x3a, 0x09,
  0xde, 0x06, 0x07, 0xca, 0x12, 0x16, 0xd8, 0x17, 0x08, 0xb7, 0xfc, 0xab,
  0xf3, 0x0e, 0x02, 0x11, 0x0c, 0xf5, 0x07, 0x10, 0x13, 0x17, 0x23, 0xf7,
  0xf3, 0x81, 0x00, 0xa9, 0xd9, 0x39, 0x08, 0x0f, 0x14, 0xff, 0xf7, 0x2b,
  0x31, 0x23, 0x0e, 0xdb, 0xf4, 0xe0, 0xf7, 0xe6, 0xf4, 0x4d, 0x25, 0x1a,
  0xe8, 0x24, 0x11, 0xcd, 0x23, 0xe5, 0x05, 0xfa, 0xe6, 0xdc, 0xcc, 0xf5,
  0x09, 0xf5, 0x3b, 0x1a, 0xd4, 0x07, 0x06, 0xbf, 0x22, 0x1f, 0xff, 0x33,
  0x3a, 0xbe, 0xcb, 0xee, 0x0c, 0xec, 0x2c, 0x22, 0xf3, 0x01, 0xed, 0xc6,
  0x35, 0x2e, 0x0f, 0x29, 0x4c, 0xa8, 0xf2, 0xbe, 0xcb, 0xf9, 0x40, 0x08,
  0x11, 0x09, 0xf8, 0xda, 0x04, 0x36, 0xf6, 0x3b, 0xe2, 0x81, 0xfe, 0xa1,
  0xbe, 0xd4, 0x2d, 0x38, 0x26, 0x09, 0xf5, 0x19, 0x0d, 0x07, 0xcf, 0x11,
  0x24, 0xfb, 0x02, 0x01, 0x08, 0xe4, 0xec, 0xfe, 0x03, 0x0d, 0x03, 0x0d,
  0xe0, 0x01, 0xef, 0xf2, 0x06, 0x0e, 0xf5, 0xf4, 0xf9, 0xfe, 0xe8, 0xe4,
  0xfe, 0xeb, 0x0d, 0x21, 0xd6, 0x00, 0x31, 0xf9, 0xfb, 0xfe, 0xf7, 0xe6,
  0xf9, 0xff, 0xf8, 0xfe, 0xf8, 0x81, 0xf9, 0x05, 0xec, 0xf7, 0x02, 0x05,
  0x01, 0x0f, 0xe4, 0xf9, 0xeb, 0xfa, 0x02, 0x03, 0xfc, 0xd4, 0xf3, 0x07,
  0x0e, 0xee, 0xe6, 0xfd, 0xeb, 0xfe, 0x00, 0xfa, 0xe8, 0x04, 0x11, 0x17,
  0xfe, 0xea, 0x02, 0xe7, 0x16, 0x14, 0x0d, 0x16, 0x0e, 0xc3, 0xd4, 0xd9,
  0x13, 0x01, 0xe9, 0xc5, 0x1d, 0xf8, 0xd9, 0xa7, 0x2e, 0x28, 0x06, 0x06,
  0xd0, 0x9f, 0xee, 0xc2, 0xce, 0xf2, 0x20, 0xe4, 0x36, 0xf2, 0x05, 0xbc,
  0x0f, 0x0a, 0xff, 0xf5, 0xf8, 0x81, 0xf3, 0x98, 0x95, 0x10, 0x37, 0xe1,
  0x21, 0x1d, 0x1c, 0xe9, 0x23, 0x31, 0xe3, 0xe7, 0xb6, 0xb3, 0x04, 0xb6,
  0x82, 0x31, 0xde, 0x0e, 0xde, 0x0c, 0xf7, 0x11, 0xea, 0x1b, 0xd7, 0xf1,
  0x18, 0xbb, 0x14, 0xcf, 0xa2, 0x21, 0xd5, 0x1f, 0xb1, 0xfb, 0xff, 0x20,
  0xe2, 0xfc, 0xfd, 0xe7, 0xe3, 0x00, 0x10, 0xff, 0xb2, 0x0d, 0xfd, 0x30,
  0xec, 0x81, 0xed, 0x1a, 0xea, 0xeb, 0x13, 0xe3, 0xd2, 0xfc, 0x17, 0xe3,
  0xdd, 0x00, 0xf9, 0x16, 0xdc, 0xbb, 0xeb, 0x17, 0x0b, 0xf3, 0xc7, 0xf0,
  0xc6, 0xf9, 0x0c, 0xe6, 0x02, 0xe5, 0xeb, 0x24, 0xd0, 0x0e, 0x13, 0xcc,
  0x2a, 0xf0, 0xbb, 0x00, 0xbd, 0xfe, 0xfb, 0xdd, 0x0b, 0xfc, 0x15, 0xef,
  0xd4, 0xe7, 0x28, 0xc7, 0x27, 0xd8, 0xc8, 0x1b, 0xd1, 0x22, 0x13, 0xcc,
  0x0e, 0xe6, 0xec, 0x11, 0xd6, 0x12, 0xf4, 0xf8, 0x0c, 0xfc, 0xcb, 0xf0,
  0x07, 0xd0, 0xfd, 0xf4, 0xf3, 0xf7, 0x11, 0x12, 0xf5, 0xfe, 0x0f, 0xf1,
  0x0d, 0x22, 0xf0, 0xe6, 0xeb, 0xee, 0x0f, 0xfa, 0x12, 0x26, 0xe3, 0xfd,
  0xfc, 0xff, 0x0b, 0x02, 0x00, 0x24, 0x10, 0xcb, 0xf2, 0x03, 0xfb, 0xf0,
  0x11, 0x2a, 0xe2, 0x07, 0x02, 0xf3, 0xff, 0xfe, 0xff, 0x26, 0x10, 0xeb,
  0x07, 0xe9, 0x1e, 0x04, 0x1b, 0x3b, 0xea, 0x05, 0x02, 0xec, 0xfa, 0xf8,
  0x00, 0x18, 0x1b, 0xeb, 0x0b, 0xf7, 0x37, 0xfe, 0x29, 0x7f, 0xe9, 0x0a,
  0x00, 0xe1, 0x07, 0xfd, 0x05, 0x03, 0xf5, 0xd5, 0xfa, 0x36, 0xa8, 0x25,
  0xc1, 0x47, 0x11, 0x18, 0x02, 0xef, 0xfd, 0x06, 0xf9, 0x01, 0x83, 0x81,
  0xe1, 0xdc, 0xb1, 0xf1, 0xd8, 0xf2, 0xf1, 0x0f, 0xf1, 0x15, 0x1d, 0xf3,
  0xee, 0xeb, 0xc2, 0xbc, 0x08, 0x2b, 0xc2, 0x17, 0x17, 0x13, 0x58, 0x0e,
  0xfd, 0x22, 0x17, 0xd1, 0x06, 0x17, 0xcb, 0xba, 0x12, 0x21, 0xdc, 0xfe,
  0x09, 0xf3, 0x20, 0x02, 0xd0, 0x1a, 0x25, 0xb1, 0xd3, 0x27, 0x14, 0xbe,
  0x13, 0x2f, 0xcb, 0x11, 0xc4, 0x39, 0x78, 0xfe, 0x1d, 0x35, 0xf2, 0xa6,
  0x17, 0x02, 0xf7, 0x0f, 0xfb, 0x16, 0xf5, 0x05, 0xf8, 0xef, 0xef, 0x81,
  0x03, 0x12, 0xe5, 0xce, 0x1f, 0xfd, 0x0d, 0x02, 0x2c, 0x0c, 0x05, 0xf8,
  0x1d, 0xd1, 0x12, 0x8c, 0x32, 0xf1, 0xf3, 0xb4, 0x07, 0x0e, 0x03, 0x2a,
  0x22, 0x06, 0x08, 0xeb, 0x09, 0xd0, 0x02, 0xaf, 0x26, 0xf5, 0xf2, 0xd8,
  0xf7, 0x0d, 0x06, 0x1e, 0x20, 0x06, 0xfb, 0xe8, 0xe9, 0xce, 0xfc, 0xba,
  0x23, 0xf3, 0xf5, 0x01, 0xfe, 0x17, 0x19, 0xed, 0x15, 0x13, 0xf5, 0xe4,
  0xae, 0xcc, 0x15, 0xde, 0x1b, 0xfb, 0xed, 0x17, 0xfb, 0x04, 0xf1, 0xfc,
  0x21, 0xfe, 0x02, 0xec, 0xf3, 0x00, 0x09, 0xed, 0x10, 0x06, 0xbe, 0xef,
  0xfe, 0xf5, 0xf6, 0x0a, 0x05, 0x07, 0x0b, 0xf8, 0x02, 0xf9, 0x07, 0xf7,
  0x00, 0xf5, 0x9d, 0xf7, 0x04, 0xf4, 0xf3, 0xfd, 0xff, 0x03, 0x0c, 0x03,
  0xff, 0xfb, 0x03, 0xe8, 0x06, 0x04, 0x9d, 0xfe, 0x0e, 0x01, 0x0d, 0xfc,
  0xf4, 0x00, 0x09, 0xf8, 0xef, 0xff, 0xfd, 0xf2, 0xfc, 0x03, 0x88, 0xf6,
  0xfe, 0xfc, 0xf3, 0x01, 0x07, 0xfe, 0x05, 0xf8, 0xf6, 0xf9, 0x0c, 0x0d,
  0x00, 0x0d, 0x81, 0x04, 0x11, 0x8f, 0xdb, 0x47, 0x06, 0xd7, 0xea, 0xef,
  0x49, 0xa5, 0x07, 0xed, 0xdc, 0x2d, 0xa5, 0xe2, 0xf0, 0x8d, 0xd6, 0x72,
  0x1d, 0xf7, 0x00, 0x2d, 0xf1, 0xa0, 0xf3, 0x02, 0xdf, 0x13, 0xd9, 0x00,
  0xed, 0x91, 0xd5, 0x56, 0xd6, 0x0d, 0xe7, 0x20, 0x3f, 0x81, 0x12, 0xf3,
  0xf2, 0x17, 0xe3, 0x0f, 0xc3, 0xa8, 0xdb, 0x2a, 0xa5, 0xfa, 0xe0, 0x29,
  0x13, 0xb0, 0xdb, 0xbb, 0xdd, 0x09, 0x10, 0xf7, 0xd7, 0xbd, 0xe8, 0x5e,
  0xcd, 0x04, 0x07, 0x15, 0xed, 0xb4, 0xe0, 0xe1, 0xc1, 0xec, 0x02, 0x32,
  0xb2, 0xf0, 0x1c, 0x29, 0xfb, 0xeb, 0x0f, 0x06, 0xd7, 0xd6, 0x0a, 0x35,
  0xf6, 0xd6, 0x2c, 0x16, 0xf2, 0xe0, 0xe5, 0x1d, 0xef, 0xfa, 0x04, 0x0a,
  0x0f, 0xa7, 0xf7, 0x31, 0x05, 0x13, 0x08, 0x06, 0xf3, 0xe4, 0xe6, 0xfe,
  0xde, 0xed, 0x00, 0x09, 0x22, 0x81, 0xfb, 0x23, 0xe3, 0xfc, 0x00, 0xfa,
  0xed, 0xee, 0xc7, 0x18, 0xeb, 0xfe, 0x05, 0xf7, 0x14, 0xb3, 0xdf, 0x1a,
  0xf6, 0xe2, 0xf3, 0x0b, 0x0d, 0xe0, 0xd0, 0x1a, 0xe5, 0xf2, 0x1a, 0xf7,
  0x03, 0xc9, 0x01, 0xf5, 0xf8, 0xc9, 0xfe, 0x29, 0x04, 0xfa, 0x29, 0x11,
  0x0f, 0xc3, 0xf7, 0xc8, 0x07, 0xeb, 0x08, 0xeb, 0xfe, 0x05, 0xfd, 0xa5,
  0x1c, 0x06, 0xf9, 0x07, 0xed, 0xb7, 0x03, 0xd6, 0xd0, 0xf9, 0x0f, 0xf9,
  0x22, 0xfa, 0xfc, 0xc0, 0x0f, 0xe4, 0xda, 0xf4, 0x10, 0x9f, 0x00, 0xa5,
  0x06, 0x01, 0x22, 0x15, 0xf6, 0x05, 0x06, 0xec, 0x1b, 0x0b, 0x06, 0xf5,
  0xd8, 0x99, 0x11, 0x97, 0xfe, 0x29, 0xf0, 0x10, 0x04, 0x05, 0xfd, 0x18,
  0xfd, 0x19, 0x22, 0xe3, 0x0d, 0x81, 0x0c, 0x90, 0x1f, 0x16, 0x00, 0xeb,
  0xeb, 0xf0, 0x00, 0x1f, 0x18, 0x2b, 0xd6, 0xe4, 0x0a, 0x30, 0x57, 0x29,
  0x1e, 0x38, 0xe9, 0x01, 0x12, 0xf6, 0xe8, 0xff, 0x20, 0xd9, 0xe8, 0x18,
  0x0d, 0x46, 0x7f, 0x13, 0x04, 0xf4, 0xeb, 0xf4, 0xe8, 0x0c, 0x04, 0xfd,
  0xfb, 0x0e, 0x28, 0x4a, 0x0c, 0x29, 0x3a, 0x0e, 0xf8, 0xd8, 0x05, 0xec,
  0xfb, 0xbd, 0xf3, 0x13, 0xf0, 0x08, 0x37, 0x53, 0x01, 0x26, 0x3b, 0xe3,
  0xfb, 0xf5, 0x09, 0xd8, 0xde, 0xc5, 0x03, 0x2e, 0x99, 0xe6, 0x14, 0x57,
  0x26, 0x1a, 0xfd, 0xfe, 0xfc, 0xac, 0x0d, 0x04, 0xbe, 0xd4, 0x09, 0x09,
  0x76, 0xd1, 0xff, 0xff, 0x04, 0x00, 0x00, 0x00, 0x80, 0x00, 0x00, 0x00,
  0xf9, 0x03, 0x00, 0x00, 0x59, 0x00, 0x00, 0x00, 0xde, 0xf7, 0xff, 0xff,
  0xf0, 0xfd, 0xff, 0xff, 0x2e, 0x09, 0x00, 0x00, 0xa5, 0xf8, 0xff, 0xff,
  0xd9, 0xf8, 0xff, 0xff, 0x77, 0x03, 0x00, 0x00, 0xc9, 0xee, 0xff, 0xff,
  0x81, 0x00, 0x00, 0x00, 0x95, 0xf9, 0xff, 0xff, 0x58, 0xf2, 0xff, 0xff,
  0x09, 0xfa, 0xff, 0xff, 0x17, 0xf5, 0xff, 0xff, 0x0b, 0x05, 0x00, 0x00,
  0x09, 0xfb, 0xff, 0xff, 0xce, 0xf4, 0xff, 0xff, 0x12, 0xfb, 0xff, 0xff,
  0x3e, 0xfa, 0xff, 0xff, 0x7e, 0xf6, 0xff, 0xff, 0xd4, 0xf6, 0xff, 0xff,
  0x8e, 0x05, 0x00, 0x00, 0x7f, 0xfb, 0xff, 0xff, 0x10, 0xf5, 0xff, 0xff,
  0x4b, 0xf6, 0xff, 0xff, 0x6a, 0xf4, 0xff, 0xff, 0x3b, 0xf7, 0xff, 0xff,
  0x26, 0x03, 0x00, 0x00, 0x23, 0xf8, 0xff, 0xff, 0x72, 0x00, 0x00, 0x00,
  0x7f, 0xf6, 0xff, 0xff, 0xc8, 0xf3, 0xff, 0xff, 0x02, 0xd2, 0xff, 0xff,
  0x04, 0x00, 0x00, 0x00, 0x20, 0x00, 0x00, 0x00, 0xfd, 0xfe, 0x1f, 0xfc,
  0xf0, 0xe6, 0x3b, 0x17, 0xf5, 0x10, 0xd3, 0x7f, 0xab, 0xc3, 0xc3, 0xcf,
  0xe2, 0x01, 0xeb, 0xe8, 0xcb, 0x1c, 0x0f, 0x04, 0xab, 0xd6, 0x0e, 0x1d,
  0xe7, 0xdc, 0xfc, 0xee, 0x2e, 0xd2, 0xff, 0xff, 0x04, 0x00, 0x00, 0x00,
  0x20, 0x00, 0x00, 0x00, 0x24, 0xac, 0xb2, 0xdd, 0x9e, 0xe5, 0x80, 0x2d,
  0x0b, 0xa9, 0x30, 0x03, 0xf1, 0xc5, 0xfb, 0xda, 0x54, 0x90, 0x18, 0x51,
  0x69, 0xe1, 0x4f, 0x09, 0x2a, 0xee, 0xdc, 0xbf, 0x28, 0x0b, 0x41, 0x27,
  0x5a, 0xd2, 0xff, 0xff, 0x04, 0x00, 0x00, 0x00, 0x00, 0x18, 0x00, 0x00,
  0x12, 0xd8, 0xd5, 0x21, 0x02, 0x1f, 0x26, 0xcb, 0x07, 0x03, 0xca, 0x12,
  0xbf, 0xe5, 0x33, 0xe6, 0xee, 0x3c, 0xf1, 0xdc, 0xa8, 0xdb, 0xfa, 0x04,
  0x2c, 0xac, 0x29, 0x0d, 0xff, 0x01, 0xdf, 0xd2, 0x5a, 0xf8, 0x05, 0xfb,
  0xd7, 0x1c, 0x0a, 0xb0, 0x05, 0xe8, 0xc7, 0xf5, 0xb5, 0xec, 0xd9, 0xba,
  0xdb, 0xd1, 0xbc, 0xf9, 0xf0, 0x05, 0xec, 0xfb, 0x06, 0xd3, 0xe4, 0xcd,
  0xf7, 0xfd, 0xff, 0x31, 0xdf, 0xc3, 0x38, 0x1b, 0xd9, 0xfc, 0xb1, 0xe3,
  0xea, 0xc1, 0x0a, 0xd1, 0xa3, 0xf3, 0xff, 0x82, 0xd9, 0xec, 0xe4, 0x46,
  0xfd, 0xd2, 0x29, 0xf8, 0xdb, 0x81, 0xfa, 0xc8, 0x18, 0x13, 0x3c, 0x15,
  0x1f, 0x08, 0xc1, 0x0f, 0xe6, 0x07, 0x24, 0x03, 0x3a, 0x14, 0x40, 0x6a,
  0xee, 0x2b, 0xf8, 0x07, 0xff, 0x16, 0xca, 0xef, 0xef, 0xc1, 0x3d, 0x2d,
  0xf4, 0x2c, 0x0b, 0xd6, 0x3c, 0x4c, 0x03, 0x12, 0x32, 0x41, 0x5b, 0x0f,
  0x1e, 0x12, 0x0c, 0xbc, 0x08, 0xde, 0x1e, 0x2e, 0x13, 0x32, 0xe2, 0xf6,
  0xea, 0xda, 0xb3, 0x11, 0x29, 0x35, 0xfb, 0xf8, 0x0d, 0x0e, 0xfb, 0xff,
  0x06, 0xf4, 0x0b, 0x2d, 0xe2, 0x58, 0x18, 0xee, 0xff, 0xc2, 0xe3, 0x04,
  0x09, 0xd4, 0xfb, 0xe2, 0x1b, 0x39, 0x1e, 0xe8, 0x14, 0x9c, 0xd5, 0x0d,
  0x1d, 0x0a, 0x16, 0x24, 0x5c, 0x11, 0xa6, 0x81, 0xe7, 0xb6, 0x16, 0xc1,
  0x11, 0x1a, 0xb9, 0xa0, 0xda, 0x52, 0x7f, 0xd7, 0xb5, 0x0e, 0xf7, 0x21,
  0x0d, 0xfb, 0xfc, 0x17, 0x9c, 0x93, 0x00, 0x9d, 0xa0, 0xd2, 0xf6, 0xc3,
  0x1a, 0xfe, 0x27, 0xe8, 0x19, 0xfa, 0xf1, 0x38, 0x2f, 0xf8, 0x12, 0xa4,
  0xf8, 0x1a, 0x12, 0xe4, 0xbc, 0x08, 0x05, 0x1a, 0xdf, 0x17, 0xf8, 0x2d,
  0xe6, 0xe0, 0x2f, 0xfa, 0xfb, 0x27, 0xd5, 0xad, 0x07, 0xca, 0x30, 0x11,
  0x1c, 0x0e, 0xf5, 0x2c, 0x1b, 0xf7, 0x28, 0xd7, 0xeb, 0xce, 0x03, 0x39,
  0xee, 0x1d, 0x29, 0x18, 0xb1, 0x08, 0x4c, 0xf8, 0x30, 0x05, 0x1a, 0x16,
  0x1b, 0x50, 0xf9, 0xdf, 0xf4, 0xb3, 0x0e, 0xfa, 0x37, 0x0f, 0x01, 0xf7,
  0x19, 0x05, 0x14, 0x45, 0x18, 0xf4, 0xfd, 0x50, 0x25, 0xee, 0x00, 0x3c,
  0x67, 0x1e, 0x0d, 0x7f, 0x04, 0xb9, 0xc9, 0xf8, 0xb0, 0x79, 0xd0, 0x13,
  0x1e, 0x36, 0xba, 0xef, 0x9d, 0xb2, 0xe9, 0x8e, 0xd0, 0x32, 0x03, 0x12,
  0x18, 0x29, 0x0c, 0xf7, 0xef, 0x46, 0xff, 0x2b, 0x2e, 0xed, 0x14, 0x05,
  0xf4, 0x10, 0xdd, 0xff, 0x11, 0xdb, 0xbf, 0x19, 0xde, 0x54, 0x2c, 0x09,
  0xb0, 0x13, 0x01, 0xc9, 0xd1, 0xb6, 0xc3, 0x14, 0x17, 0x1e, 0xc3, 0xe9,
  0x1f, 0x06, 0x2c, 0x04, 0xea, 0xd4, 0x15, 0xca, 0x29, 0x3e, 0x47, 0x25,
  0x29, 0xaf, 0x4c, 0xeb, 0xef, 0xe4, 0x6b, 0x3e, 0x59, 0x08, 0x34, 0xf0,
  0xfa, 0x12, 0x22, 0x08, 0x0c, 0x13, 0x18, 0xdc, 0xf5, 0x10, 0x02, 0x2a,
  0x09, 0x11, 0x06, 0x1d, 0xbb, 0x21, 0x0b, 0xbd, 0x81, 0x1e, 0xe0, 0xf0,
  0x08, 0x1c, 0x18, 0x21, 0x09, 0xef, 0xce, 0x03, 0x0b, 0x08, 0xf3, 0x27,
  0xde, 0xe1, 0x16, 0x0a, 0xef, 0xfe, 0x0f, 0xfb, 0x13, 0x19, 0x23, 0x14,
  0xff, 0x00, 0xdc, 0xaa, 0xa2, 0x10, 0x1f, 0xf6, 0xf7, 0xfc, 0xe3, 0x17,
  0x22, 0xbf, 0xc4, 0xd6, 0x0e, 0xfd, 0x20, 0x2b, 0xef, 0x05, 0x08, 0x12,
  0xc7, 0x11, 0x04, 0x13, 0x1f, 0x05, 0x23, 0x14, 0xae, 0x07, 0xc6, 0xc1,
  0x1b, 0xfd, 0xcc, 0x0f, 0xf3, 0xfa, 0xef, 0x11, 0x31, 0xfd, 0xce, 0xf0,
  0x9e, 0x3a, 0xc2, 0xa6, 0x12, 0xee, 0xe8, 0xed, 0xe3, 0x14, 0xad, 0xec,
  0x04, 0x05, 0x27, 0x01, 0xed, 0x41, 0x20, 0x07, 0x09, 0x81, 0x9a, 0xc8,
  0xe8, 0x31, 0x22, 0x15, 0xca, 0xa0, 0xcc, 0x95, 0xdf, 0x11, 0x1b, 0xbc,
  0x18, 0xff, 0x07, 0xe6, 0xe0, 0xe8, 0xc6, 0xc6, 0x21, 0x14, 0x21, 0x00,
  0x15, 0x03, 0xfd, 0x1d, 0x11, 0xeb, 0x04, 0xdc, 0xf6, 0x1e, 0x0a, 0xfa,
  0xe0, 0x9e, 0xf2, 0xc8, 0x0c, 0x2d, 0x3f, 0xe4, 0xea, 0x0d, 0xe7, 0xd9,
  0xff, 0xa8, 0xa1, 0xdc, 0x1c, 0x26, 0x08, 0x00, 0x13, 0xee, 0x0f, 0x1d,
  0x09, 0x26, 0x25, 0x19, 0x34, 0x2c, 0x12, 0xf1, 0xa8, 0x06, 0x3c, 0xfa,
  0xcd, 0x67, 0xca, 0x81, 0x40, 0x2a, 0x03, 0x0b, 0xf8, 0x18, 0x1c, 0x07,
  0x49, 0x4d, 0x37, 0x4c, 0x12, 0xfb, 0xf2, 0xec, 0x08, 0x9d, 0xf4, 0xf6,
  0x11, 0x43, 0x1a, 0x07, 0x17, 0x13, 0xf5, 0xf3, 0xe9, 0x51, 0x05, 0x96,
  0x23, 0x1b, 0xf4, 0xde, 0xf5, 0xd9, 0x21, 0xc3, 0x45, 0x44, 0x27, 0x4d,
  0x20, 0x10, 0xff, 0x0b, 0x1e, 0xef, 0xd1, 0xdb, 0xf9, 0x2b, 0x0d, 0xec,
  0x17, 0xd6, 0xe3, 0xfb, 0xdf, 0x28, 0x2a, 0xa5, 0xf5, 0xfb, 0xe0, 0xbf,
  0x02, 0xd4, 0x3c, 0xcc, 0x28, 0x52, 0x02, 0x3c, 0x19, 0xfa, 0x17, 0x16,
  0x31, 0x10, 0xf2, 0xc1, 0x0c, 0x09, 0x31, 0xf2, 0x1f, 0xe0, 0xef, 0x0b,
  0xc8, 0xce, 0x78, 0x30, 0x15, 0xeb, 0x20, 0xe0, 0x0e, 0xfc, 0xcf, 0x24,
  0xb8, 0xd6, 0x3c, 0xcc, 0xec, 0x61, 0x34, 0x14, 0x04, 0x05, 0x1f, 0xd0,
  0x01, 0xe2, 0x07, 0x2f, 0x22, 0xe3, 0x69, 0x49, 0xf7, 0x7f, 0x1b, 0x02,
  0x22, 0xc1, 0x0f, 0xe4, 0x0e, 0x36, 0x21, 0x2e, 0xe4, 0xf6, 0x35, 0xab,
  0xf5, 0xf6, 0x12, 0xde, 0xc7, 0xd9, 0xfa, 0x25, 0x1b, 0xf9, 0xbc, 0x29,
  0x2d, 0x0c, 0xf0, 0x25, 0xfb, 0xf7, 0x68, 0xfd, 0xcf, 0xa1, 0x2a, 0x0c,
  0xbd, 0x56, 0x5e, 0x08, 0x1d, 0x3d, 0xd9, 0xe5, 0xec, 0x1e, 0xad, 0xd7,
  0x97, 0x38, 0xbb, 0x06, 0xb9, 0xd3, 0xea, 0xd3, 0x1d, 0x13, 0x9f, 0x1c,
  0x2e, 0x13, 0x17, 0x3d, 0x0e, 0xf8, 0x39, 0x34, 0x02, 0xdc, 0x00, 0x2e,
  0xd7, 0x04, 0x17, 0xd7, 0x18, 0x07, 0xfa, 0x17, 0x34, 0x45, 0x24, 0x15,
  0x03, 0xe3, 0xbe, 0x1e, 0xec, 0x25, 0x38, 0xf5, 0x0a, 0x1e, 0x1e, 0xd9,
  0x3b, 0xeb, 0xfe, 0x32, 0x17, 0xa9, 0xf5, 0x16, 0x9c, 0x34, 0x3f, 0x81,
  0x29, 0x1e, 0xef, 0xff, 0x15, 0x00, 0xfc, 0x2f, 0x3a, 0xca, 0x0c, 0x07,
  0xfc, 0x2c, 0x1c, 0x28, 0xe2, 0x3e, 0xfc, 0x97, 0x3e, 0x3b, 0xec, 0xdd,
  0x0e, 0xdf, 0x1b, 0xdf, 0xe5, 0x34, 0x4c, 0xd2, 0xe1, 0x1c, 0x0d, 0xe8,
  0x05, 0xcc, 0xf7, 0x0b, 0x15, 0xa7, 0xfb, 0xf9, 0xfa, 0xf5, 0x0c, 0x21,
  0x1d, 0xe3, 0x4c, 0x16, 0xec, 0x99, 0xd5, 0xe0, 0x1a, 0x10, 0xff, 0x24,
  0xc8, 0xef, 0x0b, 0x9e, 0x30, 0x34, 0x20, 0x6f, 0x43, 0x46, 0x05, 0x26,
  0xd2, 0xbf, 0x5b, 0x1c, 0x20, 0x1c, 0x13, 0x08, 0xef, 0x41, 0x18, 0xd7,
  0x3e, 0xff, 0x2d, 0x19, 0x2e, 0x15, 0xfa, 0x28, 0x31, 0x22, 0x6b, 0x07,
  0x13, 0xfe, 0xfc, 0xf4, 0x29, 0xba, 0xfc, 0x1c, 0x13, 0xfe, 0x16, 0x0d,
  0x14, 0x17, 0xfe, 0x9c, 0x0b, 0x7f, 0xee, 0xc8, 0xf9, 0x13, 0xba, 0xa8,
  0xdc, 0x9b, 0xa3, 0xbb, 0x4b, 0x76, 0xea, 0x18, 0xa7, 0xfe, 0x24, 0xac,
  0x03, 0xed, 0xa3, 0xca, 0x5b, 0xee, 0x3b, 0xfb, 0xe7, 0xd0, 0xc2, 0x23,
  0xde, 0x0c, 0xd6, 0x26, 0x93, 0x91, 0xb5, 0x33, 0xb3, 0x0e, 0x20, 0xe8,
  0xda, 0xba, 0xf7, 0x26, 0x1f, 0x7f, 0xc3, 0x03, 0x1b, 0xde, 0x1c, 0x2c,
  0x92, 0x18, 0x3e, 0x11, 0x25, 0x0b, 0x30, 0xe3, 0x0b, 0xb9, 0xdc, 0x2a,
  0x31, 0xc2, 0xd4, 0x1c, 0xfd, 0x00, 0x37, 0x06, 0x00, 0xcf, 0x25, 0x1e,
  0x40, 0x3b, 0xda, 0x18, 0x22, 0x17, 0x59, 0xed, 0xc9, 0x12, 0x02, 0x32,
  0x1f, 0x00, 0x17, 0xef, 0x0b, 0x1d, 0xfb, 0x00, 0xe6, 0xdd, 0x04, 0x31,
  0x2e, 0xf1, 0x0a, 0x17, 0xe3, 0xfd, 0x4f, 0xe0, 0xfa, 0xed, 0xcd, 0xe8,
  0xfe, 0x0d, 0xfb, 0xf2, 0x2f, 0x07, 0xc7, 0xe6, 0xd6, 0xee, 0x06, 0xd2,
  0xef, 0xea, 0x02, 0x10, 0xfc, 0xc4, 0x1a, 0xc0, 0x04, 0x4c, 0x27, 0x0d,
  0xe5, 0x0a, 0x17, 0xbf, 0x1d, 0x35, 0xf2, 0xed, 0x1f, 0xf4, 0x2b, 0x00,
  0xe4, 0xf2, 0x27, 0x12, 0x50, 0x3d, 0xfc, 0xfd, 0xc5, 0xf5, 0x01, 0xfd,
  0x2e, 0x0c, 0xeb, 0xe4, 0xe4, 0xf7, 0x19, 0xf0, 0x14, 0x20, 0x29, 0xd0,
  0x2e, 0x03, 0xff, 0x07, 0x1a, 0xb1, 0x15, 0xf3, 0x26, 0x0f, 0x05, 0x1b,
  0x24, 0x0b, 0x0f, 0xe7, 0x3e, 0x6d, 0xde, 0xeb, 0xfe, 0x16, 0x81, 0xda,
  0xf6, 0xa3, 0xd2, 0xae, 0x41, 0x40, 0xdb, 0xff, 0xe4, 0xe6, 0x11, 0xe7,
  0xf3, 0xfc, 0x18, 0xd5, 0x6b, 0xe0, 0xd6, 0xf6, 0xc2, 0x9f, 0x27, 0x2e,
  0xf4, 0x0d, 0xe8, 0x18, 0x38, 0x49, 0x26, 0xea, 0x1e, 0x40, 0x0b, 0xe5,
  0x27, 0x0b, 0xf9, 0x00, 0xf6, 0x38, 0x1b, 0xf7, 0x19, 0xf3, 0xd6, 0x02,
  0x09, 0x19, 0x5b, 0xf9, 0xf0, 0xe9, 0xa7, 0x03, 0xc4, 0x05, 0x0b, 0x23,
  0xf7, 0x00, 0x37, 0x33, 0x02, 0xef, 0x0c, 0xe3, 0x48, 0x0f, 0xe8, 0x35,
  0x24, 0x0f, 0x0b, 0xb5, 0xb8, 0xfc, 0x09, 0x12, 0xdf, 0x2c, 0x36, 0x14,
  0xef, 0xaf, 0xb2, 0x0d, 0xfc, 0x0b, 0x1f, 0xc4, 0x0f, 0x1e, 0x15, 0x3b,
  0xe0, 0xf3, 0xf3, 0x15, 0xf4, 0x02, 0xcd, 0x2d, 0xa9, 0xfc, 0x11, 0x81,
  0xf1, 0xf2, 0xc1, 0x50, 0x07, 0x2b, 0xee, 0xea, 0x1e, 0x17, 0x90, 0xf1,
  0xee, 0xf2, 0xde, 0x6c, 0x02, 0x1d, 0x32, 0xcf, 0xf1, 0x23, 0x12, 0xd0,
  0xff, 0x03, 0xff, 0xdb, 0x16, 0x15, 0x74, 0x27, 0x2e, 0xe7, 0x23, 0xd4,
  0x20, 0xf9, 0x5c, 0x2d, 0x05, 0x1d, 0x40, 0x16, 0x18, 0xfe, 0xb8, 0x26,
  0x2c, 0x42, 0x36, 0x03, 0xf4, 0x11, 0x15, 0xa9, 0xee, 0x08, 0xd0, 0xf0,
  0xff, 0x1f, 0x4e, 0xec, 0x0f, 0x0e, 0x32, 0x81, 0x1b, 0xd6, 0x4c, 0x2e,
  0xfb, 0xd0, 0x2a, 0x33, 0x24, 0xf9, 0x9e, 0x06, 0x1a, 0x3b, 0x66, 0xfa,
  0xcf, 0x45, 0x1d, 0xe2, 0x07, 0xf2, 0xc1, 0x35, 0xdb, 0x23, 0x2b, 0xd8,
  0xb5, 0xe4, 0x35, 0xa7, 0x33, 0x09, 0xf4, 0xec, 0x4a, 0xcd, 0xfd, 0x34,
  0x9c, 0xf2, 0xe1, 0xd6, 0x1d, 0xf8, 0x5c, 0x34, 0xd7, 0x06, 0x33, 0xc4,
  0xf1, 0x17, 0x56, 0x1d, 0x0f, 0x81, 0x1a, 0xdc, 0xd7, 0xa4, 0x40, 0xbf,
  0xf4, 0x1f, 0xac, 0xd0, 0x16, 0x29, 0x34, 0xc1, 0xf2, 0x1b, 0x11, 0xa6,
  0x38, 0xf6, 0x2a, 0xbe, 0x9f, 0xe9, 0x00, 0xcb, 0xfe, 0x12, 0x08, 0x11,
  0xc6, 0xdb, 0x15, 0xcb, 0xef, 0xf8, 0xc7, 0xed, 0xec, 0xfc, 0xfe, 0x03,
  0xfc, 0x1d, 0xdd, 0xd3, 0x0f, 0xd6, 0x13, 0xb4, 0xf6, 0x03, 0xd6, 0xbd,
  0xe6, 0xf6, 0xf8, 0xde, 0xe4, 0x22, 0xf3, 0x21, 0xb8, 0x14, 0x01, 0x89,
  0xbe, 0xfe, 0xbc, 0xd5, 0xf2, 0xf7, 0x0d, 0x01, 0xec, 0xc1, 0x84, 0x20,
  0xe8, 0xd3, 0xf8, 0xfd, 0x37, 0xeb, 0x38, 0x00, 0x19, 0xf1, 0x08, 0x4a,
  0xc3, 0xf4, 0xe7, 0x0d, 0xe7, 0x01, 0xed, 0x0b, 0xfe, 0x08, 0x12, 0xf7,
  0xf2, 0xda, 0xa8, 0x15, 0x16, 0x21, 0xf6, 0x47, 0x06, 0x4d, 0xfd, 0xfd,
  0x3b, 0xdc, 0x02, 0xf6, 0x1f, 0xeb, 0xef, 0x41, 0xaa, 0x00, 0x09, 0xc8,
  0xdd, 0xdd, 0x0d, 0x1d, 0xd7, 0xec, 0xf4, 0x36, 0x12, 0xa1, 0x88, 0x18,
  0xcf, 0x3b, 0x0f, 0xf4, 0xf8, 0x7f, 0x08, 0xef, 0x27, 0xef, 0xcb, 0x00,
  0x2a, 0xcd, 0xe7, 0xfb, 0xda, 0x23, 0xcc, 0xf3, 0xef, 0xf4, 0x06, 0xbe,
  0xd1, 0x40, 0xab, 0x0d, 0x10, 0x8c, 0xcc, 0xfc, 0xdd, 0xff, 0xdf, 0x11,
  0xad, 0x17, 0x0c, 0xbc, 0x39, 0x23, 0x31, 0x12, 0xdb, 0xdb, 0x96, 0x2a,
  0x3e, 0x24, 0x33, 0x19, 0xf7, 0xf3, 0x38, 0x03, 0xf3, 0x98, 0x1a, 0xdf,
  0x27, 0x51, 0xd4, 0xcd, 0x81, 0x97, 0xfd, 0xe8, 0x13, 0x43, 0x2d, 0xaf,
  0xec, 0x00, 0xc1, 0xf3, 0x37, 0xf7, 0xe1, 0xf1, 0x19, 0x28, 0xd6, 0xf6,
  0xdc, 0xf1, 0xf3, 0xe5, 0xe2, 0x4e, 0xe6, 0x32, 0x1b, 0xf7, 0xc9, 0xfa,
  0xec, 0x16, 0xe4, 0x18, 0x1e, 0xe5, 0xec, 0x0f, 0x0e, 0xd1, 0xef, 0x3a,
  0x18, 0xfa, 0x27, 0x20, 0xd3, 0x16, 0x2e, 0xc6, 0x0e, 0x1b, 0xf2, 0x48,
  0xf7, 0xee, 0xfd, 0x3e, 0xe5, 0xdd, 0xdb, 0x2e, 0x30, 0x4b, 0x02, 0x14,
  0x31, 0xc2, 0x02, 0xcb, 0x01, 0x2d, 0x0c, 0x8b, 0x16, 0x24, 0xc7, 0x26,
  0xc2, 0xf9, 0x1a, 0xb6, 0x9a, 0x36, 0xd6, 0xc3, 0xc1, 0xfa, 0xef, 0xfd,
  0xf2, 0x88, 0xe8, 0x1e, 0x10, 0x42, 0xeb, 0x42, 0x27, 0xcc, 0xff, 0xf6,
  0xf6, 0xdf, 0xfb, 0xee, 0xfd, 0x3e, 0xe6, 0xf4, 0x81, 0xe6, 0x1e, 0xa9,
  0xb8, 0x28, 0xd4, 0xa7, 0xbf, 0xd5, 0xd3, 0xf6, 0xfb, 0x87, 0xb4, 0xfe,
  0x11, 0x26, 0xf7, 0x28, 0x22, 0xcd, 0xd6, 0xfc, 0xf3, 0xb7, 0xeb, 0x23,
  0xfe, 0x29, 0x19, 0xce, 0x85, 0xd4, 0x29, 0xa8, 0x28, 0x00, 0xf0, 0xf0,
  0xe3, 0xfb, 0xef, 0xd0, 0xf6, 0x88, 0xe7, 0x11, 0x1a, 0x22, 0x02, 0x1b,
  0xb7, 0x5a, 0xe7, 0x9f, 0x3e, 0x13, 0x11, 0xc0, 0xe7, 0x0c, 0x0c, 0xd2,
  0xee, 0x71, 0x25, 0x01, 0xfd, 0x0f, 0x2b, 0xf1, 0xf6, 0xc7, 0xc6, 0x1e,
  0x06, 0xe9, 0x0d, 0x08, 0x04, 0xdb, 0xf7, 0xe4, 0x08, 0x4d, 0x40, 0xe7,
  0x2a, 0xf2, 0xf6, 0xea, 0x09, 0x04, 0x26, 0xe9, 0xfa, 0x3f, 0x00, 0xe0,
  0x25, 0xf8, 0x19, 0xe1, 0x0c, 0x19, 0x02, 0xf8, 0xd5, 0x26, 0x4c, 0x1b,
  0x09, 0x22, 0xf1, 0x1b, 0xf6, 0xf8, 0x7f, 0xe9, 0xec, 0xc3, 0xe0, 0x2c,
  0x5e, 0x24, 0x15, 0x22, 0xe6, 0x03, 0xf6, 0xe1, 0x25, 0xce, 0xf0, 0x14,
  0x06, 0x23, 0x51, 0x3d, 0x00, 0x2e, 0x1f, 0xe2, 0xf3, 0x6a, 0x37, 0x08,
  0xe8, 0x5e, 0xc7, 0x04, 0x13, 0x08, 0xcd, 0x49, 0x1f, 0x7f, 0xfb, 0xd5,
  0xc8, 0x00, 0x0a, 0xde, 0xeb, 0x39, 0x11, 0xf0, 0xfd, 0xf6, 0xf1, 0x36,
  0xa0, 0x2f, 0x4a, 0x3c, 0x21, 0x13, 0x00, 0xfa, 0x02, 0xae, 0xd2, 0x2a,
  0x1a, 0xf3, 0xfe, 0xf8, 0x20, 0xff, 0xec, 0xee, 0x1b, 0x06, 0x30, 0x3c,
  0x09, 0x3f, 0xf4, 0xfe, 0x11, 0x2a, 0x09, 0x0e, 0xdb, 0x31, 0x31, 0x29,
  0x08, 0xaf, 0x0d, 0xd9, 0xd3, 0x9f, 0x2f, 0xfd, 0xfc, 0x36, 0x63, 0x09,
  0xd3, 0x53, 0x87, 0x1c, 0x40, 0xb5, 0x1d, 0x41, 0xfc, 0x14, 0xc0, 0x0a,
  0x0f, 0xfe, 0xc3, 0xed, 0xbc, 0x30, 0xd0, 0x18, 0x9c, 0x07, 0xfa, 0xbf,
  0x23, 0x14, 0xf9, 0x28, 0x0a, 0xeb, 0x01, 0x06, 0xcc, 0x22, 0x05, 0x24,
  0x30, 0x1f, 0xdd, 0x0f, 0x92, 0xeb, 0xee, 0x81, 0x8d, 0x30, 0xa8, 0x17,
  0x11, 0x05, 0xd1, 0x07, 0xfa, 0xc8, 0xaf, 0xf5, 0xe3, 0xf9, 0x09, 0x00,
  0x07, 0xd7, 0x37, 0xd1, 0xfc, 0x2b, 0x03, 0x29, 0xfe, 0x18, 0x02, 0x23,
  0xbf, 0x2d, 0xf4, 0x06, 0xdd, 0xec, 0xcd, 0xff, 0xc7, 0x11, 0xd2, 0x24,
  0xf3, 0x2a, 0xf3, 0xf5, 0x1a, 0x0e, 0xfc, 0xf7, 0x1d, 0xb6, 0x21, 0xe6,
  0xf8, 0xfc, 0x11, 0xf9, 0xb0, 0xef, 0x09, 0x02, 0xf3, 0x07, 0x0e, 0x0c,
  0xdb, 0x08, 0xf2, 0xdd, 0xa9, 0xef, 0xde, 0xfb, 0x0c, 0x1b, 0xef, 0xe8,
  0xe1, 0x2d, 0x4e, 0xe2, 0xc1, 0x0d, 0x33, 0x21, 0xb8, 0x13, 0x0a, 0x7f,
  0x25, 0x2c, 0x01, 0x29, 0x87, 0x0a, 0x9d, 0xac, 0xe8, 0xe8, 0xa5, 0x1f,
  0xef, 0x5a, 0xd4, 0xcd, 0xcf, 0x43, 0xe4, 0x1b, 0x2b, 0x38, 0x47, 0xf9,
  0xd7, 0xc0, 0x28, 0x21, 0xf1, 0xf1, 0x1c, 0x18, 0x09, 0x46, 0xaf, 0x07,
  0x16, 0xb5, 0x90, 0xe1, 0xdc, 0x4c, 0x19, 0x19, 0xf9, 0x15, 0xd7, 0xb7,
  0x06, 0xf5, 0x12, 0x0d, 0x2e, 0x2f, 0x6f, 0x2d, 0xf0, 0xa5, 0x15, 0xf9,
  0x09, 0xed, 0x05, 0x42, 0xe8, 0x12, 0x18, 0xe3, 0x0f, 0xe4, 0xce, 0x31,
  0xf7, 0x19, 0x35, 0x0d, 0xf9, 0xe3, 0xd3, 0xf1, 0x52, 0x19, 0x31, 0xc7,
  0xe7, 0x06, 0x08, 0xda, 0x0e, 0xe4, 0xca, 0x55, 0xbf, 0x81, 0xd6, 0xb0,
  0x38, 0x19, 0x37, 0x1e, 0x57, 0xd9, 0x1f, 0x1a, 0xfa, 0xcc, 0x0a, 0xcf,
  0x6e, 0xf6, 0x33, 0xdd, 0x2b, 0xd6, 0xf2, 0xa8, 0xe2, 0x05, 0x11, 0x12,
  0x2c, 0x18, 0x3d, 0xde, 0xb7, 0x30, 0x04, 0x07, 0x2f, 0x12, 0xf8, 0x1c,
  0x18, 0x30, 0x34, 0xe6, 0x37, 0xf7, 0xce, 0xc0, 0x2b, 0x05, 0x33, 0xfe,
  0x22, 0xad, 0x8b, 0xee, 0xee, 0xe6, 0xcd, 0x28, 0x19, 0x1d, 0x4b, 0xe5,
  0x16, 0x46, 0xee, 0x15, 0x12, 0x37, 0xf9, 0x39, 0x0d, 0x30, 0x0b, 0xa9,
  0xc2, 0xc9, 0x03, 0x09, 0x19, 0x20, 0x1d, 0x19, 0x18, 0x89, 0xbf, 0x1f,
  0x26, 0x02, 0x30, 0x0a, 0xfd, 0xa1, 0xf4, 0xfb, 0x09, 0xd7, 0x1b, 0x37,
  0xcf, 0xfd, 0xb7, 0xd7, 0x33, 0xd3, 0xd0, 0x12, 0x00, 0x39, 0x27, 0x0b,
  0xc8, 0xdf, 0xe2, 0xbc, 0x52, 0xd1, 0x1d, 0x14, 0x16, 0x2a, 0x7f, 0xf2,
  0xcf, 0xd6, 0x1e, 0x07, 0xee, 0x21, 0x34, 0x55, 0x04, 0x3a, 0x1f, 0xfd,
  0xef, 0xfe, 0xaf, 0x13, 0x09, 0xe9, 0x07, 0x09, 0xe0, 0x0c, 0xdc, 0xd2,
  0x1f, 0x28, 0xfb, 0xd6, 0x38, 0x35, 0x4d, 0xe8, 0xbe, 0x14, 0x19, 0x16,
  0xd3, 0xea, 0x11, 0x00, 0x2b, 0x5e, 0xe2, 0x26, 0xc6, 0xbc, 0x8b, 0xd1,
  0xc5, 0x6c, 0xae, 0x2e, 0x2a, 0x18, 0xed, 0xad, 0xd9, 0x0b, 0xc3, 0x0b,
  0xdf, 0xf9, 0xf5, 0x20, 0x03, 0x0c, 0x23, 0x17, 0x25, 0xdd, 0x0a, 0x03,
  0xdc, 0x06, 0xe6, 0x06, 0xe6, 0xda, 0xfc, 0x12, 0x05, 0x09, 0x1b, 0x00,
  0xf7, 0xf5, 0x85, 0xdf, 0xe9, 0x30, 0x27, 0x3e, 0xe6, 0x13, 0xea, 0xe8,
  0x18, 0x09, 0x46, 0x15, 0x2a, 0x01, 0x20, 0xe9, 0xe2, 0x1b, 0x13, 0x18,
  0x0d, 0xbd, 0x13, 0x18, 0xc7, 0xe6, 0x01, 0x10, 0xf9, 0xfb, 0x81, 0x0a,
  0x02, 0x46, 0x33, 0xee, 0xf9, 0x4c, 0xe9, 0x9e, 0x51, 0xfd, 0xfd, 0xbd,
  0xec, 0xe8, 0xff, 0xa9, 0xfd, 0x08, 0xd0, 0x17, 0xa4, 0xf3, 0x4f, 0xd3,
  0xf0, 0x05, 0x94, 0xb2, 0xfe, 0xf9, 0xf3, 0x2c, 0xfd, 0x1b, 0xcd, 0x04,
  0xd2, 0xf9, 0xc5, 0xe6, 0x5d, 0xc5, 0xf6, 0xff, 0x0e, 0x4c, 0xbf, 0xfe,
  0xe0, 0xef, 0xf5, 0xe6, 0x0b, 0x44, 0x35, 0x06, 0xc5, 0x0b, 0x0d, 0x35,
  0xd5, 0x25, 0x3f, 0x5f, 0x90, 0xbb, 0x1c, 0xbe, 0x19, 0xd0, 0xf4, 0x62,
  0xd8, 0x0a, 0xe8, 0x01, 0x1d, 0x6a, 0x91, 0xd2, 0x03, 0xa4, 0xd7, 0x1b,
  0xc2, 0x36, 0x11, 0x01, 0xfb, 0x08, 0xe6, 0x1e, 0xd9, 0x45, 0x11, 0x41,
  0x92, 0xb9, 0xec, 0xda, 0xb6, 0x81, 0x25, 0x1f, 0xbe, 0x4a, 0x34, 0xfa,
  0x21, 0x74, 0xa4, 0x28, 0xfa, 0xbd, 0x39, 0x1d, 0x28, 0xd5, 0xfe, 0x29,
  0x07, 0xc1, 0xeb, 0x23, 0xa3, 0x49, 0xee, 0x37, 0xd9, 0x37, 0xea, 0xc3,
  0x4e, 0xe0, 0x12, 0x31, 0xd9, 0xd6, 0xea, 0x37, 0x28, 0x06, 0x42, 0xee,
  0x0f, 0xf6, 0xe8, 0x20, 0x2e, 0xeb, 0xb5, 0xf6, 0x06, 0x25, 0x18, 0x13,
  0x00, 0x1a, 0xff, 0xce, 0xdc, 0x1f, 0x0f, 0x27, 0xec, 0x1b, 0xc8, 0x14,
  0xfa, 0x06, 0x16, 0x11, 0x0d, 0x3e, 0x27, 0x19, 0x0b, 0x0c, 0x23, 0x03,
  0x1c, 0x06, 0xeb, 0x05, 0x30, 0x81, 0xe2, 0x26, 0x2c, 0x2b, 0x12, 0x03,
  0x07, 0x2a, 0x15, 0x13, 0xd4, 0x2f, 0xc0, 0xd9, 0x2d, 0x08, 0xaf, 0xa5,
  0xf1, 0x2c, 0x3c, 0xf6, 0x06, 0x1a, 0x1f, 0xd1, 0x16, 0x1d, 0x1a, 0x17,
  0x4e, 0xb2, 0x0e, 0xbc, 0x50, 0xfe, 0x44, 0x55, 0x35, 0xc7, 0x08, 0x26,
  0xfb, 0x1c, 0x58, 0x15, 0xef, 0x04, 0x40, 0x0a, 0xcb, 0x37, 0x0c, 0x61,
  0x19, 0x1b, 0x0e, 0x19, 0x8d, 0x2d, 0xdd, 0x98, 0xd7, 0xf9, 0xf5, 0x0d,
  0xf5, 0x36, 0xf9, 0xfd, 0x08, 0x27, 0xdc, 0x1f, 0x15, 0x1a, 0x49, 0xfe,
  0xd7, 0x02, 0xe6, 0x02, 0x11, 0xd6, 0x01, 0xf4, 0x1b, 0x34, 0xd6, 0x33,
  0x11, 0xaa, 0xcb, 0xef, 0x04, 0x25, 0x09, 0x1c, 0x03, 0x15, 0xee, 0xd1,
  0x0e, 0xdc, 0xe6, 0x21, 0xe6, 0x0a, 0x29, 0xef, 0x81, 0xfa, 0xe8, 0x55,
  0xf7, 0xec, 0x2a, 0xd7, 0x18, 0x30, 0x43, 0x23, 0xfd, 0xc2, 0xc7, 0x08,
  0x25, 0x36, 0x14, 0x01, 0xe7, 0x0b, 0xe7, 0xb3, 0x31, 0xe5, 0x0a, 0xd9,
  0x0e, 0x18, 0x03, 0xd7, 0xe6, 0xf0, 0x0e, 0x63, 0xe7, 0xe4, 0x39, 0x41,
  0x25, 0x47, 0xdc, 0x58, 0xf5, 0x99, 0x99, 0x07, 0xfb, 0xc7, 0x2d, 0x0a,
  0x00, 0x75, 0xac, 0xb4, 0xf4, 0x19, 0x0b, 0xcf, 0x2d, 0xec, 0x13, 0xca,
  0x9e, 0xc7, 0x06, 0x47, 0xf3, 0xf7, 0x24, 0xf3, 0x17, 0xfe, 0xe5, 0x18,
  0x1c, 0xf3, 0x81, 0xee, 0x1c, 0x5e, 0x25, 0x2a, 0xe4, 0x4e, 0x18, 0xbd,
  0x15, 0x03, 0xf1, 0xdb, 0x0e, 0xa6, 0x12, 0x51, 0x0d, 0xcb, 0x03, 0x30,
  0x02, 0x18, 0x32, 0x0d, 0xfd, 0xc2, 0x3c, 0xf6, 0x1f, 0x1d, 0xed, 0x23,
  0x36, 0x25, 0x44, 0xfa, 0xd5, 0x21, 0xff, 0x1d, 0x34, 0x24, 0x30, 0xae,
  0x1a, 0x43, 0xab, 0x19, 0xd4, 0x2b, 0x05, 0xbe, 0xab, 0xfc, 0xe1, 0x02,
  0x0b, 0xff, 0x01, 0xfe, 0xf0, 0x16, 0x1d, 0x0f, 0x21, 0x02, 0x06, 0xd3,
  0x1b, 0xea, 0x24, 0x1f, 0xea, 0x04, 0x33, 0x05, 0x28, 0xb4, 0xc6, 0x28,
  0x02, 0xe5, 0x2f, 0x19, 0xc8, 0xf7, 0xeb, 0xdd, 0xfc, 0xd2, 0xfa, 0x26,
  0x05, 0x32, 0xfd, 0xd0, 0xd2, 0x2c, 0x18, 0xbf, 0xf7, 0x13, 0x2c, 0x23,
  0x10, 0xc7, 0x14, 0x28, 0xc1, 0xab, 0xed, 0x14, 0xe3, 0x00, 0x3f, 0xd0,
  0xe4, 0x4f, 0xf8, 0x1b, 0x19, 0x81, 0xef, 0x41, 0xbf, 0x02, 0xea, 0xc9,
  0xff, 0xe4, 0x9f, 0x05, 0xc8, 0x39, 0xd8, 0xee, 0x37, 0x08, 0xb3, 0xc8,
  0xe2, 0xfa, 0x2a, 0x2b, 0x70, 0xfb, 0x32, 0x36, 0x17, 0x15, 0x0e, 0x7f,
  0xe6, 0xf3, 0xed, 0x00, 0xd1, 0xff, 0x0a, 0x02, 0xb5, 0x1e, 0xf0, 0xfb,
  0x23, 0xeb, 0xc7, 0x63, 0x15, 0x35, 0xfc, 0x49, 0xf3, 0x36, 0x37, 0x26,
  0x61, 0xf3, 0x17, 0xe3, 0x29, 0x2d, 0xf8, 0x3d, 0xe8, 0x00, 0xc8, 0xf4,
  0xd4, 0xf7, 0x39, 0x10, 0xc4, 0x0f, 0xe5, 0x16, 0x02, 0x11, 0xbd, 0x47,
  0xe2, 0x1b, 0xfa, 0x2a, 0xe9, 0x48, 0x41, 0x03, 0xb5, 0x15, 0x32, 0x0a,
  0x4d, 0xf0, 0xfe, 0xd7, 0x08, 0xff, 0xe1, 0x24, 0xca, 0xa6, 0xd7, 0xb8,
  0xaa, 0x19, 0xa0, 0x2d, 0x21, 0x17, 0xdc, 0xf1, 0xe8, 0xf7, 0x14, 0x25,
  0x10, 0xcd, 0x15, 0x26, 0xf8, 0xbd, 0xd8, 0x46, 0x1f, 0x17, 0xd8, 0xf3,
  0x1b, 0xcb, 0xcd, 0x2d, 0x19, 0x07, 0x1f, 0xc9, 0xb2, 0x3c, 0x10, 0x23,
  0xf2, 0xfa, 0x21, 0x2b, 0xd7, 0x9b, 0xd3, 0xdf, 0xaa, 0x01, 0x06, 0xff,
  0xcd, 0x14, 0x1b, 0xca, 0x12, 0x54, 0x22, 0x0a, 0x0c, 0xfb, 0x00, 0x0b,
  0xee, 0x56, 0xca, 0x0e, 0xef, 0xad, 0xb5, 0xe5, 0x81, 0x2a, 0xe7, 0x15,
  0xf5, 0x1d, 0xf3, 0xf4, 0xab, 0xf3, 0xeb, 0x0b, 0x50, 0xc5, 0xed, 0x12,
  0x0f, 0xdb, 0x47, 0x9d, 0xc6, 0x0b, 0xc5, 0xe9, 0x24, 0x13, 0x02, 0x19,
  0x1e, 0xdb, 0x19, 0xd6, 0xd8, 0xe1, 0xef, 0x06, 0x03, 0x2c, 0x04, 0xd5,
  0x1d, 0x14, 0x27, 0xe1, 0x08, 0x0a, 0x0b, 0xe4, 0xef, 0x12, 0xfe, 0x3a,
  0xf8, 0x0d, 0x01, 0xe7, 0xe1, 0x19, 0xe4, 0xf6, 0xd8, 0x07, 0x08, 0x0a,
  0x11, 0xef, 0x05, 0x26, 0x19, 0x20, 0xf1, 0x0f, 0x18, 0x06, 0x3d, 0x0d,
  0x13, 0xf5, 0xf4, 0xd6, 0xee, 0x23, 0xf8, 0x19, 0x06, 0x0f, 0xf1, 0x11,
  0xc6, 0x21, 0xe2, 0xdd, 0xd0, 0xfc, 0xd5, 0xfd, 0x18, 0xea, 0xee, 0xfa,
  0xf5, 0x09, 0xbe, 0xf6, 0xed, 0xf0, 0x0b, 0x0a, 0x1a, 0xe6, 0x20, 0xdf,
  0xde, 0x19, 0x03, 0xf8, 0x07, 0x1e, 0xd5, 0x16, 0x81, 0x21, 0xf1, 0xac,
  0xbe, 0xef, 0xc1, 0x20, 0x10, 0x0a, 0xf8, 0xef, 0xf8, 0xf8, 0xbd, 0x18,
  0xde, 0xd1, 0x2a, 0xfb, 0xb7, 0x95, 0x1f, 0x32, 0xf7, 0x52, 0x7f, 0x0f,
  0xf3, 0xec, 0xd8, 0x15, 0x4b, 0x1e, 0xe5, 0xfe, 0xc2, 0x06, 0x0d, 0x2d,
  0xd3, 0xd0, 0xf2, 0xf0, 0x48, 0x79, 0x06, 0x5d, 0xc1, 0xf2, 0xee, 0xff,
  0x09, 0xd4, 0x15, 0x2f, 0x0a, 0x17, 0x21, 0xff, 0xf1, 0x02, 0x2b, 0x0e,
  0x2b, 0xdb, 0xf7, 0xe9, 0x0f, 0xfa, 0x4a, 0xc7, 0x2f, 0xf5, 0xe6, 0xdf,
  0x18, 0x08, 0x20, 0xd8, 0x07, 0x5f, 0xc6, 0x33, 0x02, 0x42, 0xc0, 0xe2,
  0xbd, 0xf7, 0xe8, 0x05, 0x0a, 0x31, 0x15, 0xd9, 0xeb, 0xe5, 0xf6, 0x15,
  0x0d, 0x27, 0xe7, 0xe5, 0x56, 0xf2, 0x33, 0xf9, 0xb3, 0xa6, 0x30, 0x20,
  0xef, 0x10, 0x13, 0x1b, 0x05, 0x1c, 0x0f, 0xea, 0xf2, 0x05, 0xf4, 0x15,
  0x0c, 0x0e, 0x0e, 0xee, 0x9b, 0x1c, 0x09, 0x81, 0x9f, 0xff, 0xcb, 0x0c,
  0x11, 0xfa, 0x1b, 0xe8, 0xfe, 0x0b, 0xcc, 0x15, 0x08, 0x0a, 0xdd, 0xfe,
  0xe7, 0x02, 0x03, 0x17, 0x10, 0xfa, 0xfb, 0xfd, 0xff, 0xf4, 0xe1, 0x01,
  0xb2, 0x03, 0xe7, 0xba, 0xb7, 0x03, 0xe0, 0x25, 0xfa, 0x0b, 0x0f, 0xed,
  0xf3, 0x01, 0xc4, 0x13, 0x1c, 0x00, 0xfa, 0x0a, 0x11, 0xf3, 0xf2, 0x06,
  0xe6, 0x0e, 0x04, 0x06, 0x19, 0xf7, 0xde, 0xea, 0xa1, 0x1f, 0x03, 0xe4,
  0xdd, 0x2b, 0xcc, 0xe0, 0xf1, 0xff, 0x19, 0x16, 0x07, 0x07, 0xb6, 0x06,
  0x18, 0xfc, 0x02, 0xcc, 0x09, 0xe2, 0xbf, 0xd9, 0xff, 0xf1, 0xf0, 0x03,
  0xff, 0x21, 0x0e, 0xde, 0x26, 0x19, 0xea, 0x3f, 0x14, 0x10, 0x0f, 0x00,
  0xfb, 0xf4, 0xf2, 0x03, 0x8c, 0xe1, 0x2b, 0x9c, 0x13, 0xe5, 0x01, 0x12,
  0x0c, 0xea, 0xeb, 0x10, 0xf0, 0xed, 0xb1, 0x1a, 0x13, 0xff, 0x06, 0x22,
  0xee, 0x2f, 0xe0, 0xf5, 0x16, 0x1d, 0xd6, 0x0e, 0xe5, 0x1e, 0xea, 0x23,
  0xa9, 0xfb, 0x06, 0x92, 0xd7, 0x2e, 0xf4, 0x21, 0xf2, 0x2e, 0x42, 0xeb,
  0xc1, 0x33, 0xab, 0x07, 0x2f, 0x0a, 0xe9, 0x2f, 0xb1, 0xe5, 0xd8, 0x81,
  0x01, 0x11, 0xa0, 0xfe, 0x10, 0x52, 0xfa, 0xef, 0x8a, 0xf3, 0x9e, 0xcc,
  0xec, 0xf8, 0xf8, 0x14, 0x28, 0x0a, 0x0b, 0x59, 0xfa, 0xcc, 0x88, 0xd0,
  0x3c, 0xe3, 0x36, 0x3f, 0x2b, 0x0e, 0x0c, 0x19, 0x09, 0x0f, 0x13, 0xff,
  0xeb, 0x02, 0x07, 0xd5, 0x99, 0xca, 0x18, 0xc3, 0xc2, 0x20, 0xdd, 0xd4,
  0xf7, 0xe3, 0x09, 0xfc, 0xfb, 0x16, 0xe0, 0x2e, 0x3c, 0xf9, 0x08, 0xfc,
  0x06, 0x49, 0x03, 0x2a, 0x0e, 0xd1, 0xbc, 0xda, 0xee, 0x35, 0x2b, 0x0a,
  0xec, 0xd8, 0xf4, 0xef, 0xb2, 0xe5, 0xe6, 0xeb, 0x34, 0xd3, 0xd8, 0xcf,
  0xfe, 0x01, 0x50, 0xcf, 0x2b, 0x16, 0x1c, 0xfa, 0x47, 0x48, 0xf4, 0x2b,
  0x33, 0xf0, 0xf7, 0x81, 0x0c, 0xe6, 0x30, 0x23, 0x55, 0xcb, 0xe1, 0x06,
  0x09, 0xa1, 0xff, 0x24, 0x1e, 0xcc, 0x13, 0x74, 0xf4, 0xee, 0xf9, 0x2d,
  0x70, 0xf9, 0x13, 0x46, 0xec, 0xee, 0x03, 0xc2, 0xd1, 0xe9, 0xe3, 0xff,
  0xf3, 0x7f, 0xd6, 0xe5, 0xfa, 0xe2, 0xcf, 0xde, 0xfa, 0xbe, 0x10, 0xc9,
  0xac, 0x1c, 0x2b, 0xef, 0xbe, 0x5e, 0x23, 0xdc, 0x61, 0xa4, 0xeb, 0x42,
  0xf4, 0x34, 0xd6, 0xef, 0x37, 0xc6, 0xef, 0x08, 0xc2, 0x71, 0x06, 0xd2,
  0xe3, 0xee, 0xbe, 0xfc, 0x03, 0xc0, 0x39, 0x19, 0xfc, 0xc6, 0xd4, 0x0b,
  0xc4, 0xd2, 0x3c, 0x02, 0xd9, 0xc9, 0x25, 0xdd, 0x2d, 0x1a, 0xf8, 0x4e,
  0x41, 0x0f, 0x4e, 0xef, 0xe1, 0x0a, 0x2b, 0x0e, 0x0d, 0x2e, 0x11, 0xc9,
  0xed, 0x22, 0x31, 0xdc, 0x7f, 0x19, 0x31, 0xd9, 0x06, 0x04, 0xef, 0x18,
  0x1c, 0x23, 0x2b, 0xf9, 0xfd, 0x21, 0x20, 0xca, 0xdd, 0xfa, 0x04, 0x10,
  0xfd, 0x0a, 0x23, 0x1f, 0x1b, 0xed, 0xed, 0x13, 0xc9, 0x0d, 0xe6, 0xf6,
  0x13, 0xe6, 0x02, 0xd4, 0xec, 0x23, 0x0a, 0xeb, 0x15, 0x1f, 0x2b, 0x07,
  0xf8, 0x2c, 0x03, 0xfb, 0x0a, 0xcf, 0xfc, 0x02, 0xfb, 0x14, 0x01, 0x15,
  0xfe, 0x21, 0xe8, 0xeb, 0xe3, 0xfd, 0xdf, 0x1d, 0x47, 0xcb, 0xe3, 0x13,
  0xfa, 0xff, 0x15, 0xb1, 0x0b, 0x15, 0x08, 0xe5, 0x0f, 0x2e, 0x0c, 0x16,
  0x1e, 0x1e, 0x01, 0xc7, 0xea, 0x02, 0x14, 0x3c, 0xfd, 0x07, 0x0f, 0xf1,
  0xec, 0x34, 0xe3, 0x09, 0xbd, 0x1e, 0x34, 0x35, 0xce, 0x4b, 0x2d, 0x31,
  0xf3, 0x5c, 0xf6, 0x3b, 0xfb, 0x1e, 0x56, 0xc5, 0xe8, 0xc9, 0x18, 0x43,
  0xa8, 0xd4, 0x34, 0xe4, 0x45, 0x30, 0x11, 0x7f, 0x03, 0xee, 0x63, 0x0f,
  0xf0, 0xcc, 0x2e, 0x3e, 0xd5, 0x33, 0x11, 0x16, 0xec, 0x04, 0x1a, 0x26,
  0x0b, 0x29, 0x20, 0xf6, 0x1d, 0x38, 0x0c, 0x0a, 0x89, 0x15, 0x4d, 0xff,
  0x17, 0x14, 0x05, 0x26, 0x0d, 0xe7, 0x45, 0x1a, 0xe1, 0xd1, 0x17, 0x03,
  0x23, 0x1f, 0x0f, 0x14, 0xef, 0xd9, 0x37, 0xe9, 0x26, 0x07, 0xe7, 0x25,
  0xef, 0x3e, 0x18, 0x11, 0x0e, 0x14, 0xf2, 0xfc, 0xf5, 0x23, 0x1d, 0xde,
  0xec, 0x19, 0x07, 0xf3, 0x14, 0xd6, 0x17, 0xe9, 0xbc, 0xcd, 0xac, 0x18,
  0x25, 0x20, 0x31, 0x16, 0x08, 0xe9, 0x0c, 0x9f, 0xc6, 0xf3, 0xff, 0xd8,
  0x16, 0x06, 0xdb, 0x10, 0xb2, 0xc0, 0xd2, 0x81, 0x22, 0x00, 0x0b, 0x12,
  0x18, 0x05, 0xdc, 0xd7, 0x0c, 0x0c, 0xb3, 0xff, 0x20, 0xf9, 0xe9, 0x04,
  0xe1, 0x0c, 0xda, 0xd7, 0x04, 0x25, 0xc8, 0x0b, 0x00, 0xfb, 0xdf, 0xf1,
  0xa2, 0x09, 0xbc, 0xf8, 0x19, 0xf5, 0xfc, 0xee, 0xef, 0x26, 0xf3, 0xf4,
  0x31, 0xfe, 0x8c, 0xfa, 0x14, 0xcb, 0xfb, 0x1d, 0xfa, 0x0e, 0xc2, 0xf0,
  0x0f, 0xe9, 0xcb, 0x37, 0xfb, 0x0b, 0xb5, 0xf6, 0xad, 0x4e, 0xe9, 0x18,
  0xf7, 0x46, 0xf9, 0xbb, 0x31, 0x34, 0x5b, 0x21, 0x19, 0xf6, 0xa3, 0x12,
  0x37, 0x3f, 0x00, 0x25, 0xed, 0xe0, 0x11, 0x47, 0x04, 0xc8, 0x03, 0x05,
  0x25, 0x21, 0xd8, 0xf9, 0x81, 0xc2, 0x33, 0xe2, 0xeb, 0x47, 0x4c, 0xdf,
  0x19, 0x02, 0xda, 0xea, 0x4b, 0xf8, 0xd6, 0x39, 0x13, 0x23, 0xea, 0x0c,
  0x22, 0x0b, 0xf2, 0x34, 0x1d, 0x3a, 0x13, 0x20, 0x15, 0x15, 0x0c, 0x2b,
  0x9c, 0xe5, 0x31, 0x1e, 0x09, 0x28, 0x30, 0x29, 0xf7, 0xd5, 0xfd, 0xe7,
  0x48, 0x0f, 0xd6, 0x48, 0xd2, 0xdd, 0x39, 0xd5, 0x2b, 0xd1, 0xf8, 0x39,
  0x09, 0xf6, 0x16, 0x29, 0xfc, 0x73, 0xc7, 0xfe, 0x97, 0xeb, 0x1b, 0xc5,
  0xde, 0x2f, 0x35, 0xc8, 0x2b, 0x0c, 0x2e, 0x16, 0xed, 0xde, 0xb2, 0x1b,
  0x36, 0x21, 0x31, 0x34, 0xee, 0x04, 0x1e, 0x28, 0x35, 0xa3, 0x24, 0xea,
  0xff, 0x62, 0xec, 0xe3, 0x90, 0xcb, 0x14, 0xaa, 0x00, 0x2e, 0x3c, 0xe4,
  0x0e, 0x07, 0xbe, 0xce, 0x21, 0xcb, 0x09, 0x02, 0x1d, 0x23, 0x12, 0xec,
  0x1c, 0x08, 0xeb, 0x12, 0xf8, 0x33, 0xf7, 0x1d, 0x1f, 0x09, 0xe4, 0x13,
  0xdb, 0x0e, 0xf9, 0x20, 0x02, 0xeb, 0xef, 0x0d, 0x08, 0xdf, 0xc5, 0xef,
  0x2f, 0xe8, 0x2f, 0x1d, 0xf8, 0x01, 0x1a, 0x81, 0xde, 0x13, 0xf4, 0xf8,
  0x02, 0xd4, 0x04, 0x2e, 0x00, 0xcb, 0xd1, 0x0d, 0x23, 0x54, 0xee, 0x21,
  0xfe, 0x3f, 0x8e, 0xe5, 0x2e, 0x74, 0x1e, 0xf8, 0x01, 0xef, 0x06, 0xde,
  0x46, 0x52, 0x34, 0x05, 0xd9, 0xff, 0xd1, 0xb6, 0xbb, 0xd7, 0xdc, 0x2d,
  0x26, 0x35, 0xb4, 0xc0, 0xf5, 0x5c, 0xd9, 0x4e, 0x46, 0x5a, 0x18, 0xb0,
  0x28, 0x29, 0xcb, 0x06, 0x16, 0xc0, 0xc1, 0x81, 0x16, 0x37, 0x0f, 0x08,
  0xea, 0x19, 0xcc, 0xdd, 0x0c, 0x33, 0xe6, 0xfd, 0xfb, 0x19, 0xe3, 0xf9,
  0x00, 0x3c, 0x0d, 0x49, 0x07, 0xe0, 0x17, 0x82, 0x1a, 0x2f, 0x01, 0xe1,
  0x4b, 0xb5, 0xf8, 0xbf, 0x11, 0x1e, 0x3d, 0xf0, 0x19, 0x17, 0xfb, 0x0a,
  0x07, 0xe8, 0xfb, 0x39, 0xc6, 0xeb, 0xf2, 0x0e, 0x20, 0x28, 0x25, 0x3a,
  0xde, 0x00, 0x10, 0x19, 0x21, 0x02, 0x2d, 0x35, 0x1b, 0x1f, 0xcd, 0x53,
  0x14, 0xea, 0xfd, 0x0a, 0xfe, 0xcd, 0x17, 0x25, 0xe4, 0xfc, 0x1b, 0x23,
  0xfb, 0x41, 0xe2, 0x35, 0xb9, 0x0c, 0x06, 0xeb, 0xe2, 0x08, 0x13, 0x0b,
  0x1e, 0x0b, 0x08, 0xf1, 0x28, 0xf9, 0xaa, 0x2d, 0x1e, 0x0a, 0x13, 0x0f,
  0xef, 0xdc, 0x0e, 0x0d, 0xf2, 0x15, 0xea, 0x13, 0x0b, 0x13, 0xe6, 0x45,
  0xb6, 0xc9, 0x07, 0xf4, 0xeb, 0x21, 0x03, 0x0c, 0x09, 0x0a, 0xf7, 0xbf,
  0x05, 0x25, 0x8e, 0x2e, 0x21, 0x13, 0xda, 0x14, 0xe0, 0x02, 0x1c, 0xbc,
  0xff, 0x17, 0xb6, 0xf3, 0x16, 0xfb, 0xf3, 0x4d, 0x81, 0xda, 0xe4, 0x25,
  0x14, 0xf8, 0xd3, 0x0a, 0x00, 0xcf, 0x06, 0xdd, 0xee, 0x0f, 0xce, 0xf0,
  0x0a, 0xd3, 0x18, 0x1a, 0x0c, 0x28, 0x01, 0xf2, 0xf7, 0xe8, 0xe5, 0xd6,
  0xfd, 0xff, 0xfb, 0xf3, 0xb2, 0xd9, 0x1c, 0xa3, 0x2a, 0xe9, 0xe1, 0x18,
  0x02, 0xce, 0x14, 0xf6, 0xb9, 0xe6, 0xab, 0xf9, 0x20, 0x0f, 0x06, 0x13,
  0xfe, 0x22, 0x06, 0xd6, 0x05, 0xff, 0x05, 0xd7, 0x2a, 0x08, 0xfc, 0xee,
  0xda, 0xc0, 0x06, 0xd6, 0xfc, 0x23, 0x0f, 0x12, 0xf9, 0xd3, 0x06, 0xd6,
  0x81, 0x0d, 0x8f, 0x3a, 0x0a, 0xff, 0xde, 0xfa, 0xba, 0x00, 0xf6, 0xb6,
  0x1c, 0xfd, 0xa8, 0xae, 0x31, 0x12, 0xeb, 0xe7, 0xa5, 0xc8, 0xc4, 0xf9,
  0x01, 0xe7, 0x4a, 0xbc, 0x1a, 0xbe, 0xec, 0xf2, 0x18, 0x4b, 0xf3, 0x13,
  0x9c, 0x11, 0x2a, 0xe5, 0xe2, 0x0e, 0xf5, 0x16, 0x18, 0xeb, 0x0f, 0x1a,
  0x81, 0xec, 0xcd, 0x25, 0xeb, 0x2a, 0x0e, 0xfe, 0xbc, 0x1b, 0x20, 0xbb,
  0x24, 0xc3, 0x05, 0xf3, 0x23, 0x4e, 0x30, 0xef, 0xfa, 0x39, 0x17, 0xff,
  0x04, 0x08, 0xd5, 0x02, 0xfb, 0xff, 0xe0, 0x0c, 0xcb, 0xf1, 0xe1, 0x16,
  0x25, 0x27, 0x05, 0x0b, 0xd3, 0x2f, 0x15, 0x16, 0x39, 0xc9, 0x1d, 0xdd,
  0x28, 0x66, 0x4e, 0x1d, 0xff, 0x53, 0xdc, 0x3a, 0x08, 0x24, 0xf3, 0xf6,
  0xdb, 0x32, 0xfc, 0xf3, 0xfc, 0xee, 0xf6, 0x17, 0x1a, 0x0f, 0xdf, 0x0d,
  0xf2, 0x09, 0x07, 0x10, 0x7f, 0x2c, 0x14, 0x81, 0xf1, 0xed, 0x13, 0x0f,
  0xf3, 0x27, 0x18, 0xf1, 0x46, 0xf5, 0x53, 0xe7, 0xee, 0x9a, 0x28, 0xf3,
  0x62, 0xfc, 0xd7, 0x6d, 0x22, 0x0c, 0x1a, 0x2b, 0x19, 0x04, 0x0a, 0x1a,
  0x1d, 0x26, 0xd2, 0xa2, 0xe0, 0x26, 0x1a, 0xd8, 0xc2, 0x21, 0x05, 0xbe,
  0x0a, 0x46, 0x31, 0xf5, 0x24, 0xe3, 0x20, 0xdf, 0x38, 0xf3, 0x02, 0x1f,
  0x17, 0xfa, 0x2a, 0x25, 0x11, 0xd9, 0x2f, 0x1f, 0xfc, 0x11, 0xe8, 0x11,
  0xf4, 0xf3, 0x2b, 0xb4, 0xc7, 0x19, 0x2b, 0x12, 0x30, 0xe8, 0xf0, 0x16,
  0x09, 0xef, 0x43, 0xe2, 0x30, 0xf9, 0x04, 0xee, 0x12, 0x05, 0x26, 0x24,
  0xfe, 0x1e, 0x48, 0xf4, 0x28, 0x24, 0x11, 0xd5, 0xe6, 0x36, 0x10, 0x28,
  0x1e, 0x43, 0xd3, 0x20, 0xc2, 0x30, 0xd9, 0xed, 0x0c, 0x01, 0xeb, 0xec,
  0xfe, 0x20, 0xf3, 0x10, 0xf8, 0x20, 0xe9, 0x50, 0x2d, 0x42, 0x16, 0xea,
  0xd6, 0xda, 0xf3, 0x18, 0x2c, 0xd0, 0x3a, 0xce, 0x11, 0x51, 0x12, 0x2d,
  0x17, 0xb5, 0x81, 0xd9, 0xf1, 0x5e, 0x2b, 0x1d, 0x18, 0x09, 0xa5, 0x86,
  0x1c, 0xe8, 0xf9, 0x04, 0x1c, 0x37, 0x42, 0xef, 0x89, 0xf6, 0x06, 0x12,
  0xfa, 0xdf, 0x4c, 0x07, 0x26, 0x33, 0x44, 0x03, 0x1f, 0x95, 0x8f, 0x18,
  0x30, 0x22, 0x14, 0x0c, 0x20, 0x1f, 0xf2, 0x8c, 0x1d, 0x2b, 0x21, 0xc9,
  0xc9, 0x18, 0xfb, 0xdc, 0x07, 0xba, 0x0e, 0xf6, 0x19, 0x19, 0xfd, 0x04,
  0xab, 0x12, 0x2b, 0xe1, 0xe0, 0x3d, 0x09, 0xfd, 0xee, 0xbe, 0xf8, 0x24,
  0x81, 0xf6, 0x06, 0x03, 0xff, 0x1f, 0x1a, 0xf8, 0x2c, 0xe9, 0xce, 0xf3,
  0x1e, 0xe0, 0x0d, 0xe9, 0xda, 0xff, 0x0b, 0xef, 0xbe, 0xcc, 0xf9, 0xe5,
  0x19, 0xff, 0x1d, 0xf8, 0xfb, 0xfe, 0x08, 0xdc, 0xdc, 0xc3, 0x02, 0xe2,
  0xfc, 0xec, 0xf7, 0xea, 0x39, 0xab, 0xbe, 0x1f, 0xe3, 0x1e, 0x4a, 0x1c,
  0x99, 0x25, 0xf2, 0x04, 0xf3, 0xac, 0xa3, 0x09, 0xc1, 0xf9, 0x1b, 0xc9,
  0xc6, 0x2a, 0x05, 0xbe, 0xfb, 0x03, 0x08, 0xf1, 0xfd, 0xc7, 0x10, 0x09,
  0x02, 0x26, 0x4d, 0xee, 0xed, 0xfd, 0x43, 0xf4, 0xbf, 0x05, 0x23, 0x15,
  0xbf, 0x46, 0xca, 0x16, 0x06, 0xef, 0x1d, 0xed, 0x07, 0x0f, 0x01, 0x1f,
  0xf2, 0xf9, 0x20, 0xdb, 0x01, 0x31, 0x29, 0x13, 0xe4, 0x05, 0x7f, 0xd3,
  0x0d, 0x00, 0x28, 0xea, 0xe9, 0x25, 0xf3, 0x05, 0xd0, 0x21, 0x20, 0x31,
  0xe6, 0x03, 0xfc, 0xe0, 0xe9, 0x21, 0xdf, 0x14, 0xe3, 0x16, 0x1e, 0x12,
  0x20, 0xff, 0x14, 0x0b, 0xc7, 0x15, 0x07, 0xfb, 0x3a, 0x03, 0x1f, 0xfe,
  0x23, 0x59, 0x12, 0xbf, 0xb9, 0xff, 0x20, 0xf3, 0xe0, 0x1d, 0xf7, 0xd7,
  0xcf, 0x05, 0xff, 0x10, 0xf9, 0x1a, 0xf7, 0x2c, 0xe3, 0xf5, 0xfe, 0xe2,
  0x27, 0xf8, 0x06, 0x20, 0x0d, 0xf3, 0xc9, 0xf8, 0x2e, 0x08, 0xcf, 0xfa,
  0x00, 0x00, 0x1d, 0x05, 0x1c, 0x11, 0xda, 0xce, 0xcc, 0x25, 0x19, 0x44,
  0x0d, 0x11, 0xdc, 0xf8, 0xce, 0xf4, 0xcb, 0xea, 0x02, 0x16, 0xf0, 0x08,
  0xfd, 0x51, 0x22, 0xf8, 0xfe, 0x23, 0xe9, 0x01, 0x25, 0xf6, 0xfd, 0x20,
  0xd8, 0x27, 0xdc, 0xb7, 0x11, 0xf6, 0xbe, 0x41, 0x01, 0x21, 0xe6, 0x02,
  0xf1, 0x29, 0xbe, 0xfe, 0x1f, 0x10, 0xf4, 0x18, 0xe5, 0x16, 0x11, 0xe2,
  0x1c, 0x07, 0x0b, 0xd8, 0x14, 0x23, 0x0d, 0x3c, 0x81, 0x07, 0xe8, 0x87,
  0x89, 0xf7, 0xed, 0x26, 0xfa, 0xfd, 0x04, 0x0a, 0x07, 0xee, 0xd1, 0x22,
  0x37, 0x1b, 0x35, 0x31, 0x2a, 0x16, 0xb7, 0x3d, 0x11, 0xb3, 0x2f, 0x2c,
  0x27, 0x02, 0xbe, 0x0b, 0x2e, 0xd5, 0xbb, 0x68, 0x20, 0x4d, 0x34, 0xf6,
  0xe1, 0x2b, 0xd7, 0xed, 0xa5, 0xcb, 0x0c, 0x9f, 0xbd, 0x1b, 0xee, 0x21,
  0xf9, 0x26, 0x04, 0xe7, 0xdc, 0xfb, 0x12, 0x7f, 0x03, 0x19, 0x33, 0x18,
  0xfa, 0x0a, 0xe4, 0x32, 0x29, 0xe6, 0x21, 0xed, 0xd9, 0x17, 0xed, 0xb6,
  0xcc, 0x08, 0x01, 0xd2, 0x24, 0x1a, 0xf8, 0x08, 0xd7, 0x04, 0x23, 0xda,
  0xf1, 0xac, 0x20, 0x05, 0x04, 0x40, 0xfa, 0x06, 0xe9, 0xde, 0xda, 0xf9,
  0xcc, 0x32, 0xce, 0xe5, 0x1f, 0xb5, 0x25, 0x9f, 0xf5, 0xe0, 0xe0, 0x1c,
  0xde, 0x15, 0x42, 0xc9, 0x2d, 0xf4, 0x2d, 0x10, 0xde, 0x22, 0x07, 0x40,
  0x06, 0x54, 0xf1, 0xf1, 0xcd, 0x1d, 0xc6, 0xf4, 0xf0, 0xca, 0xf6, 0x10,
  0x00, 0xc5, 0xd8, 0x01, 0xf7, 0x16, 0x1f, 0x0a, 0xfe, 0x2f, 0x23, 0xbb,
  0xf3, 0x09, 0x1d, 0xe1, 0xf7, 0xdc, 0x2c, 0xe9, 0x11, 0x5c, 0xf5, 0xeb,
  0xde, 0xc4, 0xce, 0xde, 0x10, 0x0d, 0x01, 0xeb, 0xf9, 0x00, 0xf2, 0x9d,
  0xeb, 0x02, 0x1c, 0x1e, 0xe0, 0x0e, 0x53, 0xc7, 0x83, 0xe7, 0xd7, 0x51,
  0x1b, 0x81, 0x3e, 0xd0, 0x0f, 0x3c, 0x52, 0xbb, 0x02, 0xcd, 0xb2, 0x1e,
  0xe8, 0x76, 0xdb, 0xf8, 0xe2, 0x2a, 0x28, 0xae, 0x06, 0x11, 0x33, 0xfc,
  0x0e, 0xfd, 0xe6, 0x1e, 0xfd, 0xf1, 0xd4, 0x29, 0x1d, 0x0d, 0xde, 0xf4,
  0xf5, 0xf9, 0x39, 0x0b, 0x37, 0xe8, 0x00, 0xb5, 0xd4, 0x0b, 0x1f, 0x36,
  0xfd, 0x28, 0xe8, 0x0c, 0xd8, 0xf3, 0xe5, 0xce, 0xea, 0x07, 0xec, 0x18,
  0xea, 0x42, 0xf9, 0xfc, 0x09, 0x1b, 0xed, 0xee, 0x19, 0x10, 0x0f, 0x22,
  0xc9, 0xf4, 0xec, 0xa0, 0x05, 0xe9, 0xbe, 0x31, 0xf1, 0x14, 0xef, 0x0d,
  0xe9, 0x1b, 0x81, 0xfb, 0x13, 0xf9, 0xfa, 0xfa, 0xed, 0x2a, 0x1d, 0xe1,
  0x2c, 0x0d, 0xed, 0xde, 0xf5, 0x1a, 0xf5, 0x20, 0xa4, 0x04, 0xdc, 0x8f,
  0xb6, 0xef, 0xd4, 0x19, 0xe1, 0x00, 0x01, 0x03, 0x11, 0x10, 0xb8, 0x17,
  0xf9, 0xd0, 0x1d, 0xf9, 0xcd, 0xd9, 0xfb, 0x24, 0x0e, 0xf1, 0x37, 0x11,
  0x2c, 0xd3, 0xe4, 0x26, 0x1f, 0xe6, 0x0c, 0xc1, 0xc2, 0x1b, 0x2f, 0x0f,
  0x0a, 0xe6, 0x0b, 0x31, 0x31, 0xd0, 0xc2, 0xed, 0xdc, 0xcc, 0x11, 0x17,
  0xec, 0x25, 0x2e, 0x01, 0xea, 0x7f, 0x15, 0x04, 0x1f, 0xdb, 0xe9, 0x25,
  0xc6, 0x10, 0x04, 0xb9, 0xfd, 0x12, 0xb6, 0x0b, 0xca, 0x05, 0x16, 0x15,
  0x2b, 0xf8, 0x90, 0x04, 0xbb, 0xe5, 0xb0, 0x31, 0x12, 0x0d, 0x4b, 0x03,
  0x2f, 0x26, 0xed, 0xeb, 0xe3, 0x17, 0x0b, 0x2d, 0xe5, 0x30, 0x25, 0xf6,
  0xb8, 0xb3, 0x09, 0x05, 0xd5, 0x19, 0x1d, 0x28, 0xff, 0xbc, 0xeb, 0x15,
  0xf7, 0xf6, 0xf7, 0xea, 0xf9, 0xdd, 0x27, 0xff, 0x0a, 0x14, 0x0c, 0x14,
  0xca, 0x05, 0x2d, 0x07, 0xff, 0x0f, 0x03, 0x01, 0xe2, 0xe6, 0x34, 0xfd,
  0xac, 0xe4, 0xea, 0xf4, 0x0f, 0x3c, 0x2e, 0x0f, 0x00, 0x1e, 0x0d, 0xf9,
  0x17, 0xc9, 0x12, 0xd7, 0xd5, 0x09, 0xf4, 0x16, 0xe4, 0x11, 0xec, 0xfe,
  0xb7, 0x07, 0x13, 0xea, 0xc9, 0x0c, 0xd0, 0xf0, 0xe5, 0xfc, 0xf3, 0x03,
  0x03, 0x0c, 0xdd, 0xec, 0x07, 0x14, 0x13, 0x16, 0xe8, 0x0c, 0x24, 0x14,
  0xd4, 0xed, 0xde, 0x14, 0x18, 0x26, 0xdc, 0x33, 0x81, 0xe4, 0xf1, 0x8b,
  0x9d, 0x13, 0xd9, 0x02, 0xea, 0x25, 0x06, 0xd6, 0xed, 0xf7, 0xa4, 0x0e,
  0xde, 0x01, 0xe0, 0xf6, 0xfe, 0x20, 0x12, 0xef, 0xe0, 0x11, 0xce, 0x1b,
  0x81, 0xeb, 0x15, 0xdb, 0x05, 0x22, 0x35, 0xea, 0x0d, 0xfe, 0x00, 0xfa,
  0xf6, 0xfb, 0x4d, 0xf8, 0xfe, 0xdd, 0x26, 0x1e, 0x03, 0xf8, 0x02, 0x00,
  0x1c, 0xe3, 0x23, 0x22, 0x0b, 0x08, 0xe1, 0x3e, 0xb5, 0xc6, 0x0b, 0xf2,
  0x01, 0xf4, 0x25, 0x0b, 0xe9, 0xff, 0x06, 0xe5, 0xf9, 0xf5, 0x19, 0x05,
  0x07, 0xe0, 0xfa, 0x22, 0xf5, 0x28, 0x2e, 0x02, 0xfc, 0xee, 0x1a, 0xe2,
  0x08, 0x28, 0x02, 0x1b, 0xe5, 0xc8, 0xda, 0x0b, 0xf5, 0xe3, 0xfb, 0x05,
  0xf4, 0x48, 0x02, 0x0d, 0x05, 0x10, 0xf3, 0xf7, 0x03, 0x09, 0xdd, 0xfe,
  0x0b, 0x1a, 0x03, 0x08, 0xf2, 0xf6, 0x22, 0x28, 0x03, 0xf5, 0x09, 0x13,
  0x07, 0xf3, 0xe6, 0xfd, 0xd8, 0x0e, 0x02, 0xcc, 0xb2, 0x0f, 0xe5, 0x1e,
  0x11, 0xfd, 0x15, 0x1d, 0x0a, 0x02, 0xea, 0x23, 0xf3, 0xfc, 0x23, 0x02,
  0xf2, 0x07, 0x08, 0xf3, 0xdc, 0xff, 0x00, 0x18, 0x19, 0x08, 0xea, 0x02,
  0xc3, 0x12, 0x1e, 0xb0, 0xcf, 0x16, 0xbd, 0x06, 0x0d, 0xfb, 0x3a, 0x12,
  0xfb, 0x00, 0xbf, 0xfd, 0xfb, 0xfe, 0x06, 0x03, 0xe8, 0xf7, 0x1e, 0x10,
  0xfb, 0xfa, 0xff, 0xf6, 0x0e, 0x23, 0xdb, 0x1d, 0x81, 0xfb, 0xf3, 0x9b,
  0x9f, 0xe9, 0xe3, 0xf9, 0xfb, 0xff, 0xf0, 0xe2, 0x0e, 0xea, 0xbc, 0xf2,
  0xfa, 0xbc, 0x07, 0x20, 0xed, 0xdc, 0x0e, 0xf8, 0x01, 0xf0, 0x05, 0xe0,
  0x09, 0xf1, 0x42, 0x0a, 0xfc, 0x4d, 0x06, 0x3c, 0x51, 0xfa, 0x2a, 0x01,
  0xeb, 0x02, 0x0e, 0x37, 0xe8, 0xe1, 0x37, 0xdc, 0xf9, 0x0c, 0xeb, 0xcb,
  0xe8, 0xd8, 0x20, 0x0d, 0x0b, 0x20, 0x31, 0xea, 0xdc, 0x05, 0x3c, 0xae,
  0x39, 0x26, 0xea, 0x0f, 0x01, 0xde, 0x02, 0x0d, 0x04, 0xee, 0x09, 0x13,
  0x08, 0x19, 0x21, 0x16, 0x43, 0x08, 0x13, 0xb5, 0xac, 0xae, 0x11, 0xf3,
  0x8e, 0x11, 0x2b, 0x48, 0xd2, 0x77, 0xac, 0xe4, 0xcc, 0xe3, 0xf6, 0x81,
  0xd9, 0x69, 0xbe, 0x96, 0x2f, 0xc8, 0x47, 0xda, 0x23, 0xd4, 0xa9, 0x5f,
  0x2a, 0xbd, 0x5a, 0xc8, 0x1f, 0x9f, 0xfd, 0xd1, 0xef, 0x0a, 0x78, 0x43,
  0xde, 0xd1, 0xb4, 0xdf, 0x44, 0x0d, 0x05, 0xf2, 0x30, 0x0a, 0x53, 0xf4,
  0x81, 0xef, 0x1e, 0x33, 0x33, 0x02, 0x39, 0x0d, 0xfe, 0x13, 0x01, 0x3d,
  0x07, 0xb4, 0xe0, 0x51, 0xe7, 0x07, 0x51, 0x04, 0x0a, 0x38, 0x2a, 0x1f,
  0x08, 0xc9, 0xf1, 0x1e, 0xe0, 0x14, 0x3f, 0x15, 0x02, 0x36, 0xd0, 0xe2,
  0x0b, 0x07, 0xfc, 0xc2, 0xd3, 0x1b, 0xb9, 0x42, 0xa9, 0x7d, 0x33, 0xe4,
  0xe0, 0x37, 0x07, 0xd6, 0x69, 0x5d, 0x43, 0x7c, 0xe9, 0xa8, 0xb4, 0x9d,
  0x1d, 0x51, 0xa7, 0xe7, 0x64, 0x72, 0x15, 0x8b, 0xeb, 0xff, 0x91, 0xea,
  0x9e, 0x2d, 0x07, 0xe4, 0x09, 0x12, 0xec, 0x8a, 0x07, 0x4f, 0x0f, 0x14,
  0xb8, 0xfb, 0xed, 0xc7, 0xd0, 0x5f, 0x23, 0x04, 0xdc, 0x93, 0xb7, 0x27,
  0xde, 0xf3, 0x42, 0x21, 0x44, 0x29, 0x05, 0x28, 0x04, 0xcd, 0xf4, 0x20,
  0x0f, 0xf4, 0xce, 0xe6, 0x1d, 0xfc, 0x06, 0x02, 0xf3, 0xe5, 0xe0, 0x1b,
  0x33, 0xfc, 0x12, 0x11, 0xf1, 0x13, 0x21, 0xfd, 0x2f, 0xec, 0xfe, 0x12,
  0x00, 0xbe, 0x15, 0xc7, 0x13, 0xa9, 0x04, 0x03, 0xe3, 0x45, 0x5d, 0xff,
  0xec, 0x50, 0x81, 0x1b, 0x17, 0x9c, 0x31, 0x1a, 0x12, 0xeb, 0xfb, 0x21,
  0x15, 0xe4, 0x19, 0xe5, 0x41, 0x45, 0xc3, 0x2a, 0xa9, 0x0c, 0x20, 0x18,
  0xc5, 0xff, 0xda, 0x0d, 0xe5, 0xec, 0x03, 0xec, 0xd9, 0x05, 0x17, 0xe1,
  0xfd, 0x1a, 0x5d, 0xf9, 0x09, 0x43, 0xf2, 0x26, 0x27, 0xbe, 0x10, 0xdf,
  0xf1, 0x3b, 0x15, 0x2e, 0x13, 0x39, 0x0d, 0xe9, 0xac, 0x0c, 0xc5, 0x1d,
  0x7f, 0xf2, 0x08, 0x1a, 0xd6, 0x12, 0x13, 0xaf, 0x1a, 0x25, 0x4a, 0x0a,
  0x20, 0x4c, 0x04, 0x05, 0x1f, 0x36, 0xf7, 0x90, 0xf0, 0x05, 0x33, 0x5f,
  0x0e, 0xf8, 0xef, 0xe8, 0x9d, 0x1e, 0xd7, 0xf9, 0x1f, 0xef, 0x5f, 0xb6,
  0xdd, 0x39, 0x0c, 0x3b, 0x1d, 0x35, 0x03, 0x4c, 0xc0, 0x51, 0x0b, 0xdc,
  0x95, 0xd4, 0xfc, 0xd1, 0x05, 0x3a, 0x32, 0x0e, 0x09, 0xb3, 0xc3, 0x0c,
  0xaf, 0x0c, 0xe0, 0xbb, 0x52, 0x0b, 0x07, 0x20, 0xe4, 0xd6, 0x2b, 0x0a,
  0x42, 0x44, 0x6c, 0x34, 0xff, 0xaf, 0x2c, 0x0f, 0x15, 0xa2, 0xf5, 0x30,
  0x24, 0x73, 0xae, 0xf0, 0x1a, 0x4e, 0xf9, 0x07, 0x16, 0x57, 0x1b, 0xd9,
  0x02, 0x18, 0xb3, 0xcc, 0x12, 0xae, 0x0d, 0xec, 0x2b, 0x59, 0xd1, 0xe6,
  0xd2, 0x0d, 0xe9, 0xc3, 0x12, 0x47, 0xd0, 0x27, 0x10, 0xdc, 0xea, 0xda,
  0xd1, 0x28, 0xc8, 0x2e, 0x3e, 0x3e, 0x54, 0x45, 0xae, 0xde, 0xed, 0xf3,
  0x2e, 0xd0, 0x11, 0x18, 0x06, 0x22, 0x0a, 0xe7, 0x13, 0xaa, 0x81, 0x1d,
  0x0e, 0x13, 0x14, 0x33, 0x01, 0xc6, 0xbd, 0xd8, 0x13, 0x46, 0x19, 0x18,
  0x66, 0xea, 0xff, 0xff, 0x04, 0x00, 0x00, 0x00, 0x00, 0x01, 0x00, 0x00,
  0x3b, 0xe7, 0xff, 0xff, 0x74, 0xf5, 0xff, 0xff, 0x28, 0x10, 0x00, 0x00,
  0x4a, 0xf7, 0xff, 0xff, 0xec, 0xf6, 0xff, 0xff, 0x77, 0x01, 0x00, 0x00,
  0x5a, 0x04, 0x00, 0x00, 0x37, 0xd7, 0xff, 0xff, 0x84, 0xf1, 0xff, 0xff,
  0x06, 0xfa, 0xff, 0xff, 0xd7, 0xf5, 0xff, 0xff, 0xb2, 0xf4, 0xff, 0xff,
  0x5d, 0xf0, 0xff, 0xff, 0x70, 0xf5, 0xff, 0xff, 0x10, 0xfb, 0xff, 0xff,
  0x20, 0xf3, 0xff, 0xff, 0x7a, 0xee, 0xff, 0xff, 0xf4, 0xeb, 0xff, 0xff,
  0xfe, 0x0a, 0x00, 0x00, 0x32, 0xf5, 0xff, 0xff, 0x6b, 0x05, 0x00, 0x00,
  0x70, 0xf3, 0xff, 0xff, 0x12, 0xf2, 0xff, 0xff, 0x72, 0xf5, 0xff, 0xff,
  0xff, 0x01, 0x00, 0x00, 0x83, 0xfc, 0xff, 0xff, 0xb3, 0x0c, 0x00, 0x00,
  0x2a, 0xf3, 0xff, 0xff, 0xc6, 0x0f, 0x00, 0x00, 0xe7, 0x00, 0x00, 0x00,
  0x20, 0xf2, 0xff, 0xff, 0xd2, 0xf7, 0xff, 0xff, 0x25, 0xf7, 0xff, 0xff,
  0xc1, 0x01, 0x00, 0x00, 0xae, 0x05, 0x00, 0x00, 0x4e, 0x07, 0x00, 0x00,
  0xe0, 0xf1, 0xff, 0xff, 0x5a, 0xe7, 0xff, 0xff, 0xda, 0xf1, 0xff, 0xff,
  0xb9, 0xed, 0xff, 0xff, 0x3b, 0x02, 0x00, 0x00, 0x7a, 0xe9, 0xff, 0xff,
  0x22, 0xf7, 0xff, 0xff, 0x72, 0x01, 0x00, 0x00, 0xdb, 0xfd, 0xff, 0xff,
  0x23, 0x06, 0x00, 0x00, 0x03, 0x02, 0x00, 0x00, 0xcd, 0xf8, 0xff, 0xff,
  0xa2, 0xfe, 0xff, 0xff, 0xa6, 0x00, 0x00, 0x00, 0x97, 0xe7, 0xff, 0xff,
  0x54, 0xf4, 0xff, 0xff, 0x03, 0xf2, 0xff, 0xff, 0x2f, 0xf1, 0xff, 0xff,
  0x28, 0x05, 0x00, 0x00, 0x98, 0xf5, 0xff, 0xff, 0x69, 0xfa, 0xff, 0xff,
  0x00, 0xf8, 0xff, 0xff, 0xc9, 0xfc, 0xff, 0xff, 0xdd, 0x00, 0x00, 0x00,
  0xaa, 0xfb, 0xff, 0xff, 0xf2, 0xf2, 0xff, 0xff, 0xf9, 0xee, 0xff, 0xff,
  0x8b, 0x0b, 0x00, 0x00, 0x72, 0xeb, 0xff, 0xff, 0x04, 0x00, 0x00, 0x00,
  0x40, 0x00, 0x00, 0x00, 0xef, 0x83, 0xdd, 0x95, 0xf7, 0x1c, 0xce, 0xd9,
  0xc6, 0x88, 0xab, 0x84, 0x7e, 0xb4, 0x22, 0xf0, 0x8d, 0xe8, 0x85, 0xda,
  0x13, 0xd9, 0xef, 0xcc, 0xd1, 0xdf, 0x89, 0xe1, 0xbe, 0xdc, 0x4b, 0xe5,
  0x7f, 0x88, 0x4a, 0xea, 0xa3, 0x88, 0xe8, 0xbc, 0x33, 0xac, 0xf9, 0xa4,
  0x40, 0x00, 0xd5, 0xbd, 0xb1, 0x07, 0x80, 0xf6, 0x87, 0x94, 0xfd, 0x1d,
  0x2a, 0xd3, 0x42, 0x89, 0x8c, 0xec, 0xe9, 0xc9, 0xbe, 0xeb, 0xff, 0xff,
  0x04, 0x00, 0x00, 0x00, 0x40, 0x00, 0x00, 0x00, 0xe9, 0x75, 0xc8, 0x5b,
  0x56, 0x80, 0xf7, 0x36, 0xab, 0x71, 0xf7, 0x7f, 0x1f, 0x12, 0xf4, 0x0c,
  0x66, 0x1c, 0x74, 0x17, 0x17, 0xe4, 0x32, 0xf3, 0xfd, 0x07, 0x6d, 0x01,
  0xa7, 0x09, 0xf9, 0x10, 0x49, 0x6e, 0xe8, 0xfb, 0x5e, 0x6e, 0xf1, 0xfe,
  0xcd, 0x32, 0xa1, 0x41, 0xb2, 0xde, 0x19, 0xdd, 0x35, 0xbe, 0x6f, 0x2f,
  0x71, 0x64, 0x19, 0xf4, 0x21, 0xf9, 0xf1, 0x68, 0x6b, 0xae, 0xd7, 0xf7,
  0x0a, 0xec, 0xff, 0xff, 0x04, 0x00, 0x00, 0x00, 0x00, 0x10, 0x00, 0x00,
  0x0c, 0x01, 0x07, 0x08, 0x06, 0x50, 0x1e, 0xeb, 0x70, 0xff, 0x0b, 0xfd,
  0x03, 0x18, 0xda, 0xdd, 0x05, 0x28, 0x02, 0x05, 0xd4, 0xa8, 0x52, 0xb1,
  0xdb, 0x0e, 0x00, 0xc1, 0xf9, 0x25, 0xb1, 0x36, 0xe9, 0x00, 0xa7, 0x29,
  0x19, 0x00, 0x7f, 0x06, 0x44, 0x09, 0x56, 0x14, 0xc2, 0x3a, 0xfd, 0x51,
  0xfb, 0x14, 0x00, 0x04, 0x00, 0xff, 0xfa, 0xdf, 0xc4, 0xed, 0xc0, 0x03,
  0xff, 0xf9, 0x59, 0x0d, 0x06, 0xfa, 0x2f, 0xfd, 0x40, 0x95, 0xd6, 0x0d,
  0xe4, 0x02, 0xf1, 0x0b, 0x57, 0x05, 0x04, 0xfe, 0xff, 0xdd, 0xfa, 0x06,
  0x59, 0xfa, 0xf3, 0x15, 0xf2, 0x0a, 0xff, 0x06, 0xf3, 0x28, 0xfe, 0x01,
  0x66, 0xfd, 0x3b, 0xe8, 0xf5, 0xff, 0xd6, 0x17, 0xd8, 0xee, 0xbf, 0xe5,
  0xef, 0xb0, 0x14, 0xde, 0xec, 0x2e, 0xf9, 0x34, 0xfe, 0xfb, 0x42, 0x4b,
  0x4e, 0x1f, 0x7f, 0xfc, 0x0a, 0x01, 0xfc, 0xda, 0x54, 0x01, 0x23, 0x0d,
  0xf9, 0xae, 0x11, 0x06, 0x1a, 0x01, 0x1f, 0x00, 0x11, 0x03, 0xec, 0xfd,
  0x02, 0x0a, 0x00, 0x19, 0x24, 0xcd, 0xef, 0xc3, 0xf8, 0xda, 0x01, 0x9c,
  0xe9, 0x0c, 0xcd, 0x5a, 0x31, 0x00, 0xfa, 0xda, 0x22, 0xff, 0x6b, 0x34,
  0x89, 0xfd, 0xc6, 0xfc, 0x81, 0xb3, 0x57, 0x21, 0xb8, 0x1a, 0xfd, 0xdf,
  0x01, 0xf2, 0xcf, 0x17, 0x0d, 0xfe, 0x20, 0xfe, 0x03, 0x01, 0x7a, 0xcb,
  0x00, 0xfc, 0x34, 0xee, 0x2d, 0xb9, 0xee, 0xdd, 0xc8, 0x01, 0xce, 0x06,
  0x24, 0x04, 0x0a, 0xf1, 0xff, 0xc9, 0xfd, 0xf0, 0x53, 0x08, 0xed, 0x0d,
  0xd8, 0x20, 0xff, 0x0a, 0xe3, 0x04, 0x2b, 0x0e, 0x46, 0x00, 0x55, 0xe2,
  0xed, 0xff, 0xdd, 0xff, 0xc5, 0xe8, 0xcf, 0xf0, 0xf1, 0xe1, 0x13, 0xe1,
  0xe8, 0x26, 0xfc, 0x22, 0x00, 0xfc, 0x21, 0x32, 0x4e, 0x15, 0x7f, 0xfd,
  0x05, 0xde, 0x00, 0xd1, 0x7b, 0x01, 0xf0, 0xee, 0x98, 0x2c, 0xc2, 0x05,
  0x64, 0x00, 0x12, 0xfb, 0x8b, 0x10, 0xac, 0x28, 0x02, 0x36, 0x02, 0xe6,
  0xa2, 0x00, 0xca, 0xfa, 0x13, 0x20, 0x02, 0x17, 0x22, 0xae, 0x1c, 0xdc,
  0xc1, 0x03, 0x8a, 0x27, 0xf2, 0x09, 0xf5, 0xfa, 0x10, 0x3d, 0x7f, 0x1b,
  0x59, 0xed, 0x0d, 0x60, 0x26, 0xda, 0x03, 0xb8, 0x02, 0xfa, 0xa5, 0x8a,
  0xb3, 0x0a, 0x8a, 0x01, 0xf5, 0x42, 0xc1, 0xf5, 0xe3, 0xff, 0x0d, 0xf3,
  0xdb, 0x1c, 0x58, 0x0c, 0x3c, 0x00, 0x0a, 0x0c, 0x9d, 0xd2, 0x6b, 0x5e,
  0xfb, 0x41, 0xfd, 0xe5, 0x08, 0x3f, 0x05, 0x2b, 0x5a, 0x10, 0x03, 0x38,
  0x03, 0xa8, 0x7f, 0xd9, 0xf9, 0xff, 0x1a, 0xfb, 0x06, 0xfe, 0xf2, 0x1d,
  0xe5, 0xf5, 0x11, 0x0b, 0x34, 0xe9, 0x14, 0xa1, 0x27, 0xcf, 0x00, 0x00,
  0x01, 0x0d, 0xfe, 0x9c, 0x33, 0x02, 0x2b, 0x00, 0x09, 0xd8, 0xc3, 0x24,
  0xe8, 0x04, 0x41, 0xdd, 0xc8, 0xd0, 0x25, 0x34, 0x14, 0x01, 0x26, 0x02,
  0x81, 0xd2, 0x50, 0xf5, 0xfb, 0x5b, 0x06, 0xe0, 0x3e, 0x49, 0xce, 0x3c,
  0x2a, 0xe5, 0x00, 0x50, 0x35, 0xb5, 0x0e, 0xec, 0x03, 0x05, 0x1e, 0xf1,
  0xfc, 0x06, 0xd7, 0x23, 0xb7, 0xeb, 0xe4, 0x14, 0xe4, 0x9c, 0x59, 0xd7,
  0x42, 0x0f, 0x00, 0xc6, 0x0a, 0xfb, 0xbb, 0xc5, 0x29, 0x0d, 0x10, 0xfd,
  0xf5, 0xdb, 0xd2, 0x07, 0x96, 0xfc, 0x1e, 0xf8, 0xdd, 0xbe, 0xfc, 0x29,
  0x37, 0x03, 0x25, 0x0b, 0xc0, 0xff, 0x1a, 0x7f, 0xfe, 0xe3, 0x00, 0xda,
  0x09, 0x5c, 0xd1, 0x3c, 0x43, 0xea, 0xfe, 0x18, 0x23, 0xd1, 0x67, 0xcf,
  0x08, 0xff, 0xd3, 0xf7, 0x05, 0xfe, 0x0b, 0x11, 0x88, 0x2d, 0x0c, 0xea,
  0x46, 0x9c, 0x16, 0xf4, 0x10, 0x16, 0xfc, 0xcd, 0x00, 0x02, 0xc9, 0xc8,
  0x14, 0x3c, 0xf8, 0xfb, 0x03, 0xdd, 0xf7, 0x01, 0xe9, 0xfd, 0x29, 0x07,
  0x3f, 0xa1, 0xd7, 0x06, 0xdd, 0x02, 0xf1, 0x09, 0x3a, 0xee, 0x28, 0xf4,
  0xfd, 0xbc, 0xfb, 0xff, 0x57, 0x27, 0x20, 0x21, 0xf1, 0xdc, 0xff, 0x2a,
  0x1d, 0x34, 0x1f, 0xf9, 0x57, 0xfd, 0x3e, 0x05, 0x04, 0xfc, 0xcd, 0x2b,
  0xdb, 0xe9, 0x81, 0xd6, 0xee, 0xfd, 0x0a, 0xb8, 0x07, 0x1d, 0xf8, 0x21,
  0xf8, 0x02, 0x36, 0x44, 0x5d, 0x22, 0x6d, 0xfc, 0x07, 0xc9, 0xff, 0xe1,
  0x25, 0xfa, 0x70, 0x00, 0x17, 0x93, 0x1c, 0x19, 0x20, 0x04, 0x01, 0x09,
  0xce, 0x00, 0x3c, 0xfc, 0xfb, 0x20, 0xf8, 0xe0, 0x4c, 0x57, 0xea, 0x41,
  0x10, 0xbb, 0x02, 0x38, 0x27, 0x1f, 0xe6, 0xed, 0x47, 0xfe, 0x74, 0xdc,
  0x09, 0xfe, 0x2b, 0x34, 0x81, 0xe1, 0xa6, 0xfd, 0x91, 0xa0, 0x2a, 0xf3,
  0x0f, 0x4d, 0xec, 0xf2, 0x04, 0xff, 0xee, 0xf2, 0x29, 0x3e, 0x75, 0xfa,
  0x00, 0xc8, 0xfd, 0xe4, 0xd3, 0x02, 0xe5, 0xfc, 0xd0, 0x01, 0x0f, 0x16,
  0x0c, 0x00, 0x53, 0x01, 0x81, 0xe4, 0xfd, 0x2f, 0xfb, 0x13, 0xff, 0x01,
  0xc9, 0x32, 0xc7, 0x20, 0xfd, 0xec, 0x02, 0x00, 0x1d, 0xce, 0x12, 0xf9,
  0xdd, 0x01, 0x10, 0x05, 0x10, 0x02, 0xd6, 0xf3, 0x08, 0x0e, 0x43, 0x02,
  0x02, 0xee, 0x19, 0xdb, 0x0f, 0x02, 0x04, 0xd7, 0x02, 0x04, 0xd8, 0xa5,
  0xe4, 0x01, 0xd3, 0x02, 0x05, 0xe7, 0xa3, 0x16, 0x37, 0x03, 0x29, 0x00,
  0x01, 0x97, 0x0a, 0xfc, 0xef, 0x00, 0xed, 0xfe, 0x0f, 0x0b, 0x2d, 0x10,
  0x00, 0x17, 0x01, 0xe0, 0x36, 0xca, 0xe8, 0xcc, 0x2d, 0xca, 0x01, 0xca,
  0xd4, 0x09, 0xdd, 0x2c, 0x0c, 0x00, 0xf7, 0xb6, 0xff, 0x00, 0x46, 0x17,
  0x81, 0xe0, 0xbc, 0xf9, 0xa6, 0xaa, 0x4a, 0x0e, 0xdf, 0x39, 0x01, 0xe6,
  0x01, 0xf2, 0xf2, 0x28, 0xfb, 0xfa, 0xfa, 0xff, 0x03, 0xbc, 0x32, 0xcc,
  0x42, 0x01, 0xe2, 0x03, 0xda, 0x4d, 0x22, 0xb6, 0xee, 0x04, 0xe9, 0xf8,
  0x15, 0x39, 0x1a, 0xab, 0x0c, 0x14, 0x08, 0xec, 0xc5, 0xb2, 0x33, 0x91,
  0xc2, 0xb3, 0xfe, 0xd5, 0xdc, 0xfb, 0x81, 0x40, 0xf7, 0xff, 0xed, 0xde,
  0x1d, 0xfe, 0x71, 0xcf, 0x2d, 0xef, 0x44, 0x0f, 0xc6, 0x30, 0xd4, 0x36,
  0x0d, 0x05, 0xfd, 0x09, 0x00, 0xea, 0xf7, 0xcc, 0xc6, 0xbd, 0xda, 0xfc,
  0xf0, 0x2b, 0x6c, 0x1b, 0xf2, 0x08, 0x06, 0x0e, 0xe5, 0x20, 0x0a, 0x40,
  0x1c, 0x00, 0x40, 0xff, 0xb1, 0x01, 0xc9, 0x00, 0xfd, 0x1f, 0x02, 0x29,
  0x08, 0xf5, 0xcb, 0xfb, 0xed, 0x1e, 0x00, 0xf5, 0x18, 0x0f, 0xec, 0x10,
  0xbc, 0x00, 0xba, 0x3b, 0x1f, 0x00, 0x24, 0x34, 0xe6, 0x16, 0x20, 0xf2,
  0x09, 0x19, 0x35, 0x42, 0x0c, 0x16, 0xff, 0x9c, 0x00, 0x02, 0x81, 0xe5,
  0xb4, 0x1d, 0xb5, 0xfd, 0x00, 0x4b, 0xe1, 0xf0, 0x1f, 0x04, 0xd8, 0x11,
  0xf1, 0x7f, 0x55, 0xfb, 0x1c, 0x02, 0xd8, 0x00, 0x15, 0x1a, 0x11, 0xe6,
  0x00, 0x1e, 0xff, 0x23, 0xd2, 0xc9, 0x34, 0xbd, 0xe0, 0x01, 0x03, 0xa4,
  0xb8, 0xfb, 0xa4, 0x3f, 0xdd, 0x00, 0xd3, 0x05, 0x2f, 0xff, 0x41, 0xde,
  0x5f, 0xe8, 0x46, 0x04, 0xb1, 0x76, 0x14, 0x03, 0x10, 0x44, 0xfa, 0xf8,
  0x01, 0xf9, 0xe0, 0x02, 0x03, 0xe4, 0xd2, 0xfc, 0xff, 0x0e, 0x3f, 0x41,
  0xfc, 0x01, 0xf1, 0x0f, 0xde, 0x60, 0x02, 0xf9, 0xf0, 0x00, 0x10, 0xfa,
  0x2f, 0x4f, 0xc3, 0xca, 0x01, 0x2e, 0x02, 0x60, 0xf2, 0x95, 0x20, 0xaf,
  0xcf, 0x29, 0x02, 0xbf, 0xc1, 0x5a, 0xb2, 0x31, 0xe4, 0x00, 0xcc, 0x06,
  0x40, 0x00, 0x7f, 0x01, 0xea, 0xe6, 0xd7, 0x05, 0xd4, 0xf9, 0x1f, 0x2e,
  0xe4, 0x75, 0xfc, 0xcc, 0x00, 0xf3, 0xbb, 0xf5, 0xec, 0x56, 0xc4, 0x01,
  0xff, 0x27, 0x73, 0xd2, 0xd6, 0x00, 0x93, 0xf7, 0x28, 0x1f, 0x13, 0xf6,
  0xed, 0x01, 0xe1, 0x06, 0x1d, 0x23, 0x07, 0x33, 0xfe, 0xe0, 0x05, 0x1f,
  0xdb, 0xfb, 0x4c, 0xe8, 0x03, 0x43, 0xfe, 0xe9, 0xdb, 0xfb, 0x52, 0xf9,
  0x23, 0x00, 0x1e, 0xe0, 0x07, 0x00, 0xfa, 0xa6, 0x42, 0xf1, 0xfd, 0xfc,
  0x7f, 0x25, 0xb7, 0xf7, 0xe9, 0xdc, 0x02, 0x3a, 0x00, 0xf1, 0x56, 0x1d,
  0x08, 0x0e, 0x0e, 0xfc, 0x02, 0xff, 0x29, 0xf8, 0xc7, 0x01, 0x9a, 0x14,
  0x7f, 0x16, 0xcb, 0xe6, 0x87, 0x00, 0xf8, 0x01, 0x23, 0xdf, 0xe2, 0xf6,
  0xff, 0xa1, 0xfe, 0x46, 0x3d, 0x22, 0x08, 0x17, 0xfd, 0x27, 0xff, 0x13,
  0x0a, 0x3a, 0xf0, 0x10, 0x46, 0xfc, 0x07, 0x70, 0x03, 0xfa, 0xc3, 0xdc,
  0x7d, 0x01, 0x96, 0xdf, 0x46, 0x68, 0xb9, 0xb4, 0x16, 0xef, 0x01, 0x49,
  0xf4, 0x0c, 0x69, 0x40, 0x24, 0xdc, 0x44, 0x01, 0x07, 0x1d, 0x0f, 0x11,
  0x19, 0xf2, 0x3f, 0xfe, 0x65, 0xec, 0x1e, 0xf2, 0xe6, 0x02, 0xfe, 0x0f,
  0x75, 0x07, 0x42, 0x1c, 0x04, 0xac, 0xfa, 0xf1, 0x46, 0x20, 0x37, 0x17,
  0x22, 0xfb, 0xfe, 0x1e, 0xf6, 0x45, 0x3d, 0x19, 0x48, 0xfb, 0x7f, 0x05,
  0xe2, 0xff, 0xe6, 0xec, 0xf9, 0x02, 0xa2, 0x00, 0xf8, 0x08, 0xce, 0xe7,
  0xf7, 0x4d, 0xf8, 0x66, 0xfe, 0xff, 0x5f, 0x31, 0x31, 0x02, 0x7d, 0xf9,
  0x13, 0xe2, 0x1c, 0x06, 0x2c, 0x03, 0xe9, 0x0a, 0xe1, 0x37, 0x1d, 0xc5,
  0xc8, 0x01, 0x18, 0x00, 0xdc, 0x0b, 0xa2, 0xc0, 0x01, 0x11, 0xff, 0x31,
  0xce, 0x81, 0x15, 0x99, 0xb9, 0x03, 0x01, 0xcb, 0xec, 0x38, 0xa1, 0x67,
  0xe4, 0x00, 0x9b, 0x20, 0x1d, 0xff, 0x3a, 0xe1, 0xdd, 0xf7, 0x06, 0xf5,
  0xaf, 0x14, 0x06, 0x20, 0xf7, 0x39, 0xff, 0xe0, 0x01, 0xff, 0xdf, 0x18,
  0xa3, 0xe6, 0xac, 0xff, 0x02, 0x43, 0x49, 0xc4, 0xf3, 0x04, 0x02, 0x19,
  0xcf, 0x03, 0x07, 0x08, 0x04, 0x01, 0x42, 0xff, 0xc9, 0x0d, 0xcc, 0xff,
  0x01, 0xf9, 0xfc, 0x20, 0xfd, 0x31, 0xfb, 0x1b, 0xd0, 0x02, 0x02, 0x06,
  0x3f, 0xf6, 0xf1, 0x1b, 0xe2, 0xff, 0xbd, 0x1c, 0x30, 0xfd, 0x1b, 0x37,
  0xc2, 0x2b, 0x17, 0xda, 0xeb, 0x0a, 0x2e, 0x25, 0x07, 0xf8, 0xfc, 0x8c,
  0xfb, 0x06, 0x81, 0xef, 0xb9, 0x20, 0xbd, 0xff, 0xfe, 0x17, 0xf7, 0xee,
  0x7f, 0x05, 0xd7, 0x0b, 0xe1, 0x0c, 0xeb, 0xf9, 0x3a, 0xfd, 0xe1, 0xf3,
  0x34, 0x42, 0xd2, 0xe1, 0x00, 0x39, 0xf8, 0x13, 0xfe, 0x91, 0x04, 0x93,
  0x2b, 0xf8, 0x07, 0xa8, 0xa6, 0x3a, 0x88, 0x34, 0xf9, 0x01, 0xf2, 0xd7,
  0x07, 0x01, 0x6c, 0x16, 0xd1, 0x04, 0x0d, 0x06, 0xb2, 0x15, 0x52, 0x6b,
  0xf7, 0x1d, 0x00, 0xeb, 0x01, 0x01, 0xce, 0x4a, 0xce, 0xbe, 0xe4, 0x05,
  0x03, 0x46, 0x63, 0xf0, 0x04, 0x02, 0xe8, 0xfb, 0xf1, 0x7f, 0x67, 0xf0,
  0x1f, 0xff, 0xcd, 0x06, 0xf8, 0x2c, 0x4c, 0x20, 0x03, 0x14, 0x02, 0xe6,
  0xad, 0xae, 0x4f, 0xa7, 0x1d, 0xed, 0xff, 0xca, 0xc6, 0xc5, 0x3b, 0xe1,
  0xe8, 0x00, 0x07, 0xd4, 0xfc, 0x01, 0x1c, 0xa6, 0x2b, 0xf9, 0x6e, 0x2a,
  0x5d, 0x49, 0xc6, 0x09, 0xe9, 0xa9, 0x02, 0x27, 0xff, 0x06, 0x36, 0xde,
  0xed, 0xd5, 0xde, 0x00, 0x00, 0xf8, 0xfd, 0x0f, 0x07, 0x04, 0x46, 0x20,
  0xde, 0xfd, 0x1e, 0x10, 0x0f, 0x01, 0x25, 0xfc, 0x16, 0x26, 0xec, 0xbf,
  0x05, 0x2e, 0xf3, 0x10, 0xea, 0xb2, 0x17, 0xc2, 0xf2, 0xd8, 0x05, 0xb1,
  0xe5, 0x24, 0x81, 0x42, 0xef, 0x00, 0xd3, 0xed, 0x32, 0x00, 0x55, 0x2c,
  0xc9, 0xf4, 0xf0, 0x0d, 0xa0, 0xbf, 0x6c, 0x3f, 0xe4, 0x45, 0xfd, 0xd4,
  0x01, 0x03, 0xd4, 0x00, 0xcc, 0x10, 0xe0, 0x00, 0x05, 0x29, 0x77, 0xdc,
  0x1a, 0x02, 0x00, 0x18, 0xe8, 0x58, 0x4b, 0xeb, 0xfc, 0xff, 0xe6, 0xf7,
  0x24, 0x1f, 0x21, 0xbf, 0x02, 0x30, 0xfe, 0x00, 0xb3, 0xaa, 0x19, 0xa8,
  0xeb, 0xf2, 0x02, 0xb4, 0xd3, 0xfc, 0x92, 0xfd, 0xf6, 0x00, 0xe1, 0x1e,
  0x21, 0x00, 0x7f, 0xd5, 0x15, 0xfd, 0x42, 0x1b, 0xec, 0x43, 0xfd, 0x57,
  0xf2, 0xe9, 0xff, 0xf0, 0x00, 0x07, 0xf1, 0xe6, 0xc2, 0xd8, 0xce, 0x03,
  0x00, 0x12, 0x36, 0x21, 0x00, 0x00, 0x00, 0x00, 0x00, 0x00, 0x00, 0x00,
  0x00, 0x00, 0x00, 0x00, 0x00, 0x00, 0x00, 0x00, 0x00, 0x00, 0x00, 0x00,
  0x00, 0x00, 0x00, 0x00, 0x00, 0x00, 0x00, 0x00, 0x00, 0x00, 0x00, 0x00,
  0x00, 0x00, 0x00, 0x00, 0x00, 0x00, 0x00, 0x00, 0x00, 0x00, 0x00, 0x00,
  0x00, 0x00, 0x00, 0x00, 0x00, 0x00, 0x00, 0x00, 0x00, 0x00, 0x00, 0x00,
  0x00, 0x00, 0x00, 0x00, 0x00, 0x00, 0x00, 0x00, 0xd0, 0x01, 0xfe, 0x04,
  0xdb, 0x7d, 0x60, 0xe6, 0xec, 0xff, 0xd2, 0xf8, 0x0b, 0x04, 0x21, 0xe8,
  0x01, 0xfc, 0x00, 0x0a, 0xcd, 0xbd, 0x21, 0xb7, 0xc4, 0xfd, 0x01, 0xcd,
  0xca, 0xd3, 0x91, 0x26, 0xd7, 0x00, 0xe6, 0x12, 0x14, 0x00, 0x6a, 0xda,
  0x0f, 0xe7, 0x26, 0x0c, 0xed, 0x2f, 0x06, 0xdd, 0xda, 0x12, 0xff, 0x04,
  0x00, 0x05, 0xf0, 0xdb, 0xed, 0xec, 0xda, 0x01, 0xff, 0xc8, 0x7f, 0xfb,
  0x37, 0x00, 0x7f, 0x00, 0x06, 0x90, 0x10, 0x1b, 0x11, 0x01, 0xf2, 0x03,
  0x25, 0x0e, 0x31, 0xfb, 0xff, 0x10, 0xff, 0xc3, 0x52, 0x18, 0xfc, 0x0e,
  0xf5, 0xc1, 0x00, 0xee, 0xea, 0x2d, 0x02, 0xf7, 0x5d, 0x00, 0x4c, 0xc1,
  0x00, 0x00, 0x06, 0x3d, 0x89, 0xe9, 0xb6, 0xf7, 0xc0, 0xc4, 0x24, 0xe1,
  0xe7, 0x2e, 0xfd, 0xf2, 0x01, 0xf9, 0xed, 0x0f, 0x2e, 0x30, 0x7a, 0xff,
  0xfe, 0xba, 0x1d, 0xe5, 0x40, 0x04, 0xef, 0x01, 0xf0, 0x45, 0x02, 0xe4,
  0xd9, 0x01, 0xe9, 0xfb, 0xf1, 0x2c, 0xb7, 0xbf, 0x04, 0x37, 0x00, 0x03,
  0xf0, 0xb1, 0x14, 0xa5, 0xf4, 0xf3, 0x01, 0xe7, 0xb6, 0x41, 0x81, 0x28,
  0xf6, 0x00, 0x9e, 0xf3, 0x1d, 0x00, 0x22, 0xfc, 0x0d, 0xf0, 0x01, 0x1a,
  0xd2, 0x19, 0x0e, 0x62, 0x0e, 0x52, 0xfa, 0xfe, 0x01, 0xfe, 0xe9, 0x2c,
  0xa1, 0xf5, 0xa9, 0xff, 0xf6, 0x4f, 0x30, 0xf7, 0xe7, 0x03, 0x09, 0xfe,
  0xfe, 0x7f, 0x6c, 0xe0, 0xfa, 0xff, 0xdf, 0x05, 0x08, 0xfa, 0x37, 0x25,
  0x03, 0xf5, 0x03, 0xf2, 0xd4, 0xe7, 0x3f, 0xe1, 0xfa, 0xec, 0xff, 0xfb,
  0xcf, 0xea, 0xeb, 0xd9, 0x1c, 0x00, 0x38, 0xe7, 0x06, 0x01, 0x2f, 0xc9,
  0x3b, 0x02, 0x39, 0x0b, 0x01, 0x3b, 0xdd, 0xed, 0xff, 0xaa, 0x03, 0xfe,
  0xfe, 0x02, 0xf0, 0xd4, 0x18, 0xcc, 0xfd, 0x00, 0xff, 0xc7, 0x27, 0x1b,
  0xaa, 0xfe, 0xf4, 0x06, 0x06, 0xc7, 0xd5, 0x04, 0xee, 0x02, 0x32, 0x09,
  0xc4, 0xa2, 0xe4, 0x39, 0x05, 0xfd, 0xfd, 0xff, 0x0d, 0x7f, 0xbc, 0x7e,
  0x02, 0xf6, 0xff, 0x74, 0x77, 0xe7, 0x2c, 0xf2, 0xe0, 0x00, 0xd5, 0x1d,
  0xf5, 0xff, 0xac, 0x5d, 0xd7, 0x29, 0xe2, 0xdd, 0xef, 0xb8, 0x2b, 0xdf,
  0x49, 0x07, 0x03, 0xc3, 0xff, 0x1a, 0xc7, 0x0d, 0xf6, 0xf1, 0xdf, 0xfb,
  0x08, 0xe4, 0x85, 0x0a, 0xc6, 0xfb, 0xd0, 0xf7, 0x08, 0x06, 0xc2, 0x14,
  0x06, 0x03, 0x61, 0x0b, 0xda, 0xdd, 0xb8, 0xfb, 0xff, 0xf6, 0x02, 0x2e,
  0xda, 0x4a, 0xc7, 0x45, 0xf2, 0x1a, 0xfe, 0x24, 0x7f, 0x1d, 0xe5, 0xdc,
  0xd8, 0xff, 0xe6, 0x3a, 0x07, 0xfe, 0xcd, 0x1d, 0x07, 0x18, 0xd6, 0xfe,
  0xe7, 0xfb, 0xe2, 0xfd, 0x29, 0xf6, 0x00, 0xef, 0xff, 0x00, 0x01, 0x00,
  0xfd, 0x08, 0xcb, 0xfb, 0x04, 0x20, 0xad, 0x08, 0x1e, 0xfc, 0x6c, 0xf9,
  0x09, 0x81, 0x1e, 0x10, 0xfc, 0x03, 0xc6, 0x0c, 0x43, 0x0c, 0x4d, 0x19,
  0xfc, 0x01, 0xf7, 0xb2, 0x45, 0x16, 0x01, 0x15, 0x26, 0x9e, 0x01, 0xf5,
  0xdc, 0x1a, 0x11, 0x02, 0x4b, 0xff, 0x66, 0x84, 0xea, 0xfe, 0x0d, 0x2c,
  0x8d, 0xd7, 0xa4, 0xfa, 0xbb, 0xa1, 0x4c, 0xce, 0xe7, 0x17, 0xf2, 0xfb,
  0x01, 0xf2, 0xf9, 0x29, 0x4a, 0x1c, 0x69, 0xfc, 0x04, 0x8c, 0x11, 0xe4,
  0xf1, 0x05, 0xfd, 0x02, 0xff, 0x4d, 0x30, 0xe4, 0x0c, 0xfd, 0x25, 0x05,
  0xc9, 0xf8, 0x23, 0x11, 0xfe, 0x0f, 0xf6, 0x05, 0xac, 0x52, 0xed, 0x30,
  0x27, 0xfe, 0x05, 0x5b, 0x2b, 0xc2, 0xf8, 0xc9, 0x02, 0x01, 0xe5, 0xf1,
  0xe4, 0x00, 0xde, 0xcb, 0x04, 0x03, 0xf4, 0x09, 0xe9, 0x24, 0x00, 0xc9,
  0x45, 0xcc, 0x08, 0xd3, 0x01, 0x19, 0xc7, 0x81, 0x03, 0xf2, 0x05, 0x03,
  0x0e, 0xf4, 0xaa, 0x11, 0x41, 0x03, 0xcf, 0x00, 0xef, 0xe6, 0xef, 0xe4,
  0xe9, 0x00, 0xdb, 0xf4, 0x03, 0x26, 0x8a, 0xa5, 0x09, 0x00, 0x06, 0x1f,
  0xe8, 0x8b, 0x2d, 0x9c, 0xb7, 0x1e, 0xff, 0xe6, 0xa0, 0x4f, 0xa0, 0x6e,
  0xf7, 0x00, 0x84, 0x05, 0x36, 0x00, 0x52, 0xca, 0x1e, 0xfb, 0xf6, 0x0c,
  0xbf, 0x45, 0x13, 0x7f, 0x1b, 0x67, 0x01, 0xf8, 0x00, 0xff, 0xf6, 0x27,
  0xc8, 0xe1, 0xa2, 0x01, 0xf4, 0x3b, 0x65, 0xd0, 0xe8, 0x00, 0xc6, 0x0a,
  0x25, 0xed, 0xcf, 0xfe, 0xcb, 0x01, 0x23, 0x07, 0x05, 0x08, 0xd9, 0x0a,
  0xfe, 0xac, 0x05, 0x39, 0x29, 0x0e, 0x13, 0x13, 0xd7, 0x3a, 0xff, 0xff,
  0x2d, 0x1a, 0x30, 0x2e, 0x05, 0x00, 0x05, 0x42, 0x09, 0xff, 0xc8, 0x00,
  0xe6, 0x00, 0xc7, 0xce, 0x7f, 0x10, 0xea, 0xe8, 0xf0, 0x1a, 0x00, 0xf0,
  0x00, 0xf8, 0xec, 0x51, 0x1a, 0x31, 0x1a, 0xf9, 0x04, 0x0c, 0xf2, 0xc3,
  0xdc, 0xfe, 0xd6, 0xf5, 0x1b, 0xdd, 0xb4, 0xff, 0x09, 0x03, 0x42, 0x0d,
  0xf0, 0xca, 0xb5, 0x12, 0xfb, 0xf9, 0x07, 0x1e, 0xe5, 0x44, 0xe6, 0x42,
  0xe1, 0x3d, 0xfb, 0x4a, 0x7f, 0x1b, 0xeb, 0xe0, 0xe0, 0xfe, 0xd8, 0x6d,
  0xed, 0xfe, 0xa9, 0x1a, 0x25, 0x22, 0xd1, 0xf3, 0x1a, 0x0d, 0xec, 0xd4,
  0x37, 0xda, 0x06, 0xfa, 0xff, 0x02, 0xfa, 0x12, 0xe5, 0xf6, 0xd6, 0xfa,
  0x01, 0x25, 0x9b, 0x17, 0x09, 0x03, 0x52, 0xfd, 0xfb, 0x8f, 0x3e, 0x00,
  0xf9, 0x01, 0xea, 0x02, 0x01, 0x0f, 0x5c, 0x22, 0xf9, 0xfc, 0x00, 0xf7,
  0x48, 0x0a, 0xed, 0xfd, 0x45, 0xc7, 0x01, 0xe4, 0xcf, 0x05, 0x20, 0x12,
  0x27, 0x00, 0x58, 0xb4, 0x11, 0xff, 0x31, 0x21, 0x81, 0xd6, 0x87, 0xef,
  0xb1, 0xa3, 0x40, 0xeb, 0xe6, 0x27, 0x00, 0xfb, 0x01, 0xf2, 0x12, 0x29,
  0x45, 0x02, 0x5a, 0xfc, 0x03, 0xcc, 0x41, 0xdc, 0x29, 0xfc, 0x25, 0xe2,
  0x08, 0x07, 0x66, 0xdd, 0x43, 0x00, 0xc8, 0x02, 0x1a, 0x03, 0x7f, 0x2b,
  0xff, 0x33, 0x02, 0xc6, 0x2d, 0xff, 0x3d, 0xd7, 0x39, 0xad, 0xfe, 0xf4,
  0xa3, 0xfb, 0x24, 0x03, 0x2c, 0x00, 0x66, 0x9f, 0xf8, 0x00, 0x5a, 0xc5,
  0x3c, 0xd5, 0x14, 0x28, 0x17, 0x05, 0x09, 0xe4, 0xfb, 0xf5, 0x05, 0x5a,
  0x00, 0xfb, 0x52, 0xad, 0x43, 0xb6, 0x52, 0x03, 0xfe, 0xb9, 0x41, 0x3e,
  0x34, 0x00, 0xde, 0x06, 0xdc, 0x1e, 0xe7, 0x2e, 0xf5, 0x01, 0x03, 0x02,
  0x04, 0x23, 0xcb, 0x0e, 0x00, 0x40, 0x00, 0x1b, 0xe2, 0xc5, 0xe8, 0xd5,
  0x10, 0x30, 0x00, 0xdb, 0xda, 0x0c, 0xdd, 0x27, 0xca, 0x00, 0x92, 0xee,
  0x12, 0x00, 0x27, 0xfb, 0xdd, 0x02, 0x1a, 0x0b, 0xec, 0xe6, 0x11, 0x66,
  0xfe, 0xf5, 0x00, 0xe9, 0x00, 0xf9, 0xd5, 0x24, 0xaa, 0x09, 0x81, 0xff,
  0xfe, 0x66, 0xf0, 0xf2, 0xec, 0x03, 0xa4, 0x12, 0x2b, 0xed, 0xe7, 0xdf,
  0x81, 0xfe, 0xe7, 0xf9, 0x12, 0xfc, 0xb7, 0xb9, 0x00, 0xda, 0xfc, 0x30,
  0x0b, 0xc8, 0xf7, 0xec, 0xdd, 0x20, 0x03, 0xf0, 0x01, 0x0b, 0xbb, 0x66,
  0xf6, 0x01, 0xf4, 0x19, 0x1e, 0x01, 0x33, 0xd6, 0x27, 0xdc, 0xd8, 0xf1,
  0x1d, 0x01, 0x24, 0x03, 0x0d, 0x08, 0x02, 0x13, 0x01, 0x09, 0x2b, 0x42,
  0xf0, 0xbf, 0x0a, 0x03, 0x03, 0x1b, 0x4c, 0xbd, 0x33, 0xff, 0xcc, 0xee,
  0x27, 0x1e, 0x00, 0xe1, 0xf0, 0x02, 0xcf, 0x03, 0x0d, 0x02, 0x01, 0x09,
  0xfe, 0x14, 0x04, 0xf5, 0xf7, 0xe7, 0x05, 0xf5, 0x1b, 0x21, 0xfe, 0x03,
  0xcf, 0x02, 0x0b, 0xf6, 0x0e, 0x00, 0x0d, 0x03, 0xf9, 0x00, 0xe8, 0xac,
  0x7f, 0xd4, 0x00, 0x18, 0x24, 0x28, 0xce, 0xf3, 0x08, 0xe4, 0xff, 0x4a,
  0x02, 0xf5, 0x40, 0x02, 0x05, 0xde, 0x06, 0xfd, 0xfb, 0x02, 0x00, 0x25,
  0x06, 0xf7, 0x47, 0xfb, 0xf2, 0x15, 0x31, 0xf7, 0x36, 0x01, 0xee, 0x06,
  0x1f, 0xf2, 0x36, 0x2d, 0x01, 0x29, 0xfd, 0xdc, 0x1f, 0x1d, 0x09, 0x10,
  0xff, 0xcf, 0x01, 0x01, 0xe2, 0xeb, 0x05, 0x04, 0x1b, 0xff, 0x4c, 0xc9,
  0xf5, 0xff, 0x52, 0x35, 0x43, 0xf0, 0x31, 0x0b, 0x81, 0xe9, 0x25, 0xe0,
  0xf9, 0x2b, 0xf8, 0x3c, 0x00, 0xef, 0x34, 0xf7, 0x48, 0x21, 0x3b, 0xff,
  0xfe, 0xb9, 0x5b, 0x10, 0xe2, 0xfe, 0x8d, 0xf3, 0x36, 0xd0, 0xaa, 0xe2,
  0xdc, 0x02, 0x2e, 0x0b, 0xf2, 0xdd, 0xb7, 0x0d, 0xfe, 0xeb, 0x07, 0x20,
  0x04, 0x43, 0xf6, 0x37, 0x03, 0x67, 0xfe, 0x32, 0x63, 0x24, 0x0d, 0x2d,
  0x09, 0x00, 0xd3, 0x7f, 0x05, 0xff, 0xd1, 0xd6, 0x35, 0x06, 0xbe, 0xe3,
  0x4f, 0x4c, 0xcc, 0xca, 0x1f, 0x2d, 0x02, 0x08, 0xff, 0xf5, 0x15, 0x28,
  0xe5, 0xdc, 0xec, 0xfa, 0x02, 0x39, 0xd4, 0xf6, 0x50, 0x02, 0xbc, 0x08,
  0x0d, 0xcb, 0xcf, 0xc6, 0xd7, 0x00, 0xd2, 0xf6, 0x00, 0x0b, 0x81, 0xaa,
  0x0b, 0x04, 0x03, 0x20, 0x2f, 0xb0, 0x31, 0xc0, 0xbe, 0x29, 0xfe, 0xd4,
  0xd6, 0x78, 0xb9, 0x3c, 0x0a, 0x01, 0xd9, 0x15, 0xfd, 0x01, 0x1b, 0xd0,
  0x38, 0xf6, 0xee, 0xf7, 0x10, 0x22, 0x13, 0x2e, 0x01, 0x51, 0x02, 0x1b,
  0xff, 0x00, 0x08, 0x4d, 0xda, 0xe1, 0xe7, 0x01, 0xf4, 0x48, 0x2c, 0xb0,
  0x25, 0x00, 0x08, 0xf5, 0xfe, 0x41, 0x53, 0xec, 0x1e, 0x00, 0xcc, 0x01,
  0x0b, 0xed, 0x44, 0x16, 0xfe, 0x37, 0x00, 0xe0, 0xcf, 0xd5, 0x29, 0xcf,
  0x16, 0xe4, 0x00, 0x09, 0xd7, 0xd9, 0x2e, 0xd2, 0x12, 0x00, 0x39, 0xc2,
  0x06, 0x00, 0x12, 0xbd, 0x7f, 0xef, 0x4b, 0x31, 0x11, 0x0f, 0xe3, 0xd3,
  0x05, 0xad, 0x00, 0x56, 0x00, 0xfe, 0x51, 0xd0, 0xfc, 0xcf, 0x19, 0x01,
  0xfe, 0xba, 0x0d, 0x39, 0xe0, 0xff, 0xb7, 0x06, 0x35, 0x6c, 0x27, 0xe5,
  0x8d, 0x00, 0xf4, 0x00, 0x05, 0xd6, 0x14, 0xdd, 0x00, 0xe8, 0x02, 0x19,
  0xf9, 0xe4, 0x1e, 0xf6, 0xee, 0x0d, 0xff, 0xf4, 0x01, 0x1f, 0xea, 0xfd,
  0x0f, 0x00, 0x3f, 0x32, 0x08, 0x00, 0xf8, 0xa7, 0x23, 0xde, 0xfc, 0xf6,
  0x10, 0x7f, 0xb3, 0xd5, 0x00, 0xda, 0x02, 0x13, 0xff, 0xfe, 0x33, 0x2a,
  0x23, 0xe0, 0x13, 0xff, 0x03, 0xee, 0xf4, 0xf8, 0xb3, 0x01, 0xeb, 0xeb,
  0xc8, 0x0e, 0xe3, 0xf5, 0xe0, 0x01, 0x13, 0xff, 0x81, 0xd6, 0xfb, 0x37,
  0x00, 0x0d, 0x06, 0xde, 0xdb, 0x3a, 0xb5, 0x3f, 0x1b, 0xf0, 0xfe, 0x25,
  0x49, 0xbb, 0x1b, 0xeb, 0xcc, 0x04, 0xc1, 0x12, 0xf8, 0x01, 0xcb, 0x00,
  0xe1, 0xf7, 0x08, 0x06, 0x2d, 0xf1, 0x08, 0xc3, 0x31, 0xe0, 0x06, 0xc0,
  0x01, 0x08, 0xb3, 0xaf, 0xf2, 0xe5, 0x99, 0x02, 0xf9, 0xcb, 0x92, 0xfb,
  0x37, 0x05, 0x1c, 0x10, 0xcf, 0x44, 0xe9, 0x1f, 0x0d, 0x00, 0x21, 0x00,
  0xfe, 0x48, 0x9b, 0xf9, 0x00, 0x10, 0x04, 0xfd, 0xb8, 0xce, 0xb5, 0xd6,
  0xea, 0xf7, 0x00, 0xeb, 0x11, 0x0e, 0xde, 0xf6, 0xa5, 0x00, 0x89, 0x1a,
  0x08, 0x00, 0x1d, 0x06, 0x92, 0x2f, 0x0f, 0xe5, 0x08, 0xde, 0x03, 0x7f,
  0xef, 0x3b, 0x03, 0xa5, 0x00, 0xff, 0x83, 0xf7, 0x83, 0x3c, 0x81, 0xfa,
  0x04, 0x58, 0xd9, 0xb4, 0xe3, 0x00, 0x9e, 0xff, 0x25, 0xba, 0xa0, 0x08,
  0xcb, 0x00, 0x0f, 0x06, 0x1c, 0x0d, 0xa4, 0x16, 0xff, 0xc9, 0x04, 0x20,
  0xe9, 0x18, 0x0b, 0x0f, 0xf0, 0x41, 0xff, 0x12, 0x12, 0xf2, 0x35, 0x08,
  0xf4, 0xff, 0xf1, 0x2b, 0xfe, 0xff, 0xb2, 0xee, 0x05, 0x05, 0xa2, 0xe3,
  0x7f, 0x04, 0xc9, 0xed, 0x03, 0x30, 0x02, 0x0c, 0xff, 0xf6, 0x28, 0x2c,
  0xe9, 0x2d, 0xfc, 0xfd, 0x02, 0x4a, 0xdf, 0xcb, 0x2f, 0xf6, 0x61, 0xf5,
  0x0a, 0xb4, 0xf2, 0xf1, 0x00, 0x02, 0xdc, 0x08, 0x26, 0xf1, 0x29, 0x0c,
  0xff, 0xee, 0xfb, 0xc7, 0x2a, 0x22, 0xe0, 0x19, 0x10, 0xbb, 0xff, 0xf7,
  0x07, 0x04, 0xef, 0xe6, 0x2f, 0xff, 0x48, 0xc7, 0xe1, 0xff, 0xfb, 0x2c,
  0xa1, 0xe9, 0xc6, 0xf9, 0x81, 0xb8, 0x15, 0xd9, 0xe9, 0x3c, 0xfb, 0xff,
  0x02, 0xfa, 0xf5, 0xfc, 0x32, 0x0e, 0x3b, 0xfe, 0x04, 0xa6, 0xea, 0xeb,
  0xe7, 0xfe, 0xfd, 0x11, 0x0e, 0x06, 0xd2, 0x13, 0x02, 0x01, 0x42, 0x07,
  0xe7, 0xd9, 0xcc, 0xc5, 0x00, 0xe1, 0x00, 0x2d, 0xec, 0x3d, 0xdd, 0x4e,
  0xd5, 0xff, 0xff, 0x56, 0x7f, 0x0d, 0xd7, 0x1e, 0xbb, 0x00, 0xf7, 0x37,
  0x0a, 0x00, 0xab, 0x12, 0x16, 0x1b, 0xfb, 0x0b, 0xfc, 0xe3, 0x06, 0xf1,
  0x2d, 0x08, 0x03, 0xf2, 0xff, 0x0a, 0x11, 0x0f, 0xe2, 0x0c, 0xd3, 0xfd,
  0x02, 0x06, 0x91, 0x01, 0x0b, 0x02, 0x16, 0x05, 0xe5, 0x6c, 0x44, 0x08,
  0x48, 0xfe, 0xff, 0x02, 0xce, 0x1c, 0x54, 0x5a, 0x00, 0x0d, 0xf6, 0xd8,
  0xaa, 0xfd, 0x40, 0xe5, 0x3c, 0xfc, 0x05, 0x14, 0xf2, 0xa6, 0x3f, 0xb4,
  0xf0, 0x00, 0x39, 0x00, 0x0a, 0x01, 0x1a, 0xe9, 0x40, 0x21, 0x45, 0x16,
  0x7f, 0x16, 0xd7, 0xf0, 0x07, 0x89, 0x02, 0x14, 0x00, 0x06, 0x15, 0xb0,
  0x0d, 0xeb, 0xfe, 0x03, 0x08, 0xde, 0xfe, 0x2c, 0x34, 0x00, 0x2d, 0xf2,
  0xeb, 0xe0, 0xf8, 0xba, 0x01, 0x00, 0xfe, 0x01, 0x0d, 0x0e, 0x4b, 0x05,
  0x00, 0xf5, 0x00, 0xb1, 0x21, 0xed, 0x11, 0xe1, 0x2b, 0xad, 0xff, 0xda,
  0xd2, 0xfc, 0xbb, 0xe2, 0x1d, 0x00, 0x32, 0xc7, 0xf2, 0x00, 0x08, 0xcd,
  0xdd, 0xde, 0xe9, 0xf5, 0x88, 0xde, 0xd2, 0xf6, 0xda, 0x2f, 0x02, 0x00,
  0x00, 0xfd, 0xf1, 0xd8, 0x11, 0xe7, 0x27, 0x00, 0x01, 0x81, 0x1d, 0xe9,
  0xe6, 0x01, 0x22, 0xff, 0x01, 0x7f, 0x55, 0x09, 0xd5, 0x00, 0xdd, 0x02,
  0xf6, 0xf6, 0x34, 0x0a, 0xfe, 0xfb, 0x00, 0xe8, 0xfc, 0xed, 0x2e, 0xeb,
  0xf6, 0xd2, 0x00, 0xed, 0xdb, 0xf7, 0xe2, 0xec, 0xf7, 0x00, 0x05, 0xed,
  0x11, 0x00, 0x02, 0xbc, 0x2c, 0xf9, 0x2d, 0x09, 0x24, 0x60, 0xe9, 0xf8,
  0xfd, 0xe4, 0xff, 0xf6, 0x00, 0x02, 0xef, 0xee, 0x0e, 0xeb, 0xfc, 0xfe,
  0xff, 0xd1, 0xfa, 0x1f, 0x18, 0x00, 0xfd, 0x02, 0xfc, 0x50, 0x08, 0x01,
  0x28, 0x00, 0xfd, 0x00, 0x04, 0x38, 0xda, 0xd7, 0xff, 0x1b, 0x00, 0x2a,
  0xf3, 0xdc, 0x16, 0xd1, 0xe0, 0x21, 0x00, 0xdd, 0xd9, 0x38, 0xae, 0x15,
  0xfa, 0x00, 0xe6, 0x28, 0x00, 0x00, 0x14, 0xff, 0xdd, 0xf6, 0xf7, 0xfd,
  0x02, 0xf5, 0x13, 0x1c, 0xfe, 0x7f, 0x01, 0xfb, 0x00, 0xfe, 0xf7, 0x1b,
  0xe1, 0x15, 0xe0, 0x00, 0x01, 0x30, 0x24, 0xdc, 0xdf, 0xff, 0x14, 0xfd,
  0xf0, 0x7f, 0x48, 0xe4, 0xf1, 0x00, 0xf2, 0x03, 0x13, 0x00, 0x58, 0xf3,
  0x03, 0xf2, 0x01, 0xf0, 0xc7, 0x0b, 0x22, 0x0d, 0x0f, 0xe8, 0xff, 0x24,
  0xfb, 0xe8, 0xc0, 0xdb, 0xe0, 0x00, 0x00, 0xf6, 0x05, 0x00, 0xfa, 0xde,
  0x3b, 0x0d, 0x3b, 0x0d, 0x55, 0x42, 0xe3, 0x02, 0x15, 0xc8, 0xff, 0xf3,
  0xff, 0x02, 0xf8, 0xd4, 0xeb, 0xe6, 0xfd, 0x00, 0xfe, 0xd2, 0xfe, 0x47,
  0x3c, 0xff, 0xd7, 0x05, 0xa3, 0x29, 0xcb, 0x21, 0x19, 0x02, 0x3b, 0x00,
  0xd6, 0x42, 0xa2, 0x0d, 0x07, 0x08, 0x02, 0xdf, 0xbd, 0xf8, 0xea, 0x07,
  0x06, 0x3f, 0x00, 0x21, 0x32, 0x9a, 0xfd, 0xeb, 0xbf, 0xff, 0x88, 0x24,
  0x19, 0x03, 0x2c, 0x1f, 0xd2, 0x4a, 0x6e, 0xd5, 0x06, 0xe9, 0x31, 0x7d,
  0x20, 0x06, 0xff, 0xaa, 0xfa, 0x01, 0x81, 0xdb, 0xb3, 0x41, 0x8d, 0xfa,
  0x00, 0x32, 0x0f, 0xee, 0xeb, 0x01, 0x9d, 0x09, 0x47, 0xd5, 0xa4, 0xf4,
  0xa5, 0xff, 0x06, 0xff, 0x40, 0x01, 0xa5, 0xc4, 0x00, 0xe4, 0xfc, 0x32,
  0x36, 0x16, 0xf0, 0x1a, 0xba, 0x4f, 0x01, 0x1c, 0x20, 0x41, 0xf3, 0x1b,
  0xf5, 0xff, 0xf0, 0x3f, 0xff, 0x01, 0xd4, 0xed, 0x46, 0xf0, 0x81, 0xea,
  0x0c, 0x14, 0xe8, 0x03, 0x01, 0x4e, 0x01, 0x25, 0xff, 0x08, 0x3f, 0x4b,
  0x09, 0x23, 0x0d, 0x01, 0x05, 0x66, 0x03, 0xd9, 0xb3, 0xff, 0xbe, 0x01,
  0x37, 0xe1, 0xb9, 0x1c, 0xf1, 0x04, 0x44, 0x0e, 0xe7, 0xd2, 0xd0, 0xe3,
  0xff, 0x8c, 0x0a, 0x2a, 0x0e, 0x62, 0x0c, 0x41, 0xdb, 0x1c, 0xfc, 0x2e,
  0x7f, 0x25, 0x16, 0xe6, 0xde, 0xff, 0xe7, 0x71, 0xfd, 0xfe, 0x9d, 0x3a,
  0x24, 0x41, 0xfd, 0xdb, 0x30, 0x16, 0xda, 0xe0, 0x28, 0xd4, 0x04, 0xf7,
  0xff, 0x01, 0x13, 0x3d, 0xf5, 0x3d, 0xe7, 0xf8, 0x03, 0x30, 0xba, 0xf6,
  0x7f, 0x02, 0x29, 0x05, 0xef, 0xc6, 0xf4, 0x1c, 0x12, 0x03, 0xf4, 0xfe,
  0x16, 0x27, 0xe9, 0xe8, 0x01, 0x0f, 0x07, 0xf9, 0x23, 0xbb, 0x16, 0xad,
  0x02, 0xec, 0xfe, 0xfb, 0xcc, 0x15, 0xba, 0x4d, 0x17, 0xff, 0xeb, 0xc8,
  0x11, 0xfe, 0x3d, 0x15, 0xdd, 0xec, 0xeb, 0x07, 0xba, 0xda, 0x40, 0x3b,
  0xfe, 0x2a, 0xff, 0xf9, 0x00, 0xf4, 0xe4, 0x0e, 0xee, 0xf8, 0xf2, 0xfc,
  0xfa, 0x25, 0x50, 0xe4, 0xda, 0x07, 0xcc, 0x02, 0xd6, 0xf9, 0xee, 0x34,
  0x2d, 0xff, 0x4b, 0xfd, 0x9b, 0x21, 0xbc, 0x17, 0x01, 0x21, 0x06, 0xf4,
  0xc7, 0x10, 0xc0, 0x17, 0x1f, 0x28, 0x01, 0x08, 0x31, 0xc3, 0x10, 0x0c,
  0xae, 0x00, 0x92, 0x2c, 0x04, 0x01, 0xff, 0x23, 0xcd, 0x38, 0x58, 0x0c,
  0x44, 0xd3, 0x26, 0x47, 0x24, 0xfd, 0x0a, 0xa9, 0x00, 0x04, 0x98, 0xf4,
  0x98, 0xe3, 0x81, 0x03, 0xfd, 0x5a, 0xb9, 0x1c, 0x0c, 0x00, 0xcd, 0xf8,
  0x3b, 0x4d, 0x28, 0xd8, 0x9f, 0x01, 0xc9, 0x02, 0x1f, 0xd5, 0x2d, 0x16,
  0x01, 0xff, 0x03, 0x1b, 0x1d, 0xf3, 0xfd, 0xe6, 0x2b, 0x26, 0x00, 0xef,
  0xda, 0xf6, 0x16, 0x16, 0x20, 0x00, 0x33, 0x06, 0x02, 0x00, 0xf0, 0x90,
  0x7f, 0xd6, 0xfa, 0x14, 0xed, 0x54, 0xc4, 0xd7, 0x14, 0xfa, 0x00, 0x3a,
  0x01, 0xfa, 0x4c, 0x16, 0x4d, 0xc9, 0x0a, 0xf9, 0x01, 0xee, 0xf6, 0x1e,
  0x0c, 0x05, 0x05, 0xee, 0xda, 0x26, 0x30, 0xde, 0x20, 0xfc, 0x23, 0xfd,
  0xa4, 0xdd, 0x65, 0x24, 0xf9, 0x20, 0xfa, 0xe9, 0xc5, 0x31, 0xf2, 0x31,
  0x4b, 0xfa, 0x04, 0x62, 0x17, 0x98, 0x22, 0xd4, 0x07, 0x04, 0x19, 0x0c,
  0xe5, 0x03, 0xc6, 0xd1, 0x15, 0xf5, 0x36, 0x16, 0xee, 0x1b, 0xf8, 0xd3,
  0x4c, 0xcb, 0x03, 0xfa, 0x04, 0x19, 0x05, 0x81, 0x08, 0xad, 0xf7, 0x09,
  0x01, 0xc1, 0x8f, 0x4b, 0x16, 0xfc, 0xff, 0xff, 0x04, 0x00, 0x00, 0x00,
  0x00, 0x01, 0x00, 0x00, 0x2b, 0xe2, 0xff, 0xff, 0x3f, 0x06, 0x00, 0x00,
  0x5e, 0x07, 0x00, 0x00, 0x98, 0xf3, 0xff, 0xff, 0xe2, 0x18, 0x00, 0x00,
  0xcf, 0x38, 0x00, 0x00, 0x7e, 0xf1, 0xff, 0xff, 0xe9, 0xf7, 0xff, 0xff,
  0x94, 0x08, 0x00, 0x00, 0x7c, 0xbb, 0xff, 0xff, 0x95, 0xf8, 0xff, 0xff,
  0x54, 0x09, 0x00, 0x00, 0x41, 0x15, 0x00, 0x00, 0x45, 0x1e, 0x00, 0x00,
  0x29, 0xee, 0xff, 0xff, 0xee, 0xa9, 0xff, 0xff, 0x2c, 0x0f, 0x00, 0x00,
  0x97, 0xf2, 0xff, 0xff, 0x70, 0x2e, 0x00, 0x00, 0xec, 0xb9, 0xff, 0xff,
  0x8b, 0x1d, 0x00, 0x00, 0x23, 0xda, 0xff, 0xff, 0xa7, 0xa9, 0xff, 0xff,
  0x88, 0xcb, 0xff, 0xff, 0xb9, 0x01, 0x00, 0x00, 0x00, 0x00, 0x00, 0xc0,
  0x0d, 0x03, 0x00, 0x00, 0x8f, 0xa7, 0xff, 0xff, 0x4c, 0xf4, 0xff, 0xff,
  0xfa, 0xa7, 0xff, 0xff, 0x1d, 0xe0, 0xff, 0xff, 0x53, 0xfd, 0xff, 0xff,
  0x27, 0xab, 0xff, 0xff, 0xf2, 0xe4, 0xff, 0xff, 0x5a, 0xf9, 0xff, 0xff,
  0x73, 0xbd, 0xff, 0xff, 0xc4, 0xef, 0xff, 0xff, 0x0b, 0x94, 0xff, 0xff,
  0xcd, 0xf3, 0xff, 0xff, 0xee, 0x09, 0x00, 0x00, 0xd2, 0xff, 0xff, 0xff,
  0x5b, 0xf8, 0xff, 0xff, 0x65, 0x14, 0x00, 0x00, 0xe2, 0xd2, 0xff, 0xff,
  0x18, 0x0c, 0x00, 0x00, 0xfe, 0xab, 0xff, 0xff, 0x80, 0xe4, 0xff, 0xff,
  0xaf, 0xd9, 0xff, 0xff, 0x8c, 0x39, 0x00, 0x00, 0x67, 0xc4, 0xff, 0xff,
  0xa2, 0xc3, 0xff, 0xff, 0x52, 0xfd, 0xff, 0xff, 0xe0, 0xeb, 0xff, 0xff,
  0x15, 0xe2, 0xff, 0xff, 0xc8, 0x85, 0xff, 0xff, 0xba, 0xb1, 0xff, 0xff,
  0x8b, 0xa5, 0xff, 0xff, 0xb7, 0x14, 0x00, 0x00, 0x9a, 0xb0, 0xff, 0xff,
  0x5d, 0x04, 0x00, 0x00, 0x6d, 0x01, 0x00, 0x00, 0xab, 0x27, 0x00, 0x00,
  0x02, 0xf3, 0xff, 0xff, 0x40, 0x0b, 0x00, 0x00, 0x22, 0xfd, 0xff, 0xff,
  0x04, 0x00, 0x00, 0x00, 0x40, 0x01, 0x00, 0x00, 0xa4, 0x0c, 0xaf, 0x06,
  0x9f, 0xb8, 0xa3, 0xcb, 0x1d, 0xae, 0xcc, 0xb0, 0xbe, 0x86, 0xcd, 0xc2,
  0x0c, 0x2d, 0x0b, 0xaf, 0x9c, 0xa3, 0xd1, 0xca, 0xc4, 0xf8, 0xc8, 0xbd,
  0x00, 0xcd, 0x04, 0x20, 0xd9, 0xcb, 0x13, 0x22, 0x21, 0xe1, 0xd1, 0x85,
  0x29, 0x16, 0xb0, 0x26, 0x0f, 0xb4, 0x0c, 0xb6, 0x85, 0x25, 0xb5, 0x14,
  0xc7, 0xc7, 0xcf, 0xc6, 0xde, 0x81, 0x25, 0x16, 0xdc, 0xae, 0x0a, 0xbc,
  0x07, 0xdb, 0xbd, 0xca, 0xb5, 0x17, 0xa7, 0xd0, 0xd8, 0xc7, 0x15, 0xab,
  0x23, 0x99, 0x19, 0xf4, 0x10, 0x08, 0xf7, 0xd6, 0x84, 0xcf, 0x21, 0xc5,
  0x1a, 0xe4, 0x27, 0xca, 0xe8, 0x0e, 0xad, 0xb4, 0xda, 0x0e, 0xb6, 0xb5,
  0xc0, 0xc9, 0x11, 0xa2, 0xc2, 0x14, 0x12, 0xb0, 0xbb, 0x27, 0x19, 0xb1,
  0xa6, 0xc1, 0xcd, 0xb2, 0x23, 0xfc, 0x2f, 0xba, 0x2e, 0x81, 0xba, 0xbb,
  0xaf, 0x81, 0x09, 0x1e, 0xb2, 0x14, 0x17, 0x07, 0xb2, 0x0b, 0x11, 0x1e,
  0x1c, 0x27, 0xdf, 0x21, 0xff, 0x8c, 0xab, 0xab, 0xc1, 0xc8, 0x0f, 0xcc,
  0x95, 0x06, 0xb8, 0xe0, 0xcf, 0x29, 0xee, 0x32, 0xb6, 0xc5, 0xe8, 0x90,
  0x39, 0xaf, 0xca, 0xb1, 0xc2, 0x38, 0x12, 0xc3, 0xdc, 0xc0, 0x10, 0xb1,
  0xd5, 0xe4, 0xba, 0x92, 0xa6, 0xb7, 0x41, 0xd1, 0xb7, 0x0b, 0xbc, 0xe0,
  0xc3, 0x81, 0xcd, 0xdb, 0x03, 0x95, 0xc3, 0xf3, 0x0b, 0xb6, 0x11, 0xb7,
  0x24, 0xbd, 0xcb, 0xc2, 0x9c, 0xea, 0xd1, 0x14, 0x14, 0x0c, 0x12, 0x20,
  0x8f, 0xaf, 0x81, 0x39, 0x12, 0x23, 0xec, 0x34, 0x1c, 0xd0, 0x0e, 0xd3,
  0x28, 0xa9, 0xa6, 0xb9, 0xac, 0xac, 0x17, 0xcb, 0x82, 0xbf, 0x98, 0x20,
  0x1b, 0xa7, 0xf1, 0xa7, 0x14, 0xb0, 0x9d, 0xe3, 0x16, 0xb6, 0xe0, 0x83,
  0xc3, 0xb9, 0xde, 0x34, 0xbf, 0x14, 0xf6, 0xa0, 0x14, 0x14, 0x8d, 0x9b,
  0xc6, 0xa5, 0xc9, 0xab, 0x1d, 0x10, 0x1a, 0x1a, 0xba, 0x09, 0x2b, 0xd8,
  0x97, 0x16, 0xab, 0xaa, 0xef, 0xbe, 0x89, 0xec, 0x12, 0xbe, 0xfa, 0xbf,
  0xe4, 0xb2, 0xa9, 0xd2, 0xdc, 0xff, 0x0c, 0x1f, 0xa6, 0x1a, 0xcb, 0x1d,
  0x0f, 0xc7, 0x99, 0x0d, 0xd3, 0x85, 0x9f, 0x14, 0xba, 0xbd, 0xaa, 0x35,
  0x05, 0x04, 0xc4, 0x0c, 0x23, 0x85, 0x81, 0xdd, 0xb6, 0x0a, 0xd0, 0x10,
  0xaf, 0x1f, 0x9a, 0x11, 0x6e, 0xfe, 0xff, 0xff, 0x04, 0x00, 0x00, 0x00,
  0x14, 0x00, 0x00, 0x00, 0x95, 0xfa, 0xff, 0xff, 0x12, 0xf8, 0xff, 0xff,
  0xa2, 0xfe, 0xff, 0xff, 0xe7, 0xff, 0xff, 0xff, 0xf5, 0x02, 0x00, 0x00,
  0x8e, 0xfe, 0xff, 0xff, 0x04, 0x00, 0x00, 0x00, 0x0c, 0x00, 0x00, 0x00,
  0xff, 0xff, 0xff, 0xff, 0x02, 0x00, 0x00, 0x00, 0x40, 0x00, 0x00, 0x00,
  0xa6, 0xfe, 0xff, 0xff, 0x04, 0x00, 0x00, 0x00, 0x0c, 0x00, 0x00, 0x00,
  0xff, 0xff, 0xff, 0xff, 0x02, 0x00, 0x00, 0x00, 0x20, 0x00, 0x00, 0x00,
  0xbe, 0xfe, 0xff, 0xff, 0x04, 0x00, 0x00, 0x00, 0x0c, 0x00, 0x00, 0x00,
  0xff, 0xff, 0xff, 0xff, 0x05, 0x00, 0x00, 0x00, 0x20, 0x00, 0x00, 0x00,
  0xd6, 0xfe, 0xff, 0xff, 0x04, 0x00, 0x00, 0x00, 0x0c, 0x00, 0x00, 0x00,
  0xff, 0xff, 0xff, 0xff, 0x05, 0x00, 0x00, 0x00, 0x10, 0x00, 0x00, 0x00,
  0xee, 0xfe, 0xff, 0xff, 0x04, 0x00, 0x00, 0x00, 0x04, 0x00, 0x00, 0x00,
  0x01, 0x00, 0x00, 0x00, 0xfe, 0xfe, 0xff, 0xff, 0x04, 0x00, 0x00, 0x00,
  0x0c, 0x00, 0x00, 0x00, 0xff, 0xff, 0xff, 0xff, 0x0a, 0x00, 0x00, 0x00,
  0x10, 0x00, 0x00, 0x00, 0x16, 0xff, 0xff, 0xff, 0x04, 0x00, 0x00, 0x00,
  0x04, 0x00, 0x00, 0x00, 0xfd, 0xff, 0xff, 0xff, 0xb4, 0xc3, 0xff, 0xff,
  0xb8, 0xc3, 0xff, 0xff, 0x0f, 0x00, 0x00, 0x00, 0x4d, 0x4c, 0x49, 0x52,
  0x20, 0x43, 0x6f, 0x6e, 0x76, 0x65, 0x72, 0x74, 0x65, 0x64, 0x2e, 0x00,
  0x01, 0x00, 0x00, 0x00, 0x14, 0x00, 0x00, 0x00, 0x00, 0x00, 0x0e, 0x00,
  0x18, 0x00, 0x14, 0x00, 0x10, 0x00, 0x0c, 0x00, 0x08, 0x00, 0x04, 0x00,
  0x0e, 0x00, 0x00, 0x00, 0x14, 0x00, 0x00, 0x00, 0x1c, 0x00, 0x00, 0x00,
  0xa4, 0x05, 0x00, 0x00, 0xa8, 0x05, 0x00, 0x00, 0xac, 0x05, 0x00, 0x00,
  0x04, 0x00, 0x00, 0x00, 0x6d, 0x61, 0x69, 0x6e, 0x00, 0x00, 0x00, 0x00,
  0x19, 0x00, 0x00, 0x00, 0x5c, 0x05, 0x00, 0x00, 0xfc, 0x04, 0x00, 0x00,
  0xb8, 0x04, 0x00, 0x00, 0x84, 0x04, 0x00, 0x00, 0x5c, 0x04, 0x00, 0x00,
  0x20, 0x04, 0x00, 0x00, 0xcc, 0x03, 0x00, 0x00, 0x94, 0x03, 0x00, 0x00,
  0x64, 0x03, 0x00, 0x00, 0x20, 0x03, 0x00, 0x00, 0xec, 0x02, 0x00, 0x00,
  0xb8, 0x02, 0x00, 0x00, 0x90, 0x02, 0x00, 0x00, 0x60, 0x02, 0x00, 0x00,
  0x1c, 0x02, 0x00, 0x00, 0xf4, 0x01, 0x00, 0x00, 0xc4, 0x01, 0x00, 0x00,
  0x80, 0x01, 0x00, 0x00, 0x4c, 0x01, 0x00, 0x00, 0x18, 0x01, 0x00, 0x00,
  0xf0, 0x00, 0x00, 0x00, 0xbc, 0x00, 0x00, 0x00, 0x78, 0x00, 0x00, 0x00,
  0x40, 0x00, 0x00, 0x00, 0x04, 0x00, 0x00, 0x00, 0x8e, 0xfc, 0xff, 0xff,
  0x1c, 0x00, 0x00, 0x00, 0x00, 0x00, 0x00, 0x09, 0x1c, 0x00, 0x00, 0x00,
  0x20, 0x00, 0x00, 0x00, 0x08, 0x00, 0x00, 0x00, 0x00, 0x00, 0x06, 0x00,
  0x08, 0x00, 0x04, 0x00, 0x06, 0x00, 0x00, 0x00, 0x00, 0x00, 0x80, 0x3f,
  0x01, 0x00, 0x00, 0x00, 0x30, 0x00, 0x00, 0x00, 0x01, 0x00, 0x00, 0x00,
  0x2f, 0x00, 0x00, 0x00, 0xaa, 0xfb, 0xff, 0xff, 0x14, 0x00, 0x00, 0x00,
  0x00, 0x00, 0x00, 0x08, 0x10, 0x00, 0x00, 0x00, 0x14, 0x00, 0x00, 0x00,
  0x07, 0x00, 0x00, 0x00, 0xc4, 0xc4, 0xff, 0xff, 0x01, 0x00, 0x00, 0x00,
  0x2f, 0x00, 0x00, 0x00, 0x03, 0x00, 0x00, 0x00, 0x2e, 0x00, 0x00, 0x00,
  0x09, 0x00, 0x00, 0x00, 0x08, 0x00, 0x00, 0x00, 0xfa, 0xfc, 0xff, 0xff,
  0x1c, 0x00, 0x00, 0x00, 0x00, 0x00, 0x00, 0x08, 0x1c, 0x00, 0x00, 0x00,
  0x20, 0x00, 0x00, 0x00, 0x07, 0x00, 0x00, 0x00, 0x00, 0x00, 0x06, 0x00,
  0x08, 0x00, 0x07, 0x00, 0x06, 0x00, 0x00, 0x00, 0x00, 0x00, 0x00, 0x01,
  0x01, 0x00, 0x00, 0x00, 0x2e, 0x00, 0x00, 0x00, 0x03, 0x00, 0x00, 0x00,
  0x2d, 0x00, 0x00, 0x00, 0x0b, 0x00, 0x00, 0x00, 0x0a, 0x00, 0x00, 0x00,
  0x1e, 0xfc, 0xff, 0xff, 0x14, 0x00, 0x00, 0x00, 0x00, 0x00, 0x00, 0x1b,
  0x10, 0x00, 0x00, 0x00, 0x14, 0x00, 0x00, 0x00, 0x06, 0x00, 0x00, 0x00,
  0x38, 0xc5, 0xff, 0xff, 0x01, 0x00, 0x00, 0x00, 0x2d, 0x00, 0x00, 0x00,
  0x02, 0x00, 0x00, 0x00, 0x2c, 0x00, 0x00, 0x00, 0x03, 0x00, 0x00, 0x00,
  0xde, 0xfc, 0xff, 0xff, 0x0c, 0x00, 0x00, 0x00, 0x10, 0x00, 0x00, 0x00,
  0x04, 0x00, 0x00, 0x00, 0x01, 0x00, 0x00, 0x00, 0x2c, 0x00, 0x00, 0x00,
  0x02, 0x00, 0x00, 0x00, 0x2b, 0x00, 0x00, 0x00, 0x07, 0x00, 0x00, 0x00,
  0x72, 0xfc, 0xff, 0xff, 0x14, 0x00, 0x00, 0x00, 0x00, 0x00, 0x00, 0x0b,
  0x10, 0x00, 0x00, 0x00, 0x14, 0x00, 0x00, 0x00, 0x03, 0x00, 0x00, 0x00,
  0x8c, 0xc5, 0xff, 0xff, 0x01, 0x00, 0x00, 0x00, 0x2b, 0x00, 0x00, 0x00,
  0x02, 0x00, 0x00, 0x00, 0x2a, 0x00, 0x00, 0x00, 0x0c, 0x00, 0x00, 0x00,
  0xa2, 0xfc, 0xff, 0xff, 0x14, 0x00, 0x00, 0x00, 0x00, 0x00, 0x00, 0x15,
  0x10, 0x00, 0x00, 0x00, 0x14, 0x00, 0x00, 0x00, 0x02, 0x00, 0x00, 0x00,
  0xbc, 0xc5, 0xff, 0xff, 0x01, 0x00, 0x00, 0x00, 0x2a, 0x00, 0x00, 0x00,
  0x02, 0x00, 0x00, 0x00, 0x29, 0x00, 0x00, 0x00, 0x0d, 0x00, 0x00, 0x00,
  0xd2, 0xfc, 0xff, 0xff, 0x14, 0x00, 0x00, 0x00, 0x00, 0x00, 0x00, 0x01,
  0x1c, 0x00, 0x00, 0x00, 0x20, 0x00, 0x00, 0x00, 0x01, 0x00, 0x00, 0x00,
  0xc4, 0xfc, 0xff, 0xff, 0x00, 0x00, 0x00, 0x01, 0x01, 0x00, 0x00, 0x00,
  0x01, 0x00, 0x00, 0x00, 0x01, 0x00, 0x00, 0x00, 0x29, 0x00, 0x00, 0x00,
  0x03, 0x00, 0x00, 0x00, 0x28, 0x00, 0x00, 0x00, 0x0f, 0x00, 0x00, 0x00,
  0x0e, 0x00, 0x00, 0x00, 0xb6, 0xfc, 0xff, 0xff, 0x10, 0x00, 0x00, 0x00,
  0x00, 0x00, 0x00, 0x34, 0x0c, 0x00, 0x00, 0x00, 0x10, 0x00, 0x00, 0x00,
  0x28, 0xc6, 0xff, 0xff, 0x01, 0x00, 0x00, 0x00, 0x28, 0x00, 0x00, 0x00,
  0x02, 0x00, 0x00, 0x00, 0x27, 0x00, 0x00, 0x00, 0x01, 0x00, 0x00, 0x00,
  0xce, 0xfd, 0xff, 0xff, 0x0c, 0x00, 0x00, 0x00, 0x10, 0x00, 0x00, 0x00,
  0x04, 0x00, 0x00, 0x00, 0x01, 0x00, 0x00, 0x00, 0x27, 0x00, 0x00, 0x00,
  0x02, 0x00, 0x00, 0x00, 0x26, 0x00, 0x00, 0x00, 0x06, 0x00, 0x00, 0x00,
  0x62, 0xfd, 0xff, 0xff, 0x14, 0x00, 0x00, 0x00, 0x00, 0x00, 0x00, 0x05,
  0x24, 0x00, 0x00, 0x00, 0x28, 0x00, 0x00, 0x00, 0x05, 0x00, 0x00, 0x00,
  0x6e, 0xfe, 0xff, 0xff, 0x01, 0x00, 0x00, 0x00, 0x02, 0x00, 0x00, 0x00,
  0x01, 0x00, 0x00, 0x00, 0x02, 0x00, 0x00, 0x00, 0x00, 0x00, 0x00, 0x01,
  0x01, 0x00, 0x00, 0x00, 0x26, 0x00, 0x00, 0x00, 0x01, 0x00, 0x00, 0x00,
  0x25, 0x00, 0x00, 0x00, 0x46, 0xfd, 0xff, 0xff, 0x10, 0x00, 0x00, 0x00,
  0x00, 0x00, 0x00, 0x34, 0x0c, 0x00, 0x00, 0x00, 0x10, 0x00, 0x00, 0x00,
  0xb8, 0xc6, 0xff, 0xff, 0x01, 0x00, 0x00, 0x00, 0x25, 0x00, 0x00, 0x00,
  0x02, 0x00, 0x00, 0x00, 0x24, 0x00, 0x00, 0x00, 0x03, 0x00, 0x00, 0x00,
  0x5e, 0xfe, 0xff, 0xff, 0x0c, 0x00, 0x00, 0x00, 0x10, 0x00, 0x00, 0x00,
  0x04, 0x00, 0x00, 0x00, 0x01, 0x00, 0x00, 0x00, 0x24, 0x00, 0x00, 0x00,
  0x02, 0x00, 0x00, 0x00, 0x23, 0x00, 0x00, 0x00, 0x05, 0x00, 0x00, 0x00,
  0xf2, 0xfd, 0xff, 0xff, 0x14, 0x00, 0x00, 0x00, 0x00, 0x00, 0x00, 0x0b,
  0x10, 0x00, 0x00, 0x00, 0x14, 0x00, 0x00, 0x00, 0x03, 0x00, 0x00, 0x00,
  0x0c, 0xc7, 0xff, 0xff, 0x01, 0x00, 0x00, 0x00, 0x23, 0x00, 0x00, 0x00,
  0x02, 0x00, 0x00, 0x00, 0x22, 0x00, 0x00, 0x00, 0x10, 0x00, 0x00, 0x00,
  0x22, 0xfe, 0xff, 0xff, 0x14, 0x00, 0x00, 0x00, 0x00, 0x00, 0x00, 0x15,
  0x10, 0x00, 0x00, 0x00, 0x14, 0x00, 0x00, 0x00, 0x02, 0x00, 0x00, 0x00,
  0x3c, 0xc7, 0xff, 0xff, 0x01, 0x00, 0x00, 0x00, 0x22, 0x00, 0x00, 0x00,
  0x02, 0x00, 0x00, 0x00, 0x21, 0x00, 0x00, 0x00, 0x11, 0x00, 0x00, 0x00,
  0x52, 0xfe, 0xff, 0xff, 0x14, 0x00, 0x00, 0x00, 0x00, 0x00, 0x00, 0x01,
  0x1c, 0x00, 0x00, 0x00, 0x20, 0x00, 0x00, 0x00, 0x01, 0x00, 0x00, 0x00,
  0x44, 0xfe, 0xff, 0xff, 0x00, 0x00, 0x00, 0x01, 0x01, 0x00, 0x00, 0x00,
  0x01, 0x00, 0x00, 0x00, 0x01, 0x00, 0x00, 0x00, 0x21, 0x00, 0x00, 0x00,
  0x03, 0x00, 0x00, 0x00, 0x20, 0x00, 0x00, 0x00, 0x13, 0x00, 0x00, 0x00,
  0x12, 0x00, 0x00, 0x00, 0x36, 0xfe, 0xff, 0xff, 0x10, 0x00, 0x00, 0x00,
  0x00, 0x00, 0x00, 0x34, 0x0c, 0x00, 0x00, 0x00, 0x10, 0x00, 0x00, 0x00,
  0xa8, 0xc7, 0xff, 0xff, 0x01, 0x00, 0x00, 0x00, 0x20, 0x00, 0x00, 0x00,
  0x02, 0x00, 0x00, 0x00, 0x1f, 0x00, 0x00, 0x00, 0x01, 0x00, 0x00, 0x00,
  0x4e, 0xff, 0xff, 0xff, 0x0c, 0x00, 0x00, 0x00, 0x10, 0x00, 0x00, 0x00,
  0x04, 0x00, 0x00, 0x00, 0x01, 0x00, 0x00, 0x00, 0x1f, 0x00, 0x00, 0x00,
  0x02, 0x00, 0x00, 0x00, 0x1e, 0x00, 0x00, 0x00, 0x04, 0x00, 0x00, 0x00,
  0x00, 0x00, 0x0e, 0x00, 0x1a, 0x00, 0x14, 0x00, 0x10, 0x00, 0x0c, 0x00,
  0x0b, 0x00, 0x04, 0x00, 0x0e, 0x00, 0x00, 0x00, 0x24, 0x00, 0x00, 0x00,
  0x00, 0x00, 0x00, 0x05, 0x34, 0x00, 0x00, 0x00, 0x38, 0x00, 0x00, 0x00,
  0x05, 0x00, 0x00, 0x00, 0x00, 0x00, 0x0e, 0x00, 0x18, 0x00, 0x17, 0x00,
  0x10, 0x00, 0x0c, 0x00, 0x08, 0x00, 0x04, 0x00, 0x0e, 0x00, 0x00, 0x00,
  0x01, 0x00, 0x00, 0x00, 0x02, 0x00, 0x00, 0x00, 0x01, 0x00, 0x00, 0x00,
  0x02, 0x00, 0x00, 0x00, 0x00, 0x00, 0x00, 0x01, 0x01, 0x00, 0x00, 0x00,
  0x1e, 0x00, 0x00, 0x00, 0x01, 0x00, 0x00, 0x00, 0x1d, 0x00, 0x00, 0x00,
  0xe6, 0xfe, 0xff, 0xff, 0x10, 0x00, 0x00, 0x00, 0x00, 0x00, 0x00, 0x34,
  0x0c, 0x00, 0x00, 0x00, 0x10, 0x00, 0x00, 0x00, 0x58, 0xc8, 0xff, 0xff,
  0x01, 0x00, 0x00, 0x00, 0x1d, 0x00, 0x00, 0x00, 0x02, 0x00, 0x00, 0x00,
  0x1c, 0x00, 0x00, 0x00, 0x03, 0x00, 0x00, 0x00, 0x00, 0x00, 0x0a, 0x00,
  0x10, 0x00, 0x0c, 0x00, 0x08, 0x00, 0x04, 0x00, 0x0a, 0x00, 0x00, 0x00,
  0x0c, 0x00, 0x00, 0x00, 0x10, 0x00, 0x00, 0x00, 0x04, 0x00, 0x00, 0x00,
  0x01, 0x00, 0x00, 0x00, 0x1c, 0x00, 0x00, 0x00, 0x02, 0x00, 0x00, 0x00,
  0x1b, 0x00, 0x00, 0x00, 0x02, 0x00, 0x00, 0x00, 0x9e, 0xff, 0xff, 0xff,
  0x14, 0x00, 0x00, 0x00, 0x00, 0x00, 0x00, 0x0b, 0x10, 0x00, 0x00, 0x00,
  0x14, 0x00, 0x00, 0x00, 0x03, 0x00, 0x00, 0x00, 0xb8, 0xc8, 0xff, 0xff,
  0x01, 0x00, 0x00, 0x00, 0x1b, 0x00, 0x00, 0x00, 0x02, 0x00, 0x00, 0x00,
  0x1a, 0x00, 0x00, 0x00, 0x14, 0x00, 0x00, 0x00, 0xce, 0xff, 0xff, 0xff,
  0x14, 0x00, 0x00, 0x00, 0x00, 0x00, 0x00, 0x15, 0x10, 0x00, 0x00, 0x00,
  0x14, 0x00, 0x00, 0x00, 0x02, 0x00, 0x00, 0x00, 0xe8, 0xc8, 0xff, 0xff,
  0x01, 0x00, 0x00, 0x00, 0x1a, 0x00, 0x00, 0x00, 0x02, 0x00, 0x00, 0x00,
  0x19, 0x00, 0x00, 0x00, 0x15, 0x00, 0x00, 0x00, 0x00, 0x00, 0x0e, 0x00,
  0x18, 0x00, 0x14, 0x00, 0x10, 0x00, 0x0c, 0x00, 0x0b, 0x00, 0x04, 0x00,
  0x0e, 0x00, 0x00, 0x00, 0x20, 0x00, 0x00, 0x00, 0x00, 0x00, 0x00, 0x01,
  0x28, 0x00, 0x00, 0x00, 0x2c, 0x00, 0x00, 0x00, 0x01, 0x00, 0x00, 0x00,
  0x0c, 0x00, 0x10, 0x00, 0x00, 0x00, 0x0c, 0x00, 0x08, 0x00, 0x07, 0x00,
  0x0c, 0x00, 0x00, 0x00, 0x00, 0x00, 0x00, 0x01, 0x01, 0x00, 0x00, 0x00,
  0x01, 0x00, 0x00, 0x00, 0x01, 0x00, 0x00, 0x00, 0x19, 0x00, 0x00, 0x00,
  0x03, 0x00, 0x00, 0x00, 0x18, 0x00, 0x00, 0x00, 0x17, 0x00, 0x00, 0x00,
  0x16, 0x00, 0x00, 0x00, 0x00, 0x00, 0x0e, 0x00, 0x14, 0x00, 0x00, 0x00,
  0x10, 0x00, 0x0c, 0x00, 0x0b, 0x00, 0x04, 0x00, 0x0e, 0x00, 0x00, 0x00,
  0x10, 0x00, 0x00, 0x00, 0x00, 0x00, 0x00, 0x34, 0x0c, 0x00, 0x00, 0x00,
  0x10, 0x00, 0x00, 0x00, 0x80, 0xc9, 0xff, 0xff, 0x01, 0x00, 0x00, 0x00,
  0x18, 0x00, 0x00, 0x00, 0x02, 0x00, 0x00, 0x00, 0x00, 0x00, 0x00, 0x00,
  0x01, 0x00, 0x00, 0x00, 0x01, 0x00, 0x00, 0x00, 0x30, 0x00, 0x00, 0x00,
  0x01, 0x00, 0x00, 0x00, 0x00, 0x00, 0x00, 0x00, 0x31, 0x00, 0x00, 0x00,
  0x8c, 0x36, 0x00, 0x00, 0x34, 0x36, 0x00, 0x00, 0xc0, 0x35, 0x00, 0x00,
  0x84, 0x35, 0x00, 0x00, 0x24, 0x35, 0x00, 0x00, 0xc8, 0x34, 0x00, 0x00,
  0x64, 0x34, 0x00, 0x00, 0x08, 0x34, 0x00, 0x00, 0x6c, 0x33, 0x00, 0x00,
  0xc8, 0x32, 0x00, 0x00, 0x4c, 0x2f, 0x00, 0x00, 0xe8, 0x2b, 0x00, 0x00,
  0x64, 0x2b, 0x00, 0x00, 0xe0, 0x2a, 0x00, 0x00, 0xec, 0x26, 0x00, 0x00,
  0x78, 0x23, 0x00, 0x00, 0xf4, 0x22, 0x00, 0x00, 0x70, 0x22, 0x00, 0x00,
  0xfc, 0x1f, 0x00, 0x00, 0x08, 0x1e, 0x00, 0x00, 0x84, 0x1d, 0x00, 0x00,
  0x00, 0x1d, 0x00, 0x00, 0x5c, 0x1b, 0x00, 0x00, 0x28, 0x1a, 0x00, 0x00,
  0x84, 0x19, 0x00, 0x00, 0x70, 0x18, 0x00, 0x00, 0x14, 0x17, 0x00, 0x00,
  0x58, 0x15, 0x00, 0x00, 0xa0, 0x13, 0x00, 0x00, 0xf8, 0x12, 0x00, 0x00,
  0x5c, 0x12, 0x00, 0x00, 0xc4, 0x11, 0x00, 0x00, 0x24, 0x11, 0x00, 0x00,
  0x00, 0x10, 0x00, 0x00, 0x9c, 0x0e, 0x00, 0x00, 0xd0, 0x0c, 0x00, 0x00,
  0x08, 0x0b, 0x00, 0x00, 0x60, 0x0a, 0x00, 0x00, 0xc4, 0x09, 0x00, 0x00,
  0x24, 0x09, 0x00, 0x00, 0x84, 0x08, 0x00, 0x00, 0x60, 0x07, 0x00, 0x00,
  0xfc, 0x05, 0x00, 0x00, 0x30, 0x04, 0x00, 0x00, 0x68, 0x02, 0x00, 0x00,
  0xd8, 0x01, 0x00, 0x00, 0x24, 0x01, 0x00, 0x00, 0x80, 0x00, 0x00, 0x00,
  0x04, 0x00, 0x00, 0x00, 0x4e, 0xca, 0xff, 0xff, 0x00, 0x00, 0x00, 0x01,
  0x18, 0x00, 0x00, 0x00, 0x20, 0x00, 0x00, 0x00, 0x3c, 0x00, 0x00, 0x00,
  0x31, 0x00, 0x00, 0x00, 0x00, 0x00, 0x00, 0x09, 0x50, 0x00, 0x00, 0x00,
  0x02, 0x00, 0x00, 0x00, 0xff, 0xff, 0xff, 0xff, 0x05, 0x00, 0x00, 0x00,
  0x34, 0xca, 0xff, 0xff, 0x08, 0x00, 0x00, 0x00, 0x10, 0x00, 0x00, 0x00,
  0x01, 0x00, 0x00, 0x00, 0x80, 0xff, 0xff, 0xff, 0xff, 0xff, 0xff, 0xff,
  0x01, 0x00, 0x00, 0x00, 0x00, 0x00, 0x80, 0x3b, 0x1b, 0x00, 0x00, 0x00,
  0x53, 0x74, 0x61, 0x74, 0x65, 0x66, 0x75, 0x6c, 0x50, 0x61, 0x72, 0x74,
  0x69, 0x74, 0x69, 0x6f, 0x6e, 0x65, 0x64, 0x43, 0x61, 0x6c, 0x6c, 0x5f,
  0x31, 0x3a, 0x30, 0x00, 0x02, 0x00, 0x00, 0x00, 0x01, 0x00, 0x00, 0x00,
  0x05, 0x00, 0x00, 0x00, 0xc6, 0xca, 0xff, 0xff, 0x00, 0x00, 0x00, 0x01,
  0x18, 0x00, 0x00, 0x00, 0x20, 0x00, 0x00, 0x00, 0x40, 0x00, 0x00, 0x00,
  0x30, 0x00, 0x00, 0x00, 0x00, 0x00, 0x00, 0x09, 0x78, 0x00, 0x00, 0x00,
  0x02, 0x00, 0x00, 0x00, 0xff, 0xff, 0xff, 0xff, 0x05, 0x00, 0x00, 0x00,
  0xac, 0xca, 0xff, 0xff, 0x08, 0x00, 0x00, 0x00, 0x14, 0x00, 0x00, 0x00,
  0x01, 0x00, 0x00, 0x00, 0x31, 0x00, 0x00, 0x00, 0x00, 0x00, 0x00, 0x00,
  0x00, 0x00, 0x00, 0x00, 0x01, 0x00, 0x00, 0x00, 0xbc, 0xdf, 0xf1, 0x3d,
  0x3c, 0x00, 0x00, 0x00, 0x73, 0x65, 0x71, 0x75, 0x65, 0x6e, 0x74, 0x69,
  0x61, 0x6c, 0x5f, 0x31, 0x2f, 0x64, 0x65, 0x6e, 0x73, 0x65, 0x5f, 0x31,
  0x5f, 0x32, 0x2f, 0x4d, 0x61, 0x74, 0x4d, 0x75, 0x6c, 0x3b, 0x73, 0x65,
  0x71, 0x75, 0x65, 0x6e, 0x74, 0x69, 0x61, 0x6c, 0x5f, 0x31, 0x2f, 0x64,
  0x65, 0x6e, 0x73, 0x65, 0x5f, 0x31, 0x5f, 0x32, 0x2f, 0x42, 0x69, 0x61,
  0x73, 0x41, 0x64, 0x64, 0x00, 0x00, 0x00, 0x00, 0x02, 0x00, 0x00, 0x00,
  0x01, 0x00, 0x00, 0x00, 0x05, 0x00, 0x00, 0x00, 0x66, 0xcb, 0xff, 0xff,
  0x00, 0x00, 0x00, 0x01, 0x18, 0x00, 0x00, 0x00, 0x20, 0x00, 0x00, 0x00,
  0x3c, 0x00, 0x00, 0x00, 0x2f, 0x00, 0x00, 0x00, 0x00, 0x00, 0x00, 0x09,
  0x88, 0x00, 0x00, 0x00, 0x02, 0x00, 0x00, 0x00, 0xff, 0xff, 0xff, 0xff,
  0x40, 0x00, 0x00, 0x00, 0x4c, 0xcb, 0xff, 0xff, 0x08, 0x00, 0x00, 0x00,
  0x10, 0x00, 0x00, 0x00, 0x01, 0x00, 0x00, 0x00, 0x80, 0xff, 0xff, 0xff,
  0xff, 0xff, 0xff, 0xff, 0x01, 0x00, 0x00, 0x00, 0xc1, 0x35, 0x10, 0x3c,
  0x52, 0x00, 0x00, 0x00, 0x73, 0x65, 0x71, 0x75, 0x65, 0x6e, 0x74, 0x69,
  0x61, 0x6c, 0x5f, 0x31, 0x2f, 0x64, 0x65, 0x6e, 0x73, 0x65, 0x5f, 0x31,
  0x2f, 0x4d, 0x61, 0x74, 0x4d, 0x75, 0x6c, 0x3b, 0x73, 0x65, 0x71, 0x75,
  0x65, 0x6e, 0x74, 0x69, 0x61, 0x6c, 0x5f, 0x31, 0x2f, 0x64, 0x65, 0x6e,
  0x73, 0x65, 0x5f, 0x31, 0x2f, 0x52, 0x65, 0x6c, 0x75, 0x3b, 0x73, 0x65,
  0x71, 0x75, 0x65, 0x6e, 0x74, 0x69, 0x61, 0x6c, 0x5f, 0x31, 0x2f, 0x64,
  0x65, 0x6e, 0x73, 0x65, 0x5f, 0x31, 0x2f, 0x42, 0x69, 0x61, 0x73, 0x41,
  0x64, 0x64, 0x00, 0x00, 0x02, 0x00, 0x00, 0x00, 0x01, 0x00, 0x00, 0x00,
  0x40, 0x00, 0x00, 0x00, 0x16, 0xcc, 0xff, 0xff, 0x00, 0x00, 0x00, 0x01,
  0x18, 0x00, 0x00, 0x00, 0x20, 0x00, 0x00, 0x00, 0x3c, 0x00, 0x00, 0x00,
  0x2e, 0x00, 0x00, 0x00, 0x00, 0x00, 0x00, 0x09, 0x64, 0x00, 0x00, 0x00,
  0x02, 0x00, 0x00, 0x00, 0xff, 0xff, 0xff, 0xff, 0x40, 0x00, 0x00, 0x00,
  0xfc, 0xcb, 0xff, 0xff, 0x08, 0x00, 0x00, 0x00, 0x10, 0x00, 0x00, 0x00,
  0x01, 0x00, 0x00, 0x00, 0xbf, 0xff, 0xff, 0xff, 0xff, 0xff, 0xff, 0xff,
  0x01, 0x00, 0x00, 0x00, 0xca, 0xad, 0x6c, 0x3c, 0x2c, 0x00, 0x00, 0x00,
  0x73, 0x65, 0x71, 0x75, 0x65, 0x6e, 0x74, 0x69, 0x61, 0x6c, 0x5f, 0x31,
  0x2f, 0x67, 0x6c, 0x6f, 0x62, 0x61, 0x6c, 0x5f, 0x61, 0x76, 0x65, 0x72,
  0x61, 0x67, 0x65, 0x5f, 0x70, 0x6f, 0x6f, 0x6c, 0x69, 0x6e, 0x67, 0x31,
  0x64, 0x5f, 0x31, 0x2f, 0x4d, 0x65, 0x61, 0x6e, 0x00, 0x00, 0x00, 0x00,
  0x02, 0x00, 0x00, 0x00, 0x01, 0x00, 0x00, 0x00, 0x40, 0x00, 0x00, 0x00,
  0xa2, 0xcc, 0xff, 0xff, 0x00, 0x00, 0x00, 0x01, 0x18, 0x00, 0x00, 0x00,
  0x24, 0x00, 0x00, 0x00, 0x44, 0x00, 0x00, 0x00, 0x2d, 0x00, 0x00, 0x00,
  0x00, 0x00, 0x00, 0x09, 0x98, 0x01, 0x00, 0x00, 0x03, 0x00, 0x00, 0x00,
  0xff, 0xff, 0xff, 0xff, 0x02, 0x00, 0x00, 0x00, 0x40, 0x00, 0x00, 0x00,
  0x8c, 0xcc, 0xff, 0xff, 0x08, 0x00, 0x00, 0x00, 0x14, 0x00, 0x00, 0x00,
  0x01, 0x00, 0x00, 0x00, 0xaa, 0xff, 0xff, 0xff, 0xff, 0xff, 0xff, 0xff,
  0x00, 0x00, 0x00, 0x00, 0x01, 0x00, 0x00, 0x00, 0x22, 0x4f, 0xb2, 0x3c,
  0x59, 0x01, 0x00, 0x00, 0x73, 0x65, 0x71, 0x75, 0x65, 0x6e, 0x74, 0x69,
  0x61, 0x6c, 0x5f, 0x31, 0x2f, 0x62, 0x61, 0x74, 0x63, 0x68, 0x5f, 0x6e,
  0x6f, 0x72, 0x6d, 0x61, 0x6c, 0x69, 0x7a, 0x61, 0x74, 0x69, 0x6f, 0x6e,
  0x5f, 0x32, 0x5f, 0x31, 0x2f, 0x62, 0x61, 0x74, 0x63, 0x68, 0x6e, 0x6f,
  0x72, 0x6d, 0x2f, 0x61, 0x64, 0x64, 0x5f, 0x31, 0x3b, 0x73, 0x65, 0x71,
  0x75, 0x65, 0x6e, 0x74, 0x69, 0x61, 0x6c, 0x5f, 0x31, 0x2f, 0x63, 0x6f,
  0x6e, 0x76, 0x31, 0x64, 0x5f, 0x32, 0x5f, 0x31, 0x2f, 0x63, 0x6f, 0x6e,
  0x76, 0x6f, 0x6c, 0x75, 0x74, 0x69, 0x6f, 0x6e, 0x2f, 0x53, 0x71, 0x75,
  0x65, 0x65, 0x7a, 0x65, 0x3b, 0x73, 0x65, 0x71, 0x75, 0x65, 0x6e, 0x74,
  0x69, 0x61, 0x6c, 0x5f, 0x31, 0x2f, 0x62, 0x61, 0x74, 0x63, 0x68, 0x5f,
  0x6e, 0x6f, 0x72, 0x6d, 0x61, 0x6c, 0x69, 0x7a, 0x61, 0x74, 0x69, 0x6f,
  0x6e, 0x5f, 0x32, 0x5f, 0x31, 0x2f, 0x62, 0x61, 0x74, 0x63, 0x68, 0x6e,
  0x6f, 0x72, 0x6d, 0x2f, 0x6d, 0x75, 0x6c, 0x5f, 0x31, 0x3b, 0x73, 0x65,
  0x71, 0x75, 0x65, 0x6e, 0x74, 0x69, 0x61, 0x6c, 0x5f, 0x31, 0x2f, 0x63,
  0x6f, 0x6e, 0x76, 0x31, 0x64, 0x5f, 0x32, 0x5f, 0x31, 0x2f, 0x52, 0x65,
  0x6c, 0x75, 0x3b, 0x73, 0x65, 0x71, 0x75, 0x65, 0x6e, 0x74, 0x69, 0x61,
  0x6c, 0x5f, 0x31, 0x2f, 0x63, 0x6f, 0x6e, 0x76, 0x31, 0x64, 0x5f, 0x32,
  0x5f, 0x31, 0x2f, 0x42, 0x69, 0x61, 0x73, 0x41, 0x64, 0x64, 0x3b, 0x73,
  0x65, 0x71, 0x75, 0x65, 0x6e, 0x74, 0x69, 0x61, 0x6c, 0x5f, 0x31, 0x2f,
  0x63, 0x6f, 0x6e, 0x76, 0x31, 0x64, 0x5f, 0x32, 0x5f, 0x31, 0x2f, 0x53,
  0x71, 0x75, 0x65, 0x65, 0x7a, 0x65, 0x3b, 0x73, 0x65, 0x71, 0x75, 0x65,
  0x6e, 0x74, 0x69, 0x61, 0x6c, 0x5f, 0x31, 0x2f, 0x62, 0x61, 0x74, 0x63,
  0x68, 0x5f, 0x6e, 0x6f, 0x72, 0x6d, 0x61, 0x6c, 0x69, 0x7a, 0x61, 0x74,
  0x69, 0x6f, 0x6e, 0x5f, 0x32, 0x5f, 0x31, 0x2f, 0x62, 0x61, 0x74, 0x63,
  0x68, 0x6e, 0x6f, 0x72, 0x6d, 0x2f, 0x6d, 0x75, 0x6c, 0x3b, 0x73, 0x65,
  0x71, 0x75, 0x65, 0x6e, 0x74, 0x69, 0x61, 0x6c, 0x5f, 0x31, 0x2f, 0x62,
  0x61, 0x74, 0x63, 0x68, 0x5f, 0x6e, 0x6f, 0x72, 0x6d, 0x61, 0x6c, 0x69,
  0x7a, 0x61, 0x74, 0x69, 0x6f, 0x6e, 0x5f, 0x32, 0x5f, 0x31, 0x2f, 0x62,
  0x61, 0x74, 0x63, 0x68, 0x6e, 0x6f, 0x72, 0x6d, 0x2f, 0x73, 0x75, 0x62,
  0x31, 0x00, 0x00, 0x00, 0x03, 0x00, 0x00, 0x00, 0x01, 0x00, 0x00, 0x00,
  0x02, 0x00, 0x00, 0x00, 0x40, 0x00, 0x00, 0x00, 0x66, 0xce, 0xff, 0xff,
  0x00, 0x00, 0x00, 0x01, 0x18, 0x00, 0x00, 0x00, 0x28, 0x00, 0x00, 0x00,
  0x44, 0x00, 0x00, 0x00, 0x2c, 0x00, 0x00, 0x00, 0x00, 0x00, 0x00, 0x09,
  0x98, 0x01, 0x00, 0x00, 0x04, 0x00, 0x00, 0x00, 0xff, 0xff, 0xff, 0xff,
  0x01, 0x00, 0x00, 0x00, 0x02, 0x00, 0x00, 0x00, 0x40, 0x00, 0x00, 0x00,
  0x54, 0xce, 0xff, 0xff, 0x08, 0x00, 0x00, 0x00, 0x10, 0x00, 0x00, 0x00,
  0x01, 0x00, 0x00, 0x00, 0xaa, 0xff, 0xff, 0xff, 0xff, 0xff, 0xff, 0xff,
  0x01, 0x00, 0x00, 0x00, 0x22, 0x4f, 0xb2, 0x3c, 0x58, 0x01, 0x00, 0x00,
  0x73, 0x65, 0x71, 0x75, 0x65, 0x6e, 0x74, 0x69, 0x61, 0x6c, 0x5f, 0x31,
  0x2f, 0x62, 0x61, 0x74, 0x63, 0x68, 0x5f, 0x6e, 0x6f, 0x72, 0x6d, 0x61,
  0x6c, 0x69, 0x7a, 0x61, 0x74, 0x69, 0x6f, 0x6e, 0x5f, 0x32, 0x5f, 0x31,
  0x2f, 0x62, 0x61, 0x74, 0x63, 0x68, 0x6e, 0x6f, 0x72, 0x6d, 0x2f, 0x61,
  0x64, 0x64, 0x5f, 0x31, 0x3b, 0x73, 0x65, 0x71, 0x75, 0x65, 0x6e, 0x74,
  0x69, 0x61, 0x6c, 0x5f, 0x31, 0x2f, 0x63, 0x6f, 0x6e, 0x76, 0x31, 0x64,
  0x5f, 0x32, 0x5f, 0x31, 0x2f, 0x63, 0x6f, 0x6e, 0x76, 0x6f, 0x6c, 0x75,
  0x74, 0x69, 0x6f, 0x6e, 0x2f, 0x53, 0x71, 0x75, 0x65, 0x65, 0x7a, 0x65,
  0x3b, 0x73, 0x65, 0x71, 0x75, 0x65, 0x6e, 0x74, 0x69, 0x61, 0x6c, 0x5f,
  0x31, 0x2f, 0x62, 0x61, 0x74, 0x63, 0x68, 0x5f, 0x6e, 0x6f, 0x72, 0x6d,
  0x61, 0x6c, 0x69, 0x7a, 0x61, 0x74, 0x69, 0x6f, 0x6e, 0x5f, 0x32, 0x5f,
  0x31, 0x2f, 0x62, 0x61, 0x74, 0x63, 0x68, 0x6e, 0x6f, 0x72, 0x6d, 0x2f,
  0x6d, 0x75, 0x6c, 0x5f, 0x31, 0x3b, 0x73, 0x65, 0x71, 0x75, 0x65, 0x6e,
  0x74, 0x69, 0x61, 0x6c, 0x5f, 0x31, 0x2f, 0x63, 0x6f, 0x6e, 0x76, 0x31,
  0x64, 0x5f, 0x32, 0x5f, 0x31, 0x2f, 0x52, 0x65, 0x6c, 0x75, 0x3b, 0x73,
  0x65, 0x71, 0x75, 0x65, 0x6e, 0x74, 0x69, 0x61, 0x6c, 0x5f, 0x31, 0x2f,
  0x63, 0x6f, 0x6e, 0x76, 0x31, 0x64, 0x5f, 0x32, 0x5f, 0x31, 0x2f, 0x42,
  0x69, 0x61, 0x73, 0x41, 0x64, 0x64, 0x3b, 0x73, 0x65, 0x71, 0x75, 0x65,
  0x6e, 0x74, 0x69, 0x61, 0x6c, 0x5f, 0x31, 0x2f, 0x63, 0x6f, 0x6e, 0x76,
  0x31, 0x64, 0x5f, 0x32, 0x5f, 0x31, 0x2f, 0x53, 0x71, 0x75, 0x65, 0x65,
  0x7a, 0x65, 0x3b, 0x73, 0x65, 0x71, 0x75, 0x65, 0x6e, 0x74, 0x69, 0x61,
  0x6c, 0x5f, 0x31, 0x2f, 0x62, 0x61, 0x74, 0x63, 0x68, 0x5f, 0x6e, 0x6f,
  0x72, 0x6d, 0x61, 0x6c, 0x69, 0x7a, 0x61, 0x74, 0x69, 0x6f, 0x6e, 0x5f,
  0x32, 0x5f, 0x31, 0x2f, 0x62, 0x61, 0x74, 0x63, 0x68, 0x6e, 0x6f, 0x72,
  0x6d, 0x2f, 0x6d, 0x75, 0x6c, 0x3b, 0x73, 0x65, 0x71, 0x75, 0x65, 0x6e,
  0x74, 0x69, 0x61, 0x6c, 0x5f, 0x31, 0x2f, 0x62, 0x61, 0x74, 0x63, 0x68,
  0x5f, 0x6e, 0x6f, 0x72, 0x6d, 0x61, 0x6c, 0x69, 0x7a, 0x61, 0x74, 0x69,
  0x6f, 0x6e, 0x5f, 0x32, 0x5f, 0x31, 0x2f, 0x62, 0x61, 0x74, 0x63, 0x68,
  0x6e, 0x6f, 0x72, 0x6d, 0x2f, 0x73, 0x75, 0x62, 0x00, 0x00, 0x00, 0x00,
  0x04, 0x00, 0x00, 0x00, 0x01, 0x00, 0x00, 0x00, 0x01, 0x00, 0x00, 0x00,
  0x02, 0x00, 0x00, 0x00, 0x40, 0x00, 0x00, 0x00, 0x2e, 0xd0, 0xff, 0xff,
  0x00, 0x00, 0x00, 0x01, 0x18, 0x00, 0x00, 0x00, 0x28, 0x00, 0x00, 0x00,
  0x44, 0x00, 0x00, 0x00, 0x2b, 0x00, 0x00, 0x00, 0x00, 0x00, 0x00, 0x09,
  0x30, 0x01, 0x00, 0x00, 0x04, 0x00, 0x00, 0x00, 0xff, 0xff, 0xff, 0xff,
  0x01, 0x00, 0x00, 0x00, 0x02, 0x00, 0x00, 0x00, 0x40, 0x00, 0x00, 0x00,
  0x1c, 0xd0, 0xff, 0xff, 0x08, 0x00, 0x00, 0x00, 0x10, 0x00, 0x00, 0x00,
  0x01, 0x00, 0x00, 0x00, 0xa7, 0xff, 0xff, 0xff, 0xff, 0xff, 0xff, 0xff,
  0x01, 0x00, 0x00, 0x00, 0x44, 0x5b, 0xc1, 0x3c, 0xf0, 0x00, 0x00, 0x00,
  0x73, 0x65, 0x71, 0x75, 0x65, 0x6e, 0x74, 0x69, 0x61, 0x6c, 0x5f, 0x31,
  0x2f, 0x62, 0x61, 0x74, 0x63, 0x68, 0x5f, 0x6e, 0x6f, 0x72, 0x6d, 0x61,
  0x6c, 0x69, 0x7a, 0x61, 0x74, 0x69, 0x6f, 0x6e, 0x5f, 0x32, 0x5f, 0x31,
  0x2f, 0x62, 0x61, 0x74, 0x63, 0x68, 0x6e, 0x6f, 0x72, 0x6d, 0x2f, 0x6d,
  0x75, 0x6c, 0x5f, 0x31, 0x3b, 0x73, 0x65, 0x71, 0x75, 0x65, 0x6e, 0x74,
  0x69, 0x61, 0x6c, 0x5f, 0x31, 0x2f, 0x63, 0x6f, 0x6e, 0x76, 0x31, 0x64,
  0x5f, 0x32, 0x5f, 0x31, 0x2f, 0x63, 0x6f, 0x6e, 0x76, 0x6f, 0x6c, 0x75,
  0x74, 0x69, 0x6f, 0x6e, 0x2f, 0x53, 0x71, 0x75, 0x65, 0x65, 0x7a, 0x65,
  0x3b, 0x73, 0x65, 0x71, 0x75, 0x65, 0x6e, 0x74, 0x69, 0x61, 0x6c, 0x5f,
  0x31, 0x2f, 0x63, 0x6f, 0x6e, 0x76, 0x31, 0x64, 0x5f, 0x32, 0x5f, 0x31,
  0x2f, 0x52, 0x65, 0x6c, 0x75, 0x3b, 0x73, 0x65, 0x71, 0x75, 0x65, 0x6e,
  0x74, 0x69, 0x61, 0x6c, 0x5f, 0x31, 0x2f, 0x63, 0x6f, 0x6e, 0x76, 0x31,
  0x64, 0x5f, 0x32, 0x5f, 0x31, 0x2f, 0x42, 0x69, 0x61, 0x73, 0x41, 0x64,
  0x64, 0x3b, 0x73, 0x65, 0x71, 0x75, 0x65, 0x6e, 0x74, 0x69, 0x61, 0x6c,
  0x5f, 0x31, 0x2f, 0x63, 0x6f, 0x6e, 0x76, 0x31, 0x64, 0x5f, 0x32, 0x5f,
  0x31, 0x2f, 0x53, 0x71, 0x75, 0x65, 0x65, 0x7a, 0x65, 0x3b, 0x73, 0x65,
  0x71, 0x75, 0x65, 0x6e, 0x74, 0x69, 0x61, 0x6c, 0x5f, 0x31, 0x2f, 0x62,
  0x61, 0x74, 0x63, 0x68, 0x5f, 0x6e, 0x6f, 0x72, 0x6d, 0x61, 0x6c, 0x69,
  0x7a, 0x61, 0x74, 0x69, 0x6f, 0x6e, 0x5f, 0x32, 0x5f, 0x31, 0x2f, 0x62,
  0x61, 0x74, 0x63, 0x68, 0x6e, 0x6f, 0x72, 0x6d, 0x2f, 0x6d, 0x75, 0x6c,
  0x00, 0x00, 0x00, 0x00, 0x04, 0x00, 0x00, 0x00, 0x01, 0x00, 0x00, 0x00,
  0x01, 0x00, 0x00, 0x00, 0x02, 0x00, 0x00, 0x00, 0x40, 0x00, 0x00, 0x00,
  0x8e, 0xd1, 0xff, 0xff, 0x00, 0x00, 0x00, 0x01, 0x18, 0x00, 0x00, 0x00,
  0x28, 0x00, 0x00, 0x00, 0x48, 0x00, 0x00, 0x00, 0x2a, 0x00, 0x00, 0x00,
  0x00, 0x00, 0x00, 0x09, 0xf0, 0x00, 0x00, 0x00, 0x04, 0x00, 0x00, 0x00,
  0xff, 0xff, 0xff, 0xff, 0x01, 0x00, 0x00, 0x00, 0x02, 0x00, 0x00, 0x00,
  0x40, 0x00, 0x00, 0x00, 0x7c, 0xd1, 0xff, 0xff, 0x08, 0x00, 0x00, 0x00,
  0x14, 0x00, 0x00, 0x00, 0x01, 0x00, 0x00, 0x00, 0x81, 0xff, 0xff, 0xff,
  0xff, 0xff, 0xff, 0xff, 0x00, 0x00, 0x00, 0x00, 0x01, 0x00, 0x00, 0x00,
  0xec, 0x45, 0x6d, 0x3d, 0xad, 0x00, 0x00, 0x00, 0x73, 0x65, 0x71, 0x75,
  0x65, 0x6e, 0x74, 0x69, 0x61, 0x6c, 0x5f, 0x31, 0x2f, 0x63, 0x6f, 0x6e,
  0x76, 0x31, 0x64, 0x5f, 0x32, 0x5f, 0x31, 0x2f, 0x52, 0x65, 0x6c, 0x75,
  0x3b, 0x73, 0x65, 0x71, 0x75, 0x65, 0x6e, 0x74, 0x69, 0x61, 0x6c, 0x5f,
  0x31, 0x2f, 0x63, 0x6f, 0x6e, 0x76, 0x31, 0x64, 0x5f, 0x32, 0x5f, 0x31,
  0x2f, 0x42, 0x69, 0x61, 0x73, 0x41, 0x64, 0x64, 0x3b, 0x73, 0x65, 0x71,
  0x75, 0x65, 0x6e, 0x74, 0x69, 0x61, 0x6c, 0x5f, 0x31, 0x2f, 0x63, 0x6f,
  0x6e, 0x76, 0x31, 0x64, 0x5f, 0x32, 0x5f, 0x31, 0x2f, 0x63, 0x6f, 0x6e,
  0x76, 0x6f, 0x6c, 0x75, 0x74, 0x69, 0x6f, 0x6e, 0x2f, 0x53, 0x71, 0x75,
  0x65, 0x65, 0x7a, 0x65, 0x3b, 0x73, 0x65, 0x71, 0x75, 0x65, 0x6e, 0x74,
  0x69, 0x61, 0x6c, 0x5f, 0x31, 0x2f, 0x63, 0x6f, 0x6e, 0x76, 0x31, 0x64,
  0x5f, 0x32, 0x5f, 0x31, 0x2f, 0x53, 0x71, 0x75, 0x65, 0x65, 0x7a, 0x65,
  0x3b, 0x73, 0x65, 0x71, 0x75, 0x65, 0x6e, 0x74, 0x69, 0x61, 0x6c, 0x5f,
  0x31, 0x2f, 0x63, 0x6f, 0x6e, 0x76, 0x31, 0x64, 0x5f, 0x32, 0x5f, 0x31,
  0x2f, 0x63, 0x6f, 0x6e, 0x76, 0x6f, 0x6c, 0x75, 0x74, 0x69, 0x6f, 0x6e,
  0x31, 0x00, 0x00, 0x00, 0x04, 0x00, 0x00, 0x00, 0x01, 0x00, 0x00, 0x00,
  0x01, 0x00, 0x00, 0x00, 0x02, 0x00, 0x00, 0x00, 0x40, 0x00, 0x00, 0x00,
  0xae, 0xd2, 0xff, 0xff, 0x00, 0x00, 0x00, 0x01, 0x18, 0x00, 0x00, 0x00,
  0x28, 0x00, 0x00, 0x00, 0x44, 0x00, 0x00, 0x00, 0x29, 0x00, 0x00, 0x00,
  0x00, 0x00, 0x00, 0x09, 0x6c, 0x00, 0x00, 0x00, 0x04, 0x00, 0x00, 0x00,
  0xff, 0xff, 0xff, 0xff, 0x01, 0x00, 0x00, 0x00, 0x02, 0x00, 0x00, 0x00,
  0x20, 0x00, 0x00, 0x00, 0x9c, 0xd2, 0xff, 0xff, 0x08, 0x00, 0x00, 0x00,
  0x10, 0x00, 0x00, 0x00, 0x01, 0x00, 0x00, 0x00, 0xca, 0xff, 0xff, 0xff,
  0xff, 0xff, 0xff, 0xff, 0x01, 0x00, 0x00, 0x00, 0x9c, 0x16, 0xa1, 0x3c,
  0x2e, 0x00, 0x00, 0x00, 0x73, 0x65, 0x71, 0x75, 0x65, 0x6e, 0x74, 0x69,
  0x61, 0x6c, 0x5f, 0x31, 0x2f, 0x63, 0x6f, 0x6e, 0x76, 0x31, 0x64, 0x5f,
  0x32, 0x5f, 0x31, 0x2f, 0x63, 0x6f, 0x6e, 0x76, 0x6f, 0x6c, 0x75, 0x74,
  0x69, 0x6f, 0x6e, 0x2f, 0x45, 0x78, 0x70, 0x61, 0x6e, 0x64, 0x44, 0x69,
  0x6d, 0x73, 0x00, 0x00, 0x04, 0x00, 0x00, 0x00, 0x01, 0x00, 0x00, 0x00,
  0x01, 0x00, 0x00, 0x00, 0x02, 0x00, 0x00, 0x00, 0x20, 0x00, 0x00, 0x00,
  0x4a, 0xd3, 0xff, 0xff, 0x00, 0x00, 0x00, 0x01, 0x18, 0x00, 0x00, 0x00,
  0x24, 0x00, 0x00, 0x00, 0x44, 0x00, 0x00, 0x00, 0x28, 0x00, 0x00, 0x00,
  0x00, 0x00, 0x00, 0x09, 0x70, 0x00, 0x00, 0x00, 0x03, 0x00, 0x00, 0x00,
  0xff, 0xff, 0xff, 0xff, 0x02, 0x00, 0x00, 0x00, 0x20, 0x00, 0x00, 0x00,
  0x34, 0xd3, 0xff, 0xff, 0x08, 0x00, 0x00, 0x00, 0x14, 0x00, 0x00, 0x00,
  0x01, 0x00, 0x00, 0x00, 0xca, 0xff, 0xff, 0xff, 0xff, 0xff, 0xff, 0xff,
  0x00, 0x00, 0x00, 0x00, 0x01, 0x00, 0x00, 0x00, 0x9c, 0x16, 0xa1, 0x3c,
  0x31, 0x00, 0x00, 0x00, 0x73, 0x65, 0x71, 0x75, 0x65, 0x6e, 0x74, 0x69,
  0x61, 0x6c, 0x5f, 0x31, 0x2f, 0x6d, 0x61, 0x78, 0x5f, 0x70, 0x6f, 0x6f,
  0x6c, 0x69, 0x6e, 0x67, 0x31, 0x64, 0x5f, 0x31, 0x5f, 0x32, 0x2f, 0x4d,
  0x61, 0x78, 0x50, 0x6f, 0x6f, 0x6c, 0x31, 0x64, 0x2f, 0x53, 0x71, 0x75,
  0x65, 0x65, 0x7a, 0x65, 0x31, 0x00, 0x00, 0x00, 0x03, 0x00, 0x00, 0x00,
  0x01, 0x00, 0x00, 0x00, 0x02, 0x00, 0x00, 0x00, 0x20, 0x00, 0x00, 0x00,
  0xe6, 0xd3, 0xff, 0xff, 0x00, 0x00, 0x00, 0x01, 0x18, 0x00, 0x00, 0x00,
  0x28, 0x00, 0x00, 0x00, 0x44, 0x00, 0x00, 0x00, 0x27, 0x00, 0x00, 0x00,
  0x00, 0x00, 0x00, 0x09, 0x68, 0x00, 0x00, 0x00, 0x04, 0x00, 0x00, 0x00,
  0xff, 0xff, 0xff, 0xff, 0x01, 0x00, 0x00, 0x00, 0x02, 0x00, 0x00, 0x00,
  0x20, 0x00, 0x00, 0x00, 0xd4, 0xd3, 0xff, 0xff, 0x08, 0x00, 0x00, 0x00,
  0x10, 0x00, 0x00, 0x00, 0x01, 0x00, 0x00, 0x00, 0xca, 0xff, 0xff, 0xff,
  0xff, 0xff, 0xff, 0xff, 0x01, 0x00, 0x00, 0x00, 0x9c, 0x16, 0xa1, 0x3c,
  0x28, 0x00, 0x00, 0x00, 0x73, 0x65, 0x71, 0x75, 0x65, 0x6e, 0x74, 0x69,
  0x61, 0x6c, 0x5f, 0x31, 0x2f, 0x6d, 0x61, 0x78, 0x5f, 0x70, 0x6f, 0x6f,
  0x6c, 0x69, 0x6e, 0x67, 0x31, 0x64, 0x5f, 0x31, 0x5f, 0x32, 0x2f, 0x4d,
  0x61, 0x78, 0x50, 0x6f, 0x6f, 0x6c, 0x31, 0x64, 0x00, 0x00, 0x00, 0x00,
  0x04, 0x00, 0x00, 0x00, 0x01, 0x00, 0x00, 0x00, 0x01, 0x00, 0x00, 0x00,
  0x02, 0x00, 0x00, 0x00, 0x20, 0x00, 0x00, 0x00, 0x7e, 0xd4, 0xff, 0xff,
  0x00, 0x00, 0x00, 0x01, 0x18, 0x00, 0x00, 0x00, 0x28, 0x00, 0x00, 0x00,
  0x48, 0x00, 0x00, 0x00, 0x26, 0x00, 0x00, 0x00, 0x00, 0x00, 0x00, 0x09,
  0x74, 0x00, 0x00, 0x00, 0x04, 0x00, 0x00, 0x00, 0xff, 0xff, 0xff, 0xff,
  0x01, 0x00, 0x00, 0x00, 0x05, 0x00, 0x00, 0x00, 0x20, 0x00, 0x00, 0x00,
  0x6c, 0xd4, 0xff, 0xff, 0x08, 0x00, 0x00, 0x00, 0x14, 0x00, 0x00, 0x00,
  0x01, 0x00, 0x00, 0x00, 0xca, 0xff, 0xff, 0xff, 0xff, 0xff, 0xff, 0xff,
  0x00, 0x00, 0x00, 0x00, 0x01, 0x00, 0x00, 0x00, 0x9c, 0x16, 0xa1, 0x3c,
  0x33, 0x00, 0x00, 0x00, 0x73, 0x65, 0x71, 0x75, 0x65, 0x6e, 0x74, 0x69,
  0x61, 0x6c, 0x5f, 0x31, 0x2f, 0x6d, 0x61, 0x78, 0x5f, 0x70, 0x6f, 0x6f,
  0x6c, 0x69, 0x6e, 0x67, 0x31, 0x64, 0x5f, 0x31, 0x5f, 0x32, 0x2f, 0x4d,
  0x61, 0x78, 0x50, 0x6f, 0x6f, 0x6c, 0x31, 0x64, 0x2f, 0x45, 0x78, 0x70,
  0x61, 0x6e, 0x64, 0x44, 0x69, 0x6d, 0x73, 0x00, 0x04, 0x00, 0x00, 0x00,
  0x01, 0x00, 0x00, 0x00, 0x01, 0x00, 0x00, 0x00, 0x05, 0x00, 0x00, 0x00,
  0x20, 0x00, 0x00, 0x00, 0x22, 0xd5, 0xff, 0xff, 0x00, 0x00, 0x00, 0x01,
  0x18, 0x00, 0x00, 0x00, 0x24, 0x00, 0x00, 0x00, 0x44, 0x00, 0x00, 0x00,
  0x25, 0x00, 0x00, 0x00, 0x00, 0x00, 0x00, 0x09, 0x98, 0x01, 0x00, 0x00,
  0x03, 0x00, 0x00, 0x00, 0xff, 0xff, 0xff, 0xff, 0x05, 0x00, 0x00, 0x00,
  0x20, 0x00, 0x00, 0x00, 0x0c, 0xd5, 0xff, 0xff, 0x08, 0x00, 0x00, 0x00,
  0x14, 0x00, 0x00, 0x00, 0x01, 0x00, 0x00, 0x00, 0xca, 0xff, 0xff, 0xff,
  0xff, 0xff, 0xff, 0xff, 0x00, 0x00, 0x00, 0x00, 0x01, 0x00, 0x00, 0x00,
  0x9c, 0x16, 0xa1, 0x3c, 0x59, 0x01, 0x00, 0x00, 0x73, 0x65, 0x71, 0x75,
  0x65, 0x6e, 0x74, 0x69, 0x61, 0x6c, 0x5f, 0x31, 0x2f, 0x62, 0x61, 0x74,
  0x63, 0x68, 0x5f, 0x6e, 0x6f, 0x72, 0x6d, 0x61, 0x6c, 0x69, 0x7a, 0x61,
  0x74, 0x69, 0x6f, 0x6e, 0x5f, 0x31, 0x5f, 0x32, 0x2f, 0x62, 0x61, 0x74,
  0x63, 0x68, 0x6e, 0x6f, 0x72, 0x6d, 0x2f, 0x61, 0x64, 0x64, 0x5f, 0x31,
  0x3b, 0x73, 0x65, 0x71, 0x75, 0x65, 0x6e, 0x74, 0x69, 0x61, 0x6c, 0x5f,
  0x31, 0x2f, 0x63, 0x6f, 0x6e, 0x76, 0x31, 0x64, 0x5f, 0x31, 0x5f, 0x32,
  0x2f, 0x63, 0x6f, 0x6e, 0x76, 0x6f, 0x6c, 0x75, 0x74, 0x69, 0x6f, 0x6e,
  0x2f, 0x53, 0x71, 0x75, 0x65, 0x65, 0x7a, 0x65, 0x3b, 0x73, 0x65, 0x71,
  0x75, 0x65, 0x6e, 0x74, 0x69, 0x61, 0x6c, 0x5f, 0x31, 0x2f, 0x62, 0x61,
  0x74, 0x63, 0x68, 0x5f, 0x6e, 0x6f, 0x72, 0x6d, 0x61, 0x6c, 0x69, 0x7a,
  0x61, 0x74, 0x69, 0x6f, 0x6e, 0x5f, 0x31, 0x5f, 0x32, 0x2f, 0x62, 0x61,
  0x74, 0x63, 0x68, 0x6e, 0x6f, 0x72, 0x6d, 0x2f, 0x6d, 0x75, 0x6c, 0x5f,
  0x31, 0x3b, 0x73, 0x65, 0x71, 0x75, 0x65, 0x6e, 0x74, 0x69, 0x61, 0x6c,
  0x5f, 0x31, 0x2f, 0x63, 0x6f, 0x6e, 0x76, 0x31, 0x64, 0x5f, 0x31, 0x5f,
  0x32, 0x2f, 0x52, 0x65, 0x6c, 0x75, 0x3b, 0x73, 0x65, 0x71, 0x75, 0x65,
  0x6e, 0x74, 0x69, 0x61, 0x6c, 0x5f, 0x31, 0x2f, 0x63, 0x6f, 0x6e, 0x76,
  0x31, 0x64, 0x5f, 0x31, 0x5f, 0x32, 0x2f, 0x42, 0x69, 0x61, 0x73, 0x41,
  0x64, 0x64, 0x3b, 0x73, 0x65, 0x71, 0x75, 0x65, 0x6e, 0x74, 0x69, 0x61,
  0x6c, 0x5f, 0x31, 0x2f, 0x63, 0x6f, 0x6e, 0x76, 0x31, 0x64, 0x5f, 0x31,
  0x5f, 0x32, 0x2f, 0x53, 0x71, 0x75, 0x65, 0x65, 0x7a, 0x65, 0x3b, 0x73,
  0x65, 0x71, 0x75, 0x65, 0x6e, 0x74, 0x69, 0x61, 0x6c, 0x5f, 0x31, 0x2f,
  0x62, 0x61, 0x74, 0x63, 0x68, 0x5f, 0x6e, 0x6f, 0x72, 0x6d, 0x61, 0x6c,
  0x69, 0x7a, 0x61, 0x74, 0x69, 0x6f, 0x6e, 0x5f, 0x31, 0x5f, 0x32, 0x2f,
  0x62, 0x61, 0x74, 0x63, 0x68, 0x6e, 0x6f, 0x72, 0x6d, 0x2f, 0x6d, 0x75,
  0x6c, 0x3b, 0x73, 0x65, 0x71, 0x75, 0x65, 0x6e, 0x74, 0x69, 0x61, 0x6c,
  0x5f, 0x31, 0x2f, 0x62, 0x61, 0x74, 0x63, 0x68, 0x5f, 0x6e, 0x6f, 0x72,
  0x6d, 0x61, 0x6c, 0x69, 0x7a, 0x61, 0x74, 0x69, 0x6f, 0x6e, 0x5f, 0x31,
  0x5f, 0x32, 0x2f, 0x62, 0x61, 0x74, 0x63, 0x68, 0x6e, 0x6f, 0x72, 0x6d,
  0x2f, 0x73, 0x75, 0x62, 0x31, 0x00, 0x00, 0x00, 0x03, 0x00, 0x00, 0x00,
  0x01, 0x00, 0x00, 0x00, 0x05, 0x00, 0x00, 0x00, 0x20, 0x00, 0x00, 0x00,
  0xe6, 0xd6, 0xff, 0xff, 0x00, 0x00, 0x00, 0x01, 0x18, 0x00, 0x00, 0x00,
  0x28, 0x00, 0x00, 0x00, 0x44, 0x00, 0x00, 0x00, 0x24, 0x00, 0x00, 0x00,
  0x00, 0x00, 0x00, 0x09, 0x98, 0x01, 0x00, 0x00, 0x04, 0x00, 0x00, 0x00,
  0xff, 0xff, 0xff, 0xff, 0x01, 0x00, 0x00, 0x00, 0x05, 0x00, 0x00, 0x00,
  0x20, 0x00, 0x00, 0x00, 0xd4, 0xd6, 0xff, 0xff, 0x08, 0x00, 0x00, 0x00,
  0x10, 0x00, 0x00, 0x00, 0x01, 0x00, 0x00, 0x00, 0xca, 0xff, 0xff, 0xff,
  0xff, 0xff, 0xff, 0xff, 0x01, 0x00, 0x00, 0x00, 0x9c, 0x16, 0xa1, 0x3c,
  0x58, 0x01, 0x00, 0x00, 0x73, 0x65, 0x71, 0x75, 0x65, 0x6e, 0x74, 0x69,
  0x61, 0x6c, 0x5f, 0x31, 0x2f, 0x62, 0x61, 0x74, 0x63, 0x68, 0x5f, 0x6e,
  0x6f, 0x72, 0x6d, 0x61, 0x6c, 0x69, 0x7a, 0x61, 0x74, 0x69, 0x6f, 0x6e,
  0x5f, 0x31, 0x5f, 0x32, 0x2f, 0x62, 0x61, 0x74, 0x63, 0x68, 0x6e, 0x6f,
  0x72, 0x6d, 0x2f, 0x61, 0x64, 0x64, 0x5f, 0x31, 0x3b, 0x73, 0x65, 0x71,
  0x75, 0x65, 0x6e, 0x74, 0x69, 0x61, 0x6c, 0x5f, 0x31, 0x2f, 0x63, 0x6f,
  0x6e, 0x76, 0x31, 0x64, 0x5f, 0x31, 0x5f, 0x32, 0x2f, 0x63, 0x6f, 0x6e,
  0x76, 0x6f, 0x6c, 0x75, 0x74, 0x69, 0x6f, 0x6e, 0x2f, 0x53, 0x71, 0x75,
  0x65, 0x65, 0x7a, 0x65, 0x3b, 0x73, 0x65, 0x71, 0x75, 0x65, 0x6e, 0x74,
  0x69, 0x61, 0x6c, 0x5f, 0x31, 0x2f, 0x62, 0x61, 0x74, 0x63, 0x68, 0x5f,
  0x6e, 0x6f, 0x72, 0x6d, 0x61, 0x6c, 0x69, 0x7a, 0x61, 0x74, 0x69, 0x6f,
  0x6e, 0x5f, 0x31, 0x5f, 0x32, 0x2f, 0x62, 0x61, 0x74, 0x63, 0x68, 0x6e,
  0x6f, 0x72, 0x6d, 0x2f, 0x6d, 0x75, 0x6c, 0x5f, 0x31, 0x3b, 0x73, 0x65,
  0x71, 0x75, 0x65, 0x6e, 0x74, 0x69, 0x61, 0x6c, 0x5f, 0x31, 0x2f, 0x63,
  0x6f, 0x6e, 0x76, 0x31, 0x64, 0x5f, 0x31, 0x5f, 0x32, 0x2f, 0x52, 0x65,
  0x6c, 0x75, 0x3b, 0x73, 0x65, 0x71, 0x75, 0x65, 0x6e, 0x74, 0x69, 0x61,
  0x6c, 0x5f, 0x31, 0x2f, 0x63, 0x6f, 0x6e, 0x76, 0x31, 0x64, 0x5f, 0x31,
  0x5f, 0x32, 0x2f, 0x42, 0x69, 0x61, 0x73, 0x41, 0x64, 0x64, 0x3b, 0x73,
  0x65, 0x71, 0x75, 0x65, 0x6e, 0x74, 0x69, 0x61, 0x6c, 0x5f, 0x31, 0x2f,
  0x63, 0x6f, 0x6e, 0x76, 0x31, 0x64, 0x5f, 0x31, 0x5f, 0x32, 0x2f, 0x53,
  0x71, 0x75, 0x65, 0x65, 0x7a, 0x65, 0x3b, 0x73, 0x65, 0x71, 0x75, 0x65,
  0x6e, 0x74, 0x69, 0x61, 0x6c, 0x5f, 0x31, 0x2f, 0x62, 0x61, 0x74, 0x63,
  0x68, 0x5f, 0x6e, 0x6f, 0x72, 0x6d, 0x61, 0x6c, 0x69, 0x7a, 0x61, 0x74,
  0x69, 0x6f, 0x6e, 0x5f, 0x31, 0x5f, 0x32, 0x2f, 0x62, 0x61, 0x74, 0x63,
  0x68, 0x6e, 0x6f, 0x72, 0x6d, 0x2f, 0x6d, 0x75, 0x6c, 0x3b, 0x73, 0x65,
  0x71, 0x75, 0x65, 0x6e, 0x74, 0x69, 0x61, 0x6c, 0x5f, 0x31, 0x2f, 0x62,
  0x61, 0x74, 0x63, 0x68, 0x5f, 0x6e, 0x6f, 0x72, 0x6d, 0x61, 0x6c, 0x69,
  0x7a, 0x61, 0x74, 0x69, 0x6f, 0x6e, 0x5f, 0x31, 0x5f, 0x32, 0x2f, 0x62,
  0x61, 0x74, 0x63, 0x68, 0x6e, 0x6f, 0x72, 0x6d, 0x2f, 0x73, 0x75, 0x62,
  0x00, 0x00, 0x00, 0x00, 0x04, 0x00, 0x00, 0x00, 0x01, 0x00, 0x00, 0x00,
  0x01, 0x00, 0x00, 0x00, 0x05, 0x00, 0x00, 0x00, 0x20, 0x00, 0x00, 0x00,
  0xae, 0xd8, 0xff, 0xff, 0x00, 0x00, 0x00, 0x01, 0x18, 0x00, 0x00, 0x00,
  0x28, 0x00, 0x00, 0x00, 0x44, 0x00, 0x00, 0x00, 0x23, 0x00, 0x00, 0x00,
  0x00, 0x00, 0x00, 0x09, 0x30, 0x01, 0x00, 0x00, 0x04, 0x00, 0x00, 0x00,
  0xff, 0xff, 0xff, 0xff, 0x01, 0x00, 0x00, 0x00, 0x05, 0x00, 0x00, 0x00,
  0x20, 0x00, 0x00, 0x00, 0x9c, 0xd8, 0xff, 0xff, 0x08, 0x00, 0x00, 0x00,
  0x10, 0x00, 0x00, 0x00, 0x01, 0x00, 0x00, 0x00, 0xbe, 0xff, 0xff, 0xff,
  0xff, 0xff, 0xff, 0xff, 0x01, 0x00, 0x00, 0x00, 0x82, 0xcf, 0xbe, 0x3c,
  0xf0, 0x00, 0x00, 0x00, 0x73, 0x65, 0x71, 0x75, 0x65, 0x6e, 0x74, 0x69,
  0x61, 0x6c, 0x5f, 0x31, 0x2f, 0x62, 0x61, 0x74, 0x63, 0x68, 0x5f, 0x6e,
  0x6f, 0x72, 0x6d, 0x61, 0x6c, 0x69, 0x7a, 0x61, 0x74, 0x69, 0x6f, 0x6e,
  0x5f, 0x31, 0x5f, 0x32, 0x2f, 0x62, 0x61, 0x74, 0x63, 0x68, 0x6e, 0x6f,
  0x72, 0x6d, 0x2f, 0x6d, 0x75, 0x6c, 0x5f, 0x31, 0x3b, 0x73, 0x65, 0x71,
  0x75, 0x65, 0x6e, 0x74, 0x69, 0x61, 0x6c, 0x5f, 0x31, 0x2f, 0x63, 0x6f,
  0x6e, 0x76, 0x31, 0x64, 0x5f, 0x31, 0x5f, 0x32, 0x2f, 0x63, 0x6f, 0x6e,
  0x76, 0x6f, 0x6c, 0x75, 0x74, 0x69, 0x6f, 0x6e, 0x2f, 0x53, 0x71, 0x75,
  0x65, 0x65, 0x7a, 0x65, 0x3b, 0x73, 0x65, 0x71, 0x75, 0x65, 0x6e, 0x74,
  0x69, 0x61, 0x6c, 0x5f, 0x31, 0x2f, 0x63, 0x6f, 0x6e, 0x76, 0x31, 0x64,
  0x5f, 0x31, 0x5f, 0x32, 0x2f, 0x52, 0x65, 0x6c, 0x75, 0x3b, 0x73, 0x65,
  0x71, 0x75, 0x65, 0x6e, 0x74, 0x69, 0x61, 0x6c, 0x5f, 0x31, 0x2f, 0x63,
  0x6f, 0x6e, 0x76, 0x31, 0x64, 0x5f, 0x31, 0x5f, 0x32, 0x2f, 0x42, 0x69,
  0x61, 0x73, 0x41, 0x64, 0x64, 0x3b, 0x73, 0x65, 0x71, 0x75, 0x65, 0x6e,
  0x74, 0x69, 0x61, 0x6c, 0x5f, 0x31, 0x2f, 0x63, 0x6f, 0x6e, 0x76, 0x31,
  0x64, 0x5f, 0x31, 0x5f, 0x32, 0x2f, 0x53, 0x71, 0x75, 0x65, 0x65, 0x7a,
  0x65, 0x3b, 0x73, 0x65, 0x71, 0x75, 0x65, 0x6e, 0x74, 0x69, 0x61, 0x6c,
  0x5f, 0x31, 0x2f, 0x62, 0x61, 0x74, 0x63, 0x68, 0x5f, 0x6e, 0x6f, 0x72,
  0x6d, 0x61, 0x6c, 0x69, 0x7a, 0x61, 0x74, 0x69, 0x6f, 0x6e, 0x5f, 0x31,
  0x5f, 0x32, 0x2f, 0x62, 0x61, 0x74, 0x63, 0x68, 0x6e, 0x6f, 0x72, 0x6d,
  0x2f, 0x6d, 0x75, 0x6c, 0x00, 0x00, 0x00, 0x00, 0x04, 0x00, 0x00, 0x00,
  0x01, 0x00, 0x00, 0x00, 0x01, 0x00, 0x00, 0x00, 0x05, 0x00, 0x00, 0x00,
  0x20, 0x00, 0x00, 0x00, 0x0e, 0xda, 0xff, 0xff, 0x00, 0x00, 0x00, 0x01,
  0x18, 0x00, 0x00, 0x00, 0x28, 0x00, 0x00, 0x00, 0x48, 0x00, 0x00, 0x00,
  0x22, 0x00, 0x00, 0x00, 0x00, 0x00, 0x00, 0x09, 0xf0, 0x00, 0x00, 0x00,
  0x04, 0x00, 0x00, 0x00, 0xff, 0xff, 0xff, 0xff, 0x01, 0x00, 0x00, 0x00,
  0x05, 0x00, 0x00, 0x00, 0x20, 0x00, 0x00, 0x00, 0xfc, 0xd9, 0xff, 0xff,
  0x08, 0x00, 0x00, 0x00, 0x14, 0x00, 0x00, 0x00, 0x01, 0x00, 0x00, 0x00,
  0x80, 0xff, 0xff, 0xff, 0xff, 0xff, 0xff, 0xff, 0x00, 0x00, 0x00, 0x00,
  0x01, 0x00, 0x00, 0x00, 0xa9, 0x2a, 0x71, 0x3d, 0xad, 0x00, 0x00, 0x00,
  0x73, 0x65, 0x71, 0x75, 0x65, 0x6e, 0x74, 0x69, 0x61, 0x6c, 0x5f, 0x31,
  0x2f, 0x63, 0x6f, 0x6e, 0x76, 0x31, 0x64, 0x5f, 0x31, 0x5f, 0x32, 0x2f,
  0x52, 0x65, 0x6c, 0x75, 0x3b, 0x73, 0x65, 0x71, 0x75, 0x65, 0x6e, 0x74,
  0x69, 0x61, 0x6c, 0x5f, 0x31, 0x2f, 0x63, 0x6f, 0x6e, 0x76, 0x31, 0x64,
  0x5f, 0x31, 0x5f, 0x32, 0x2f, 0x42, 0x69, 0x61, 0x73, 0x41, 0x64, 0x64,
  0x3b, 0x73, 0x65, 0x71, 0x75, 0x65, 0x6e, 0x74, 0x69, 0x61, 0x6c, 0x5f,
  0x31, 0x2f, 0x63, 0x6f, 0x6e, 0x76, 0x31, 0x64, 0x5f, 0x31, 0x5f, 0x32,
  0x2f, 0x63, 0x6f, 0x6e, 0x76, 0x6f, 0x6c, 0x75, 0x74, 0x69, 0x6f, 0x6e,
  0x2f, 0x53, 0x71, 0x75, 0x65, 0x65, 0x7a, 0x65, 0x3b, 0x73, 0x65, 0x71,
  0x75, 0x65, 0x6e, 0x74, 0x69, 0x61, 0x6c, 0x5f, 0x31, 0x2f, 0x63, 0x6f,
  0x6e, 0x76, 0x31, 0x64, 0x5f, 0x31, 0x5f, 0x32, 0x2f, 0x53, 0x71, 0x75,
  0x65, 0x65, 0x7a, 0x65, 0x3b, 0x73, 0x65, 0x71, 0x75, 0x65, 0x6e, 0x74,
  0x69, 0x61, 0x6c, 0x5f, 0x31, 0x2f, 0x63, 0x6f, 0x6e, 0x76, 0x31, 0x64,
  0x5f, 0x31, 0x5f, 0x32, 0x2f, 0x63, 0x6f, 0x6e, 0x76, 0x6f, 0x6c, 0x75,
  0x74, 0x69, 0x6f, 0x6e, 0x31, 0x00, 0x00, 0x00, 0x04, 0x00, 0x00, 0x00,
  0x01, 0x00, 0x00, 0x00, 0x01, 0x00, 0x00, 0x00, 0x05, 0x00, 0x00, 0x00,
  0x20, 0x00, 0x00, 0x00, 0x2e, 0xdb, 0xff, 0xff, 0x00, 0x00, 0x00, 0x01,
  0x18, 0x00, 0x00, 0x00, 0x28, 0x00, 0x00, 0x00, 0x44, 0x00, 0x00, 0x00,
  0x21, 0x00, 0x00, 0x00, 0x00, 0x00, 0x00, 0x09, 0x6c, 0x00, 0x00, 0x00,
  0x04, 0x00, 0x00, 0x00, 0xff, 0xff, 0xff, 0xff, 0x01, 0x00, 0x00, 0x00,
  0x05, 0x00, 0x00, 0x00, 0x10, 0x00, 0x00, 0x00, 0x1c, 0xdb, 0xff, 0xff,
  0x08, 0x00, 0x00, 0x00, 0x10, 0x00, 0x00, 0x00, 0x01, 0x00, 0x00, 0x00,
  0xae, 0xff, 0xff, 0xff, 0xff, 0xff, 0xff, 0xff, 0x01, 0x00, 0x00, 0x00,
  0x0d, 0xbf, 0x93, 0x3c, 0x2e, 0x00, 0x00, 0x00, 0x73, 0x65, 0x71, 0x75,
  0x65, 0x6e, 0x74, 0x69, 0x61, 0x6c, 0x5f, 0x31, 0x2f, 0x63, 0x6f, 0x6e,
  0x76, 0x31, 0x64, 0x5f, 0x31, 0x5f, 0x32, 0x2f, 0x63, 0x6f, 0x6e, 0x76,
  0x6f, 0x6c, 0x75, 0x74, 0x69, 0x6f, 0x6e, 0x2f, 0x45, 0x78, 0x70, 0x61,
  0x6e, 0x64, 0x44, 0x69, 0x6d, 0x73, 0x00, 0x00, 0x04, 0x00, 0x00, 0x00,
  0x01, 0x00, 0x00, 0x00, 0x01, 0x00, 0x00, 0x00, 0x05, 0x00, 0x00, 0x00,
  0x10, 0x00, 0x00, 0x00, 0xca, 0xdb, 0xff, 0xff, 0x00, 0x00, 0x00, 0x01,
  0x18, 0x00, 0x00, 0x00, 0x24, 0x00, 0x00, 0x00, 0x40, 0x00, 0x00, 0x00,
  0x20, 0x00, 0x00, 0x00, 0x00, 0x00, 0x00, 0x09, 0x68, 0x00, 0x00, 0x00,
  0x03, 0x00, 0x00, 0x00, 0xff, 0xff, 0xff, 0xff, 0x05, 0x00, 0x00, 0x00,
  0x10, 0x00, 0x00, 0x00, 0xb4, 0xdb, 0xff, 0xff, 0x08, 0x00, 0x00, 0x00,
  0x10, 0x00, 0x00, 0x00, 0x01, 0x00, 0x00, 0x00, 0xae, 0xff, 0xff, 0xff,
  0xff, 0xff, 0xff, 0xff, 0x01, 0x00, 0x00, 0x00, 0x0d, 0xbf, 0x93, 0x3c,
  0x2f, 0x00, 0x00, 0x00, 0x73, 0x65, 0x71, 0x75, 0x65, 0x6e, 0x74, 0x69,
  0x61, 0x6c, 0x5f, 0x31, 0x2f, 0x6d, 0x61, 0x78, 0x5f, 0x70, 0x6f, 0x6f,
  0x6c, 0x69, 0x6e, 0x67, 0x31, 0x64, 0x5f, 0x31, 0x2f, 0x4d, 0x61, 0x78,
  0x50, 0x6f, 0x6f, 0x6c, 0x31, 0x64, 0x2f, 0x53, 0x71, 0x75, 0x65, 0x65,
  0x7a, 0x65, 0x31, 0x00, 0x03, 0x00, 0x00, 0x00, 0x01, 0x00, 0x00, 0x00,
  0x05, 0x00, 0x00, 0x00, 0x10, 0x00, 0x00, 0x00, 0x5e, 0xdc, 0xff, 0xff,
  0x00, 0x00, 0x00, 0x01, 0x18, 0x00, 0x00, 0x00, 0x28, 0x00, 0x00, 0x00,
  0x48, 0x00, 0x00, 0x00, 0x1f, 0x00, 0x00, 0x00, 0x00, 0x00, 0x00, 0x09,
  0x68, 0x00, 0x00, 0x00, 0x04, 0x00, 0x00, 0x00, 0xff, 0xff, 0xff, 0xff,
  0x01, 0x00, 0x00, 0x00, 0x05, 0x00, 0x00, 0x00, 0x10, 0x00, 0x00, 0x00,
  0x4c, 0xdc, 0xff, 0xff, 0x08, 0x00, 0x00, 0x00, 0x14, 0x00, 0x00, 0x00,
  0x01, 0x00, 0x00, 0x00, 0xae, 0xff, 0xff, 0xff, 0xff, 0xff, 0xff, 0xff,
  0x00, 0x00, 0x00, 0x00, 0x01, 0x00, 0x00, 0x00, 0x0d, 0xbf, 0x93, 0x3c,
  0x26, 0x00, 0x00, 0x00, 0x73, 0x65, 0x71, 0x75, 0x65, 0x6e, 0x74, 0x69,
  0x61, 0x6c, 0x5f, 0x31, 0x2f, 0x6d, 0x61, 0x78, 0x5f, 0x70, 0x6f, 0x6f,
  0x6c, 0x69, 0x6e, 0x67, 0x31, 0x64, 0x5f, 0x31, 0x2f, 0x4d, 0x61, 0x78,
  0x50, 0x6f, 0x6f, 0x6c, 0x31, 0x64, 0x00, 0x00, 0x04, 0x00, 0x00, 0x00,
  0x01, 0x00, 0x00, 0x00, 0x01, 0x00, 0x00, 0x00, 0x05, 0x00, 0x00, 0x00,
  0x10, 0x00, 0x00, 0x00, 0xf6, 0xdc, 0xff, 0xff, 0x00, 0x00, 0x00, 0x01,
  0x18, 0x00, 0x00, 0x00, 0x28, 0x00, 0x00, 0x00, 0x48, 0x00, 0x00, 0x00,
  0x1e, 0x00, 0x00, 0x00, 0x00, 0x00, 0x00, 0x09, 0x74, 0x00, 0x00, 0x00,
  0x04, 0x00, 0x00, 0x00, 0xff, 0xff, 0xff, 0xff, 0x01, 0x00, 0x00, 0x00,
  0x0a, 0x00, 0x00, 0x00, 0x10, 0x00, 0x00, 0x00, 0xe4, 0xdc, 0xff, 0xff,
  0x08, 0x00, 0x00, 0x00, 0x14, 0x00, 0x00, 0x00, 0x01, 0x00, 0x00, 0x00,
  0xae, 0xff, 0xff, 0xff, 0xff, 0xff, 0xff, 0xff, 0x00, 0x00, 0x00, 0x00,
  0x01, 0x00, 0x00, 0x00, 0x0d, 0xbf, 0x93, 0x3c, 0x31, 0x00, 0x00, 0x00,
  0x73, 0x65, 0x71, 0x75, 0x65, 0x6e, 0x74, 0x69, 0x61, 0x6c, 0x5f, 0x31,
  0x2f, 0x6d, 0x61, 0x78, 0x5f, 0x70, 0x6f, 0x6f, 0x6c, 0x69, 0x6e, 0x67,
  0x31, 0x64, 0x5f, 0x31, 0x2f, 0x4d, 0x61, 0x78, 0x50, 0x6f, 0x6f, 0x6c,
  0x31, 0x64, 0x2f, 0x45, 0x78, 0x70, 0x61, 0x6e, 0x64, 0x44, 0x69, 0x6d,
  0x73, 0x00, 0x00, 0x00, 0x04, 0x00, 0x00, 0x00, 0x01, 0x00, 0x00, 0x00,
  0x01, 0x00, 0x00, 0x00, 0x0a, 0x00, 0x00, 0x00, 0x10, 0x00, 0x00, 0x00,
  0x9a, 0xdd, 0xff, 0xff, 0x00, 0x00, 0x00, 0x01, 0x18, 0x00, 0x00, 0x00,
  0x24, 0x00, 0x00, 0x00, 0x44, 0x00, 0x00, 0x00, 0x1d, 0x00, 0x00, 0x00,
  0x00, 0x00, 0x00, 0x09, 0x88, 0x01, 0x00, 0x00, 0x03, 0x00, 0x00, 0x00,
  0xff, 0xff, 0xff, 0xff, 0x0a, 0x00, 0x00, 0x00, 0x10, 0x00, 0x00, 0x00,
  0x84, 0xdd, 0xff, 0xff, 0x08, 0x00, 0x00, 0x00, 0x14, 0x00, 0x00, 0x00,
  0x01, 0x00, 0x00, 0x00, 0xae, 0xff, 0xff, 0xff, 0xff, 0xff, 0xff, 0xff,
  0x00, 0x00, 0x00, 0x00, 0x01, 0x00, 0x00, 0x00, 0x0d, 0xbf, 0x93, 0x3c,
  0x49, 0x01, 0x00, 0x00, 0x73, 0x65, 0x71, 0x75, 0x65, 0x6e, 0x74, 0x69,
  0x61, 0x6c, 0x5f, 0x31, 0x2f, 0x62, 0x61, 0x74, 0x63, 0x68, 0x5f, 0x6e,
  0x6f, 0x72, 0x6d, 0x61, 0x6c, 0x69, 0x7a, 0x61, 0x74, 0x69, 0x6f, 0x6e,
  0x5f, 0x31, 0x2f, 0x62, 0x61, 0x74, 0x63, 0x68, 0x6e, 0x6f, 0x72, 0x6d,
  0x2f, 0x61, 0x64, 0x64, 0x5f, 0x31, 0x3b, 0x73, 0x65, 0x71, 0x75, 0x65,
  0x6e, 0x74, 0x69, 0x61, 0x6c, 0x5f, 0x31, 0x2f, 0x63, 0x6f, 0x6e, 0x76,
  0x31, 0x64, 0x5f, 0x31, 0x2f, 0x63, 0x6f, 0x6e, 0x76, 0x6f, 0x6c, 0x75,
  0x74, 0x69, 0x6f, 0x6e, 0x2f, 0x53, 0x71, 0x75, 0x65, 0x65, 0x7a, 0x65,
  0x3b, 0x73, 0x65, 0x71, 0x75, 0x65, 0x6e, 0x74, 0x69, 0x61, 0x6c, 0x5f,
  0x31, 0x2f, 0x62, 0x61, 0x74, 0x63, 0x68, 0x5f, 0x6e, 0x6f, 0x72, 0x6d,
  0x61, 0x6c, 0x69, 0x7a, 0x61, 0x74, 0x69, 0x6f, 0x6e, 0x5f, 0x31, 0x2f,
  0x62, 0x61, 0x74, 0x63, 0x68, 0x6e, 0x6f, 0x72, 0x6d, 0x2f, 0x6d, 0x75,
  0x6c, 0x5f, 0x31, 0x3b, 0x73, 0x65, 0x71, 0x75, 0x65, 0x6e, 0x74, 0x69,
  0x61, 0x6c, 0x5f, 0x31, 0x2f, 0x63, 0x6f, 0x6e, 0x76, 0x31, 0x64, 0x5f,
  0x31, 0x2f, 0x52, 0x65, 0x6c, 0x75, 0x3b, 0x73, 0x65, 0x71, 0x75, 0x65,
  0x6e, 0x74, 0x69, 0x61, 0x6c, 0x5f, 0x31, 0x2f, 0x63, 0x6f, 0x6e, 0x76,
  0x31, 0x64, 0x5f, 0x31, 0x2f, 0x42, 0x69, 0x61, 0x73, 0x41, 0x64, 0x64,
  0x3b, 0x73, 0x65, 0x71, 0x75, 0x65, 0x6e, 0x74, 0x69, 0x61, 0x6c, 0x5f,
  0x31, 0x2f, 0x63, 0x6f, 0x6e, 0x76, 0x31, 0x64, 0x5f, 0x31, 0x2f, 0x53,
  0x71, 0x75, 0x65, 0x65, 0x7a, 0x65, 0x3b, 0x73, 0x65, 0x71, 0x75, 0x65,
  0x6e, 0x74, 0x69, 0x61, 0x6c, 0x5f, 0x31, 0x2f, 0x62, 0x61, 0x74, 0x63,
  0x68, 0x5f, 0x6e, 0x6f, 0x72, 0x6d, 0x61, 0x6c, 0x69, 0x7a, 0x61, 0x74,
  0x69, 0x6f, 0x6e, 0x5f, 0x31, 0x2f, 0x62, 0x61, 0x74, 0x63, 0x68, 0x6e,
  0x6f, 0x72, 0x6d, 0x2f, 0x6d, 0x75, 0x6c, 0x3b, 0x73, 0x65, 0x71, 0x75,
  0x65, 0x6e, 0x74, 0x69, 0x61, 0x6c, 0x5f, 0x31, 0x2f, 0x62, 0x61, 0x74,
  0x63, 0x68, 0x5f, 0x6e, 0x6f, 0x72, 0x6d, 0x61, 0x6c, 0x69, 0x7a, 0x61,
  0x74, 0x69, 0x6f, 0x6e, 0x5f, 0x31, 0x2f, 0x62, 0x61, 0x74, 0x63, 0x68,
  0x6e, 0x6f, 0x72, 0x6d, 0x2f, 0x73, 0x75, 0x62, 0x31, 0x00, 0x00, 0x00,
  0x03, 0x00, 0x00, 0x00, 0x01, 0x00, 0x00, 0x00, 0x0a, 0x00, 0x00, 0x00,
  0x10, 0x00, 0x00, 0x00, 0x4e, 0xdf, 0xff, 0xff, 0x00, 0x00, 0x00, 0x01,
  0x18, 0x00, 0x00, 0x00, 0x28, 0x00, 0x00, 0x00, 0x44, 0x00, 0x00, 0x00,
  0x1c, 0x00, 0x00, 0x00, 0x00, 0x00, 0x00, 0x09, 0x88, 0x01, 0x00, 0x00,
  0x04, 0x00, 0x00, 0x00, 0xff, 0xff, 0xff, 0xff, 0x01, 0x00, 0x00, 0x00,
  0x0a, 0x00, 0x00, 0x00, 0x10, 0x00, 0x00, 0x00, 0x3c, 0xdf, 0xff, 0xff,
  0x08, 0x00, 0x00, 0x00, 0x10, 0x00, 0x00, 0x00, 0x01, 0x00, 0x00, 0x00,
  0xae, 0xff, 0xff, 0xff, 0xff, 0xff, 0xff, 0xff, 0x01, 0x00, 0x00, 0x00,
  0x0d, 0xbf, 0x93, 0x3c, 0x48, 0x01, 0x00, 0x00, 0x73, 0x65, 0x71, 0x75,
  0x65, 0x6e, 0x74, 0x69, 0x61, 0x6c, 0x5f, 0x31, 0x2f, 0x62, 0x61, 0x74,
  0x63, 0x68, 0x5f, 0x6e, 0x6f, 0x72, 0x6d, 0x61, 0x6c, 0x69, 0x7a, 0x61,
  0x74, 0x69, 0x6f, 0x6e, 0x5f, 0x31, 0x2f, 0x62, 0x61, 0x74, 0x63, 0x68,
  0x6e, 0x6f, 0x72, 0x6d, 0x2f, 0x61, 0x64, 0x64, 0x5f, 0x31, 0x3b, 0x73,
  0x65, 0x71, 0x75, 0x65, 0x6e, 0x74, 0x69, 0x61, 0x6c, 0x5f, 0x31, 0x2f,
  0x63, 0x6f, 0x6e, 0x76, 0x31, 0x64, 0x5f, 0x31, 0x2f, 0x63, 0x6f, 0x6e,
  0x76, 0x6f, 0x6c, 0x75, 0x74, 0x69, 0x6f, 0x6e, 0x2f, 0x53, 0x71, 0x75,
  0x65, 0x65, 0x7a, 0x65, 0x3b, 0x73, 0x65, 0x71, 0x75, 0x65, 0x6e, 0x74,
  0x69, 0x61, 0x6c, 0x5f, 0x31, 0x2f, 0x62, 0x61, 0x74, 0x63, 0x68, 0x5f,
  0x6e, 0x6f, 0x72, 0x6d, 0x61, 0x6c, 0x69, 0x7a, 0x61, 0x74, 0x69, 0x6f,
  0x6e, 0x5f, 0x31, 0x2f, 0x62, 0x61, 0x74, 0x63, 0x68, 0x6e, 0x6f, 0x72,
  0x6d, 0x2f, 0x6d, 0x75, 0x6c, 0x5f, 0x31, 0x3b, 0x73, 0x65, 0x71, 0x75,
  0x65, 0x6e, 0x74, 0x69, 0x61, 0x6c, 0x5f, 0x31, 0x2f, 0x63, 0x6f, 0x6e,
  0x76, 0x31, 0x64, 0x5f, 0x31, 0x2f, 0x52, 0x65, 0x6c, 0x75, 0x3b, 0x73,
  0x65, 0x71, 0x75, 0x65, 0x6e, 0x74, 0x69, 0x61, 0x6c, 0x5f, 0x31, 0x2f,
  0x63, 0x6f, 0x6e, 0x76, 0x31, 0x64, 0x5f, 0x31, 0x2f, 0x42, 0x69, 0x61,
  0x73, 0x41, 0x64, 0x64, 0x3b, 0x73, 0x65, 0x71, 0x75, 0x65, 0x6e, 0x74,
  0x69, 0x61, 0x6c, 0x5f, 0x31, 0x2f, 0x63, 0x6f, 0x6e, 0x76, 0x31, 0x64,
  0x5f, 0x31, 0x2f, 0x53, 0x71, 0x75, 0x65, 0x65, 0x7a, 0x65, 0x3b, 0x73,
  0x65, 0x71, 0x75, 0x65, 0x6e, 0x74, 0x69, 0x61, 0x6c, 0x5f, 0x31, 0x2f,
  0x62, 0x61, 0x74, 0x63, 0x68, 0x5f, 0x6e, 0x6f, 0x72, 0x6d, 0x61, 0x6c,
  0x69, 0x7a, 0x61, 0x74, 0x69, 0x6f, 0x6e, 0x5f, 0x31, 0x2f, 0x62, 0x61,
  0x74, 0x63, 0x68, 0x6e, 0x6f, 0x72, 0x6d, 0x2f, 0x6d, 0x75, 0x6c, 0x3b,
  0x73, 0x65, 0x71, 0x75, 0x65, 0x6e, 0x74, 0x69, 0x61, 0x6c, 0x5f, 0x31,
  0x2f, 0x62, 0x61, 0x74, 0x63, 0x68, 0x5f, 0x6e, 0x6f, 0x72, 0x6d, 0x61,
  0x6c, 0x69, 0x7a, 0x61, 0x74, 0x69, 0x6f, 0x6e, 0x5f, 0x31, 0x2f, 0x62,
  0x61, 0x74, 0x63, 0x68, 0x6e, 0x6f, 0x72, 0x6d, 0x2f, 0x73, 0x75, 0x62,
  0x00, 0x00, 0x00, 0x00, 0x04, 0x00, 0x00, 0x00, 0x01, 0x00, 0x00, 0x00,
  0x01, 0x00, 0x00, 0x00, 0x0a, 0x00, 0x00, 0x00, 0x10, 0x00, 0x00, 0x00,
  0x06, 0xe1, 0xff, 0xff, 0x00, 0x00, 0x00, 0x01, 0x18, 0x00, 0x00, 0x00,
  0x28, 0x00, 0x00, 0x00, 0x48, 0x00, 0x00, 0x00, 0x1b, 0x00, 0x00, 0x00,
  0x00, 0x00, 0x00, 0x09, 0x28, 0x01, 0x00, 0x00, 0x04, 0x00, 0x00, 0x00,
  0xff, 0xff, 0xff, 0xff, 0x01, 0x00, 0x00, 0x00, 0x0a, 0x00, 0x00, 0x00,
  0x10, 0x00, 0x00, 0x00, 0xf4, 0xe0, 0xff, 0xff, 0x08, 0x00, 0x00, 0x00,
  0x14, 0x00, 0x00, 0x00, 0x01, 0x00, 0x00, 0x00, 0xaa, 0xff, 0xff, 0xff,
  0xff, 0xff, 0xff, 0xff, 0x00, 0x00, 0x00, 0x00, 0x01, 0x00, 0x00, 0x00,
  0x51, 0xb1, 0x9f, 0x3c, 0xe4, 0x00, 0x00, 0x00, 0x73, 0x65, 0x71, 0x75,
  0x65, 0x6e, 0x74, 0x69, 0x61, 0x6c, 0x5f, 0x31, 0x2f, 0x62, 0x61, 0x74,
  0x63, 0x68, 0x5f, 0x6e, 0x6f, 0x72, 0x6d, 0x61, 0x6c, 0x69, 0x7a, 0x61,
  0x74, 0x69, 0x6f, 0x6e, 0x5f, 0x31, 0x2f, 0x62, 0x61, 0x74, 0x63, 0x68,
  0x6e, 0x6f, 0x72, 0x6d, 0x2f, 0x6d, 0x75, 0x6c, 0x5f, 0x31, 0x3b, 0x73,
  0x65, 0x71, 0x75, 0x65, 0x6e, 0x74, 0x69, 0x61, 0x6c, 0x5f, 0x31, 0x2f,
  0x63, 0x6f, 0x6e, 0x76, 0x31, 0x64, 0x5f, 0x31, 0x2f, 0x63, 0x6f, 0x6e,
  0x76, 0x6f, 0x6c, 0x75, 0x74, 0x69, 0x6f, 0x6e, 0x2f, 0x53, 0x71, 0x75,
  0x65, 0x65, 0x7a, 0x65, 0x3b, 0x73, 0x65, 0x71, 0x75, 0x65, 0x6e, 0x74,
  0x69, 0x61, 0x6c, 0x5f, 0x31, 0x2f, 0x63, 0x6f, 0x6e, 0x76, 0x31, 0x64,
  0x5f, 0x31, 0x2f, 0x52, 0x65, 0x6c, 0x75, 0x3b, 0x73, 0x65, 0x71, 0x75,
  0x65, 0x6e, 0x74, 0x69, 0x61, 0x6c, 0x5f, 0x31, 0x2f, 0x63, 0x6f, 0x6e,
  0x76, 0x31, 0x64, 0x5f, 0x31, 0x2f, 0x42, 0x69, 0x61, 0x73, 0x41, 0x64,
  0x64, 0x3b, 0x73, 0x65, 0x71, 0x75, 0x65, 0x6e, 0x74, 0x69, 0x61, 0x6c,
  0x5f, 0x31, 0x2f, 0x63, 0x6f, 0x6e, 0x76, 0x31, 0x64, 0x5f, 0x31, 0x2f,
  0x53, 0x71, 0x75, 0x65, 0x65, 0x7a, 0x65, 0x3b, 0x73, 0x65, 0x71, 0x75,
  0x65, 0x6e, 0x74, 0x69, 0x61, 0x6c, 0x5f, 0x31, 0x2f, 0x62, 0x61, 0x74,
  0x63, 0x68, 0x5f, 0x6e, 0x6f, 0x72, 0x6d, 0x61, 0x6c, 0x69, 0x7a, 0x61,
  0x74, 0x69, 0x6f, 0x6e, 0x5f, 0x31, 0x2f, 0x62, 0x61, 0x74, 0x63, 0x68,
  0x6e, 0x6f, 0x72, 0x6d, 0x2f, 0x6d, 0x75, 0x6c, 0x00, 0x00, 0x00, 0x00,
  0x04, 0x00, 0x00, 0x00, 0x01, 0x00, 0x00, 0x00, 0x01, 0x00, 0x00, 0x00,
  0x0a, 0x00, 0x00, 0x00, 0x10, 0x00, 0x00, 0x00, 0x5e, 0xe2, 0xff, 0xff,
  0x00, 0x00, 0x00, 0x01, 0x18, 0x00, 0x00, 0x00, 0x28, 0x00, 0x00, 0x00,
  0x44, 0x00, 0x00, 0x00, 0x1a, 0x00, 0x00, 0x00, 0x00, 0x00, 0x00, 0x09,
  0xe0, 0x00, 0x00, 0x00, 0x04, 0x00, 0x00, 0x00, 0xff, 0xff, 0xff, 0xff,
  0x01, 0x00, 0x00, 0x00, 0x0a, 0x00, 0x00, 0x00, 0x10, 0x00, 0x00, 0x00,
  0x4c, 0xe2, 0xff, 0xff, 0x08, 0x00, 0x00, 0x00, 0x10, 0x00, 0x00, 0x00,
  0x01, 0x00, 0x00, 0x00, 0x80, 0xff, 0xff, 0xff, 0xff, 0xff, 0xff, 0xff,
  0x01, 0x00, 0x00, 0x00, 0x58, 0x84, 0xfe, 0x3c, 0xa3, 0x00, 0x00, 0x00,
  0x73, 0x65, 0x71, 0x75, 0x65, 0x6e, 0x74, 0x69, 0x61, 0x6c, 0x5f, 0x31,
  0x2f, 0x63, 0x6f, 0x6e, 0x76, 0x31, 0x64, 0x5f, 0x31, 0x2f, 0x52, 0x65,
  0x6c, 0x75, 0x3b, 0x73, 0x65, 0x71, 0x75, 0x65, 0x6e, 0x74, 0x69, 0x61,
  0x6c, 0x5f, 0x31, 0x2f, 0x63, 0x6f, 0x6e, 0x76, 0x31, 0x64, 0x5f, 0x31,
  0x2f, 0x42, 0x69, 0x61, 0x73, 0x41, 0x64, 0x64, 0x3b, 0x73, 0x65, 0x71,
  0x75, 0x65, 0x6e, 0x74, 0x69, 0x61, 0x6c, 0x5f, 0x31, 0x2f, 0x63, 0x6f,
  0x6e, 0x76, 0x31, 0x64, 0x5f, 0x31, 0x2f, 0x63, 0x6f, 0x6e, 0x76, 0x6f,
  0x6c, 0x75, 0x74, 0x69, 0x6f, 0x6e, 0x2f, 0x53, 0x71, 0x75, 0x65, 0x65,
  0x7a, 0x65, 0x3b, 0x73, 0x65, 0x71, 0x75, 0x65, 0x6e, 0x74, 0x69, 0x61,
  0x6c, 0x5f, 0x31, 0x2f, 0x63, 0x6f, 0x6e, 0x76, 0x31, 0x64, 0x5f, 0x31,
  0x2f, 0x53, 0x71, 0x75, 0x65, 0x65, 0x7a, 0x65, 0x3b, 0x73, 0x65, 0x71,
  0x75, 0x65, 0x6e, 0x74, 0x69, 0x61, 0x6c, 0x5f, 0x31, 0x2f, 0x63, 0x6f,
  0x6e, 0x76, 0x31, 0x64, 0x5f, 0x31, 0x2f, 0x63, 0x6f, 0x6e, 0x76, 0x6f,
  0x6c, 0x75, 0x74, 0x69, 0x6f, 0x6e, 0x31, 0x00, 0x04, 0x00, 0x00, 0x00,
  0x01, 0x00, 0x00, 0x00, 0x01, 0x00, 0x00, 0x00, 0x0a, 0x00, 0x00, 0x00,
  0x10, 0x00, 0x00, 0x00, 0x6e, 0xe3, 0xff, 0xff, 0x00, 0x00, 0x00, 0x01,
  0x18, 0x00, 0x00, 0x00, 0x28, 0x00, 0x00, 0x00, 0x48, 0x00, 0x00, 0x00,
  0x19, 0x00, 0x00, 0x00, 0x00, 0x00, 0x00, 0x09, 0x70, 0x00, 0x00, 0x00,
  0x04, 0x00, 0x00, 0x00, 0xff, 0xff, 0xff, 0xff, 0x01, 0x00, 0x00, 0x00,
  0x0a, 0x00, 0x00, 0x00, 0x18, 0x00, 0x00, 0x00, 0x5c, 0xe3, 0xff, 0xff,
  0x08, 0x00, 0x00, 0x00, 0x14, 0x00, 0x00, 0x00, 0x01, 0x00, 0x00, 0x00,
  0xe1, 0xff, 0xff, 0xff, 0xff, 0xff, 0xff, 0xff, 0x00, 0x00, 0x00, 0x00,
  0x01, 0x00, 0x00, 0x00, 0x76, 0x76, 0xce, 0x3b, 0x2c, 0x00, 0x00, 0x00,
  0x73, 0x65, 0x71, 0x75, 0x65, 0x6e, 0x74, 0x69, 0x61, 0x6c, 0x5f, 0x31,
  0x2f, 0x63, 0x6f, 0x6e, 0x76, 0x31, 0x64, 0x5f, 0x31, 0x2f, 0x63, 0x6f,
  0x6e, 0x76, 0x6f, 0x6c, 0x75, 0x74, 0x69, 0x6f, 0x6e, 0x2f, 0x45, 0x78,
  0x70, 0x61, 0x6e, 0x64, 0x44, 0x69, 0x6d, 0x73, 0x00, 0x00, 0x00, 0x00,
  0x04, 0x00, 0x00, 0x00, 0x01, 0x00, 0x00, 0x00, 0x01, 0x00, 0x00, 0x00,
  0x0a, 0x00, 0x00, 0x00, 0x18, 0x00, 0x00, 0x00, 0x62, 0xe4, 0xff, 0xff,
  0x00, 0x00, 0x00, 0x01, 0x14, 0x00, 0x00, 0x00, 0xe8, 0x00, 0x00, 0x00,
  0x18, 0x00, 0x00, 0x00, 0x00, 0x00, 0x00, 0x09, 0x04, 0x01, 0x00, 0x00,
  0xe4, 0xe3, 0xff, 0xff, 0x08, 0x00, 0x00, 0x00, 0x8c, 0x00, 0x00, 0x00,
  0x10, 0x00, 0x00, 0x00, 0x00, 0x00, 0x00, 0x00, 0x00, 0x00, 0x00, 0x00,
  0x00, 0x00, 0x00, 0x00, 0x00, 0x00, 0x00, 0x00, 0x00, 0x00, 0x00, 0x00,
  0x00, 0x00, 0x00, 0x00, 0x00, 0x00, 0x00, 0x00, 0x00, 0x00, 0x00, 0x00,
  0x00, 0x00, 0x00, 0x00, 0x00, 0x00, 0x00, 0x00, 0x00, 0x00, 0x00, 0x00,
  0x00, 0x00, 0x00, 0x00, 0x00, 0x00, 0x00, 0x00, 0x00, 0x00, 0x00, 0x00,
  0x00, 0x00, 0x00, 0x00, 0x00, 0x00, 0x00, 0x00, 0x00, 0x00, 0x00, 0x00,
  0x00, 0x00, 0x00, 0x00, 0x00, 0x00, 0x00, 0x00, 0x00, 0x00, 0x00, 0x00,
  0x00, 0x00, 0x00, 0x00, 0x00, 0x00, 0x00, 0x00, 0x00, 0x00, 0x00, 0x00,
  0x00, 0x00, 0x00, 0x00, 0x00, 0x00, 0x00, 0x00, 0x00, 0x00, 0x00, 0x00,
  0x00, 0x00, 0x00, 0x00, 0x00, 0x00, 0x00, 0x00, 0x00, 0x00, 0x00, 0x00,
  0x00, 0x00, 0x00, 0x00, 0x00, 0x00, 0x00, 0x00, 0x00, 0x00, 0x00, 0x00,
  0x00, 0x00, 0x00, 0x00, 0x10, 0x00, 0x00, 0x00, 0x36, 0x68, 0x48, 0x3c,
  0x1b, 0x97, 0xeb, 0x3b, 0xe6, 0x94, 0x97, 0x3c, 0x26, 0x6e, 0x44, 0x3c,
  0xe6, 0xd7, 0xee, 0x3b, 0x8c, 0x5e, 0x37, 0x3c, 0x5c, 0x46, 0xff, 0x3b,
  0x5c, 0xb9, 0x4f, 0x3c, 0xfd, 0x1e, 0x2e, 0x3c, 0x2b, 0xfa, 0x06, 0x3c,
  0xc3, 0x04, 0x23, 0x3c, 0x53, 0x2c, 0x73, 0x3c, 0x91, 0x29, 0x04, 0x3c,
  0x76, 0x1e, 0x5d, 0x3c, 0x03, 0x78, 0x72, 0x3c, 0xf7, 0x03, 0x01, 0x3c,
  0x21, 0x00, 0x00, 0x00, 0x73, 0x65, 0x71, 0x75, 0x65, 0x6e, 0x74, 0x69,
  0x61, 0x6c, 0x5f, 0x31, 0x2f, 0x63, 0x6f, 0x6e, 0x76, 0x31, 0x64, 0x5f,
  0x31, 0x2f, 0x63, 0x6f, 0x6e, 0x76, 0x6f, 0x6c, 0x75, 0x74, 0x69, 0x6f,
  0x6e, 0x00, 0x00, 0x00, 0x04, 0x00, 0x00, 0x00, 0x10, 0x00, 0x00, 0x00,
  0x01, 0x00, 0x00, 0x00, 0x09, 0x00, 0x00, 0x00, 0x18, 0x00, 0x00, 0x00,
  0x92, 0xe5, 0xff, 0xff, 0x00, 0x00, 0x00, 0x01, 0x14, 0x00, 0x00, 0x00,
  0xe4, 0x00, 0x00, 0x00, 0x17, 0x00, 0x00, 0x00, 0x00, 0x00, 0x00, 0x02,
  0x80, 0x01, 0x00, 0x00, 0x14, 0xe5, 0xff, 0xff, 0x08, 0x00, 0x00, 0x00,
  0x88, 0x00, 0x00, 0x00, 0x10, 0x00, 0x00, 0x00, 0x00, 0x00, 0x00, 0x00,
  0x00, 0x00, 0x00, 0x00, 0x00, 0x00, 0x00, 0x00, 0x00, 0x00, 0x00, 0x00,
  0x00, 0x00, 0x00, 0x00, 0x00, 0x00, 0x00, 0x00, 0x00, 0x00, 0x00, 0x00,
  0x00, 0x00, 0x00, 0x00, 0x00, 0x00, 0x00, 0x00, 0x00, 0x00, 0x00, 0x00,
  0x00, 0x00, 0x00, 0x00, 0x00, 0x00, 0x00, 0x00, 0x00, 0x00, 0x00, 0x00,
  0x00, 0x00, 0x00, 0x00, 0x00, 0x00, 0x00, 0x00, 0x00, 0x00, 0x00, 0x00,
  0x00, 0x00, 0x00, 0x00, 0x00, 0x00, 0x00, 0x00, 0x00, 0x00, 0x00, 0x00,
  0x00, 0x00, 0x00, 0x00, 0x00, 0x00, 0x00, 0x00, 0x00, 0x00, 0x00, 0x00,
  0x00, 0x00, 0x00, 0x00, 0x00, 0x00, 0x00, 0x00, 0x00, 0x00, 0x00, 0x00,
  0x00, 0x00, 0x00, 0x00, 0x00, 0x00, 0x00, 0x00, 0x00, 0x00, 0x00, 0x00,
  0x00, 0x00, 0x00, 0x00, 0x00, 0x00, 0x00, 0x00, 0x00, 0x00, 0x00, 0x00,
  0x00, 0x00, 0x00, 0x00, 0x10, 0x00, 0x00, 0x00, 0x98, 0xa0, 0xa1, 0x38,
  0x9c, 0x00, 0x3e, 0x38, 0xeb, 0x7f, 0xf4, 0x38, 0x88, 0x6b, 0x9e, 0x38,
  0x41, 0xa0, 0x40, 0x38, 0xef, 0xe2, 0x93, 0x38, 0xbe, 0xe0, 0x4d, 0x38,
  0x47, 0x87, 0xa7, 0x38, 0x82, 0x6d, 0x8c, 0x38, 0x88, 0xb7, 0x59, 0x38,
  0x44, 0x79, 0x83, 0x38, 0x31, 0x1e, 0xc4, 0x38, 0x36, 0x2d, 0x55, 0x38,
  0xd5, 0x54, 0xb2, 0x38, 0xc5, 0x8c, 0xc3, 0x38, 0xc8, 0x19, 0x50, 0x38,
  0xa2, 0x00, 0x00, 0x00, 0x73, 0x65, 0x71, 0x75, 0x65, 0x6e, 0x74, 0x69,
  0x61, 0x6c, 0x5f, 0x31, 0x2f, 0x63, 0x6f, 0x6e, 0x76, 0x31, 0x64, 0x5f,
  0x31, 0x2f, 0x52, 0x65, 0x6c, 0x75, 0x3b, 0x73, 0x65, 0x71, 0x75, 0x65,
  0x6e, 0x74, 0x69, 0x61, 0x6c, 0x5f, 0x31, 0x2f, 0x63, 0x6f, 0x6e, 0x76,
  0x31, 0x64, 0x5f, 0x31, 0x2f, 0x42, 0x69, 0x61, 0x73, 0x41, 0x64, 0x64,
  0x3b, 0x73, 0x65, 0x71, 0x75, 0x65, 0x6e, 0x74, 0x69, 0x61, 0x6c, 0x5f,
  0x31, 0x2f, 0x63, 0x6f, 0x6e, 0x76, 0x31, 0x64, 0x5f, 0x31, 0x2f, 0x63,
  0x6f, 0x6e, 0x76, 0x6f, 0x6c, 0x75, 0x74, 0x69, 0x6f, 0x6e, 0x2f, 0x53,
  0x71, 0x75, 0x65, 0x65, 0x7a, 0x65, 0x3b, 0x73, 0x65, 0x71, 0x75, 0x65,
  0x6e, 0x74, 0x69, 0x61, 0x6c, 0x5f, 0x31, 0x2f, 0x63, 0x6f, 0x6e, 0x76,
  0x31, 0x64, 0x5f, 0x31, 0x2f, 0x53, 0x71, 0x75, 0x65, 0x65, 0x7a, 0x65,
  0x3b, 0x73, 0x65, 0x71, 0x75, 0x65, 0x6e, 0x74, 0x69, 0x61, 0x6c, 0x5f,
  0x31, 0x2f, 0x63, 0x6f, 0x6e, 0x76, 0x31, 0x64, 0x5f, 0x31, 0x2f, 0x63,
  0x6f, 0x6e, 0x76, 0x6f, 0x6c, 0x75, 0x74, 0x69, 0x6f, 0x6e, 0x00, 0x00,
  0x01, 0x00, 0x00, 0x00, 0x10, 0x00, 0x00, 0x00, 0x32, 0xe7, 0xff, 0xff,
  0x00, 0x00, 0x00, 0x01, 0x14, 0x00, 0x00, 0x00, 0x34, 0x00, 0x00, 0x00,
  0x16, 0x00, 0x00, 0x00, 0x00, 0x00, 0x00, 0x09, 0x60, 0x00, 0x00, 0x00,
  0xb4, 0xe6, 0xff, 0xff, 0x08, 0x00, 0x00, 0x00, 0x14, 0x00, 0x00, 0x00,
  0x01, 0x00, 0x00, 0x00, 0x80, 0xff, 0xff, 0xff, 0xff, 0xff, 0xff, 0xff,
  0x00, 0x00, 0x00, 0x00, 0x01, 0x00, 0x00, 0x00, 0x66, 0x17, 0xc4, 0x3c,
  0x30, 0x00, 0x00, 0x00, 0x73, 0x65, 0x71, 0x75, 0x65, 0x6e, 0x74, 0x69,
  0x61, 0x6c, 0x5f, 0x31, 0x2f, 0x62, 0x61, 0x74, 0x63, 0x68, 0x5f, 0x6e,
  0x6f, 0x72, 0x6d, 0x61, 0x6c, 0x69, 0x7a, 0x61, 0x74, 0x69, 0x6f, 0x6e,
  0x5f, 0x31, 0x2f, 0x62, 0x61, 0x74, 0x63, 0x68, 0x6e, 0x6f, 0x72, 0x6d,
  0x2f, 0x6d, 0x75, 0x6c, 0x00, 0x00, 0x00, 0x00, 0x01, 0x00, 0x00, 0x00,
  0x10, 0x00, 0x00, 0x00, 0xb2, 0xe7, 0xff, 0xff, 0x00, 0x00, 0x00, 0x01,
  0x14, 0x00, 0x00, 0x00, 0x34, 0x00, 0x00, 0x00, 0x15, 0x00, 0x00, 0x00,
  0x00, 0x00, 0x00, 0x09, 0x60, 0x00, 0x00, 0x00, 0x34, 0xe7, 0xff, 0xff,
  0x08, 0x00, 0x00, 0x00, 0x14, 0x00, 0x00, 0x00, 0x01, 0x00, 0x00, 0x00,
  0x7f, 0x00, 0x00, 0x00, 0x00, 0x00, 0x00, 0x00, 0x00, 0x00, 0x00, 0x00,
  0x01, 0x00, 0x00, 0x00, 0xc6, 0x4c, 0x58, 0x3b, 0x30, 0x00, 0x00, 0x00,
  0x73, 0x65, 0x71, 0x75, 0x65, 0x6e, 0x74, 0x69, 0x61, 0x6c, 0x5f, 0x31,
  0x2f, 0x62, 0x61, 0x74, 0x63, 0x68, 0x5f, 0x6e, 0x6f, 0x72, 0x6d, 0x61,
  0x6c, 0x69, 0x7a, 0x61, 0x74, 0x69, 0x6f, 0x6e, 0x5f, 0x31, 0x2f, 0x62,
  0x61, 0x74, 0x63, 0x68, 0x6e, 0x6f, 0x72, 0x6d, 0x2f, 0x73, 0x75, 0x62,
  0x00, 0x00, 0x00, 0x00, 0x01, 0x00, 0x00, 0x00, 0x10, 0x00, 0x00, 0x00,
  0x32, 0xe8, 0xff, 0xff, 0x00, 0x00, 0x00, 0x01, 0x14, 0x00, 0x00, 0x00,
  0xa8, 0x01, 0x00, 0x00, 0x14, 0x00, 0x00, 0x00, 0x00, 0x00, 0x00, 0x09,
  0xc4, 0x01, 0x00, 0x00, 0xb4, 0xe7, 0xff, 0xff, 0x08, 0x00, 0x00, 0x00,
  0x0c, 0x01, 0x00, 0x00, 0x20, 0x00, 0x00, 0x00, 0x00, 0x00, 0x00, 0x00,
  0x00, 0x00, 0x00, 0x00, 0x00, 0x00, 0x00, 0x00, 0x00, 0x00, 0x00, 0x00,
  0x00, 0x00, 0x00, 0x00, 0x00, 0x00, 0x00, 0x00, 0x00, 0x00, 0x00, 0x00,
  0x00, 0x00, 0x00, 0x00, 0x00, 0x00, 0x00, 0x00, 0x00, 0x00, 0x00, 0x00,
  0x00, 0x00, 0x00, 0x00, 0x00, 0x00, 0x00, 0x00, 0x00, 0x00, 0x00, 0x00,
  0x00, 0x00, 0x00, 0x00, 0x00, 0x00, 0x00, 0x00, 0x00, 0x00, 0x00, 0x00,
  0x00, 0x00, 0x00, 0x00, 0x00, 0x00, 0x00, 0x00, 0x00, 0x00, 0x00, 0x00,
  0x00, 0x00, 0x00, 0x00, 0x00, 0x00, 0x00, 0x00, 0x00, 0x00, 0x00, 0x00,
  0x00, 0x00, 0x00, 0x00, 0x00, 0x00, 0x00, 0x00, 0x00, 0x00, 0x00, 0x00,
  0x00, 0x00, 0x00, 0x00, 0x00, 0x00, 0x00, 0x00, 0x00, 0x00, 0x00, 0x00,
  0x00, 0x00, 0x00, 0x00, 0x00, 0x00, 0x00, 0x00, 0x00, 0x00, 0x00, 0x00,
  0x00, 0x00, 0x00, 0x00, 0x00, 0x00, 0x00, 0x00, 0x00, 0x00, 0x00, 0x00,
  0x00, 0x00, 0x00, 0x00, 0x00, 0x00, 0x00, 0x00, 0x00, 0x00, 0x00, 0x00,
  0x00, 0x00, 0x00, 0x00, 0x00, 0x00, 0x00, 0x00, 0x00, 0x00, 0x00, 0x00,
  0x00, 0x00, 0x00, 0x00, 0x00, 0x00, 0x00, 0x00, 0x00, 0x00, 0x00, 0x00,
  0x00, 0x00, 0x00, 0x00, 0x00, 0x00, 0x00, 0x00, 0x00, 0x00, 0x00, 0x00,
  0x00, 0x00, 0x00, 0x00, 0x00, 0x00, 0x00, 0x00, 0x00, 0x00, 0x00, 0x00,
  0x00, 0x00, 0x00, 0x00, 0x00, 0x00, 0x00, 0x00, 0x00, 0x00, 0x00, 0x00,
  0x00, 0x00, 0x00, 0x00, 0x00, 0x00, 0x00, 0x00, 0x00, 0x00, 0x00, 0x00,
  0x00, 0x00, 0x00, 0x00, 0x00, 0x00, 0x00, 0x00, 0x00, 0x00, 0x00, 0x00,
  0x00, 0x00, 0x00, 0x00, 0x00, 0x00, 0x00, 0x00, 0x00, 0x00, 0x00, 0x00,
  0x00, 0x00, 0x00, 0x00, 0x00, 0x00, 0x00, 0x00, 0x00, 0x00, 0x00, 0x00,
  0x00, 0x00, 0x00, 0x00, 0x20, 0x00, 0x00, 0x00, 0x41, 0xa2, 0xa9, 0x3c,
  0x5e, 0xfa, 0x96, 0x3c, 0xcd, 0x63, 0x91, 0x3c, 0x4b, 0x6d, 0x42, 0x3c,
  0x04, 0x17, 0x82, 0x3c, 0xe3, 0x75, 0x0a, 0x3c, 0x58, 0x19, 0x2c, 0x3c,
  0x9e, 0x85, 0x07, 0x3c, 0x5d, 0x90, 0x14, 0x3c, 0xa6, 0x8e, 0x70, 0x3c,
  0x68, 0x21, 0x10, 0x3c, 0xe5, 0x8a, 0x33, 0x3c, 0x0f, 0x13, 0x09, 0x3c,
  0x87, 0xe7, 0x3f, 0x3c, 0x68, 0x08, 0x1a, 0x3c, 0x5d, 0x0d, 0x09, 0x3c,
  0xd6, 0x1b, 0xe6, 0x3b, 0x54, 0x46, 0x75, 0x3c, 0xce, 0x15, 0x4c, 0x3c,
  0x36, 0x82, 0x12, 0x3c, 0xfc, 0x2b, 0x16, 0x3c, 0x47, 0x91, 0x97, 0x3c,
  0x6b, 0x8f, 0xe7, 0x3b, 0x91, 0x15, 0x3d, 0x3c, 0x23, 0xd5, 0x80, 0x3c,
  0xeb, 0x79, 0x0d, 0x3c, 0x32, 0xba, 0x44, 0x3c, 0x8a, 0xdc, 0xa0, 0x3c,
  0x43, 0xf6, 0xf4, 0x3b, 0xf7, 0x50, 0x4d, 0x3c, 0x14, 0xb9, 0x1f, 0x3c,
  0xf4, 0xe2, 0x0f, 0x3c, 0x23, 0x00, 0x00, 0x00, 0x73, 0x65, 0x71, 0x75,
  0x65, 0x6e, 0x74, 0x69, 0x61, 0x6c, 0x5f, 0x31, 0x2f, 0x63, 0x6f, 0x6e,
  0x76, 0x31, 0x64, 0x5f, 0x31, 0x5f, 0x32, 0x2f, 0x63, 0x6f, 0x6e, 0x76,
  0x6f, 0x6c, 0x75, 0x74, 0x69, 0x6f, 0x6e, 0x00, 0x04, 0x00, 0x00, 0x00,
  0x20, 0x00, 0x00, 0x00, 0x01, 0x00, 0x00, 0x00, 0x05, 0x00, 0x00, 0x00,
  0x10, 0x00, 0x00, 0x00, 0x22, 0xea, 0xff, 0xff, 0x00, 0x00, 0x00, 0x01,
  0x14, 0x00, 0x00, 0x00, 0xa8, 0x01, 0x00, 0x00, 0x13, 0x00, 0x00, 0x00,
  0x00, 0x00, 0x00, 0x02, 0x50, 0x02, 0x00, 0x00, 0xa4, 0xe9, 0xff, 0xff,
  0x08, 0x00, 0x00, 0x00, 0x0c, 0x01, 0x00, 0x00, 0x20, 0x00, 0x00, 0x00,
  0x00, 0x00, 0x00, 0x00, 0x00, 0x00, 0x00, 0x00, 0x00, 0x00, 0x00, 0x00,
  0x00, 0x00, 0x00, 0x00, 0x00, 0x00, 0x00, 0x00, 0x00, 0x00, 0x00, 0x00,
  0x00, 0x00, 0x00, 0x00, 0x00, 0x00, 0x00, 0x00, 0x00, 0x00, 0x00, 0x00,
  0x00, 0x00, 0x00, 0x00, 0x00, 0x00, 0x00, 0x00, 0x00, 0x00, 0x00, 0x00,
  0x00, 0x00, 0x00, 0x00, 0x00, 0x00, 0x00, 0x00, 0x00, 0x00, 0x00, 0x00,
  0x00, 0x00, 0x00, 0x00, 0x00, 0x00, 0x00, 0x00, 0x00, 0x00, 0x00, 0x00,
  0x00, 0x00, 0x00, 0x00, 0x00, 0x00, 0x00, 0x00, 0x00, 0x00, 0x00, 0x00,
  0x00, 0x00, 0x00, 0x00, 0x00, 0x00, 0x00, 0x00, 0x00, 0x00, 0x00, 0x00,
  0x00, 0x00, 0x00, 0x00, 0x00, 0x00, 0x00, 0x00, 0x00, 0x00, 0x00, 0x00,
  0x00, 0x00, 0x00, 0x00, 0x00, 0x00, 0x00, 0x00, 0x00, 0x00, 0x00, 0x00,
  0x00, 0x00, 0x00, 0x00, 0x00, 0x00, 0x00, 0x00, 0x00, 0x00, 0x00, 0x00,
  0x00, 0x00, 0x00, 0x00, 0x00, 0x00, 0x00, 0x00, 0x00, 0x00, 0x00, 0x00,
  0x00, 0x00, 0x00, 0x00, 0x00, 0x00, 0x00, 0x00, 0x00, 0x00, 0x00, 0x00,
  0x00, 0x00, 0x00, 0x00, 0x00, 0x00, 0x00, 0x00, 0x00, 0x00, 0x00, 0x00,
  0x00, 0x00, 0x00, 0x00, 0x00, 0x00, 0x00, 0x00, 0x00, 0x00, 0x00, 0x00,
  0x00, 0x00, 0x00, 0x00, 0x00, 0x00, 0x00, 0x00, 0x00, 0x00, 0x00, 0x00,
  0x00, 0x00, 0x00, 0x00, 0x00, 0x00, 0x00, 0x00, 0x00, 0x00, 0x00, 0x00,
  0x00, 0x00, 0x00, 0x00, 0x00, 0x00, 0x00, 0x00, 0x00, 0x00, 0x00, 0x00,
  0x00, 0x00, 0x00, 0x00, 0x00, 0x00, 0x00, 0x00, 0x00, 0x00, 0x00, 0x00,
  0x00, 0x00, 0x00, 0x00, 0x00, 0x00, 0x00, 0x00, 0x00, 0x00, 0x00, 0x00,
  0x00, 0x00, 0x00, 0x00, 0x00, 0x00, 0x00, 0x00, 0x00, 0x00, 0x00, 0x00,
  0x00, 0x00, 0x00, 0x00, 0x00, 0x00, 0x00, 0x00, 0x20, 0x00, 0x00, 0x00,
  0x88, 0xcd, 0xc3, 0x39, 0xe1, 0x44, 0xae, 0x39, 0x9f, 0xd1, 0xa7, 0x39,
  0xb7, 0x6b, 0x60, 0x39, 0x9a, 0x28, 0x96, 0x39, 0x0d, 0xd2, 0x1f, 0x39,
  0xfa, 0xa5, 0x46, 0x39, 0xbb, 0x6d, 0x1c, 0x39, 0x89, 0x7b, 0x2b, 0x39,
  0x70, 0xd5, 0x8a, 0x39, 0x7e, 0x5d, 0x26, 0x39, 0x7e, 0x3d, 0x4f, 0x39,
  0x7c, 0x38, 0x1e, 0x39, 0x54, 0x82, 0x5d, 0x39, 0x90, 0xcb, 0x31, 0x39,
  0xe9, 0x31, 0x1e, 0x39, 0xb6, 0xcd, 0x04, 0x39, 0x6e, 0x8e, 0x8d, 0x39,
  0xa8, 0x91, 0x6b, 0x39, 0x37, 0x1c, 0x29, 0x39, 0xa8, 0x56, 0x2d, 0x39,
  0x12, 0xf3, 0xae, 0x39, 0x2a, 0xa4, 0x05, 0x39, 0xfe, 0x40, 0x5a, 0x39,
  0x11, 0xb5, 0x94, 0x39, 0x2e, 0x4d, 0x23, 0x39, 0x77, 0x13, 0x63, 0x39,
  0x60, 0xad, 0xb9, 0x39, 0x39, 0x60, 0x0d, 0x39, 0x6f, 0xfd, 0x6c, 0x39,
  0xf3, 0x5c, 0x38, 0x39, 0x67, 0x15, 0x26, 0x39, 0xac, 0x00, 0x00, 0x00,
  0x73, 0x65, 0x71, 0x75, 0x65, 0x6e, 0x74, 0x69, 0x61, 0x6c, 0x5f, 0x31,
  0x2f, 0x63, 0x6f, 0x6e, 0x76, 0x31, 0x64, 0x5f, 0x31, 0x5f, 0x32, 0x2f,
  0x52, 0x65, 0x6c, 0x75, 0x3b, 0x73, 0x65, 0x71, 0x75, 0x65, 0x6e, 0x74,
  0x69, 0x61, 0x6c, 0x5f, 0x31, 0x2f, 0x63, 0x6f, 0x6e, 0x76, 0x31, 0x64,
  0x5f, 0x31, 0x5f, 0x32, 0x2f, 0x42, 0x69, 0x61, 0x73, 0x41, 0x64, 0x64,
  0x3b, 0x73, 0x65, 0x71, 0x75, 0x65, 0x6e, 0x74, 0x69, 0x61, 0x6c, 0x5f,
  0x31, 0x2f, 0x63, 0x6f, 0x6e, 0x76, 0x31, 0x64, 0x5f, 0x31, 0x5f, 0x32,
  0x2f, 0x63, 0x6f, 0x6e, 0x76, 0x6f, 0x6c, 0x75, 0x74, 0x69, 0x6f, 0x6e,
  0x2f, 0x53, 0x71, 0x75, 0x65, 0x65, 0x7a, 0x65, 0x3b, 0x73, 0x65, 0x71,
  0x75, 0x65, 0x6e, 0x74, 0x69, 0x61, 0x6c, 0x5f, 0x31, 0x2f, 0x63, 0x6f,
  0x6e, 0x76, 0x31, 0x64, 0x5f, 0x31, 0x5f, 0x32, 0x2f, 0x53, 0x71, 0x75,
  0x65, 0x65, 0x7a, 0x65, 0x3b, 0x73, 0x65, 0x71, 0x75, 0x65, 0x6e, 0x74,
  0x69, 0x61, 0x6c, 0x5f, 0x31, 0x2f, 0x63, 0x6f, 0x6e, 0x76, 0x31, 0x64,
  0x5f, 0x31, 0x5f, 0x32, 0x2f, 0x63, 0x6f, 0x6e, 0x76, 0x6f, 0x6c, 0x75,
  0x74, 0x69, 0x6f, 0x6e, 0x00, 0x00, 0x00, 0x00, 0x01, 0x00, 0x00, 0x00,
  0x20, 0x00, 0x00, 0x00, 0x92, 0xec, 0xff, 0xff, 0x00, 0x00, 0x00, 0x01,
  0x14, 0x00, 0x00, 0x00, 0x34, 0x00, 0x00, 0x00, 0x12, 0x00, 0x00, 0x00,
  0x00, 0x00, 0x00, 0x09, 0x60, 0x00, 0x00, 0x00, 0x14, 0xec, 0xff, 0xff,
  0x08, 0x00, 0x00, 0x00, 0x14, 0x00, 0x00, 0x00, 0x01, 0x00, 0x00, 0x00,
  0x80, 0xff, 0xff, 0xff, 0xff, 0xff, 0xff, 0xff, 0x00, 0x00, 0x00, 0x00,
  0x01, 0x00, 0x00, 0x00, 0xee, 0xf3, 0x6b, 0x3b, 0x32, 0x00, 0x00, 0x00,
  0x73, 0x65, 0x71, 0x75, 0x65, 0x6e, 0x74, 0x69, 0x61, 0x6c, 0x5f, 0x31,
  0x2f, 0x62, 0x61, 0x74, 0x63, 0x68, 0x5f, 0x6e, 0x6f, 0x72, 0x6d, 0x61,
  0x6c, 0x69, 0x7a, 0x61, 0x74, 0x69, 0x6f, 0x6e, 0x5f, 0x31, 0x5f, 0x32,
  0x2f, 0x62, 0x61, 0x74, 0x63, 0x68, 0x6e, 0x6f, 0x72, 0x6d, 0x2f, 0x6d,
  0x75, 0x6c, 0x00, 0x00, 0x01, 0x00, 0x00, 0x00, 0x20, 0x00, 0x00, 0x00,
  0x12, 0xed, 0xff, 0xff, 0x00, 0x00, 0x00, 0x01, 0x14, 0x00, 0x00, 0x00,
  0x34, 0x00, 0x00, 0x00, 0x11, 0x00, 0x00, 0x00, 0x00, 0x00, 0x00, 0x09,
  0x60, 0x00, 0x00, 0x00, 0x94, 0xec, 0xff, 0xff, 0x08, 0x00, 0x00, 0x00,
  0x14, 0x00, 0x00, 0x00, 0x01, 0x00, 0x00, 0x00, 0x7f, 0x00, 0x00, 0x00,
  0x00, 0x00, 0x00, 0x00, 0x00, 0x00, 0x00, 0x00, 0x01, 0x00, 0x00, 0x00,
  0x05, 0x03, 0xbb, 0x3b, 0x32, 0x00, 0x00, 0x00, 0x73, 0x65, 0x71, 0x75,
  0x65, 0x6e, 0x74, 0x69, 0x61, 0x6c, 0x5f, 0x31, 0x2f, 0x62, 0x61, 0x74,
  0x63, 0x68, 0x5f, 0x6e, 0x6f, 0x72, 0x6d, 0x61, 0x6c, 0x69, 0x7a, 0x61,
  0x74, 0x69, 0x6f, 0x6e, 0x5f, 0x31, 0x5f, 0x32, 0x2f, 0x62, 0x61, 0x74,
  0x63, 0x68, 0x6e, 0x6f, 0x72, 0x6d, 0x2f, 0x73, 0x75, 0x62, 0x00, 0x00,
  0x01, 0x00, 0x00, 0x00, 0x20, 0x00, 0x00, 0x00, 0x92, 0xed, 0xff, 0xff,
  0x00, 0x00, 0x00, 0x01, 0x14, 0x00, 0x00, 0x00, 0x28, 0x03, 0x00, 0x00,
  0x10, 0x00, 0x00, 0x00, 0x00, 0x00, 0x00, 0x09, 0x44, 0x03, 0x00, 0x00,
  0x14, 0xed, 0xff, 0xff, 0x08, 0x00, 0x00, 0x00, 0x0c, 0x02, 0x00, 0x00,
  0x40, 0x00, 0x00, 0x00, 0x00, 0x00, 0x00, 0x00, 0x00, 0x00, 0x00, 0x00,
  0x00, 0x00, 0x00, 0x00, 0x00, 0x00, 0x00, 0x00, 0x00, 0x00, 0x00, 0x00,
  0x00, 0x00, 0x00, 0x00, 0x00, 0x00, 0x00, 0x00, 0x00, 0x00, 0x00, 0x00,
  0x00, 0x00, 0x00, 0x00, 0x00, 0x00, 0x00, 0x00, 0x00, 0x00, 0x00, 0x00,
  0x00, 0x00, 0x00, 0x00, 0x00, 0x00, 0x00, 0x00, 0x00, 0x00, 0x00, 0x00,
  0x00, 0x00, 0x00, 0x00, 0x00, 0x00, 0x00, 0x00, 0x00, 0x00, 0x00, 0x00,
  0x00, 0x00, 0x00, 0x00, 0x00, 0x00, 0x00, 0x00, 0x00, 0x00, 0x00, 0x00,
  0x00, 0x00, 0x00, 0x00, 0x00, 0x00, 0x00, 0x00, 0x00, 0x00, 0x00, 0x00,
  0x00, 0x00, 0x00, 0x00, 0x00, 0x00, 0x00, 0x00, 0x00, 0x00, 0x00, 0x00,
  0x00, 0x00, 0x00, 0x00, 0x00, 0x00, 0x00, 0x00, 0x00, 0x00, 0x00, 0x00,
  0x00, 0x00, 0x00, 0x00, 0x00, 0x00, 0x00, 0x00, 0x00, 0x00, 0x00, 0x00,
  0x00, 0x00, 0x00, 0x00, 0x00, 0x00, 0x00, 0x00, 0x00, 0x00, 0x00, 0x00,
  0x00, 0x00, 0x00, 0x00, 0x00, 0x00, 0x00, 0x00, 0x00, 0x00, 0x00, 0x00,
  0x00, 0x00, 0x00, 0x00, 0x00, 0x00, 0x00, 0x00, 0x00, 0x00, 0x00, 0x00,
  0x00, 0x00, 0x00, 0x00, 0x00, 0x00, 0x00, 0x00, 0x00, 0x00, 0x00, 0x00,
  0x00, 0x00, 0x00, 0x00, 0x00, 0x00, 0x00, 0x00, 0x00, 0x00, 0x00, 0x00,
  0x00, 0x00, 0x00, 0x00, 0x00, 0x00, 0x00, 0x00, 0x00, 0x00, 0x00, 0x00,
  0x00, 0x00, 0x00, 0x00, 0x00, 0x00, 0x00, 0x00, 0x00, 0x00, 0x00, 0x00,
  0x00, 0x00, 0x00, 0x00, 0x00, 0x00, 0x00, 0x00, 0x00, 0x00, 0x00, 0x00,
  0x00, 0x00, 0x00, 0x00, 0x00, 0x00, 0x00, 0x00, 0x00, 0x00, 0x00, 0x00,
  0x00, 0x00, 0x00, 0x00, 0x00, 0x00, 0x00, 0x00, 0x00, 0x00, 0x00, 0x00,
  0x00, 0x00, 0x00, 0x00, 0x00, 0x00, 0x00, 0x00, 0x00, 0x00, 0x00, 0x00,
  0x00, 0x00, 0x00, 0x00, 0x00, 0x00, 0x00, 0x00, 0x00, 0x00, 0x00, 0x00,
  0x00, 0x00, 0x00, 0x00, 0x00, 0x00, 0x00, 0x00, 0x00, 0x00, 0x00, 0x00,
  0x00, 0x00, 0x00, 0x00, 0x00, 0x00, 0x00, 0x00, 0x00, 0x00, 0x00, 0x00,
  0x00, 0x00, 0x00, 0x00, 0x00, 0x00, 0x00, 0x00, 0x00, 0x00, 0x00, 0x00,
  0x00, 0x00, 0x00, 0x00, 0x00, 0x00, 0x00, 0x00, 0x00, 0x00, 0x00, 0x00,
  0x00, 0x00, 0x00, 0x00, 0x00, 0x00, 0x00, 0x00, 0x00, 0x00, 0x00, 0x00,
  0x00, 0x00, 0x00, 0x00, 0x00, 0x00, 0x00, 0x00, 0x00, 0x00, 0x00, 0x00,
  0x00, 0x00, 0x00, 0x00, 0x00, 0x00, 0x00, 0x00, 0x00, 0x00, 0x00, 0x00,
  0x00, 0x00, 0x00, 0x00, 0x00, 0x00, 0x00, 0x00, 0x00, 0x00, 0x00, 0x00,
  0x00, 0x00, 0x00, 0x00, 0x00, 0x00, 0x00, 0x00, 0x00, 0x00, 0x00, 0x00,
  0x00, 0x00, 0x00, 0x00, 0x00, 0x00, 0x00, 0x00, 0x00, 0x00, 0x00, 0x00,
  0x00, 0x00, 0x00, 0x00, 0x00, 0x00, 0x00, 0x00, 0x00, 0x00, 0x00, 0x00,
  0x00, 0x00, 0x00, 0x00, 0x00, 0x00, 0x00, 0x00, 0x00, 0x00, 0x00, 0x00,
  0x00, 0x00, 0x00, 0x00, 0x00, 0x00, 0x00, 0x00, 0x00, 0x00, 0x00, 0x00,
  0x00, 0x00, 0x00, 0x00, 0x00, 0x00, 0x00, 0x00, 0x00, 0x00, 0x00, 0x00,
  0x00, 0x00, 0x00, 0x00, 0x00, 0x00, 0x00, 0x00, 0x00, 0x00, 0x00, 0x00,
  0x00, 0x00, 0x00, 0x00, 0x00, 0x00, 0x00, 0x00, 0x00, 0x00, 0x00, 0x00,
  0x00, 0x00, 0x00, 0x00, 0x00, 0x00, 0x00, 0x00, 0x00, 0x00, 0x00, 0x00,
  0x00, 0x00, 0x00, 0x00, 0x00, 0x00, 0x00, 0x00, 0x00, 0x00, 0x00, 0x00,
  0x00, 0x00, 0x00, 0x00, 0x00, 0x00, 0x00, 0x00, 0x00, 0x00, 0x00, 0x00,
  0x00, 0x00, 0x00, 0x00, 0x00, 0x00, 0x00, 0x00, 0x00, 0x00, 0x00, 0x00,
  0x00, 0x00, 0x00, 0x00, 0x40, 0x00, 0x00, 0x00, 0x6c, 0xab, 0x06, 0x3c,
  0x9f, 0x2c, 0x0b, 0x3c, 0xdb, 0xea, 0x0b, 0x3c, 0x4c, 0xcf, 0xf4, 0x3b,
  0xe3, 0xe5, 0x39, 0x3c, 0xff, 0x5e, 0x0f, 0x3c, 0x65, 0x27, 0x0c, 0x3c,
  0x75, 0x31, 0xec, 0x3b, 0x18, 0xd2, 0x17, 0x3c, 0x3e, 0x5e, 0xd9, 0x3b,
  0x1c, 0x34, 0x13, 0x3c, 0x9f, 0x07, 0x0d, 0x3c, 0xf8, 0x73, 0x0f, 0x3c,
  0x55, 0xaa, 0x03, 0x3c, 0x5a, 0x2a, 0x00, 0x3c, 0xc4, 0x8c, 0x0f, 0x3c,
  0xe9, 0x2c, 0x06, 0x3c, 0x2e, 0x1f, 0x00, 0x3c, 0xae, 0xac, 0xfd, 0x3b,
  0x02, 0xbd, 0x03, 0x3c, 0xc5, 0xcc, 0x3c, 0x3c, 0xfa, 0xc5, 0x07, 0x3c,
  0x75, 0x4e, 0xec, 0x3b, 0x47, 0x9d, 0x0c, 0x3c, 0xdd, 0xfa, 0x16, 0x3c,
  0xf8, 0x13, 0xd8, 0x3b, 0x57, 0xba, 0x0c, 0x3c, 0x2d, 0x9d, 0x19, 0x3c,
  0x4b, 0xe3, 0x07, 0x3c, 0x92, 0x97, 0x0d, 0x3c, 0x50, 0x20, 0x08, 0x3c,
  0x25, 0xf4, 0x08, 0x3c, 0xfe, 0xf8, 0x4e, 0x3c, 0x1c, 0xf4, 0xfd, 0x3b,
  0x29, 0x6a, 0x60, 0x3c, 0xa1, 0x02, 0x12, 0x3c, 0x25, 0x75, 0x0b, 0x3c,
  0x86, 0xea, 0xea, 0x3b, 0x1a, 0x75, 0x54, 0x3c, 0x1d, 0x10, 0x14, 0x3c,
  0x15, 0x9e, 0x1a, 0x3c, 0xe8, 0x14, 0x03, 0x3c, 0x48, 0xb7, 0x1b, 0x3c,
  0x47, 0xd8, 0xf3, 0x3b, 0xcc, 0x7d, 0x27, 0x3c, 0xef, 0x3b, 0x23, 0x3c,
  0xcb, 0x81, 0x1d, 0x3c, 0x2c, 0x27, 0x1a, 0x3c, 0x87, 0x82, 0x02, 0x3c,
  0xff, 0x74, 0x2a, 0x3c, 0xc1, 0x32, 0x14, 0x3c, 0x48, 0x47, 0x2d, 0x3c,
  0x29, 0x23, 0xf0, 0x3b, 0x36, 0x0c, 0xf5, 0x3b, 0x09, 0x5b, 0x2e, 0x3c,
  0xd7, 0x57, 0x13, 0x3c, 0x86, 0x1a, 0x48, 0x3c, 0xb0, 0x50, 0x4e, 0x3c,
  0xe3, 0x52, 0x5f, 0x3c, 0xeb, 0xda, 0xeb, 0x3b, 0x76, 0xc2, 0xd9, 0x3b,
  0x25, 0xa9, 0x0b, 0x3c, 0xbe, 0xb7, 0x0d, 0x3c, 0xae, 0x56, 0xf6, 0x3b,
  0x23, 0x00, 0x00, 0x00, 0x73, 0x65, 0x71, 0x75, 0x65, 0x6e, 0x74, 0x69,
  0x61, 0x6c, 0x5f, 0x31, 0x2f, 0x63, 0x6f, 0x6e, 0x76, 0x31, 0x64, 0x5f,
  0x32, 0x5f, 0x31, 0x2f, 0x63, 0x6f, 0x6e, 0x76, 0x6f, 0x6c, 0x75, 0x74,
  0x69, 0x6f, 0x6e, 0x00, 0x04, 0x00, 0x00, 0x00, 0x40, 0x00, 0x00, 0x00,
  0x01, 0x00, 0x00, 0x00, 0x03, 0x00, 0x00, 0x00, 0x20, 0x00, 0x00, 0x00,
  0x02, 0xf1, 0xff, 0xff, 0x00, 0x00, 0x00, 0x01, 0x14, 0x00, 0x00, 0x00,
  0x28, 0x03, 0x00, 0x00, 0x0f, 0x00, 0x00, 0x00, 0x00, 0x00, 0x00, 0x02,
  0xd0, 0x03, 0x00, 0x00, 0x84, 0xf0, 0xff, 0xff, 0x08, 0x00, 0x00, 0x00,
  0x0c, 0x02, 0x00, 0x00, 0x40, 0x00, 0x00, 0x00, 0x00, 0x00, 0x00, 0x00,
  0x00, 0x00, 0x00, 0x00, 0x00, 0x00, 0x00, 0x00, 0x00, 0x00, 0x00, 0x00,
  0x00, 0x00, 0x00, 0x00, 0x00, 0x00, 0x00, 0x00, 0x00, 0x00, 0x00, 0x00,
  0x00, 0x00, 0x00, 0x00, 0x00, 0x00, 0x00, 0x00, 0x00, 0x00, 0x00, 0x00,
  0x00, 0x00, 0x00, 0x00, 0x00, 0x00, 0x00, 0x00, 0x00, 0x00, 0x00, 0x00,
  0x00, 0x00, 0x00, 0x00, 0x00, 0x00, 0x00, 0x00, 0x00, 0x00, 0x00, 0x00,
  0x00, 0x00, 0x00, 0x00, 0x00, 0x00, 0x00, 0x00, 0x00, 0x00, 0x00, 0x00,
  0x00, 0x00, 0x00, 0x00, 0x00, 0x00, 0x00, 0x00, 0x00, 0x00, 0x00, 0x00,
  0x00, 0x00, 0x00, 0x00, 0x00, 0x00, 0x00, 0x00, 0x00, 0x00, 0x00, 0x00,
  0x00, 0x00, 0x00, 0x00, 0x00, 0x00, 0x00, 0x00, 0x00, 0x00, 0x00, 0x00,
  0x00, 0x00, 0x00, 0x00, 0x00, 0x00, 0x00, 0x00, 0x00, 0x00, 0x00, 0x00,
  0x00, 0x00, 0x00, 0x00, 0x00, 0x00, 0x00, 0x00, 0x00, 0x00, 0x00, 0x00,
  0x00, 0x00, 0x00, 0x00, 0x00, 0x00, 0x00, 0x00, 0x00, 0x00, 0x00, 0x00,
  0x00, 0x00, 0x00, 0x00, 0x00, 0x00, 0x00, 0x00, 0x00, 0x00, 0x00, 0x00,
  0x00, 0x00, 0x00, 0x00, 0x00, 0x00, 0x00, 0x00, 0x00, 0x00, 0x00, 0x00,
  0x00, 0x00, 0x00, 0x00, 0x00, 0x00, 0x00, 0x00, 0x00, 0x00, 0x00, 0x00,
  0x00, 0x00, 0x00, 0x00, 0x00, 0x00, 0x00, 0x00, 0x00, 0x00, 0x00, 0x00,
  0x00, 0x00, 0x00, 0x00, 0x00, 0x00, 0x00, 0x00, 0x00, 0x00, 0x00, 0x00,
  0x00, 0x00, 0x00, 0x00, 0x00, 0x00, 0x00, 0x00, 0x00, 0x00, 0x00, 0x00,
  0x00, 0x00, 0x00, 0x00, 0x00, 0x00, 0x00, 0x00, 0x00, 0x00, 0x00, 0x00,
  0x00, 0x00, 0x00, 0x00, 0x00, 0x00, 0x00, 0x00, 0x00, 0x00, 0x00, 0x00,
  0x00, 0x00, 0x00, 0x00, 0x00, 0x00, 0x00, 0x00, 0x00, 0x00, 0x00, 0x00,
  0x00, 0x00, 0x00, 0x00, 0x00, 0x00, 0x00, 0x00, 0x00, 0x00, 0x00, 0x00,
  0x00, 0x00, 0x00, 0x00, 0x00, 0x00, 0x00, 0x00, 0x00, 0x00, 0x00, 0x00,
  0x00, 0x00, 0x00, 0x00, 0x00, 0x00, 0x00, 0x00, 0x00, 0x00, 0x00, 0x00,
  0x00, 0x00, 0x00, 0x00, 0x00, 0x00, 0x00, 0x00, 0x00, 0x00, 0x00, 0x00,
  0x00, 0x00, 0x00, 0x00, 0x00, 0x00, 0x00, 0x00, 0x00, 0x00, 0x00, 0x00,
  0x00, 0x00, 0x00, 0x00, 0x00, 0x00, 0x00, 0x00, 0x00, 0x00, 0x00, 0x00,
  0x00, 0x00, 0x00, 0x00, 0x00, 0x00, 0x00, 0x00, 0x00, 0x00, 0x00, 0x00,
  0x00, 0x00, 0x00, 0x00, 0x00, 0x00, 0x00, 0x00, 0x00, 0x00, 0x00, 0x00,
  0x00, 0x00, 0x00, 0x00, 0x00, 0x00, 0x00, 0x00, 0x00, 0x00, 0x00, 0x00,
  0x00, 0x00, 0x00, 0x00, 0x00, 0x00, 0x00, 0x00, 0x00, 0x00, 0x00, 0x00,
  0x00, 0x00, 0x00, 0x00, 0x00, 0x00, 0x00, 0x00, 0x00, 0x00, 0x00, 0x00,
  0x00, 0x00, 0x00, 0x00, 0x00, 0x00, 0x00, 0x00, 0x00, 0x00, 0x00, 0x00,
  0x00, 0x00, 0x00, 0x00, 0x00, 0x00, 0x00, 0x00, 0x00, 0x00, 0x00, 0x00,
  0x00, 0x00, 0x00, 0x00, 0x00, 0x00, 0x00, 0x00, 0x00, 0x00, 0x00, 0x00,
  0x00, 0x00, 0x00, 0x00, 0x00, 0x00, 0x00, 0x00, 0x00, 0x00, 0x00, 0x00,
  0x00, 0x00, 0x00, 0x00, 0x00, 0x00, 0x00, 0x00, 0x00, 0x00, 0x00, 0x00,
  0x00, 0x00, 0x00, 0x00, 0x00, 0x00, 0x00, 0x00, 0x00, 0x00, 0x00, 0x00,
  0x00, 0x00, 0x00, 0x00, 0x00, 0x00, 0x00, 0x00, 0x00, 0x00, 0x00, 0x00,
  0x00, 0x00, 0x00, 0x00, 0x00, 0x00, 0x00, 0x00, 0x00, 0x00, 0x00, 0x00,
  0x00, 0x00, 0x00, 0x00, 0x00, 0x00, 0x00, 0x00, 0x00, 0x00, 0x00, 0x00,
  0x00, 0x00, 0x00, 0x00, 0x00, 0x00, 0x00, 0x00, 0x00, 0x00, 0x00, 0x00,
  0x00, 0x00, 0x00, 0x00, 0x00, 0x00, 0x00, 0x00, 0x40, 0x00, 0x00, 0x00,
  0x67, 0x7b, 0x29, 0x39, 0xb5, 0x26, 0x2f, 0x39, 0x1e, 0x16, 0x30, 0x39,
  0xfe, 0x0b, 0x1a, 0x39, 0xfe, 0xf3, 0x69, 0x39, 0xd0, 0x6e, 0x34, 0x39,
  0x4f, 0x62, 0x30, 0x39, 0xf7, 0x9f, 0x14, 0x39, 0x13, 0x11, 0x3f, 0x39,
  0x78, 0xc7, 0x08, 0x39, 0x8c, 0x41, 0x39, 0x39, 0x7f, 0x7c, 0x31, 0x39,
  0x35, 0x89, 0x34, 0x39, 0x81, 0xb3, 0x25, 0x39, 0xe9, 0x4b, 0x21, 0x39,
  0x6a, 0xa8, 0x34, 0x39, 0x30, 0xdc, 0x28, 0x39, 0xd9, 0x3d, 0x21, 0x39,
  0x01, 0xa0, 0x1f, 0x39, 0x02, 0xcb, 0x25, 0x39, 0xe9, 0x9a, 0x6d, 0x39,
  0x00, 0xdf, 0x2a, 0x39, 0x36, 0xb2, 0x14, 0x39, 0xaa, 0xf6, 0x30, 0x39,
  0x35, 0x02, 0x3e, 0x39, 0xa4, 0xf7, 0x07, 0x39, 0x3d, 0x1b, 0x31, 0x39,
  0xd5, 0x52, 0x41, 0x39, 0xe5, 0x03, 0x2b, 0x39, 0xa8, 0x31, 0x32, 0x39,
  0xb0, 0x50, 0x2b, 0x39, 0x47, 0x5b, 0x2c, 0x39, 0xdf, 0x3c, 0x82, 0x39,
  0xf3, 0xcc, 0x1f, 0x39, 0x96, 0x36, 0x8d, 0x39, 0x19, 0xc1, 0x37, 0x39,
  0xfb, 0x81, 0x2f, 0x39, 0x3e, 0xd2, 0x13, 0x39, 0x69, 0xb0, 0x85, 0x39,
  0x6c, 0x56, 0x3a, 0x39, 0x26, 0x96, 0x42, 0x39, 0x73, 0xf7, 0x24, 0x39,
  0x0a, 0xf8, 0x43, 0x39, 0x8e, 0x70, 0x19, 0x39, 0xd0, 0xc9, 0x52, 0x39,
  0x38, 0x6e, 0x4d, 0x39, 0x14, 0x39, 0x46, 0x39, 0x80, 0x00, 0x42, 0x39,
  0x3b, 0x3f, 0x24, 0x39, 0x45, 0x85, 0x56, 0x39, 0x04, 0x82, 0x3a, 0x39,
  0x44, 0x12, 0x5a, 0x39, 0x52, 0x1b, 0x17, 0x39, 0x52, 0x32, 0x1a, 0x39,
  0x4d, 0x6d, 0x5b, 0x39, 0x83, 0x6e, 0x39, 0x39, 0xb5, 0xd4, 0x7b, 0x39,
  0xf7, 0xd2, 0x81, 0x39, 0xda, 0x86, 0x8c, 0x39, 0x82, 0x69, 0x14, 0x39,
  0x88, 0x06, 0x09, 0x39, 0x6c, 0xc3, 0x2f, 0x39, 0x25, 0x5a, 0x32, 0x39,
  0x45, 0x02, 0x1b, 0x39, 0xac, 0x00, 0x00, 0x00, 0x73, 0x65, 0x71, 0x75,
  0x65, 0x6e, 0x74, 0x69, 0x61, 0x6c, 0x5f, 0x31, 0x2f, 0x63, 0x6f, 0x6e,
  0x76, 0x31, 0x64, 0x5f, 0x32, 0x5f, 0x31, 0x2f, 0x52, 0x65, 0x6c, 0x75,
  0x3b, 0x73, 0x65, 0x71, 0x75, 0x65, 0x6e, 0x74, 0x69, 0x61, 0x6c, 0x5f,
  0x31, 0x2f, 0x63, 0x6f, 0x6e, 0x76, 0x31, 0x64, 0x5f, 0x32, 0x5f, 0x31,
  0x2f, 0x42, 0x69, 0x61, 0x73, 0x41, 0x64, 0x64, 0x3b, 0x73, 0x65, 0x71,
  0x75, 0x65, 0x6e, 0x74, 0x69, 0x61, 0x6c, 0x5f, 0x31, 0x2f, 0x63, 0x6f,
  0x6e, 0x76, 0x31, 0x64, 0x5f, 0x32, 0x5f, 0x31, 0x2f, 0x63, 0x6f, 0x6e,
  0x76, 0x6f, 0x6c, 0x75, 0x74, 0x69, 0x6f, 0x6e, 0x2f, 0x53, 0x71, 0x75,
  0x65, 0x65, 0x7a, 0x65, 0x3b, 0x73, 0x65, 0x71, 0x75, 0x65, 0x6e, 0x74,
  0x69, 0x61, 0x6c, 0x5f, 0x31, 0x2f, 0x63, 0x6f, 0x6e, 0x76, 0x31, 0x64,
  0x5f, 0x32, 0x5f, 0x31, 0x2f, 0x53, 0x71, 0x75, 0x65, 0x65, 0x7a, 0x65,
  0x3b, 0x73, 0x65, 0x71, 0x75, 0x65, 0x6e, 0x74, 0x69, 0x61, 0x6c, 0x5f,
  0x31, 0x2f, 0x63, 0x6f, 0x6e, 0x76, 0x31, 0x64, 0x5f, 0x32, 0x5f, 0x31,
  0x2f, 0x63, 0x6f, 0x6e, 0x76, 0x6f, 0x6c, 0x75, 0x74, 0x69, 0x6f, 0x6e,
  0x00, 0x00, 0x00, 0x00, 0x01, 0x00, 0x00, 0x00, 0x40, 0x00, 0x00, 0x00,
  0xf2, 0xf4, 0xff, 0xff, 0x00, 0x00, 0x00, 0x01, 0x14, 0x00, 0x00, 0x00,
  0x34, 0x00, 0x00, 0x00, 0x0e, 0x00, 0x00, 0x00, 0x00, 0x00, 0x00, 0x09,
  0x60, 0x00, 0x00, 0x00, 0x74, 0xf4, 0xff, 0xff, 0x08, 0x00, 0x00, 0x00,
  0x14, 0x00, 0x00, 0x00, 0x01, 0x00, 0x00, 0x00, 0x88, 0xff, 0xff, 0xff,
  0xff, 0xff, 0xff, 0xff, 0x00, 0x00, 0x00, 0x00, 0x01, 0x00, 0x00, 0x00,
  0x57, 0xca, 0x44, 0x3b, 0x32, 0x00, 0x00, 0x00, 0x73, 0x65, 0x71, 0x75,
  0x65, 0x6e, 0x74, 0x69, 0x61, 0x6c, 0x5f, 0x31, 0x2f, 0x62, 0x61, 0x74,
  0x63, 0x68, 0x5f, 0x6e, 0x6f, 0x72, 0x6d, 0x61, 0x6c, 0x69, 0x7a, 0x61,
  0x74, 0x69, 0x6f, 0x6e, 0x5f, 0x32, 0x5f, 0x31, 0x2f, 0x62, 0x61, 0x74,
  0x63, 0x68, 0x6e, 0x6f, 0x72, 0x6d, 0x2f, 0x6d, 0x75, 0x6c, 0x00, 0x00,
  0x01, 0x00, 0x00, 0x00, 0x40, 0x00, 0x00, 0x00, 0x72, 0xf5, 0xff, 0xff,
  0x00, 0x00, 0x00, 0x01, 0x14, 0x00, 0x00, 0x00, 0x34, 0x00, 0x00, 0x00,
  0x0d, 0x00, 0x00, 0x00, 0x00, 0x00, 0x00, 0x09, 0x60, 0x00, 0x00, 0x00,
  0xf4, 0xf4, 0xff, 0xff, 0x08, 0x00, 0x00, 0x00, 0x14, 0x00, 0x00, 0x00,
  0x01, 0x00, 0x00, 0x00, 0x6f, 0x00, 0x00, 0x00, 0x00, 0x00, 0x00, 0x00,
  0x00, 0x00, 0x00, 0x00, 0x01, 0x00, 0x00, 0x00, 0x2d, 0x72, 0x79, 0x3b,
  0x32, 0x00, 0x00, 0x00, 0x73, 0x65, 0x71, 0x75, 0x65, 0x6e, 0x74, 0x69,
  0x61, 0x6c, 0x5f, 0x31, 0x2f, 0x62, 0x61, 0x74, 0x63, 0x68, 0x5f, 0x6e,
  0x6f, 0x72, 0x6d, 0x61, 0x6c, 0x69, 0x7a, 0x61, 0x74, 0x69, 0x6f, 0x6e,
  0x5f, 0x32, 0x5f, 0x31, 0x2f, 0x62, 0x61, 0x74, 0x63, 0x68, 0x6e, 0x6f,
  0x72, 0x6d, 0x2f, 0x73, 0x75, 0x62, 0x00, 0x00, 0x01, 0x00, 0x00, 0x00,
  0x40, 0x00, 0x00, 0x00, 0xf2, 0xf5, 0xff, 0xff, 0x00, 0x00, 0x00, 0x01,
  0x14, 0x00, 0x00, 0x00, 0x28, 0x03, 0x00, 0x00, 0x0c, 0x00, 0x00, 0x00,
  0x00, 0x00, 0x00, 0x09, 0x3c, 0x03, 0x00, 0x00, 0x74, 0xf5, 0xff, 0xff,
  0x08, 0x00, 0x00, 0x00, 0x0c, 0x02, 0x00, 0x00, 0x40, 0x00, 0x00, 0x00,
  0x00, 0x00, 0x00, 0x00, 0x00, 0x00, 0x00, 0x00, 0x00, 0x00, 0x00, 0x00,
  0x00, 0x00, 0x00, 0x00, 0x00, 0x00, 0x00, 0x00, 0x00, 0x00, 0x00, 0x00,
  0x00, 0x00, 0x00, 0x00, 0x00, 0x00, 0x00, 0x00, 0x00, 0x00, 0x00, 0x00,
  0x00, 0x00, 0x00, 0x00, 0x00, 0x00, 0x00, 0x00, 0x00, 0x00, 0x00, 0x00,
  0x00, 0x00, 0x00, 0x00, 0x00, 0x00, 0x00, 0x00, 0x00, 0x00, 0x00, 0x00,
  0x00, 0x00, 0x00, 0x00, 0x00, 0x00, 0x00, 0x00, 0x00, 0x00, 0x00, 0x00,
  0x00, 0x00, 0x00, 0x00, 0x00, 0x00, 0x00, 0x00, 0x00, 0x00, 0x00, 0x00,
  0x00, 0x00, 0x00, 0x00, 0x00, 0x00, 0x00, 0x00, 0x00, 0x00, 0x00, 0x00,
  0x00, 0x00, 0x00, 0x00, 0x00, 0x00, 0x00, 0x00, 0x00, 0x00, 0x00, 0x00,
  0x00, 0x00, 0x00, 0x00, 0x00, 0x00, 0x00, 0x00, 0x00, 0x00, 0x00, 0x00,
  0x00, 0x00, 0x00, 0x00, 0x00, 0x00, 0x00, 0x00, 0x00, 0x00, 0x00, 0x00,
  0x00, 0x00, 0x00, 0x00, 0x00, 0x00, 0x00, 0x00, 0x00, 0x00, 0x00, 0x00,
  0x00, 0x00, 0x00, 0x00, 0x00, 0x00, 0x00, 0x00, 0x00, 0x00, 0x00, 0x00,
  0x00, 0x00, 0x00, 0x00, 0x00, 0x00, 0x00, 0x00, 0x00, 0x00, 0x00, 0x00,
  0x00, 0x00, 0x00, 0x00, 0x00, 0x00, 0x00, 0x00, 0x00, 0x00, 0x00, 0x00,
  0x00, 0x00, 0x00, 0x00, 0x00, 0x00, 0x00, 0x00, 0x00, 0x00, 0x00, 0x00,
  0x00, 0x00, 0x00, 0x00, 0x00, 0x00, 0x00, 0x00, 0x00, 0x00, 0x00, 0x00,
  0x00, 0x00, 0x00, 0x00, 0x00, 0x00, 0x00, 0x00, 0x00, 0x00, 0x00, 0x00,
  0x00, 0x00, 0x00, 0x00, 0x00, 0x00, 0x00, 0x00, 0x00, 0x00, 0x00, 0x00,
  0x00, 0x00, 0x00, 0x00, 0x00, 0x00, 0x00, 0x00, 0x00, 0x00, 0x00, 0x00,
  0x00, 0x00, 0x00, 0x00, 0x00, 0x00, 0x00, 0x00, 0x00, 0x00, 0x00, 0x00,
  0x00, 0x00, 0x00, 0x00, 0x00, 0x00, 0x00, 0x00, 0x00, 0x00, 0x00, 0x00,
  0x00, 0x00, 0x00, 0x00, 0x00, 0x00, 0x00, 0x00, 0x00, 0x00, 0x00, 0x00,
  0x00, 0x00, 0x00, 0x00, 0x00, 0x00, 0x00, 0x00, 0x00, 0x00, 0x00, 0x00,
  0x00, 0x00, 0x00, 0x00, 0x00, 0x00, 0x00, 0x00, 0x00, 0x00, 0x00, 0x00,
  0x00, 0x00, 0x00, 0x00, 0x00, 0x00, 0x00, 0x00, 0x00, 0x00, 0x00, 0x00,
  0x00, 0x00, 0x00, 0x00, 0x00, 0x00, 0x00, 0x00, 0x00, 0x00, 0x00, 0x00,
  0x00, 0x00, 0x00, 0x00, 0x00, 0x00, 0x00, 0x00, 0x00, 0x00, 0x00, 0x00,
  0x00, 0x00, 0x00, 0x00, 0x00, 0x00, 0x00, 0x00, 0x00, 0x00, 0x00, 0x00,
  0x00, 0x00, 0x00, 0x00, 0x00, 0x00, 0x00, 0x00, 0x00, 0x00, 0x00, 0x00,
  0x00, 0x00, 0x00, 0x00, 0x00, 0x00, 0x00, 0x00, 0x00, 0x00, 0x00, 0x00,
  0x00, 0x00, 0x00, 0x00, 0x00, 0x00, 0x00, 0x00, 0x00, 0x00, 0x00, 0x00,
  0x00, 0x00, 0x00, 0x00, 0x00, 0x00, 0x00, 0x00, 0x00, 0x00, 0x00, 0x00,
  0x00, 0x00, 0x00, 0x00, 0x00, 0x00, 0x00, 0x00, 0x00, 0x00, 0x00, 0x00,
  0x00, 0x00, 0x00, 0x00, 0x00, 0x00, 0x00, 0x00, 0x00, 0x00, 0x00, 0x00,
  0x00, 0x00, 0x00, 0x00, 0x00, 0x00, 0x00, 0x00, 0x00, 0x00, 0x00, 0x00,
  0x00, 0x00, 0x00, 0x00, 0x00, 0x00, 0x00, 0x00, 0x00, 0x00, 0x00, 0x00,
  0x00, 0x00, 0x00, 0x00, 0x00, 0x00, 0x00, 0x00, 0x00, 0x00, 0x00, 0x00,
  0x00, 0x00, 0x00, 0x00, 0x00, 0x00, 0x00, 0x00, 0x00, 0x00, 0x00, 0x00,
  0x00, 0x00, 0x00, 0x00, 0x00, 0x00, 0x00, 0x00, 0x00, 0x00, 0x00, 0x00,
  0x00, 0x00, 0x00, 0x00, 0x00, 0x00, 0x00, 0x00, 0x00, 0x00, 0x00, 0x00,
  0x00, 0x00, 0x00, 0x00, 0x00, 0x00, 0x00, 0x00, 0x00, 0x00, 0x00, 0x00,
  0x00, 0x00, 0x00, 0x00, 0x00, 0x00, 0x00, 0x00, 0x00, 0x00, 0x00, 0x00,
  0x40, 0x00, 0x00, 0x00, 0x64, 0x31, 0x92, 0x3a, 0x07, 0x7f, 0xb3, 0x3a,
  0x58, 0xe0, 0xa6, 0x3a, 0xc9, 0x9f, 0x9f, 0x3a, 0x21, 0xaa, 0x97, 0x3a,
  0xb0, 0x98, 0xaa, 0x3a, 0xb2, 0xc9, 0xb1, 0x3a, 0x0a, 0xea, 0xd1, 0x3a,
  0x58, 0xb6, 0xc0, 0x3a, 0x03, 0xfa, 0x5b, 0x3a, 0x9b, 0x33, 0xf4, 0x3a,
  0xca, 0xc5, 0xc3, 0x3a, 0xca, 0x39, 0xa2, 0x3a, 0x3e, 0x79, 0xd2, 0x3a,
  0xb8, 0xfc, 0xa6, 0x3a, 0x04, 0xfe, 0x92, 0x3a, 0xb3, 0x73, 0xbc, 0x3a,
  0x5b, 0xcf, 0x80, 0x3a, 0x6b, 0xb4, 0xa2, 0x3a, 0xd0, 0x4f, 0x86, 0x3a,
  0xc6, 0x44, 0xc9, 0x3a, 0x0d, 0xbd, 0x8f, 0x3a, 0xce, 0xc0, 0x73, 0x3a,
  0xec, 0x86, 0xbf, 0x3a, 0xeb, 0xff, 0x8e, 0x3a, 0xe4, 0x04, 0x03, 0x33,
  0xe2, 0x58, 0x9b, 0x3a, 0x60, 0x81, 0xa0, 0x3a, 0x8a, 0xfa, 0x9f, 0x3a,
  0x9a, 0x18, 0x80, 0x3a, 0xc5, 0xa6, 0x82, 0x3a, 0x6b, 0xaf, 0xfb, 0x3a,
  0x7d, 0x5b, 0xa7, 0x3a, 0xdd, 0xc7, 0xb3, 0x3a, 0x7d, 0xb7, 0x90, 0x3a,
  0x54, 0x88, 0xd6, 0x3a, 0xd8, 0xa1, 0xfa, 0x3a, 0xe1, 0xe6, 0x89, 0x3a,
  0xd0, 0xfd, 0xa3, 0x3a, 0x04, 0x60, 0xab, 0x3a, 0x60, 0xd8, 0xaf, 0x3a,
  0xe3, 0xfd, 0x04, 0x3b, 0x0b, 0x8d, 0x9f, 0x3a, 0xea, 0x62, 0xaf, 0x3a,
  0xf8, 0xc6, 0xa7, 0x3a, 0x01, 0xe0, 0xbf, 0x3a, 0x0e, 0x0b, 0xa2, 0x3a,
  0x26, 0x29, 0xc9, 0x3a, 0x2d, 0x19, 0x95, 0x3a, 0x64, 0x97, 0xaf, 0x3a,
  0x34, 0x66, 0xd5, 0x3a, 0xf8, 0xb1, 0xef, 0x3a, 0x2b, 0x4e, 0xb0, 0x3a,
  0x0b, 0x64, 0x97, 0x3a, 0x0e, 0x29, 0xc0, 0x3a, 0xcc, 0x9a, 0xa7, 0x3a,
  0xeb, 0x7a, 0x95, 0x3a, 0xa2, 0xed, 0x96, 0x3a, 0x22, 0xc3, 0x9a, 0x3a,
  0xd1, 0xa8, 0xbf, 0x3a, 0xb1, 0xdf, 0xe7, 0x3a, 0x51, 0x47, 0xac, 0x3a,
  0xe4, 0xb7, 0x9f, 0x3a, 0x7c, 0x40, 0xca, 0x3a, 0x1b, 0x00, 0x00, 0x00,
  0x73, 0x65, 0x71, 0x75, 0x65, 0x6e, 0x74, 0x69, 0x61, 0x6c, 0x5f, 0x31,
  0x2f, 0x64, 0x65, 0x6e, 0x73, 0x65, 0x5f, 0x31, 0x2f, 0x4d, 0x61, 0x74,
  0x4d, 0x75, 0x6c, 0x00, 0x02, 0x00, 0x00, 0x00, 0x40, 0x00, 0x00, 0x00,
  0x40, 0x00, 0x00, 0x00, 0x52, 0xf9, 0xff, 0xff, 0x00, 0x00, 0x00, 0x01,
  0x14, 0x00, 0x00, 0x00, 0x28, 0x03, 0x00, 0x00, 0x0b, 0x00, 0x00, 0x00,
  0x00, 0x00, 0x00, 0x02, 0x58, 0x03, 0x00, 0x00, 0xd4, 0xf8, 0xff, 0xff,
  0x08, 0x00, 0x00, 0x00, 0x0c, 0x02, 0x00, 0x00, 0x40, 0x00, 0x00, 0x00,
  0x00, 0x00, 0x00, 0x00, 0x00, 0x00, 0x00, 0x00, 0x00, 0x00, 0x00, 0x00,
  0x00, 0x00, 0x00, 0x00, 0x00, 0x00, 0x00, 0x00, 0x00, 0x00, 0x00, 0x00,
  0x00, 0x00, 0x00, 0x00, 0x00, 0x00, 0x00, 0x00, 0x00, 0x00, 0x00, 0x00,
  0x00, 0x00, 0x00, 0x00, 0x00, 0x00, 0x00, 0x00, 0x00, 0x00, 0x00, 0x00,
  0x00, 0x00, 0x00, 0x00, 0x00, 0x00, 0x00, 0x00, 0x00, 0x00, 0x00, 0x00,
  0x00, 0x00, 0x00, 0x00, 0x00, 0x00, 0x00, 0x00, 0x00, 0x00, 0x00, 0x00,
  0x00, 0x00, 0x00, 0x00, 0x00, 0x00, 0x00, 0x00, 0x00, 0x00, 0x00, 0x00,
  0x00, 0x00, 0x00, 0x00, 0x00, 0x00, 0x00, 0x00, 0x00, 0x00, 0x00, 0x00,
  0x00, 0x00, 0x00, 0x00, 0x00, 0x00, 0x00, 0x00, 0x00, 0x00, 0x00, 0x00,
  0x00, 0x00, 0x00, 0x00, 0x00, 0x00, 0x00, 0x00, 0x00, 0x00, 0x00, 0x00,
  0x00, 0x00, 0x00, 0x00, 0x00, 0x00, 0x00, 0x00, 0x00, 0x00, 0x00, 0x00,
  0x00, 0x00, 0x00, 0x00, 0x00, 0x00, 0x00, 0x00, 0x00, 0x00, 0x00, 0x00,
  0x00, 0x00, 0x00, 0x00, 0x00, 0x00, 0x00, 0x00, 0x00, 0x00, 0x00, 0x00,
  0x00, 0x00, 0x00, 0x00, 0x00, 0x00, 0x00, 0x00, 0x00, 0x00, 0x00, 0x00,
  0x00, 0x00, 0x00, 0x00, 0x00, 0x00, 0x00, 0x00, 0x00, 0x00, 0x00, 0x00,
  0x00, 0x00, 0x00, 0x00, 0x00, 0x00, 0x00, 0x00, 0x00, 0x00, 0x00, 0x00,
  0x00, 0x00, 0x00, 0x00, 0x00, 0x00, 0x00, 0x00, 0x00, 0x00, 0x00, 0x00,
  0x00, 0x00, 0x00, 0x00, 0x00, 0x00, 0x00, 0x00, 0x00, 0x00, 0x00, 0x00,
  0x00, 0x00, 0x00, 0x00, 0x00, 0x00, 0x00, 0x00, 0x00, 0x00, 0x00, 0x00,
  0x00, 0x00, 0x00, 0x00, 0x00, 0x00, 0x00, 0x00, 0x00, 0x00, 0x00, 0x00,
  0x00, 0x00, 0x00, 0x00, 0x00, 0x00, 0x00, 0x00, 0x00, 0x00, 0x00, 0x00,
  0x00, 0x00, 0x00, 0x00, 0x00, 0x00, 0x00, 0x00, 0x00, 0x00, 0x00, 0x00,
  0x00, 0x00, 0x00, 0x00, 0x00, 0x00, 0x00, 0x00, 0x00, 0x00, 0x00, 0x00,
  0x00, 0x00, 0x00, 0x00, 0x00, 0x00, 0x00, 0x00, 0x00, 0x00, 0x00, 0x00,
  0x00, 0x00, 0x00, 0x00, 0x00, 0x00, 0x00, 0x00, 0x00, 0x00, 0x00, 0x00,
  0x00, 0x00, 0x00, 0x00, 0x00, 0x00, 0x00, 0x00, 0x00, 0x00, 0x00, 0x00,
  0x00, 0x00, 0x00, 0x00, 0x00, 0x00, 0x00, 0x00, 0x00, 0x00, 0x00, 0x00,
  0x00, 0x00, 0x00, 0x00, 0x00, 0x00, 0x00, 0x00, 0x00, 0x00, 0x00, 0x00,
  0x00, 0x00, 0x00, 0x00, 0x00, 0x00, 0x00, 0x00, 0x00, 0x00, 0x00, 0x00,
  0x00, 0x00, 0x00, 0x00, 0x00, 0x00, 0x00, 0x00, 0x00, 0x00, 0x00, 0x00,
  0x00, 0x00, 0x00, 0x00, 0x00, 0x00, 0x00, 0x00, 0x00, 0x00, 0x00, 0x00,
  0x00, 0x00, 0x00, 0x00, 0x00, 0x00, 0x00, 0x00, 0x00, 0x00, 0x00, 0x00,
  0x00, 0x00, 0x00, 0x00, 0x00, 0x00, 0x00, 0x00, 0x00, 0x00, 0x00, 0x00,
  0x00, 0x00, 0x00, 0x00, 0x00, 0x00, 0x00, 0x00, 0x00, 0x00, 0x00, 0x00,
  0x00, 0x00, 0x00, 0x00, 0x00, 0x00, 0x00, 0x00, 0x00, 0x00, 0x00, 0x00,
  0x00, 0x00, 0x00, 0x00, 0x00, 0x00, 0x00, 0x00, 0x00, 0x00, 0x00, 0x00,
  0x00, 0x00, 0x00, 0x00, 0x00, 0x00, 0x00, 0x00, 0x00, 0x00, 0x00, 0x00,
  0x00, 0x00, 0x00, 0x00, 0x00, 0x00, 0x00, 0x00, 0x00, 0x00, 0x00, 0x00,
  0x00, 0x00, 0x00, 0x00, 0x00, 0x00, 0x00, 0x00, 0x00, 0x00, 0x00, 0x00,
  0x00, 0x00, 0x00, 0x00, 0x00, 0x00, 0x00, 0x00, 0x00, 0x00, 0x00, 0x00,
  0x00, 0x00, 0x00, 0x00, 0x00, 0x00, 0x00, 0x00, 0x00, 0x00, 0x00, 0x00,
  0x00, 0x00, 0x00, 0x00, 0x00, 0x00, 0x00, 0x00, 0x00, 0x00, 0x00, 0x00,
  0x00, 0x00, 0x00, 0x00, 0x00, 0x00, 0x00, 0x00, 0x00, 0x00, 0x00, 0x00,
  0x40, 0x00, 0x00, 0x00, 0xc7, 0x28, 0x87, 0x37, 0xf5, 0xf2, 0xa5, 0x37,
  0x1a, 0x48, 0x9a, 0x37, 0xaa, 0x93, 0x93, 0x37, 0xcc, 0x37, 0x8c, 0x37,
  0x92, 0xb8, 0x9d, 0x37, 0xa2, 0x5e, 0xa4, 0x37, 0x42, 0x12, 0xc2, 0x37,
  0xec, 0x2a, 0xb2, 0x37, 0xd0, 0x5f, 0x4b, 0x37, 0x5a, 0xc5, 0xe1, 0x37,
  0x3d, 0xff, 0xb4, 0x37, 0x67, 0xfb, 0x95, 0x37, 0xa7, 0x96, 0xc2, 0x37,
  0x56, 0x62, 0x9a, 0x37, 0xf5, 0xe5, 0x87, 0x37, 0x98, 0x3a, 0xae, 0x37,
  0x33, 0x2d, 0x6e, 0x37, 0xc7, 0x6c, 0x96, 0x37, 0x83, 0x59, 0x78, 0x37,
  0x09, 0x14, 0xba, 0x37, 0xdc, 0xe3, 0x84, 0x37, 0x38, 0x5b, 0x61, 0x37,
  0x67, 0x12, 0xb1, 0x37, 0x00, 0x35, 0x84, 0x37, 0xe7, 0x42, 0xf2, 0x2f,
  0x66, 0x9f, 0x8f, 0x37, 0x3b, 0x64, 0x94, 0x37, 0x92, 0xe7, 0x93, 0x37,
  0x47, 0xdb, 0x6c, 0x37, 0xdf, 0x94, 0x71, 0x37, 0x93, 0xb0, 0xe8, 0x37,
  0xf4, 0xb9, 0x9a, 0x37, 0x4c, 0x36, 0xa6, 0x37, 0x65, 0xcb, 0x85, 0x37,
  0x51, 0x57, 0xc6, 0x37, 0x58, 0xb7, 0xe7, 0x37, 0xeb, 0xfc, 0x7e, 0x37,
  0x50, 0x9d, 0x97, 0x37, 0xdb, 0x70, 0x9e, 0x37, 0xd8, 0x92, 0xa2, 0x37,
  0xac, 0xe8, 0xf5, 0x37, 0x56, 0x82, 0x93, 0x37, 0x40, 0x26, 0xa2, 0x37,
  0x52, 0x1d, 0x9b, 0x37, 0xc3, 0x64, 0xb1, 0x37, 0x32, 0xd0, 0x95, 0x37,
  0x7f, 0xfa, 0xb9, 0x37, 0x6d, 0xd8, 0x89, 0x37, 0xc4, 0x56, 0xa2, 0x37,
  0x16, 0x4b, 0xc5, 0x37, 0xc9, 0x9a, 0xdd, 0x37, 0xc0, 0xff, 0xa2, 0x37,
  0x00, 0xf7, 0x8b, 0x37, 0x4c, 0xa8, 0xb1, 0x37, 0x7c, 0xf4, 0x9a, 0x37,
  0xcb, 0x32, 0x8a, 0x37, 0x87, 0x89, 0x8b, 0x37, 0xf3, 0x14, 0x8f, 0x37,
  0xbd, 0x31, 0xb1, 0x37, 0xa0, 0x5f, 0xd6, 0x37, 0xb3, 0x46, 0x9f, 0x37,
  0xf3, 0xa9, 0x93, 0x37, 0xbf, 0xfc, 0xba, 0x37, 0x36, 0x00, 0x00, 0x00,
  0x73, 0x65, 0x71, 0x75, 0x65, 0x6e, 0x74, 0x69, 0x61, 0x6c, 0x5f, 0x31,
  0x2f, 0x64, 0x65, 0x6e, 0x73, 0x65, 0x5f, 0x31, 0x2f, 0x52, 0x65, 0x6c,
  0x75, 0x3b, 0x73, 0x65, 0x71, 0x75, 0x65, 0x6e, 0x74, 0x69, 0x61, 0x6c,
  0x5f, 0x31, 0x2f, 0x64, 0x65, 0x6e, 0x73, 0x65, 0x5f, 0x31, 0x2f, 0x42,
  0x69, 0x61, 0x73, 0x41, 0x64, 0x64, 0x00, 0x00, 0x01, 0x00, 0x00, 0x00,
  0x40, 0x00, 0x00, 0x00, 0xca, 0xfc, 0xff, 0xff, 0x00, 0x00, 0x00, 0x01,
  0x14, 0x00, 0x00, 0x00, 0x64, 0x00, 0x00, 0x00, 0x0a, 0x00, 0x00, 0x00,
  0x00, 0x00, 0x00, 0x09, 0x7c, 0x00, 0x00, 0x00, 0x4c, 0xfc, 0xff, 0xff,
  0x08, 0x00, 0x00, 0x00, 0x34, 0x00, 0x00, 0x00, 0x05, 0x00, 0x00, 0x00,
  0x00, 0x00, 0x00, 0x00, 0x00, 0x00, 0x00, 0x00, 0x00, 0x00, 0x00, 0x00,
  0x00, 0x00, 0x00, 0x00, 0x00, 0x00, 0x00, 0x00, 0x00, 0x00, 0x00, 0x00,
  0x00, 0x00, 0x00, 0x00, 0x00, 0x00, 0x00, 0x00, 0x00, 0x00, 0x00, 0x00,
  0x00, 0x00, 0x00, 0x00, 0x00, 0x00, 0x00, 0x00, 0x05, 0x00, 0x00, 0x00,
  0xaf, 0x0d, 0x5c, 0x3c, 0xac, 0xf2, 0x7b, 0x3c, 0x3b, 0xa8, 0x53, 0x3c,
  0xcf, 0x48, 0x30, 0x3c, 0x76, 0xe6, 0x57, 0x3c, 0x1d, 0x00, 0x00, 0x00,
  0x73, 0x65, 0x71, 0x75, 0x65, 0x6e, 0x74, 0x69, 0x61, 0x6c, 0x5f, 0x31,
  0x2f, 0x64, 0x65, 0x6e, 0x73, 0x65, 0x5f, 0x31, 0x5f, 0x32, 0x2f, 0x4d,
  0x61, 0x74, 0x4d, 0x75, 0x6c, 0x00, 0x00, 0x00, 0x02, 0x00, 0x00, 0x00,
  0x05, 0x00, 0x00, 0x00, 0x40, 0x00, 0x00, 0x00, 0x6a, 0xfd, 0xff, 0xff,
  0x00, 0x00, 0x00, 0x01, 0x14, 0x00, 0x00, 0x00, 0x60, 0x00, 0x00, 0x00,
  0x09, 0x00, 0x00, 0x00, 0x00, 0x00, 0x00, 0x02, 0x78, 0x00, 0x00, 0x00,
  0xec, 0xfc, 0xff, 0xff, 0x08, 0x00, 0x00, 0x00, 0x30, 0x00, 0x00, 0x00,
  0x05, 0x00, 0x00, 0x00, 0x00, 0x00, 0x00, 0x00, 0x00, 0x00, 0x00, 0x00,
  0x00, 0x00, 0x00, 0x00, 0x00, 0x00, 0x00, 0x00, 0x00, 0x00, 0x00, 0x00,
  0x00, 0x00, 0x00, 0x00, 0x00, 0x00, 0x00, 0x00, 0x00, 0x00, 0x00, 0x00,
  0x00, 0x00, 0x00, 0x00, 0x00, 0x00, 0x00, 0x00, 0x05, 0x00, 0x00, 0x00,
  0xce, 0xeb, 0xf7, 0x38, 0x68, 0xed, 0x0d, 0x39, 0x25, 0x76, 0xee, 0x38,
  0xf1, 0x9b, 0xc6, 0x38, 0xf0, 0x3d, 0xf3, 0x38, 0x1e, 0x00, 0x00, 0x00,
  0x73, 0x65, 0x71, 0x75, 0x65, 0x6e, 0x74, 0x69, 0x61, 0x6c, 0x5f, 0x31,
  0x2f, 0x64, 0x65, 0x6e, 0x73, 0x65, 0x5f, 0x31, 0x5f, 0x32, 0x2f, 0x42,
  0x69, 0x61, 0x73, 0x41, 0x64, 0x64, 0x00, 0x00, 0x01, 0x00, 0x00, 0x00,
  0x05, 0x00, 0x00, 0x00, 0x02, 0xfe, 0xff, 0xff, 0x00, 0x00, 0x00, 0x01,
  0x14, 0x00, 0x00, 0x00, 0x14, 0x00, 0x00, 0x00, 0x08, 0x00, 0x00, 0x00,
  0x00, 0x00, 0x00, 0x02, 0x38, 0x00, 0x00, 0x00, 0xec, 0xfd, 0xff, 0xff,
  0x2b, 0x00, 0x00, 0x00, 0x73, 0x65, 0x71, 0x75, 0x65, 0x6e, 0x74, 0x69,
  0x61, 0x6c, 0x5f, 0x31, 0x2f, 0x63, 0x6f, 0x6e, 0x76, 0x31, 0x64, 0x5f,
  0x32, 0x5f, 0x31, 0x2f, 0x63, 0x6f, 0x6e, 0x76, 0x6f, 0x6c, 0x75, 0x74,
  0x69, 0x6f, 0x6e, 0x2f, 0x53, 0x71, 0x75, 0x65, 0x65, 0x7a, 0x65, 0x00,
  0x01, 0x00, 0x00, 0x00, 0x03, 0x00, 0x00, 0x00, 0x5a, 0xfe, 0xff, 0xff,
  0x00, 0x00, 0x00, 0x01, 0x14, 0x00, 0x00, 0x00, 0x14, 0x00, 0x00, 0x00,
  0x07, 0x00, 0x00, 0x00, 0x00, 0x00, 0x00, 0x02, 0x40, 0x00, 0x00, 0x00,
  0x44, 0xfe, 0xff, 0xff, 0x30, 0x00, 0x00, 0x00, 0x73, 0x65, 0x71, 0x75,
  0x65, 0x6e, 0x74, 0x69, 0x61, 0x6c, 0x5f, 0x31, 0x2f, 0x6d, 0x61, 0x78,
  0x5f, 0x70, 0x6f, 0x6f, 0x6c, 0x69, 0x6e, 0x67, 0x31, 0x64, 0x5f, 0x31,
  0x5f, 0x32, 0x2f, 0x4d, 0x61, 0x78, 0x50, 0x6f, 0x6f, 0x6c, 0x31, 0x64,
  0x2f, 0x53, 0x71, 0x75, 0x65, 0x65, 0x7a, 0x65, 0x00, 0x00, 0x00, 0x00,
  0x01, 0x00, 0x00, 0x00, 0x03, 0x00, 0x00, 0x00, 0xba, 0xfe, 0xff, 0xff,
  0x00, 0x00, 0x00, 0x01, 0x14, 0x00, 0x00, 0x00, 0x14, 0x00, 0x00, 0x00,
  0x06, 0x00, 0x00, 0x00, 0x00, 0x00, 0x00, 0x02, 0x38, 0x00, 0x00, 0x00,
  0xa4, 0xfe, 0xff, 0xff, 0x2b, 0x00, 0x00, 0x00, 0x73, 0x65, 0x71, 0x75,
  0x65, 0x6e, 0x74, 0x69, 0x61, 0x6c, 0x5f, 0x31, 0x2f, 0x63, 0x6f, 0x6e,
  0x76, 0x31, 0x64, 0x5f, 0x31, 0x5f, 0x32, 0x2f, 0x63, 0x6f, 0x6e, 0x76,
  0x6f, 0x6c, 0x75, 0x74, 0x69, 0x6f, 0x6e, 0x2f, 0x53, 0x71, 0x75, 0x65,
  0x65, 0x7a, 0x65, 0x00, 0x01, 0x00, 0x00, 0x00, 0x03, 0x00, 0x00, 0x00,
  0x12, 0xff, 0xff, 0xff, 0x00, 0x00, 0x00, 0x01, 0x14, 0x00, 0x00, 0x00,
  0x14, 0x00, 0x00, 0x00, 0x05, 0x00, 0x00, 0x00, 0x00, 0x00, 0x00, 0x02,
  0x3c, 0x00, 0x00, 0x00, 0xfc, 0xfe, 0xff, 0xff, 0x2e, 0x00, 0x00, 0x00,
  0x73, 0x65, 0x71, 0x75, 0x65, 0x6e, 0x74, 0x69, 0x61, 0x6c, 0x5f, 0x31,
  0x2f, 0x6d, 0x61, 0x78, 0x5f, 0x70, 0x6f, 0x6f, 0x6c, 0x69, 0x6e, 0x67,
  0x31, 0x64, 0x5f, 0x31, 0x2f, 0x4d, 0x61, 0x78, 0x50, 0x6f, 0x6f, 0x6c,
  0x31, 0x64, 0x2f, 0x53, 0x71, 0x75, 0x65, 0x65, 0x7a, 0x65, 0x00, 0x00,
  0x01, 0x00, 0x00, 0x00, 0x03, 0x00, 0x00, 0x00, 0x6e, 0xff, 0xff, 0xff,
  0x00, 0x00, 0x00, 0x01, 0x14, 0x00, 0x00, 0x00, 0x14, 0x00, 0x00, 0x00,
  0x04, 0x00, 0x00, 0x00, 0x00, 0x00, 0x00, 0x02, 0x1c, 0x00, 0x00, 0x00,
  0x58, 0xff, 0xff, 0xff, 0x0e, 0x00, 0x00, 0x00, 0x61, 0x72, 0x69, 0x74,
  0x68, 0x2e, 0x63, 0x6f, 0x6e, 0x73, 0x74, 0x61, 0x6e, 0x74, 0x00, 0x00,
  0x00, 0x00, 0x00, 0x00, 0xa6, 0xff, 0xff, 0xff, 0x00, 0x00, 0x00, 0x01,
  0x14, 0x00, 0x00, 0x00, 0x14, 0x00, 0x00, 0x00, 0x03, 0x00, 0x00, 0x00,
  0x00, 0x00, 0x00, 0x02, 0x38, 0x00, 0x00, 0x00, 0x90, 0xff, 0xff, 0xff,
  0x29, 0x00, 0x00, 0x00, 0x73, 0x65, 0x71, 0x75, 0x65, 0x6e, 0x74, 0x69,
  0x61, 0x6c, 0x5f, 0x31, 0x2f, 0x63, 0x6f, 0x6e, 0x76, 0x31, 0x64, 0x5f,
  0x31, 0x2f, 0x63, 0x6f, 0x6e, 0x76, 0x6f, 0x6c, 0x75, 0x74, 0x69, 0x6f,
  0x6e, 0x2f, 0x53, 0x71, 0x75, 0x65, 0x65, 0x7a, 0x65, 0x00, 0x00, 0x00,
  0x01, 0x00, 0x00, 0x00, 0x03, 0x00, 0x00, 0x00, 0x00, 0x00, 0x16, 0x00,
  0x1c, 0x00, 0x18, 0x00, 0x17, 0x00, 0x10, 0x00, 0x0c, 0x00, 0x08, 0x00,
  0x00, 0x00, 0x00, 0x00, 0x00, 0x00, 0x07, 0x00, 0x16, 0x00, 0x00, 0x00,
  0x00, 0x00, 0x00, 0x01, 0x18, 0x00, 0x00, 0x00, 0x18, 0x00, 0x00, 0x00,
  0x02, 0x00, 0x00, 0x00, 0x00, 0x00, 0x00, 0x02, 0x20, 0x00, 0x00, 0x00,
  0x04, 0x00, 0x04, 0x00, 0x04, 0x00, 0x00, 0x00, 0x0f, 0x00, 0x00, 0x00,
  0x61, 0x72, 0x69, 0x74, 0x68, 0x2e, 0x63, 0x6f, 0x6e, 0x73, 0x74, 0x61,
  0x6e, 0x74, 0x31, 0x00, 0x00, 0x00, 0x00, 0x00, 0x00, 0x00, 0x16, 0x00,
  0x20, 0x00, 0x1c, 0x00, 0x1b, 0x00, 0x14, 0x00, 0x10, 0x00, 0x0c, 0x00,
  0x00, 0x00, 0x00, 0x00, 0x08, 0x00, 0x07, 0x00, 0x16, 0x00, 0x00, 0x00,
  0x00, 0x00, 0x00, 0x01, 0x18, 0x00, 0x00, 0x00, 0x30, 0x00, 0x00, 0x00,
  0x4c, 0x00, 0x00, 0x00, 0x01, 0x00, 0x00, 0x00, 0x00, 0x00, 0x00, 0x09,
  0x64, 0x00, 0x00, 0x00, 0x03, 0x00, 0x00, 0x00, 0xff, 0xff, 0xff, 0xff,
  0x0a, 0x00, 0x00, 0x00, 0x18, 0x00, 0x00, 0x00, 0x0c, 0x00, 0x0c, 0x00,
  0x00, 0x00, 0x00, 0x00, 0x08, 0x00, 0x04, 0x00, 0x0c, 0x00, 0x00, 0x00,
  0x08, 0x00, 0x00, 0x00, 0x10, 0x00, 0x00, 0x00, 0x01, 0x00, 0x00, 0x00,
  0xe1, 0xff, 0xff, 0xff, 0xff, 0xff, 0xff, 0xff, 0x01, 0x00, 0x00, 0x00,
  0x76, 0x76, 0xce, 0x3b, 0x1d, 0x00, 0x00, 0x00, 0x73, 0x65, 0x72, 0x76,
  0x69, 0x6e, 0x67, 0x5f, 0x64, 0x65, 0x66, 0x61, 0x75, 0x6c, 0x74, 0x5f,
  0x69, 0x6e, 0x70, 0x75, 0x74, 0x5f, 0x6c, 0x61, 0x79, 0x65, 0x72, 0x3a,
  0x30, 0x00, 0x00, 0x00, 0x03, 0x00, 0x00, 0x00, 0x01, 0x00, 0x00, 0x00,
  0x0a, 0x00, 0x00, 0x00, 0x18, 0x00, 0x00, 0x00, 0x09, 0x00, 0x00, 0x00,
  0xc4, 0x00, 0x00, 0x00, 0xa4, 0x00, 0x00, 0x00, 0x84, 0x00, 0x00, 0x00,
  0x78, 0x00, 0x00, 0x00, 0x60, 0x00, 0x00, 0x00, 0x40, 0x00, 0x00, 0x00,
  0x2c, 0x00, 0x00, 0x00, 0x18, 0x00, 0x00, 0x00, 0x04, 0x00, 0x00, 0x00,
  0x88, 0xff, 0xff, 0xff, 0x19, 0x00, 0x00, 0x00, 0x02, 0x00, 0x00, 0x00,
  0x00, 0x00, 0x00, 0x19, 0x98, 0xff, 0xff, 0xff, 0x09, 0x00, 0x00, 0x00,
  0x04, 0x00, 0x00, 0x00, 0x00, 0x00, 0x00, 0x09, 0xa8, 0xff, 0xff, 0xff,
  0x28, 0x00, 0x00, 0x00, 0x02, 0x00, 0x00, 0x00, 0x00, 0x00, 0x00, 0x28,
  0xb8, 0xff, 0xff, 0xff, 0x11, 0x00, 0x00, 0x00, 0x02, 0x00, 0x00, 0x00,
  0x00, 0x00, 0x00, 0x11, 0x0c, 0x00, 0x0a, 0x00, 0x09, 0x00, 0x00, 0x00,
  0x00, 0x00, 0x04, 0x00, 0x0c, 0x00, 0x00, 0x00, 0x16, 0x00, 0x00, 0x00,
  0x00, 0x16, 0x0a, 0x00, 0x08, 0x00, 0x00, 0x00, 0x00, 0x00, 0x04, 0x00,
  0x0a, 0x00, 0x00, 0x00, 0x02, 0x00, 0x00, 0x00, 0xf0, 0xff, 0xff, 0xff,
  0x12, 0x00, 0x00, 0x00, 0x02, 0x00, 0x00, 0x00, 0x00, 0x00, 0x00, 0x12,
  0x0c, 0x00, 0x10, 0x00, 0x0f, 0x00, 0x00, 0x00, 0x08, 0x00, 0x04, 0x00,
  0x0c, 0x00, 0x00, 0x00, 0x03, 0x00, 0x00, 0x00, 0x03, 0x00, 0x00, 0x00,
  0x00, 0x00, 0x00, 0x03, 0x0c, 0x00, 0x0c, 0x00, 0x0b, 0x00, 0x00, 0x00,
  0x00, 0x00, 0x04, 0x00, 0x0c, 0x00, 0x00, 0x00, 0x46, 0x00, 0x00, 0x00,
  0x00, 0x00, 0x00, 0x46
};
unsigned int gesture_model_int8_tflite_len = 34432;
