timestep,imu0_w,imu0_x,imu0_y,imu0_z,imu1_w,imu1_x,imu1_y,imu1_z,imu2_w,imu2_x,imu2_y,imu2_z,imu3_w,imu3_x,imu3_y,imu3_z,imu4_w,imu4_x,imu4_y,imu4_z,imu5_w,imu5_x,imu5_y,imu5_z
0,0.70880126953125,0.25067138671875,-0.62432861328125,-0.2117919921875,0.5087890625,0.6953125,0.4896240234375,0.1334228515625,0.55413818359375,-0.27532958984375,0.77655029296875,0.1180419921875,0.91998291015625,-0.00506591796875,0.31927490234375,0.22698974609375,0.9326171875,-0.2584228515625,0.149169921875,0.20269775390625,0.8291015625,-0.48797607421875,-0.23834228515625,0.13226318359375
1,0.708695121433424,0.250618312669837,-0.6244878354279891,-0.21173891813858695,0.5087359884510869,0.6953655740489131,0.489677097486413,0.13321055536684784,0.5538197393002717,-0.2754357379415761,0.7767625891644022,0.11788277004076086,0.9201421323029891,-0.004959769870923913,0.31900953209918476,0.22683052394701086,0.9324579653532609,-0.25911281419836957,0.14932914402173914,0.20253853175951086,0.8288892663043478,-0.4888252590013587,-0.2377584706182065,0.13178551715353262
2,0.7085889733355978,0.2505652386209239,-0.6246019446331522,-0.21173095703125,0.5088182532269022,0.6952381963315217,0.4897301715353261,0.1334493885869565,0.5536817467730978,-0.27545166015625,0.7768846594769022,0.11785888671875,0.920166015625,-0.004718282948369565,0.3189697265625,0.226806640625,0.932388969089674,-0.2591711956521739,0.14944325322690216,0.2025146484375,0.828857421875,-0.48895263671875,-0.23753555961277173,0.13175898012907608
3,0.70855712890625,0.25054931640625,-0.6246337890625,-0.21173095703125,0.50885009765625,0.6951904296875,0.48974609375,0.133544921875,0.553389839504076,-0.275748874830163,0.7770279594089674,0.11767312754755435,0.920166015625,-0.004638671875,0.3189697265625,0.226806640625,0.9322244395380435,-0.2596382472826087,0.1498466159986413,0.20240319293478262,0.828857421875,-0.489249851392663,-0.23715342646059784,0.13144053583559784
4,0.70855712890625,0.25046174422554346,-0.6246921705163043,-0.21176014775815216,0.5087917162024457,0.6951320482336957,0.4898044752038043,0.13380763841711957,0.5531934655230978,-0.27585236922554346,0.7771579908288043,0.11761209239130435,0.9200784434442935,-0.004551099694293478,0.31911568019701086,0.2268942128057065,0.9320413340692935,-0.2600071119225543,0.15037735648777173,0.2024191151494565,0.8289158033288043,-0.4893825365149457,-0.23688009510869565,0.13119639521059784
5,0.70855712890625,0.2503662109375,-0.624755859375,-0.2117919921875,0.50872802734375,0.695068359375,0.4898681640625,0.13409423828125,0.5529068656589674,-0.275947902513587,0.7773065981657609,0.11767578125,0.91998291015625,-0.00445556640625,0.31927490234375,0.22698974609375,0.93194580078125,-0.26007080078125,0.15069580078125,0.2025146484375,0.8290219514266305,-0.48929761803668476,-0.2366890285326087,0.13112209154211957
6,0.7085703974184783,0.25039274796195654,-0.6247425908627717,-0.21175218665081522,0.50872802734375,0.6950285538383152,0.48990796959918476,0.13417384935461957,0.5524557362432065,-0.27633268936820654,0.7774525518002717,0.11763597571331522,0.91998291015625,-0.004429029381793478,0.31923509680706524,0.2270560886548913,0.9319192637567935,-0.26009733780570654,0.1507223378057065,0.20256772248641305,0.8290882939877717,-0.48929761803668476,-0.23646346382472827,0.13102921195652173
7,0.7086181640625,0.25048828125,-0.62469482421875,-0.21160888671875,0.5087067977241848,0.6948640242866848,0.49009903617527173,0.13449229364809784,0.5524822732676631,-0.27646537449048914,0.7774366295855978,0.11751390540081522,0.91998291015625,-0.00433349609375,0.319091796875,0.227294921875,0.93182373046875,-0.26019287109375,0.15081787109375,0.2027587890625,0.82904052734375,-0.4894568401834239,-0.23646346382472827,0.13097083050271738
8,0.7086181640625,0.25048828125,-0.62469482421875,-0.21160888671875,0.5084945015285326,0.6946517280910326,0.49057670261548914,0.13481073794157608,0.5517923106317935,-0.27683689283288043,0.777755073879076,0.11772620159646739,0.91998291015625,-0.00433349609375,0.319091796875,0.227294921875,0.93182373046875,-0.26019287109375,0.15081787109375,0.2027587890625,0.82904052734375,-0.489616062330163,-0.23598579738451086,0.1308646824048913
9,0.7087190047554348,0.250740382982337,-0.6245435631793478,-0.21145762567934784,0.5087359884510869,0.6944394318953805,0.4905501655910326,0.13492750084918478,0.5515057107676631,-0.277107570482337,0.7779222571331522,0.11733345363451086,0.91998291015625,-0.004585597826086956,0.3187892747961957,0.2277487049932065,0.9315716287364131,-0.2610500169836957,0.15101955247961957,0.20285962975543478,0.8287884256114131,-0.49032990828804346,-0.23576023267663043,0.1304055918817935
10,0.7087826936141305,0.25070853855298914,-0.62451171875,-0.21138332201086957,0.5088739809782609,0.6943120541779891,0.49049709154211957,0.13524594514266305,0.5514950959578805,-0.27707572605298914,0.7779541015625,0.11724853515625,0.9200678286345109,-0.004681131114130435,0.31851328974184784,0.22788669752038043,0.9315185546875,-0.26118800951086957,0.15106201171875,0.20279594089673914,0.8287353515625,-0.490478515625,-0.2357177734375,0.13022514011548914
11,0.70880126953125,0.25067138671875,-0.62451171875,-0.21136474609375,0.5089111328125,0.69427490234375,0.490478515625,0.1353759765625,0.5513411812160326,-0.277107570482337,0.778092094089674,0.11707604449728261,0.92010498046875,-0.00469970703125,0.31842041015625,0.2279052734375,0.9313460640285326,-0.26175590183423914,0.15120000424592392,0.2027932871942935,0.8284938646399457,-0.49106498386548914,-0.23554528277853262,0.1298775050951087
12,0.7088278065557065,0.2505652386209239,-0.6244851817255435,-0.21144435716711957,0.5088845957880435,0.6942483653192935,0.49045197860054346,0.13558827275815216,0.5512350331182065,-0.27708103345788043,0.7781717051630435,0.11704950747282608,0.9201315174932065,-0.004726244055706522,0.31826118800951086,0.2279052734375,0.931107230808424,-0.26260508661684784,0.15130615234375,0.20276675016983695,0.8283877165421195,-0.4913834281589674,-0.23541259765625,0.12958559782608695
13,0.7088623046875,0.25042724609375,-0.62445068359375,-0.2115478515625,0.50885009765625,0.6942138671875,0.49041748046875,0.1358642578125,0.5512138034986414,-0.2769775390625,0.7782115106997283,0.11700174082880435,0.920166015625,-0.0047607421875,0.31805419921875,0.2279052734375,0.93096923828125,-0.26312255859375,0.15130615234375,0.20269775390625,0.8283983313519022,-0.49148957625679346,-0.23528256623641305,0.12931226647418478
14,0.7088516898777174,0.2503635572350543,-0.6244719132133152,-0.21157969599184784,0.5088394828464674,0.6942244819972826,0.4904068656589674,0.13593856148097827,0.5510439665421195,-0.2769881538722826,0.7784131920855978,0.11655591881793478,0.9201978600543478,-0.004728897758152174,0.31801173997961957,0.22786281419836957,0.9309373938519022,-0.26319686226222827,0.15135922639266305,0.20267652428668478,0.8281648055366848,-0.49220076851222827,-0.23493227751358695,0.12879214079483695
15,0.7087986158288043,0.2500504203464674,-0.6245807150135869,-0.21173891813858695,0.5087784476902174,0.69427490234375,0.4903617527173913,0.13631273352581522,0.5508343240489131,-0.277030613111413,0.7785697605298914,0.11646569293478261,0.9203517747961957,-0.004561714504076087,0.3177994437839674,0.22767440132472827,0.9307887865149457,-0.2635391898777174,0.15162194293478262,0.20257833729619565,0.8280719259510869,-0.4925430961277174,-0.23467221467391305,0.1285400390625
16,0.7087455417798914,0.24983812415081522,-0.624739937160326,-0.21189814028532608,0.5085661514945652,0.69427490234375,0.4904679008152174,0.13673732591711957,0.550675101902174,-0.2768713909646739,0.7786759086277174,0.11667798913043478,0.9204048488451086,-0.004243270210597826,0.31758714758831524,0.2279397715692935,0.9308418605638586,-0.26332689368206524,0.15183423913043478,0.2026314113451087,0.828231148097826,-0.49233079993206524,-0.23451299252717392,0.1285400390625
17,0.708740234375,0.24981689453125,-0.624755859375,-0.2119140625,0.508544921875,0.69427490234375,0.490478515625,0.13677978515625,0.5503725798233695,-0.2770943019701087,0.7788298233695652,0.11660368546195653,0.92041015625,-0.00421142578125,0.31756591796875,0.22796630859375,0.9307994013247283,-0.26340119735054346,0.15171216881793478,0.2027322520380435,0.8282470703125,-0.4923095703125,-0.2344970703125,0.1285400390625
18,0.7087800399116848,0.24985670006793478,-0.6247160538383152,-0.21187425696331522,0.5086245329483695,0.6941156801970109,0.49055812669836957,0.1370186183763587,0.5503327742866848,-0.27720045006793476,0.7788298233695652,0.11653734290081522,0.92041015625,-0.004131814707880435,0.31756591796875,0.22784689198369565,0.9308259383491848,-0.26346753991168476,0.15159275220788043,0.20271898352581522,0.8282868758491848,-0.4921901537024457,-0.23465629245923914,0.12850023352581522
19,0.70880126953125,0.2498779296875,-0.62469482421875,-0.21185302734375,0.5086669921875,0.69403076171875,0.4906005859375,0.13714599609375,0.55035400390625,-0.27744459069293476,0.7787449048913043,0.11645242442255435,0.92041015625,-0.00408935546875,0.31756591796875,0.227783203125,0.9309108568274457,-0.26332954738451086,0.15139107082201086,0.20272959833559784,0.8282762610394022,-0.49212646484375,-0.23490043308423914,0.12844715947690216
20,0.7087535028872283,0.24983016304347827,-0.6247425908627717,-0.21185302734375,0.5086908755095109,0.6940068783967391,0.49057670261548914,0.13716987941576086,0.5503062372622283,-0.27760115913722827,0.7787342900815217,0.11641792629076086,0.9204579228940217,-0.003993822180706522,0.3174465013586957,0.22783096976902173,0.9309931216032609,-0.26315971042798914,0.15098240064538043,0.20280655570652173,0.8282709536345109,-0.49212646484375,-0.23497473675271738,0.12841796875
21,0.70867919921875,0.249755859375,-0.62481689453125,-0.21185302734375,0.50872802734375,0.6939697265625,0.49053955078125,0.13720703125,0.550247855808424,-0.27747908882472827,0.778824515964674,0.11639138926630435,0.9205322265625,-0.00384521484375,0.3172607421875,0.2279052734375,0.9310302734375,-0.26312255859375,0.15057373046875,0.202880859375,0.828292183254076,-0.4921105426290761,-0.23497473675271738,0.12837020210597827
22,0.708663277004076,0.24973197605298914,-0.624832816745924,-0.21188487177309784,0.5086882218070652,0.693985648777174,0.4905554729959239,0.13723091457201086,0.5502611243206522,-0.2772721000339674,0.7789173955502717,0.1162109375,0.920548148777174,-0.0037894870923913058,0.31721297554347827,0.22789731233016305,0.9310541567595109,-0.26308275305706524,0.15053392493206522,0.20287289826766305,0.8282789147418478,-0.49204154636548914,-0.23525072180706522,0.12820301885190216
23,0.70855712890625,0.24957275390625,-0.62493896484375,-0.21209716796875,0.5084228515625,0.694091796875,0.49066162109375,0.13739013671875,0.550048828125,-0.27679443359375,0.77923583984375,0.1162109375,0.920654296875,-0.00341796875,0.31689453125,0.22784423828125,0.93121337890625,-0.2628173828125,0.1502685546875,0.20281982421875,0.8284912109375,-0.49188232421875,-0.2349853515625,0.12799072265625
24,0.7085040548573369,0.24962582795516305,-0.62493896484375,-0.21225639011548914,0.5082105553668478,0.6940387228260869,0.49087391728940216,0.13760243291440216,0.5499957540760869,-0.276847507642663,0.77923583984375,0.11631708559782608,0.920654296875,-0.0033648947010869565,0.31689453125,0.22779116423233695,0.9311603048573369,-0.262764308763587,0.15032162873641305,0.20297904636548914,0.8284912109375,-0.4917761761209239,-0.2349853515625,0.12814994480298914
25,0.70849609375,0.2496337890625,-0.62493896484375,-0.2122802734375,0.5081787109375,0.69403076171875,0.49090576171875,0.13763427734375,0.5498975670855978,-0.27658479110054346,0.7794614045516305,0.11606233016304347,0.920654296875,-0.00335693359375,0.31689453125,0.227783203125,0.9312425696331522,-0.26275634765625,0.15019425101902173,0.20277736497961957,0.8284912109375,-0.49176025390625,-0.2349853515625,0.128173828125
26,0.70849609375,0.24955948539402173,-0.62493896484375,-0.21235457710597827,0.5080301036005435,0.69403076171875,0.4910172172214674,0.13782003651494565,0.54986572265625,-0.27641495414402173,0.779541015625,0.11604110054347826,0.9205799932065217,-0.003245478091032609,0.31722889775815216,0.22756029211956522,0.9312744140625,-0.2626448921535326,0.15018363620923914,0.20273490574048914,0.8286398182744565,-0.49176025390625,-0.23457668138586957,0.12795091711956522
27,0.70849609375,0.24951171875,-0.62493896484375,-0.21240234375,0.5079345703125,0.69403076171875,0.4910888671875,0.137939453125,0.5496030061141305,-0.27633799677309784,0.7797745414402174,0.11597210427989131,0.9205322265625,-0.003173828125,0.31744384765625,0.2274169921875,0.9312744140625,-0.2625148607336957,0.15049942680027173,0.2026712168817935,0.8288521144701086,-0.49178944463315216,-0.23384691321331522,0.12777842646059784
28,0.7085597826086957,0.24949048913043478,-0.6248540463654891,-0.21244480298913043,0.5078071925951086,0.6939883024796195,0.49123747452445654,0.1380880604619565,0.5494013247282609,-0.27628492272418476,0.7799656080163043,0.11588718580163043,0.9204897673233695,-0.003152598505434783,0.31759245499320654,0.22743822180706522,0.9313168733016305,-0.262260105298913,0.15077541185461957,0.20259691321331522,0.8290007218070652,-0.49177882982336957,-0.23344355044157608,0.12770412279211957
29,0.70867919921875,0.24945068359375,-0.62469482421875,-0.2125244140625,0.507568359375,0.69390869140625,0.49151611328125,0.13836669921875,0.5494411302649457,-0.2762451171875,0.7799258024796195,0.11598006538722826,0.92041015625,-0.00311279296875,0.31787109375,0.22747802734375,0.931396484375,-0.26190185546875,0.15069580078125,0.20263671875,0.8290670643682065,-0.491646144701087,-0.23362930961277173,0.12762451171875
30,0.70867919921875,0.2494559909986413,-0.62469482421875,-0.2125244140625,0.507552437160326,0.6939033840013586,0.4915320354959239,0.13841446586277173,0.5490059230638586,-0.2762451171875,0.7802177097486414,0.11602252462635869,0.92041015625,-0.003091563349184783,0.3178604789402174,0.22747802734375,0.9314017917798914,-0.26190185546875,0.15063741932744565,0.20265794836956522,0.82916259765625,-0.491455078125,-0.2335868503736413,0.1276298191236413
31,0.70867919921875,0.24950906504755435,-0.62469482421875,-0.2125244140625,0.5073932150135869,0.6938503099524457,0.491691257642663,0.13889213230298914,0.5489528490149457,-0.2762451171875,0.7802707837975543,0.11596945057744565,0.92041015625,-0.002879267153532609,0.3177543308423913,0.22747802734375,0.9314548658288043,-0.26190185546875,0.15005360478940216,0.20287024456521738,0.82916259765625,-0.491455078125,-0.23363992442255435,0.12768289317255435
32,0.70867919921875,0.24941087805706522,-0.6247956649116848,-0.21247399371603262,0.5072339928668478,0.6939484969429348,0.49159837805706524,0.13921853770380435,0.5488997749660326,-0.27614427649456524,0.7803238578464674,0.11591637652853261,0.9204605765964674,-0.002616550611413044,0.31764818274456524,0.22747802734375,0.9315079398777174,-0.2618514351222826,0.15012525475543478,0.20278001868206522,0.82916259765625,-0.4914046577785326,-0.233642578125,0.127685546875
33,0.70867919921875,0.2493896484375,-0.62481689453125,-0.21246337890625,0.5072021484375,0.6939697265625,0.4915771484375,0.1392822265625,0.5487617824388586,-0.27616550611413043,0.7804193911345109,0.11590576171875,0.92047119140625,-0.0025634765625,0.317626953125,0.22747802734375,0.9316034731657609,-0.26167098335597827,0.14984926970108695,0.2027587890625,0.82916259765625,-0.49139404296875,-0.233642578125,0.127685546875
34,0.7086447010869565,0.24932065217391305,-0.6248513926630435,-0.21246337890625,0.507064155910326,0.6939697265625,0.491646144701087,0.13948921535326086,0.5486715565557065,-0.276115085767663,0.7804910411005435,0.11590576171875,0.92047119140625,-0.002425484035326088,0.31783394191576086,0.22720204228940216,0.931640625,-0.26156218155570654,0.14978823454483695,0.2027242909307065,0.829300590183424,-0.491325046705163,-0.23350458559782608,0.12740956182065216
35,0.7086181640625,0.249267578125,-0.6248779296875,-0.21246337890625,0.5069580078125,0.6939697265625,0.49169921875,0.1396484375,0.5484857973845109,-0.27614162279211957,0.780623726222826,0.11579961362092392,0.92047119140625,-0.0023193359375,0.3179931640625,0.22698974609375,0.931640625,-0.26156218155570654,0.1498147715692935,0.20264467985733695,0.82940673828125,-0.4914046577785326,-0.23313306725543478,0.12709111752717392
36,0.7086367399796195,0.2492118503736413,-0.6248779296875,-0.21246337890625,0.5069208559782609,0.6939697265625,0.49171779466711957,0.13972274116847827,0.5482973845108695,-0.2761893894361413,0.7807802946671195,0.11568019701086957,0.92047119140625,-0.002300760020380435,0.31806746773097827,0.22691544242527173,0.931640625,-0.2615966796875,0.14981742527173914,0.20255710767663043,0.8294253141983695,-0.49155857252038043,-0.23276951002038043,0.12691597316576086
37,0.7086898140285326,0.24905262822690216,-0.6248779296875,-0.21246337890625,0.5068253226902174,0.6939909561820652,0.49173902428668476,0.139892578125,0.5482655400815217,-0.27610447095788043,0.7808545983355978,0.11566958220108696,0.9204499617866848,-0.0022689155910326085,0.318290378736413,0.22673499065896738,0.9316512398097826,-0.26156483525815216,0.14990234375,0.20249341881793478,0.8295208474864131,-0.49148426885190216,-0.2326102878736413,0.12682043987771738
38,0.708740234375,0.2489013671875,-0.6248779296875,-0.21246337890625,0.5067855171535326,0.694075874660326,0.4916487984035326,0.13990319293478262,0.5478993291440217,-0.27633003566576086,0.7810111667798914,0.11540686565896739,0.92034912109375,-0.0023193359375,0.31854248046875,0.2266845703125,0.93170166015625,-0.26141357421875,0.14990234375,0.20240053923233695,0.82977294921875,-0.4913330078125,-0.2320556640625,0.12677001953125
39,0.708740234375,0.2489013671875,-0.6248779296875,-0.21246337890625,0.5069978133491848,0.6937574303668478,0.49186109459918476,0.14011548913043478,0.5476339588994565,-0.27680770210597827,0.7811173148777174,0.11519456946331522,0.92034912109375,-0.0023193359375,0.31854248046875,0.2266845703125,0.93170166015625,-0.26141357421875,0.14990234375,0.20255976137907608,0.82977294921875,-0.4913330078125,-0.2320556640625,0.12677001953125
40,0.708740234375,0.24875806725543478,-0.6249256963315217,-0.21246337890625,0.5072101095448369,0.6935822860054348,0.491691257642663,0.14061438519021738,0.547607421875,-0.27671216881793476,0.7811756963315217,0.11517333984375,0.92034912109375,-0.0022238026494565224,0.31859024711277173,0.22663680366847827,0.9317494268002717,-0.26131804093070654,0.1499978770380435,0.20252791694972827,0.8298207158627717,-0.49142854110054346,-0.2318168308423913,0.12662671959918478
41,0.708740234375,0.24871826171875,-0.62493896484375,-0.21246337890625,0.50726318359375,0.69354248046875,0.49163818359375,0.1407470703125,0.5474880052649457,-0.277030613111413,0.7811491593070652,0.11509372877038043,0.92034912109375,-0.002197265625,0.318603515625,0.22662353515625,0.9317228897758152,-0.26129150390625,0.1497855808423913,0.20267387058423914,0.829833984375,-0.491455078125,-0.23175048828125,0.1265869140625
42,0.7086765455163043,0.24865457286005435,-0.6250663425611414,-0.21243153447690216,0.5072950280230978,0.6935106360394022,0.49163818359375,0.14093813688858695,0.5472969386888586,-0.2771579908288043,0.7812234629755435,0.11501942510190218,0.9202854322350543,-0.002165421195652174,0.318794582201087,0.22665537958559784,0.93170166015625,-0.26129150390625,0.14981742527173914,0.20269510020380435,0.8298976732336957,-0.4913913892663043,-0.2316231105638587,0.12674613620923914
43,0.7086181640625,0.24859619140625,-0.62518310546875,-0.21240234375,0.50732421875,0.6934814453125,0.49163818359375,0.14111328125,0.5470368758491848,-0.27731455927309784,0.7813588018002717,0.11494246773097826,0.92022705078125,-0.00213623046875,0.3189697265625,0.2266845703125,0.9316777768342391,-0.2612198539402174,0.15008279551630435,0.20270836871603262,0.8299799380095109,-0.49135689113451086,-0.23136304772418478,0.12689208984375
44,0.708634086277174,0.24858026919157608,-0.625167183254076,-0.21238642153532608,0.5073879076086957,0.6934496008831522,0.49160633916440216,0.14112920346467392,0.5468458092730978,-0.27761708135190216,0.781417183254076,0.1148681640625,0.9201792841372283,-0.0021999193274456503,0.3190811820652174,0.22665272588315216,0.9316087805706522,-0.26118800951086957,0.15045962126358695,0.20274021314538043,0.83001708984375,-0.49139404296875,-0.23115605893342392,0.12686024541440216
45,0.708695121433424,0.24850331182065216,-0.6251141092051631,-0.21234130859375,0.5075603982676631,0.6933832583220109,0.49149222995923914,0.14118227751358695,0.5468723462975543,-0.27757462211277173,0.7814039147418478,0.11481243631114131,0.9200359842051631,-0.0023883322010869565,0.3194527004076087,0.22652269446331522,0.931534476902174,-0.26138172978940216,0.15099301545516305,0.20249872622282608,0.8300250509510869,-0.49143384850543476,-0.2311056385869565,0.12672225288722827
46,0.70880126953125,0.248291015625,-0.62506103515625,-0.21234130859375,0.50750732421875,0.69354248046875,0.4913330078125,0.1412353515625,0.54644775390625,-0.27789306640625,0.7816162109375,0.11444091796875,0.91998291015625,-0.00244140625,0.31982421875,0.22625732421875,0.931640625,-0.26116943359375,0.15093994140625,0.202392578125,0.830078125,-0.49169921875,-0.23046875,0.12640380859375
47,0.70880126953125,0.248291015625,-0.62506103515625,-0.21234130859375,0.507613472316576,0.6933301842730978,0.49149222995923914,0.14134149966032608,0.5459700874660326,-0.27858302904211957,0.7817754330842391,0.11433476987092392,0.91998291015625,-0.00244140625,0.31982421875,0.22625732421875,0.9315875509510869,-0.26116943359375,0.15093994140625,0.20265794836956522,0.830078125,-0.49169921875,-0.23046875,0.12640380859375
48,0.7089366083559783,0.248291015625,-0.6249708092730978,-0.21225108271059784,0.5077647333559783,0.6931178880774457,0.4915612262228261,0.1416280995244565,0.5460337763247283,-0.2786414104959239,0.7817090905230978,0.11422862177309782,0.91998291015625,-0.002486519191576087,0.31982421875,0.22643777598505435,0.931624702785326,-0.26116943359375,0.15080460258152173,0.20256241508152173,0.8302585767663043,-0.49142854110054346,-0.23033341117527173,0.12658426036005435
49,0.708984375,0.248291015625,-0.62493896484375,-0.21221923828125,0.5078125,0.69305419921875,0.4915771484375,0.1417236328125,0.5457843282948369,-0.2792570694633152,0.7816400942595109,0.11427108101222826,0.91998291015625,-0.00250244140625,0.31982421875,0.22650146484375,0.931640625,-0.2609093707540761,0.15071968410326086,0.20281186311141305,0.830322265625,-0.4913330078125,-0.23028564453125,0.12664794921875
50,0.7090427564538043,0.2482034434442935,-0.6249097741168478,-0.2121316661005435,0.5078708814538043,0.6929958177649457,0.4915187669836957,0.14198634935461957,0.5456808338994565,-0.2795463230298913,0.7816162109375,0.11426046620244565,0.9199245287024457,-0.002444059952445653,0.31991179093070654,0.22653065557065216,0.9316990064538043,-0.26071299677309784,0.15066661005434784,0.2028861667798913,0.8303806470788043,-0.4912746263586957,-0.23022726307744565,0.12664794921875
51,0.7091064453125,0.24810791015625,-0.6248779296875,-0.2120361328125,0.5079345703125,0.69293212890625,0.491455078125,0.14227294921875,0.5455853006114131,-0.27969493036684784,0.7816374405570652,0.11421800696331522,0.9198396102241848,-0.002316682235054348,0.32009224269701086,0.22658372961956522,0.9317414656929348,-0.26063869310461957,0.15061353600543478,0.20286493716032608,0.8304655655570652,-0.49116847826086957,-0.23009988536005435,0.12673286769701086
52,0.7091462508491848,0.2480415675951087,-0.6248779296875,-0.21202286430027173,0.5079345703125,0.6929453974184783,0.49141527258831524,0.1423392917798913,0.5452137822690217,-0.28013279127038043,0.7817170516304348,0.11424454398777174,0.9198130731997283,-0.002144191576086957,0.32022492781929346,0.22658372961956522,0.9317414656929348,-0.2604396654211957,0.15056046195652173,0.20305069633152173,0.8305319081182065,-0.49106233016304346,-0.22996720023777173,0.1268257472826087
53,0.7092948581861414,0.247802734375,-0.6248726222826086,-0.21195917544157608,0.5079451851222826,0.6929931640625,0.4912560504415761,0.142578125,0.5451766304347826,-0.27984619140625,0.7818603515625,0.11418085512907608,0.9198661472486414,-0.001942510190217392,0.3201240871263587,0.2264351222826087,0.9318900730298914,-0.2600150730298913,0.1505073879076087,0.20298700747282608,0.8306327488111414,-0.4909508746603261,-0.2299247409986413,0.1265922214673913
54,0.7093479322350543,0.247802734375,-0.6248195482336957,-0.21179995329483695,0.5080513332201086,0.6929931640625,0.491096828294837,0.142578125,0.5452827785326086,-0.27984619140625,0.7818603515625,0.11402163298233696,0.9199192212975543,-0.0018363620923913053,0.3200710130774457,0.22638204823369565,0.9319431470788043,-0.2600681470788043,0.15045431385869565,0.20282778532608695,0.8306858228600543,-0.490791652513587,-0.22997781504755435,0.12664529551630435
55,0.7093505859375,0.247802734375,-0.62481689453125,-0.2117919921875,0.5079557999320652,0.6929427437160326,0.49124012822690216,0.14267896569293478,0.5450359842051631,-0.27974535071331524,0.7820620329483695,0.11396325152853261,0.919921875,-0.0018310546875,0.320068359375,0.22637939453125,0.9320466414741848,-0.259818699048913,0.15014913807744565,0.20292066491168478,0.8306884765625,-0.49078369140625,-0.22998046875,0.12664794921875
56,0.7095204228940217,0.24776027513586957,-0.6247319760529891,-0.2116646144701087,0.5080194887907609,0.6928472104279891,0.49131443189538043,0.1428275730298913,0.5451527471127717,-0.27963920261548914,0.7820195737092391,0.11386771824048914,0.9200067934782609,-0.0017036769701086964,0.319771144701087,0.22637939453125,0.9321103303328805,-0.259765625,0.1499580715013587,0.20277205757472827,0.8307309358016305,-0.49074123216711957,-0.2301078464673913,0.1265205715013587
57,0.7095947265625,0.24774169921875,-0.62469482421875,-0.21160888671875,0.508056640625,0.69281005859375,0.4913330078125,0.14288330078125,0.5449855638586957,-0.2798435377038043,0.7820514181385869,0.11376157014266304,0.9200439453125,-0.00164794921875,0.31964111328125,0.22637939453125,0.9320944081182065,-0.259696628736413,0.1498678456182065,0.20290474269701086,0.83074951171875,-0.49072265625,-0.23016357421875,0.12646484375
58,0.709700874660326,0.24763555112092392,-0.6246152131453805,-0.21155581266983695,0.5081362516983695,0.6927569845448369,0.491279933763587,0.14296291185461957,0.5449324898097826,-0.2799231487771739,0.7820779551630435,0.11370849609375,0.9200704823369565,-0.0015948751698369567,0.3195349651834239,0.22643246858016305,0.9321474821671195,-0.259590480638587,0.14973516049592392,0.20295781674592392,0.83074951171875,-0.490775730298913,-0.23000435207201086,0.1264383067255435
59,0.7098388671875,0.24749755859375,-0.62451171875,-0.21148681640625,0.50823974609375,0.69268798828125,0.4912109375,0.14306640625,0.5449563731317935,-0.2799523395040761,0.7820806088654891,0.11367134425951086,0.9200492527173914,-0.00152587890625,0.3195084281589674,0.22653861667798914,0.9322509765625,-0.25942860478940216,0.14970862347146738,0.20285697605298914,0.8308423913043478,-0.4906775433084239,-0.22981593919836957,0.12649668817934784
60,0.7098707116168478,0.24745509935461957,-0.6245011039402174,-0.21147620159646738,0.50823974609375,0.6926773734714674,0.4912109375,0.14311948029891305,0.54461669921875,-0.28031324303668476,0.7821761421535326,0.11356519616168478,0.9199431046195652,-0.001494034476902174,0.31973133916440216,0.22660230553668478,0.9322722061820652,-0.25913139011548914,0.14991030485733695,0.20295250934103262,0.8310653023097826,-0.4902847953464674,-0.2298583984375,0.12665591032608695
61,0.7100272800611414,0.2472481105638587,-0.6244480298913043,-0.21142312754755435,0.5082423997961957,0.6926296068274457,0.491202976392663,0.14337423573369565,0.5446220066236414,-0.280204441236413,0.7822265625,0.11346435546875,0.9200465990149457,-0.0013401197350543478,0.319572117017663,0.22650146484375,0.9323757005774457,-0.2587253736413043,0.14965554942255435,0.2029976222826087,0.8311210300611414,-0.490234375,-0.22984512992527173,0.12639319378396738
62,0.7101334281589674,0.24714196246603262,-0.6243949558423914,-0.2113700534986413,0.5082954738451086,0.6926826808763586,0.4910437542459239,0.1434273097826087,0.5447281547214674,-0.2800452190896739,0.7822265625,0.11346435546875,0.9200996730638586,-0.0012870456861413045,0.3194128948709239,0.22650146484375,0.9324287746263586,-0.2586722995923913,0.1496024753736413,0.20289147418478262,0.8312271781589674,-0.490234375,-0.2295797596807065,0.12618089758831522
63,0.71014404296875,0.24713134765625,-0.6243896484375,-0.21136474609375,0.50830078125,0.6926402216372283,0.49112336531929346,0.14348038383152173,0.5444999363111414,-0.28017259680706524,0.7823698624320652,0.11341658882472826,0.92010498046875,-0.00128173828125,0.31939697265625,0.22650146484375,0.9324818486752717,-0.25857145889945654,0.14974046790081522,0.20273755944293478,0.83123779296875,-0.490234375,-0.22955322265625,0.12615966796875
64,0.7101838485054348,0.24705173658288043,-0.6243498429008152,-0.21140455163043478,0.5082211701766305,0.6927065641983695,0.49111009680706524,0.14353345788043478,0.5444733992866848,-0.28017259680706524,0.7823698624320652,0.11344312584918478,0.92010498046875,-0.0012021272078804354,0.3195163892663043,0.22642185377038043,0.9325349227241848,-0.25846531080163043,0.14974046790081522,0.20269775390625,0.8313970151154891,-0.4900353473165761,-0.22939400050951086,0.12608005689538043
65,0.710205078125,0.24700927734375,-0.62432861328125,-0.21142578125,0.5082105553668478,0.6926534901494565,0.49118440047554346,0.1434591542119565,0.5445264733355978,-0.28018321161684784,0.7823167883831522,0.11336882218070653,0.9201368248980978,-0.0012552012567934778,0.319389011548913,0.22644308338994565,0.9325243079144022,-0.25845469599184784,0.14968739385190216,0.20272959833559784,0.8314182447350543,-0.48996104364809784,-0.22946830417798914,0.1261331309442935
66,0.710205078125,0.24688986073369565,-0.6244002632472826,-0.21142578125,0.5081680961277174,0.6926614512567935,0.4912003226902174,0.1434671153192935,0.5445317807404891,-0.2800929857336957,0.7823592476222826,0.11330513332201086,0.920166015625,-0.001223356827445653,0.31926163383152173,0.22642981487771738,0.9325190005095109,-0.25838835343070654,0.14972985309103262,0.20271102241847827,0.8314315132472826,-0.48994246773097827,-0.22949484120244565,0.12614905315896738
67,0.710205078125,0.2467041015625,-0.62451171875,-0.21137801460597827,0.5080884850543478,0.69281005859375,0.49105702275815216,0.14358387822690216,0.544478706691576,-0.27995499320652173,0.782454780910326,0.11332636294157608,0.9202137822690217,-0.0010057532269021749,0.31917671535326086,0.22638204823369565,0.9325879967730978,-0.25823974609375,0.14963431980298914,0.20270040760869565,0.8314952021059783,-0.4899318529211957,-0.22934092646059784,0.12603759765625
68,0.710205078125,0.2467041015625,-0.62451171875,-0.21124267578125,0.5081866720448369,0.6927782141644022,0.49099864130434784,0.14354141898777173,0.54443359375,-0.28009033203125,0.78240966796875,0.11328125,0.92034912109375,-0.00091552734375,0.3187255859375,0.2265625,0.93267822265625,-0.25823974609375,0.1490478515625,0.202880859375,0.83135986328125,-0.4901123046875,-0.22943115234375,0.12603759765625
69,0.710205078125,0.2467041015625,-0.62451171875,-0.21124267578125,0.50823974609375,0.69256591796875,0.4912109375,0.14385986328125,0.54443359375,-0.28009033203125,0.78240966796875,0.11328125,0.92034912109375,-0.00091552734375,0.3187255859375,0.2265625,0.93267822265625,-0.25823974609375,0.1490478515625,0.202880859375,0.83135986328125,-0.4901123046875,-0.22943115234375,0.12603759765625
70,0.7102581521739131,0.24665102751358695,-0.62451171875,-0.21108345363451086,0.5082928201426631,0.69256591796875,0.49105171535326086,0.14380678923233695,0.544327445652174,-0.2805679984714674,0.7823565939198369,0.11312202785326086,0.9205083432404891,-0.000650157099184784,0.3183009935461957,0.22640327785326086,0.9326251486073369,-0.2585051163383152,0.1490478515625,0.20272163722826086,0.831253715183424,-0.49043074898097827,-0.22916578209918478,0.12593144955842392
71,0.71026611328125,0.24664306640625,-0.62451171875,-0.2110595703125,0.5083910071331522,0.6923403532608695,0.4912082837975543,0.14402439283288043,0.5440408457880435,-0.28104566491168476,0.782393745754076,0.11309814453125,0.920487113620924,-0.0006103515625,0.3181921917459239,0.22660495923913043,0.932572074558424,-0.2585900348165761,0.14895762567934784,0.2029684315557065,0.83123779296875,-0.490478515625,-0.2291259765625,0.12591552734375
72,0.71026611328125,0.24642015540081522,-0.6245860224184783,-0.2110595703125,0.5083113960597826,0.6924465013586957,0.49119766898777173,0.14399254840353262,0.5439081606657609,-0.28096605383831524,0.7824839716372283,0.11313529636548914,0.92047119140625,-0.00042459239130434906,0.31821342136548914,0.22657311480978262,0.9325933041779891,-0.2584201978600543,0.14903723675271738,0.20295250934103262,0.8312749448029891,-0.49051566745923914,-0.2289773692255435,0.12587837550951086
73,0.71026611328125,0.24627685546875,-0.6246337890625,-0.2110595703125,0.5081813646399457,0.6925075365149457,0.4912082837975543,0.14418361497961957,0.5439134680706522,-0.2809395168138587,0.7824733568274457,0.11321756114130435,0.9205003821331522,-0.00024679432744565273,0.3181205417798913,0.2265890370244565,0.9326171875,-0.25827159052309784,0.1490213145380435,0.2029684315557065,0.8312696373980978,-0.49056874150815216,-0.2288818359375,0.12588368291440216
74,0.7102448836616848,0.24629808508831522,-0.6246762483016305,-0.21101711107336957,0.5081389054008152,0.6924013884171195,0.49129320227581524,0.14455513332201086,0.5439240828804348,-0.28106689453125,0.7824308975883152,0.11323879076086957,0.9205322265625,-0.00022556470788043454,0.31801439368206524,0.22666334069293478,0.9325959578804348,-0.25828220533288043,0.14896824048913043,0.20304273522418478,0.8312165633491848,-0.49064304517663043,-0.22883937669836957,0.12591552734375
75,0.710205078125,0.24629808508831522,-0.6247823963994565,-0.21089769446331522,0.5081787109375,0.6923483143682065,0.49130647078804346,0.14467454993206522,0.5438710088315217,-0.2811332370923913,0.7824574346127717,0.1131591796875,0.9205322265625,-0.00029190726902173907,0.31805419921875,0.22661026664402173,0.9325694208559783,-0.25834854789402173,0.14906112007472827,0.2030029296875,0.8311634893002717,-0.49074919327445654,-0.228759765625,0.1259420643682065
76,0.710205078125,0.24615478515625,-0.6248779296875,-0.21075439453125,0.508162788722826,0.6924332328464674,0.49123216711956524,0.14456840183423914,0.5438232421875,-0.2813720703125,0.78240966796875,0.1131591796875,0.9205322265625,-0.000244140625,0.31805419921875,0.2265625,0.9326171875,-0.25830078125,0.14910888671875,0.2030029296875,0.83111572265625,-0.4908447265625,-0.228759765625,0.12603759765625
77,0.710205078125,0.24615478515625,-0.6248779296875,-0.21075439453125,0.5080035665760869,0.6923270847486414,0.4914444633152174,0.14493992017663043,0.5438232421875,-0.2813720703125,0.78240966796875,0.1131591796875,0.9205322265625,-0.000244140625,0.31805419921875,0.2265625,0.9326171875,-0.25830078125,0.14910888671875,0.2030029296875,0.83111572265625,-0.4908447265625,-0.228759765625,0.12603759765625
78,0.7103059188179348,0.24595310377038043,-0.6248779296875,-0.21070397418478262,0.5079451851222826,0.6924730383831522,0.49130381708559784,0.14495849609375,0.5437224014945652,-0.28152333135190216,0.78240966796875,0.11320960003396739,0.9205826469089674,-4.2459239130436326e-05,0.31790293817934784,0.22661292034646738,0.9327180281929348,-0.2579982591711957,0.14885678498641305,0.2030029296875,0.8312669836956522,-0.49074388586956524,-0.22845724354619565,0.12588633661684784
79,0.7103271484375,0.24591064453125,-0.6248779296875,-0.210693359375,0.5078921110733695,0.6923350458559783,0.49144180961277173,0.1450858738111413,0.5434888756793478,-0.2814277980638587,0.7826219641644022,0.11305037788722826,0.9205508024796195,-0.0001698369565217382,0.3179984714673913,0.22662353515625,0.9326543393342391,-0.25814686650815216,0.1489310886548913,0.2031303074048913,0.831298828125,-0.49072265625,-0.2283935546875,0.1258544921875
80,0.710465140964674,0.24577265200407608,-0.6247744352921195,-0.21062436311141305,0.5079080332880435,0.6923642365828805,0.4913436226222826,0.14524509595788043,0.5435684867527174,-0.2812340777853261,0.7826803456182065,0.11297607421875,0.9206012228260869,-0.00014064622961956693,0.3179162066915761,0.22655453889266305,0.9326861837635869,-0.25813625169836957,0.14888332201086957,0.20304804262907608,0.8312643299932065,-0.49092964504076086,-0.2281175696331522,0.12578549592391305
81,0.7105712890625,0.24566650390625,-0.62469482421875,-0.2105712890625,0.5079611073369565,0.6922846255095109,0.49142323369565216,0.14532470703125,0.5435154127038043,-0.281181003736413,0.782759956691576,0.11284338909646739,0.9206012228260869,-0.00016718325407608374,0.3179427437160326,0.22655453889266305,0.9326861837635869,-0.25808317764945654,0.14896293308423914,0.20299496858016305,0.83123779296875,-0.4910888671875,-0.2279052734375,0.125732421875
82,0.7106827445652174,0.24555504840353262,-0.6246390964673914,-0.2105712890625,0.5080141813858695,0.6920219089673914,0.49171779466711957,0.14543616253396738,0.5433853812839674,-0.2811385444972826,0.7828607973845109,0.11268947435461957,0.9205693783967391,-0.0002122961956521772,0.31802235478940216,0.22658638332201086,0.9326729152513586,-0.25802479619565216,0.1490770422894022,0.20298966117527173,0.8313306725543478,-0.4910331394361413,-0.2277566661005435,0.12562096637228262
83,0.7110011888586957,0.24524721891983695,-0.6244480298913043,-0.21056067425271738,0.508056640625,0.6919263756793478,0.49168595023777173,0.14575460682744565,0.5436295219089674,-0.28091563349184784,0.78277587890625,0.11270008916440218,0.9206436820652174,0.0,0.31785251783288043,0.22649085003396738,0.9328109077785326,-0.2577488111413043,0.14890720533288043,0.20280920940896738,0.8315641983695652,-0.49090576171875,-0.22735330332880435,0.12533436650815216
84,0.7113037109375,0.2449951171875,-0.6241455078125,-0.21051025390625,0.5080592943274457,0.6920510996942935,0.49136750594429346,0.14605712890625,0.5435791015625,-0.28106689453125,0.78277587890625,0.112548828125,0.92059326171875,0.0,0.31805419921875,0.2264404296875,0.932861328125,-0.2574462890625,0.14910888671875,0.2027587890625,0.8316650390625,-0.49090576171875,-0.22705078125,0.12518310546875
85,0.7113037109375,0.2449951171875,-0.6241455078125,-0.21051025390625,0.5081123683763586,0.6915203592051631,0.492057468580163,0.14605712890625,0.5435791015625,-0.28106689453125,0.78277587890625,0.112548828125,0.92059326171875,0.0,0.31805419921875,0.2264404296875,0.932861328125,-0.2574462890625,0.14910888671875,0.2027587890625,0.8316650390625,-0.49090576171875,-0.22705078125,0.12518310546875
86,0.7117336107336957,0.24461298403532608,-0.6238111413043478,-0.21051025390625,0.5080699091372283,0.6917538850203804,0.4916965650475544,0.14643926205842392,0.5432447350543478,-0.2812101944633152,0.7829669454823369,0.11240552819293478,0.9206410283627717,9.55332880434768e-05,0.3179108992866848,0.2265359629755435,0.9329090947690217,-0.2574462890625,0.14896558678668478,0.2027587890625,0.8317128057065217,-0.491096828294837,-0.2268119480298913,0.12470543902853262
87,0.71185302734375,0.2445068359375,-0.62371826171875,-0.21051025390625,0.5079770295516305,0.6915946628736414,0.4920150093410326,0.14658521569293478,0.5426741890285326,-0.28152863875679346,0.7832986582880435,0.11208708389945653,0.920455269191576,-0.00023617951766303656,0.318428371263587,0.22660230553668478,0.932723335597826,-0.25772492781929346,0.14944325322690216,0.20287820567255435,0.83172607421875,-0.49114990234375,-0.22674560546875,0.12457275390625
88,0.7120759383491848,0.24428392493206522,-0.6235590395720109,-0.21051025390625,0.5078708814538043,0.6916265073029891,0.4919937797214674,0.14679751188858695,0.5426423445991848,-0.28145433508831524,0.7833517323369565,0.11200216542119565,0.9204446543817935,-0.0002043350883152217,0.3184708305027174,0.22655984629755435,0.9327445652173914,-0.25765062415081524,0.14952817170516305,0.20278267238451086,0.83172607421875,-0.491340968919837,-0.22645900560461957,0.12434984290081522
89,0.7122802734375,0.24407958984375,-0.6234130859375,-0.21051025390625,0.5078363833220109,0.691605277683424,0.49197520380434784,0.14702042289402173,0.542679496433424,-0.281441066576087,0.7833358101222826,0.11196501358695653,0.9204844599184783,-0.00019106657608695008,0.3182373046875,0.22662088145380435,0.9327657948369565,-0.2576851222826087,0.1492813773777174,0.20282778532608695,0.83172607421875,-0.49151611328125,-0.2261962890625,0.1241455078125
90,0.7123598845108695,0.24393628991168478,-0.6233812415081522,-0.21049433169157608,0.5078257685122283,0.6913929814877717,0.4922458814538043,0.1472221042798913,0.5424990446671195,-0.28157905910326086,0.783447265625,0.11184825067934782,0.9204579228940217,-0.0003609035326086981,0.31815769361413043,0.22674295176630435,0.9326808763586957,-0.2579451851222826,0.14913807744565216,0.2030294667119565,0.8316783075747283,-0.49159572435461957,-0.22614852241847827,0.1241455078125
91,0.7126093325407609,0.24348250679347827,-0.623291015625,-0.21043329653532608,0.5076824685801631,0.6915601647418478,0.49202562415081524,0.1475830078125,0.5427325704823369,-0.28109608525815216,0.7834552267323369,0.11191459324048914,0.9206012228260869,2.3883322010869105e-05,0.31788436226222827,0.22658638332201086,0.932861328125,-0.257621433423913,0.1490478515625,0.2027587890625,0.8315668520720109,-0.4918212890625,-0.2259574558423913,0.12410570227581522
92,0.7127685546875,0.2431640625,-0.623291015625,-0.2103271484375,0.50762939453125,0.6917724609375,0.49176025390625,0.1475830078125,0.54278564453125,-0.2808837890625,0.78350830078125,0.11175537109375,0.920654296875,0.00018310546875,0.31756591796875,0.22674560546875,0.932861328125,-0.257568359375,0.1490478515625,0.2027587890625,0.83172607421875,-0.4918212890625,-0.2255859375,0.12384033203125
93,0.7127685546875,0.2431640625,-0.623291015625,-0.2103271484375,0.507523246433424,0.691666312839674,0.49197255010190216,0.14784837805706522,0.54278564453125,-0.2808837890625,0.78350830078125,0.11175537109375,0.920654296875,0.00018310546875,0.31756591796875,0.22674560546875,0.932861328125,-0.257568359375,0.1490478515625,0.2027587890625,0.83172607421875,-0.4918212890625,-0.2255859375,0.12384033203125
94,0.7128587805706522,0.24302872367527173,-0.623336128566576,-0.21014669667119565,0.5075975501019022,0.6917406165081522,0.4918239427649457,0.14779795771059784,0.5426503057065217,-0.2808837890625,0.7835985266644022,0.11171025815217392,0.920654296875,0.00013799252717391273,0.31770125679347827,0.22665537958559784,0.932861328125,-0.25747813349184784,0.1493185292119565,0.2027587890625,0.83172607421875,-0.49191151494565216,-0.22545059867527173,0.12393055791440218
95,0.712890625,0.24298095703125,-0.62335205078125,-0.2100830078125,0.5074807871942935,0.6916981572690217,0.4919460130774457,0.14810047978940216,0.5425653872282609,-0.2809952445652174,0.7835932192595109,0.11184294327445653,0.920654296875,0.00023352581521739107,0.3175632642663043,0.22684644616168478,0.932861328125,-0.25729768172554346,0.14930260699728262,0.20298170006793478,0.83172607421875,-0.491943359375,-0.22540283203125,0.12396240234375
96,0.712890625,0.2428933848505435,-0.6234104322350543,-0.20993705417798914,0.5074144446331522,0.6917087720788043,0.4919486667798913,0.1481986667798913,0.54254150390625,-0.2809501316236413,0.7836569081182065,0.11182171365489131,0.9206834876019022,0.00033436650815217366,0.31747303838315216,0.22681460173233695,0.9328905188519022,-0.25723133916440216,0.1493185292119565,0.20297904636548914,0.8317552649456522,-0.4918849779211957,-0.2253152598505435,0.12399159307065218
97,0.712890625,0.2427978515625,-0.62347412109375,-0.20977783203125,0.5073826002038043,0.6917512313179348,0.49186374830163043,0.14824112601902173,0.542435355808424,-0.2808864427649457,0.7837949006453805,0.1116943359375,0.9206941024116848,0.00040867017663043454,0.31754734205163043,0.22670845363451086,0.93292236328125,-0.2571570354959239,0.14943529211956522,0.20290474269701086,0.831787109375,-0.4918212890625,-0.2252197265625,0.1240234375
98,0.712890625,0.24281112007472827,-0.6234873896059783,-0.20972475798233695,0.5073029891304348,0.6916981572690217,0.49193009086277173,0.14851976477581522,0.542236328125,-0.28099259086277173,0.7838877802309783,0.11164126188858696,0.920654296875,0.00044847571331521787,0.317626953125,0.22682787024456522,0.9329090947690217,-0.25699781334918476,0.14948836616847827,0.20302415930706522,0.831787109375,-0.4918876316236413,-0.22507377292798914,0.1240234375
99,0.7128853175951086,0.2428482719089674,-0.623551078464674,-0.20951776919157608,0.5074462890625,0.691650390625,0.4918770168138587,0.14839238705842392,0.5422097911005435,-0.28094482421875,0.7839567764945652,0.11142896569293478,0.9206436820652174,0.00029456097146739267,0.3176906419836956,0.22664741847826086,0.9328560207201086,-0.2571464206861413,0.14961043648097824,0.2028543223505435,0.8318136463994565,-0.4921158500339674,-0.22449526579483697,0.12401282269021739
100,0.7128322435461957,0.2427421238111413,-0.6237103006114131,-0.20935854704483695,0.5074462890625,0.691650390625,0.4918239427649457,0.14855160920516305,0.5419444208559783,-0.28094482421875,0.7841690726902174,0.11121666949728261,0.9205375339673914,0.00018841287364130543,0.31832753057065216,0.22627590013586957,0.9328029466711957,-0.2571994947350543,0.15035347316576086,0.20258895210597827,0.8320790166440217,-0.4920097019361413,-0.22396452530570654,0.12390667459239131
101,0.71282958984375,0.24273681640625,-0.62371826171875,-0.2093505859375,0.5074462890625,0.691650390625,0.4918212890625,0.1485595703125,0.54193115234375,-0.28094482421875,0.7841796875,0.1112060546875,0.9205322265625,0.00018310546875,0.318359375,0.22625732421875,0.93280029296875,-0.2572021484375,0.150390625,0.20257568359375,0.83209228515625,-0.49200439453125,-0.22393798828125,0.1239013671875
102,0.7127446713654891,0.2428641941236413,-0.6237607209578805,-0.20930812669836957,0.5074038298233695,0.6914380944293478,0.492118503736413,0.1488143257472826,0.5415065599524457,-0.28141187584918476,0.7843070652173914,0.1112060546875,0.9204473080842391,0.0002680239470108691,0.31852921195652173,0.2263847019361413,0.93280029296875,-0.25703231148097827,0.1502632472826087,0.20278797978940216,0.8320498259171195,-0.49191947605298914,-0.22410782523777173,0.12407120414402174
103,0.71270751953125,0.242919921875,-0.623779296875,-0.20928955078125,0.5074197520380435,0.6914142111073369,0.49204154636548914,0.14909827190896738,0.5413897970448369,-0.2814782184103261,0.78436279296875,0.11103356402853261,0.9204791525135869,0.00030517578125,0.31839652683423914,0.22637143342391305,0.93280029296875,-0.2569580078125,0.15020751953125,0.202880859375,0.83203125,-0.49188232421875,-0.22418212890625,0.1241455078125
104,0.7125748344089674,0.2429464588994565,-0.6239119819972826,-0.2093160878057065,0.5073932150135869,0.69146728515625,0.4919884723165761,0.1490982719089674,0.5412836489470109,-0.28139860733695654,0.784468941066576,0.11092741593070653,0.9204791525135869,0.0002786387567934786,0.3184230638586957,0.226318359375,0.9327737559442935,-0.2570641559103261,0.1502340565557065,0.2028543223505435,0.8320047129755435,-0.49196193529211957,-0.22410251783288043,0.12411897078804347
105,0.71240234375,0.24298095703125,-0.62408447265625,-0.2093505859375,0.5073799465013586,0.6915044369904891,0.49203358525815216,0.14892578125,0.5411138119904891,-0.28134022588315216,0.7846255095108695,0.11085045855978261,0.9204658840013586,0.00028129245923912914,0.31857167119565216,0.22620690387228262,0.9327949855638586,-0.25718357252038043,0.15010137143342392,0.2027269446331522,0.83197021484375,-0.4920654296875,-0.2239990234375,0.12408447265625
106,0.7123386548913043,0.24300218665081522,-0.6241375467051631,-0.20938243036684784,0.5074754797894022,0.6915681258491848,0.4918849779211957,0.14888332201086957,0.5411244268002717,-0.28115977411684784,0.7847104279891305,0.11062754755434782,0.9205614172894022,0.0003555961277173918,0.31844429347826086,0.22598399286684784,0.9329011336616848,-0.2571517280910326,0.14978292713994565,0.20255710767663043,0.8319489852241848,-0.4920654296875,-0.22407332710597827,0.12408447265625
107,0.7120149031929348,0.24310302734375,-0.6244108780570652,-0.2095443062160326,0.5073189113451086,0.6914778999660326,0.4921821925951087,0.148681640625,0.540771484375,-0.2813057277513587,0.784912109375,0.11077880859375,0.9204128099524457,0.000318444293478259,0.3188423488451087,0.2261299465013587,0.93280029296875,-0.2571994947350543,0.15007218070652173,0.20277205757472827,0.8318534519361414,-0.4920627759850543,-0.22440238620923914,0.12410835597826086
108,0.7115903108016305,0.24310302734375,-0.6248354704483695,-0.20975660241168478,0.5072127632472826,0.6916901961616848,0.4920760444972826,0.148681640625,0.540771484375,-0.2811995796535326,0.784912109375,0.11077880859375,0.9204658840013586,0.0005838145380434733,0.3187362007472826,0.22602379840353262,0.93280029296875,-0.2571464206861413,0.1498068104619565,0.2030374278192935,0.8319596000339674,-0.4920097019361413,-0.22392471976902176,0.12458602241847826
109,0.7115478515625,0.24310302734375,-0.6248779296875,-0.20977783203125,0.5072021484375,0.69171142578125,0.4920654296875,0.148681640625,0.540771484375,-0.28118896484375,0.784912109375,0.11077880859375,0.92047119140625,0.0006103515625,0.3187255859375,0.22601318359375,0.93280029296875,-0.25714111328125,0.1497802734375,0.20306396484375,0.8319224481997283,-0.49190886124320654,-0.22435461956521738,0.12453825577445653
110,0.7113090183423914,0.24306322180706522,-0.625076957370924,-0.2100166652513587,0.5071225373641305,0.6916318147078805,0.49214504076086957,0.1489204738451087,0.540572456691576,-0.28150740913722827,0.7849519149116848,0.11081861413043478,0.9203915803328805,0.0006899626358695637,0.3188450025475543,0.22617240574048914,0.9327206818953805,-0.25710130774456524,0.14993949558423914,0.2033027980638587,0.8318295686141305,-0.49204154636548914,-0.2242484714673913,0.12475055197010869
111,0.711181640625,0.2430419921875,-0.62518310546875,-0.21014404296875,0.507430366847826,0.6913982888926631,0.4920601222826087,0.1491752292798913,0.54046630859375,-0.28177277938179346,0.7850049889605978,0.11039402173913045,0.9203172766644022,0.00041397758152174525,0.31906791355298914,0.2261299465013587,0.93267822265625,-0.257080078125,0.1500244140625,0.20343017578125,0.831787109375,-0.49212646484375,-0.22412109375,0.1248779296875
112,0.7110622240149457,0.24292257557744565,-0.6252547554347826,-0.21047840947690216,0.5074409816576086,0.6912947944972826,0.492134425951087,0.14933975883152173,0.5403230086616848,-0.28181258491847827,0.7850819463315217,0.11034360139266304,0.9201686693274457,0.00033702021059782195,0.3193571671195652,0.2262520168138587,0.9326543393342391,-0.25698454483695654,0.1502393639605978,0.20354959239130435,0.8319065259850543,-0.4919831649116848,-0.2240255604619565,0.12485404636548914
113,0.71087646484375,0.24273681640625,-0.6253662109375,-0.21099853515625,0.5070694633152174,0.691422172214674,0.4923042629076087,0.14936629585597827,0.540116019870924,-0.2816109035326087,0.7852358610733695,0.11066204568614131,0.9200625212296195,0.0006554645040760875,0.3195163892663043,0.22644839079483697,0.9327127207880435,-0.25678817085597827,0.1504463527513587,0.20344875169836957,0.83209228515625,-0.49176025390625,-0.223876953125,0.12481689453125
114,0.7108127759850543,0.24279254415760868,-0.6253662109375,-0.21114979619565216,0.5073056428328805,0.6914195185122283,0.49207869819972827,0.14927872367527173,0.5400974439538043,-0.28134553328804346,0.785445503566576,0.11012069038722824,0.9202323581861414,0.0006103515625,0.31938370414402173,0.2261113705842391,0.9329515540081522,-0.25662894870923914,0.15009341032608695,0.20280390200407605,0.8321798573369565,-0.49159307065217395,-0.2239645253057065,0.12476116677989131
115,0.71038818359375,0.2431640625,-0.6253662109375,-0.21215820312499997,0.50677490234375,0.69110107421875,0.49298095703125,0.14959716796875,0.5396728515625,-0.281982421875,0.78533935546875,0.11102294921874999,0.91986083984375,0.0006103515625,0.3197021484375,0.22717285156249997,0.9327392578125,-0.2564697265625,0.150146484375,0.20391845703124997,0.832763671875,-0.490478515625,-0.22454833984375,0.1243896484375
116,0.7099105171535326,0.24454398777173914,-0.6251008406929348,-0.21290123980978262,0.5070402725883152,0.6905703337296195,0.4934586234714674,0.14965024201766305,0.539566703464674,-0.28224779211956524,0.7853924295176631,0.11075757897418478,0.9200200619904891,0.0006634256114130436,0.31948985224184784,0.2268013332201087,0.9328984799592391,-0.2564697265625,0.1496688179347826,0.2035469386888587,0.8322860054347826,-0.4905846637228261,-0.22523830247961957,0.12576957370923914
117,0.7098388671875,0.2447509765625,-0.62506103515625,-0.2130126953125,0.507080078125,0.69049072265625,0.4935302734375,0.149658203125,0.53955078125,-0.28228759765625,0.785400390625,0.1107177734375,0.9200439453125,0.00067138671875,0.3194580078125,0.22674560546875,0.93292236328125,-0.2564697265625,0.14959716796875,0.2034912109375,0.8326654848845109,-0.49001411769701086,-0.22552224864130435,0.12480362601902174
118,0.7096531080163043,0.24541970957880435,-0.6249495796535326,-0.21327275815217392,0.507340140964674,0.6901935079823369,0.4937160326086957,0.149658203125,0.5394764775815217,-0.2824733568274457,0.785400390625,0.11049486243206522,0.9202297044836957,0.00081999405570652,0.3190864894701087,0.22644839079483697,0.9329595151154891,-0.2565811820652174,0.1491141941236413,0.20356551460597827,0.8326760996942935,-0.48976997707201086,-0.22603175951086957,0.12472401494565218
119,0.70953369140625,0.245849609375,-0.6248779296875,-0.21343994140625,0.50750732421875,0.69000244140625,0.49383544921875,0.149658203125,0.5394287109375,-0.2825927734375,0.785400390625,0.1103515625,0.9204658840013586,0.0010322902513586947,0.318672511888587,0.22608217985733695,0.9329833984375,-0.25665283203125,0.1488037109375,0.20361328125,0.83258056640625,-0.48974609375,-0.226318359375,0.12493896484375
120,0.7093850840692935,0.24591329823369565,-0.6249628481657609,-0.21354608950407608,0.50750732421875,0.6899387525475543,0.4938991380774457,0.149658203125,0.5393437924592391,-0.28255031419836957,0.7854853091032609,0.11028787364130435,0.9205083432404891,0.0011384383491847827,0.31863005264945654,0.22599726137907608,0.9329621688179348,-0.2565466839334239,0.14897354789402173,0.20365574048913043,0.8326230256453805,-0.4896399456521739,-0.226318359375,0.1250875721807065
121,0.7091064453125,0.24603271484375,-0.6251220703125,-0.2137451171875,0.5075471297554348,0.6897927989130435,0.493965480638587,0.14980415675951086,0.5392111073369565,-0.28251050866168476,0.7856047257133152,0.11016845703125,0.92034912109375,0.001111901324728261,0.31889542289402173,0.22618302055027173,0.9329489003057065,-0.25632111922554346,0.14911950152853262,0.20382823114809784,0.83270263671875,-0.48944091796875,-0.226318359375,0.1253662109375
122,0.7090639860733695,0.2460274074388587,-0.6251698369565217,-0.21376103940217392,0.5076638926630435,0.6897025730298914,0.49381156589673914,0.15028182319972827,0.5392535665760869,-0.28265380859375,0.7854985776154891,0.11018437924592392,0.9203278914741848,0.0011649753736413045,0.3189113451086957,0.2261405613111413,0.933028511379076,-0.2562149711277174,0.14855691661005435,0.20418382727581522,0.8326920219089674,-0.4894303031589674,-0.22633428158967392,0.12544582201086957
123,0.7086393936820652,0.24597433338994565,-0.6256475033967391,-0.21392026154891305,0.5073985224184783,0.6897556470788043,0.49418308423913043,0.14980415675951086,0.5387228260869565,-0.28265380859375,0.7858700959578804,0.11034360139266304,0.9201155952785326,0.0012180494225543473,0.31954823369565216,0.22619363536005435,0.9328692892323369,-0.2561088230298913,0.1491407311480978,0.20439612347146738,0.8325858738111414,-0.4893241550611413,-0.22649350373641305,0.12624193274456522
124,0.7080131199048914,0.24622378141983695,-0.6262764308763586,-0.21392822265625,0.5072844132133152,0.6899095618206522,0.49410081946331524,0.14988111413043478,0.5385450280230978,-0.28250254755434784,0.7860399329144022,0.11040198284646739,0.9200545601222826,0.0013215438179347819,0.31937839673913043,0.2266500721807065,0.9329117484714674,-0.2558009935461957,0.149169921875,0.20460841966711957,0.8325301460597826,-0.489570949388587,-0.2258964206861413,0.1268363620923913
125,0.7078857421875,0.24627685546875,-0.62640380859375,-0.21392822265625,0.50726318359375,0.68994140625,0.49407958984375,0.14990234375,0.53851318359375,-0.282470703125,0.78607177734375,0.11041259765625,0.9203411599864131,0.0022768766983695603,0.3186141304347826,0.2266182277513587,0.93292236328125,-0.2557373046875,0.149169921875,0.20465087890625,0.8327318274456522,-0.488944675611413,-0.22649085003396738,0.12674082880434784
126,0.7074372664741848,0.2468978218410326,-0.6267142917798914,-0.21379023012907608,0.5072976817255435,0.689803413722826,0.49418308423913043,0.15007483440896738,0.5382716966711957,-0.2826431937839674,0.7861752717391305,0.11041259765625,0.9202987007472826,0.002030082370923924,0.3187468155570652,0.22663149626358695,0.9330258576766305,-0.2555648140285326,0.1488939368206522,0.2046853770380435,0.8325142238451086,-0.4891304347826087,-0.22659965183423914,0.12719991932744565
127,0.70709228515625,0.24737548828125,-0.626953125,-0.21368408203125,0.50732421875,0.689697265625,0.4942626953125,0.15020751953125,0.5380859375,-0.28277587890625,0.7862548828125,0.11041259765625,0.9202987007472826,0.002030082370923898,0.31874681555706524,0.22660495923913043,0.93310546875,-0.25543212890625,0.148681640625,0.2047119140625,0.8324611497961957,-0.4889977496603261,-0.22691809612771738,0.12754490064538043
128,0.706925101902174,0.24756124745244565,-0.627120308254076,-0.21351689877717392,0.5073427946671195,0.689697265625,0.49418839164402173,0.15031897503396738,0.5380116338315217,-0.28281303074048914,0.7863106105638586,0.11028256623641305,0.9204340395720109,0.0024440599524456607,0.3185026749320652,0.22639000934103262,0.93310546875,-0.25543212890625,0.148681640625,0.20473048997961957,0.8326097571331522,-0.4884537406589674,-0.22752048658288043,0.12772004500679346
129,0.70654296875,0.24798583984375,-0.62750244140625,-0.213134765625,0.5073215650475543,0.6896654211956522,0.49406101392663043,0.15083910071331522,0.5378311820652174,-0.2830253269361413,0.7863849142323369,0.11005965523097826,0.9203278914741848,0.001945163892663041,0.3189697265625,0.22619894276494565,0.93310546875,-0.25543212890625,0.148681640625,0.20477294921875,0.8323974609375,-0.48870849609375,-0.22747802734375,0.12835693359375
130,0.7065350076426631,0.24797787873641305,-0.6275210173233695,-0.21311353600543478,0.5070243503736414,0.6895194675611414,0.494254734205163,0.1520730723505435,0.5377701469089674,-0.2836197562839674,0.786148734714674,0.11039402173913043,0.9202297044836957,0.002197265625,0.3189856487771739,0.22647758152173914,0.9330975076426631,-0.255440090013587,0.14869490913722827,0.20478887143342392,0.8323788850203805,-0.48874299422554346,-0.22745414402173914,0.12838081691576086
131,0.706375785495924,0.24781865658967392,-0.6278925356657609,-0.21268894361413043,0.5071304984714674,0.6896256156589674,0.4940955120584239,0.15154233186141305,0.5375578507133152,-0.28340746008831524,0.7864671790081522,0.11002250339673914,0.9202827785326086,0.002197265625,0.31930409307065216,0.22599991508152173,0.932938285495924,-0.2555993121603261,0.1489602793817935,0.20510731572690216,0.8320073666779891,-0.489432956861413,-0.22697647758152173,0.12885848335597827
132,0.7062165633491848,0.2471817680027174,-0.6284551205842391,-0.2124076511548913,0.506758980129076,0.6898272970448369,0.49407958984375,0.15201469089673914,0.5372500212296196,-0.2836250636888587,0.7865945567255435,0.11003311820652174,0.9200970193614131,0.0022450322690217386,0.3197658372961956,0.2259521484375,0.9327790633491848,-0.25566300101902173,0.14946448284646738,0.20533022673233695,0.8322568147078804,-0.48945418648097827,-0.2261644446331522,0.12861965013586957
133,0.7061767578125,0.24700927734375,-0.62860107421875,-0.21234130859375,0.50665283203125,0.68988037109375,0.49407958984375,0.15216064453125,0.53717041015625,-0.28369140625,0.78662109375,0.11004638671875,0.9200041397758152,0.0019398564877717453,0.3196464206861413,0.22642981487771738,0.9327392578125,-0.25567626953125,0.14959716796875,0.20538330078125,0.8320179814877717,-0.48975936226222827,-0.2261909816576087,0.12901770550271738
134,0.7059220023777174,0.24665898862092392,-0.628983207370924,-0.21237315302309784,0.506270698879076,0.6900077488111414,0.49411143427309784,0.15263831097146738,0.5370111880095109,-0.28378693953804346,0.7866847826086957,0.1101737644361413,0.9198873768682065,0.0020566193953804293,0.31996486497961957,0.22649350373641305,0.9327392578125,-0.25545335852581524,0.14982007897418478,0.2055106784986413,0.8320392111073369,-0.4898018215013587,-0.22580884850543478,0.12930430536684784
135,0.7056884765625,0.246337890625,-0.62933349609375,-0.21240234375,0.50592041015625,0.69012451171875,0.494140625,0.153076171875,0.536865234375,-0.28387451171875,0.7867431640625,0.11029052734375,0.9198475713315217,0.0022715692934782623,0.3202541185461957,0.226318359375,0.9327392578125,-0.2552490234375,0.1500244140625,0.20562744140625,0.8321427055027174,-0.48970894191576086,-0.2255567467730978,0.12938126273777173
136,0.7055929432744565,0.2463060461956522,-0.6294449515964674,-0.21245011039402173,0.5057611880095109,0.6901882005774457,0.49417246942934784,0.15328316066576086,0.5367697010869565,-0.28384266728940216,0.7868068529211957,0.11029052734375,0.9198741083559783,0.0022609544836956473,0.3202116593070652,0.22630243716032608,0.932755180027174,-0.2551375679347826,0.15007218070652173,0.2056592858355978,0.8320790166440217,-0.4896824048913044,-0.2258592688519022,0.12950333305027173
137,0.705322265625,0.2462158203125,-0.6297607421875,-0.21258544921875,0.505294136379076,0.6903606912364131,0.4942786175271739,0.15391739555027173,0.536483101222826,-0.2837365191915761,0.7870111880095109,0.11025072180706522,0.91973876953125,0.00244140625,0.32061767578125,0.22625732421875,0.93280029296875,-0.25482177734375,0.15020751953125,0.20574951171875,0.83221435546875,-0.489501953125,-0.22576904296875,0.129638671875
138,0.705322265625,0.2462158203125,-0.6297607421875,-0.21258544921875,0.50518798828125,0.6903076171875,0.494384765625,0.15423583984375,0.536376953125,-0.28363037109375,0.78717041015625,0.1099853515625,0.91973876953125,0.00244140625,0.32061767578125,0.22625732421875,0.93280029296875,-0.25482177734375,0.15020751953125,0.20574951171875,0.83221435546875,-0.489501953125,-0.22576904296875,0.129638671875
139,0.7051099694293478,0.24653426460597824,-0.629654594089674,-0.21311618970788043,0.5049756920855978,0.6900422469429348,0.4948624320652174,0.15450121008831522,0.5362177309782609,-0.2841080375339674,0.787064262058424,0.11046301800271738,0.9195795473845109,0.002016813858695658,0.3213607124660326,0.2258858058763587,0.932694144870924,-0.25482177734375,0.15052596382472824,0.20585565981657608,0.83221435546875,-0.4896081012228261,-0.22550367272418478,0.12932022758152176
140,0.705123237941576,0.24676248301630435,-0.6292777683423914,-0.21405294667119565,0.5047633958899457,0.6897768766983696,0.49534009850543476,0.15467635444972827,0.5359682829483696,-0.28404434867527173,0.7872739045516304,0.11044444208559782,0.9193752122961957,0.0021335767663043454,0.32124660326086957,0.22673233695652173,0.9327684485394022,-0.25468643851902173,0.15061884341032608,0.20564601732336957,0.8323496942934783,-0.48903755519701086,-0.22600522248641303,0.12976870329483695
141,0.70513916015625,0.246826171875,-0.629150390625,-0.21435546875,0.50469970703125,0.689697265625,0.4954833984375,0.15472412109375,0.535888671875,-0.28399658203125,0.787353515625,0.11041259765625,0.9194972826086957,0.0023458729619565215,0.3213527513586957,0.22612198539402173,0.93280029296875,-0.254638671875,0.150634765625,0.20556640625,0.8325460682744565,-0.48897917374320654,-0.22586192255434784,0.12897789996603262
142,0.7052559230638586,0.24711807914402173,-0.6287125297214674,-0.21493928328804346,0.5046413255774457,0.6895221212635869,0.4958044964334239,0.1548116932744565,0.5358010996942935,-0.28385062839673914,0.7874702785326086,0.11035421620244565,0.9195583177649457,0.0024122155230978264,0.3211510699728261,0.22625467051630435,0.9329170558763586,-0.2545219089673913,0.15045962126358695,0.20539126188858695,0.8326416015625,-0.4887244183084239,-0.22625997792119565,0.12870722231657608
143,0.70538330078125,0.2474365234375,-0.62823486328125,-0.215576171875,0.50457763671875,0.6893310546875,0.49615478515625,0.1549072265625,0.53570556640625,-0.28369140625,0.78759765625,0.11029052734375,0.9195158585258152,0.0024228303328804345,0.3211829144021739,0.2264138926630435,0.93304443359375,-0.25439453125,0.1502685546875,0.2052001953125,0.8328114385190217,-0.4884059740149457,-0.22650411854619565,0.12851615574048914
144,0.7055292544157609,0.24752940302309784,-0.6279694930366848,-0.21577519955842392,0.5045643682065217,0.6891983695652174,0.49631400730298914,0.1549735691236413,0.5356524923573369,-0.28366486922554346,0.7876507302989131,0.11021091627038043,0.9195423955502717,0.002449367357336957,0.32193921959918476,0.22520645805027173,0.93304443359375,-0.25440779976222827,0.15030836022418478,0.20508077870244565,0.8331431513247283,-0.48853865913722827,-0.22569473930027173,0.12726891559103262
145,0.7060546875,0.24786376953125,-0.62701416015625,-0.21649169921875,0.5045166015625,0.688720703125,0.49688720703125,0.15521240234375,0.5353287406589674,-0.28360648777173914,0.7879320227581522,0.10985001273777174,0.91949462890625,0.00225830078125,0.32208251953125,0.22515869140625,0.93304443359375,-0.25445556640625,0.15045166015625,0.20465087890625,0.83319091796875,-0.48858642578125,-0.22564697265625,0.12664794921875
146,0.7060546875,0.24786376953125,-0.62701416015625,-0.21649169921875,0.5045166015625,0.688720703125,0.49688720703125,0.15521240234375,0.5340018894361414,-0.28397800611413043,0.788834281589674,0.10910697605298914,0.91949462890625,0.00225830078125,0.32208251953125,0.22515869140625,0.93304443359375,-0.25445556640625,0.15045166015625,0.20465087890625,0.83319091796875,-0.48858642578125,-0.22564697265625,0.12664794921875
147,0.7069118333899457,0.24751082710597827,-0.6259049125339674,-0.2170967433763587,0.5044157608695652,0.688216499660326,0.4974922511888587,0.15586786684782608,0.5350447944972826,-0.28379490064538043,0.7880726689877717,0.10977570906929347,0.9193433678668478,0.0020566193953804363,0.32223378057065216,0.22541079313858695,0.9330948539402174,-0.25435472571331524,0.15050208050271738,0.20455003821331522,0.8333421790081522,-0.48878810716711957,-0.22514276919157608,0.12589164402173914
148,0.70806884765625,0.24684209408967392,-0.6247372834578805,-0.2174788765285326,0.5043520720108695,0.6878555961277174,0.4978743843410326,0.15655782948369565,0.5353207795516305,-0.28354014521059784,0.7879877505095109,0.10971202021059782,0.9197361158288043,0.0027359672214673876,0.32107676630434784,0.22563370414402173,0.93310546875,-0.25441841457201086,0.15119204313858695,0.20410421620244565,0.8336287788722826,-0.488151218580163,-0.22601318359375,0.12484077785326088
149,0.70849609375,0.24658203125,-0.62432861328125,-0.21759033203125,0.50433349609375,0.687744140625,0.49798583984375,0.15679931640625,0.53533935546875,-0.283447265625,0.78802490234375,0.109619140625,0.9195423955502717,0.002465289572010871,0.32176407523777173,0.22543202275815216,0.93310546875,-0.25445556640625,0.1514892578125,0.20391845703125,0.8337057362432065,-0.4884749702785326,-0.22523299507472827,0.12445068359375
150,0.7090533712635869,0.24623704993206522,-0.6238509468410326,-0.21753725798233695,0.504227347995924,0.6875318444293478,0.4982246730638587,0.15719737177309784,0.535233207370924,-0.28347380264945654,0.7880779763926631,0.10956606657608696,0.9195158585258152,0.002359141474184784,0.32200290845788043,0.22514011548913043,0.9331320057744565,-0.25437595533288043,0.15138310971467392,0.2038919200067935,0.833785347316576,-0.4887138034986413,-0.22475532863451086,0.12384033203125
151,0.70977783203125,0.24578857421875,-0.62322998046875,-0.21746826171875,0.50408935546875,0.687255859375,0.49853515625,0.15771484375,0.53509521484375,-0.28350830078125,0.78814697265625,0.1094970703125,0.9197122325067935,0.0026775857676630418,0.3214217476222826,0.2251852284307065,0.93316650390625,-0.2542724609375,0.1512451171875,0.203857421875,0.8339047639266305,-0.4885890794836957,-0.2249702785326087,0.12319548233695653
152,0.7099370541779891,0.24570365574048914,-0.623123832370924,-0.21730903957201086,0.5041530443274457,0.6872346297554348,0.498482082201087,0.1578103770380435,0.5351164444633152,-0.2834446119225543,0.7881682022758152,0.10939092221467392,0.9194044030230978,0.00238037109375,0.32210109544836957,0.22546121348505435,0.9331771187160326,-0.25430430536684784,0.15127696161684784,0.2037406589673913,0.8338410750679348,-0.48910920516304346,-0.22403617527173914,0.1234183933423913
153,0.710693359375,0.24530029296875,-0.62261962890625,-0.216552734375,0.50445556640625,0.6871337890625,0.49822998046875,0.15826416015625,0.5351987092391305,-0.28318454908288043,0.7882637355638586,0.10892121688179346,0.9195556640625,0.00238037109375,0.3218994140625,0.22515869140625,0.9332275390625,-0.25445556640625,0.15142822265625,0.20318603515625,0.833740234375,-0.48956298828125,-0.2236328125,0.12286376953125
154,0.710693359375,0.24530029296875,-0.62261962890625,-0.216552734375,0.50445556640625,0.6871337890625,0.49822998046875,0.15826416015625,0.5348271908967391,-0.28403373386548914,0.7881575874660326,0.10961117951766303,0.9195556640625,0.00238037109375,0.3218994140625,0.22515869140625,0.9332275390625,-0.25445556640625,0.15142822265625,0.20318603515625,0.833740234375,-0.48956298828125,-0.2236328125,0.12286376953125
155,0.7111232591711957,0.24510922639266305,-0.62261962890625,-0.21545410156250003,0.504837699558424,0.6868471891983696,0.4980866805366848,0.15874182659646738,0.535172172214674,-0.2836409859035326,0.7881947393002717,0.1086770762567935,0.9196511973505435,0.0019504712975543562,0.3215172809103261,0.2253975246263587,0.9330364724864131,-0.25502876613451086,0.15138045601222827,0.20337710173233695,0.8331670346467391,-0.4906138544497282,-0.22329844599184784,0.12319813603940216
156,0.7113620923913043,0.24449887483016305,-0.6229778787364131,-0.2142732039741848,0.5051030698029891,0.6868869947350543,0.4975692085597826,0.1592725670855978,0.5353181258491848,-0.28346849524456524,0.7882080078125,0.10823921535326088,0.919876762058424,0.0019902768342391275,0.3215305494225543,0.2243891176970109,0.9331426205842391,-0.25518798828125,0.1517652428668478,0.20239523182744568,0.8330476180366848,-0.49130381708559784,-0.2225686778192935,0.12245509935461958
157,0.71142578125,0.24420166015625,-0.6231689453125,-0.21380615234375,0.50518798828125,0.68695068359375,0.497314453125,0.15948486328125,0.53533935546875,-0.283447265625,0.7882080078125,0.108154296875,0.9198236880095109,0.0019159731657608725,0.3214668605638587,0.22464387313179346,0.9330046280570652,-0.255379054857337,0.1518820057744565,0.2027349057404891,0.8328459366508152,-0.491707179857337,-0.22222900390625,0.12277354364809781
158,0.7113780146059783,0.24384341032608697,-0.6235271951426631,-0.21342401919157608,0.5051402216372283,0.687117866847826,0.49705173658288043,0.1596998131793478,0.5352438221807065,-0.2833756156589674,0.7883035411005435,0.10810653023097826,0.9196299677309783,0.0019372027853260837,0.32156504755434784,0.22535506538722827,0.9327764096467391,-0.255363132642663,0.15215268342391303,0.20360001273777173,0.8327371348505435,-0.4920256241508152,-0.2217035708220109,0.1231636379076087
159,0.7113037109375,0.2432861328125,-0.62408447265625,-0.21282958984375,0.50506591796875,0.6873779296875,0.49664306640625,0.1600341796875,0.53509521484375,-0.28326416015625,0.7884521484375,0.1080322265625,0.9195556640625,0.002197265625,0.3218994140625,0.22528076171875,0.9327392578125,-0.25506591796875,0.1527099609375,0.20367431640625,0.832869819972826,-0.4921848462975543,-0.22091807489809784,0.12298318614130434
160,0.7112798276154891,0.2432304050611413,-0.6241720448369565,-0.21269425101902176,0.5050579568614131,0.6874256963315217,0.4965714164402174,0.1600899074388587,0.5350474481997283,-0.28324027683423914,0.7884999150815217,0.10798445991847826,0.919539741847826,0.0022370711616847808,0.32194718070652173,0.22525687839673914,0.9327392578125,-0.25502611243206524,0.15281345533288043,0.20368227751358695,0.8328326681385869,-0.49202827785326086,-0.2209127674932065,0.12389605978260869
161,0.71112060546875,0.24285888671875,-0.624755859375,-0.21179199218750003,0.5050048828125,0.687744140625,0.49609375,0.16046142578125,0.53472900390625,-0.2830810546875,0.788818359375,0.10766601562500001,0.91943359375,0.0025024414062499913,0.322265625,0.22509765625,0.9327392578125,-0.2547607421875,0.15350341796874997,0.2037353515625,0.8328857421875,-0.4921875,-0.22027587890625003,0.12426757812499999
162,0.71112060546875,0.24285888671875,-0.624755859375,-0.2117919921875,0.5050048828125,0.687744140625,0.49609375,0.16046142578125,0.534622855808424,-0.2834525730298913,0.7886591372282609,0.10846212635869563,0.91943359375,0.00250244140625,0.322265625,0.22509765625,0.9327392578125,-0.2547607421875,0.15350341796875,0.2037353515625,0.8328857421875,-0.4921875,-0.22027587890625,0.124267578125
163,0.71112060546875,0.24276866083559784,-0.6250265370244565,-0.21111529806385873,0.5048244310461957,0.6878794794497283,0.49595841117527173,0.16086744225543476,0.5345167077105978,-0.2832376231317935,0.7888608186141304,0.1079499617866848,0.91943359375,0.002773119055706513,0.3222205120584239,0.22523299507472824,0.9327392578125,-0.2544900645380435,0.15350341796875,0.20391580332880435,0.832930855129076,-0.4921875,-0.21991497537364132,0.12453825577445651
164,0.7112320609714674,0.24284827190896738,-0.6251220703125,-0.2103563391644022,0.5049093495244565,0.6877786387567935,0.49587349269701086,0.16130795686141303,0.5343734077785326,-0.28329069718070654,0.7890147333559783,0.10757844344429349,0.9195822010869565,0.002571437669836967,0.3220931343410326,0.22487209154211957,0.9327392578125,-0.2547660495923913,0.15346626613451086,0.20357082201086957,0.8327610181725543,-0.49259617017663043,-0.21975044582201086,0.12433657438858697
165,0.7113037109375,0.242919921875,-0.6251220703125,-0.21002197265625,0.5050048828125,0.68768310546875,0.495849609375,0.1614990234375,0.5343017578125,-0.28338623046875,0.7890625,0.10748291015625,0.9196193529211957,0.0026430876358695546,0.32199229364809784,0.22484290081521738,0.9327392578125,-0.2548005477241848,0.1534423828125,0.20357082201086957,0.8326999830163043,-0.49282969599184784,-0.21952222741168478,0.12426227072010869
166,0.7114523182744565,0.24289869225543478,-0.6250371518342391,-0.2098733653192935,0.5050048828125,0.6876618758491848,0.49582837975543476,0.1616476307744565,0.5343229874320652,-0.28330131199048914,0.7890837296195652,0.10744045091711957,0.9195981233016305,0.002993376358695649,0.32181184188179346,0.22514011548913043,0.9327604874320652,-0.25457763671875,0.15335746433423914,0.20383619225543478,0.8327212126358695,-0.4928615404211957,-0.21938423488451086,0.12419858186141305
167,0.71173095703125,0.24285888671875,-0.6248779296875,-0.2095947265625,0.5050048828125,0.6876220703125,0.49578857421875,0.16192626953125,0.53436279296875,-0.28314208984375,0.78912353515625,0.10736083984375,0.919677734375,0.00311279296875,0.321533203125,0.2252197265625,0.93280029296875,-0.25457763671875,0.1531982421875,0.20379638671875,0.8326681385869565,-0.49298095703125,-0.2194107719089674,0.12389340608016304
168,0.7117734162703804,0.24284296450407608,-0.6248301630434783,-0.2095841117527174,0.5049783457880435,0.6876326851222826,0.4957938816236413,0.1619581139605978,0.53436279296875,-0.2830784009850544,0.7891447647758152,0.10736083984375,0.9196724269701086,0.0031552522078804293,0.32155974014945654,0.22519849694293478,0.932816215183424,-0.254524562669837,0.1532300866168478,0.20375923488451086,0.8328061311141304,-0.49294911260190216,-0.21888533882472827,0.12402078379755435
169,0.7121980086616848,0.24268374235733695,-0.6243524966032609,-0.2094779636548913,0.5047129755434783,0.6877388332201086,0.4958469556725543,0.16227655825407608,0.53436279296875,-0.28244151239809784,0.7893570609714674,0.10736083984375,0.9196193529211957,0.003579844599184778,0.32182511039402173,0.22498620074728262,0.9329754373301631,-0.25399382218070654,0.15354853091032608,0.20338771654211957,0.8332307235054348,-0.4926306683084239,-0.21840767238451086,0.12338389521059784
170,0.71221923828125,0.24267578125,-0.62432861328125,-0.20947265625,0.50469970703125,0.687744140625,0.495849609375,0.16229248046875,0.5334048063858696,-0.28230882727581524,0.790023140285326,0.10746168053668478,0.91961669921875,0.00360107421875,0.32183837890625,0.2249755859375,0.9329833984375,-0.25396728515625,0.153564453125,0.203369140625,0.833251953125,-0.49261474609375,-0.2183837890625,0.12335205078125
171,0.7126862899116848,0.24284561820652173,-0.6237766431725543,-0.20943019701086957,0.50469970703125,0.687362007472826,0.4962742017663043,0.16258969514266303,0.533797554347826,-0.2824149753736413,0.7897365404211957,0.10739799167798914,0.9195742399796195,0.0034736965013587,0.32192329738451086,0.2249755859375,0.9330258576766305,-0.25392482591711957,0.15364937160326086,0.2032417629076087,0.8332944123641305,-0.49282704228940216,-0.2181290336277174,0.12292745838994566
172,0.7132701044497283,0.24281642747961957,-0.6230521824048914,-0.20961860988451086,0.5045272163722826,0.6870223335597826,0.49673594599184784,0.16306470788043476,0.5339541227921196,-0.282470703125,0.7896197775135869,0.10742983610733696,0.919693656589674,0.0036249575407608587,0.3214084791100544,0.22521707286005432,0.933182426120924,-0.25363026494565216,0.1531000551970109,0.2032205332880435,0.8333819845448369,-0.4926094386888587,-0.21853505010190213,0.12250021229619566
173,0.71356201171875,0.24273681640625,-0.6226806640625,-0.20977783203125,0.50439453125,0.6868896484375,0.4969482421875,0.163330078125,0.53387451171875,-0.282470703125,0.7896728515625,0.10748291015625,0.9196405825407609,0.00367803158967392,0.3216738493546195,0.22511092476222827,0.9332089631453805,-0.25344450577445654,0.15336542544157605,0.20303477411684784,0.833541206691576,-0.4925563646399456,-0.21819006878396743,0.1220490828804348
174,0.713822074558424,0.24269966457201086,-0.622383449388587,-0.20988928753396738,0.5043573794157609,0.6867410411005435,0.4971340013586956,0.1635344132133152,0.5337444802989131,-0.28256358271059784,0.7897285793138586,0.10748291015625,0.9193964419157609,0.0035400390625,0.3226822562839674,0.22471286939538043,0.9331240446671195,-0.25346042798913043,0.1543897545855978,0.2026659094769022,0.8337163510529891,-0.4926492442255435,-0.2175770635190217,0.12155549422554349
175,0.71441650390625,0.24261474609375,-0.6217041015625,-0.21014404296875,0.5042724609375,0.6864013671875,0.49755859375,0.16400146484375,0.533447265625,-0.28277587890625,0.78985595703125,0.10748291015625,0.9193115234375,0.0035400390625,0.32293701171875,0.22467041015625,0.93316650390625,-0.25341796875,0.15460205078125,0.20245361328125,0.8338118843410326,-0.49241571841032605,-0.21813964843750003,0.12114151664402174
176,0.7144456946331521,0.24261209239130435,-0.6216669497282609,-0.21015200407608695,0.5042724609375,0.6863827912703805,0.49757186226222827,0.1640333092730978,0.533431343410326,-0.28279445482336957,0.7898612644361414,0.10746964164402174,0.9193141771399457,0.0035400390625,0.3229263969089674,0.22467041015625,0.9331718113111414,-0.25341796875,0.15458878226902176,0.20244565217391305,0.8338623046875,-0.4929039996603261,-0.2170224397078804,0.12076999830163045
177,0.7150295091711957,0.2425590183423913,-0.6209239130434783,-0.21031122622282608,0.5042724609375,0.6860112729279891,0.49783723250679346,0.16467019786005432,0.5331128991168478,-0.28316597316576086,0.7899674125339674,0.10720427139945653,0.9193672511888586,0.0035400390625,0.32271410071331524,0.22467041015625,0.9332779594089674,-0.25341796875,0.1543234120244565,0.20228643002717392,0.8338623046875,-0.49258555536684784,-0.2178716244904891,0.12039847995923914
178,0.715087890625,0.2425537109375,-0.620849609375,-0.2103271484375,0.5042724609375,0.68597412109375,0.49786376953125,0.16473388671875,0.5324600883152174,-0.2834419582201087,0.7903123938519022,0.10698666779891304,0.91937255859375,0.0035400390625,0.32269287109375,0.22467041015625,0.93328857421875,-0.25341796875,0.154296875,0.2022705078125,0.8339100713315217,-0.4927925441576087,-0.2173355765964674,0.12007472826086957
179,0.7153665293817935,0.24243429432744565,-0.6205709706182065,-0.21044656504755435,0.5041530443274457,0.6858547044836957,0.4979831861413043,0.1651717476222826,0.5326060419497283,-0.28342868970788043,0.790206245754076,0.10709281589673912,0.9194123641304348,0.0037788722826086842,0.32269287109375,0.22455099354619565,0.9333681852921195,-0.2532189410665761,0.154296875,0.20211128566576086,0.8340825619904891,-0.49269966457201086,-0.21712328040081522,0.11963686735733697
180,0.7156425144361414,0.24233876103940216,-0.6202631411345109,-0.21051025390625,0.5040256666100543,0.6857591711956522,0.49807871942934784,0.16569187330163043,0.5327440344769022,-0.28338623046875,0.79010009765625,0.107177734375,0.9194654381793478,0.003969938858695651,0.32269287109375,0.2243599269701087,0.9334424889605978,-0.2530491041100543,0.15410580842391305,0.20196267832880435,0.83416748046875,-0.4925510572350543,-0.21726127292798914,0.11935026749320653
181,0.71575927734375,0.2423095703125,-0.6201171875,-0.21051025390625,0.50396728515625,0.68572998046875,0.49810791015625,0.16595458984375,0.53271484375,-0.28338623046875,0.79010009765625,0.107177734375,0.91949462890625,0.0040283203125,0.32269287109375,0.2242431640625,0.9334716796875,-0.25301460597826086,0.15407396399456522,0.20188041355298914,0.83416748046875,-0.49249267578125,-0.2174072265625,0.1192626953125
182,0.7158070439877717,0.24222995923913043,-0.6201171875,-0.21046248726222827,0.5039354407269022,0.685714058254076,0.4981238323709239,0.16609788977581522,0.5326670771059783,-0.28335438603940216,0.7901478643002717,0.10714588994565218,0.919510551120924,0.004092009171195651,0.3226769488790761,0.2242431640625,0.9334716796875,-0.2529880689538043,0.15428095278532608,0.20187510614809784,0.834183402683424,-0.4925563646399457,-0.21729577105978262,0.11919900645380435
183,0.7159423828125,0.24200439453125,-0.6201171875,-0.2103271484375,0.50384521484375,0.6856689453125,0.4981689453125,0.16650390625,0.53253173828125,-0.28326416015625,0.790283203125,0.1070556640625,0.9195556640625,0.0042724609375,0.3226318359375,0.2242431640625,0.9334716796875,-0.2528076171875,0.15423583984375,0.20196533203125,0.8342205545176631,-0.49273681640625,-0.21695609714673914,0.11909020465353261
184,0.7159423828125,0.24200439453125,-0.6201171875,-0.2103271484375,0.50384521484375,0.6856689453125,0.4981689453125,0.16650390625,0.53253173828125,-0.28326416015625,0.790283203125,0.1070556640625,0.9195556640625,0.0042724609375,0.3226318359375,0.2242431640625,0.9334716796875,-0.2528076171875,0.15423583984375,0.20196533203125,0.83416748046875,-0.49273681640625,-0.216796875,0.11956787109375
185,0.716048530910326,0.2416328761888587,-0.620223335597826,-0.21006177819293478,0.5035798445991848,0.6856689453125,0.498222019361413,0.1670877207880435,0.5323194420855978,-0.283317234205163,0.7904424252717391,0.10710873811141304,0.919449515964674,0.004431683084239131,0.3227379840353261,0.22434931216032608,0.9334716796875,-0.25264839504076086,0.15434198794157608,0.20217762822690216,0.834273628566576,-0.492789890455163,-0.21653150475543478,0.11914327870244565
186,0.716019340183424,0.24126135784646738,-0.6205099354619565,-0.2096610691236413,0.503585152004076,0.6859396229619565,0.49800441576086957,0.16676927649456522,0.5320169200067935,-0.2835056470788043,0.7905565344769022,0.10711669921875,0.919478706691576,0.004590905230978262,0.32297947095788043,0.22386899201766303,0.933516792629076,-0.2525793987771739,0.1547188136888587,0.20175834324048914,0.834244437839674,-0.49306852921195654,-0.21590523097826086,0.11926004161005435
187,0.71600341796875,0.24114990234375,-0.62060546875,-0.20953369140625,0.5034896187160326,0.6858865489130435,0.49799910835597827,0.16729470957880435,0.53192138671875,-0.2835693359375,0.79058837890625,0.10711669921875,0.9194574770720109,0.004675823709239131,0.32291047469429346,0.22413966966711957,0.9334955630095109,-0.2525634765625,0.1545118248980978,0.2020820949388587,0.834228515625,-0.4931640625,-0.2156982421875,0.11932373046875
188,0.7159450365149457,0.24094556725543478,-0.6208681852921196,-0.20927097486413043,0.50341796875,0.6859661599864131,0.4979301120923913,0.16734512992527173,0.5318630052649457,-0.28348176375679346,0.7906759510869565,0.1069999363111413,0.91943359375,0.004728897758152175,0.32281494140625,0.22439707880434784,0.9335008704144022,-0.25253428583559784,0.15458878226902176,0.20207148012907608,0.8341993248980978,-0.49325163468070654,-0.2154647163722826,0.11946968410326088
189,0.71588134765625,0.24072265625,-0.62115478515625,-0.208984375,0.50341796875,0.6860723080842391,0.49776027513586957,0.16737697435461957,0.53179931640625,-0.28338623046875,0.790771484375,0.10687255859375,0.91943359375,0.0047607421875,0.32281494140625,0.224365234375,0.9334690259850543,-0.25254490064538043,0.15480107846467392,0.20201840608016305,0.83416748046875,-0.49334716796875,-0.2152099609375,0.11962890625
190,0.7158548106317935,0.2405634341032609,-0.6212742017663043,-0.20886495838994565,0.5034047002377717,0.6859661599864131,0.49758778447690216,0.1683057702105978,0.5317462423573369,-0.28335969344429346,0.7908245584239131,0.10683275305706522,0.9194070567255435,0.0048138162364130405,0.3228812839673913,0.22437850288722827,0.9333363408627717,-0.25254490064538043,0.15472146739130435,0.20262875764266303,0.8341807489809783,-0.4934135105298913,-0.21499766474184784,0.11966871178668478
191,0.71575927734375,0.239990234375,-0.6217041015625,-0.20843505859375,0.50335693359375,0.6861572265625,0.49725341796875,0.16864013671875,0.53155517578125,-0.28326416015625,0.791015625,0.106689453125,0.9193115234375,0.0050048828125,0.3231201171875,0.22442626953125,0.93328857421875,-0.25225830078125,0.1551513671875,0.20281982421875,0.834228515625,-0.49365234375,-0.2142333984375,0.11981201171875
192,0.71575927734375,0.239990234375,-0.6217041015625,-0.20843505859375,0.50335693359375,0.6861572265625,0.49725341796875,0.16864013671875,0.53155517578125,-0.28326416015625,0.791015625,0.106689453125,0.9193115234375,0.0050048828125,0.3231201171875,0.22442626953125,0.93328857421875,-0.25225830078125,0.1551513671875,0.20281982421875,0.834228515625,-0.49365234375,-0.2142333984375,0.11981201171875
193,0.7158096976902174,0.2394356105638587,-0.6220066236413043,-0.20803169582201086,0.5032560929008152,0.6863084876019022,0.49705173658288043,0.16904349949048914,0.5314039147418478,-0.2832137398097826,0.7911668860394022,0.10663903277853261,0.9192106827445652,0.005156143851902173,0.32332179857336957,0.22447668987771738,0.9332381538722826,-0.25205661939538043,0.15590767238451086,0.20287024456521738,0.8342789359714674,-0.49365234375,-0.21388045601222827,0.12016495414402173
194,0.7160750679347826,0.2389791737432065,-0.6220278532608695,-0.2076071034307065,0.5033197817595109,0.6865950874660326,0.49654222571331524,0.16908595872961957,0.5311597741168478,-0.28328804347826086,0.7912836489470109,0.10658595872961957,0.9193592900815217,0.005400284476902173,0.32315196161684784,0.22406271229619565,0.9333549167798914,-0.25184432319972827,0.15598197605298914,0.20241380774456522,0.83428955078125,-0.4939070991847826,-0.21333910071331522,0.12015433933423914
195,0.7161865234375,0.23883056640625,-0.62200927734375,-0.20745849609375,0.5031844429347826,0.6864305579144022,0.49678636633831524,0.1693778659986413,0.53106689453125,-0.2833251953125,0.79132080078125,0.1065673828125,0.9192266049592391,0.005286175271739131,0.32347305961277173,0.22422193444293478,0.9332381538722826,-0.25197700832201086,0.1562553074048913,0.20255445397418478,0.83428955078125,-0.4940185546875,-0.213134765625,0.1201171875
196,0.7163988196331522,0.23853865913722827,-0.621903129245924,-0.20737888502038043,0.5030252207880435,0.6864305579144022,0.49681290336277173,0.16972284731657608,0.5310403575067935,-0.2831394361413043,0.7914004118546195,0.10662045686141304,0.9190673828125,0.005259638247282609,0.32379150390625,0.22443423063858695,0.9332381538722826,-0.25192393427309784,0.15636145550271738,0.2025809909986413,0.8343160878057065,-0.494071628736413,-0.2128959324048913,0.11998450237771739
197,0.7166748046875,0.2381591796875,-0.62176513671875,-0.207275390625,0.5029164189877717,0.6866136633831522,0.4966032608695652,0.16993514351222827,0.531005859375,-0.28289794921875,0.79150390625,0.106689453125,0.9190673828125,0.00543212890625,0.32379150390625,0.224365234375,0.9333363408627717,-0.25174082880434784,0.15637472401494565,0.20236338739809784,0.8343505859375,-0.494140625,-0.21258544921875,0.11981201171875
198,0.7167597231657609,0.23809549082880435,-0.6217014478600543,-0.20725416100543478,0.5027253524116848,0.6863907523777174,0.4970809273097826,0.17014743970788043,0.5309846297554348,-0.28285548997961957,0.7915357506793478,0.10666822350543478,0.9190673828125,0.005421514096467393,0.3238021187160326,0.22434400475543478,0.93316650390625,-0.252006199048913,0.15677808678668478,0.20252260954483697,0.8343505859375,-0.494193699048913,-0.21253237516983697,0.11973770805027174
199,0.7171630859375,0.23779296875,-0.62139892578125,-0.2071533203125,0.50262451171875,0.68634033203125,0.49713134765625,0.17034912109375,0.5308837890625,-0.28265380859375,0.79168701171875,0.1065673828125,0.9190673828125,0.00537109375,0.3238525390625,0.2242431640625,0.93316650390625,-0.25225830078125,0.15667724609375,0.2022705078125,0.8343505859375,-0.49444580078125,-0.2122802734375,0.119384765625
200,0.7171630859375,0.23779296875,-0.62139892578125,-0.2071533203125,0.50262451171875,0.68634033203125,0.49713134765625,0.17034912109375,0.5308837890625,-0.28265380859375,0.79168701171875,0.1065673828125,0.9190673828125,0.00537109375,0.3238525390625,0.2242431640625,0.93316650390625,-0.25225830078125,0.15667724609375,0.2022705078125,0.8343505859375,-0.49444580078125,-0.2122802734375,0.119384765625
201,0.7174974524456522,0.23760190217391305,-0.6210645592730978,-0.2072488536005435,0.5025289784307065,0.6862925653872283,0.49722688094429346,0.1705879543138587,0.5306927224864131,-0.28236720872961957,0.7919736115828804,0.10637631623641304,0.9191629161005435,0.005657693614130429,0.32375700577445654,0.22405209748641305,0.9332142705502717,-0.25225830078125,0.15662947944972827,0.20207944123641305,0.8343505859375,-0.49473240064538043,-0.21185037364130435,0.11885933254076088
202,0.717789359714674,0.23746921705163043,-0.6207328464673914,-0.20739480723505435,0.5024626358695652,0.6863191024116848,0.4971340013586957,0.17097274116847824,0.5305202318274457,-0.2820487644361413,0.7922124448029891,0.10620382557744565,0.9192690641983695,0.0058965268342391275,0.32345182999320654,0.22411844004755435,0.9333071501358695,-0.25209907863451086,0.15629776664402176,0.20206617272418478,0.8344700025475543,-0.49477220618206524,-0.21161154042119565,0.11843474014945653
203,0.7178955078125,0.2374267578125,-0.62060546875,-0.20745849609375,0.5024095618206522,0.6862447987432065,0.497261379076087,0.17107888926630435,0.53045654296875,-0.28192138671875,0.79229736328125,0.10614013671875,0.9192478345788043,0.005917756453804349,0.32362166694972827,0.22399106233016305,0.933349609375,-0.25210969344429346,0.15628715183423914,0.2019600246263587,0.83453369140625,-0.4947509765625,-0.2115478515625,0.1182861328125
204,0.7179432744565217,0.2374267578125,-0.6205099354619565,-0.2075540293817935,0.5023326044497283,0.6861572265625,0.4974365234375,0.17113992442255435,0.5303371263586957,-0.28194527004076086,0.7923690132472826,0.10614013671875,0.9192133364470109,0.005954908288043476,0.3237463909646739,0.2238875679347826,0.933349609375,-0.25214949898097827,0.15631368885869565,0.2019149116847826,0.83453369140625,-0.49479874320652173,-0.2114762015964674,0.11816671620244565
205,0.718017578125,0.2374267578125,-0.620361328125,-0.20770263671875,0.502274222995924,0.6861094599184783,0.49748429008152173,0.17132568359375,0.5301513671875,-0.281982421875,0.79248046875,0.10614013671875,0.91925048828125,0.006103515625,0.323486328125,0.2239990234375,0.933365531589674,-0.2520751953125,0.1560323963994565,0.20204228940217392,0.83453369140625,-0.494873046875,-0.21136474609375,0.11798095703125
206,0.718017578125,0.2374267578125,-0.620345405910326,-0.20774244225543478,0.502335258152174,0.685958198879076,0.497611667798913,0.17137345023777173,0.5301434060801631,-0.2819983440896739,0.7924884298573369,0.10611625339673914,0.9192584493885869,0.006111476732336956,0.3234704059103261,0.22401494565217392,0.93341064453125,-0.25205131199048914,0.15574579653532608,0.20211924677309784,0.83453369140625,-0.49484916355298914,-0.21139659052309784,0.11798891813858696
207,0.718017578125,0.2374267578125,-0.6202392578125,-0.2080078125,0.50244140625,0.68585205078125,0.49755859375,0.17169189453125,0.53009033203125,-0.2821044921875,0.79254150390625,0.10595703125,0.9193115234375,0.00616455078125,0.3233642578125,0.22412109375,0.93341064453125,-0.25189208984375,0.1556396484375,0.20233154296875,0.83453369140625,-0.49468994140625,-0.21160888671875,0.1180419921875
208,0.718017578125,0.2374267578125,-0.6202392578125,-0.2080078125,0.50244140625,0.68585205078125,0.49755859375,0.17169189453125,0.53009033203125,-0.2821044921875,0.79254150390625,0.10595703125,0.9193115234375,0.00616455078125,0.3233642578125,0.22412109375,0.93341064453125,-0.25205131199048914,0.15553350033967392,0.20217232082201086,0.83453369140625,-0.49468994140625,-0.21160888671875,0.1180419921875
209,0.717972465183424,0.23733653192934784,-0.6202392578125,-0.2082784901494565,0.5023060674252717,0.685897163722826,0.49755859375,0.17178212041440216,0.5299098802649457,-0.2819240404211957,0.7927219556725543,0.10591191830842392,0.9193115234375,0.006435228430706513,0.3233191448709239,0.22403086786684784,0.9335459833559783,-0.25184963060461957,0.15542735224184784,0.20201309867527176,0.834578804347826,-0.49468994140625,-0.21147354789402176,0.11786154042119566
210,0.7179193911345109,0.23741614300271738,-0.6201649541440217,-0.20848547894021738,0.50225830078125,0.6858387822690217,0.4976700492527174,0.17192542034646738,0.5297718877377717,-0.28182319972826086,0.7928599481997283,0.10582169242527174,0.9193115234375,0.006493609884510871,0.32334037449048914,0.2239990234375,0.9335565981657609,-0.25180717136548914,0.15532120414402173,0.2021139393682065,0.8345947265625,-0.49468994140625,-0.2115743885869565,0.11772354789402174
211,0.7178955078125,0.23748779296875,-0.6201171875,-0.20855712890625,0.5022874915081522,0.6857326341711957,0.4978000806725543,0.17193868885869565,0.52972412109375,-0.28179931640625,0.79290771484375,0.10577392578125,0.9193115234375,0.0064697265625,0.3233642578125,0.2239990234375,0.9335035241168478,-0.2519478175951087,0.15533181895380435,0.20218028192934784,0.8345947265625,-0.49468994140625,-0.211669921875,0.11767578125
212,0.7179379670516305,0.23748779296875,-0.6200747282608695,-0.20859958814538043,0.5023193359375,0.6856689453125,0.49784253991168476,0.17195991847826086,0.5296604322350543,-0.28171439792798914,0.7929926333220109,0.10566777768342392,0.9193327530570652,0.006448496942934784,0.32327933933423914,0.22402025305706522,0.9334929093070652,-0.25205396569293476,0.15533181895380435,0.20216966711956522,0.8345310377038043,-0.4947960895040761,-0.21164869225543478,0.11763332201086957
213,0.718017578125,0.23748779296875,-0.6199951171875,-0.20867919921875,0.5023458729619565,0.6856291397758152,0.49782927139945654,0.17210587211277173,0.529541015625,-0.28155517578125,0.79315185546875,0.10546875,0.91937255859375,0.00640869140625,0.3231201171875,0.22406005859375,0.9335194463315217,-0.25202742866847827,0.15517259680706522,0.20222274116847827,0.83441162109375,-0.4949951171875,-0.21160888671875,0.1175537109375
214,0.718017578125,0.23747187075407608,-0.6199951171875,-0.20870042883831522,0.5024201766304348,0.685501762058424,0.4979248046875,0.1720687202785326,0.529525093410326,-0.2815445609714674,0.793167777683424,0.10545813519021739,0.91937255859375,0.006424613620923911,0.3231041949728261,0.22408128821331522,0.9334769870923914,-0.25204865828804346,0.155029296875,0.2022811226222826,0.8344169284986414,-0.4949845023777174,-0.2116195015285326,0.11756432574728261
215,0.718017578125,0.23731264860733695,-0.6199951171875,-0.20891272503396738,0.5022078804347826,0.6856609842051631,0.4979248046875,0.1721748683763587,0.5293658712635869,-0.2814384128736413,0.7933269998301631,0.10535198709239131,0.91937255859375,0.006583835767663042,0.322944972826087,0.22429358440896738,0.9335300611413043,-0.25178328804347827,0.155029296875,0.2023872707201087,0.8344700025475543,-0.4948783542798913,-0.2117256496263587,0.11767047384510869
216,0.718017578125,0.2373046875,-0.6199951171875,-0.20892333984375,0.5023989470108695,0.6855681046195652,0.4978743843410326,0.17212975543478262,0.52935791015625,-0.28143310546875,0.7933349609375,0.1053466796875,0.91937255859375,0.006591796875,0.32293701171875,0.22430419921875,0.93353271484375,-0.25187086022418476,0.15533181895380432,0.20214047639266305,0.83447265625,-0.49507472826086957,-0.21142843495244568,0.11727241847826088
217,0.718017578125,0.2373046875,-0.6199526579483695,-0.20900825832201086,0.50244140625,0.6854194972826086,0.49794868800951086,0.17228897758152173,0.5293154509171195,-0.28143310546875,0.7933774201766305,0.10517684273097827,0.9194150178328805,0.006634256114130432,0.3230643894361413,0.2240494437839674,0.9335751740828805,-0.2517647121263587,0.15535304857336957,0.20208740234375,0.83447265625,-0.49507472826086957,-0.21140720533288043,0.11722995923913043
218,0.7179830799932065,0.2373046875,-0.61993408203125,-0.20914890455163043,0.5023724099864131,0.68536376953125,0.498054836107337,0.1723977793817935,0.529158882472826,-0.2815710979959239,0.7934304942255435,0.10506804093070653,0.9193990956182065,0.006721828294836953,0.32315461531929346,0.22400698454483695,0.93359375,-0.251639988111413,0.15533447265625,0.20215639860733695,0.8345416525135869,-0.4949181598165761,-0.21149477751358695,0.11731753141983696
219,0.71795654296875,0.2373046875,-0.61993408203125,-0.209228515625,0.5023458729619565,0.685257621433424,0.49813444718070654,0.1726896866508152,0.529052734375,-0.28167724609375,0.79345703125,0.10504150390625,0.91937255859375,0.00677490234375,0.32318115234375,0.22406005859375,0.9335672129755435,-0.2515869140625,0.1554671577785326,0.2021829356317935,0.8345947265625,-0.49481201171875,-0.2115478515625,0.11737060546875
220,0.71795654296875,0.23723038383152176,-0.6199712338654891,-0.20924709154211957,0.5023246433423914,0.6851753566576086,0.4981689453125,0.17299751613451086,0.5289227029551631,-0.28171439792798914,0.7935313349184783,0.10498577615489131,0.9193354067595109,0.006793478260869563,0.323311183763587,0.2240043308423913,0.9335512907608695,-0.2515311863111413,0.15567680027173914,0.20212986158288043,0.8346133024796195,-0.49481201171875,-0.21143639605978262,0.11733345363451088
221,0.71795654296875,0.237060546875,-0.62005615234375,-0.20928955078125,0.5021760360054348,0.6852496603260869,0.498222019361413,0.17302936056385868,0.52862548828125,-0.28179931640625,0.793701171875,0.1048583984375,0.91925048828125,0.0068359375,0.3236083984375,0.223876953125,0.93359375,-0.25137196416440216,0.1557511039402174,0.20212986158288043,0.83465576171875,-0.49481201171875,-0.211181640625,0.11724853515625
222,0.7179591966711957,0.2370552394701087,-0.6200534986413043,-0.20928955078125,0.5020751953125,0.6850002122961957,0.4984714673913043,0.17358663807744565,0.5286122197690217,-0.2818152386209239,0.7937064792798914,0.1048583984375,0.9192478345788043,0.006830630095108698,0.3236110521399457,0.2238875679347826,0.9335964037024457,-0.2512180494225543,0.15569802989130435,0.20232888926630435,0.83465576171875,-0.4948093580163043,-0.2111869480298913,0.11725914996603261
223,0.7180122707201086,0.23694909137228262,-0.6200004245923914,-0.20928955078125,0.5020751953125,0.6850532863451086,0.4984183933423913,0.1736397121263587,0.5283468495244565,-0.28213368291440216,0.7938126273777174,0.1048583984375,0.9191947605298914,0.006724481997282611,0.3236641261888587,0.22409986413043478,0.9336494777513586,-0.2511649753736413,0.1556449558423913,0.2022758152173913,0.83465576171875,-0.4947562839673913,-0.21129309612771738,0.11747144616168478
224,0.718017578125,0.2369384765625,-0.6199951171875,-0.20928955078125,0.5021229619565217,0.6848197605298914,0.49850861922554346,0.17402715268342392,0.5280814792798914,-0.2826431937839674,0.7938710088315217,0.10457179857336957,0.9191416864809783,0.006331734035326094,0.32395603345788043,0.22393002717391305,0.9335592518682065,-0.25144626783288043,0.15578294836956522,0.2022705078125,0.8344646951426631,-0.49532417629076086,-0.21092157778532608,0.11739714249320653
225,0.7180971891983695,0.23673944887907608,-0.6199951171875,-0.20928955078125,0.5022954526154891,0.6845145847486414,0.49861476732336957,0.17433232846467392,0.5280549422554348,-0.2825768512228261,0.79388427734375,0.10453199303668478,0.91912841796875,0.0064246136209239095,0.32399583899456524,0.22379734205163043,0.9335725203804348,-0.25136665675951086,0.15582275390625,0.20215109120244565,0.8344912321671195,-0.4953639818274457,-0.21077562415081522,0.11721138332201088
226,0.7181714928668478,0.23634670091711957,-0.6199951171875,-0.2094169284986413,0.5021574600883152,0.6845782736073369,0.4985935377038043,0.17450216542119565,0.5279806385869565,-0.28243885869565216,0.7939798106317935,0.10439400050951088,0.9191602623980978,0.006562606148097824,0.3239109205163043,0.22381857167119565,0.93359375,-0.25124989385190216,0.15579090947690216,0.20215109120244565,0.8345018469769022,-0.49539582625679346,-0.21072255010190216,0.11709462041440218
227,0.71820068359375,0.236083984375,-0.6199951171875,-0.20953369140625,0.5021680748980978,0.6846101180366848,0.49851127292798914,0.17460831351902173,0.52789306640625,-0.28240966796875,0.7940673828125,0.104248046875,0.919189453125,0.006591796875,0.3238525390625,0.223876953125,0.9335459833559783,-0.2514356530230978,0.15576171875,0.20216170601222827,0.83447265625,-0.4954833984375,-0.210693359375,0.1170654296875
228,0.718216605808424,0.2359406844429348,-0.6200269616168478,-0.20959738026494565,0.5023750636888588,0.6844986625339674,0.49844227666440216,0.17469853940217392,0.5278612219769022,-0.28231413468070654,0.7941469938858695,0.10416843580163045,0.9191576086956522,0.006575874660326089,0.32394807235054346,0.22381326426630435,0.9335194463315217,-0.2516267195991848,0.15580948539402173,0.20207148012907608,0.83447265625,-0.4955470872961956,-0.2105341372282609,0.11700174082880435
229,0.71826171875,0.23553466796875,-0.6201171875,-0.20977783203125,0.5020460045855978,0.6847746475883152,0.498360011888587,0.1747754967730978,0.52777099609375,-0.28204345703125,0.79437255859375,0.10394287109375,0.9190673828125,0.00653076171875,0.32421875,0.2236328125,0.933638862941576,-0.2512366253396739,0.15594482421875,0.20205025050951086,0.83447265625,-0.4957275390625,-0.2100830078125,0.1168212890625
230,0.71826171875,0.23553466796875,-0.6201171875,-0.20977783203125,0.50225830078125,0.68450927734375,0.4984130859375,0.17498779296875,0.52777099609375,-0.28204345703125,0.79437255859375,0.10394287109375,0.9190673828125,0.00653076171875,0.32421875,0.2236328125,0.93353271484375,-0.2513427734375,0.15594482421875,0.20220947265625,0.83447265625,-0.4957275390625,-0.2100830078125,0.1168212890625
231,0.7182086447010869,0.23532237177309784,-0.620223335597826,-0.20988398012907608,0.5020460045855978,0.6846684994904891,0.4984130859375,0.17493471891983695,0.5274525518002717,-0.28172501273777173,0.7946910028872283,0.10394287109375,0.9190673828125,0.006636909816576087,0.32421875,0.22379203464673914,0.9335857888926631,-0.25113047724184784,0.15610404636548914,0.20220947265625,0.8345257302989131,-0.495674465013587,-0.2100830078125,0.11692743716032608
232,0.7180653447690217,0.23542586616847827,-0.6203294836956522,-0.20989990234375,0.50201416015625,0.6845119310461957,0.4985935377038043,0.17515232252038043,0.5273145592730978,-0.28140656844429346,0.7949192212975543,0.10376241932744565,0.919112495754076,0.006743057914402175,0.32408341117527173,0.22372569208559784,0.933638862941576,-0.2510535198709239,0.1557670261548913,0.20225458559782608,0.834488578464674,-0.49566650390625,-0.21026345957880435,0.11689824643342392
233,0.718017578125,0.2354736328125,-0.620361328125,-0.20989990234375,0.5021256156589674,0.6844110903532609,0.49858292289402173,0.1753433890964674,0.52728271484375,-0.28131103515625,0.79498291015625,0.10369873046875,0.91912841796875,0.00677490234375,0.32403564453125,0.22369384765625,0.93365478515625,-0.25103759765625,0.1556396484375,0.2022705078125,0.83447265625,-0.49566650390625,-0.2103271484375,0.11688232421875
234,0.7179591966711957,0.2354736328125,-0.620361328125,-0.2100166652513587,0.5021096934442935,0.68438720703125,0.49862272843070654,0.17547342051630435,0.5271659519361414,-0.28131103515625,0.7950704823369565,0.10361115828804347,0.91912841796875,0.006745711616847826,0.3240940259850543,0.2236062754755435,0.9336839758831522,-0.25100840692934784,0.1555520762567935,0.20229969853940216,0.8343850840692935,-0.49581245754076086,-0.21029795771059784,0.11685313349184782
235,0.7178955078125,0.2354736328125,-0.620361328125,-0.21014404296875,0.5020778490149457,0.6843447477921195,0.49869703209918476,0.17560079823369565,0.52703857421875,-0.28131103515625,0.795166015625,0.103515625,0.91912841796875,0.0067138671875,0.32415771484375,0.2235107421875,0.9337158203125,-0.2510827105978261,0.15539285411005435,0.20226785411005435,0.83428955078125,-0.4959716796875,-0.21026611328125,0.1168212890625
236,0.7178955078125,0.2354072902513587,-0.6203745966372283,-0.21022365404211957,0.5021043860394022,0.6843049422554348,0.49867049507472827,0.1757467518682065,0.5269722316576086,-0.28129776664402173,0.7952058211616848,0.103515625,0.9191151494565217,0.0067669412364130405,0.3242240574048913,0.22349747367527173,0.9337290888247283,-0.25118885869565216,0.1552999745244565,0.20218824303668478,0.8343160878057065,-0.49595841117527173,-0.21022630774456522,0.11678148352581522
237,0.7178955078125,0.23516845703125,-0.62042236328125,-0.21051025390625,0.5017806343410326,0.6844376273777174,0.4987235691236413,0.1758475925611413,0.5267333984375,-0.28125,0.79534912109375,0.103515625,0.9190673828125,0.0069580078125,0.324462890625,0.22344970703125,0.93377685546875,-0.2508651069972826,0.1554008152173913,0.2023050059442935,0.83441162109375,-0.49591064453125,-0.2100830078125,0.11663818359375
238,0.7178955078125,0.23516845703125,-0.62042236328125,-0.21051025390625,0.5018867824388586,0.6843314792798914,0.4987766431725543,0.17590066661005435,0.5267333984375,-0.28125,0.79534912109375,0.103515625,0.9190673828125,0.0069580078125,0.324462890625,0.22344970703125,0.93377685546875,-0.2509712550951087,0.15545388926630435,0.20203963569972827,0.83441162109375,-0.49591064453125,-0.2100830078125,0.11663818359375
239,0.7178955078125,0.23521887737771738,-0.6203719429347826,-0.21066151494565216,0.5018416694972826,0.6842757515285326,0.49888013756793476,0.17600416100543478,0.5265821373980978,-0.281502101732337,0.7954499617866848,0.10331394361413043,0.9190673828125,0.006907587466032609,0.32466457201086957,0.22319760529891305,0.93377685546875,-0.2509261421535326,0.15540612262228262,0.20217762822690216,0.8344620414402174,-0.4959610648777174,-0.20993174677309784,0.11648692255434782
240,0.7178955078125,0.23514457370923914,-0.6202764096467391,-0.21086319633152173,0.5017036769701086,0.6842226774796195,0.49894382642663043,0.17619522758152173,0.5263804560122283,-0.28159763502038043,0.7955561098845109,0.10322902513586957,0.9190249235733695,0.007024350373641304,0.32479194972826086,0.22310207201086957,0.9338617739470109,-0.250618312669837,0.15535304857336957,0.20216701341711957,0.8345575747282609,-0.49580184273097827,-0.20981498386548914,0.11637015964673914
241,0.7178955078125,0.235107421875,-0.6202392578125,-0.2109375,0.5017169454823369,0.6841351052989131,0.49896240234375,0.17637302564538043,0.52630615234375,-0.2816162109375,0.79559326171875,0.10321044921875,0.91900634765625,0.007080078125,0.3248291015625,0.22308349609375,0.93389892578125,-0.25048828125,0.15533447265625,0.2021484375,0.8345947265625,-0.4957275390625,-0.20977783203125,0.1163330078125
242,0.7179485818614131,0.23505434782608695,-0.6202127207880435,-0.21099057404891305,0.5017169454823369,0.6841351052989131,0.49893586531929346,0.17650571076766305,0.5262530782948369,-0.28169582201086957,0.79559326171875,0.10315737516983696,0.91900634765625,0.007080078125,0.324882175611413,0.22303042204483695,0.9339254628057065,-0.2503821331521739,0.1553610096807065,0.2021484375,0.8346743376358695,-0.49570100203804346,-0.20967168393342392,0.11627993376358696
243,0.718017578125,0.2349853515625,-0.62017822265625,-0.2110595703125,0.5017222528872283,0.6841112219769022,0.49897567085597827,0.17661185886548914,0.52618408203125,-0.28179931640625,0.79559326171875,0.10308837890625,0.91900634765625,0.007080078125,0.324951171875,0.22296142578125,0.9339228091032609,-0.25028129245923914,0.15548838739809784,0.20216701341711957,0.83477783203125,-0.49566650390625,-0.20953369140625,0.1162109375
244,0.7180388077445652,0.23495350713315216,-0.6201676078464674,-0.21104895550271738,0.5018814750339674,0.6839201554008152,0.49910304857336957,0.17670739215353262,0.5261522376019022,-0.28183116083559784,0.7956038765285326,0.10304591966711957,0.9189957328464674,0.007069463315217391,0.32498301630434784,0.22296142578125,0.9338591202445652,-0.25034498131793476,0.15569006878396738,0.20218824303668478,0.8347672172214674,-0.49569834833559784,-0.20949123216711957,0.11617909307065218
245,0.7181396484375,0.23480224609375,-0.6201171875,-0.21099853515625,0.5018390157948369,0.6840077275815217,0.498909328294837,0.17677108101222824,0.5260009765625,-0.281982421875,0.795654296875,0.10284423828125,0.9189426587975543,0.007011081861413047,0.3251448921535326,0.22295877207880435,0.9339546535326086,-0.2502547554347826,0.1556396484375,0.2020927097486413,0.834716796875,-0.495849609375,-0.20928955078125,0.11602783203125
246,0.7181396484375,0.23480224609375,-0.6201171875,-0.21099853515625,0.501998237941576,0.6837423573369565,0.4990685504415761,0.1770364512567935,0.5260009765625,-0.281982421875,0.795654296875,0.10284423828125,0.9188895847486414,0.0068518597146739165,0.32535718834918476,0.2229056980298913,0.9338485054347826,-0.25046705163043476,0.1556396484375,0.20219885784646738,0.834716796875,-0.495849609375,-0.20928955078125,0.11602783203125
247,0.7182351817255435,0.23465894616168478,-0.6200216542119565,-0.21099853515625,0.5019663935122283,0.6838113536005435,0.4989411727241848,0.1771585215692935,0.5258099099864131,-0.28203018851902173,0.7957975968070652,0.10270093834918478,0.9189320439877717,0.0069792374320652144,0.3252351180366848,0.22285262398097827,0.9339334239130435,-0.2503449813179348,0.1555441151494565,0.2021139393682065,0.8346690302309783,-0.49613620923913043,-0.20900295091711957,0.11583676545516304
248,0.7183413298233695,0.23453952955163043,-0.6199553116508152,-0.21095872961956522,0.5020725416100543,0.6837184740149457,0.49886156165081524,0.1774238918138587,0.5256374193274457,-0.28200365149456524,0.7959568189538043,0.10242229959239131,0.9189453125,0.00701904296875,0.3253147291100543,0.22268013332201086,0.9338803498641305,-0.2505440090013587,0.15571660580842392,0.20192818019701086,0.8345363451086957,-0.49653426460597827,-0.2086447010869565,0.1155846637228261
249,0.7183837890625,0.2344970703125,-0.61993408203125,-0.2109375,0.50213623046875,0.6835592518682065,0.4989040208899457,0.17777418053668478,0.52557373046875,-0.281982421875,0.7960205078125,0.102294921875,0.9189453125,0.00701904296875,0.32537841796875,0.22259521484375,0.933837890625,-0.25067138671875,0.15582275390625,0.20184326171875,0.83447265625,-0.4967041015625,-0.20849609375,0.115478515625
250,0.7183837890625,0.23444930366847827,-0.6199818486752717,-0.2108658500339674,0.5021601137907609,0.6834955630095109,0.49891463569972827,0.1779068656589674,0.5254543138586957,-0.28203018851902173,0.7961160411005435,0.10219938858695653,0.9189214291779891,0.006995159646739131,0.3254500679347826,0.22254744819972827,0.9338140073029891,-0.25071915336277173,0.1559182871942935,0.20179549507472827,0.8344487729279891,-0.4968474014945652,-0.20835279381793478,0.11545463230298914
251,0.7183837890625,0.234375,-0.62005615234375,-0.21075439453125,0.502181343410326,0.6835008704144022,0.49884033203125,0.17793871008831522,0.5252685546875,-0.2821044921875,0.7962646484375,0.10205078125,0.91888427734375,0.0069580078125,0.3255615234375,0.22247314453125,0.933760933254076,-0.25079345703125,0.15606689453125,0.20176895805027173,0.83441162109375,-0.4970703125,-0.2081298828125,0.11541748046875
252,0.7183758279551631,0.234375,-0.6200641134510869,-0.21073847231657608,0.5021441915760869,0.68341064453125,0.49884033203125,0.17832880434782608,0.5252367102581522,-0.28213633661684784,0.7962726095448369,0.10204282014266304,0.91888427734375,0.006965968919836956,0.3255774456521739,0.22247314453125,0.9337158203125,-0.250801418138587,0.15608281674592392,0.20189633576766305,0.834395698879076,-0.49709419582201086,-0.20810599949048914,0.11542544157608696
253,0.71832275390625,0.234375,-0.6201171875,-0.21063232421875,0.502197265625,0.68341064453125,0.49884033203125,0.17822265625,0.5250244140625,-0.2823486328125,0.79632568359375,0.10198974609375,0.91888427734375,0.007019042968749998,0.32568359375,0.22247314453125,0.9337158203125,-0.2508544921875,0.15618896484375,0.20184326171875,0.83428955078125,-0.49725341796875,-0.20794677734375,0.115478515625
254,0.718216605808424,0.234375,-0.6202764096467391,-0.21052617612092392,0.5021441915760869,0.6834637185801631,0.498787257982337,0.17822265625,0.524918265964674,-0.28203018851902173,0.7964849057404891,0.10198974609375,0.91888427734375,0.007231339164402167,0.3255774456521739,0.22242007048233695,0.9337688943614131,-0.250801418138587,0.15602974269701086,0.20194940981657608,0.8342364767323369,-0.497306492017663,-0.20805292544157608,0.11553158967391304
255,0.71820068359375,0.234375,-0.62030029296875,-0.21051025390625,0.50213623046875,0.6834716796875,0.498779296875,0.17822265625,0.52490234375,-0.281982421875,0.7965087890625,0.10198974609375,0.91888427734375,0.00726318359375,0.3255615234375,0.222412109375,0.93377685546875,-0.25079345703125,0.156005859375,0.20196533203125,0.834228515625,-0.497314453125,-0.20806884765625,0.11553955078125
256,0.7180892280910326,0.2345236073369565,-0.6204117484714674,-0.21043595023777173,0.5021733823029891,0.6834716796875,0.49874214504076086,0.17825980808423914,0.5249394955842391,-0.2817966627038044,0.7965830927309783,0.10184113875679349,0.9189585810122283,0.00726318359375,0.32548721976902173,0.22230065387228262,0.93377685546875,-0.25083060886548914,0.1558572520380435,0.20192818019701086,0.8341913637907609,-0.49738875679347827,-0.20806884765625,0.11553955078125
257,0.718017578125,0.234619140625,-0.6204833984375,-0.21038818359375,0.502197265625,0.6834716796875,0.49871826171875,0.17828369140625,0.52496337890625,-0.28167724609375,0.796630859375,0.10174560546875,0.91900634765625,0.00726318359375,0.325439453125,0.22222900390625,0.93377685546875,-0.2508544921875,0.15576171875,0.201904296875,0.83416748046875,-0.4974365234375,-0.20806884765625,0.11553955078125
258,0.7179751188858695,0.23468282948369565,-0.6205258576766305,-0.21040941321331522,0.502197265625,0.6834929093070652,0.49867580247961957,0.17830492102581522,0.5248784604279891,-0.28163478685461957,0.7967157778532609,0.10170314622961957,0.9189851180366848,0.00726318359375,0.32548191236413043,0.22222900390625,0.93377685546875,-0.25083326256793476,0.15586786684782608,0.20188306725543478,0.83416748046875,-0.49741529381793476,-0.20804761803668478,0.11558201002038043
259,0.7178955078125,0.23480224609375,-0.62060546875,-0.21044921875,0.5021839971127717,0.6835592518682065,0.49858292289402173,0.1783712635869565,0.52471923828125,-0.28155517578125,0.796875,0.10162353515625,0.9189453125,0.00726318359375,0.32560132897418476,0.22218919836956522,0.93377685546875,-0.25078018851902173,0.1561597741168478,0.20180345618206522,0.83416748046875,-0.49737548828125,-0.2080078125,0.11566162109375
260,0.717879585597826,0.2348128609035326,-0.6206107761548914,-0.2104545261548913,0.5021309230638586,0.6836441703464674,0.4985510784646739,0.1784614894701087,0.5246927012567935,-0.2815445609714674,0.7968962296195652,0.10161292034646739,0.9189400050951086,0.007252568783967393,0.3257552437160326,0.2220565132472826,0.9337662406589674,-0.2507377292798913,0.1565047554347826,0.2016707710597826,0.83416748046875,-0.4973914104959239,-0.2079812754755435,0.1156669284986413
261,0.7177203634510869,0.2349190090013587,-0.6206638502038043,-0.21050760020380435,0.5020778490149457,0.6835380222486414,0.498710300611413,0.17840841542119565,0.5244273310122283,-0.2814384128736413,0.7971085258152174,0.10150677224864131,0.9188869310461957,0.007146420686141306,0.3258613918138587,0.2221626613451087,0.9336600925611414,-0.2507908033288043,0.1566109035326087,0.2017769191576087,0.83416748046875,-0.497550632642663,-0.20771590523097827,0.11572000254755435
262,0.7176115616508152,0.23502515709918478,-0.6207169242527174,-0.21061109459918478,0.5020247749660326,0.6834318741508152,0.49891994310461957,0.17855702275815216,0.5242123811141305,-0.2813826851222826,0.7972704016644022,0.10135020380434782,0.91888427734375,0.007191533627717391,0.3258162788722826,0.22221838909646738,0.93365478515625,-0.25089429772418476,0.15656579059103262,0.20188306725543478,0.8341170601222826,-0.49770985478940216,-0.20765221637228262,0.11567223590353261
263,0.71759033203125,0.23504638671875,-0.6207275390625,-0.21063232421875,0.50201416015625,0.68341064453125,0.49896240234375,0.1785888671875,0.524169921875,-0.2813720703125,0.79730224609375,0.101318359375,0.91888427734375,0.0072021484375,0.3258056640625,0.22222900390625,0.93365478515625,-0.25091552734375,0.15655517578125,0.201904296875,0.8341064453125,-0.49774169921875,-0.2076416015625,0.11566162109375
264,0.7175213357676631,0.23514988111413043,-0.6207275390625,-0.21070132048233695,0.5021176545516304,0.6833071501358696,0.499031398607337,0.1785543690557065,0.5241354237432065,-0.28147556470788043,0.79730224609375,0.1011803668478261,0.91888427734375,0.007133152173913047,0.325736667798913,0.22222900390625,0.9336202870244565,-0.250984523607337,0.15648617951766305,0.201904296875,0.8340029509171196,-0.497810695482337,-0.20781409222146738,0.11569611922554347
265,0.71746826171875,0.2352294921875,-0.6207275390625,-0.21075439453125,0.502197265625,0.6832275390625,0.49908447265625,0.17852783203125,0.52410888671875,-0.28155517578125,0.79730224609375,0.10107421875,0.91888427734375,0.007080078125,0.32568359375,0.22222900390625,0.93359375,-0.25103759765625,0.15643310546875,0.201904296875,0.83392333984375,-0.49786376953125,-0.20794677734375,0.11572265625
266,0.7174311098845109,0.23526664402173914,-0.6207646908967391,-0.2108101222826087,0.502197265625,0.6832275390625,0.49904732082201086,0.17852783203125,0.5240903108016305,-0.28155517578125,0.7973208220108695,0.10107421875,0.9189400050951086,0.007154381793478255,0.3255721382472826,0.22222900390625,0.9336309018342391,-0.25103759765625,0.1562844981317935,0.20192287279211957,0.8339047639266305,-0.49784519361413043,-0.2080025050951087,0.11570408033288043
267,0.71734619140625,0.2353515625,-0.620849609375,-0.2109375,0.502197265625,0.6832381538722826,0.4989411727241848,0.17854906165081522,0.5240478515625,-0.28155517578125,0.79736328125,0.10107421875,0.9190779976222826,0.0073454483695652144,0.32528553838315216,0.2221971594769022,0.9337264351222826,-0.2510163680366848,0.15592359459918478,0.2019334876019022,0.8338623046875,-0.497802734375,-0.2081298828125,0.11566162109375
268,0.7173435377038043,0.2353568699048913,-0.6208469556725543,-0.21094546110733695,0.5021946119225543,0.6832859205163043,0.498848293138587,0.1786552097486413,0.5240425441576086,-0.2815525220788043,0.7973685886548914,0.10107156504755435,0.9191257642663043,0.007443635360054349,0.32513427734375,0.22205385954483695,0.9337742017663043,-0.25091552734375,0.15582010020380435,0.2017928413722826,0.8338623046875,-0.4978053880774457,-0.2081298828125,0.11566162109375
269,0.7172904636548914,0.23546301800271738,-0.6207938816236414,-0.21110468325407608,0.5021415378736414,0.6832328464673914,0.4990075152853261,0.17876135784646738,0.5239363960597826,-0.2814994480298913,0.7974747367527174,0.10101849099864131,0.9190726902173914,0.007390561311141306,0.32513427734375,0.22221308169157608,0.9337211277173914,-0.25091552734375,0.1557670261548913,0.20200513756793478,0.8338623046875,-0.4978584621263587,-0.2081298828125,0.11566162109375
270,0.7171896229619565,0.23552139945652173,-0.6208363408627717,-0.2112161387567935,0.5019929305366848,0.6831797724184783,0.49911897078804346,0.1788675059442935,0.5236869480298914,-0.281303074048913,0.7977241847826086,0.10091765030570653,0.9190673828125,0.007433020550271738,0.3252775772758152,0.22222900390625,0.9337635869565217,-0.2507722274116848,0.15595278532608695,0.20197860054347827,0.8339578379755435,-0.4977204695991848,-0.2080343495244565,0.11570938773777174
271,0.7171630859375,0.23553466796875,-0.620849609375,-0.21124267578125,0.501953125,0.68316650390625,0.4991455078125,0.17889404296875,0.52362060546875,-0.28125,0.79779052734375,0.10089111328125,0.9190673828125,0.0074462890625,0.3253173828125,0.22222900390625,0.93377685546875,-0.250732421875,0.156005859375,0.20196533203125,0.833984375,-0.4976806640625,-0.2080078125,0.11572265625
272,0.7171312415081522,0.23559835682744565,-0.620849609375,-0.21130636463994565,0.501953125,0.6831028150475543,0.4992091966711956,0.17898957625679346,0.5235887610394022,-0.2811863111413044,0.7978542162024457,0.1007637355638587,0.9190355383831522,0.007382600203804352,0.32541291610054346,0.2221971594769022,0.93377685546875,-0.2506687330163044,0.15606954823369565,0.2019971764605978,0.8340162194293478,-0.49764881963315216,-0.2079759680706522,0.11575450067934782
273,0.71710205078125,0.23565673828125,-0.620849609375,-0.21136474609375,0.501953125,0.68304443359375,0.499267578125,0.1790771484375,0.5235595703125,-0.2811279296875,0.79791259765625,0.10064697265625,0.91900634765625,0.00732421875,0.32550048828125,0.22216796875,0.93377685546875,-0.2506103515625,0.1561279296875,0.2020263671875,0.83404541015625,-0.49761962890625,-0.20794677734375,0.11578369140625
274,0.7170702063519022,0.23565673828125,-0.6208814538043478,-0.21138066830842392,0.501953125,0.683060355808424,0.499267578125,0.17906122622282608,0.523543648097826,-0.28108016304347827,0.7979444420855978,0.1006310504415761,0.91900634765625,0.007340140964673911,0.3254845660665761,0.22215204653532608,0.933792777683424,-0.25057850713315216,0.15608016304347827,0.2020263671875,0.834029487941576,-0.49761962890625,-0.20799454398777173,0.11581553583559782
275,0.71697998046875,0.23565673828125,-0.6209716796875,-0.21142578125,0.501953125,0.683121390964674,0.49923573369565216,0.1790479577105978,0.52349853515625,-0.28094482421875,0.79803466796875,0.1005859375,0.9190302309782609,0.007409137228260864,0.3253757642663044,0.22211489470108695,0.933853812839674,-0.2504723590353261,0.15586521314538046,0.2020263671875,0.833984375,-0.49761962890625,-0.2081298828125,0.11590576171875
276,0.71697998046875,0.23565673828125,-0.6209716796875,-0.21142578125,0.501953125,0.6832275390625,0.4990234375,0.17926025390625,0.52349853515625,-0.28094482421875,0.79803466796875,0.1005859375,0.919189453125,0.007568359374999995,0.324951171875,0.22216796875,0.9339599609375,-0.2503662109375,0.15533447265625003,0.2020263671875,0.833984375,-0.49761962890625,-0.2081298828125,0.11590576171875
277,0.7168207583220109,0.23570981233016305,-0.6211839758831522,-0.21137270720108695,0.501953125,0.6831744650135869,0.4991295855978261,0.17899488366168478,0.52349853515625,-0.28078560207201086,0.7980877420176631,0.10047978940217392,0.9191363790760869,0.007515285326086958,0.3252165421195652,0.22206182065217392,0.9339068868885869,-0.2504723590353261,0.15559984290081522,0.20207944123641305,0.833984375,-0.4975134808084239,-0.20834217900815216,0.11606498386548912
278,0.7166164232336957,0.23576288637907608,-0.6213511591372283,-0.21131963315217392,0.501908012058424,0.683211616847826,0.4991003948709239,0.17904530400815216,0.5233631963315217,-0.28076171875,0.7981859290081522,0.1004638671875,0.919173530910326,0.007642663043478257,0.3250758958899457,0.22213612432065216,0.933944038722826,-0.2502176036005435,0.15541408372961957,0.20217762822690216,0.833984375,-0.49740733271059784,-0.20846424932065216,0.11626931895380434
279,0.716552734375,0.23577880859375,-0.62139892578125,-0.2113037109375,0.50189208984375,0.6832275390625,0.49908447265625,0.1790771484375,0.5233154296875,-0.28076171875,0.7982177734375,0.1004638671875,0.919189453125,0.0076904296875,0.32501220703125,0.22216796875,0.9339599609375,-0.2501220703125,0.15533447265625,0.20220947265625,0.833984375,-0.49737548828125,-0.20849609375,0.1163330078125
280,0.7164651621942935,0.23583719004755435,-0.6215156886888586,-0.21127452021059784,0.50189208984375,0.6831983483355978,0.49911366338315216,0.1791647206182065,0.5231986667798914,-0.2809660538383152,0.7982177734375,0.10037629500679349,0.9191602623980978,0.007748811141304345,0.32501220703125,0.22219715947690216,0.9339891516644022,-0.25009287958559784,0.15515932829483697,0.2022970448369565,0.833984375,-0.49734629755434784,-0.20852528447690216,0.11647896144701086
281,0.71636962890625,0.23590087890625,-0.62164306640625,-0.21124267578125,0.50189208984375,0.68316650390625,0.4991455078125,0.17926025390625,0.5230712890625,-0.28118896484375,0.7982177734375,0.10028076171875,0.9191708772078804,0.007854959239130432,0.3248848293138587,0.22222900390625,0.93402099609375,-0.25006103515625,0.15496826171875,0.202392578125,0.833984375,-0.497314453125,-0.20855712890625,0.11663818359375
282,0.7163430918817935,0.23588761039402173,-0.6216828719429348,-0.21122940726902173,0.5019318953804348,0.68316650390625,0.499092433763587,0.1792867909307065,0.5230580205502717,-0.281242038892663,0.7982177734375,0.10025422469429349,0.91925048828125,0.00794783882472826,0.32468580163043476,0.2222024668817935,0.9340342646059783,-0.25002122961956524,0.15495499320652173,0.20237930961277173,0.833984375,-0.49730118461277173,-0.20854386039402173,0.11667798913043478
283,0.7162369437839674,0.2358345363451087,-0.6218474014945652,-0.2111763332201087,0.5020698879076086,0.6831718113111414,0.4989013671875,0.17938232421875,0.522994331691576,-0.2814277980638587,0.7982283882472826,0.10015869140625,0.9192451808763586,0.008016835088315214,0.3248344089673913,0.2221122409986413,0.9340926460597826,-0.24984077785326086,0.1548753821331522,0.20235277258831522,0.833984375,-0.4972587253736413,-0.20847486413043478,0.1168212890625
284,0.7161307956861414,0.23578146229619565,-0.6220596976902174,-0.21112325917119565,0.5020168138586957,0.6832248853600543,0.4989013671875,0.17938232421875,0.5228351095448369,-0.2813747240149457,0.7983345363451086,0.10015869140625,0.9191921068274457,0.008229131283967388,0.3248874830163043,0.22216531504755435,0.9341987941576086,-0.24946925951086957,0.15455693783967392,0.20256506878396738,0.833984375,-0.4973117994225543,-0.20826256793478262,0.1168212890625
285,0.71612548828125,0.23577880859375,-0.6220703125,-0.21112060546875,0.50201416015625,0.6832275390625,0.4989013671875,0.17938232421875,0.5227767280910326,-0.28152333135190216,0.7982894234035326,0.10020911175271739,0.919189453125,0.00823974609375,0.32489013671875,0.22216796875,0.9342041015625,-0.24945068359375,0.154541015625,0.20257568359375,0.8340347953464674,-0.497062351392663,-0.20865531589673914,0.11712381114130435
286,0.7159981105638586,0.23586372707201086,-0.6221552309782609,-0.21095076851222827,0.5020566193953805,0.6833124575407609,0.4987739894701087,0.17933986497961957,0.52276611328125,-0.28147025730298914,0.7983637270720109,0.10013480808423914,0.9192319123641305,0.00823974609375,0.32480521824048914,0.22216796875,0.9342465608016305,-0.24949314283288043,0.1542862601902174,0.20266060207201086,0.8339180324388586,-0.4971366550611413,-0.20882515285326086,0.11727241847826086
287,0.7159423828125,0.23590087890625,-0.6221923828125,-0.21087646484375,0.5020751953125,0.683349609375,0.49871826171875,0.1793212890625,0.52276611328125,-0.28143310546875,0.79840087890625,0.10009765625,0.91925048828125,0.00823974609375,0.32476806640625,0.22216796875,0.93426513671875,-0.24951171875,0.1541748046875,0.20269775390625,0.8338623046875,-0.4971923828125,-0.2088623046875,0.1173095703125
288,0.7159158457880435,0.23600702700407608,-0.6222189198369565,-0.2108499278192935,0.5020751953125,0.6832699983016305,0.49879787279211957,0.1793212890625,0.5227130392323369,-0.28143310546875,0.7984274159307065,0.10009765625,0.9192770253057065,0.008292820142663044,0.3246353812839674,0.22224757982336957,0.93426513671875,-0.24951171875,0.1539359714673913,0.20277736497961957,0.8338092306385869,-0.497245456861413,-0.2088888417119565,0.11736264436141304
289,0.71588134765625,0.23614501953125,-0.62225341796875,-0.2108154296875,0.5020751953125,0.68316650390625,0.4989013671875,0.1793212890625,0.52264404296875,-0.28143310546875,0.7984619140625,0.10009765625,0.9193300993546195,0.00839896824048913,0.32438858695652173,0.22235107421875,0.93426513671875,-0.24951171875,0.15362548828125,0.202880859375,0.833740234375,-0.497314453125,-0.20892333984375,0.117431640625
290,0.71588134765625,0.2361556343410326,-0.62225341796875,-0.2108154296875,0.5020964249320652,0.6831877335258152,0.49886952275815216,0.17930005944293478,0.5226334281589674,-0.2814437202785326,0.7984619140625,0.10006581182065218,0.91937255859375,0.008473271908967392,0.32421875,0.22235107421875,0.9342863663383152,-0.24949048913043478,0.15352995499320654,0.2028914741847826,0.833740234375,-0.4973250679347826,-0.20890211022418478,0.11742102581521739
291,0.7158786939538043,0.2362060546875,-0.62225341796875,-0.2108154296875,0.5021999193274457,0.68328857421875,0.4987156080163043,0.17919656504755435,0.5225723930027174,-0.2814967943274457,0.7984698751698369,0.09991189707880435,0.91937255859375,0.008428158967391302,0.324226711107337,0.22234311311141305,0.9343898607336957,-0.2493790336277174,0.15307882557744565,0.2029365871263587,0.833740234375,-0.49737548828125,-0.20879861582880435,0.11737060546875
292,0.7158256199048914,0.2362060546875,-0.62225341796875,-0.2108154296875,0.5022529933763586,0.68328857421875,0.4986625339673913,0.1791434909986413,0.5223600968070652,-0.2815498683763587,0.798629097316576,0.09985882302989131,0.91937255859375,0.008534307065217388,0.3243859332540761,0.22218389096467392,0.9344429347826086,-0.24916673743206522,0.1531318996263587,0.20283043902853262,0.833740234375,-0.49737548828125,-0.2087455417798913,0.11737060546875
293,0.7158203125,0.2362060546875,-0.62225341796875,-0.2108154296875,0.50225830078125,0.68328857421875,0.4986572265625,0.17913818359375,0.5223388671875,-0.28155517578125,0.79864501953125,0.099853515625,0.91937255859375,0.008544921875,0.32440185546875,0.22216796875,0.9344482421875,-0.2491455078125,0.15313720703125,0.20281982421875,0.8338357676630435,-0.49727995499320654,-0.208740234375,0.11737060546875
294,0.7157805069633152,0.23628566576086957,-0.6223330290421195,-0.21077562415081522,0.50225830078125,0.6833283797554348,0.49861742102581524,0.17909837805706522,0.5223786727241848,-0.28151537024456524,0.7986052139945652,0.099853515625,0.91937255859375,0.008584727411684782,0.32440185546875,0.22220777428668478,0.9344880477241848,-0.2491455078125,0.15277895720108697,0.2030984629755435,0.8337826936141305,-0.49733302904211957,-0.208740234375,0.11760943868885869
295,0.71575927734375,0.236328125,-0.62237548828125,-0.21075439453125,0.50225830078125,0.683349609375,0.49859619140625,0.1790771484375,0.52239990234375,-0.281494140625,0.798583984375,0.099853515625,0.91937255859375,0.00866964588994565,0.32424263332201086,0.2223563816236413,0.93450927734375,-0.2491455078125,0.152587890625,0.2032470703125,0.833740234375,-0.49737548828125,-0.208740234375,0.11773681640625
296,0.7157353940217391,0.236328125,-0.6223993716032609,-0.21070662788722827,0.5021866508152174,0.6834212593410326,0.49857230808423914,0.17910103175951086,0.5223760190217391,-0.2813747240149457,0.7986556343410326,0.09990128226902174,0.91937255859375,0.00870414402173913,0.32412056300951086,0.22242537788722827,0.9345331606657609,-0.2490738578464674,0.1523490574048913,0.2033187202785326,0.8337163510529891,-0.49742325492527173,-0.2086685844089674,0.11778458305027174
297,0.7156982421875,0.236328125,-0.6224365234375,-0.21063232421875,0.5020751953125,0.68353271484375,0.49853515625,0.17913818359375,0.5223388671875,-0.28118896484375,0.79876708984375,0.0999755859375,0.91937255859375,0.008714758831521738,0.3241417926290761,0.22239884086277173,0.9345703125,-0.24896240234375,0.1519775390625,0.20343017578125,0.83367919921875,-0.49749755859375,-0.20855712890625,0.11785888671875
298,0.7157062032948369,0.23632016389266305,-0.6224365234375,-0.21062436311141305,0.5020433508831522,0.6835406759510869,0.4985510784646739,0.17915410580842392,0.5222672172214674,-0.28118896484375,0.7988068953804348,0.09999150815217392,0.9193486752717391,0.00885009765625,0.32419221297554346,0.22251029636548914,0.9345782736073369,-0.24891463569972827,0.1519775390625,0.20343813688858695,0.833695121433424,-0.4974816363790761,-0.20853324558423914,0.11785888671875
299,0.71575927734375,0.23626708984375,-0.6224365234375,-0.2105712890625,0.5018310546875,0.68359375,0.4986572265625,0.17926025390625,0.52178955078125,-0.28118896484375,0.799072265625,0.10009765625,0.919189453125,0.00885009765625,0.3248291015625,0.22235107421875,0.93463134765625,-0.24859619140625,0.1519775390625,0.2034912109375,0.83380126953125,-0.49737548828125,-0.2083740234375,0.11785888671875
