timestep,imu0_w,imu0_x,imu0_y,imu0_z,imu1_w,imu1_x,imu1_y,imu1_z,imu2_w,imu2_x,imu2_y,imu2_z,imu3_w,imu3_x,imu3_y,imu3_z,imu4_w,imu4_x,imu4_y,imu4_z,imu5_w,imu5_x,imu5_y,imu5_z
0,0.619751,0.232727,0.46283,-0.589417,0.866455,-0.050049,-0.23468,-0.437744,0.928284,0.103638,-0.308899,-0.179016,0.863098,-0.118469,-0.433533,-0.230225,0.682678,-0.436218,-0.387939,-0.439453,0.517456,-0.630005,-0.354126,-0.458008
1,0.6197818060200669,0.23260377591973244,0.4628608060200669,-0.589417,0.8664858060200669,-0.05001819397993311,-0.23480322408026755,-0.4375899698996656,0.9284072240802675,0.10345265886287625,-0.308621745819398,-0.17892358193979932,0.8632212240802676,-0.11822255183946488,-0.43337896989966557,-0.23016338795986624,0.682678,-0.43612558193979933,-0.38812434113712374,-0.4393605819397993,0.5175484180602007,-0.6298817759197325,-0.35418761204013377,-0.4580696120401338
2,0.6198138361204014,0.23247871571906353,0.4628916120401338,-0.5894163779264213,0.866516,-0.049988,-0.2349270602006689,-0.4374377759197325,0.9285298361204014,0.10327223411371238,-0.30834509364548496,-0.17883177591973243,0.8633456722408027,-0.11797487959866221,-0.43322248160535115,-0.230103,0.6826810602006689,-0.43603010367892975,-0.388306,-0.4392693879598662,0.5176408361204013,-0.6297585518394649,-0.35424922408026754,-0.45813
3,0.619906254180602,0.23226307357859532,0.4629224180602007,-0.5893850668896321,0.866516,-0.049988,-0.23508109030100333,-0.43737616387959866,0.928622254180602,0.10333435117056856,-0.3080981404682274,-0.17877016387959865,0.863530508361204,-0.11766681939799331,-0.4329447224080268,-0.230103,0.6828350903010033,-0.43578365551839465,-0.388306,-0.4392385819397993,0.517733254180602,-0.6296353277591973,-0.3543108361204014,-0.45813
4,0.6199962240802676,0.2320498595317726,0.462952,-0.589355,0.866516,-0.04998555183946488,-0.2352326923076923,-0.4373157759197325,0.9287122240802675,0.10339153177257525,-0.30785855183946487,-0.17870855183946488,0.8637129163879599,-0.11736855183946489,-0.43266698327759195,-0.23010177591973244,0.6829842240802676,-0.435547,-0.38830967224080265,-0.43920410367892976,0.517822,-0.629517,-0.35437,-0.45812877591973244
5,0.6200270301003344,0.23189532441471572,0.462952,-0.589355,0.866516,-0.0499239397993311,-0.23532561538461538,-0.43728496989966553,0.9287430301003344,0.10332941471571906,-0.3077969397993311,-0.1786469397993311,0.8638366454849499,-0.11730693979933111,-0.43238972909698997,-0.23007096989966555,0.6830150301003345,-0.435547,-0.3884020903010033,-0.4390808795986622,0.517822,-0.629517,-0.35437,-0.45809796989966556
6,0.6200578361204014,0.23175,0.462946491638796,-0.5893568662207358,0.8665123277591973,-0.049866,-0.235413,-0.4372633444816053,0.9287793444816054,0.10326181939799331,-0.3077206387959866,-0.178589,0.863969525083612,-0.1172416254180602,-0.4321014280936455,-0.23004383612040133,0.6830477023411371,-0.435547,-0.38848716387959864,-0.43896132775919733,0.5178275083612041,-0.6295151638795986,-0.354364491638796,-0.45807083612040134
7,0.6200886421404682,0.23175,0.4628540735785953,-0.589388177257525,0.8664507157190635,-0.049866,-0.235413,-0.4373865685618729,0.9289025685618729,0.10310778929765886,-0.30741257859531773,-0.178589,0.864246779264214,-0.11711789632107024,-0.43163883277591975,-0.23007464214046822,0.6831098193979933,-0.435547,-0.38845635785953175,-0.43889971571906355,0.5179199264214047,-0.6294843578595318,-0.3542720735785953,-0.4581016421404682
8,0.6201218963210703,0.23174020735785955,0.4627640635451505,-0.5894218963210702,0.8663891036789297,-0.049861103678929763,-0.235413,-0.43750734448160533,0.9290380334448161,0.10295620735785953,-0.3070702040133779,-0.17858655183946487,0.8645313779264214,-0.11697951839464883,-0.43115914046822745,-0.230103,0.6831743444816053,-0.4355445518394649,-0.3884304481605351,-0.4388307591973244,0.5180074481605351,-0.6294510635451506,-0.35419679264214043,-0.4581251036789297
9,0.6201835083612041,0.23161698327759198,0.4627019464882943,-0.589483508361204,0.866327491638796,-0.04979949163879598,-0.235413,-0.437599762541806,0.929315287625418,0.10283298327759197,-0.30633035451505014,-0.17855574581939798,0.8649010501672241,-0.11667145819397994,-0.4304814080267559,-0.230103,0.683266762541806,-0.435513745819398,-0.388461254180602,-0.43867672909698996,0.518038254180602,-0.6293889464882944,-0.35432001672240804,-0.458063491638796
10,0.6202481806020067,0.2314876387959866,0.4626398795986622,-0.5895420602006689,0.8662628193979933,-0.049728648829431434,-0.2354099397993311,-0.43770442140468224,0.9295864715719063,0.10269751839464883,-0.3055996856187291,-0.178528,0.8652799531772575,-0.11637563879598661,-0.4297822040133779,-0.2301091204013378,0.6833836622073579,-0.4354676387959866,-0.38845222742474916,-0.438538,0.5180905317725752,-0.6293238193979933,-0.3544126387959866,-0.4580110602006689
11,0.6203405986622074,0.23130280267558528,0.46257826755852843,-0.5895728662207358,0.8661704013377927,-0.04957411371237458,-0.23537913377926423,-0.4379200635451505,0.929802618729097,0.10245107023411372,-0.304952254180602,-0.178528,0.8657425484949832,-0.11619080267558529,-0.42888832441471575,-0.23017073244147157,0.6837225284280937,-0.4352828026755853,-0.3880820501672241,-0.438538,0.5183374849498328,-0.6292314013377927,-0.3542278026755853,-0.4580418662207358
12,0.6204293444816054,0.23113265551839465,0.46250196655518394,-0.589611016722408,0.8660706387959867,-0.049438,-0.23533357859531773,-0.438154127090301,0.9300260501672241,0.10220094983277593,-0.3042901337792642,-0.17853167224080266,0.8662161605351171,-0.115983872909699,-0.4279650066889632,-0.2302396889632107,0.6840613946488294,-0.4350942341137124,-0.3877082608695652,-0.43854167224080265,0.5185770334448161,-0.6291316387959867,-0.35406132775919735,-0.458069
13,0.6204909565217391,0.23107104347826088,0.4623171304347826,-0.5897034347826087,0.8659166086956521,-0.049438,-0.23517904347826088,-0.4385243043478261,0.930303304347826,0.10192369565217392,-0.30351947826086956,-0.17856247826086957,0.8667711739130435,-0.11561369565217391,-0.4268241739130435,-0.23036291304347828,0.6844002608695652,-0.43487808695652175,-0.38730778260869564,-0.4385724782608696,0.5187618695652174,-0.6289776086956521,-0.3540305217391304,-0.458069
14,0.6205612073578595,0.23099657859531772,0.4621322943143813,-0.5897958528428093,0.8657539397993311,-0.04942514715719064,-0.23503314715719065,-0.4389158327759197,0.930580558528428,0.10164208695652174,-0.3027531772575251,-0.17858471571906354,0.8673175484949833,-0.11526929431438127,-0.4257091170568562,-0.23048185284280936,0.6847520501672241,-0.4346534414715719,-0.38688152842809365,-0.43862042140468227,0.518959558528428,-0.6288192943143812,-0.3539911471571906,-0.45807328428093647
15,0.6206849364548496,0.23084254849498329,0.4619474581939799,-0.58988827090301,0.8655377926421405,-0.04933272909698997,-0.23494072909698996,-0.43943953511705686,0.9308578127090301,0.10133352173913043,-0.30201383277591975,-0.17855390969899665,0.8678104448160535,-0.11508445819397993,-0.4247536254180602,-0.23057427090301003,0.6851838394648829,-0.4343761872909699,-0.38629570903010035,-0.43877445150501676,0.5192368127090301,-0.6286344581939799,-0.35389872909698994,-0.45810409030100335
16,0.6208183779264215,0.2306983110367893,0.4617430367892976,-0.5899757926421405,0.865199237458194,-0.04935300668896321,-0.23495121404682273,-0.44012497658862876,0.9311596287625418,0.10099565886287626,-0.3012155719063545,-0.1785133110367893,0.8683279030100335,-0.11485065886287625,-0.42375406688963213,-0.230652,0.6856547993311037,-0.43405478595317726,-0.38567071906354516,-0.43893827424749166,0.5196365551839465,-0.6283516153846154,-0.3537818294314381,-0.45813979264214044
17,0.6210032140468228,0.23060589297658865,0.46143497658862875,-0.5900374046822742,0.8642129397993311,-0.04996963210702341,-0.23550622742474916,-0.44166628762541804,0.9315914180602007,0.10050276254180603,-0.3001055451505017,-0.17842089297658864,0.8689753344481606,-0.11435776254180602,-0.4225213210702341,-0.230652,0.6863330367892977,-0.43349977257525085,-0.3848384515050167,-0.43915391638795986,0.5206844648829432,-0.6275501538461539,-0.353535381270903,-0.4582014046822742
18,0.6212651672240803,0.2306016086956522,0.46105521739130434,-0.5900439331103678,0.8626755351170569,-0.05108228093645485,-0.23670608026755854,-0.4438579464882943,0.9320727826086957,0.10002630100334449,-0.29895154180602007,-0.17814651839464885,0.8697770903010034,-0.1137049431438127,-0.42111763545150505,-0.2304646254180602,0.6872922909698996,-0.43272984280936455,-0.38378575919732444,-0.43932549163879603,0.5219418729096991,-0.6266329264214047,-0.35334952508361206,-0.45813623411371235
19,0.621881287625418,0.23100208695652175,0.4603461739130435,-0.5897974849498328,0.8586071204013378,-0.05447296321070234,-0.24086741806020068,-0.4490363879598662,0.9327818260869566,0.09962531772575252,-0.29759557190635455,-0.17703649163879598,0.8712875953177258,-0.11231766220735787,-0.41892889297658864,-0.22941671571906355,0.6895421404682274,-0.430972889632107,-0.381720745819398,-0.4392946856187291,0.5241614214046822,-0.6251840334448161,-0.3534419431438127,-0.4574888026755853
20,0.6227118227424749,0.2314577491638796,0.4595698060200669,-0.5893488628762542,0.8533933879598662,-0.05802287625418059,-0.24605136454849497,-0.45561720401337785,0.933588795986622,0.09839155852842811,-0.2963987324414716,-0.17553465886287625,0.8730674983277592,-0.11140195317725753,-0.416207474916388,-0.22805034448160535,0.6921166722408026,-0.42920981605351166,-0.3791841605351171,-0.43914749163879596,0.5268157190635451,-0.6238515284280937,-0.3528301137123746,-0.4567250836120401
21,0.6244071638795986,0.23213598662207358,0.45852189632107027,-0.5880848060200669,0.8435602073578595,-0.06221502006688962,-0.2553598327759197,-0.4678542642140468,0.9347907357859532,0.0937989364548495,-0.2958437190635452,-0.17245254180602007,0.8759339732441471,-0.11238825083612039,-0.41133759866220737,-0.22539951170568562,0.6960007558528428,-0.4274220568561873,-0.3747455685618729,-0.4385308662207358,0.5312235050167224,-0.6229884548494984,-0.3493778193979933,-0.45549233779264214
22,0.6262843913043478,0.23284115384615386,0.4572179331103679,-0.586814127090301,0.8324944381270902,-0.06647448829431436,-0.2655104080267558,-0.48128362876254177,0.9358647591973244,0.08853936120401339,-0.295834364548495,-0.16935011705685618,0.8790563913043479,-0.11398764214046822,-0.40569293979933113,-0.2226610468227425,0.7006055418060201,-0.42568153511705686,-0.3690741672240803,-0.4376582976588629,0.5359479364548495,-0.6222466755852843,-0.3452585719063545,-0.4541584949832776
23,0.6288119999999999,0.2336426153846154,0.4549983846153846,-0.5855197692307692,0.8170212307692307,-0.07097469230769231,-0.27867215384615385,-0.4989763846153846,0.9364813846153845,0.08089492307692307,-0.29777615384615386,-0.16617507692307693,0.883094,-0.1177793076923077,-0.39727784615384615,-0.21960923076923078,0.7077873846153846,-0.4241099230769231,-0.35899453846153845,-0.43587053846153845,0.5418046153846154,-0.6219386153846154,-0.33875446153846156,-0.4524631538461539
24,0.6314278628762542,0.23461312040133778,0.4523894581939799,-0.5843502675585284,0.800085508361204,-0.0756439397993311,-0.29289945150501673,-0.5174261036789297,0.9372522441471571,0.07334608361204013,-0.2991227993311037,-0.1629928127090301,0.887366872909699,-0.1210416889632107,-0.3882822976588629,-0.21670442474916388,0.7156232474916389,-0.4218988595317726,-0.3479449565217391,-0.4341783779264214,0.5481389264214047,-0.6213218461538462,-0.3317433411371238,-0.4508779799331104
25,0.6343256488294314,0.2361236254180602,0.44853668561872906,-0.5835796120401338,0.7784778628762542,-0.0808531872909699,-0.31053059531772575,-0.5382938996655519,0.938515795986622,0.0661026287625418,-0.2985682909698997,-0.15978747157190634,0.8923912842809364,-0.12261330100334449,-0.37743251839464886,-0.21426923411371238,0.7255483411371237,-0.41764510367892976,-0.33379691304347825,-0.432791602006689,0.5559990066889632,-0.6197189230769231,-0.3231126053511706,-0.44964472909699
26,0.6372312608695653,0.23772165217391306,0.44454852173913045,-0.5828407826086957,0.7542272173913043,-0.086763,-0.3294037391304348,-0.5603637826086957,0.9403764782608696,0.058636260869565214,-0.2961030434782609,-0.15632726086956522,0.8973918260869564,-0.12430452173913044,-0.3664871304347826,-0.21159534782608697,0.7354495652173912,-0.41308091304347827,-0.32007878260869566,-0.43104652173913044,0.5647426521739131,-0.6172324347826087,-0.31288978260869565,-0.449351
27,0.640159347826087,0.23957102341137124,0.4401715418060201,-0.5821933511705686,0.7223864180602007,-0.0946846923076923,-0.351843652173913,-0.5858858127090301,0.9439519966555183,0.05052973244147158,-0.2881505451505017,-0.15213511705685617,0.9023238193979933,-0.12633923411371237,-0.35526717391304347,-0.20823597658862877,0.7452822408026756,-0.40762521739130436,-0.30759527424749167,-0.4282724648829431,0.5760237157190635,-0.6122085284280936,-0.2980948127090301,-0.4517553846153846
28,0.6430788662207357,0.24121460869565217,0.43593165886287627,-0.5815030769230769,0.6879049565217392,-0.10344652508361202,-0.37466072240802667,-0.6116736086956521,0.948470618729097,0.04270610702341139,-0.2761341605351171,-0.1481401906354515,0.9077015183946489,-0.12760221404682276,-0.34274409364548497,-0.20499642474916388,0.7549863879598663,-0.4021436755852843,-0.29545464882943145,-0.4251468160535117,0.5887538494983278,-0.6055211973244147,-0.28005025083612045,-0.45565154180602
29,0.6459761471571906,0.24232413043478263,0.43204757525083615,-0.5807016153846154,0.6465703478260869,-0.11438872240802678,-0.3984566053511706,-0.6381511304347827,0.9554368193979933,0.035616682274247476,-0.25357102341137117,-0.14465709030100335,0.9142359297658863,-0.12686236454849498,-0.3268390969899665,-0.20206783277591972,0.7643569732441472,-0.3965950568561873,-0.2842038862876254,-0.4211087023411371,0.6052446655518394,-0.5945168829431438,-0.25357222408026747,-0.46341920401337794
30,0.6487265384615385,0.2433143043478261,0.4285769197324415,-0.5797991672240802,0.6030310401337792,-0.12627712374581943,-0.42146250501672244,-0.6639948896321071,0.9629266153846154,0.02879364548494982,-0.22550554515050159,-0.14174348829431438,0.9214685183946488,-0.12413830100334447,-0.30817826421404676,-0.19996609698996656,0.7750686789297659,-0.3890531939799331,-0.2696646622073578,-0.41788811371237455,0.622957254180602,-0.5806282040133779,-0.22308016722408017,-0.4728310969899666
31,0.6511309230769231,0.24402334782608695,0.42608011705685617,-0.578658839464883,0.5542984414715719,-0.14039436120401338,-0.4426075551839465,-0.6883457859531773,0.9716497692307693,0.022598100334448156,-0.18447899665551837,-0.1401713712374582,0.9303457023411371,-0.1167403110367893,-0.2830259063545151,-0.1998120668896321,0.7889394682274248,-0.3768161337792642,-0.24737928428093645,-0.4165932508361204,0.643547795986622,-0.5599452441471572,-0.1831328394648829,-0.4861160668896321
32,0.6534078428093646,0.24451679264214046,0.4241321839464883,-0.5773322909698997,0.5057520635451506,-0.1549232107023411,-0.4620477224080268,-0.7105899799331103,0.9793636387959866,0.01652006688963211,-0.14012102341137128,-0.13925584280936454,0.9394384849498328,-0.10844107692307693,-0.25453233110367895,-0.20007928093645486,0.8032706722408027,-0.3634131070234114,-0.21995951170568565,-0.41616078260869566,0.6638246521739131,-0.536127033444816,-0.13786489632107027,-0.5002436856187291
33,0.6554112441471572,0.24454759866220738,0.42336203344481604,-0.575606143812709,0.45760528428093655,-0.17033531103678926,-0.4778294949832776,-0.72831354180602,0.9849117525083612,0.010694193979933124,-0.0886143678929767,-0.1397492441471572,0.9489939063545151,-0.0982079230769231,-0.21886906020066899,-0.20125041471571906,0.8185898494983277,-0.34750811036789303,-0.1815221839464884,-0.4175788695652174,0.6834283913043477,-0.5055810969899667,-0.08117979933110382,-0.5161794882943144
34,0.6572169565217392,0.24437014046822744,0.42303928428093646,-0.5738591872909699,0.4144036287625419,-0.18538290635451501,-0.48998839130434785,-0.7435802341137123,0.9883049030100334,0.006565307692307695,-0.034276103678929956,-0.1413252441471572,0.9578830869565217,-0.08715211705685623,-0.17988498996655533,-0.2029213143812709,0.8329200702341136,-0.3305099397993312,-0.13870192642140486,-0.4193925050167224,0.6998569966555184,-0.47321314715719076,-0.020538705685618955,-0.5313033846153846
35,0.6586350434782609,0.24378432107023412,0.4235937926421405,-0.5720714280936454,0.3808982943143814,-0.1997157859531772,-0.49504360869565217,-0.7540295351170568,0.987472635451505,0.005763846153846156,0.025614334448160372,-0.14502398662207358,0.9654659130434783,-0.07448326755852847,-0.1343895484949834,-0.20557214715719063,0.845311160535117,-0.3113682909698997,-0.08728768896321085,-0.42198172575250836,0.7100598494983277,-0.4372726220735787,0.04785924414715699,-0.5448353076923077
36,0.6596231170568562,0.2434410501672241,0.42449018060200666,-0.5704048528428093,0.3504794481605351,-0.21490851170568565,-0.49870981605351167,-0.7626049096989966,0.9834657458193979,0.006009515050167226,0.08828261204013386,-0.1488108628762542,0.9713290468227425,-0.05926829096989965,-0.08455080936454842,-0.20893960869565217,0.8554535752508361,-0.2903969632107023,-0.03189424749163873,-0.424438745819398,0.7163934849498328,-0.3978928929765886,0.11814213712374591,-0.5567797391304348
37,0.6598387591973244,0.24353346822742475,0.4260006856187291,-0.5689559598662207,0.3256048494983278,-0.23164577591973243,-0.4998809498327759,-0.7678141571906355,0.9737562943143813,0.008136140468227424,0.1559407123745819,-0.15275605351170568,0.9741031036789297,-0.03947971571906356,-0.026910220735785986,-0.21359434782608694,0.8615567023411371,-0.26613898996655516,0.03064702341137121,-0.42665829431438124,0.7157768595317725,-0.35233533444816056,0.19181094648829428,-0.5658725652173913
38,0.6598101973244147,0.243742364548495,0.42756933444816053,-0.5677049464882943,0.30335968561872917,-0.2498375886287625,-0.4996558695652174,-0.7715923043478261,0.9599744882943144,0.011507996655518384,0.22468105016722395,-0.15631749498327757,0.9737124214046823,-0.01999348829431442,0.032557036789297535,-0.21847003344481603,0.8644136889632107,-0.23994930769230774,0.09396799331103665,-0.42806325752508356,0.7111343946488294,-0.305939933110368,0.26244293311036776,-0.5723941003344482
39,0.6593789130434783,0.24414334782608696,0.42923386956521736,-0.5667802608695652,0.2854507826086957,-0.27042813043478253,-0.49712826086956524,-0.7730103913043478,0.9394768695652175,0.016933391304347806,0.2952061304347824,-0.1592460869565217,0.9681026956521739,-0.0010058695652174592,0.09503669565217368,-0.2237100869565217,0.8619173913043479,-0.2105740000000001,0.1585747826086954,-0.4281248695652174,0.6998528260869565,-0.2581628260869567,0.3280668260869563,-0.5746752608695651
40,0.6587393344481606,0.24485035117056855,0.4309106454849498,-0.5659535016722408,0.26985679598662216,-0.29054087959866215,-0.4937801170568562,-0.7736444648829431,0.9160274113712376,0.0223708260869565,0.36233830100334424,-0.16156203678929765,0.9585735050167224,0.017969508361203947,0.158704515050167,-0.2289501404682274,0.8558076488294315,-0.18091715384615395,0.22174839464882923,-0.4272555785953177,0.6869179464882943,-0.21251702341137138,0.38602356187290954,-0.5755354849498328
41,0.6577838428093645,0.24602148494983278,0.43260598662207356,-0.5652752642140468,0.25777376588628764,-0.3099289765886288,-0.4891874949832776,-0.7730894515050167,0.8881009966555184,0.02782652173913043,0.42432455852842804,-0.1629488127090301,0.9430997926421405,0.036926321070234094,0.22417437792642134,-0.2341901939799331,0.8442175150501672,-0.1508333076923077,0.28274835451505015,-0.42497441806020064,0.6714755451505017,-0.17010369899665556,0.4323517759197324,-0.5742406220735786
42,0.6566224949832776,0.2476557424749164,0.43428847491638795,-0.5646229431438128,0.24682262876254182,-0.32779959531772573,-0.4846591371237458,-0.772277381270903,0.8575125685618729,0.03240780267558528,0.48370042474916386,-0.16349994314381272,0.9240639464882943,0.0546355652173913,0.2883195551839465,-0.23840138795986623,0.8297211638795986,-0.12104507692307692,0.341382127090301,-0.42126595986622073,0.6591580702341137,-0.1374383076923077,0.4670671304347826,-0.5725858795986623
43,0.655173602006689,0.24993690301003346,0.43595301003344483,-0.5640068227424749,0.2374525484949833,-0.34355056187290967,-0.48022054515050167,-0.7711062474916388,0.8232057725752508,0.03576767892976588,0.5394300301003343,-0.1628838227424749,0.9000524214046823,0.07060217391304345,0.3506143779264213,-0.24117544481605352,0.8111653344481605,-0.09166976923076928,0.3967107491638795,-0.4155638160535117,0.6512055719063545,-0.11838907692307694,0.48556134782608695,-0.5704284481605352
44,0.6535496655518395,0.2521101237458194,0.4377925886287625,-0.5634982006688963,0.22991457525083614,-0.35878964214046816,-0.475445110367893,-0.7694768662207357,0.7876056856187292,0.038036237458193976,0.5911985317725751,-0.16184984949832776,0.8727130836120403,0.08586816722408022,0.4108883645484948,-0.24297936789297658,0.7906425284280937,-0.06307608695652184,0.44852305016722394,-0.40889131772575255,0.6401137692307692,-0.09362742474916398,0.5084610100334448,-0.5668967157190635
45,0.6517002943143813,0.25414433110367896,0.439857602006689,-0.5631280234113712,0.2247361337792642,-0.373369474916388,-0.4702358628762542,-0.7672573177257525,0.7503399966555182,0.0388993110367893,0.6378656120401339,-0.16027773244147156,0.8410879264214046,0.10023185284280942,0.4685597591973246,-0.2435338762541806,0.7675864949832775,-0.035489043478260776,0.49580675585284295,-0.40096912040133775,0.624978923076923,-0.06150886622073568,0.5370343511705686,-0.5615950501672241
46,0.6497805384615385,0.2562491538461539,0.442317,-0.5624481538461538,0.2210789230769231,-0.38568153846153846,-0.4661253076923077,-0.7648266153846154,0.710862846153846,0.03722692307692307,0.6822792307692309,-0.15876192307692308,0.809490923076923,0.11134192307692309,0.5209633846153847,-0.24198999999999998,0.7436288461538462,-0.00887376923076918,0.5391325384615385,-0.3926105384615384,0.609773923076923,-0.03093992307692302,0.5620443846153846,-0.5568848461538461
47,0.6477771371237458,0.2584378963210702,0.4452450869565217,-0.5614002441471572,0.21922955183946488,-0.39529857190635453,-0.4633204448160535,-0.7621449765886288,0.6687575819397993,0.0325413779264214,0.724014822742475,-0.15731303010033446,0.7779273779264214,0.1185853779264214,0.567106762541806,-0.2379523913043478,0.718599712374582,0.01658664882943145,0.5777547023411371,-0.3837333545150502,0.5944855518394648,-0.0022125518394648658,0.582819762541806,-0.5528775384615384
48,0.6457441170568562,0.2609351070234114,0.4483056153846154,-0.5601464481605352,0.22005501672240804,-0.40365163210702343,-0.45982471906354516,-0.7596545351170568,0.6266373879598662,0.026812434782608703,0.7613704548494983,-0.15749557525083613,0.7466282341137125,0.12547629765886287,0.6083852040133779,-0.23434076254180602,0.6948494816053512,0.03937223076923074,0.6110418829431438,-0.37541483277591975,0.579329381270903,0.023884290969899635,0.6008319297658863,-0.5495904715719063
49,0.6436785986622073,0.2637707759197324,0.4515114615384615,-0.5586667491638796,0.22381537123745818,-0.41061783277591973,-0.45557096321070234,-0.7573738795986622,0.5845008127090302,0.019938652173913062,0.7939202976588627,-0.15946817056856186,0.7156191973244148,0.13198040802675584,0.6443257290969898,-0.23119652842809366,0.672502491638796,0.05922292307692302,0.6384754013377925,-0.3677092876254181,0.5643182642140468,0.04709485953177251,0.6158122408026756,-0.547093668896321
50,0.6413835652173913,0.2670351237458194,0.45476321070234116,-0.5571260969899666,0.2300865953177257,-0.41668052173913045,-0.4510264882943144,-0.754878508361204,0.5434057090301004,0.013355839464882958,0.8226579331103678,-0.16127245484949831,0.6847328193979934,0.13831595652173914,0.6764540468227423,-0.23010388294314382,0.6497880267558529,0.0786908394648829,0.6638264782608695,-0.36015650167224084,0.5480976153846154,0.07041253511705681,0.6297515819397993,-0.5451788060200669
51,0.6388559565217391,0.27073386622073575,0.458061474916388,-0.555523678929766,0.23890216722408025,-0.42182765217391305,-0.4461874180602007,-0.7521655585284281,0.5033659632107024,0.007067876254180601,0.8475325317725753,-0.1629061839464883,0.6539707357859531,0.14448069565217392,0.7047193277591973,-0.2310901806020067,0.6267011872909699,0.09777087625418061,0.6870673478260869,-0.3527585117056856,0.5306513076923077,0.093838745819398,0.6426360735785953,-0.5438536421404682
52,0.6360896521739131,0.27502165217391306,0.46142339130434784,-0.5537934347826087,0.25212826086956525,-0.4257012173913044,-0.43907121739130434,-0.7496918260869565,0.46538004347826084,0.0019264347826086926,0.8688407826086957,-0.16495391304347826,0.623559,0.1511867391304348,0.7299433913043478,-0.23301613043478261,0.6036618260869565,0.11740813043478263,0.7078085652173913,-0.3459975652173913,0.5126159565217392,0.11634121739130436,0.6552816086956522,-0.5416845652173913
53,0.6330999531772575,0.2798607224080268,0.4648448795986622,-0.551943558528428,0.26948215050167224,-0.428382856187291,-0.42982385618729096,-0.7474419765886288,0.42931629431438134,-0.0021419799331103655,0.8868112976588629,-0.16738910367892976,0.5934751538461538,0.15839938795986622,0.7523211872909699,-0.2358214983277592,0.5806668996655518,0.1375668829431438,0.726210364548495,-0.33983282608695653,0.4940293210702341,0.13797916387959863,0.6677035050167224,-0.5387256722408027
54,0.6300273578595318,0.28511346153846157,0.4682165217391304,-0.549895652173913,0.2901264280936454,-0.42894820066889633,-0.4180468026755853,-0.7458534013377927,0.39646003678929775,-0.006061939799331095,0.901573779264214,-0.1704029431438127,0.56430045819398,0.16524848494983277,0.7722191371237458,-0.23865964548494983,0.5578873411371238,0.15704756521739124,0.7425123946488293,-0.33437920735785953,0.4752275886287626,0.15832761204013374,0.6792820802675585,-0.5355847324414716
55,0.6268831237458194,0.2907236923076923,0.4715450869565217,-0.5476766086956522,0.3136142508361203,-0.42768464882943147,-0.4040835953177258,-0.7448362976588628,0.36637568561872924,-0.009853605351170552,0.9135638862876254,-0.17391684949832775,0.5359114481605352,0.17178340133779263,0.7899740100334447,-0.24152612040133778,0.5352939030100335,0.17594226086956513,0.7569998093645485,-0.32954013712374586,0.45623996989966564,0.17756167892976582,0.6901318595317725,-0.5322864682274248
56,0.6236017926421406,0.2962650936454849,0.47499417391304344,-0.5454572842809364,0.337307719063545,-0.4255808160535117,-0.38850865551839475,-0.7438706053511706,0.338829314381271,-0.012307451505016715,0.9237537525083612,-0.17621345819397993,0.5091858628762543,0.1774948929765886,0.8057909832775919,-0.24314102341137125,0.5135230468227426,0.19355111036789288,0.7699951705685618,-0.3242206655518395,0.43819545484949846,0.19561272240802666,0.7005017993311036,-0.5275821170568563
57,0.620211110367893,0.3017515953177257,0.4785393913043478,-0.5432377357859532,0.36116521404682256,-0.4228067591973244,-0.3716481672240804,-0.7429459197324415,0.3133072842809366,-0.013694227424749152,0.9325077123745819,-0.177539127090301,0.48378705685618745,0.18254960535117054,0.8200622508361204,-0.24375764882943143,0.49240829765886307,0.21013434448160523,0.7818004414715718,-0.3185180167224081,0.4209031772575252,0.21272016387959855,0.7104890100334447,-0.5217562441471573
58,0.6167139331103679,0.30691861204013376,0.4822263110367893,-0.5410717257525084,0.3842414548494984,-0.41893167224080263,-0.35475218060200664,-0.7417724548494984,0.29080435785953174,-0.013660488294314379,0.9396811237458194,-0.1783317391304348,0.4598090568561872,0.18827936789297658,0.8325222307692308,-0.24361047826086957,0.47246615719063545,0.22618481270903013,0.7918654214046823,-0.31283340802675585,0.40455218729096987,0.22828226421404685,0.7193394013377926,-0.5159839096989967
59,0.6131384147157191,0.3118506053511706,0.4860174715719064,-0.5389451003344481,0.4067429799331105,-0.4142466321070234,-0.33783008026755845,-0.7404159799331104,0.2705223812709029,-0.012581772575250831,0.9456918327759197,-0.17873221739130435,0.43687624749163867,0.1945057190635452,0.8436497692307693,-0.2429014347826087,0.45338662541806013,0.24184336120401345,0.8006501872909699,-0.3071620702341137,0.38889363879598654,0.24270756187290976,0.7273535117056856,-0.5102509598662207
60,0.6094710903010033,0.3164517959866221,0.48953321404682276,-0.5372407826086957,0.4226305585284281,-0.41013078929765884,-0.3251331638795986,-0.7397027491638796,0.2545944180602006,-0.013689244147157203,0.950067491638796,-0.17922480267558527,0.41581748494983267,0.20047501337792645,0.853233762541806,-0.24156780936454847,0.4407184648829431,0.2521557892976589,0.8062382976588629,-0.30321728762541805,0.37538485618729095,0.2557000836120402,0.7337876555183946,-0.5048485117056856
61,0.60574154180602,0.32082877591973247,0.4928622842809365,-0.5358226956521739,0.4340353511705686,-0.40640073578595315,-0.31529998327759196,-0.7394254949832776,0.241617508361204,-0.016278464882943152,0.953334949832776,-0.1797798160535117,0.39602890969899657,0.20627008026755853,0.8617715752508361,-0.23981085618729095,0.4323957892976588,0.2588447357859532,0.8096597859531772,-0.30044272575250835,0.3633331371237458,0.26772150167224085,0.7391509331103678,-0.4996700702341137
62,0.6022206989966555,0.3244272307692308,0.49565948160535117,-0.535031347826087,0.449084872909699,-0.401892779264214,-0.30161336789297655,-0.7383697157190635,0.23186791638795987,-0.018696926421404685,0.9555582575250836,-0.18075224080267557,0.3778347090301003,0.21045148829431437,0.8694932274247492,-0.23763618060200667,0.42029557190635447,0.26794452842809363,0.8144100234113713,-0.2963586989966555,0.3538630234113712,0.277654618729097,0.743242381270903,-0.49504216387959865
63,0.598830016722408,0.32754015384615387,0.4981249732441472,-0.5346308695652174,0.4664074515050167,-0.3968996789297659,-0.28552353511705686,-0.7368284046822743,0.22413106020066892,-0.021008892976588627,0.9571303745819398,-0.18198498662207357,0.3606348494983278,0.21362652842809365,0.8767058762541806,-0.23520098996655517,0.4058394682274247,0.2785478595317726,0.8199889431438127,-0.29145801672240806,0.3460029431438127,0.28628535451505016,0.7465406454849498,-0.49075760200668894
64,0.5958509464882943,0.330026347826087,0.5004536889632107,-0.5342692408026756,0.48130049163879596,-0.3917299899665552,-0.2690612608695652,-0.7361690735785953,0.21837360200668898,-0.024202518394648823,0.9584083913043479,-0.18188529096989967,0.3445718996655519,0.21684041806020066,0.8827235016722408,-0.23380446153846154,0.3927549765886288,0.2885241404682274,0.8246078628762542,-0.28661576923076926,0.33898535117056855,0.2939361839464883,0.7496231505016723,-0.48641428428093647
65,0.5931076956521739,0.33215347826086955,0.5027040434782609,-0.5339298695652174,0.4948016086956521,-0.38645913043478264,-0.25238560869565224,-0.7360150434782609,0.21375017391304352,-0.027901260869565205,0.9595179130434782,-0.18102221739130436,0.3291603043478261,0.2200765652173913,0.8880564782608696,-0.233003,0.3804563043478261,0.29814117391304346,0.8286767826086956,-0.28180700000000003,0.3324504347826087,0.30102560869565215,0.7525820434782609,-0.4820373043478261
66,0.5914759598662207,0.333310143812709,0.504044856187291,-0.5337726053511705,0.5036947558528427,-0.3815720200668896,-0.24274259866220738,-0.7359014080267559,0.2095714180602007,-0.03117552842809363,0.9604456588628763,-0.18040184280936455,0.31554693311036797,0.22131251505016722,0.8928232675585285,-0.23244423745819398,0.3699965819397994,0.3051712943143813,0.8322808327759197,-0.2776250100334448,0.3268856521739131,0.3069025317725752,0.7552783712374581,-0.4778824949832776
67,0.590428050167224,0.3339570702341137,0.5049079297658863,-0.5337109933110368,0.5101675551839464,-0.376886474916388,-0.23679350167224084,-0.7358089899665552,0.2056262274247492,-0.03422683946488292,0.9612779264214046,-0.1799089464882943,0.3028780836120402,0.22149785618729098,0.8972926655518394,-0.23201295317725754,0.36050277257525093,0.31084263210702334,0.8356407090301003,-0.273772237458194,0.3218304347826087,0.3121425852842809,0.7578367859531773,-0.47384438127090306
68,0.5888803745819398,0.3346251471571906,0.5061251036789297,-0.5338578160535117,0.5154119197324414,-0.3720347959866221,-0.23201041137123748,-0.7361327591973243,0.2020972240802676,-0.03615410367892976,0.9620685752508361,-0.17935328093645483,0.2912087658862877,0.22347348494983277,0.9007209130434782,-0.2317269933110368,0.351591966555184,0.31655592976588626,0.8384592006688963,-0.27006513043478264,0.317191745819398,0.3172785919732441,0.7601871070234113,-0.46976498996655525
69,0.5870926153846153,0.3353033846153846,0.5075123846153846,-0.5341047692307692,0.5200661538461537,-0.3671033076923077,-0.22778746153846155,-0.7366564615384615,0.19876815384615387,-0.03754138461538461,0.9628392307692307,-0.17876746153846154,0.2800196153846154,0.22630915384615385,0.903649,-0.23151084615384615,0.3429612307692308,0.3222893846153846,0.8410176153846154,-0.266428,0.3127531538461538,0.32236461538461536,0.7624374615384615,-0.46566576923076924
70,0.5854976488294314,0.33576740802675586,0.5084919565217392,-0.5346298494983277,0.5225557725752508,-0.362771618729097,-0.22607257190635452,-0.737587872909699,0.19608207692307694,-0.03817821404682274,0.9635884648829431,-0.17760291304347825,0.2702024882943144,0.2282876153846154,0.9064057157190636,-0.23043784280936455,0.33591673244147163,0.32767974581939796,0.8429330367892977,-0.26274802675585285,0.30972942809364545,0.3271503879598662,0.7639802073578595,-0.4617804113712375
71,0.583987143812709,0.33613758528428095,0.5092929130434782,-0.5352767759197324,0.5240970836120401,-0.35870269899665547,-0.22545645150501673,-0.7386978996655518,0.1936776923076923,-0.03848627424749164,0.964328314381271,-0.17618482608695651,0.26098643812709027,0.22989053846153848,0.9090873545150502,-0.22898945484949831,0.32956715719063545,0.33291979933110366,0.8445667658862877,-0.25904928428093643,0.3073255484949833,0.3318046220735786,0.7652129531772576,-0.45798874581939797
72,0.5823003712374581,0.3365294347826087,0.5098077959866221,-0.5363650936454849,0.5240509030100334,-0.35606703678929763,-0.22521489966555183,-0.7400939999999999,0.19230960200668895,-0.03830959866220736,0.9647813678929766,-0.17522980267558527,0.2535337859531772,0.23182396321070234,0.9110415284280936,-0.227650872909699,0.3242094481605351,0.3373879598662207,0.8458916655518395,-0.25568104347826087,0.30540640468227426,0.3358415585284281,0.7664236655518395,-0.4542635418060201
73,0.5805434180602006,0.33692991304347825,0.510208779264214,-0.5376291505016723,0.5233726655518395,-0.35400202341137127,-0.22512248160535117,-0.741604,0.19135411036789296,-0.03793992642140468,0.9651202341137124,-0.17445914715719063,0.24678322742474915,0.23388897658862876,0.9127060635451505,-0.2263560100334448,0.31924664882943143,0.34154879264214044,0.8470936053511706,-0.2524443913043478,0.30368025752508365,0.3396327190635452,0.7676256053511705,-0.4505647993311037
74,0.5788770468227424,0.33712658193979933,0.5106776989966555,-0.5388475451505017,0.5222868093645485,-0.35216346488294314,-0.22500741806020066,-0.743272889632107,0.18990004682274247,-0.03743401003344481,0.9655953444816053,-0.17343939130434782,0.24121097658862878,0.23543314381270902,0.9139399632107024,-0.2258091906354515,0.3150318929765886,0.345052906354515,0.8480237993311037,-0.24979689297658864,0.3025432642140468,0.34186059866220736,0.768374635451505,-0.44838404682274247
75,0.5772433177257525,0.33724980602006693,0.5111711003344481,-0.5400494849498328,0.5210540635451505,-0.35040651170568565,-0.22488419397993312,-0.7449990367892977,0.18826631772575253,-0.036878996655518394,0.9661195518394649,-0.17232986956521737,0.23606334113712377,0.23678961872909698,0.9150186789297658,-0.2255319364548495,0.3110867023411371,0.34832036454849497,0.8488560668896321,-0.24736170234113714,0.3016185785953177,0.3435251337792642,0.7689604548494984,-0.4467503177257525
76,0.5760751204013378,0.33748969899665554,0.511408287625418,-0.5409258193979933,0.5197046488294315,-0.3494174381270903,-0.22455127090301003,-0.7464926086956521,0.18733069565217392,-0.03595186287625418,0.9664573177257525,-0.17168587959866222,0.23187002675585286,0.23765692307692307,0.9159811070234113,-0.22499846822742475,0.30807219397993313,0.3507734280936455,0.8495022742474917,-0.24550833110367892,0.30048419397993315,0.3454687591973244,0.7696393043478261,-0.4448374983277592
77,0.5750580167224081,0.33776745819397996,0.5115623177257524,-0.541696474916388,0.5183173678929767,-0.3486775886287626,-0.22415028762541805,-0.7479106956521738,0.18662165217391302,-0.03490395317725752,0.9667345719063545,-0.17119298327759197,0.22798644816053512,0.23836546153846153,0.9169057926421404,-0.22438184280936455,0.3053597491638796,0.3529621705685619,0.850088093645485,-0.24384379598662206,0.2992817491638796,0.347502966555184,0.770348347826087,-0.44283409698996656
78,0.5743512173913043,0.33771026086956524,0.5115731304347826,-0.5424432608695652,0.5169782173913043,-0.3475554347826087,-0.2236776956521739,-0.7494958695652174,0.18567391304347824,-0.034118608695652176,0.9670118260869566,-0.17086678260869564,0.22458026086956523,0.2391221304347826,0.917735,-0.2236936086956522,0.3028382608695652,0.3546727391304348,0.8507451304347826,-0.242227,0.2983422608695652,0.3489881739130435,0.7711528695652173,-0.4408784347826087
79,0.5737345919732442,0.33755572575250836,0.5115423244147157,-0.543183110367893,0.5156530535117057,-0.34632218394648834,-0.22318429431438128,-0.7511295986622074,0.1846568093645485,-0.03340956521739131,0.9672890802675586,-0.17058902341137122,0.2213128026755853,0.23989278595317723,0.9185364615384615,-0.22298456521739132,0.30037226421404684,0.3562443511705686,0.8514228628762542,-0.24062407692307694,0.2974791872909699,0.35031384280936456,0.7719851371237457,-0.4389366454849498
80,0.5734855919732441,0.3373281471571906,0.5114625551839465,-0.5436532608695652,0.5147440769230769,-0.3450648528428094,-0.22239751505016722,-0.7525670735785953,0.1836641872909699,-0.03272500334448161,0.9675173712374582,-0.17048303678929766,0.2186333043478261,0.2403206989966555,0.9192155150501672,-0.22237384949832775,0.298322856187291,0.3574246588628763,0.8520030702341137,-0.2392663712374582,0.2966650769230769,0.3514187759197324,0.7727684414715719,-0.4372396722408027
81,0.5733315618729097,0.3370816989966555,0.5113701371237458,-0.5440537391304348,0.5139426153846154,-0.3438013010033445,-0.2215349464882943,-0.7539538494983278,0.18267788963210702,-0.032046765886287625,0.9677330133779264,-0.17042142474916389,0.2161056956521739,0.2406600702341137,0.9198629464882943,-0.22178853511705685,0.2963810668896321,0.3585038795986622,0.8525580836120401,-0.23797201337792642,0.2958636153846154,0.35246668561872907,0.7735390969899665,-0.43560594314381273
82,0.5730018762541806,0.3370861872909699,0.5114533745819397,-0.544354254180602,0.5134673712374582,-0.3426381237458194,-0.22044571237458194,-0.7551402876254181,0.1816664983277592,-0.031820625418060196,0.9679239732441471,-0.17038490635451506,0.2140803712374582,0.24074809364548494,0.9204350969899665,-0.2212529966555184,0.2948658695652174,0.35938193979933114,0.8530127224080267,-0.2369034983277592,0.2954138762541806,0.35331384615384615,0.7741085919732441,-0.4341980568561873
83,0.572632204013378,0.33714779933110367,0.5115765986622073,-0.5446320133779264,0.5130663879598663,-0.34149779598662205,-0.2193048795986622,-0.7562811204013378,0.18064939464882943,-0.03169740133779264,0.9681093143812709,-0.17035410033444817,0.21216938795986623,0.24077889966555183,0.9209901103678929,-0.22072878929765888,0.29344778260869564,0.36021420735785953,0.8534445117056857,-0.23588639464882943,0.29504420401337794,0.3541153076923077,0.7746322943143813,-0.4328415819397993
84,0.5721592876254181,0.33736364548494985,0.5117769397993311,-0.544780822742475,0.5125115919732441,-0.3410258160535117,-0.21808735117056857,-0.7572158862876254,0.17988934782608695,-0.03147135451505017,0.9682171170568562,-0.17055464548494984,0.21074723411371238,0.24093823411371237,0.9213133511705686,-0.22051347157190637,0.2923642909698997,0.360917525083612,0.8536959397993311,-0.23520346488294316,0.29472594314381273,0.35483965217391306,0.7750278896321071,-0.4317939966555184
85,0.5716658862876255,0.33761009364548494,0.5119925819397994,-0.5449040468227425,0.5119262775919733,-0.34068644481605354,-0.2168546053511706,-0.7581097658862876,0.17918030434782609,-0.031224906354515053,0.9683095351170569,-0.17080109364548493,0.20942207023411372,0.24112307023411372,0.9215906053511705,-0.2203594414715719,0.2913471872909699,0.36159525752508365,0.8539115819397993,-0.23458683946488296,0.2944178829431438,0.35554869565217395,0.7753980668896321,-0.4308076989966555
86,0.5710676454849499,0.3381464682274247,0.5123924481605351,-0.5448430468227424,0.5114984381270903,-0.34082122408026755,-0.21543720401337793,-0.7587400367892977,0.17870855183946488,-0.03105741137123746,0.968323,-0.17133746822742474,0.208254381270903,0.24109736454849498,0.9218415418060201,-0.22046858862876254,0.29046167224080266,0.3621418327759197,0.8541272240802675,-0.2341548695652174,0.29416202675585285,0.35620510367892977,0.77566254180602,-0.42992667224080267
87,0.5704515250836121,0.33873228762541807,0.5128237324414715,-0.5447506287625418,0.5110974548494983,-0.34103686622073576,-0.2139883110367893,-0.7593253511705687,0.17827726755852843,-0.030903381270903012,0.968323,-0.17192328762541806,0.20711354849498329,0.2410357525083612,0.9220879899665552,-0.220622618729097,0.2895985986622074,0.3626660401337793,0.8543428662207357,-0.23375439130434783,0.2939150735785953,0.35685253511705683,0.7759089899665551,-0.42906359866220734
88,0.5698349632107024,0.33931810702341136,0.5132554581939799,-0.5446312809364549,0.5111008595317725,-0.340875491638796,-0.2127283678929766,-0.7597495284280936,0.17792633110367892,-0.03091092976588629,0.9682691404682274,-0.17253603678929766,0.20621552508361204,0.24097414046822743,0.9222805785953178,-0.22072278929765887,0.28895096321070235,0.36305515719063547,0.8544777190635451,-0.23340733110367892,0.29374935117056855,0.35733794648829426,0.7761554381270903,-0.4283351739130435
89,0.5692183377926422,0.33990392642140466,0.5136872474916387,-0.5445080568561872,0.5111624715719063,-0.3406598494983278,-0.2114956220735786,-0.7601505117056856,0.17758695986622072,-0.030941735785953176,0.9682075284280937,-0.17315266220735787,0.20535245150501674,0.24091252842809366,0.9224654147157191,-0.22081520735785953,0.28833433779264217,0.3634248294314381,0.8546009431438127,-0.23306795986622073,0.2935953210702341,0.3578000367892976,0.7764018862876254,-0.42762613043478265
90,0.5686843377926422,0.340379127090301,0.5142016622073579,-0.5443017558528428,0.5114173277591973,-0.3406094581939799,-0.21048321070234113,-0.7602756254180603,0.1774683745819398,-0.031000083612040135,0.9681459163879599,-0.173631127090301,0.2049304983277592,0.24087845819397993,0.9225676254180603,-0.22079745819397992,0.2881863745819398,0.36365724414715717,0.8546690836120402,-0.2326739565217391,0.2936891672240803,0.3581244180602007,0.7765657090301004,-0.42700016387959866
91,0.5681601304347826,0.34084121739130435,0.5147258695652174,-0.5440856086956521,0.5116950869565218,-0.34057865217391303,-0.20949691304347826,-0.7603680434782609,0.17737595652173913,-0.031061695652173916,0.9680843043478261,-0.17409321739130437,0.2045608260869565,0.24084765217391305,0.9226600434782609,-0.22076665217391303,0.28809395652173914,0.3638733913043478,0.854730695652174,-0.23227347826086955,0.29381239130434783,0.3584324782608696,0.7767197391304348,-0.42638404347826087
92,0.5676082307692307,0.34113484615384615,0.5153622307692307,-0.5438136153846154,0.5119723846153846,-0.34060415384615383,-0.20915815384615383,-0.7602633846153847,0.17762138461538463,-0.03140484615384616,0.9679659230769231,-0.17435869230769233,0.2048386923076923,0.2406193076923077,0.9227247692307693,-0.22051061538461536,0.2882830769230769,0.3638070769230769,0.854736,-0.2320700769230769,0.29452730769230767,0.35834638461538465,0.776733,-0.4259645384615385
93,0.5670537224080268,0.3414126053511706,0.5160091571906354,-0.5435363612040133,0.5122496387959866,-0.3406349598662208,-0.20888039464882943,-0.7601401605351171,0.1778986387959866,-0.031774518394648836,0.9678421939799331,-0.17460564548494983,0.2051775585284281,0.24037235451505015,0.9227868862876254,-0.22023336120401338,0.2884987190635452,0.3637141538461538,0.854736,-0.23188524080267559,0.29529796321070234,0.35822316053511705,0.776733,-0.4255635551839465
94,0.5667001036789298,0.3412579331103679,0.5168291505016722,-0.5432303411371237,0.5126424280936455,-0.3407232976588629,-0.20866063879598662,-0.759901872909699,0.17829142809364548,-0.03211589632107024,0.9677764682274247,-0.17453523076923078,0.2056031939799331,0.24009710702341136,0.9228772976588628,-0.21972550836120402,0.289002491638796,0.36347787290969896,0.8547935317725753,-0.23141227424749164,0.29606861872909696,0.3580424046822742,0.7767617658862876,-0.425076745819398
95,0.5663607324414716,0.34107259197324413,0.5176614180602007,-0.5429222809364548,0.5130434113712374,-0.34081571571906355,-0.2084449966555184,-0.7596554247491639,0.17869241137123745,-0.03245526755852843,0.967714856187291,-0.1744423076923077,0.20603498327759195,0.23981985284280935,0.9229697157190635,-0.21920130100334448,0.2895266989966555,0.36323142474916387,0.854855143812709,-0.23091887290969898,0.2968392742474916,0.3578575685618729,0.7767925719063545,-0.4245838494983278
96,0.5662862441471572,0.34062333110367893,0.5184055518394649,-0.5426137391304348,0.5135026688963211,-0.340526220735786,-0.20855251170568562,-0.7594672508361204,0.17903415719063545,-0.03276477926421405,0.967712,-0.17414422073578598,0.20649566889632107,0.23963073244147157,0.9230327558528428,-0.21870695317725752,0.2900210468227425,0.36301435451505015,0.8549167558528428,-0.23048470903010032,0.2976099297658863,0.35770211036789296,0.7767646220735785,-0.4242961170568562
97,0.5662246321070235,0.34016124080267557,0.5191454013377926,-0.5423051739130436,0.5139647591973244,-0.34021816053511705,-0.2086757357859532,-0.7592819096989967,0.17937302341137126,-0.033072839464882944,0.967712,-0.17383616053511708,0.2069577591973244,0.23944589632107022,0.9230943678929766,-0.2182140568561873,0.2905139431438127,0.3627987123745819,0.8549783678929765,-0.23005342474916388,0.29838058528428096,0.3575480802675585,0.7767338160535117,-0.4240183578595318
98,0.5661630200668897,0.33972864882943143,0.5196753210702341,-0.5420870702341137,0.5142169197324414,-0.33997008026755854,-0.20888892976588627,-0.759127050167224,0.17980235117056856,-0.03314097993311037,0.9676820100334449,-0.17349811036789298,0.20742034113712374,0.23947098996655516,0.923096,-0.21772066889632108,0.29100733110367893,0.362793,0.8549200200668896,-0.22962164882943145,0.2989713010033445,0.3575140100334448,0.7766430301003344,-0.4237410903010034
99,0.5661014080267558,0.3392968595317726,0.5201995284280936,-0.5418714280936454,0.5144633678929765,-0.33972363210702344,-0.2091045719063545,-0.7589730200668896,0.18023414046822742,-0.03320259197324415,0.967651204013378,-0.1731592441471572,0.20788293645484948,0.23950179598662208,0.923096,-0.21722726755852842,0.29150073244147157,0.362793,0.8548584080267558,-0.2291898595317726,0.2995571204013378,0.3574832040133779,0.7765506120401338,-0.42346383612040134
100,0.5659479899665552,0.3391103879598662,0.5206008260869565,-0.541808795986622,0.5146797157190636,-0.339722,-0.20941252173913041,-0.7587577859531772,0.18075723411371236,-0.03335601003344482,0.967620397993311,-0.1727280702341137,0.2086209498327759,0.23947139799331102,0.9230653979933111,-0.21670376588628762,0.292147143812709,0.362762397993311,0.8547355919732441,-0.22888097993311038,0.300387254180602,0.35736059197324416,0.7763969899665552,-0.4232783879598662
101,0.5657935518394649,0.3389226956521739,0.5210041672240803,-0.5417459598662208,0.5148974882943145,-0.3397211839464883,-0.20972312040133778,-0.7585405117056856,0.18128135117056854,-0.033512494983277595,0.9675895919732441,-0.1722950635451505,0.20936120066889632,0.23943855183946486,0.9230354080267559,-0.21617801672240802,0.2927974314381271,0.36272873578595316,0.8546127759197324,-0.22857128093645485,0.30122147826086954,0.357236143812709,0.7762429598662207,-0.42309191304347826
102,0.5656087157190636,0.33852221739130434,0.5216207926421405,-0.5415919297658863,0.5152363545150502,-0.33965957190635454,-0.21018521070234114,-0.7582016454849498,0.18183636454849497,-0.03385186622073579,0.9675587859531772,-0.17177136120401337,0.21013135117056858,0.23925371571906354,0.9230662140468228,-0.21549977926421404,0.2936605050167224,0.36248228762541806,0.8545203578595318,-0.228139491638796,0.30223908695652174,0.3570205016722408,0.7760889297658863,-0.42278334782608695
103,0.5654269397993311,0.33811866220735787,0.5222374180602007,-0.5414368795986623,0.5155701204013378,-0.33960204013377926,-0.21064119732441472,-0.7578658227424749,0.1823852408026756,-0.034190200668896324,0.967529,-0.1712527424749164,0.2108943779264214,0.23906989966555184,0.9230970200668897,-0.21482664214046823,0.29451846153846156,0.3622378628762542,0.8544289598662208,-0.22770975919732442,0.30324544147157195,0.35680688294314383,0.7759389799331103,-0.42247479933110366
104,0.5653345217391305,0.33762526086956524,0.5228540434782609,-0.5412520434782608,0.5157549565217392,-0.3396636521739131,-0.21091895652173914,-0.7576188695652174,0.18275491304347827,-0.03449826086956522,0.967529,-0.1708825652173913,0.21144939130434784,0.2389158695652174,0.9231278260869565,-0.2143024347826087,0.295227,0.36205252173913044,0.8543673478260869,-0.22734008695652175,0.30392317391304347,0.35665234782608696,0.7759081739130435,-0.4221667391304348
105,0.5652518963210703,0.33713515050167225,0.5234559531772575,-0.5410688127090302,0.5159365284280937,-0.3397154715719064,-0.21118526421404682,-0.7573833678929766,0.1831131872909699,-0.03479979264214047,0.967529,-0.1705173110367893,0.21199950836120401,0.23876507692307694,0.9231586321070234,-0.21378151839464882,0.295922508361204,0.36186720735785954,0.854309,-0.22697202006688963,0.3045944046822742,0.35649131103678927,0.7758822642140468,-0.4218619431438127
106,0.565344314381271,0.3367038662207358,0.5237948193979933,-0.5409142775919733,0.5160597525083612,-0.3395922474916388,-0.2112468762541806,-0.7573525618729097,0.18326772240802675,-0.034984628762541804,0.967529,-0.1702400568561873,0.21246210367892976,0.23867215384615384,0.9231894381270903,-0.21331942809364549,0.2963851036789298,0.3616823712374582,0.854309,-0.22663264882943143,0.30514941806020063,0.3562140568561873,0.7759438762541806,-0.4216154949832776
107,0.5654344882943144,0.3362703010033445,0.5241381739130435,-0.5407575351170568,0.5161807324414716,-0.33948922073578597,-0.21131522073578596,-0.757312779264214,0.18344690635451505,-0.035180722408026756,0.9675267558528428,-0.16995603344481605,0.21294938461538462,0.23856804682274246,0.9232202441471572,-0.21284383612040134,0.29687014046822746,0.36148631438127093,0.854309,-0.22628882608695652,0.3056976989966555,0.3559435351170569,0.776001,-0.4213735351170569
108,0.5654961003344482,0.33580770568561874,0.524538652173913,-0.5405726989966555,0.5162731505016722,-0.3396432508361204,-0.2114692508361204,-0.7571587491638796,0.18393980267558527,-0.035520093645484946,0.9674959498327759,-0.16958585618729097,0.21375084615384615,0.23832159866220737,0.9232510501672241,-0.21219640468227424,0.2976407959866221,0.3611474481605351,0.854309,-0.22588834782608697,0.3061602943143813,0.3557586989966555,0.776001,-0.4211886989966555
109,0.565549143812709,0.33532226086956524,0.5249763076923076,-0.5403764381270904,0.516399889632107,-0.33981156187290973,-0.21167759531772576,-0.7569561170568562,0.18448130100334448,-0.0359108762541806,0.9674594314381271,-0.16917002675585285,0.21459800668896323,0.23802654849498328,0.9232904247491639,-0.2115175551839465,0.2984628628762542,0.36075712374581936,0.8543175685618729,-0.22545926086956522,0.3067085752508361,0.35553382943143813,0.776006712374582,-0.4209666856187291
110,0.5655183377926422,0.33461321739130434,0.5257777692307692,-0.5400683779264215,0.5168624849498328,-0.3401196220735786,-0.2124174448160535,-0.7562778795986622,0.18549840468227424,-0.036804755852842805,0.9673670133779264,-0.16830745819397994,0.21589236454849497,0.23725589297658864,0.9234136488294314,-0.21053125752508361,0.29978802675585287,0.3598632441471572,0.8544099866220736,-0.22475021739130435,0.3080953511705686,0.35491720401337795,0.7760683244147157,-0.4203808662207358
111,0.5654805953177258,0.3338590869565218,0.5266382474916388,-0.5397325150501673,0.517387508361204,-0.3404311505016722,-0.21320584949832777,-0.7555441505016722,0.1865571839464883,-0.037761063545150485,0.9672711270903009,-0.1674135618729097,0.21722492976588628,0.2364366822742475,0.9235438093645485,-0.2095136889632107,0.3011687391304348,0.35891728428093644,0.8545128093645485,-0.22400995986622074,0.30955854180602005,0.354255491638796,0.7761334046822742,-0.4197638327759197
112,0.5653881772575251,0.3327495652173913,0.5279639163879598,-0.5391775016722408,0.5184046120401338,-0.34077001672240803,-0.21437698327759197,-0.7543730167224081,0.18794446488294314,-0.039209451505016715,0.9671479030100334,-0.16627272909698998,0.21885865886287625,0.2352347424749164,0.9237286454849498,-0.20824963210702344,0.30298730434782606,0.3575608093645485,0.8546976454849499,-0.22302366220735786,0.31162406020066885,0.35323838795986623,0.776225822742475,-0.41890075919732445
113,0.565308,0.3315869331103679,0.5293630301003344,-0.5385776053511705,0.519462585284281,-0.3410967090301003,-0.21553995652173913,-0.7531773344481606,0.18929495652173914,-0.04067830769230769,0.9670328394648829,-0.1651115618729097,0.22046790635451505,0.23405728428093647,0.9239298695652174,-0.20693253177257526,0.304818177257525,0.35622072240802677,0.8548784682274247,-0.22200472240802677,0.31374255518394645,0.35222128428093646,0.7763019197324416,-0.41802136454849503
114,0.565308,0.3300764280936455,0.5312432073578595,-0.5376837257525083,0.520788254180602,-0.34134366220735785,-0.21664947826086955,-0.7518208595317726,0.19040447826086956,-0.04228123076923075,0.9669712274247492,-0.16381720401337796,0.22191679933110367,0.2330401806020067,0.9242384347826087,-0.20526799665551843,0.30672966555183945,0.3549879765886288,0.8550330033444816,-0.2207719765886288,0.31620804682274245,0.3512041806020067,0.7762711137123746,-0.4170350668896321
115,0.5653173846153846,0.32852838461538464,0.533114,-0.5368039230769232,0.5220199230769231,-0.3415342307692308,-0.21773553846153845,-0.7505630769230769,0.19140138461538458,-0.043719846153846144,0.9669236923076923,-0.1626026153846154,0.22326230769230768,0.2321403846153846,0.9245422307692308,-0.2035565384615385,0.30855653846153847,0.35390546153846153,0.8551686923076923,-0.21947815384615388,0.31860323076923075,0.35030915384615385,0.776245,-0.41598769230769234
116,0.5653789966555184,0.3267714314381271,0.5349325652173913,-0.5360024615384615,0.5227284615384615,-0.3414110066889632,-0.21869103010033447,-0.7498545384615385,0.1917715618729097,-0.04424405351170569,0.9669544983277591,-0.16183195986622073,0.22403245819397993,0.2318934314381271,0.9248194849498328,-0.2015839431438127,0.30991250836120404,0.35365901337792643,0.8551994983277592,-0.21784442474916388,0.32060713712374583,0.3500935117056856,0.776245,-0.41460041137123743
117,0.5653609565217391,0.3251683913043478,0.536634347826087,-0.5353071739130435,0.5233893478260869,-0.3412717826086956,-0.21960939130434784,-0.7491936521739131,0.19215226086956522,-0.04482660869565218,0.9670012173913043,-0.16093921739130435,0.22476556521739133,0.2316571739130435,0.9250967391304348,-0.1996696956521739,0.31121013043478263,0.35341778260869566,0.8552303043478261,-0.21626904347826084,0.32255260869565217,0.34989899999999996,0.776245,-0.41323973913043477
118,0.5649599732441472,0.3243053177257525,0.5377746755852842,-0.5351223377926422,0.5238211371237458,-0.341055635451505,-0.2203492408026756,-0.7487618628762542,0.19258354515050166,-0.0456896822742475,0.9671244414715718,-0.1594595183946488,0.22532057859531773,0.23147233779264215,0.9253739933110369,-0.19803596655518393,0.3122272341137124,0.353201635451505,0.855261110367893,-0.21497418060200668,0.32421714381270905,0.3498060769230769,0.776245,-0.4120069933110368
119,0.5645886688963211,0.3235429197324415,0.5388025919732441,-0.5349552508361204,0.5242350802675586,-0.34090466555183946,-0.22101809364548497,-0.7483360869565218,0.1930149264214047,-0.04654683946488295,0.9672299163879599,-0.15805682943143812,0.22591109030100334,0.23128158528428094,0.9256157491638797,-0.19650882943143813,0.31324433779264216,0.35296191973244145,0.8552800836120401,-0.21377999331103678,0.32583425083612044,0.3496836688963211,0.7762331672240802,-0.41086890969899664
120,0.564342220735786,0.32320405351170567,0.5393576053511706,-0.5348628327759197,0.5245739464882944,-0.341027889632107,-0.22138827090301003,-0.7479356086956521,0.19344671571906352,-0.047379107023411374,0.9672607224080267,-0.15697811371237458,0.2266509397993311,0.2310659431438127,0.9257081672240802,-0.1954301137123746,0.3142614414715719,0.3526230535117057,0.8552492775919732,-0.21300933779264214,0.32725183277591974,0.349437220735786,0.7761715551839464,-0.4101290602006689
121,0.5640564949832776,0.3228259096989966,0.5400301304347827,-0.5347116588628762,0.5248605852842809,-0.34116427759197326,-0.2217061137123746,-0.7475741939799331,0.1939175685618729,-0.04813945484949833,0.9672784715719063,-0.1559973244147157,0.22732539799331103,0.2308829431438127,0.925781,-0.19448860200668897,0.31528518060200666,0.3522972441471572,0.8551857224080268,-0.21231713043478262,0.3286368795986622,0.34919077257525083,0.7760707725752508,-0.4094741872909699
122,0.5636247056856187,0.3223017023411371,0.541139652173913,-0.5343419866220736,0.5249530033444816,-0.341349618729097,-0.22182933779264213,-0.7473580468227424,0.19453368896321072,-0.048632351170568563,0.9672476655518394,-0.1553806989966555,0.2277566822742475,0.23082133110367892,0.925781,-0.19405731772575252,0.31633359531772576,0.35201998996655515,0.855000381270903,-0.21191665217391303,0.3299009364548495,0.34894432441471573,0.7758243244147157,-0.4091353210702341
123,0.5632144548494984,0.3217918929765886,0.542242033444816,-0.5339507759197325,0.5250382809364549,-0.34162052842809365,-0.221973983277592,-0.7471134548494983,0.19516420735785955,-0.04906098327759197,0.9672025785953177,-0.15481417391304347,0.22830947157190637,0.230774,0.9257524381270903,-0.19359735451505017,0.3172532474916388,0.35179271906354515,0.8548222976588629,-0.2115875785953177,0.3311077525083612,0.34874785953177256,0.7755491973244146,-0.4088534615384615
124,0.5628755886287625,0.32132980267558525,0.5433207491638796,-0.5334881806020068,0.5250998929765887,-0.34217503678929767,-0.2221896254180602,-0.7467745886287626,0.1958424448160535,-0.0492766254180602,0.9671101605351171,-0.15441369565217392,0.22926496321070233,0.230774,0.9256292140468227,-0.19304234113712374,0.317746143812709,0.35173110702341137,0.8546682675585284,-0.21149516053511705,0.332124856187291,0.3487170535117057,0.7751790200668897,-0.4087605384615385
125,0.5625134648829431,0.32093748494983276,0.5443374448160535,-0.5330799799331104,0.5250762274247491,-0.3427529297658863,-0.2224052675585284,-0.746482237458194,0.1965206822742475,-0.04939923745819398,0.9670254949832776,-0.15402859531772575,0.23018169230769228,0.23084377257525085,0.925498237458194,-0.19251833779264213,0.3183244448160535,0.3517082575250836,0.8544832274247491,-0.211387237458194,0.3330876923076923,0.348732762541806,0.7748012173913044,-0.4086832474916388
126,0.5620821806020067,0.32075264882943144,0.5451697123745819,-0.5328335317725752,0.5247989732441471,-0.3434003612040134,-0.22262090969899664,-0.7463282073578595,0.19719891973244147,-0.04924520735785953,0.9669638829431438,-0.15368922408026756,0.23098315384615384,0.23112102675585283,0.9253442073578596,-0.19208654849498327,0.31915671237458193,0.3518006755852843,0.8542059732441472,-0.21123320735785953,0.33388915384615386,0.34888679264214045,0.7744007391304348,-0.4086524414715719
127,0.5616256655518395,0.320618,0.5459183344481606,-0.532645635451505,0.5244966254180602,-0.34401433444816054,-0.2228450535117057,-0.746190906354515,0.19786879264214047,-0.049057719063545155,0.966893906354515,-0.1533918127090301,0.2317678862876254,0.23140678260869565,0.9251734481605352,-0.19170508361204014,0.31996388628762545,0.35188472909699,0.8539119899665552,-0.21113772909698997,0.3346486555183947,0.349024093645485,0.7739917591973244,-0.40867195986622074
128,0.5611014581939799,0.320618,0.5464425418060201,-0.5326148294314381,0.5241269531772575,-0.34453854180602006,-0.2230920066889632,-0.7460984882943144,0.19851622408026756,-0.048780464882943145,0.9668014882943144,-0.15320697658862875,0.23250773578595316,0.23171534782608696,0.9249578060200669,-0.19145863545150502,0.3207037357859532,0.35194634113712375,0.8535731237458194,-0.21119934113712374,0.33529558193979936,0.34911651170568564,0.7735599698996656,-0.4088264949832776
129,0.5605772508361203,0.32068981270903013,0.5469757257525084,-0.5325481170568561,0.5238021638795987,-0.3451345618729097,-0.223267,-0.7459791404682273,0.19921751505016724,-0.048521163879598664,0.9666821404682274,-0.153076,0.2333014448160535,0.2320058127090301,0.9247150869565217,-0.19126604682274248,0.3214884682274248,0.35195409364548497,0.853234110367893,-0.21132378929765885,0.3359965150501672,0.3491101872909699,0.7731193511705685,-0.4090616722408027
130,0.5600530434782608,0.3209362608695652,0.5475307391304348,-0.5323940869565217,0.5235865217391305,-0.34590521739130436,-0.223267,-0.745794304347826,0.20004978260869566,-0.048305521739130435,0.9664973043478261,-0.153076,0.2342261304347826,0.2322522608695652,0.9244065217391304,-0.1912044347826087,0.322382347826087,0.3518308695652174,0.8528947391304348,-0.21160104347826086,0.33682878260869564,0.3488637391304348,0.7726572608695652,-0.4094929565217391
131,0.5595098160535117,0.3212018862876254,0.5481239498327759,-0.5322015451505017,0.5234955317725752,-0.34662777257525085,-0.22325741137123745,-0.7455421906354515,0.20089163879598662,-0.048204943143812705,0.9663123110367893,-0.15309517725752508,0.23521809364548493,0.2324028227424749,0.9241077023411371,-0.191162,0.32331458193979934,0.35161160200668895,0.8525651137123745,-0.21189747491638797,0.3376802274247491,0.34860770234113714,0.772204602006689,-0.4098858862876254
132,0.5589245016722407,0.32150994648829434,0.5488016822742475,-0.5319237859531772,0.5236803678929766,-0.34724389297658864,-0.22322660535117056,-0.7451412073578595,0.20175471237458195,-0.04835897324414715,0.9661269698996655,-0.15315678929765886,0.23635892642140469,0.23234121070234115,0.9238304481605352,-0.191162,0.3243316856187291,0.3511798127090301,0.8522570535117057,-0.21223634113712375,0.33857410702341134,0.3483304481605351,0.7717728127090301,-0.4101939464882943
133,0.5583798227424749,0.32173640133779263,0.5494897826086957,-0.5316461939799332,0.5237937993311037,-0.3478601806020067,-0.22322640133779262,-0.7447811939799331,0.20254621404682274,-0.04847220066889632,0.9659519966555183,-0.153198,0.23739758528428093,0.2322897993311037,0.9235939966555184,-0.1911109966555184,0.325256983277592,0.35082979598662206,0.8519692274247491,-0.21250396989966555,0.339355779264214,0.3481244314381271,0.7714125953177257,-0.41041020066889633
134,0.5579172274247491,0.3217980133779264,0.5501988260869566,-0.5313689397993311,0.5237629933110368,-0.34847680602006686,-0.22328801337792642,-0.744503939799331,0.20319314046822742,-0.04850300668896321,0.9657979665551839,-0.153198,0.23822985284280937,0.2322589933110368,0.923439966555184,-0.19095696655518396,0.32599683277591973,0.35064495986622074,0.8517222742474917,-0.21262769899665554,0.33991079264214047,0.3480623143812709,0.7711969531772576,-0.4104410066889632
135,0.5575088729096991,0.3218488127090301,0.5507781170568562,-0.5311673745819399,0.5237213745819398,-0.3489418762541806,-0.2233496254180602,-0.7442915618729097,0.20371049163879598,-0.0485121872909699,0.9656871872909698,-0.1531763745819398,0.23891056521739132,0.2322606254180602,0.9233075618729097,-0.1908137491638796,0.32660675250836124,0.3505033745819398,0.8515187491638796,-0.2127296254180602,0.34043336789297657,0.3480111872909699,0.7709813110367894,-0.4104718127090301
136,0.5572008127090301,0.321879618729097,0.5511174882943144,-0.531105762541806,0.523659762541806,-0.3491267123745819,-0.223411237458194,-0.744199143812709,0.2039882508361204,-0.048481381270903005,0.9656563812709029,-0.153114762541806,0.23931104347826088,0.232322237458194,0.9232151438127091,-0.19069052508361203,0.3269764247491639,0.35044176254180603,0.851395525083612,-0.21279123745819398,0.34089596321070237,0.347980381270903,0.7707656688963211,-0.410502618729097
137,0.5568925652173913,0.32197916053511705,0.5514109732441471,-0.5310555752508361,0.5237009732441471,-0.3493229732441472,-0.22347284949832777,-0.7440494147157191,0.20432294648829433,-0.04847342474916388,0.9655913010033444,-0.1531216989966555,0.23975740802675585,0.2323724247491639,0.9230998762541807,-0.19063584949832776,0.327391983277592,0.3503573010033445,0.8512380267558528,-0.2129442474916388,0.3413583712374582,0.347961,0.7705041404682275,-0.41061358528428094
138,0.556584,0.3221953076923077,0.5516266153846153,-0.5310247692307692,0.5239166153846153,-0.3495386153846154,-0.22353446153846154,-0.7438024615384615,0.20475423076923077,-0.048504230769230765,0.9654680769230769,-0.15324492307692308,0.2402816153846154,0.23240323076923078,0.9229458461538461,-0.19069746153846154,0.3278853846153846,0.35023407692307695,0.8510223846153846,-0.21325230769230769,0.3418204615384616,0.347961,0.7701647692307693,-0.41086053846153847
139,0.5562756321070235,0.3224112575250836,0.5518663311036789,-0.530969889632107,0.5241081839464883,-0.34982667558528424,-0.22364422073578594,-0.7435195953177257,0.20526996989966556,-0.04847485284280936,0.9653448528428094,-0.15334407357859534,0.2408417357859532,0.23248218394648829,0.922755508361204,-0.19077111036789296,0.32840285953177256,0.350159,0.850782668896321,-0.21354833110367893,0.3423188595317726,0.3479369264214047,0.7698135585284281,-0.41111933110367893
140,0.5559675719063545,0.3226268996655518,0.5521435852842809,-0.5308774715719063,0.5242622140468227,-0.35022765886287627,-0.2238290568561873,-0.74318072909699,0.20591740133779265,-0.04835162876254181,0.9652216287625418,-0.1534056856187291,0.24145785618729096,0.23263621404682272,0.9225085551839465,-0.19086352842809365,0.32895787290969897,0.350159,0.850505414715719,-0.21382558528428094,0.342873872909699,0.3478753143812709,0.7694438862876254,-0.4113965852842809
141,0.5556215652173913,0.3228298929765886,0.5524589933110368,-0.5307977023411371,0.52444154180602,-0.3506031371237458,-0.2240391906354515,-0.7428165652173913,0.20656483277591975,-0.048279,0.9650857558528428,-0.153442,0.24212477926421405,0.23273964882943143,0.92227445819398,-0.1909559464882943,0.32957592307692307,0.3501084046822742,0.8502153043478261,-0.21410304682274248,0.3433401371237458,0.347839,0.7691374581939799,-0.41161059531772576
142,0.5552210869565217,0.32301472909698997,0.5528291705685618,-0.5307360903010033,0.5246571839464883,-0.3509420033444816,-0.22428563879598662,-0.7424160869565217,0.20721226421404682,-0.048279,0.9649317257525084,-0.153442,0.2428646287625418,0.23277045484949832,0.9220588160535117,-0.19104836454849497,0.3302844615384615,0.3499851806020067,0.8499067391304348,-0.2143808060200669,0.3436790033444816,0.347839,0.7689218160535117,-0.4117338193979933
143,0.5548469130434782,0.3231067391304348,0.5531991304347826,-0.5306744782608696,0.524713695652174,-0.35132086956521735,-0.22458534782608694,-0.7420949565217391,0.20783295652173914,-0.048159434782608694,0.9648174782608696,-0.1533624347826087,0.2435514347826087,0.2329338695652174,0.9218431739130435,-0.19104795652173912,0.33091365217391305,0.3500078260869565,0.8495983913043479,-0.21456552173913043,0.3440711304347826,0.3479453043478261,0.7686529130434783,-0.41183052173913043
144,0.55450754180602,0.32307593311036786,0.5535688026755853,-0.5306128662207358,0.5245596655518395,-0.35175265886287627,-0.22495552508361202,-0.7418788093645484,0.20841827090301004,-0.047881675585284285,0.9647558662207357,-0.15317759866220734,0.2441680602006689,0.23327273578595317,0.9216275317725753,-0.19092473244147157,0.33143785953177257,0.35022346822742473,0.8492903311036789,-0.2146271337792642,0.34453372575250835,0.34819225752508365,0.7683135418060201,-0.4118921337792642
145,0.55418227090301,0.323072872909699,0.55391072909699,-0.530579,0.5245304916387961,-0.352100983277592,-0.22533934782608694,-0.74162127090301,0.20896219397993313,-0.047701254180602004,0.9646803812709029,-0.15299276254180602,0.24472896655518395,0.23352859197324416,0.9214396354515051,-0.190815381270903,0.33194819397993314,0.350355872909699,0.8490238896321071,-0.214674872909699,0.34498222073578594,0.348383491638796,0.76798827090301,-0.411967618729097
146,0.5538742107023411,0.3231036789297659,0.5542187892976589,-0.530579,0.5246537157190636,-0.35234743143812713,-0.2257398260869565,-0.7413132107023411,0.20945559531772576,-0.04763964214046822,0.9645879632107024,-0.1528079264214047,0.2452218628762542,0.233683127090301,0.9212856053511705,-0.19072296321070234,0.33244159531772577,0.3503866789297659,0.8488082474916387,-0.2147056789297659,0.3454135050167224,0.34850671571906355,0.7676802107023412,-0.41206003678929765
147,0.553580635451505,0.3230620602006689,0.5545705418060201,-0.5305500301003344,0.5248351170568563,-0.3525649096989967,-0.2262419364548495,-0.7409324882943144,0.2098908193979933,-0.047621484949832774,0.9645245150501672,-0.15257963545150502,0.24561360200668897,0.23383742474916389,0.9211605451505017,-0.19063054515050168,0.33287681939799335,0.3504464548494983,0.848621575250836,-0.21470751505016722,0.3458013344481605,0.34865890969899666,0.7674156053511706,-0.41208003010033445
148,0.5533033812709031,0.32293883612040136,0.554971525083612,-0.5304884180602006,0.5250820702341137,-0.352749745819398,-0.2268585618729097,-0.7404698929765886,0.21026049163879598,-0.04765229096989967,0.9644937090301003,-0.152302381270903,0.2458913612040134,0.23399145484949832,0.921068127090301,-0.190538127090301,0.333246491638796,0.350538872909699,0.8484675451505016,-0.21467670903010033,0.34614020066889634,0.34884374581939803,0.7671999632107024,-0.4120184180602007
149,0.5530711705685619,0.32281561204013376,0.555311872909699,-0.530457,0.5254193578595318,-0.3528138060200669,-0.22746009030100336,-0.7400075451505016,0.21052448494983278,-0.04771353846153846,0.964478,-0.15200978260869563,0.2459726120401338,0.23416058193979933,0.9210360969899666,-0.19043061204013378,0.3334802909698997,0.3506161939799331,0.8483588060200669,-0.21464590301003345,0.34635853846153847,0.3490134849498328,0.7670447090301004,-0.41197190301003345
150,0.5528858294314382,0.3226923879598662,0.5555891270903011,-0.530457,0.5258506421404683,-0.35275219397993307,-0.22804590969899666,-0.7395454548494983,0.21067851505016721,-0.04780646153846154,0.964478,-0.15170121739130435,0.24584938795986622,0.23434541806020068,0.9210669030100334,-0.1903073879598662,0.33357270903010033,0.35067780602006693,0.8482971939799331,-0.21461509698996656,0.3464514615384615,0.34916751505016724,0.7669522909698997,-0.41194109698996656
151,0.5527321638795987,0.32258487290969895,0.5558035451505017,-0.530457,0.526250508361204,-0.35267487290969896,-0.22858434448160536,-0.7391459431438127,0.21076970903010034,-0.047836290969899664,0.9645094180602006,-0.15137720066889632,0.24563165217391306,0.23457738127090302,0.921082,-0.19023129096989966,0.3336494180602007,0.35075512709030104,0.8482355819397993,-0.21458429096989967,0.3464655819397993,0.3493686722408027,0.7668755819397993,-0.411926
152,0.5526089397993311,0.3224924548494983,0.5559575752508361,-0.530457,0.5266201806020067,-0.3525824548494983,-0.22907724080267558,-0.7388065719063546,0.21080051505016723,-0.04780548494983278,0.9645710301003344,-0.15103833444816056,0.24532308695652175,0.234854635451505,0.921082,-0.19020048494983277,0.3337110301003344,0.3508475451505017,0.8481739698996655,-0.21455348494983278,0.34640396989966554,0.3496151204013378,0.7668139698996655,-0.411926
153,0.5524693946488295,0.322449,0.5561116053511705,-0.530457,0.5268595518394649,-0.352539,-0.22943956856187292,-0.7385490735785953,0.21096215719063546,-0.04766016387959866,0.9646,-0.15068287959866222,0.24512903678929765,0.23523008361204012,0.9210327692307692,-0.190186,0.333968762541806,0.35087467892976587,0.8480468060200669,-0.21455532107023412,0.3464892474916388,0.34986183612040134,0.7666378428093645,-0.41199128428093645
154,0.552315364548495,0.322449,0.5562656354515051,-0.530457,0.5269832809364549,-0.352539,-0.22968601672240804,-0.738364237458194,0.21123991638795986,-0.047413210702341134,0.9646,-0.15031270234113714,0.245036618729097,0.2356926789297659,0.9209398461538462,-0.190186,0.3344005518394649,0.350843872909699,0.8478614648829432,-0.214586127090301,0.346704889632107,0.3501087892976589,0.7663600836120401,-0.412114508361204
155,0.5520766688963211,0.3223982006688963,0.556538474916388,-0.530457,0.5270220668896322,-0.35279327424749163,-0.23010207357859533,-0.7380608695652173,0.21172059531772575,-0.04706493645484949,0.9645830668896321,-0.14982427090301004,0.2451643311036789,0.2362399397993311,0.9207964013377926,-0.1900333244147157,0.3348151304347826,0.35084693311036785,0.8477102675585284,-0.21456613377926423,0.3471748060200669,0.3504231973244147,0.7659810033444816,-0.4121361337792642
156,0.5517686086956521,0.32230578260869563,0.556908652173913,-0.530457,0.5269912608695652,-0.35325586956521743,-0.23065708695652173,-0.7376603913043478,0.21236752173913043,-0.04663365217391305,0.9645522608695652,-0.14923895652173913,0.2454723913043478,0.2368565652173913,0.9206115652173913,-0.18975556521739131,0.3352156086956522,0.3508777391304348,0.8475870434782609,-0.21450452173913043,0.34785304347826085,0.3507928695652174,0.7655189130434783,-0.41207452173913045
157,0.5514251705685619,0.32212535117056856,0.5573662675585285,-0.530457,0.5268548963210702,-0.3537883578595318,-0.2312998260869565,-0.7372947157190636,0.21289191973244145,-0.04627226086956522,0.964539,-0.14865335451505018,0.24585091973244147,0.23742026755852844,0.9204618193979933,-0.18930264214046824,0.3358620066889632,0.35094363545150503,0.8473760936454849,-0.2142496254180602,0.34854853846153844,0.3511803745819398,0.7651442608695652,-0.4118550033444816
158,0.5510549933110368,0.321878397993311,0.5578899698996655,-0.530457,0.5266387491638795,-0.3543736722408027,-0.23200886956521738,-0.7369553444816054,0.2133237090301003,-0.04596369565217392,0.964539,-0.14806753511705686,0.24628270903010033,0.23794396989966554,0.9203385953177258,-0.18871732775919733,0.33669427424749165,0.3510360535117057,0.847098839464883,-0.21384864214046825,0.34925707692307695,0.35158135785953176,0.7648356956521739,-0.41151613712374585
159,0.5507940568561873,0.3216135852842809,0.5583413411371237,-0.5304203879598662,0.5264410568561873,-0.35477771237458194,-0.23249972909698996,-0.7367433712374583,0.21355547157190635,-0.0457643712374582,0.9645571571906355,-0.14771805685618727,0.24662341471571908,0.2383771839464883,0.9202335284280936,-0.18825881605351172,0.3373268127090301,0.35112847157190635,0.8468942140468227,-0.21348427090301006,0.34978434113712376,0.3518549431438127,0.7646363712374582,-0.41119542809364545
160,0.550609220735786,0.32133633110367893,0.5587423244147157,-0.53035827090301,0.5262562207357859,-0.3550554715719063,-0.23283859531772577,-0.7366201471571906,0.21364788963210704,-0.045641147157190635,0.9645879632107024,-0.14753322073578595,0.2469006688963211,0.23874736120401338,0.9201411103678929,-0.1878886387959866,0.3378202140468228,0.351220889632107,0.8467401839464883,-0.21314540468227425,0.3501853244147157,0.35203977926421404,0.7645131471571905,-0.4108873678929766
161,0.5505182307692308,0.32119046153846154,0.5589928461538461,-0.5302776923076923,0.5260713846153846,-0.3552953846153846,-0.23293346153846153,-0.7366095384615384,0.213684,-0.04542407692307692,0.9646187692307693,-0.14740469230769232,0.24710284615384617,0.2390796923076923,0.9200486923076923,-0.1876876923076923,0.33816315384615386,0.35127576923076925,0.846604923076923,-0.213013,0.35045461538461536,0.35220584615384615,0.7644274615384615,-0.4106540769230769
162,0.5504874247491639,0.32112884949832776,0.5591468762541806,-0.5301852742474916,0.5258865484949833,-0.35551102675585283,-0.23287184949832776,-0.7366711505016722,0.213684,-0.04514682274247492,0.9646495752508362,-0.14731227424749163,0.2472568762541806,0.2393877525083612,0.9199562742474916,-0.18759527424749164,0.33840960200668896,0.35130657525083614,0.8464816989966555,-0.213013,0.35063945150501674,0.3523598762541806,0.7643658494983278,-0.41046873578595316
163,0.550456618729097,0.32122228762541805,0.559145856187291,-0.530170381270903,0.5256435685618729,-0.35578481270903006,-0.23255828093645486,-0.7368106053511705,0.21360647491638796,-0.044811424749163886,0.964661,-0.14741366889632107,0.247275237458194,0.2397345752508361,0.919844474916388,-0.18763852508361203,0.338462237458194,0.35139552508361205,0.8463969197324415,-0.21310990635451504,0.350649856187291,0.352494525083612,0.764381762541806,-0.41032247491638796
164,0.5504258127090301,0.32140712374581937,0.5590534381270903,-0.5302011872909699,0.5253663143812709,-0.356092872909699,-0.2320961906354515,-0.7369959464882943,0.2134832508361204,-0.04444175250836121,0.964661,-0.1476293110367893,0.2472136254180602,0.24010424749163878,0.9197212508361204,-0.1877617491638796,0.3384006254180602,0.3515187491638796,0.8463348026755853,-0.2132639364548495,0.3505574381270903,0.3526177491638796,0.7644433745819398,-0.4101992508361204
165,0.5503750133779264,0.3216119531772575,0.5589010401337793,-0.5302723076923077,0.5250287525083612,-0.3563809397993311,-0.23169375250836122,-0.737240939799331,0.21332004013377925,-0.044071752508361206,0.9646809933110367,-0.14784495317725752,0.24707204013377926,0.240454254180602,0.9196380133779264,-0.18790496655518393,0.338279033444816,0.35170228093645484,0.8462730133779264,-0.21341796655518394,0.3503450602006689,0.352881254180602,0.7645249799331103,-0.4100160468227425
166,0.5503134013377927,0.32182759531772576,0.558716204013378,-0.5303652307692307,0.5246585752508361,-0.3566581939799331,-0.2313235752508361,-0.7375181939799331,0.21313520401337793,-0.04370157525083612,0.9647117993311036,-0.14806059531772575,0.2468872040133779,0.2407936254180602,0.9195764013377927,-0.1880589966555184,0.3381250033444816,0.3519184280936455,0.8462114013377927,-0.2135719966555184,0.3500678060200669,0.3532206254180602,0.7646173979933111,-0.40980040468227424
167,0.5503136053511706,0.32194021070234113,0.5585519732441472,-0.5304578160535117,0.5242887357859531,-0.3568739698996656,-0.23111857859531773,-0.737754237458194,0.2129503678929766,-0.04331113043478261,0.9647632107023412,-0.14815260535117059,0.2467023678929766,0.24115326421404681,0.9195353946488295,-0.18804818394648828,0.3380121839464883,0.35217544816053514,0.8461497892976588,-0.21358178929765886,0.34993478929765887,0.35345663210702344,0.7646895484949833,-0.4095641571906355
168,0.5503444113712375,0.3220018227424749,0.5583979431438127,-0.5305502341137124,0.5239190635451505,-0.35705931103678934,-0.23099535451505016,-0.7379698795986622,0.21276553177257526,-0.042910652173913044,0.9648248227424749,-0.14818341137123744,0.24651753177257527,0.24152293645484949,0.9195045886287625,-0.18795576588628762,0.33791976588628764,0.3524527023411371,0.846088177257525,-0.2135201772575251,0.3498731772575251,0.35364146822742476,0.7647516655518395,-0.40931770903010034
169,0.5503964347826087,0.321957347826087,0.5583712173913044,-0.5305577826086957,0.5237615652173914,-0.3570321304347826,-0.23093578260869566,-0.7381006521739131,0.21260156521739132,-0.0426795652173913,0.9648652173913044,-0.14812934782608694,0.24646,0.24174408695652172,0.9194737826086956,-0.18786334782608696,0.337954652173913,0.35258143478260867,0.8460477826086956,-0.21347978260869566,0.349917652173913,0.353762652173913,0.7647494347826087,-0.40919856521739134
170,0.5504580468227425,0.3218649297658863,0.5584020234113712,-0.5305269765886288,0.5236999531772575,-0.35690890635451505,-0.23090497658862874,-0.7381930702341137,0.21244703010033447,-0.04252503010033445,0.9648960234113713,-0.14803692976588628,0.24646,0.24189811705685618,0.9194429765886287,-0.18777092976588627,0.3380470702341137,0.3526430468227425,0.8460169765886287,-0.21344897658862874,0.3500100702341137,0.35385507023411367,0.7647181237458194,-0.4091369531772575
171,0.5504978294314381,0.3218816588628763,0.5584764882943144,-0.5304303244147157,0.5235724949832775,-0.35704763545150503,-0.230896,-0.73822,0.21248931772575252,-0.042305364548494984,0.964905,-0.14803182943143814,0.2466782943143813,0.24211799331103678,0.9193463244147158,-0.18770034113712375,0.33827046488294316,0.3527483177257525,0.8458551939799331,-0.21350548829431437,0.350211635451505,0.35392565886287625,0.764534364548495,-0.40922814715719064
172,0.5505286354515051,0.32194327090301006,0.5585689063545151,-0.5303065953177257,0.5234179598662206,-0.3572940836120401,-0.230896,-0.73822,0.21261254180602007,-0.04205891638795987,0.964905,-0.14806263545150503,0.2469863545150502,0.24236494648829432,0.9192225953177258,-0.18763872909698998,0.33854771906354514,0.3528715418060201,0.8456395518394649,-0.21359790635451506,0.3504580836120401,0.35398727090301,0.7642879163879599,-0.40938217725752507
173,0.5504247926421405,0.3221623411371238,0.5586613244147157,-0.5301607926421404,0.5232862341137123,-0.35763029765886284,-0.23071646822742475,-0.738197558528428,0.21284834113712375,-0.04185735117056857,0.9648376755852843,-0.14820601672240802,0.2474294314381271,0.24254420735785953,0.9190543511705686,-0.18768932441471572,0.3389151070234114,0.3528601170568562,0.8454463511705685,-0.21384741471571908,0.3506147658862876,0.3539815585284281,0.7641312341137124,-0.40955864882943144
174,0.5502707625418061,0.3224401003344482,0.5587537424749164,-0.530006762541806,0.5231630100334449,-0.35799996989966554,-0.23047002006688963,-0.7381667525083612,0.21312610033444815,-0.04167251505016723,0.9647452575250836,-0.14839135785953175,0.24792283277591973,0.242698237458194,0.9188695150501672,-0.18778174247491639,0.33931609030100335,0.35279850501672244,0.8452615150501672,-0.21415547491638798,0.3507379899665552,0.3539507525083612,0.7640080100334449,-0.40974348494983276
175,0.5501858929765887,0.3226483210702341,0.558777,-0.5298988394648829,0.523132,-0.35841612709030096,-0.23022319397993313,-0.7380667859531772,0.2134956956521739,-0.041510732441471576,0.9646297859531772,-0.14862242809364548,0.24848539464882943,0.24280616053511705,0.9186616254180602,-0.18789721404682275,0.33978585618729096,0.3526677324414716,0.8450305719063546,-0.21448696655518396,0.35099953511705684,0.3538277324414716,0.7637695183946488,-0.4100896956521739
176,0.5501242809364548,0.32283315719063543,0.558777,-0.5298064214046823,0.523132,-0.3588479163879598,-0.2299762408026756,-0.7379435618729097,0.21389617391304347,-0.04135670234113713,0.9645065618729096,-0.1488688762541806,0.24907121404682275,0.24289857859531772,0.918445983277592,-0.1880204381270903,0.3402787525083612,0.35251370234113716,0.8447841237458195,-0.21482633779264215,0.35130759531772576,0.35367370234113715,0.7634922642140468,-0.41049017391304343
177,0.5500390033444816,0.32308898996655516,0.5588479966555184,-0.5296903377926421,0.5232029966555184,-0.3591136588628762,-0.22982433779264214,-0.7378203377926421,0.21424970903010032,-0.04127366889632107,0.9644066153846154,-0.14904432775919732,0.2496566454849498,0.24292,0.9182540066889632,-0.18807266555183946,0.34074837123745816,0.3523123411371238,0.8446082842809365,-0.2150943244147157,0.3516633745819398,0.3534482876254181,0.7632382876254181,-0.4108437090301003
178,0.549946585284281,0.3233662441471572,0.5589404147157191,-0.5295671137123746,0.523295414715719,-0.3593293010033445,-0.2297011137123746,-0.7376971137123746,0.21458908026755852,-0.04121205685618729,0.9643136923076923,-0.14919835785953178,0.2502419598662207,0.24292,0.9180691705685619,-0.18810347157190635,0.3412109665551839,0.3520966989966555,0.8444537491638796,-0.21534077257525083,0.35203355183946483,0.35320133444816054,0.7629913344481606,-0.4111830802675585
179,0.549927,0.32349783277591976,0.5589842775919732,-0.5294681672240803,0.5233392775919732,-0.3594963879598662,-0.229577889632107,-0.7376224448160535,0.21487949832775918,-0.041126167224080266,0.9642454448160536,-0.14932811036789298,0.2507791170568562,0.24299283277591974,0.9179086120401337,-0.18813427759197324,0.3416003311036789,0.35197816722408026,0.8442996120401337,-0.21558722073578596,0.3523304983277592,0.3530276120401338,0.762744779264214,-0.4115220535117057
180,0.549927,0.3235902508361204,0.5590150836120401,-0.5293757491638796,0.5233700836120401,-0.35965041806020065,-0.22945466555183947,-0.7375608327759198,0.21515675250836122,-0.04103374916387959,0.9641838327759198,-0.14945133444816053,0.25130332441471576,0.24308525083612043,0.9177545819397993,-0.18816508361204015,0.3419700033444816,0.3518857491638796,0.8441455819397993,-0.21583366889632108,0.3526077525083612,0.35287358193979934,0.7624983311036789,-0.4118609197324415
181,0.5499767792642141,0.323732856187291,0.559045889632107,-0.5292086622073578,0.523351110367893,-0.3599293043478261,-0.2292318829431438,-0.737499220735786,0.21545889632107026,-0.04089114381270903,0.9640724414715719,-0.14962433779264214,0.2518022341137124,0.24315277926421405,0.917575254180602,-0.18827096655518394,0.3423396755852843,0.35171825418060204,0.8439915518394648,-0.21613030434782607,0.3528601170568562,0.35266977257525084,0.7622767725752508,-0.4122001939799331
182,0.5500383913043478,0.3238873913043478,0.5590766956521739,-0.5290238260869565,0.5233203043478261,-0.36023786956521736,-0.2289854347826087,-0.7374376086956522,0.21576695652173913,-0.040736608695652175,0.9639492173913043,-0.1498091739130435,0.25229513043478263,0.24321439130434783,0.9173899130434783,-0.18839469565217393,0.342709347826087,0.3515329130434783,0.8438375217391304,-0.21643886956521738,0.3531065652173913,0.3524541304347826,0.7620611304347826,-0.4125395652173913
183,0.5499724949832776,0.324041508361204,0.5592350100334448,-0.5288385719063545,0.523315,-0.36041850836120404,-0.2288919966555184,-0.7374014983277593,0.21612643812709031,-0.04071,0.9638514949832776,-0.149968508361204,0.2527884448160535,0.2431994983277592,0.9172559933110368,-0.188416,0.3430794381270903,0.351373491638796,0.843683491638796,-0.216619508361204,0.3534554381270903,0.35228949163879597,0.7618454882943144,-0.41280201337792644
184,0.5498800769230769,0.3241955384615384,0.5594198461538461,-0.5286532307692308,0.523315,-0.36057253846153847,-0.2288303846153846,-0.7373706923076923,0.21649661538461537,-0.04071,0.9637590769230769,-0.15012253846153847,0.25328184615384614,0.2431686923076923,0.9171327692307693,-0.188416,0.3434496153846154,0.35121946153846156,0.8435294615384615,-0.21677353846153846,0.3538256153846154,0.35213546153846154,0.7616298461538461,-0.41304846153846153
185,0.5497876588628763,0.324219,0.5596573377926422,-0.5284944314381271,0.5232366588628763,-0.36085713712374584,-0.22871654515050166,-0.7373137725752508,0.21676190969899667,-0.04063165886287626,0.9636927725752508,-0.15019865551839465,0.2536181371237458,0.2431901137123746,0.9170356588628763,-0.18833723076923078,0.34374102341137125,0.3512221137123746,0.8434015451505016,-0.21684922742474916,0.3540386822742475,0.3520858862876254,0.7614925451505016,-0.4131382274247492
186,0.5496952408026756,0.324219,0.5599042909698997,-0.5283404013377927,0.5231442408026756,-0.36116519732441477,-0.2285933210702341,-0.7372521605351171,0.2170083578595318,-0.04053924080267558,0.9636311605351171,-0.15026077257525086,0.25392619732441474,0.24322091973244148,0.9169432408026756,-0.1882443076923077,0.34401827759197323,0.35125291973244144,0.843278321070234,-0.21691083946488293,0.35422351839464883,0.35205508026755855,0.761369321070234,-0.413199839464883
187,0.5495756588628763,0.3242457257525084,0.5600973545150502,-0.5282398227424749,0.5230250969899666,-0.36147325752508364,-0.22849682274247493,-0.7372172742474916,0.21728153177257525,-0.04047354849498328,0.9635695484949833,-0.150269,0.25420796989966554,0.24325172575250836,0.9168775484949833,-0.1881518227424749,0.3443226956521739,0.3511768227424749,0.8431818227424749,-0.216919,0.35443508026755854,0.35202427424749166,0.7612723846153846,-0.41323472575250836
188,0.5494519297658863,0.32427653177257526,0.5602821906354515,-0.5281474046822742,0.522901872909699,-0.36178131772575256,-0.22840440468227427,-0.7371864682274247,0.21755878595317726,-0.0404119364548495,0.9635079364548496,-0.150269,0.25448572909698997,0.24328253177257525,0.9168159364548495,-0.18805940468227425,0.3446312608695652,0.35108440468227425,0.8430894046822742,-0.216919,0.35465072240802675,0.3519934682274248,0.7611794615384615,-0.41326553177257525
189,0.5493286488294314,0.32422532441471574,0.5605490401337793,-0.5280276488294314,0.5229153377926421,-0.36198047491638796,-0.22844867558528428,-0.7370458628762542,0.2179185016722408,-0.04045967558528428,0.9634463244147158,-0.15018653846153845,0.2548723913043478,0.2432039866220736,0.9167543244147157,-0.18793964882943143,0.34485736454849497,0.3510193244147157,0.8430243244147158,-0.216919,0.3550035016722408,0.35190798662207357,0.7610323110367893,-0.41329633779264213
190,0.5492054247491639,0.32416371237458197,0.5608262943143812,-0.5279044247491639,0.522946143812709,-0.36216581605351167,-0.22851028762541806,-0.7368913277591973,0.2182886789297659,-0.04052128762541806,0.9633847123745819,-0.15009361538461538,0.2552728695652174,0.2431115685618729,0.9166927123745819,-0.18781642474916388,0.3450730066889632,0.35095771237458195,0.8429627123745819,-0.216919,0.3553736789297659,0.3518155685618729,0.7608782809364548,-0.413327143812709
191,0.5491381003344481,0.32404620066889633,0.5611035484949833,-0.5277253010033445,0.5230607993311037,-0.36240659866220737,-0.228516,-0.7366813511705685,0.2186024983277592,-0.04061084949832776,0.9633231003344481,-0.15002910033444816,0.25564539799331104,0.24307505016722408,0.9166311003344482,-0.18774910033444817,0.3454004481605351,0.3508122508361204,0.8428726923076922,-0.21694694983277593,0.35560364882943146,0.3516947424749164,0.7608081003344481,-0.41338589966555184
192,0.5490764882943144,0.32392297658862873,0.5613808026755853,-0.5275404648829431,0.5231840234113713,-0.3626530468227425,-0.228516,-0.7364657090301003,0.21891055852842808,-0.04070326755852843,0.9632614882943145,-0.1499674882943144,0.2560150702341137,0.2430442441471572,0.9165694882943144,-0.18768748829431436,0.3457393143812709,0.35065822073578595,0.8427797692307692,-0.21697775585284282,0.35581929096989967,0.3515710133779264,0.7607464882943145,-0.4134475117056856
193,0.5491005618729097,0.32379928428093646,0.5616014013377927,-0.5273556287625418,0.5235647725752508,-0.3627281237458194,-0.228516,-0.736164381270903,0.21916149498327758,-0.040967525083612046,0.9631998762541806,-0.14984875250836122,0.25627096321070236,0.24281350501672241,0.916565,-0.1876258762541806,0.3460210568561873,0.3504185050167224,0.842773,-0.21698,0.3560063712374582,0.35136206688963206,0.7607991237458194,-0.4133663143812709
194,0.5491313678929766,0.3236755551839465,0.5618175484949833,-0.5271707926421405,0.5239657558528428,-0.36278973578595314,-0.228516,-0.7358563210702341,0.2194079431438127,-0.041245284280936455,0.9631382642140468,-0.14972552842809364,0.2565179163879599,0.2425670568561873,0.916565,-0.18756426421404682,0.34629831103678926,0.3501720568561873,0.842773,-0.21698,0.35619120735785953,0.35114642474916385,0.7608607357859531,-0.41327389632107026
195,0.5493085217391305,0.32334808695652173,0.5620040434782608,-0.527014652173913,0.5244246086956521,-0.36258878260869565,-0.2286326956521739,-0.7355774347826087,0.21947934782608694,-0.041639260869565216,0.963135,-0.14954395652173913,0.2566768695652174,0.24223260869565216,0.9166525217391304,-0.1874151304347826,0.3464885217391304,0.3498084347826087,0.8428901739130435,-0.2168633043478261,0.3564052173913043,0.3507557391304348,0.7610098695652173,-0.41315230434782607
196,0.5494938628762541,0.323009220735786,0.5621888795986623,-0.5268601170568562,0.5248866989966555,-0.36237314046822744,-0.22875591973244147,-0.7353001806020067,0.21954095986622071,-0.04203973913043478,0.963135,-0.1493591204013378,0.25683089966555184,0.241893237458194,0.9167449397993311,-0.18726110033444818,0.3466738628762542,0.3494382575250836,0.8430139030100335,-0.21674008026755853,0.3566208595317726,0.3503552608695652,0.7611638996655519,-0.4130290802675585
197,0.5497085016722408,0.3226405685618729,0.5623737157190636,-0.5266464983277592,0.5251705618729097,-0.36227664214046823,-0.22876,-0.7351415819397994,0.21963284615384615,-0.0422615016722408,0.9631052140468227,-0.14929342809364549,0.2570445016722408,0.24164371237458196,0.9167777859531773,-0.18713685618729098,0.3468885016722408,0.34912814046822743,0.8430775719063546,-0.21667642809364548,0.35683698996655516,0.35004365217391303,0.7612290602006688,-0.4129952140468227
198,0.549924143812709,0.32227089632107025,0.5625585518394649,-0.526430856187291,0.5254483210702341,-0.3621842240802675,-0.22876,-0.7349870468227425,0.21972576923076922,-0.04247714381270903,0.9630744080267558,-0.1492318160535117,0.25726014381270906,0.24139726421404684,0.9168085919732442,-0.18701363210702343,0.34710414381270904,0.34882008026755856,0.8431391839464883,-0.2166148160535117,0.3570531371237458,0.3497350869565218,0.761291177257525,-0.4129644080267558
199,0.5500789899665552,0.3220527157190636,0.5626521939799332,-0.5263064080267559,0.5256039899665552,-0.362152602006689,-0.22872960200668896,-0.734924204013378,0.2198181939799331,-0.04260209030100334,0.9630436020066889,-0.14926139799331103,0.25747578595317727,0.24121161204013378,0.9167786020066889,-0.18695120401337792,0.34731978595317725,0.34851202006688964,0.8431703979933111,-0.216614,0.35726878595317724,0.3493966220735786,0.761322397993311,-0.412964
200,0.5502328160535117,0.3218367759197325,0.5627446120401338,-0.5261831839464883,0.525757204013378,-0.3621226120401338,-0.2286979799331104,-0.734863,0.2199108160535117,-0.042725204013377927,0.963012795986622,-0.14929261204013378,0.257691635451505,0.24102697993311037,0.916747795986622,-0.18689040802675586,0.3475354280936455,0.34820416053511705,0.843201,-0.2166148160535117,0.3574836120401338,0.3490585719063545,0.7613532040133779,-0.4129646120401338
201,0.5503560401337793,0.3216519397993311,0.5628370301003345,-0.5260599598662207,0.5257880100334449,-0.36221503010033446,-0.22854394983277593,-0.734863,0.22003404013377925,-0.04275601003344481,0.9629819899665552,-0.14938503010033444,0.2579385886287625,0.2408729498327759,0.9167169899665552,-0.18695202006688963,0.3477510702341137,0.3479264013377927,0.843201,-0.21673804013377926,0.35757603010033445,0.34884292976588627,0.7613840100334448,-0.41305703010033445
202,0.5504776321070234,0.32147118394648827,0.5629278160535116,-0.5259375518394649,0.5258163678929766,-0.3623082642140468,-0.22838827424749164,-0.7348638160535117,0.2201548160535117,-0.042786,0.9629511839464884,-0.14947744816053513,0.25818308026755854,0.24072136789297657,0.9166853678929766,-0.18701526421404682,0.34796427759197324,0.34765110367892976,0.8432001839464883,-0.21686208026755852,0.357666,0.3486289197324415,0.761414,-0.4131502642140468
203,0.5505392441471572,0.3214403779264214,0.5629586220735786,-0.5258451337792642,0.5257547558528428,-0.3624314882943144,-0.22817212709030102,-0.7348946220735786,0.22018562207357859,-0.042786,0.9629203779264215,-0.1495698662207358,0.258337110367893,0.2406597558528428,0.9166237558528428,-0.1871384882943144,0.3480880066889632,0.34746626755852844,0.8431693779264214,-0.21701611036789298,0.357666,0.34847488963210704,0.761414,-0.4132734882943144
204,0.5505994280936455,0.321411,0.562985143812709,-0.5257584280936455,0.5256917157190636,-0.362549,-0.2279574314381271,-0.7349297123745819,0.220215,-0.04278028762541806,0.962891,-0.14966371237458195,0.25848828428093645,0.24060814046822743,0.916562143812709,-0.18725885618729096,0.34820885618729097,0.3472914280936455,0.843137143812709,-0.21716871237458193,0.3576645719063545,0.348328,0.761414,-0.4133924280936455
205,0.5506302341137124,0.321411,0.5629235317725753,-0.5257892341137124,0.5255992976588629,-0.362549,-0.22777259531772576,-0.7350529364548495,0.220215,-0.0426570635451505,0.962891,-0.1497869364548495,0.2585807023411371,0.2407621705685619,0.9165005317725753,-0.18732046822742474,0.34827046822742475,0.3473222341137124,0.8430755317725753,-0.21729193645484948,0.35763376588628765,0.348328,0.761414,-0.41342323411371235
206,0.5506549197324415,0.32141508026755855,0.5628619197324415,-0.5258241204013377,0.5255027993311037,-0.36255104013377926,-0.22760204013377927,-0.7351741538461539,0.22021908026755851,-0.042529725752508366,0.962891,-0.1498979197324415,0.2586812809364548,0.24091620066889632,0.9164389197324415,-0.18736779933110367,0.34834228093645486,0.34735916053511706,0.8430077658862877,-0.21740495986622072,0.3576111204013378,0.34833616053511707,0.7614058060200669,-0.413452
207,0.5505933076923077,0.3214766923076923,0.5628003076923077,-0.5259165384615385,0.5253487692307692,-0.36258184615384614,-0.22763284615384616,-0.7352670769230769,0.22028069230769232,-0.04234438461538462,0.962891,-0.14983630769230769,0.2588969230769231,0.2410702307692308,0.9163773076923077,-0.1872137692307692,0.34855792307692307,0.3474823846153846,0.8428532307692308,-0.21737415384615386,0.35770353846153846,0.3484593846153846,0.7612820769230769,-0.413452
208,0.550531695652174,0.32152239130434784,0.5627519565217391,-0.5260063043478261,0.5252053043478261,-0.36260204347826086,-0.22767160869565217,-0.735354652173913,0.22034760869565218,-0.04216969565217391,0.962891,-0.14976408695652174,0.2591152608695652,0.24121365217391305,0.916315695652174,-0.18705708695652173,0.34877886956521736,0.347595,0.8427040434782609,-0.21734334782608697,0.3578118695652174,0.348572,0.7611610434782609,-0.41344934782608694
209,0.5504700836120402,0.3213991672240803,0.5628443745819398,-0.5260679163879599,0.5251739933110368,-0.3625096254180602,-0.22779483277591972,-0.7353854581939799,0.22047083277591972,-0.04210808361204013,0.962891,-0.1495792508361204,0.25936221404682275,0.24124445819397994,0.9162540836120402,-0.1868722508361204,0.3490561237458194,0.347595,0.8426116254180602,-0.21731254180602008,0.3580891237458194,0.348572,0.7610686254180602,-0.41341854180602006
210,0.550415,0.3212759431438127,0.5629400568561872,-0.5261132073578595,0.5251329431438128,-0.36244332107023414,-0.227905,-0.735413,0.2205973210702341,-0.04204320735785953,0.9628877357859532,-0.14941073578595318,0.2596091137123746,0.24128179264214045,0.9161892073578595,-0.1867037357859532,0.3493301137123746,0.347595,0.8425159431438127,-0.21729479264214047,0.3583566387959866,0.34857526421404683,0.7609729431438128,-0.41339426421404685
211,0.550415,0.32115271906354514,0.5630632809364549,-0.5260207892976588,0.5250097190635451,-0.36259735117056857,-0.227905,-0.735413,0.22075135117056857,-0.041950789297658865,0.9628569297658863,-0.1493799297658863,0.2598555618729097,0.24137421070234114,0.9160967892976589,-0.1866729297658863,0.3495765618729097,0.347595,0.8423927190635451,-0.21738721070234113,0.3585419799331104,0.3486060702341137,0.7608497190635451,-0.41342507023411373
212,0.5504072474916388,0.32106050501672245,0.5631826287625418,-0.5259283712374582,0.5248981237458193,-0.3627475050167224,-0.2278933712374582,-0.7354091237458193,0.22091707357859533,-0.04185837123745819,0.9628222474916388,-0.1493685050167224,0.26010588628762543,0.2414511237458194,0.9160082474916389,-0.18665375250836122,0.3498269498327759,0.3475833712374582,0.8422694949832775,-0.2174835050167224,0.35873113377926424,0.34862137123745823,0.760722618729097,-0.41347525752508363
213,0.550345635451505,0.32118372909698994,0.5632750468227424,-0.5258359531772575,0.5248673177257525,-0.36287072909699,-0.22780095317725751,-0.7353783177257525,0.22116402675585284,-0.04176595317725752,0.962760635451505,-0.14949172909699,0.2603831404682274,0.2414203177257525,0.915946635451505,-0.18671536454849497,0.3501047090301003,0.34749095317725753,0.8421462709030101,-0.21760672909698997,0.35894677591973245,0.3485289531772575,0.7605685886287625,-0.41366009364548495
214,0.5502885117056856,0.32129348829431437,0.5633765150501673,-0.5257390468227425,0.5248454882943144,-0.36300292976588633,-0.22770853511705685,-0.7353429498327759,0.22140641806020064,-0.041691488294314384,0.9626989498327759,-0.14961495317725754,0.2606514180602007,0.24138502341137125,0.9158849498327759,-0.18677248829431436,0.3503689297658863,0.3473985351170569,0.8420320234113713,-0.21773002675585285,0.3591534414715719,0.34843653511705686,0.7604235351170568,-0.41383146488294315
215,0.5502577056856188,0.32132429431438125,0.5635310501672242,-0.525615822742475,0.5248762943143812,-0.36318776588628765,-0.2276161170568562,-0.7352808327759197,0.22162206020066888,-0.04172229431438127,0.9626368327759197,-0.14973817725752508,0.2608670602006689,0.24132341137123745,0.9158228327759197,-0.18680329431438125,0.3505537658862876,0.3473061170568562,0.8419704113712375,-0.2178537558528428,0.35930747157190634,0.3483441170568562,0.7603311170568562,-0.4139238829431438
216,0.5502217993311037,0.32136020066889637,0.5636753010033445,-0.5254976989966555,0.524902,-0.36336240133779263,-0.2275134983277592,-0.7352238996655519,0.22183260200668897,-0.041748,0.9625747993311037,-0.14986140133779263,0.2610878862876254,0.24126689966555181,0.9157607993311037,-0.18684430100334448,0.3507437023411371,0.34721369899665555,0.8419036989966555,-0.2179825016722408,0.3594615016722408,0.34824651505016724,0.7602386989966555,-0.41402148494983276
217,0.5501601872909699,0.3214218127090301,0.5637677190635452,-0.5254052809364548,0.524902,-0.36348562541806023,-0.22735946822742475,-0.735193093645485,0.2220174381270903,-0.041748,0.9625131872909699,-0.1499846254180602,0.26133483946488295,0.24123609364548496,0.9156991872909699,-0.18693671906354514,0.3509593444816053,0.3471212809364549,0.8418112809364549,-0.21813653177257525,0.3596155317725752,0.34812278595317725,0.7601462809364549,-0.41414521404682275
218,0.5500985752508362,0.3215005618729097,0.5638544247491639,-0.5253127692307692,0.5249077123745819,-0.36362036789297664,-0.2272054381270903,-0.7351622876254181,0.22220227424749164,-0.04173657525083612,0.9624458628762541,-0.15011365551839465,0.2615759866220736,0.24121671237458195,0.9156318628762542,-0.18703484949832777,0.3511635618729097,0.34704028762541805,0.8417188628762542,-0.2182905618729097,0.35975242474916386,0.3480162876254181,0.7600538628762542,-0.41426884949832776
219,0.5500369632107024,0.32165459197324414,0.5639160367892977,-0.5252198461538461,0.5249385183946488,-0.36380570903010034,-0.22705140802675586,-0.7351314816053511,0.222387110367893,-0.04167496321070235,0.9623534448160536,-0.1502681906354515,0.2617916287625418,0.24124751839464884,0.9155394448160535,-0.18715807357859532,0.35131759197324414,0.34700948160535117,0.8416264448160535,-0.21844459197324415,0.35981403678929763,0.3479854816053512,0.7599614448160535,-0.4143920735785953
220,0.549988,0.3217833244147157,0.5639713244147158,-0.5251333511705686,0.5249756488294314,-0.36396564882943144,-0.22691002675585284,-0.7350943511705685,0.22257194648829431,-0.041626,0.9622736755852843,-0.15041629765886289,0.2620199197324415,0.24125302675585283,0.9154470267558529,-0.1872812976588629,0.3514590769230769,0.3469660267558528,0.8415466755852843,-0.21858597324414716,0.3598946220735786,0.3479293779264214,0.7598753511705686,-0.41452794648829433
221,0.549988,0.32181413043478263,0.5640021304347826,-0.5250717391304348,0.5250372608695653,-0.3640272608695652,-0.22681760869565218,-0.7350327391304348,0.22275678260869564,-0.041626,0.9622428695652174,-0.15053952173913043,0.26229717391304347,0.24116060869565217,0.9153546086956521,-0.18740452173913044,0.351552,0.34687360869565215,0.8415158695652174,-0.21867839130434782,0.360048652173913,0.347775347826087,0.7598137391304348,-0.41471278260869565
222,0.550001872909699,0.3218310635451505,0.5640468093645485,-0.524996254180602,0.525105923076923,-0.364102745819398,-0.226746,-0.734957254180602,0.22294866889632106,-0.0416329364548495,0.9621981906354515,-0.15065580936454848,0.262567491638796,0.2410820635451505,0.9152621906354514,-0.187527745819398,0.35167949163879597,0.34676731772575253,0.841478127090301,-0.2187846822742475,0.3601958595317726,0.3476351906354515,0.7597451906354515,-0.4148768093645485
223,0.5500634849498328,0.3218002575250836,0.5641392274247492,-0.5248730301003345,0.5251988461538462,-0.36422596989966555,-0.226746,-0.7348340301003344,0.22316481605351168,-0.04166374247491639,0.9621057725752509,-0.15074822742474916,0.2628139397993311,0.2410512575250836,0.9151697725752508,-0.18765096989966554,0.35192593979933107,0.34661328762541804,0.8414165150501672,-0.21893871237458193,0.3603195886287625,0.34754277257525085,0.7596527725752509,-0.4149692274247492
224,0.5501175484949833,0.3217920969899665,0.564209,-0.5247724515050167,0.5252916454849498,-0.3643265484949833,-0.22673845150501673,-0.7347183545150502,0.2233657424749164,-0.041687,0.9620284515050167,-0.15084064548494983,0.2630303177257525,0.24101290301003345,0.9150849030100334,-0.18778174247491639,0.35214219397993307,0.3464666822742475,0.8413549030100334,-0.2190927424749164,0.360413,0.34745790301003343,0.759583,-0.41506164548494984
225,0.5501483545150502,0.3218537090301003,0.564209,-0.5247416454849498,0.5253840635451505,-0.36435735451505014,-0.22670764548494984,-0.7346259364548495,0.22351977257525082,-0.041687,0.9619976454849498,-0.15093306354515051,0.26315404682274246,0.24095129096989967,0.9150232909698996,-0.18793577257525082,0.3522654180602007,0.34634295317725755,0.8412932909698997,-0.21924677257525083,0.360413,0.34739629096989966,0.759583,-0.4151540635451505
226,0.550187321070234,0.32190716053511703,0.5641926789297659,-0.524710839464883,0.5254846421404683,-0.3643636789297659,-0.22665222408026756,-0.734558,0.223633,-0.041687,0.9619668394648829,-0.15103364214046822,0.26325316053511705,0.2408896789297659,0.914978,-0.1880816421404682,0.35236416053511704,0.34623567892976587,0.841248,-0.21939264214046822,0.3603883846153846,0.347342839464883,0.7595911605351171,-0.415222
227,0.5502489331103679,0.321937966555184,0.5641310668896321,-0.5246800334448161,0.5256078662207359,-0.3643020668896321,-0.2265284949832776,-0.734558,0.223633,-0.041687,0.961936033444816,-0.15115686622073576,0.26328396655518393,0.2408280668896321,0.914978,-0.18820486622073576,0.35239496655518393,0.3461740668896321,0.841248,-0.21951586622073577,0.36029546153846154,0.34731203344481604,0.759621966555184,-0.415222
228,0.550293,0.32196,0.5640782274247492,-0.524658,0.5257486354515051,-0.364205364548495,-0.22640490969899665,-0.734558,0.22359790969899665,-0.04170454515050167,0.961914,-0.15128009030100334,0.2632796822742475,0.24076645484949832,0.914978,-0.18831946153846152,0.35239068227424747,0.3461124548494983,0.8412567725752508,-0.21963046153846152,0.360176364548495,0.34729,0.7596790903010033,-0.41521322742474914
229,0.550293,0.32196,0.5640474214046823,-0.524658,0.5259334715719064,-0.3640205284280937,-0.2262816856187291,-0.734558,0.2234746856187291,-0.04176615719063545,0.961914,-0.15140331438127091,0.2631872642140468,0.24070484280936455,0.914978,-0.18841238461538462,0.3522982642140468,0.34605084280936454,0.8412875785953177,-0.21972338461538463,0.3599915284280937,0.34729,0.7598023143812709,-0.41518242140468226
230,0.5503211538461539,0.32196,0.5639884615384616,-0.5246673846153845,0.5260807692307693,-0.36384492307692307,-0.22615846153846156,-0.7345767692307693,0.22336084615384616,-0.04179023076923077,0.9619233846153846,-0.15151715384615386,0.26311361538461536,0.240662,0.914978,-0.18851453846153846,0.3522152307692308,0.346008,0.841309,-0.21980676923076925,0.3598066923076923,0.3472993846153846,0.7599067692307693,-0.415161
231,0.5504135719063545,0.32196,0.563865237458194,-0.5246981906354515,0.526142381270903,-0.36369038795986625,-0.22603523745819398,-0.734638381270903,0.22326842809364547,-0.04172861872909699,0.9619541906354515,-0.15160957190635452,0.26308280936454853,0.240662,0.914978,-0.18863776254180603,0.35215361872909695,0.346008,0.841309,-0.21986838127090302,0.359621856187291,0.3473301906354515,0.7599683812709029,-0.415161
232,0.5504959933110367,0.3219699966555184,0.5637620066889633,-0.5247289966555184,0.5262239866220736,-0.36355601003344484,-0.2259220100334448,-0.7346700033444816,0.223206,-0.0416969966555184,0.9619650033444817,-0.15171215050167225,0.2630819933110368,0.24065200334448159,0.9149680033444816,-0.18877098327759198,0.352112,0.3459880066889632,0.841309,-0.21995998327759197,0.35948700334448164,0.34732101003344484,0.76001,-0.4151909899665552
233,0.5505576053511706,0.3220008026755853,0.5637003946488295,-0.5247598026755853,0.5263472107023411,-0.3634635919732441,-0.22582959197324415,-0.7346391973244147,0.223206,-0.041727802675585283,0.9619341973244148,-0.1518358795986622,0.26314360535117054,0.24062119732441473,0.9149371973244147,-0.18892501337792642,0.352112,0.34592639464882946,0.841309,-0.2201140133779264,0.3594561973244147,0.3472285919732441,0.76001,-0.41528340802675584
234,0.5506086086956522,0.3220423913043478,0.5636387826086957,-0.5247587826086957,0.526491652173913,-0.363403,-0.2257265652173913,-0.7345977826086957,0.22322721739130433,-0.04176921739130435,0.9619033913043479,-0.15198065217391304,0.2632158260869565,0.240569,0.9148957826086956,-0.18907904347826088,0.3521332173913043,0.3458541739130435,0.8412983913043478,-0.22027865217391304,0.3594253913043478,0.34713617391304347,0.76001,-0.41538643478260867
235,0.5506394147157191,0.322104508361204,0.5635771705685618,-0.5246971705685618,0.5266764882943143,-0.363403,-0.22560334113712374,-0.7345361705685618,0.22328882943143813,-0.04183082943143813,0.9618725852842809,-0.1521654882943144,0.2633082441471572,0.24047607692307693,0.9148341705685619,-0.1892330735785953,0.3521948294314381,0.3457617558528428,0.8412675852842809,-0.2204634882943144,0.3593945852842809,0.3470437558528428,0.76001,-0.4155096588628763
236,0.5506926622073579,0.32215522073578595,0.563515558528428,-0.524646779264214,0.5268502876254181,-0.363391779264214,-0.2254801170568562,-0.734474558528428,0.223328,-0.04188122073578595,0.961841779264214,-0.15235032441471572,0.263378220735786,0.24040577926421403,0.914795,-0.18936466220735787,0.352234,0.34566933779264214,0.841236779264214,-0.2206483244147157,0.3593301170568562,0.34696255852842806,0.76001,-0.415655508361204
237,0.5507850802675586,0.32218602675585284,0.5634539464882943,-0.5246159732441471,0.527004822742475,-0.3633609732441471,-0.22535689297658865,-0.7344129464882942,0.223328,-0.041912026755852844,0.9618109732441471,-0.15253516053511706,0.26340902675585287,0.24037497324414714,0.914795,-0.18945708026755853,0.352234,0.3455769197324415,0.8412059732441471,-0.22083316053511706,0.3592068929765886,0.3469009464882943,0.76001,-0.4158408494983278
238,0.5508538327759198,0.3222404983277592,0.5633803076923077,-0.524597,0.5271118327759198,-0.3633301672240803,-0.2252100033444816,-0.7343868327759198,0.22333983277591973,-0.04187183612040134,0.9617683344481606,-0.15273182943143815,0.2634398327759197,0.24036783277591972,0.9147713344481605,-0.18960866220735786,0.3522221672240803,0.34554366555183946,0.8411631404682275,-0.22104185618729097,0.3591073344481605,0.346863,0.7599981672240802,-0.4159904983277592
239,0.5508846387959867,0.32233291638795986,0.5632873846153846,-0.524597,0.5271426387959867,-0.3632993612040134,-0.22502516722408028,-0.7344176387959866,0.22337063879598662,-0.04171780602006689,0.9617067224080268,-0.15294747157190636,0.2634706387959866,0.2403986387959866,0.9147097224080267,-0.189855110367893,0.3521913612040134,0.34560527759197324,0.8411010234113713,-0.2212888093645485,0.3590457224080268,0.346863,0.7599673612040133,-0.41608291638795986
240,0.5508905551839465,0.3225000033444816,0.5631822207357859,-0.524597,0.5271236655518394,-0.3633556688963211,-0.2248276822742475,-0.734460889632107,0.22343877926421404,-0.04153888628762542,0.9616575551839465,-0.15316311371237457,0.263513889632107,0.24047942809364548,0.914623220735786,-0.19008931772575252,0.3521854448160535,0.345666889632107,0.841014220735786,-0.2215355585284281,0.35895922073578596,0.34690033444816054,0.7599116655518394,-0.4162251137123746
241,0.5508597491638797,0.32277725752508357,0.5630589966555184,-0.524597,0.5270312474916388,-0.3635405050167224,-0.22461153511705684,-0.7345225016722409,0.22356200334448162,-0.04132324414715719,0.9616267491638797,-0.1533787558528428,0.2635755016722408,0.24063396321070232,0.9144999966555184,-0.19030546488294314,0.3522162508361204,0.34572850167224084,0.8408909966555184,-0.22178200668896322,0.3588359966555184,0.3469927525083612,0.7598192474916389,-0.41644075585284285
242,0.5508028294314382,0.3230153411371237,0.5629618862876254,-0.5246231137123746,0.5269649431438127,-0.3636733277591973,-0.22446088628762542,-0.734558,0.22365911371237457,-0.04115982943143812,0.9615828862876254,-0.1535554414715719,0.2636501705685619,0.24074911371237456,0.9144028862876254,-0.19049528428093646,0.3522470568561873,0.345764,0.8407938862876254,-0.22198928428093648,0.3587519431438127,0.347046,0.7597268294314382,-0.41663028428093646
243,0.5507104113712374,0.3232001772575251,0.5629002742474917,-0.5246847257525084,0.5269341371237458,-0.3637354448160535,-0.22439927424749165,-0.734558,0.22372072575250837,-0.041067411371237456,0.9615212742474917,-0.15367917056856187,0.26374258862876254,0.24081072575250836,0.9143412742474917,-0.1906493143812709,0.3522778628762542,0.345764,0.8407322742474916,-0.2221433143812709,0.3587211371237458,0.347046,0.7596344113712374,-0.4167843143812709
244,0.550659,0.32333033779264214,0.5628386622073579,-0.524719,0.5269031070234114,-0.3637836688963211,-0.22433766220735787,-0.7345716688963211,0.22376866889632108,-0.04096110033444816,0.961487,-0.15380267558528427,0.26380766889632107,0.24087233779264214,0.9142796622073579,-0.19078967558528429,0.35228133110367893,0.34580500668896325,0.8406843311036789,-0.22229734448160535,0.35862176254180606,0.3471006755852843,0.759583,-0.41691100668896325
245,0.550659,0.3233919498327759,0.5627770501672241,-0.524719,0.526871795986622,-0.36381447491638796,-0.22427605016722407,-0.734602474916388,0.22379947491638796,-0.040837371237458196,0.961487,-0.15392589966555184,0.26383847491638796,0.2409339498327759,0.9142180501672241,-0.19091289966555183,0.35225052508361204,0.3458974247491639,0.840653525083612,-0.2224513745819398,0.3584364214046823,0.34722389966555184,0.759583,-0.4170034247491639
246,0.5506447190635452,0.3234821237458194,0.5627011571906355,-0.5247475618729097,0.5268695150501672,-0.3638167190635452,-0.2242144381270903,-0.734619,0.22383028093645485,-0.04075671906354515,0.961487,-0.15400628093645485,0.26386928093645484,0.24099556187290969,0.9141562040133779,-0.1910361237458194,0.352234,0.34597556187290973,0.8406084381270903,-0.22257684280936454,0.3582798762541806,0.3473042809364548,0.7595684849498328,-0.4171101237458194
247,0.5506139130434783,0.32360534782608696,0.5626087391304347,-0.5248091739130435,0.5269008260869565,-0.36378591304347824,-0.22415282608695652,-0.734619,0.22386108695652174,-0.040725913043478265,0.961487,-0.15403708695652174,0.26390008695652173,0.24105717391304346,0.9140940869565217,-0.19115934782608696,0.352234,0.3460371739130435,0.8405468260869565,-0.2226692608695652,0.35815665217391307,0.34733508695652177,0.7595371739130434,-0.41723334782608695
248,0.5506128929765887,0.323669,0.5625312140468227,-0.5248707859531773,0.5269616789297659,-0.3637101839464883,-0.224121,-0.734619,0.22389189297658862,-0.040665321070234114,0.9614721070234113,-0.154053,0.2639308929765886,0.2411336789297659,0.9140471070234114,-0.19123789297658864,0.352234,0.3460987859531773,0.8404852140468227,-0.2227616789297659,0.35803342809364547,0.3473956789297659,0.759521,-0.4173118929765886
249,0.5506436989966556,0.323669,0.5624696020066889,-0.524932397993311,0.5270540969899665,-0.3635864548494983,-0.224121,-0.734619,0.2239226989966555,-0.04057290301003345,0.9614413010033445,-0.154053,0.2639616989966555,0.24122609698996655,0.9140163010033444,-0.19126869899665552,0.352234,0.34616039799331105,0.840423602006689,-0.22285409698996655,0.3579102040133779,0.3474880969899666,0.759521,-0.4173426989966555
250,0.550659,0.323669,0.5623924849498327,-0.5249940100334448,0.5272085351170569,-0.36340095986622073,-0.2241054949832776,-0.7346034949832776,0.2239535050167224,-0.040495989966555186,0.961426,-0.1540685050167224,0.2640080100334448,0.24130301003344481,0.9139699899665551,-0.19133051505016724,0.352234,0.3462220100334448,0.8403774949832775,-0.22294651505016722,0.35778697993311037,0.3475650100334448,0.759521,-0.4173890100334448
251,0.550659,0.323669,0.5623000668896321,-0.5250556220735786,0.5274241772575251,-0.36315451170568563,-0.2240746889632107,-0.7345726889632107,0.2239843110367893,-0.040434377926421405,0.961426,-0.1540993110367893,0.2640696220735786,0.2413646220735786,0.9139083779264214,-0.1914229331103679,0.352234,0.3462836220735786,0.8403466889632106,-0.2230389331103679,0.3576637558528428,0.34762662207357864,0.759521,-0.41745062207357864
252,0.5506912341137123,0.3237014983277592,0.5621915317725752,-0.5251174983277592,0.5276559364548494,-0.3629402976588629,-0.22401164882943145,-0.7345418829431438,0.223999,-0.040372765886287625,0.961426,-0.15414623411371237,0.264099,0.24142623411371236,0.9138628829431438,-0.19151535117056856,0.352234,0.3462968829431438,0.8403158829431437,-0.22313161538461537,0.3575405317725753,0.347656,0.759521,-0.4175286153846154
253,0.5507528461538461,0.3237636153846154,0.5620683076923076,-0.5251796153846154,0.5279023846153846,-0.36275546153846155,-0.22391923076923076,-0.7345110769230769,0.223999,-0.040311153846153844,0.961426,-0.15420784615384617,0.264099,0.24148784615384616,0.9138320769230769,-0.19160776923076922,0.352234,0.3462660769230769,0.8402850769230769,-0.22322453846153845,0.3574173076923077,0.347656,0.759521,-0.41762153846153843
254,0.5508144581939799,0.323792,0.5619618127090301,-0.5252247290969899,0.5281153745819398,-0.3625873545150502,-0.22384354180602006,-0.73446354180602,0.22403245819397993,-0.040299729096989964,0.9614092709030101,-0.15426945819397994,0.26416591638795983,0.24148254180602008,0.9138012709030101,-0.19168345819397992,0.3522674581939799,0.34623527090301004,0.840271,-0.22328372909698996,0.35742791638795984,0.34758908361204016,0.7595042709030101,-0.4177141872909699
255,0.5508760702341138,0.323792,0.5618693946488295,-0.5252555351170568,0.5283002107023411,-0.36243332441471576,-0.2237819297658863,-0.7344019297658863,0.2240940702341137,-0.04033053511705685,0.9613784648829432,-0.15433107023411372,0.26428914046822743,0.24142092976588628,0.9137704648829432,-0.19174507023411372,0.3523290702341137,0.34620446488294315,0.840271,-0.22331453511705684,0.35755114046822745,0.34746585953177256,0.7594734648829432,-0.4178066053511706
256,0.550903,0.323792,0.5618636822742475,-0.525234033444816,0.5283983411371237,-0.362435364548495,-0.22368563545150502,-0.7343576588628763,0.22422504682274247,-0.04032665886287625,0.9613303177257525,-0.15442736454849498,0.26446467224080267,0.24137665886287624,0.9137223177257525,-0.19182430769230768,0.35244270568561875,0.34612163545150504,0.8402189765886288,-0.22341470568561872,0.35763968227424753,0.3473773177257525,0.7594079765886288,-0.4179337056856188
257,0.550903,0.323792,0.5619252943143812,-0.5251719163879599,0.5284291471571906,-0.36255858862876256,-0.22356241137123745,-0.7343268528428094,0.22440988294314382,-0.040295852842809364,0.9612687056856187,-0.15455058862876253,0.2646808193979933,0.24134585284280935,0.9136607056856187,-0.19191723076923076,0.3525967357859532,0.3459984113712375,0.8401265585284281,-0.22356873578595318,0.3577012943143813,0.3473157056856187,0.7593155585284281,-0.4180877357859532
258,0.5509209531772575,0.32386381270903014,0.5619330468227425,-0.525110093645485,0.5284599531772575,-0.36266385953177255,-0.22338503344481606,-0.734314,0.22454085953177258,-0.04024709364548495,0.961207093645485,-0.1547456254180602,0.2648248595317726,0.241333,0.9135811404682275,-0.19208167224080266,0.3526789531772575,0.3459290468227425,0.8400700468227424,-0.22375867224080268,0.3576731404682274,0.3472361404682274,0.7592590468227425,-0.41825971906354514
259,0.5509517591973244,0.32398703678929763,0.5619022408026756,-0.5250484816053512,0.5284907591973244,-0.3627562775919732,-0.2231688862876254,-0.734314,0.22463327759197324,-0.040185481605351174,0.9611454816053512,-0.15499207357859532,0.26491727759197325,0.241333,0.9134887224080268,-0.1922973143812709,0.3527097591973244,0.3458982408026756,0.8400392408026756,-0.2239743143812709,0.35758072240802674,0.34714372240802677,0.7592282408026756,-0.4184445551839465
260,0.550964,0.32411026086956524,0.5618157391304348,-0.525024,0.5285215652173912,-0.3628115652173913,-0.22295304347826086,-0.7343325652173913,0.2246885652173913,-0.0401424347826087,0.9611024347826087,-0.15522026086956522,0.2649911304347826,0.2413144347826087,0.9134334347826087,-0.1924943913043478,0.352722,0.34584886956521743,0.8400084347826087,-0.22417139130434782,0.3575254347826087,0.3470698695652174,0.7591974347826087,-0.41859226086956525
261,0.550964,0.3242334849498328,0.5616925150501673,-0.525024,0.5285523712374582,-0.3628423712374582,-0.22273740133779263,-0.7343633712374582,0.2247193712374582,-0.040111628762541804,0.9610716287625418,-0.15543640802675585,0.2650527424749164,0.2412836287625418,0.9134026287625417,-0.19267922742474916,0.352722,0.34578725752508366,0.8399776287625418,-0.22435622742474914,0.3574946287625418,0.34700825752508363,0.7591666287625418,-0.4187154849498328
262,0.550964,0.3243183545150502,0.561626508361204,-0.5250431772575251,0.5285256454849498,-0.36291153177257524,-0.22256011371237458,-0.7343941772575251,0.22476966889632105,-0.04004246822742475,0.9610408227424749,-0.15559470903010034,0.26513353177257526,0.241272,0.9133526454849498,-0.19282570903010032,0.3527411772575251,0.34572564548494983,0.839966,-0.22450270903010033,0.3575213545150502,0.3469658227424749,0.7591166454849498,-0.41881953177257525
263,0.550964,0.324379966555184,0.5615951973244147,-0.525073983277592,0.5284640334448161,-0.3630039498327759,-0.22240608361204012,-0.734424983277592,0.22483178595317727,-0.03995005016722408,0.961010016722408,-0.1557179331103679,0.2652259498327759,0.241272,0.913291033444816,-0.1929489331103679,0.35277198327759196,0.34566403344481605,0.839966,-0.2246259331103679,0.35758296655518396,0.346935016722408,0.7590550334448161,-0.4189119498327759
264,0.550964,0.32442178929765886,0.5615444214046823,-0.5251047892976589,0.5283628428093645,-0.36309636789297656,-0.22227184280936454,-0.7344755785953178,0.22489357859531772,-0.039837842809364546,0.9609792107023412,-0.15584115719063546,0.26529857859531775,0.241272,0.9132492107023411,-0.19303257859531772,0.35282257859531774,0.34562221070234117,0.8399264214046823,-0.22472969230769232,0.35752584280936456,0.346924,0.7590527892976588,-0.41896478929765885
265,0.550964,0.32445259531772574,0.5614828093645485,-0.5251355953177258,0.528239618729097,-0.3631887859531773,-0.222148618729097,-0.7345371906354515,0.22495519063545152,-0.03971461872909699,0.9609484046822743,-0.155964381270903,0.26536019063545147,0.241272,0.9132184046822742,-0.19309419063545152,0.3528841906354515,0.3455914046822743,0.8398648093645485,-0.22482261538461537,0.35740261872909695,0.346924,0.7590835953177257,-0.41899559531772573
266,0.5510048026755853,0.32448340133779263,0.5614007959866221,-0.5251667357859532,0.5282184013377926,-0.36319959866220736,-0.22204579598662208,-0.7345988026755853,0.22495559866220738,-0.03963219732441472,0.960938,-0.15606720401337792,0.265381,0.241272,0.913208,-0.19317620401337793,0.352905,0.3455605986622074,0.839844,-0.22491520401337792,0.357361,0.34688319732441475,0.7590735986622074,-0.41906720401337794
267,0.551066414715719,0.3245142073578595,0.5613083779264214,-0.5251980468227425,0.5282492073578595,-0.36316879264214047,-0.22195337792642142,-0.7346604147157191,0.22492479264214046,-0.03957058528428094,0.960938,-0.15615962207357859,0.265381,0.241272,0.913208,-0.1932686220735786,0.352905,0.34552979264214045,0.839844,-0.22500762207357858,0.357361,0.3468215852842809,0.7590427926421405,-0.4191596220735786
268,0.5511280267558528,0.3244819732441471,0.5612159598662207,-0.5252500267558529,0.5282379866220736,-0.363159,-0.221924,-0.73468,0.22493601337792643,-0.03948795986622074,0.9609166421404682,-0.15623102675585285,0.2654020133779264,0.2412930133779264,0.9131659732441472,-0.19336104013377925,0.35292601337792645,0.3455410133779264,0.8398019732441472,-0.22510004013377927,0.3572979598662207,0.34684402675585285,0.7590750267558528,-0.41916798662207355
269,0.5511896387959866,0.3244203612040134,0.5611235418060201,-0.5253116387959866,0.5282071806020067,-0.363159,-0.221924,-0.73468,0.22496681939799332,-0.03939554180602007,0.9608853311036789,-0.15629263879598662,0.2654328193979933,0.2413238193979933,0.9131043612040134,-0.1934534581939799,0.35295681939799334,0.3455718193979933,0.8397403612040134,-0.22519245819397993,0.35720554180602004,0.3469056387959866,0.7591366387959866,-0.41913718060200666
270,0.5512732307692307,0.3243803745819398,0.5609662474916388,-0.5254165016722407,0.5282412508361204,-0.3629859966555184,-0.2218807491638796,-0.7347448762541806,0.22488914381270902,-0.039368,0.9608979799331103,-0.156311,0.265442,0.2413546254180602,0.913086,-0.1934593745819398,0.3529227491638796,0.3455593745819398,0.8397652508361204,-0.2251983745819398,0.35719962541806016,0.3468591237458194,0.759155,-0.41914962541806017
271,0.5513661538461538,0.3243495685618729,0.5607814113712374,-0.5255397257525083,0.5283028628762542,-0.3627395484949833,-0.22181913712374582,-0.7348372943143813,0.22476541471571906,-0.039368,0.9609292909698997,-0.156311,0.265442,0.24138543143812707,0.913086,-0.1934285685618729,0.35286113712374584,0.3455285685618729,0.8398268628762542,-0.22516756856187292,0.35723043143812705,0.34676670568561874,0.759155,-0.41918043143812705
272,0.5514364749163879,0.324296525083612,0.56073,-0.525574,0.5283867123745819,-0.362671,-0.221779762541806,-0.7348407625418061,0.2247980769230769,-0.03943471237458194,0.960915397993311,-0.15635547491638796,0.2655309498327759,0.24132728762541805,0.913086,-0.19344223745819397,0.35295518729096986,0.345475525083612,0.839799525083612,-0.22522571237458194,0.35728347491638796,0.346718762541806,0.7591327625418061,-0.419211237458194
273,0.5514980869565217,0.32423491304347823,0.56073,-0.525574,0.5284791304347826,-0.362671,-0.22174895652173912,-0.7348099565217391,0.224891,-0.039527130434782606,0.9608840869565217,-0.15641708695652173,0.26565417391304347,0.2412348695652174,0.913086,-0.19347304347826086,0.35310921739130435,0.34541391304347824,0.8397379130434782,-0.2253181304347826,0.35734508695652173,0.3466879565217391,0.7591019565217392,-0.4192420434782609
274,0.5514454515050167,0.32428754849498326,0.5607528494983277,-0.5255511505016722,0.5284801505016722,-0.3627395484949833,-0.22171815050167223,-0.7347791505016722,0.22507494648829432,-0.039459602006688965,0.9608303010033444,-0.15650154849498327,0.2658002474916388,0.24125669899665553,0.9130174515050167,-0.19357277257525082,0.3532407725752508,0.34546654849498326,0.8396077525083612,-0.22547909698996654,0.35742954849498326,0.3467256989966555,0.7589797525083612,-0.4193646220735786
275,0.551353033444816,0.324379966555184,0.5607836555183947,-0.5255203444816053,0.5284493444816053,-0.36283196655518396,-0.22168734448160535,-0.7347483444816053,0.22529058862876253,-0.03933637792642141,0.9607686889632107,-0.15659396655518396,0.2659542775919732,0.2413183110367893,0.912925033444816,-0.1936965016722408,0.35336450167224076,0.345558966555184,0.8394537224080267,-0.2256639331103679,0.3575219665551839,0.3467873110367893,0.7588257224080268,-0.41951915719063543
276,0.5512602307692308,0.3245193076923077,0.5607206153846154,-0.5255833846153847,0.5283950769230769,-0.3629713076923077,-0.22158615384615385,-0.734741,0.22538892307692307,-0.0391893076923077,0.9607305384615384,-0.15675676923076923,0.26603792307692303,0.2414503076923077,0.9128326153846154,-0.1938433076923077,0.35337053846153843,0.34565138461538464,0.8393696923076923,-0.2258253076923077,0.35747361538461536,0.3468723846153846,0.7587186153846154,-0.41964984615384615
277,0.5511673076923077,0.3246733377926422,0.5606281973244147,-0.5256758026755853,0.5283334648829432,-0.36312533779264217,-0.22146292976588627,-0.734741,0.22545053511705684,-0.039034772575250835,0.9606997324414716,-0.15694160535117058,0.26609953511705686,0.24160433779264212,0.9127401973244147,-0.19399733779264214,0.3533397324414716,0.3457438026755853,0.8393075752508361,-0.22597933779264212,0.3573811973244147,0.34696480267558527,0.7586261973244147,-0.4197730702341137
278,0.5511229264214047,0.32477922073578597,0.5605117056856187,-0.5257922943143812,0.5282718528428093,-0.36313492642140466,-0.22126709030100336,-0.7348372943143813,0.2253436321070234,-0.03890470568561873,0.960693,-0.15712683612040135,0.26604077926421404,0.24166207357859532,0.91272,-0.19412729431438128,0.35321223745819397,0.34583622073578596,0.839294,-0.22613336789297658,0.3572406321070234,0.34703314715719064,0.758606,-0.41989629431438125
279,0.5510921204013378,0.32487163879598663,0.5603884816053512,-0.5259155183946488,0.5282102408026755,-0.36310412040133777,-0.2210509431438127,-0.7349605183946488,0.22518960200668897,-0.03878148160535117,0.960693,-0.15731217725752508,0.2659483612040134,0.2416928795986622,0.91272,-0.19425051839464882,0.3530577023411371,0.3459286387959866,0.839294,-0.22628739799331102,0.35708660200668896,0.3470947591973244,0.758606,-0.4200195183946488
280,0.5511604615384615,0.32503811371237457,0.5600920535117057,-0.5260634280936455,0.5281239431438127,-0.3629992575250836,-0.22081051505016724,-0.735158204013378,0.22496111036789299,-0.038584200668896326,0.9607176856187291,-0.15754648494983275,0.2657078294314381,0.2418224280936455,0.9126953143812709,-0.19449717056856186,0.3527060869565217,0.34607042809364547,0.839318685618729,-0.22646651839464882,0.3566606254180602,0.34720574247491637,0.7587047424749164,-0.4201180568561873
281,0.5512533846153846,0.3252229498327759,0.5597526822742475,-0.5262174581939799,0.5280315250836121,-0.36287603344481606,-0.22056406688963212,-0.7353743511705685,0.22471415719063548,-0.038368558528428104,0.9607484916387959,-0.15779293311036788,0.26543057525083613,0.24197645819397992,0.912664508361204,-0.19477442474916387,0.3523056086956522,0.34622445819397996,0.8393494916387959,-0.22665185953177255,0.3561672240802676,0.34732896655518397,0.7588279665551839,-0.42021047491638797
282,0.5512952976588629,0.3253318929765886,0.5595402140468227,-0.5263208929765886,0.5279897023411372,-0.36270221404682274,-0.2202923210702341,-0.7355647859531772,0.22446761872909698,-0.03825410702341137,0.9607792976588628,-0.1579634882943144,0.265178618729097,0.24205459531772575,0.912659,-0.19500108361204013,0.352031618729097,0.3462772976588629,0.8394313076923077,-0.22671029765886289,0.3557501304347826,0.3473762976588629,0.7589764882943144,-0.4202522976588629
283,0.5513261036789298,0.32542431103678926,0.5593553779264214,-0.5264133110367893,0.5279588963210703,-0.36251737792642136,-0.2200150668896321,-0.7357496220735785,0.22422117056856186,-0.0381616889632107,0.9608101036789297,-0.15811751839464883,0.26493217056856183,0.24211620735785955,0.912659,-0.19521672575250837,0.35178517056856184,0.3463081036789297,0.8395242307692308,-0.22674110367892977,0.355349652173913,0.34740710367892974,0.7591305183946488,-0.42028310367892974
284,0.5514605484949833,0.32541309030100335,0.5591187224080267,-0.5265316387959866,0.5280576387959867,-0.36222847826086957,-0.2200228193979933,-0.7358049096989967,0.2240524515050167,-0.038276548494983284,0.9608409096989966,-0.1580901806020067,0.26481484615384615,0.24204827090301004,0.9127108193979933,-0.19522509030100335,0.3517200903010034,0.34628709030100335,0.8395649096989967,-0.2266941806020067,0.3552341806020067,0.34733427090301006,0.7592586387959867,-0.42021027090301005
285,0.5516145785953177,0.32538228428093646,0.5588722742474915,-0.5266548628762542,0.5281808628762541,-0.36191991304347826,-0.22008443143812711,-0.7358357157190636,0.22389842140468227,-0.038430578595317726,0.9608717157190635,-0.1580285685618729,0.2647219230769231,0.24195585284280935,0.912772431438127,-0.19519428428093646,0.3516892842809365,0.34625628428093647,0.8395957157190636,-0.2266325685618729,0.3551725685618729,0.3472418528428094,0.7593818628762542,-0.4201178528428094
286,0.5517420869565217,0.3252188695652174,0.5588645217391304,-0.526672,0.528383652173913,-0.3617443913043478,-0.220093,-0.7357869565217392,0.223877,-0.03847852173913043,0.960876,-0.1580995652173913,0.26473595652173915,0.2418634347826087,0.912781,-0.19524304347826088,0.35171152173913045,0.34614591304347825,0.8396265217391304,-0.2267035652173913,0.35513747826086955,0.347229,0.759399,-0.42015804347826086
287,0.5518653110367894,0.3250340334448161,0.5588953277591974,-0.526672,0.5285992943143812,-0.3615903612040134,-0.220093,-0.7357253444816053,0.223877,-0.038509327759197326,0.960876,-0.15819198327759199,0.2647672675585284,0.24177101672240803,0.912781,-0.19530465551839465,0.35174232775919734,0.3460226889632107,0.8396573277591973,-0.22679598327759198,0.35510667224080267,0.347229,0.759399,-0.4202196555183947
288,0.5519071337792643,0.32503913377926424,0.5588447324414716,-0.5266448662207358,0.5286525785953178,-0.361572,-0.21998446488294315,-0.735718,0.22384986622073577,-0.03840446488294314,0.960876,-0.15831153511705687,0.264771,0.24186853511705686,0.9127267324414715,-0.1954209799331104,0.3517188662207358,0.34611653511705687,0.8396067324414715,-0.22688840133779264,0.3549668862876254,0.3473104013377927,0.759399,-0.4202812675585284
289,0.5519379397993311,0.32506993979933113,0.5587831204013378,-0.5266140602006689,0.528683889632107,-0.361572,-0.21986124080267558,-0.735718,0.22381906020066888,-0.03828124080267559,0.960876,-0.15843475919732442,0.264771,0.2419917591973244,0.9126651204013377,-0.19554470903010035,0.3516880602006689,0.3462397591973244,0.8395451204013378,-0.2269808193979933,0.35481235117056853,0.34740281939799333,0.759399,-0.4203428795986622
290,0.551968745819398,0.325128491638796,0.558610525083612,-0.526694237458194,0.5287424916387959,-0.36140552508361207,-0.21976576254180602,-0.735801237458194,0.223788254180602,-0.03821350836120401,0.960876,-0.158474745819398,0.264771,0.24205949163879598,0.912631254180602,-0.195612491638796,0.3516290535117057,0.3463079464882943,0.839511254180602,-0.22704549163879598,0.354713762541806,0.34738425418060204,0.759399,-0.42040449163879595
291,0.5519995518394649,0.32519010367892975,0.5584256889632107,-0.5267866555183947,0.5288041036789297,-0.36122068896321075,-0.21967334448160536,-0.7358936555183947,0.22375744816053514,-0.03815189632107023,0.960876,-0.15850555183946488,0.264771,0.24212110367892978,0.9126004481605351,-0.19567410367892976,0.3515669364548495,0.3463700635451505,0.839480448160535,-0.22710710367892978,0.3546213444816053,0.34735344816053515,0.759399,-0.4204661036789297
292,0.5520303578595318,0.3252517157190636,0.5583542842809365,-0.5268511806020066,0.5288373578595318,-0.36129107357859536,-0.21955210367892977,-0.7358726421404682,0.22381171571906355,-0.03811864214046823,0.9608476421404681,-0.15864978929765888,0.2649978628762542,0.242126,0.9125129264214047,-0.19582078929765886,0.3517326120401338,0.3462894615384615,0.8393924615384615,-0.2273105050167224,0.35475578929765883,0.34729428428093645,0.7592572107023412,-0.4206695050167224
293,0.5520611638795986,0.32531332775919736,0.5582926722408027,-0.5269132976588629,0.5288681638795986,-0.361383491638796,-0.2194283745819398,-0.7358418361204014,0.22387332775919733,-0.03808783612040134,0.9608168361204014,-0.15880381939799332,0.2652443110367893,0.242126,0.912420508361204,-0.1959748193979933,0.3519179531772575,0.34619653846153847,0.8392995384615385,-0.22752614715719063,0.3549098193979933,0.3472326722408027,0.7591031806020068,-0.4208851471571906
294,0.5520050602006689,0.3254333545150502,0.558289,-0.5268585852842809,0.5288120602006688,-0.36162075919732445,-0.2193630602006689,-0.7357820602006689,0.2241666989966555,-0.037941150501672245,0.9607280903010034,-0.15895832441471572,0.26554869899665556,0.2422133846153846,0.9122696755852843,-0.19612884949832776,0.35213178929765887,0.3461620301003345,0.8391781204013378,-0.22771281939799332,0.35503535451505014,0.3471710602006689,0.7589781204013378,-0.4210433244147157
295,0.5519434481605351,0.32555708361204017,0.558289,-0.5267964682274248,0.5287504481605351,-0.36186720735785954,-0.21930144816053512,-0.7357204481605351,0.2244747591973244,-0.0377871204013378,0.9606356722408027,-0.1591128595317726,0.26585675919732443,0.24230630769230768,0.9121151404682274,-0.1962828795986622,0.3523474314381271,0.34613122408026753,0.8390548963210702,-0.22789765551839464,0.3551590836120401,0.34710944816053513,0.7588548963210703,-0.4211978595317726
296,0.551941,0.32562116387959866,0.5583185819397993,-0.5267348361204014,0.528748,-0.3620549765886288,-0.21918067224080268,-0.7356588361204014,0.22472414046822742,-0.03769225418060201,0.960543254180602,-0.15926690969899668,0.26619488628762544,0.24222076923076924,0.912020254180602,-0.19640732775919734,0.35259265551839464,0.345952508361204,0.838961254180602,-0.228082491638796,0.3554598193979933,0.34689992642140466,0.7587020903010033,-0.421381491638796
297,0.551941,0.32568277591973244,0.5583493879598662,-0.5266732240802676,0.528748,-0.36224031772575255,-0.21905744816053513,-0.7355972240802676,0.22497109364548495,-0.03759983612040134,0.9604508361204014,-0.1594209397993311,0.2665342575250836,0.24212784615384617,0.9119278361204014,-0.19653055183946488,0.35283910367892973,0.3457676722408027,0.8388688361204014,-0.22826732775919734,0.3557678795986622,0.34668428428093645,0.7585480602006689,-0.42156632775919733
298,0.5518806120401337,0.325684,0.558621745819398,-0.5264606421404682,0.5287178060200669,-0.36266671571906356,-0.21899461204013376,-0.7354143411371238,0.22539871571906356,-0.03762819397993311,0.9603282240802675,-0.15960516387959867,0.26705429765886285,0.24203541806020068,0.9117750301003344,-0.19662358193979934,0.3532974046822743,0.3455224481605351,0.8387160301003345,-0.22845265886287627,0.35616652173913044,0.3465290301003344,0.7583336421404682,-0.42175116387959866
299,0.551819,0.325684,0.558899,-0.526245,0.528687,-0.363098,-0.218933,-0.735229,0.22583,-0.037659,0.960205,-0.15979,0.267578,0.241943,0.911621,-0.196716,0.35376,0.345276,0.838562,-0.228638,0.356567,0.346375,0.758118,-0.421936
