timestep,imu0_w,imu0_x,imu0_y,imu0_z,imu1_w,imu1_x,imu1_y,imu1_z,imu2_w,imu2_x,imu2_y,imu2_z,imu3_w,imu3_x,imu3_y,imu3_z,imu4_w,imu4_x,imu4_y,imu4_z,imu5_w,imu5_x,imu5_y,imu5_z
0,0.67364501953125,0.312744140625,-0.6519775390625,-0.15252685546875,0.988037109375,0.1190185546875,-0.055908203125,-0.0799560546875,-0.52978515625,-0.32122802734375,0.7794189453125,-0.0926513671875,-0.37799072265625,-0.15032958984375,0.80438232421875,-0.43292236328125,-0.228515625,-0.18255615234375,0.89678955078125,-0.3319091796875,-0.23394775390625,-0.04534912109375,0.86993408203125,-0.43170166015625
1,0.6737442271765259,0.3123969138665343,-0.6519775390625,-0.15257645929138797,0.987987505552362,0.11926657380068979,-0.05600741077027592,-0.08005526233277592,-0.5296859486047241,-0.32122802734375,0.7795181529577759,-0.09230414042903429,-0.37804032647888797,-0.1502303821984741,0.8045311356866639,-0.43262474034542225,-0.228515625,-0.1824569446984741,0.8968887584265259,-0.33161155675167225,-0.23399735772888797,-0.04520030962583612,0.8700828934991639,-0.43140403722042225
2,0.67376708984375,0.31231689453125,-0.6519775390625,-0.152587890625,0.9880142467077759,0.11936190295777592,-0.0556485485472408,-0.07992543504389632,-0.5295485684704222,-0.3213807172998537,0.779541015625,-0.09222412109375,-0.3779754128344482,-0.15036020948735368,0.8045654296875,-0.43259432483277593,-0.22843928002194816,-0.18258677198735368,0.89691162109375,-0.33154296875,-0.2339706165734741,-0.04531870558110368,0.8700790150109741,-0.43133544921875
3,0.6737938309991639,0.3122901533758361,-0.6519775390625,-0.15250766715875835,0.988037109375,0.11935802446958613,-0.05547340418582776,-0.07991420784124163,-0.5294532393133361,-0.32139194450250835,0.7795944979358278,-0.09222412109375,-0.3779296875,-0.15034469553459448,0.8045654296875,-0.4326171875,-0.22836681353208613,-0.18257125803459448,0.8969383622491639,-0.3315697099054139,-0.23386753044000835,-0.04549037971624164,0.8700294111883361,-0.4314691549958194
4,0.6738893642872074,0.3122099299095945,-0.6519775390625,-0.15229761640363712,0.9880524191968019,0.11921656171613712,-0.05557261183110368,-0.07997116037834448,-0.5293577060252926,-0.32122782321279264,0.7797243252247074,-0.09231598002456104,-0.37786844821279264,-0.1501309704222408,0.8045654296875,-0.43269373660900917,-0.22828659006584448,-0.18238815256584448,0.8969573464281981,-0.33168055301525917,-0.23377995825930184,-0.04553202243154264,0.8699185680784908,-0.43177841339621653
5,0.674072265625,0.31207275390625,-0.6519775390625,-0.1519775390625,0.98809814453125,0.118896484375,-0.0556640625,-0.079833984375,-0.5291709261993102,-0.3210565573395694,0.7798994695861204,-0.09263687388952759,-0.3776739114104306,-0.1499139792145694,0.8045499157347408,-0.4329572696749582,-0.2281532925506898,-0.18227424749163879,0.896892228652801,-0.3319440860812082,-0.23382568359375,-0.04534912109375,0.86968994140625,-0.43218994140625
6,0.674072265625,0.31207275390625,-0.6519775390625,-0.1519775390625,0.98809814453125,0.118896484375,-0.0556640625,-0.079833984375,-0.5291213223766722,-0.3212053688074833,0.7798002619408445,-0.0932321197611831,-0.3775250999425167,-0.15006279068248327,0.804351500444189,-0.4334037040786998,-0.22820289637332775,-0.18257187042746656,0.8966442095396112,-0.3323905204849498,-0.23382568359375,-0.04534912109375,0.86968994140625,-0.43218994140625
7,0.67436662246551,0.3116101931568771,-0.6518934371080686,-0.15185138613085283,0.98809814453125,0.11881238242056856,-0.05587431738607859,-0.07974988242056856,-0.5288614636679557,-0.32110187441210286,0.7800374621132943,-0.09290224413409282,-0.3774603904290343,-0.14979109237823995,0.80461564590301,-0.4330511699153428,-0.22808429628710283,-0.18223872870505853,0.8968587511757943,-0.33212208827602424,-0.23390978554818143,-0.04539117207096572,0.8697319923834658,-0.43206378847460286
8,0.67449951171875,0.3114013671875,-0.65185546875,-0.15179443359375,0.988190003462061,0.11843759798285954,-0.055632422201609535,-0.07934447833925586,-0.5287169389501464,-0.3212286397366221,0.7800901279002926,-0.0929879791361831,-0.37734954731918896,-0.14987254063022576,0.804656676225439,-0.43307566563022576,-0.22808858303720736,-0.18234344788618312,0.8968501776755853,-0.3320926934181647,-0.23394775390625,-0.04541015625,0.8697509765625,-0.4320068359375
9,0.6746146415786999,0.31122867239757523,-0.6518170921300167,-0.15179443359375,0.9882428733800167,0.1182565338236831,-0.05537460480246655,-0.07909462204744984,-0.5283986987876255,-0.3215070743624582,0.7801636150449415,-0.09333847198996656,-0.37702804106135035,-0.15012382583873327,0.8046613712374582,-0.43326938590875835,-0.22803428420255017,-0.18269394073996656,0.8967477039349916,-0.3321759788487667,-0.2338901889762751,-0.04550609779995819,0.8697893531824833,-0.43194927100752506
10,0.6749122645145276,0.3107977519465928,-0.6517256414611204,-0.15175564871185201,0.9881669366638796,0.11851373882995402,-0.055627318927675584,-0.07929916126672241,-0.5277399681882317,-0.321677523711852,0.7805030848270276,-0.09345931751672241,-0.3765181219298704,-0.15015322069659282,0.804909390350648,-0.433188754180602,-0.2277676891722408,-0.18279151533758362,0.8968205786867683,-0.3320612572507316,-0.23375689146112041,-0.04565327622021321,0.8698963178041388,-0.431784945586852
11,0.6752098874503554,0.3104505251881271,-0.6516760376384825,-0.1515076295986622,0.9882165404865175,0.11801770060357442,-0.056172960976693144,-0.07900153833089466,-0.5275415528976798,-0.3214295045986622,0.7808007077628554,-0.09316169458089466,-0.3764685181072324,-0.1498059939381271,0.8051574094638377,-0.4329407350674122,-0.2276684815269649,-0.18234508093384197,0.8970189939773202,-0.3318628419601798,-0.23370728763848245,-0.045256445639109535,0.8700451292720527,-0.4315369264736622
12,0.67523193359375,0.3104248046875,-0.65167236328125,-0.1514892578125,0.98822021484375,0.11798095703125,-0.05621337890625,-0.0789794921875,-0.5273890670725334,-0.32154892120871653,0.7807768244408445,-0.09373673148777174,-0.3764189142845945,-0.14991806183371656,0.8049920633883779,-0.43328979900449416,-0.22784485067412208,-0.18244980011496656,0.8968499735446279,-0.33221558025449416,-0.23384140167746656,-0.04541076864287207,0.8698265050167224,-0.43188599041074416
13,0.6754734205163043,0.31032131029211957,-0.651534370754076,-0.15124777088994565,0.9882892111073369,0.11735999065896739,-0.056730850883152176,-0.0786690090013587,-0.5271022630774457,-0.32138724949048914,0.7810032056725543,-0.09389860733695653,-0.3762313179347826,-0.1496528957201087,0.805069633152174,-0.43337614639945654,-0.22769828464673914,-0.1821846340013587,0.8968930451766305,-0.33233642578125,-0.23395571501358695,-0.04526420261548913,0.8696819802989131,-0.4321793265964674
14,0.6758667808711329,0.3102186324205686,-0.6512667550689799,-0.15083134373693563,0.9883653519544314,0.11655938904420987,-0.057405707828177256,-0.07843017578125,-0.5267781031171613,-0.32115882694920567,0.7812812320364757,-0.09410273829431438,-0.37602943241795567,-0.14927566171091136,0.80517578125,-0.4334649433659072,-0.22751599570181857,-0.18180739999216136,0.8969495894518186,-0.3324978933685201,-0.23380118787886706,-0.044828178890572744,0.8696750398463629,-0.4323350785169314
15,0.67620849609375,0.3101806640625,-0.6510009765625,-0.15045166015625,0.9884033203125,0.11602783203125,-0.057861328125,-0.07843017578125,-0.5265851993624582,-0.3211263701269858,0.781374928145903,-0.09452896373327759,-0.3759853401311664,-0.14912929981448578,0.805117603927153,-0.4336896915499582,-0.22757111106030517,-0.18167267356030517,0.8968650792354724,-0.3327869428041388,-0.2335641918373746,-0.044454006845735784,0.869692799239653,-0.43241958873327757
16,0.6762099250104515,0.31018086819345736,-0.6509999559077132,-0.15044900645380435,0.9884035244434574,0.11602538245976171,-0.05786153225595736,-0.07843037991220736,-0.5267319695207985,-0.3214701266591764,0.7811295627351589,-0.09472758315478678,-0.37628051349550584,-0.149472239822847,0.8048712178616221,-0.43383870714882944,-0.22796487967704848,-0.1820654215222617,0.8966678887306647,-0.33288696697324416,-0.23400736014579848,-0.04479715098505435,0.8694460049122074,-0.4326182081547868
17,0.6765571517689172,0.3102304720160953,-0.6507519367945234,-0.14980415675951086,0.9884531282660953,0.11543013658810619,-0.05791113607859532,-0.07847998373484531,-0.5263847427623328,-0.32097408843279684,0.7815263933162625,-0.09497560226797659,-0.3759828905596781,-0.14877778630591557,0.805020029329536,-0.43403712243938125,-0.22761765291858277,-0.1814701756506062,0.8967670963759407,-0.3331845899090719,-0.23366013338733277,-0.04415230129076087,0.8694956087348453,-0.4328662272679766
18,0.6766357421875,0.31024169921875,-0.65069580078125,-0.149658203125,0.9885027320887333,0.11537216339621656,-0.057576973701400504,-0.0784912109375,-0.5264212822036999,-0.32109207612614965,0.7814243278375836,-0.09507011490123328,-0.3761074104436664,-0.14885086518864968,0.8049002044575669,-0.43408203125,-0.22773094559991638,-0.18156570893864968,0.8966744209213001,-0.333251953125,-0.23385017930863294,-0.044274983996132944,0.8693917060775501,-0.4329607399012333
19,0.6767974139057275,0.31029558979149247,-0.6505880196357651,-0.14933485968854515,0.9884984453386287,0.11525580875052258,-0.05766944502508361,-0.07862593736935619,-0.5263275860942725,-0.3209855197664089,0.7814996521608487,-0.09522749986935619,-0.37624764841137126,-0.14887903526076504,0.8047556797397575,-0.4342167576818562,-0.22768256656302258,-0.18140526200616638,0.8966333905988713,-0.33344057012959866,-0.23398184377612877,-0.04432581260451505,0.8692428946096363,-0.43314507015572745
20,0.6770950368415551,0.3103947974367684,-0.650374090392454,-0.14873961381688963,0.9884798694215092,0.11495818581469482,-0.0580599475465092,-0.07885844252978678,-0.5260609910639632,-0.3206476830319816,0.7817848231082776,-0.09547551898254598,-0.37620416851745403,-0.14855650834813963,0.8047185279055183,-0.43446477679504597,-0.2274469994382316,-0.1809837315792224,0.8966519665159908,-0.3337722829353052,-0.23383915623693563,-0.04400328569188963,0.869140625,-0.43342717913879597
21,0.6773681640625,0.31048583984375,-0.650146484375,-0.148193359375,0.988525390625,0.11468505859375,-0.05810546875,-0.07904052734375,-0.5258911541074415,-0.3205933841973244,0.7819009736230143,-0.09571945547658862,-0.37598472773829433,-0.1480388322402801,0.8047932398359113,-0.43470054805079433,-0.22737228750783864,-0.18087982892192725,0.8965901148359113,-0.33405765801369147,-0.23354092090823578,-0.04349785744147157,0.8691283771425585,-0.43366295039454433
22,0.6773681640625,0.31048583984375,-0.650146484375,-0.148193359375,0.988525390625,0.11468505859375,-0.05810546875,-0.07904052734375,-0.5260399655753554,-0.32103981860106606,0.7816529545098244,-0.09591787076714046,-0.3760839353835702,-0.14838605899874582,0.8045948245453596,-0.4347997556960702,-0.22757070279839048,-0.18127665950303093,0.8963916995453596,-0.3342064694816054,-0.23378894002142558,-0.04399389566785117,0.8689795656746446,-0.4337621580398202
23,0.6776216947115384,0.3104435847355769,-0.6500197190504807,-0.14777080829326922,0.988525390625,0.11443152794471154,-0.05810546875,-0.07895601712740384,-0.5258507361778846,-0.3207256610576923,0.7818697415865384,-0.09598952073317307,-0.3759718674879808,-0.14797269381009615,0.8046921950120193,-0.4348567082331731,-0.2273888221153846,-0.18091289813701922,0.8964890700120193,-0.3343552809495192,-0.23365666316105768,-0.04360257662259615,0.8689997746394231,-0.43386136568509615
24,0.677734375,0.3104248046875,-0.64996337890625,-0.1475830078125,0.988556214399561,0.11438049520537208,-0.05813629252456104,-0.07854857173651757,-0.5256335408392558,-0.32067993572324416,0.782013245649561,-0.09616241965405518,-0.3758230560200669,-0.14792023215405517,0.8046868876071279,-0.43499878337949416,-0.22720245055131688,-0.18087921652905517,0.8964837626071279,-0.3345040924174331,-0.23358154296875,-0.043611762515677256,0.8689569071383779,-0.43402222087949416
25,0.677753767440949,0.310289057600857,-0.650002163788148,-0.14754422293060201,0.988567033340301,0.11449909529159699,-0.05816650390625,-0.07832178224289298,-0.5255126953125,-0.32072321148620403,0.782062849472199,-0.09619712191680602,-0.375635459670255,-0.148090681503449,0.804723427048495,-0.43506145158340304,-0.227169993729097,-0.18093331123275502,0.896462124725648,-0.334497764357755,-0.233523365645903,-0.04388141951034699,0.868954661697847,-0.434046104201505
26,0.67779541015625,0.3099816363790761,-0.650101371433424,-0.14742113196331522,0.9885333517323369,0.11461606233016304,-0.05816650390625,-0.07857347571331522,-0.5254569675611414,-0.320564601732337,0.7821442977241848,-0.095947265625,-0.3754431683084239,-0.14809251868206522,0.8049236795176631,-0.434928562330163,-0.22726307744565216,-0.18074101987092392,0.8965533712635869,-0.33428955078125,-0.23341435971467392,-0.043958581012228264,0.8690716287364131,-0.433845851732337
27,0.67779541015625,0.3098824287338002,-0.6502005790786999,-0.1471731128501254,0.9885829555549749,0.11456645850752509,-0.05816650390625,-0.07832545660012542,-0.5251097408026756,-0.32061420555497494,0.7823923168373745,-0.095947265625,-0.3755423759536998,-0.1478444995688754,0.8048740756950251,-0.43487895850752506,-0.22706466215510032,-0.18084022751619983,0.8966029750862249,-0.33428955078125,-0.23351356735994983,-0.043660958076400504,0.8690220249137751,-0.43389545555497494
28,0.67779541015625,0.30987548828125,-0.65020751953125,-0.14715576171875,0.98858642578125,0.11456298828125,-0.05816650390625,-0.07830810546875,-0.5249470484296613,-0.3208022101667015,0.78240966796875,-0.09608566641408862,-0.37531864842443563,-0.14810395001567725,0.8049167390651129,-0.43492162187761285,-0.22682011326818563,-0.18107783595056437,0.8966064453125,-0.33438181797397576,-0.23342824061977424,-0.04400920548965301,0.8690185546875,-0.43389892578125
29,0.6778648146817516,0.31001429733225333,-0.6501728172684992,-0.1468781436167433,0.9886211280440008,0.11407715660273829,-0.05844412200825669,-0.07827340320599917,-0.5248329392244984,-0.320653602829745,0.7825137747570025,-0.09630388240750418,-0.375035927048495,-0.14805455032399664,0.8048622360994984,-0.43531824832775917,-0.22667620094324833,-0.18094413017349498,0.8965717430497492,-0.334619834670255,-0.2332943307117475,-0.04402431118049749,0.8688450433737458,-0.43431535293426005
30,0.6779640223270276,0.31007308704797243,-0.6501232134458612,-0.14655112582305602,0.9886474609375,0.11340597401494565,-0.05914347466816471,-0.0782470703125,-0.5246871897209449,-0.3204257926813336,0.7826625862249164,-0.09664498523724917,-0.3748779296875,-0.14783286410430602,0.8048328412416388,-0.43560791015625,-0.2265769932979724,-0.18069304909594483,0.8964988682979724,-0.33494072853522155,-0.23321533203125,-0.043805686925167224,0.8687366498353888,-0.43463134765625
31,0.67803955078125,0.30999755859375,-0.65008544921875,-0.1463623046875,0.9886474609375,0.1129150390625,-0.0599365234375,-0.0782470703125,-0.5245361328125,-0.3203125,0.78277587890625,-0.09698486328125,-0.37484241090091974,-0.14764404296875,0.8048469262776965,-0.4356789477294105,-0.22650146484375,-0.1805419921875,0.89642333984375,-0.335205078125,-0.23322717162677675,-0.04359094115802675,0.868727055680393,-0.4347023852294105
32,0.6780411838289089,0.30999633380800584,-0.6500846326949206,-0.1463623046875,0.9886474609375,0.11291054818143813,-0.05994387215196488,-0.07824747857441472,-0.5245344997648411,-0.3203120917380853,0.7827771036919942,-0.09698731285273829,-0.37469196638534696,-0.14764363470683528,0.8047501682039089,-0.43597412109375,-0.22650024005800584,-0.18054117566367056,0.8964237481056647,-0.3352067111726589,-0.23327473413984115,-0.04363972845683529,0.8685310899613294,-0.43499674206992056
33,0.6782395991194607,0.309847522340092,-0.6499854250496446,-0.1463623046875,0.9886474609375,0.11236490613242058,-0.06083674095944816,-0.07829708239705267,-0.5243360844742893,-0.3202624879154473,0.7829259151599081,-0.09728493578856605,-0.37434473962688125,-0.1475940308841973,0.8049485834944607,-0.43597412109375,-0.22635142859009197,-0.18044196801839466,0.8964733519283027,-0.3354051264632107,-0.2330763188492893,-0.04359012463419733,0.8686302976066054,-0.4348975344246446
34,0.67828369140625,0.309814453125,-0.64996337890625,-0.1463623046875,0.9886474609375,0.11224365234375,-0.06103515625,-0.07830810546875,-0.524176249934678,-0.32017430334186875,0.7829975651259407,-0.09750539722251254,-0.374267578125,-0.1475830078125,0.80499267578125,-0.43597412109375,-0.22612545562029682,-0.18034276037311872,0.896484375,-0.33552638025188125,-0.2330322265625,-0.0435791015625,0.86865234375,-0.43487548828125
35,0.6783108408235786,0.3097601542903428,-0.6499362294889214,-0.1463894541048286,0.9886203115201714,0.11213505467443562,-0.061578144596571904,-0.07836240430340718,-0.5240817373014214,-0.3201565439485786,0.7830471689485786,-0.09754091600909282,-0.37396893453438546,-0.1475830078125,0.805128422867893,-0.4359469716764214,-0.2259860341764214,-0.1802978515625,0.8965115244173286,-0.3355169902278428,-0.23276073238921405,-0.04363340039715719,0.8687609414193144,-0.4347940400292642
36,0.6783132903950669,0.3097238189799331,-0.6499180618337166,-0.14640762176003344,0.9886021438649666,0.11187376704901755,-0.06238160404473244,-0.0784616119486831,-0.5239378249764841,-0.32014327543635035,0.7831596451060828,-0.09753601686611622,-0.37361190948996653,-0.1475830078125,0.8052664153950669,-0.4359445221049331,-0.2257792495166179,-0.18028213347878344,0.8965768463236831,-0.33549637300114965,-0.23243759308371656,-0.04371688995871655,0.8688807662912834,-0.43473953706364965
37,0.67822265625,0.309814453125,-0.64996337890625,-0.1463623046875,0.9886474609375,0.11151123046875,-0.062744140625,-0.07855224609375,-0.5235905982180183,-0.3200116109688545,0.7834076642192725,-0.09773443215666806,-0.37361007231135035,-0.14758729456260453,0.8051972150005225,-0.4360394430001045,-0.22524218096780937,-0.18024967665656355,0.89666748046875,-0.33564518446906355,-0.23244861615541387,-0.04377935403166806,0.8688397359688546,-0.43487548828125
38,0.67822265625,0.309814453125,-0.64996337890625,-0.1463623046875,0.9886474609375,0.11151123046875,-0.062744140625,-0.07855224609375,-0.5232433714595527,-0.32006121479149247,0.7836556833324624,-0.0979328474472199,-0.37306443026233277,-0.14763689838524247,0.8054452341137124,-0.43608904682274247,-0.22479574656406773,-0.18039848812447742,0.89666748046875,-0.33579399593697745,-0.2320517855743102,-0.043977769322219896,0.8688893397914925,-0.43487548828125
39,0.6782651154891305,0.30985691236413043,-0.64996337890625,-0.14615000849184784,0.9886474609375,0.11117155655570653,-0.06325365149456522,-0.07850978685461957,-0.5231509001358695,-0.31989852241847827,0.7837763247282609,-0.09804634425951086,-0.37290092136548914,-0.14747420601222827,0.8054384977921195,-0.4363509468410326,-0.2247314453125,-0.18025008491847827,0.89666748046875,-0.3359428074048913,-0.23195216966711957,-0.043836510699728264,0.8688540251358695,-0.4350028659986413
40,0.6784698588393604,0.3098134324702132,-0.6498392672841764,-0.14593301728417643,0.9886474609375,0.11089883759667642,-0.06341450668896322,-0.0784912109375,-0.5229771846911581,-0.3197621629389632,0.7839065602790551,-0.09817657981030518,-0.372708630003658,-0.14721373491063963,0.8055130055915551,-0.4364003465327132,-0.22460733369042643,-0.18002064172240803,0.8966985083742683,-0.3361226467783236,-0.2319025658444816,-0.043638095409176424,0.86883544921875,-0.4350896216555184
41,0.67864990234375,0.30975341796875,-0.64971923828125,-0.14581298828125,0.9886474609375,0.11077880859375,-0.0633544921875,-0.0784912109375,-0.5228271484375,-0.3197021484375,0.78399658203125,-0.0982666015625,-0.37259778689381273,-0.14713167426578178,0.8055638341999373,-0.43637952517506273,-0.2244873046875,-0.17987060546875,0.896728515625,-0.33624267578125,-0.2319509448813754,-0.04365524240959448,0.868776659503031,-0.4351980151938754
42,0.6787070590118102,0.3097207570155727,-0.6496784120897784,-0.14577216208977842,0.9886637914140887,0.1107216519256898,-0.0632973355194398,-0.07845854998432274,-0.5227944874843228,-0.31969398319920567,0.7840210777461329,-0.09828293203908862,-0.3726806640625,-0.14729804099602842,0.8054646265546613,-0.43650322853522155,-0.22446280897261706,-0.1798624402304557,0.896728515625,-0.3362590062578386,-0.23207587302727842,-0.04387999059364549,0.8686768394648829,-0.43533927381636706
43,0.6790542857702759,0.3095223417250209,-0.6494303929765887,-0.14552414297658864,0.9887629990593646,0.11037442516722408,-0.06295010876097408,-0.07826013469377091,-0.5225960721937709,-0.3196443793765677,0.7841698892140468,-0.09838213968436454,-0.3726806640625,-0.14705002188283864,0.8053654189093854,-0.4367512476484114,-0.22431399750470318,-0.17981283640781773,0.896728515625,-0.33635821390311454,-0.23182785391408864,-0.04348316001254181,0.8688256509327968,-0.43519046234845316
44,0.6790771484375,0.30950927734375,-0.6494140625,-0.1455078125,0.98876953125,0.1103515625,-0.06292724609375,-0.0782470703125,-0.5229073719037416,-0.3197337887358905,0.7839016611360786,-0.09871303596624163,-0.3726806640625,-0.14703369140625,0.80535888671875,-0.436767578125,-0.22476757649195234,-0.1799485834944607,0.8964041515337584,-0.33682812336695234,-0.23227490071070234,-0.043642382159280936,0.8685110851275084,-0.4355977036083821
45,0.6794960251619984,0.30916021340666805,-0.6492046241377508,-0.1454030933188754,0.9887346248562918,0.1103515625,-0.06317159084970736,-0.07852632146216555,-0.5226262835754598,-0.3196584644126254,0.7841276341058737,-0.09853666681908445,-0.3727155704562082,-0.14685915943770902,0.8054985122935828,-0.4365581397627508,-0.22460039323787626,-0.17967851823787626,0.8965805206809155,-0.33666094011287623,-0.232421875,-0.04352663990645903,0.8685129223061245,-0.4355205421065008
46,0.6800208458533654,0.30868765024038464,-0.6489070012019231,-0.14537165715144232,0.98870849609375,0.11049241286057693,-0.06307279146634616,-0.07887620192307693,-0.5222449669471154,-0.3197209284855769,0.7843862680288461,-0.09816331129807693,-0.3725773737980769,-0.14668156550480768,0.8057908278245193,-0.43619009164663464,-0.22424785907451922,-0.179443359375,0.8968599759615384,-0.3363084059495192,-0.23228102463942307,-0.043302095853365384,0.8687556340144231,-0.43512901893028844
47,0.68035888671875,0.308349609375,-0.648681640625,-0.14544677734375,0.98870849609375,0.1107177734375,-0.0626220703125,-0.0791015625,-0.5220706391095318,-0.3199462890625,0.7844358718514841,-0.09793652180445234,-0.3722903656720318,-0.1466184890389841,0.80609130859375,-0.4358761382342182,-0.2240480148672659,-0.179443359375,0.8969485687970318,-0.33618082410117056,-0.2320436203360159,-0.043175942921718224,0.8689944672345318,-0.43478954914820234
48,0.6803619486831104,0.30834348544627926,-0.6486810282321279,-0.1454492269152383,0.9887078837008779,0.11072267258047659,-0.06261717116952341,-0.07910095010712792,-0.5219702066785117,-0.31994812624111624,0.7844867004598662,-0.0980767597721572,-0.3721917704196279,-0.14666625568300584,0.8060931457723662,-0.43597105912938966,-0.22399779865175584,-0.17944213458925584,0.8968536479018604,-0.3364190449284072,-0.23199462890625,-0.043272700995505856,0.8689001587322325,-0.43493039950877926
49,0.6806099677963001,0.30784744721989965,-0.64863142440949,-0.14564764220579013,0.98865827987824,0.11111950316158027,-0.062220340588419736,-0.07905134628448997,-0.5217717913879598,-0.3200969377090301,0.7846355119277801,-0.09753111772313963,-0.37214216659698995,-0.14656704803772994,0.8062419572402801,-0.4357230400161998,-0.22389859100647994,-0.17934292694397994,0.8971016670150501,-0.33587340287938966,-0.23199462890625,-0.043173493350229936,0.8691977816680602,-0.43443436128239965
50,0.680896771791388,0.3073514089935201,-0.6484654659411581,-0.14588484237823995,0.988569891173704,0.11167147327027592,-0.062250143708193977,-0.07915688198944398,-0.5215733760974081,-0.320168179413148,0.7847843233956939,-0.09725696984740803,-0.372014993010556,-0.14658419503814799,0.806545908235786,-0.4352810964935201,-0.223799383361204,-0.17920493441680602,0.897233331482546,-0.335638039885556,-0.23203341378814799,-0.043074285704954016,0.869340265076296,-0.434171032347408
51,0.6810302734375,0.30712890625,-0.64837646484375,-0.14599609375,0.988580097721572,0.11180170882107024,-0.06204335904839047,-0.07911421861935619,-0.521484375,-0.3201904296875,0.78485107421875,-0.09716796875,-0.371975595735786,-0.14646967757107024,0.806646953059678,-0.4351953614914298,-0.2237548828125,-0.17913818359375,0.89727783203125,-0.3355712890625,-0.2320556640625,-0.04300243160796405,0.8693027049801422,-0.4342187989914298
52,0.6811417289402174,0.3070015285326087,-0.6483127759850543,-0.14605978260869565,0.988663383152174,0.11168106742527174,-0.06151547639266305,-0.07889988111413043,-0.5214206861413043,-0.3201745074728261,0.7848988408627717,-0.09712020210597826,-0.3719455884850543,-0.1461738918138587,0.8066273564877717,-0.43536376953125,-0.22367527173913043,-0.17907449473505435,0.8973255986752717,-0.3355553668478261,-0.23200789741847827,-0.042936905570652176,0.8692971934442935,-0.4342439070991848
53,0.68145751953125,0.306640625,-0.64813232421875,-0.146240234375,0.98870849609375,0.11181640625,-0.06097412109375,-0.07867431640625,-0.5212626887803093,-0.3200979583638169,0.7850296888064381,-0.0970342629729306,-0.37176513671875,-0.14581298828125,0.8067626953125,-0.43536376953125,-0.22344970703125,-0.17889404296875,0.8974609375,-0.33551025390625,-0.2318905221179975,-0.04282422528219064,0.8695364349263169,-0.43388279943561875
54,0.68145751953125,0.306640625,-0.64813232421875,-0.146240234375,0.98870849609375,0.11181640625,-0.06097412109375,-0.07867431640625,-0.5215107078934992,-0.31975073160535117,0.7849800849838001,-0.09757990502194816,-0.37176513671875,-0.14581298828125,0.8067626953125,-0.43536376953125,-0.22344970703125,-0.17889404296875,0.8974609375,-0.33551025390625,-0.23208893740854933,-0.04257620616900084,0.8691892081678512,-0.4343788376619983
55,0.6817988264919523,0.3062139912991221,-0.6479616707383988,-0.14641088785535117,0.98870849609375,0.11177374287991221,-0.06097412109375,-0.07846099955581104,-0.5212041031955477,-0.3198301385477634,0.785186461381689,-0.09722961629912208,-0.37197845356918896,-0.14559967143081104,0.8066773685723244,-0.4354490962714256,-0.22344970703125,-0.17855273600804766,0.8974609375,-0.3355955806464256,-0.23198870910848662,-0.042413513795986624,0.8694392685906146,-0.4339789451165343
56,0.682320585218959,0.30562425696331524,-0.647638327301944,-0.14664053518237877,0.98870849609375,0.11172413905727425,-0.060911657020798496,-0.07849406877090301,-0.5210258968697743,-0.31988525390625,0.7852783203125,-0.0971083625104515,-0.3717892241717182,-0.14547658046352424,0.807015409437709,-0.4350485913330895,-0.22344970703125,-0.17812467339046822,0.8975234015729515,-0.3356947882917015,-0.2319960578229515,-0.04207731010921823,0.86956787109375,-0.43374562343227424
57,0.68267822265625,0.30523681640625,-0.64739990234375,-0.14678955078125,0.98870849609375,0.1116943359375,-0.06085205078125,-0.07861328125,-0.52099609375,-0.31988525390625,0.7852783203125,-0.09716796875,-0.3716794017166597,-0.14530817242370403,0.8072146412520903,-0.4348293546848871,-0.22344970703125,-0.1778564453125,0.8975830078125,-0.33575439453125,-0.2320556640625,-0.04180908203125,0.86956787109375,-0.4337158203125
58,0.6827368082410117,0.30511127586747494,-0.647374794235995,-0.14686487510451504,0.9887001267244984,0.11177802963001672,-0.060785095827236624,-0.07863838935775502,-0.5209877243807484,-0.3199187313832567,0.7852783203125,-0.09710938316523829,-0.37199253860524667,-0.14503626998850336,0.80693498184051,-0.4351580055262333,-0.22344133766199833,-0.17783970657399664,0.897608115920255,-0.3356874395772366,-0.23209751090875835,-0.041783973923494984,0.869592979201505,-0.4336572347277383
59,0.6830840349994775,0.30436721852790555,-0.6472259827680811,-0.1473113095082567,0.9886505229018604,0.11227406785639632,-0.060388265246132944,-0.0787872008256689,-0.5209381205581104,-0.32011714667380853,0.7852783203125,-0.09676215640677258,-0.37189333095997074,-0.14513547763377926,0.8072326047763377,-0.4346619672998537,-0.22339173383936037,-0.17774049892872074,0.8977569273881689,-0.33529060899613294,-0.23234553002194816,-0.041635162455581104,0.8697417906694189,-0.4333100079692726
60,0.68310546875,0.3043212890625,-0.647216796875,-0.1473388671875,0.9886474609375,0.1123046875,-0.06036376953125,-0.07879638671875,-0.5208885167354724,-0.32008285267297243,0.7852783203125,-0.09701997380591555,-0.37188720703125,-0.1451416015625,0.8072509765625,-0.43463134765625,-0.22329558815844483,-0.1777809168582776,0.8976730295646949,-0.33559190628919316,-0.2323142979854724,-0.04167251842077759,0.8696113509876672,-0.43356782536841554
61,0.6832810213733278,0.3039701838158445,-0.6471816863503345,-0.1475495303354933,0.9886474609375,0.11248024012332776,-0.06022332743258779,-0.07869105514475334,-0.5207335813388378,-0.3202088014736622,0.7853836518864966,-0.09672071782242893,-0.3716765438832567,-0.1452118226118311,0.8073914186611622,-0.43452601608225333,-0.2231963805131689,-0.17779541015625,0.8978195955920778,-0.3352720330790134,-0.2322998046875,-0.04168701171875,0.8697434237170778,-0.4332685693849289
62,0.6834816821044105,0.3034978247805184,-0.6471794409098035,-0.1477287573160535,0.9886474609375,0.11268090085441053,-0.06011962890625,-0.07866063963210702,-0.520535166048286,-0.320359858382107,0.785508784163357,-0.09638818849289298,-0.3713789209474289,-0.1452873510660535,0.807589833951714,-0.434353525423286,-0.223097172867893,-0.1778190893473035,0.8979728979410535,-0.3349372583089465,-0.2323234838785535,-0.04171069090980351,0.8698967260660535,-0.4329123608643395
63,0.68359375,0.30316162109375,-0.647216796875,-0.14776611328125,0.9886474609375,0.11279296875,-0.06011962890625,-0.0787353515625,-0.5203000071854097,-0.3204713138848244,0.7856202396660744,-0.09636246799226589,-0.37115478515625,-0.14532470703125,0.8077392578125,-0.4342041015625,-0.2230224609375,-0.1778564453125,0.89801025390625,-0.33489990234375,-0.23226285698421822,-0.041821534019648825,0.8699463298886915,-0.4328370365410744
64,0.68359375,0.3031542723792851,-0.6472200629703178,-0.14776692980507944,0.9886466444136706,0.11279950094063544,-0.060114729763273415,-0.07873861765781773,-0.5199601291414089,-0.3206160427335911,0.7857674180863294,-0.09655026847303512,-0.3711531521085911,-0.14532797312656773,0.8077417073839883,-0.43420001894335286,-0.22301919484218227,-0.17785807836015885,0.8980118869539089,-0.3348950032007734,-0.23187827426055602,-0.042112624764841136,0.8699967502351589,-0.432977682770694
65,0.68359375,0.30270783797554346,-0.6474184782608695,-0.14781653362771738,0.9885970405910326,0.11319633152173914,-0.059817106827445655,-0.07893703294836957,-0.5200593367866848,-0.32051683508831524,0.7858170219089674,-0.09610383406929349,-0.37105394446331524,-0.14552638841711957,0.8078905188519022,-0.433951999830163,-0.22282077955163043,-0.17795728600543478,0.8981110945991848,-0.3345973802649457,-0.23222550101902173,-0.042013417119565216,0.8700959578804348,-0.43263045601222827
66,0.683710717038566,0.3023783706103679,-0.6474609375,-0.14771018139893394,0.9885474367683946,0.11339821703856605,-0.059831395994460704,-0.07921342626463211,-0.5198856213419732,-0.3205345944816054,0.785944603757316,-0.09596931176839466,-0.37103271484375,-0.14537390259197325,0.808039330319816,-0.4337429697298286,-0.2227783203125,-0.177978515625,0.89813232421875,-0.3345726804191054,-0.23226081567464466,-0.0419921875,0.8701171875,-0.4325171633308946
67,0.68377685546875,0.30224609375,-0.6474609375,-0.14764404296875,0.9885529483042433,0.11340924011026338,-0.059710142205790136,-0.07918035704954014,-0.519775390625,-0.320556640625,0.7860107421875,-0.095947265625,-0.3710602725229933,-0.14534634491272994,0.8080503533915134,-0.43376501587322325,-0.2227783203125,-0.177978515625,0.89813232421875,-0.3345947265625,-0.23223876953125,-0.0419921875,0.8701171875,-0.4324951171875
68,0.6838574871969063,0.30213320933058113,-0.6474286848087375,-0.1475956639318562,0.98858642578125,0.11339066419314381,-0.05949315099811873,-0.07896336584186874,-0.5197270115881062,-0.320556640625,0.7860268685331313,-0.095947265625,-0.37107762365436875,-0.14544677734375,0.8079995247831313,-0.43386667308998744,-0.22274606762123747,-0.177978515625,0.8981484505643813,-0.33457860021686875,-0.2322871485681438,-0.04200831384563127,0.8701171875,-0.43247899084186875
69,0.68408203125,0.30181884765625,-0.6473388671875,-0.1474609375,0.98858642578125,0.113525390625,-0.0594482421875,-0.07891845703125,-0.5196063701923077,-0.32058011568509615,0.7860576923076923,-0.09595665564903846,-0.37103271484375,-0.14544677734375,0.80804443359375,-0.43377685546875,-0.22265625,-0.177978515625,0.898193359375,-0.33453369140625,-0.23243596003605768,-0.042086087740384616,0.8701124924879807,-0.4324387770432692
70,0.68408203125,0.30181884765625,-0.6473388671875,-0.1474609375,0.98858642578125,0.113525390625,-0.0594482421875,-0.07891845703125,-0.5197551816602216,-0.3208281347982859,0.7859088808397784,-0.09605586329431438,-0.37103271484375,-0.14544677734375,0.80804443359375,-0.43377685546875,-0.22265625,-0.177978515625,0.898193359375,-0.33453369140625,-0.23258477150397158,-0.04243331449885033,0.8700628886653428,-0.4324883808659072
71,0.6843392362562709,0.30160451015102424,-0.6472102646843646,-0.1473752024979097,0.98858642578125,0.113525390625,-0.05923390468227425,-0.07896132453229515,-0.5195181856187291,-0.3207760814041597,0.7860601418791806,-0.09589786593331939,-0.37090411234061454,-0.14531817484061454,0.8081730360968854,-0.43364825296561454,-0.22252764749686454,-0.17793564812395485,0.8982790943770903,-0.3344479564041597,-0.23247637796561454,-0.042223263743729096,0.8701847548468854,-0.43228077968227424
72,0.6845739868572325,0.3013879272052676,-0.6470928893838838,-0.1473388671875,0.9885549896138169,0.11365113529473243,-0.05926881107598244,-0.07904236452236622,-0.5193148711852007,-0.32067687375888376,0.7862585571697325,-0.09576232297763378,-0.37078673704013376,-0.1452007995401338,0.8083532837322325,-0.4334680053302676,-0.22231596369408446,-0.17782317196645067,0.8983783020223662,-0.33441162109375,-0.2323590026651338,-0.0421142578125,0.8703021301473662,-0.43212706907138376
73,0.6846923828125,0.30126953125,-0.64703369140625,-0.1473388671875,0.988545395458821,0.11372952158235786,-0.05924717319450251,-0.07892151899561037,-0.5191660597172868,-0.3205776661136079,0.7864169627926422,-0.09576313950146322,-0.3706475197272157,-0.14512159672867894,0.808491684521321,-0.4333896190426421,-0.22216796875,-0.177734375,0.8984375,-0.33441162109375,-0.2322197853522157,-0.04209425297867893,0.870361328125,-0.43206787109375
74,0.6846923828125,0.3012352372491639,-0.64703369140625,-0.14735601418791805,0.988594999281459,0.11370747543896322,-0.05890851993624582,-0.0784665110916597,-0.519034395249791,-0.32050417896895905,0.786507596937709,-0.09585193646791389,-0.37046625143708195,-0.1450548459056229,0.8085584353443771,-0.4334459591868729,-0.22213367474916387,-0.17772580149979098,0.8984546470004181,-0.3343773270929139,-0.23207281106291805,-0.04206179615645903,0.8703784751254181,-0.4320335770929139
75,0.6846923828125,0.30103682195861203,-0.64703369140625,-0.14745522183319398,0.988644603104097,0.11405470219742893,-0.058610897000418063,-0.07797047286528011,-0.518984791427153,-0.32055378279159696,0.786557200760347,-0.09565352117736205,-0.370367043791806,-0.14490603443770902,0.808707246812291,-0.43329714771895905,-0.22193525945861203,-0.177676197677153,0.8985538546456939,-0.33417891180236203,-0.23217201870819398,-0.04211139997909699,0.8704776827706939,-0.43183516180236203
76,0.6846923828125,0.301025390625,-0.64703369140625,-0.1474609375,0.9886474609375,0.11407470703125,-0.05859375,-0.07794189453125,-0.5190286795829849,-0.32032291067882523,0.7866535505722199,-0.09550185187604515,-0.370361328125,-0.1448974609375,0.8087158203125,-0.43328857421875,-0.221923828125,-0.17767333984375,0.8985595703125,-0.33416748046875,-0.23222448036423496,-0.042020765834030104,0.8705301444267349,-0.4317302384902801
77,0.6847630121237458,0.3010960199362458,-0.6469277474393813,-0.14756688146686872,0.9886827755931229,0.11411002168687291,-0.05816997413252509,-0.07762406263064382,-0.5189370247831313,-0.32039272346624165,0.78668212890625,-0.09552961368624582,-0.37022006950250835,-0.14482683162625418,0.8088217642793687,-0.4332532595631271,-0.22178256950250835,-0.1776380251881271,0.8986301996237458,-0.3341321658131271,-0.23209751090875835,-0.04209813146686873,0.8705797482493729,-0.4316663455006271
78,0.6848622197690217,0.3012668775475543,-0.6467550526494565,-0.14762015964673914,0.98870849609375,0.11408797554347826,-0.057980744735054345,-0.07729704483695653,-0.5187882133152174,-0.3204239555027174,0.7867298955502717,-0.09565270465353261,-0.37002165421195654,-0.14472762398097827,0.8089228091032609,-0.43325142238451086,-0.22156027088994565,-0.17756453804347827,0.898681640625,-0.3341780952785326,-0.2319229789402174,-0.042127526324728264,0.87060546875,-0.4317122749660326
79,0.6849365234375,0.30145263671875,-0.6466064453125,-0.1475830078125,0.9887334000705477,0.11397631590980352,-0.058017080045464055,-0.07709862954640469,-0.5186892098008988,-0.32028759602320234,0.7868166512071488,-0.09571435220265469,-0.369873046875,-0.1446533203125,0.8089599609375,-0.43328857421875,-0.22137451171875,-0.177490234375,0.898681640625,-0.33428955078125,-0.23183642741429766,-0.04205322265625,0.8706179207383988,-0.4317739225151547
80,0.6849385647470736,0.30145876064747074,-0.646601342038566,-0.14758096650292643,0.9888315870610368,0.11382342182274248,-0.05743510268603679,-0.07690123491063963,-0.5187337103496028,-0.3201904296875,0.7868662550297868,-0.09552716411475752,-0.36986794360106606,-0.1446522996577132,0.8089609815922868,-0.43329163618311034,-0.22136940844481606,-0.1774892137202132,0.8986826612797868,-0.3342905714360368,-0.23192644916649247,-0.04205220200146321,0.87066650390625,-0.43158469311768394
81,0.6850377723923495,0.3017563835832985,-0.6463533229253763,-0.1474817588576505,0.9888811908836748,0.11347619506427677,-0.05748470650867475,-0.07675242344272576,-0.518535295059051,-0.3201904296875,0.7869158588524248,-0.09587439087322323,-0.3696199244878763,-0.14460269583507526,0.8090105854149248,-0.43344044765102424,-0.22112138933162626,-0.17743960989757526,0.8987322651024248,-0.33434017525867477,-0.23157922240802675,-0.04200259817882525,0.87066650390625,-0.4318327122308737
82,0.6852153663252508,0.30209319966293896,-0.6460661106683737,-0.14726497178093645,0.9888916015625,0.11320735459343646,-0.05788704862562708,-0.07656441883099917,-0.5183760729123119,-0.32007285025606186,0.7870438489626881,-0.09618242448787626,-0.3692543259432483,-0.14443551258099915,0.8090601892375627,-0.43374603169418896,-0.22087337021843645,-0.1773508129311246,0.89874267578125,-0.33458574480037623,-0.23131038193718645,-0.041913801212374584,0.8706273107624373,-0.43200234505643814
83,0.685302734375,0.30224609375,-0.64593505859375,-0.14715576171875,0.9888916015625,0.11298709729044733,-0.05799442150919733,-0.07661585983225334,-0.518310546875,-0.32000732421875,0.787109375,-0.0963134765625,-0.36910735165395064,-0.14434814453125,0.8091097930602007,-0.433815640350648,-0.22076416015625,-0.17730712890625,0.89874267578125,-0.334716796875,-0.231201171875,-0.0418701171875,0.87060546875,-0.43206787109375
84,0.6853843867579431,0.3023604070861204,-0.6458207452576296,-0.1471067702889841,0.9889079320390887,0.11280501247648411,-0.058008302414297656,-0.07670057417955686,-0.5182452249686454,-0.3199746632655727,0.7871583664297659,-0.09641145942203178,-0.3690426421404682,-0.14426649214830686,0.8091593968828387,-0.4337648117422659,-0.22066617729671822,-0.17724180699989547,0.89874267578125,-0.33479844925794316,-0.23111951949205686,-0.04180479528114549,0.8706217992265887,-0.4321168625235159
85,0.68560791015625,0.30267333984375,-0.6455078125,-0.14697265625,0.98895263671875,0.11264640272261706,-0.05837635053041389,-0.0765211430680393,-0.5180909019648829,-0.31986075819136706,0.7872875813257734,-0.09667478835702341,-0.3687744140625,-0.14404296875,0.8092041015625,-0.43389892578125,-0.22039794921875,-0.17706298828125,0.89874267578125,-0.33502197265625,-0.23092539095160952,-0.04161127913357024,0.8706567056202968,-0.4322558757054766
86,0.68560791015625,0.30267333984375,-0.6455078125,-0.14697265625,0.98895263671875,0.11239838360942726,-0.05802912377194817,-0.07696757747178093,-0.5183389210780728,-0.3196127390781773,0.7872379775031354,-0.09662518453438546,-0.3687744140625,-0.14404296875,0.8092041015625,-0.43389892578125,-0.22039794921875,-0.17706298828125,0.89874267578125,-0.33502197265625,-0.2312230138874373,-0.04146246766565636,0.8705574979750209,-0.43230547952811454
87,0.6858232683162625,0.30288869800376256,-0.6451632394439799,-0.1469295846179975,0.98895263671875,0.11210729286423496,-0.05824182822951505,-0.0770263671875,-0.5180270089752299,-0.319666221389005,0.7873606602085075,-0.09692015376776755,-0.36860212753448995,-0.14378453895798496,0.8092471731945025,-0.43411428394126256,-0.22018259105873747,-0.17684763012123747,0.89874267578125,-0.33523733081626256,-0.2308314907112249,-0.041399799461747495,0.8705875052257525,-0.43244122661475753
88,0.6861029277278428,0.30291523502821904,-0.6448296894596572,-0.14694326139214048,0.9889209964203596,0.11215771321070234,-0.05857109146373327,-0.07699472688910954,-0.5177883798860786,-0.3196705081391095,0.7875094716764214,-0.0970458984375,-0.36837207194554766,-0.14361347721571907,0.8093916979123119,-0.43414082096571904,-0.21993457194554766,-0.17669453190321907,0.898805956378031,-0.3352955081391095,-0.2305569345735786,-0.0412869150423286,0.870668749346781,-0.43243183659071904
89,0.686279296875,0.3028564453125,-0.6446533203125,-0.14697265625,0.9888916015625,0.1123046875,-0.05867581064485786,-0.07698554099602843,-0.5177001953125,-0.31964111328125,0.78759765625,-0.0970458984375,-0.36822509765625,-0.1435546875,0.80950927734375,-0.43408203125,-0.21978759765625,-0.1766357421875,0.89886474609375,-0.33526611328125,-0.23046875,-0.04119873046875,0.8707275390625,-0.432373046875
90,0.6863056297684992,0.3028476676813336,-0.6446357650501672,-0.14696387861883362,0.9888916015625,0.11232224276233278,-0.05842779153166806,-0.0770263671875,-0.5176738624190008,-0.3196498909124164,0.7876152115123328,-0.09701956554400083,-0.36820754239391723,-0.1435546875,0.8095268326060828,-0.4340556983565008,-0.21976126476275085,-0.17662696455633362,0.8988823013560828,-0.33523100275658446,-0.23046875,-0.04119873046875,0.8707363166936664,-0.4323467139815008
91,0.6864544412364131,0.3027980638586957,-0.6445365574048914,-0.14691427479619565,0.9888916015625,0.1124214504076087,-0.05817977241847826,-0.0770263671875,-0.5175250509510869,-0.3196994947350543,0.7877144191576086,-0.09687075407608696,-0.3681083347486413,-0.1435546875,0.8096260402513586,-0.433906886888587,-0.21961245329483695,-0.17657736073369565,0.8989815090013586,-0.3350325874660326,-0.23046875,-0.04119873046875,0.8707859205163043,-0.432197902513587
92,0.68646240234375,0.30279541015625,-0.64453125,-0.14691162109375,0.9888916015625,0.1124267578125,-0.05816650390625,-0.0770263671875,-0.5175640399639423,-0.31979604867788464,0.7876727764423077,-0.09672194260817307,-0.36810302734375,-0.1435546875,0.80963134765625,-0.43389892578125,-0.2196044921875,-0.17657470703125,0.89898681640625,-0.33502197265625,-0.2305626502403846,-0.04138653094951923,0.87078857421875,-0.4321429912860577
93,0.6865334399169105,0.3029374853025711,-0.644389174853679,-0.14676954594742894,0.9889271203490803,0.11235572023933947,-0.058202022692830264,-0.07695532961433947,-0.5174715686402592,-0.3197531811768395,0.7877297289794105,-0.0968928002194816,-0.36799647098400917,-0.14351916871341974,0.80963134765625,-0.43400548214099083,-0.21946241704117894,-0.17661022581783026,0.89898681640625,-0.3351640478025711,-0.2303777075930184,-0.0413363147340092,0.87078857421875,-0.4322709813963211
94,0.6866085601092182,0.3031359005931229,-0.6442630219220318,-0.1465711306568771,0.98895263671875,0.11218425023515886,-0.05829980142140468,-0.07688020942203178,-0.5173227571723453,-0.31965397353156355,0.7878289366246864,-0.09714224824937291,-0.3678476595160953,-0.1433973025318771,0.80963134765625,-0.4341542936089047,-0.21923991429765885,-0.17661165473453178,0.89898681640625,-0.3353624630931229,-0.23017643446906355,-0.041211590719063544,0.87078857421875,-0.4323971343279682
95,0.6866455078125,0.30328369140625,-0.64422607421875,-0.14642333984375,0.98895263671875,0.11203748007681856,-0.058385332292537624,-0.07680529336068144,-0.5171992579431438,-0.3195674220056438,0.7879281442699624,-0.09726472682378763,-0.36773681640625,-0.14324951171875,0.80963134765625,-0.43426513671875,-0.21905517578125,-0.17657470703125,0.89898681640625,-0.33551025390625,-0.2301025390625,-0.0411376953125,0.87078857421875,-0.43243408203125
96,0.6866455078125,0.3032885905492266,-0.6442236246472617,-0.14641844070077342,0.9889538615044942,0.11217894283026757,-0.05828489986151756,-0.07665525710702341,-0.5171496541205058,-0.3195153686115176,0.7880261271294942,-0.09717409267872074,-0.3677331420490176,-0.14324583736151755,0.80963134765625,-0.4342700358617266,-0.21905027663827342,-0.17657348224550584,0.89898681640625,-0.3355139282634824,-0.2301000894910117,-0.041135245741011704,0.8707873494330058,-0.4324377563884824
97,0.6866455078125,0.30348700583977845,-0.6441244170019857,-0.14622002541022158,0.9890034653271321,0.11203013136235368,-0.05813608839360368,-0.07645684181647157,-0.5171000502978679,-0.3193665571436037,0.7880757309521321,-0.09742211179191053,-0.3675843305811037,-0.14309702589360368,0.80963134765625,-0.43446845115227845,-0.21885186134772158,-0.1765238784228679,0.89898681640625,-0.3356627397313963,-0.23000088184573578,-0.041036038095735784,0.8707377456103679,-0.4325865678563963
98,0.6866849050872701,0.3037642156798704,-0.6439858120819398,-0.14598221284489968,0.9890530691497701,0.1117631280701296,-0.0583418523986204,-0.07633722107545987,-0.51708984375,-0.3192177456756898,0.7880859375,-0.09778832272941053,-0.36747491638795987,-0.14286941987614968,0.8095525531067098,-0.4348244555419105,-0.21865344605716974,-0.17643487732545987,0.8989080218567098,-0.33608733212270064,-0.22982287965091974,-0.040936830450459864,0.8706487445129598,-0.4328535711486204
99,0.68670654296875,0.30389404296875,-0.6439208984375,-0.1458740234375,0.9891026729724081,0.11146550513430184,-0.058359815922867896,-0.07609818372439382,-0.51708984375,-0.31915283203125,0.7880859375,-0.09796142578125,-0.367431640625,-0.14276123046875,0.80950927734375,-0.43499755859375,-0.21856689453125,-0.1763916015625,0.89886474609375,-0.3363037109375,-0.229736328125,-0.0408935546875,0.87060546875,-0.4329833984375
100,0.686756146791388,0.30389404296875,-0.643904363829954,-0.14584095422240803,0.9891357421875,0.11126708984375,-0.05827714288513796,-0.07588323382629598,-0.5170567745349081,-0.31908669360106606,0.7881190067150919,-0.09804409881897994,-0.36738203680236203,-0.14272816125365803,0.809492742736204,-0.43506369702393394,-0.21851729070861203,-0.17635853234740803,0.898848211486204,-0.3363863839752299,-0.22970325890990803,-0.040860485472408024,0.8705723995349081,-0.4330660714752299
101,0.6868896484375,0.30389404296875,-0.64385986328125,-0.145751953125,0.989140845461434,0.11122116037834448,-0.05841064453125,-0.07590221800533027,-0.516962670163566,-0.31890358813231606,0.788213111086434,-0.09829722120610368,-0.36724853515625,-0.14263916015625,0.8094482421875,-0.43524169921875,-0.2183837890625,-0.17626953125,0.8988037109375,-0.33660888671875,-0.2296142578125,-0.040771484375,0.8704833984375,-0.43328857421875
102,0.6868896484375,0.30389404296875,-0.64385986328125,-0.145751953125,0.989190449284072,0.11077472597460285,-0.05841064453125,-0.07565419889214048,-0.516913066340928,-0.3188539843096781,0.788262714909072,-0.09859484414193144,-0.36724853515625,-0.14263916015625,0.8094482421875,-0.43524169921875,-0.2183837890625,-0.17626953125,0.8988037109375,-0.33660888671875,-0.2296142578125,-0.040771484375,0.8704833984375,-0.43328857421875
103,0.6870194757263796,0.30363438839099083,-0.6437733117553303,-0.14583850465091974,0.9892400531067098,0.11050139462270067,-0.0585404718201296,-0.07566583435670987,-0.5167769109923704,-0.31889093201295987,0.7883555944946697,-0.0983731579222408,-0.3670754321044105,-0.14246605710441054,0.8095780694763796,-0.43519842345579013,-0.21825396177362041,-0.17609642819816054,0.8988902624634197,-0.33656561095579013,-0.22957098204954013,-0.0406416570861204,0.8705699499634197,-0.43320202269283026
104,0.6871682871942935,0.30336860988451086,-0.6436422596807065,-0.14606509001358695,0.9892259680706522,0.11069919752038043,-0.05859375,-0.07565174932065218,-0.5165962550951086,-0.31890869140625,0.7884548021399457,-0.09823475713315218,-0.3668770168138587,-0.1422994862432065,0.8097587253736414,-0.43514881963315216,-0.2180733058763587,-0.17596170176630435,0.8989894701086957,-0.3364841627038043,-0.22948953379755435,-0.04052469004755435,0.8706691576086957,-0.43307097061820654
105,0.687255859375,0.30322265625,-0.6435546875,-0.146240234375,0.9892171904394857,0.11071695691367058,-0.058675402382943144,-0.07564297168948579,-0.5164794921875,-0.31890869140625,0.78851318359375,-0.09820556640625,-0.36676025390625,-0.1422119140625,0.80987548828125,-0.43511962890625,-0.21795654296875,-0.1759033203125,0.8990478515625,-0.33642578125,-0.22943115234375,-0.04046630859375,0.8707275390625,-0.4329833984375
106,0.687291786423495,0.30319571096362874,-0.6435277422136287,-0.14628514318561872,0.9892488307378763,0.11029236452236621,-0.05885585414924749,-0.07567461198787626,-0.516443565139005,-0.31890869140625,0.7885401288801213,-0.09822352993049749,-0.36669738157138376,-0.14220293230037626,0.8099024335676213,-0.4351016653820025,-0.21791163415813128,-0.1759033203125,0.8990658150867475,-0.3364078177257525,-0.2294131888195025,-0.04046630859375,0.8707365208246237,-0.43297441667537623
107,0.6874902017140468,0.3030468994957149,-0.6433789307457148,-0.14653316229880853,0.9891992269152383,0.11063959128083194,-0.05895506179452341,-0.07562500816523829,-0.5162451498484532,-0.31890869140625,0.7886889403480352,-0.09832273757577341,-0.36635015481291805,-0.1421533284777383,0.8100512450355352,-0.4350024577367266,-0.21766361504494147,-0.1759033203125,0.8991650227320234,-0.3363086100804766,-0.22931398117422658,-0.04046630859375,0.8707861246472617,-0.4329248128527383
108,0.687641462753449,0.30303955078125,-0.643230119277801,-0.14663971865854933,0.98919677734375,0.11042096702550168,-0.05914857794209866,-0.07548109584030101,-0.5160467345579013,-0.31886153715510035,0.788837751815949,-0.09832763671875,-0.366050082305602,-0.14210372465510032,0.8102472107545987,-0.43490325009145064,-0.21746275018290134,-0.17595047456364968,0.8992170761261497,-0.33625655668635035,-0.22912046502665134,-0.04037200009145067,0.870930036972199,-0.432780900527801
109,0.68768310546875,0.30303955078125,-0.6431884765625,-0.14666748046875,0.9892325002612876,0.11017294791231187,-0.058989764057274255,-0.07554662187761288,-0.5159912109375,-0.31884765625,0.78887939453125,-0.09832763671875,-0.365966796875,-0.14208984375,0.810302734375,-0.43487548828125,-0.21737150364496238,-0.17585718671613712,0.8992666799487876,-0.33624267578125,-0.22906494140625,-0.04034423828125,0.8709716796875,-0.4327392578125
110,0.6877073970526756,0.30313671711695234,-0.6430913102267977,-0.14671606363660117,0.9892578125,0.11004638671875,-0.05891076537677675,-0.07550110067412208,-0.5158940446017977,-0.3188719478339256,0.7889279776991012,-0.09837621988660117,-0.3657724642035953,-0.14208984375,0.8103999007107023,-0.43487548828125,-0.21715185873484533,-0.17580554158392558,0.8993405753553512,-0.3362183841973244,-0.2288949003187709,-0.04039282144910117,0.8710202628553512,-0.43269067464464883
111,0.687744140625,0.30328369140625,-0.6429443359375,-0.14678955078125,0.9892578125,0.11003352646843645,-0.05905957684469063,-0.07539454431438126,-0.5157084895615593,-0.3188572504049958,0.7890529058450042,-0.09841112628030936,-0.365478515625,-0.14208984375,0.810546875,-0.43487548828125,-0.21685791015625,-0.17584228515625,0.8994140625,-0.336181640625,-0.2286376953125,-0.04046630859375,0.87109375,-0.4326171875
112,0.687744140625,0.30328654923965304,-0.642941478104097,-0.146792408614653,0.9892578125,0.1099867804792015,-0.059205530479201504,-0.07567930699989549,-0.515561107010347,-0.31866740861465304,0.78924560546875,-0.09826945939590301,-0.3654685132080895,-0.142086985916597,0.8105525906668061,-0.4348740593645485,-0.21684933665604098,-0.17584085623954848,0.899416920333403,-0.33617878279159696,-0.22862912181229098,-0.040464879677048496,0.8710980367501046,-0.43261432966659696
113,0.687744140625,0.3033857568849289,-0.642842270458821,-0.14689161625992891,0.9892578125,0.11003638430183946,-0.059255134301839464,-0.07553049553198161,-0.515461899365071,-0.3187666162599289,0.78924560546875,-0.09836866704117893,-0.36512128644962377,-0.14198777827132109,0.8107510059573578,-0.4348244555419105,-0.21655171372021323,-0.17579125241691054,0.899516127978679,-0.3360795751463211,-0.22833149887646323,-0.040415275854410536,0.8712468482180183,-0.4325151220213211
114,0.6877837420307275,0.3033661603130226,-0.6427826642192725,-0.14703042531093227,0.9892182110942725,0.11016519093593227,-0.059225535313022576,-0.07550048828125,-0.5152834889083403,-0.3188262224994774,0.7893248082802048,-0.09826986765781773,-0.3648928639083403,-0.1419677734375,0.8109098198421822,-0.43473525031354515,-0.21637289500156773,-0.17582085140572742,0.8996153356239548,-0.33598036750104515,-0.22819228156354515,-0.040444874843227424,0.8713560582802048,-0.43237631297031776
115,0.68780517578125,0.3033447265625,-0.64276123046875,-0.1470947265625,0.9892531174879807,0.11014498197115385,-0.05895057091346154,-0.07541597806490385,-0.51519775390625,-0.31884765625,0.78936767578125,-0.09820556640625,-0.36480712890625,-0.1419677734375,0.81097412109375,-0.4346923828125,-0.21630859375,-0.17584228515625,0.899658203125,-0.3359375,-0.2281494140625,-0.04046630859375,0.87139892578125,-0.43231201171875
116,0.6878888694737667,0.30329451034698995,-0.6426942755147366,-0.14711146530100336,0.9893021089177466,0.11013008041126672,-0.05873847884876672,-0.0753173828125,-0.51514753769074,-0.31884765625,0.78941789199676,-0.09818882766774666,-0.36480712890625,-0.1419342959604933,0.8110075985707567,-0.43464216659698995,-0.2163420712270067,-0.17579206894073995,0.899658203125,-0.33592076126149667,-0.22816615280100336,-0.04043283111674331,0.8714156645197534,-0.4322785342417433
117,0.6881103515625,0.30316162109375,-0.64251708984375,-0.14715576171875,0.9892631199048914,0.11031971807065218,-0.05891750169836957,-0.07529084578804349,-0.5150411854619565,-0.3188423488451087,0.7895295516304348,-0.09815514605978261,-0.36480712890625,-0.141845703125,0.81109619140625,-0.43450927734375,-0.2164306640625,-0.1756591796875,0.899658203125,-0.33587646484375,-0.22821044921875,-0.04034423828125,0.8714599609375,-0.43218994140625
118,0.6881103515625,0.30316162109375,-0.64251708984375,-0.14715576171875,0.9893127237275292,0.11002209513482442,-0.05852067111726589,-0.07504282667485368,-0.5152892045751463,-0.31879274502247074,0.7893311363398829,-0.09825435370505853,-0.36480712890625,-0.141845703125,0.81109619140625,-0.43450927734375,-0.2164306640625,-0.1756591796875,0.899658203125,-0.33587646484375,-0.22821044921875,-0.04034423828125,0.8714599609375,-0.43218994140625
119,0.6883712309260034,0.3029442216241639,-0.6423431702680811,-0.14711228182483277,0.9892753677623328,0.11024623092600334,-0.058732559051003344,-0.0751861266069189,-0.5150589448552466,-0.31874314119983277,0.7895240400945861,-0.0980926819868311,-0.36476364901233277,-0.1416717835493311,0.8112266310880016,-0.4343788376619983,-0.21630022438074833,-0.17552874000574833,0.8997886428067516,-0.33570254526808113,-0.22829740900658443,-0.04021379859949833,0.8715034408314172,-0.43201602183058113
120,0.6886368053015259,0.3028564453125,-0.6421127064172241,-0.14706267800219483,0.9892898610603051,0.11028746537938963,-0.05867764782347408,-0.0750640562944189,-0.5148895161606396,-0.3187576344978052,0.7896759135268604,-0.09805450949780518,-0.3647140451896948,-0.14150541681908446,0.8113113454353051,-0.4342941233146948,-0.21621551003344483,-0.17537992853783446,0.8998733571540551,-0.3356002756584448,-0.22833251953125,-0.04009703569188963,0.8715530446540551,-0.43188170366063966
121,0.68878173828125,0.3028564453125,-0.6419677734375,-0.14703369140625,0.98931884765625,0.11025010941419314,-0.05834715980351171,-0.07486951949205686,-0.51483154296875,-0.31878662109375,0.78973388671875,-0.09808349609375,-0.36468505859375,-0.14141845703125,0.81134033203125,-0.43426513671875,-0.2161865234375,-0.17529296875,0.89990234375,-0.3355712890625,-0.22833251953125,-0.0400390625,0.87158203125,-0.43182373046875
122,0.6888092959604933,0.3028840029917433,-0.6419310298651756,-0.1470061337270067,0.98931884765625,0.11027215555758779,-0.05803851379598662,-0.0748199156694189,-0.5148039852895067,-0.3187590634145067,0.7897522585049122,-0.0980926819868311,-0.3646391291283445,-0.1414000852450878,0.8113678897104933,-0.43426513671875,-0.21612222218593227,-0.1752837828569189,0.8999207155361622,-0.3355712890625,-0.22828659006584448,-0.040029876606918896,0.8716004030361622,-0.4318145445756689
123,0.6889581074284072,0.3030328144596572,-0.6417326145746237,-0.14685732225909282,0.98931884765625,0.11017294791231187,-0.058336136731814384,-0.07477031184678094,-0.5146551738215928,-0.3186102519465928,0.7898514661501881,-0.09814228580946906,-0.3643911100151547,-0.14130087759981189,0.8115167011784072,-0.43426513671875,-0.21577499542746656,-0.17523417903428093,0.9000199231814381,-0.3355712890625,-0.22803857095265467,-0.039980272784280936,0.8716996106814381,-0.43176494075303096
124,0.68896484375,0.3033237010738921,-0.641628916048286,-0.14675586917328595,0.989366206038357,0.11016845703125,-0.058302250992892976,-0.07462599125992893,-0.514553720735786,-0.318556157242893,0.789950673795464,-0.09819188963210702,-0.3641904492840719,-0.141249028336643,0.811618154264214,-0.43426513671875,-0.21566456057953595,-0.175279291975857,0.899929697298286,-0.3358554393551421,-0.22788526860367894,-0.04007274410796405,0.871751459944607,-0.4317626953125
125,0.68896484375,0.30340576171875,-0.6416015625,-0.146728515625,0.9893798828125,0.11016845703125,-0.05828857421875,-0.0745849609375,-0.5145263671875,-0.31854248046875,0.78997802734375,-0.09820556640625,-0.3641357421875,-0.1412353515625,0.8116455078125,-0.43426513671875,-0.21560127998275502,-0.17525704170150502,0.89997419784699,-0.3357937918060201,-0.22784423828125,-0.04010009765625,0.87176513671875,-0.4317626953125
126,0.6890383308946488,0.3035282402931647,-0.6414790839255853,-0.1466795241952341,0.9893798828125,0.11011946560148411,-0.05828857421875,-0.07456046522261706,-0.5144283843279682,-0.3184934890389841,0.7900515144883988,-0.09827905355089883,-0.3640132636130853,-0.14116186441785117,0.8116944992422659,-0.43428963243363294,-0.2154047018708194,-0.17520743787886706,0.9000489097773829,-0.3357423508047659,-0.22772175970683528,-0.040075601941367056,0.8717896324336329,-0.4317626953125
127,0.68914794921875,0.3037109375,-0.64129638671875,-0.1466064453125,0.9893929471937709,0.1100071935749373,-0.058184059168582776,-0.0745369901625209,-0.5142952909437709,-0.3184334745375209,0.7901480684312291,-0.09836254311245819,-0.36383056640625,-0.14105224609375,0.811767578125,-0.434326171875,-0.21514892578125,-0.1751708984375,0.90008544921875,-0.3358154296875,-0.2275390625,-0.0400390625,0.871826171875,-0.4317626953125
128,0.6891544814093854,0.3037109375,-0.6412882214804557,-0.14660481226484115,0.9894392849210911,0.10986654734531773,-0.05781009125470317,-0.07458332788984114,-0.5143334634327968,-0.3184814453125,0.7901049967992266,-0.09826823461015886,-0.36382403421561454,-0.14104897999843227,0.8117724772679766,-0.4343245388273411,-0.21514239359061454,-0.1751708984375,0.9000870822664089,-0.3358154296875,-0.22753742945234115,-0.0400390625,0.8718278049226589,-0.4317626953125
129,0.6893528966999373,0.3037109375,-0.6410402023672659,-0.14655520844220318,0.9893896810984532,0.10996575499059365,-0.05810771419053093,-0.07453372406720318,-0.514035840496969,-0.3184814453125,0.7902538082671404,-0.09831783843279682,-0.36362561892506273,-0.14094977235315637,0.8119212887358904,-0.43427493500470316,-0.2149439783000627,-0.1751708984375,0.9001366860890468,-0.3358154296875,-0.22748782562970318,-0.0400390625,0.8718774087452968,-0.4317626953125
130,0.689591117527174,0.3035119098165761,-0.6408717943274457,-0.14658521569293478,0.9893798828125,0.1101843792459239,-0.05808689283288043,-0.07448412024456522,-0.5138974397078805,-0.3186008619225543,0.7903230086616848,-0.0981286090353261,-0.36354662024456524,-0.14104959239130435,0.8120701002038043,-0.4340263034986413,-0.21474556300951086,-0.17509128736413043,0.9002659009850543,-0.3356164020040761,-0.22751783288043478,-0.04011867357336957,0.8720066236413043,-0.43144425101902173
131,0.689697265625,0.30340576171875,-0.64080810546875,-0.1466064453125,0.9894082570155728,0.11031890154682274,-0.057703943156877095,-0.07434939381270904,-0.51385498046875,-0.31866455078125,0.79034423828125,-0.0980224609375,-0.363525390625,-0.14111328125,0.8121337890625,-0.43389892578125,-0.21477414134354098,-0.17513395073421822,0.90032958984375,-0.3354251312970318,-0.2275390625,-0.0401611328125,0.8720703125,-0.4312744140625
132,0.6897650371028428,0.3033549331103679,-0.6407572768603679,-0.1466233881819607,0.9894239750992893,0.1104362768473035,-0.05737978319659281,-0.0742356928694607,-0.5138041518603679,-0.3187323222590928,0.7903781240201714,-0.09790386085127509,-0.3634915048860786,-0.1411641098583821,0.8122015605403428,-0.4337972685644858,-0.2148200708089465,-0.17529970507159282,0.9003804184521321,-0.3352085483512751,-0.2275221196305393,-0.04022890429034281,0.8721380839778428,-0.4311558139762751
133,0.68994140625,0.30322265625,-0.640625,-0.14666748046875,0.9893853943483487,0.11066224981709866,-0.05750103698526338,-0.07424671594115803,-0.5136498288566054,-0.3189362490854933,0.7904718201295987,-0.09758970330790134,-0.3633757626332567,-0.1413239443979933,0.8123834412233487,-0.43353271484375,-0.214599609375,-0.17547607421875,0.9005126953125,-0.33489990234375,-0.22747802734375,-0.0404052734375,0.872314453125,-0.43084716796875
134,0.68994140625,0.30322265625,-0.640625,-0.14666748046875,0.9894349981709866,0.11071185363973662,-0.05700499875888378,-0.07394909300533027,-0.5134514135660535,-0.3191842681986831,0.7905214239522366,-0.09754009948526338,-0.3631277435200669,-0.14157196351118312,0.8124330450459866,-0.43353271484375,-0.214599609375,-0.17547607421875,0.9005126953125,-0.33489990234375,-0.22747802734375,-0.0404052734375,0.872314453125,-0.43084716796875
135,0.6899850902748745,0.3031352882002508,-0.640625,-0.14653642839412626,0.9893972339438755,0.1107177734375,-0.056989484806124584,-0.07404462629337374,-0.5133840503501255,-0.3190828151128763,0.7905710277748745,-0.09744681163775083,-0.36309814453125,-0.14147051042537626,0.8124826488686245,-0.4334890308188754,-0.2143811892506271,-0.1755197582436246,0.9005563793373745,-0.3348562183188754,-0.22739065929400085,-0.040536325512123744,0.8723581371498745,-0.4307597999190008
136,0.6899701887149875,0.3030038278637124,-0.6407217580737876,-0.1464198696174749,0.9893798828125,0.11078227882002509,-0.0570068359375,-0.07403217430497491,-0.5132054357624373,-0.31906301441001256,0.7907173896713001,-0.09728309860994984,-0.3629368810749373,-0.1414829624137751,0.8125967580737876,-0.4333749216137124,-0.2142299282112249,-0.1756016147575251,0.9006382358512751,-0.3347098564224498,-0.2272914516487249,-0.04065288428877508,0.8724399936637751,-0.43066059227372494
137,0.68994140625,0.30291748046875,-0.64080810546875,-0.1463623046875,0.9893798828125,0.11096477189590301,-0.056965193222199,-0.0739121453020485,-0.5130615234375,-0.319091796875,0.79083251953125,-0.09716796875,-0.36279296875,-0.14154052734375,0.81268310546875,-0.43328857421875,-0.21417236328125,-0.1756591796875,0.90069580078125,-0.3345947265625,-0.22723388671875,-0.04071044921875,0.87249755859375,-0.43060302734375
138,0.6899320162259616,0.30294565054086536,-0.6408174954927884,-0.1463153545673077,0.9893798828125,0.11114971454326923,-0.056894155649038464,-0.07381028395432693,-0.5130427433894231,-0.319091796875,0.7908419095552884,-0.09717735877403846,-0.36278357872596156,-0.14154991736778846,0.81268310546875,-0.43329796424278844,-0.21418175330528846,-0.1756873497596154,0.9006864107572116,-0.33460411658653844,-0.22723388671875,-0.040738619290865384,0.8724881685697116,-0.43061241736778844
139,0.6898824124033236,0.30309446200877926,-0.6408670993154264,-0.1460673354541179,0.9893798828125,0.11085209160744147,-0.056943759471676424,-0.07390949159960285,-0.5129435357441472,-0.319091796875,0.7908915133779264,-0.09722696259667642,-0.3627339749033236,-0.14159952119042643,0.81268310546875,-0.4333475680654264,-0.21423135712792643,-0.17583616122752926,0.9006368069345736,-0.3346537204091764,-0.22723388671875,-0.040887430758779264,0.8724385647470736,-0.4306620211904264
140,0.6898328085806856,0.30329083598975753,-0.6409167031380644,-0.1456290662886706,0.9894274453255644,0.1106020311846781,-0.056707988215928096,-0.07381844919262123,-0.5128443280988713,-0.319091796875,0.7909411172005644,-0.09741925395850752,-0.36268437108068563,-0.1416015625,0.8125879804426213,-0.4335874219403219,-0.21428096095056437,-0.17555691007786373,0.9005396405988713,-0.33498869931020064,-0.22709119917955686,-0.04098867971362876,0.8722938358983069,-0.4309494375783863
141,0.6898193359375,0.3033447265625,-0.64093017578125,-0.1455078125,0.98944091796875,0.11053466796875,-0.056640625,-0.07379150390625,-0.5128173828125,-0.319091796875,0.79095458984375,-0.09747314453125,-0.3626708984375,-0.1416015625,0.81256103515625,-0.43365478515625,-0.21414990887594063,-0.17572899247491638,0.9005126953125,-0.33504687663304766,-0.22705078125,-0.041015625,0.87225341796875,-0.4310302734375
142,0.6897946360916597,0.3034188261000209,-0.6410042753187709,-0.1453102137332776,0.9894656178145903,0.1104358685853888,-0.056615925154159696,-0.0737668040604097,-0.5127679831208194,-0.3190176973374791,0.7910039895354306,-0.0975966437604515,-0.3626214987458194,-0.1415521628083194,0.8125116354645694,-0.4338029842312918,-0.2140008932770694,-0.1758539206208194,0.9004632956208194,-0.33521957142297243,-0.2270013815583194,-0.0409662253083194,0.8722040182770694,-0.4312031723583821
143,0.68975830078125,0.30352783203125,-0.64111328125,-0.14501953125,0.989501953125,0.11031706436820653,-0.05657958984375,-0.0736641261888587,-0.5126157014266305,-0.31893522843070654,0.7911031971807065,-0.09780485733695653,-0.36246921705163043,-0.1415060292119565,0.8124522333559783,-0.43404753311820654,-0.21392822265625,-0.17578125,0.900390625,-0.33551025390625,-0.2269287109375,-0.0408935546875,0.87213134765625,-0.43145751953125
144,0.6897527892454013,0.30352966920986624,-0.6411187927858487,-0.1450121825355351,0.9895037903036162,0.1104034117631689,-0.05657591548651756,-0.07343080450459866,-0.5123364502769648,-0.3190234130042851,0.7911968932901338,-0.09790406498223245,-0.3621899659019649,-0.14159788814276755,0.8124944884641513,-0.4341467407634824,-0.21392271112040134,-0.17577573846415134,0.9003887878213838,-0.3355176026207149,-0.2269268737588838,-0.040891717508883776,0.8721276732990175,-0.4314667054243311
145,0.6896039777774875,0.3035792730325042,-0.6412676042537625,-0.1448137672449833,0.9895533941262542,0.1101553926499791,-0.05647670784124164,-0.07357961597251254,-0.5125348655675167,-0.3188249977137333,0.7911472894674958,-0.09800327262750835,-0.3623883811925167,-0.14149868049749165,0.8123456769962375,-0.43424594840875835,-0.21377389965248747,-0.17562692699623747,0.9003391839987458,-0.3357160179112667,-0.22687726993624582,-0.04084211368624582,0.8720284656537416,-0.4317147245375209
146,0.6894151566419314,0.3036688865227843,-0.6414164157216764,-0.14473538095735786,0.98956298828125,0.11002740253971573,-0.05649752919889214,-0.07348836943457358,-0.5125332325198578,-0.3186665920908236,0.7912177146477842,-0.09818249960806856,-0.3623467384772157,-0.1413994728522157,0.8122768848636078,-0.4344651850569607,-0.2139451655257107,-0.17563815419889214,0.9002495705084658,-0.3358744235341764,-0.22674764677832357,-0.04083251953125,0.8719692676761078,-0.4318827243154264
147,0.6893310546875,0.3037109375,-0.6414794921875,-0.14471435546875,0.98956298828125,0.1099853515625,-0.0565185546875,-0.07342529296875,-0.51251220703125,-0.318603515625,0.791259765625,-0.0982666015625,-0.3623046875,-0.141357421875,0.812255859375,-0.4345703125,-0.2138788229645694,-0.1756306013534699,0.9002360978652801,-0.3359946566680602,-0.2266845703125,-0.04083251953125,0.8719482421875,-0.43194580078125
148,0.6892967606866639,0.3037452315008361,-0.6415309331887542,-0.14469720846833195,0.98956298828125,0.10995105756166389,-0.05655284868833612,-0.07342529296875,-0.5124779130304139,-0.3185520746237458,0.7912769126254181,-0.09831804256375418,-0.36228754049958195,-0.14132312787416387,0.8122387123745819,-0.43463890050167225,-0.21364978803041387,-0.17554670352999582,0.9002514076870819,-0.33612815831417225,-0.22665027631166387,-0.04078107852999582,0.8719139481866639,-0.4320315357833403
149,0.689208984375,0.3038330078125,-0.64166259765625,-0.1446533203125,0.98956298828125,0.10985184991638797,-0.05669206600125417,-0.0734538713027801,-0.5123844210519439,-0.31840326315583195,0.791332232114862,-0.09846113836486203,-0.36222078967652593,-0.14121820456208195,0.8122005398855561,-0.43482588445861203,-0.21356201171875,-0.1754150390625,0.90020751953125,-0.3363037109375,-0.2265625,-0.0406494140625,0.871826171875,-0.4322509765625
150,0.689208984375,0.3038330078125,-0.64166259765625,-0.1446533203125,0.98956298828125,0.10975264227111205,-0.05713850040499581,-0.07370189041596989,-0.5123348172293061,-0.31825445168791805,0.791431439760138,-0.09856034601013795,-0.36202237438597407,-0.14106939309416805,0.8122501437081939,-0.43492509210388797,-0.21356201171875,-0.1754150390625,0.90020751953125,-0.3363037109375,-0.2265625,-0.0406494140625,0.871826171875,-0.4322509765625
151,0.6891212080633361,0.3039207841241639,-0.64166259765625,-0.14469720846833195,0.98956298828125,0.10969732278166806,-0.057146053250418063,-0.07364269243833613,-0.5123729897183319,-0.31828119284333195,0.7913989829379181,-0.09865955365541387,-0.36204339987458195,-0.14114002240541387,0.8122119712191681,-0.43498041159333195,-0.21343034725125418,-0.17537115090666805,0.90020751953125,-0.33647926356082775,-0.22647472368833613,-0.0406494140625,0.8717822837191681,-0.4323387528741639
152,0.6890220004180602,0.3039226213027801,-0.6416950544784699,-0.1448766395798495,0.9895305314590301,0.10968017578125,-0.0572587335388796,-0.0736408552597199,-0.5123252230743102,-0.3183307966659699,0.7914142927597199,-0.0986613908340301,-0.3619956332305602,-0.1412392300506898,0.8122272810409699,-0.4349651017715301,-0.2134438198944398,-0.17548383119512959,0.90020751953125,-0.3364504810958403,-0.2263430592208403,-0.0407143277069398,0.8718300503631898,-0.4323405900527801
153,0.68896484375,0.30389404296875,-0.6417236328125,-0.14501953125,0.989501953125,0.10968017578125,-0.057373046875,-0.07366943359375,-0.51226806640625,-0.318359375,0.79144287109375,-0.0986328125,-0.3619384765625,-0.14129638671875,0.812255859375,-0.4349365234375,-0.2133958491194607,-0.17551404257681857,0.9002285450198578,-0.3363857715823579,-0.22625732421875,-0.040771484375,0.87188720703125,-0.43231201171875
154,0.6889456554400084,0.30386526050376256,-0.6417428211224916,-0.14508669033497074,0.9894923589700042,0.10973774071122491,-0.057440205959970736,-0.07367902774874582,-0.5122392839412625,-0.31837856330999165,0.7914620594037416,-0.09857524757002509,-0.36191928825250835,-0.14131557502874165,0.8122942359949833,-0.43487895850752506,-0.21316701831626253,-0.17539238052623327,0.9002973371524875,-0.33634902801003347,-0.22624773006375418,-0.040800266839987456,0.8719159894962375,-0.43224485263377926
155,0.6888464477947325,0.30371644903584866,-0.6418420287677675,-0.14543391709343645,0.9894427551473662,0.11003536364705267,-0.05778743271843644,-0.07372863157138378,-0.5120904724733487,-0.3184777709552676,0.7915612670490175,-0.09827762463419733,-0.3618200806072324,-0.14141478267401755,0.8124926512855352,-0.4345813355716973,-0.21301820684834866,-0.1755907958167851,0.9004461486204013,-0.3359521974289298,-0.2261981262411162,-0.040949078307901336,0.8720648009641513,-0.43189762587531355
156,0.6887950067934783,0.30380647078804346,-0.6418934697690217,-0.14559007727581522,0.98944091796875,0.11018968665081522,-0.057656993036684784,-0.07363493546195653,-0.5119894276494565,-0.3186247452445652,0.7916127080502717,-0.09817106827445653,-0.361625339673913,-0.14156175696331522,0.8125955332880435,-0.43447477921195654,-0.21306046195652173,-0.17574144446331522,0.9004038935122283,-0.33598526664402173,-0.2261962890625,-0.041097889775815216,0.8720703125,-0.43193253226902173
157,0.68878173828125,0.3038330078125,-0.64190673828125,-0.1456298828125,0.98944091796875,0.1102294921875,-0.0576171875,-0.0736083984375,-0.511962890625,-0.31866455078125,0.7916259765625,-0.09814453125,-0.361572265625,-0.1416015625,0.8126220703125,-0.4344482421875,-0.2130010598479306,-0.1758175853104097,0.9004632956208194,-0.3358168586042015,-0.2260872831312709,-0.04121036593331939,0.8721793184312291,-0.4317641242292015
158,0.6887568343044523,0.3039575276964883,-0.6418818343044523,-0.14553026690530937,0.9894658219455477,0.1102294921875,-0.05744285966241639,-0.07348387855351171,-0.5119379866482023,-0.3186147428276547,0.7916508805392977,-0.09819433920359531,-0.3615224576714047,-0.1416015625,0.8126220703125,-0.4344980501410953,-0.21292675617945234,-0.17581738117945234,0.9004628873589047,-0.3358427832357859,-0.22596337564015467,-0.041284669601797656,0.8722036100151547,-0.4317651448839883
159,0.688720703125,0.30413818359375,-0.641845703125,-0.1453857421875,0.989501953125,0.1102294921875,-0.05718994140625,-0.07330322265625,-0.51190185546875,-0.31854248046875,0.79168701171875,-0.0982666015625,-0.36146366795568563,-0.14162850778637123,0.8125951250261287,-0.43459725778637126,-0.212890625,-0.17582166792955686,0.900390625,-0.3360595703125,-0.22589111328125,-0.04132080078125,0.87213134765625,-0.43194580078125
160,0.6887227444345736,0.30414226621289714,-0.6418436618154264,-0.14537145302048496,0.9895039944345736,0.11021724433005853,-0.05719402402539716,-0.07330730527539715,-0.5118998141591764,-0.31853635654002926,0.7916890530283236,-0.09827680811036789,-0.3615091891591764,-0.14171138495505853,0.8125,-0.43470054805079433,-0.21288654238085283,-0.17595823154002926,0.9003865423808528,-0.3360779420986622,-0.22589111328125,-0.041314676852529264,0.8721231824179557,-0.4319621312578386
161,0.6887723482572116,0.3042414738581731,-0.6417940579927884,-0.14502422626201925,0.9895535982572116,0.10991962139423078,-0.05729323167067307,-0.07340651292067307,-0.5118502103365384,-0.31838754507211536,0.7917386568509616,-0.09852482722355768,-0.36145958533653844,-0.14141376201923078,0.8125,-0.43489896334134615,-0.21278733473557693,-0.1758094200721154,0.9002873347355769,-0.33652437650240385,-0.22589111328125,-0.04116586538461539,0.8719247671274039,-0.4323589618389423
162,0.688862165878449,0.3041396125104515,-0.64178466796875,-0.144717213302153,0.98956298828125,0.10958178465980352,-0.05755329451034698,-0.07350572056594899,-0.5118006065139005,-0.3182387336042015,0.7917882606735995,-0.09873263253814799,-0.3614904091110995,-0.141116139083403,0.812419572402801,-0.435097378631898,-0.2127685546875,-0.17549975340980353,0.9003087684860995,-0.33660888671875,-0.22589111328125,-0.040856198722303526,0.87188720703125,-0.43243408203125
163,0.68890380859375,0.3040771484375,-0.64178466796875,-0.14459228515625,0.98956298828125,0.10943603515625,-0.05767822265625,-0.07354736328125,-0.51177978515625,-0.31817626953125,0.79180908203125,-0.09881591796875,-0.36151123046875,-0.1409912109375,0.8123779296875,-0.4351806640625,-0.21285490208246238,-0.1754115688362249,0.9002432424487876,-0.3367240165786998,-0.22597746067621238,-0.040739231683737456,0.8718008596362876,-0.43257799435618727
164,0.6889905642506271,0.3039903927806229,-0.6417499657059992,-0.14454023176212374,0.98956298828125,0.10941868402487458,-0.05773027605037625,-0.07354736328125,-0.5117624340248745,-0.3181589183998746,0.7918437842940008,-0.09879856683737458,-0.36151123046875,-0.14095650867474915,0.8123779296875,-0.4351633129311246,-0.21295166015625,-0.1754934253501254,0.9001638355063755,-0.3368183250809992,-0.2260915698813754,-0.040771484375,0.8717214526938755,-0.4327045555497492
165,0.689208984375,0.30377197265625,-0.64166259765625,-0.1444091796875,0.9895689080790134,0.1093513208089465,-0.05781988954065636,-0.07351776429243312,-0.5117246697977634,-0.3181448333638169,0.7919074731526965,-0.09877264220579013,-0.36152307006427675,-0.14089873961381688,0.8123601702942098,-0.43513738829954013,-0.21295166015625,-0.175537109375,0.90020751953125,-0.33673095703125,-0.22613525390625,-0.040771484375,0.87176513671875,-0.4326171875
166,0.689208984375,0.30377197265625,-0.64166259765625,-0.1444091796875,0.9896185119016513,0.10915290551839466,-0.05747266278219064,-0.07326974517924331,-0.5117742736204013,-0.31839285247700666,0.7917090578621446,-0.09892145367370402,-0.3616222777095527,-0.1411467587270067,0.812211358826296,-0.43528619976745403,-0.21295166015625,-0.175537109375,0.90020751953125,-0.33673095703125,-0.22613525390625,-0.040771484375,0.87176513671875,-0.4326171875
167,0.6893853535221572,0.3035515112223035,-0.6416185053694607,-0.1443209951139214,0.9895799311507107,0.10930722852215718,-0.05756635889161789,-0.07346264893394648,-0.5116475082958821,-0.3183322255826714,0.7918633808659072,-0.09871752684730352,-0.3615892084944607,-0.14099794725909282,0.8123711933659072,-0.4351263652278428,-0.2129075678694607,-0.175537109375,0.90020751953125,-0.33673095703125,-0.22613525390625,-0.040815576661789296,0.87176513671875,-0.4325730952132107
168,0.6895511078595318,0.30320550924958195,-0.6416015625,-0.144287109375,0.98956298828125,0.10953830476588627,-0.05755186559364549,-0.07351470232807275,-0.511466035874791,-0.3183310007969273,0.7919964742501046,-0.09850216868729098,-0.361572265625,-0.14096283673442725,0.8125042867501046,-0.434927949937291,-0.212890625,-0.17540646556229098,0.9003055023907818,-0.3365023303590092,-0.22616791485942725,-0.040799858578072744,0.8718304586251046,-0.432425508531041
169,0.68963623046875,0.302978515625,-0.6416015625,-0.144287109375,0.98956298828125,0.10968017578125,-0.0574951171875,-0.073486328125,-0.5113525390625,-0.318359375,0.79205322265625,-0.098388671875,-0.361572265625,-0.1409912109375,0.81256103515625,-0.434814453125,-0.212890625,-0.17533542798913043,0.9003693953804348,-0.33634617017663043,-0.2261962890625,-0.040771484375,0.87188720703125,-0.43231201171875
170,0.6896754236125627,0.30290992762332775,-0.6415917642140468,-0.14430670594690634,0.98956298828125,0.10974876378292223,-0.05743632747178095,-0.0734471349811873,-0.5113329424905937,-0.31836917328595316,0.7920728192281563,-0.09833968044523413,-0.36155266905309363,-0.14098141265154682,0.8125904300141096,-0.4347752599811873,-0.21291022157190634,-0.17542483734845318,0.9003491864156563,-0.33636699153428096,-0.22622568392035952,-0.040761686089046824,0.8719068036031563,-0.4322630202889841
171,0.6898738389031145,0.30256270086486203,-0.6415421603914089,-0.14440591359218227,0.98956298828125,0.11009599054138795,-0.05713870453595319,-0.07324871969063546,-0.5112337348453178,-0.3184187771085911,0.7921720268734322,-0.09809166133204432,-0.36145346140781776,-0.14093180882890888,0.8127392414820234,-0.43457684469063546,-0.21300942921718227,-0.17547444117109112,0.9004483940609322,-0.3360693685984532,-0.2263744953882734,-0.040712082266408864,0.8720060112484322,-0.43201500117579433
172,0.6900722541936664,0.3025032987562709,-0.6413966150188127,-0.14416932581260453,0.9896109590562291,0.10991553877508362,-0.056937023150083615,-0.07300233362510453,-0.5111345272000418,-0.3183724393812709,0.7922232637437291,-0.09813146686872909,-0.3614501953125,-0.14073829268133362,0.812744140625,-0.4346182832749791,-0.21282081221258362,-0.17518824956887544,0.9005476017062082,-0.3361075410874791,-0.2262354822063127,-0.04042262456887542,0.8720572481187291,-0.4320068359375
173,0.69012451171875,0.302490234375,-0.641357421875,-0.14410400390625,0.9896240234375,0.10986328125,-0.056884765625,-0.07293701171875,-0.5111083984375,-0.318359375,0.792236328125,-0.09814453125,-0.3614501953125,-0.14068603515625,0.812744140625,-0.43463134765625,-0.2127685546875,-0.17510986328125,0.90057373046875,-0.33612060546875,-0.22634244682796822,-0.04052693548808528,0.8720337730586329,-0.4320068359375
174,0.6902500522575251,0.30261577491377506,-0.6412318813362249,-0.14387803093645485,0.989649131545255,0.10963730828020486,-0.056884765625,-0.07288679550323997,-0.5110330741142349,-0.31823383446122494,0.7923116524482651,-0.09834539611204013,-0.36134976288147996,-0.1405604946174749,0.812719032517245,-0.4348071044105351,-0.21266812225647994,-0.17503453895798496,0.90052351425324,-0.33632147033079013,-0.22633999725647994,-0.040548981631479936,0.8719088449127299,-0.43223280890729515
175,0.6904296875,0.30279541015625,-0.64105224609375,-0.1435546875,0.98968505859375,0.10931396484375,-0.056884765625,-0.07281494140625,-0.51092529296875,-0.31805419921875,0.79241943359375,-0.0986328125,-0.3612060546875,-0.14042188969742891,0.812642075146321,-0.4351133008465719,-0.21256544438492891,-0.17499514168321487,0.900424306607964,-0.3366362402670359,-0.2261962890625,-0.0404052734375,0.87176513671875,-0.43255615234375
176,0.6904386692621237,0.30279990103731186,-0.6410432643316263,-0.14353223309469065,0.989687304034281,0.10929151043844065,-0.0568915019465928,-0.0728082050846572,-0.5109185566471572,-0.3180452174566263,0.7924261699153428,-0.09865526690530935,-0.3611970729253763,-0.14054151043844065,0.812502245440531,-0.4353117161371237,-0.21270078320965718,-0.17521397006950254,0.9003250989626881,-0.3367579023176212,-0.22618730730037626,-0.04038955535378346,0.8717584003971572,-0.43257860674905935
177,0.6906370845526756,0.3028991086825878,-0.6408448490410744,-0.14303619486831107,0.9897369078569189,0.10879547221206105,-0.05704031341450668,-0.07265939361674331,-0.5107697451792433,-0.3178468021660744,0.7925749813832567,-0.09915130513168895,-0.3609986576348244,-0.14004547221206107,0.8125518492631689,-0.4355101314276756,-0.2125519717417433,-0.17481713948839886,0.9002258913174123,-0.33735314818927675,-0.22598889200982442,-0.04004232859531774,0.8716095889292433,-0.43307464497543896
178,0.6908354998432275,0.3027558087505226,-0.6407272696096363,-0.1428635000783863,0.9897865116795569,0.10854194156302259,-0.057027453164193144,-0.07251058214882944,-0.5106613516408863,-0.31768880480507944,0.7926833749216137,-0.09936441785117056,-0.3608810782033863,-0.13979194156302258,0.8126014530858069,-0.4356277108591137,-0.21240316027382944,-0.17454156269596574,0.9002883553903637,-0.33734212511757944,-0.2258713125783863,-0.03981635562552258,0.8716628671091137,-0.4330048321880226
179,0.69091796875,0.30267333984375,-0.64068603515625,-0.142822265625,0.98980712890625,0.10845947265625,-0.0570068359375,-0.07244873046875,-0.5106201171875,-0.317626953125,0.792724609375,-0.09942626953125,-0.36083984375,-0.13970947265625,0.8126220703125,-0.4356689453125,-0.21248624157347407,-0.1744674631584448,0.9002426300559155,-0.33745419301316887,-0.22594602450877926,-0.039762873314694816,0.8715881551787208,-0.43309628285691887
180,0.6910233003239966,0.302515342482755,-0.6406509246315845,-0.1428924866743311,0.9897895736439172,0.10854724896791389,-0.056989280675167224,-0.07244873046875,-0.5105850066628345,-0.3176796189119983,0.792724609375,-0.09933849321958611,-0.36085739901233277,-0.13969191739391723,0.8126571808371655,-0.4355811690008361,-0.21259381858800167,-0.17448195645641723,0.9002342606866639,-0.33747093175167225,-0.22610932927466557,-0.039777366612667224,0.8715126267244984,-0.43316568738242056
181,0.6912964275449415,0.30206278415029264,-0.64056396484375,-0.14312152160848662,0.9897399698212792,0.1088503834395903,-0.05690293328020485,-0.07243648261130853,-0.5104735511601171,-0.31785292609479515,0.7927307333037208,-0.09904760660535117,-0.36091312676369147,-0.13969130500104515,0.8127686363398829,-0.43530253024404264,-0.21246950283497074,-0.17446297227738294,0.9004639080136915,-0.3369687695965719,-0.22620853691994147,-0.039758382433632944,0.8716736860498537,-0.43278784098035117
182,0.6913956351902174,0.301566745923913,-0.64056396484375,-0.14356795601222827,0.9896903659986414,0.10954483695652174,-0.05655570652173913,-0.07233727496603261,-0.5102751358695652,-0.31820015285326086,0.7927803371263586,-0.09845236073369565,-0.3610123344089674,-0.14003853175951086,0.8129670516304348,-0.434806492017663,-0.2125191066576087,-0.17466138756793478,0.9005631156589674,-0.3364231275475543,-0.2263077445652174,-0.039956797724184784,0.8719217051630435,-0.4321925951086956
183,0.69140625,0.301513671875,-0.64056396484375,-0.14361572265625,0.98968505859375,0.109619140625,-0.0565185546875,-0.07232666015625,-0.51025390625,-0.3182373046875,0.79278564453125,-0.098388671875,-0.36102294921875,-0.14007568359375,0.81298828125,-0.43475341796875,-0.2125244140625,-0.1746826171875,0.90057373046875,-0.33636474609375,-0.22627406295725336,-0.040022323761496656,0.8720368350229933,-0.43199601699676005
184,0.69140625,0.30138221153846156,-0.64056396484375,-0.1438457782451923,0.98968505859375,0.10991492638221154,-0.056189903846153855,-0.07203087439903846,-0.5101553109975961,-0.3184673602764423,0.7928185096153846,-0.09812575120192309,-0.3609572190504808,-0.14027287409855768,0.8131197415865384,-0.4344904972956731,-0.21242581881009615,-0.17484694260817307,0.9007051908052884,-0.3360032301682692,-0.2262244591346154,-0.04023625300480769,0.8722017728365384,-0.4317157451923077
185,0.69140625,0.30126953125,-0.64056396484375,-0.14404296875,0.98968505859375,0.11016845703125,-0.055908203125,-0.07177734375,-0.51007080078125,-0.31866455078125,0.7928466796875,-0.097900390625,-0.3608365776546823,-0.14044189453125,0.8132752893760451,-0.43424370296822745,-0.21227700734218227,-0.17500922671927258,0.9008393048442725,-0.335693359375,-0.2261962890625,-0.0404052734375,0.872314453125,-0.4315185546875
186,0.6913962475830895,0.3012895360838211,-0.6405739672606605,-0.14405297116691054,0.98968505859375,0.11015845461433947,-0.05592820795882107,-0.07176734133308947,-0.510050795947429,-0.3186545483643395,0.7928566821044105,-0.09791039304191053,-0.3607277758544105,-0.14045189694816054,0.813334487353679,-0.4342141039794105,-0.21216820554191054,-0.17506883295882106,0.9008689038330895,-0.3357033617919105,-0.22615627939485786,-0.0404052734375,0.872314453125,-0.4315385595213211
187,0.6913466437604515,0.30138874372909696,-0.6406235710832985,-0.14410257498954848,0.98968505859375,0.1101088507917015,-0.05602741560409699,-0.0717177375104515,-0.509951588302153,-0.3186049445417015,0.7929062859270485,-0.0979599968645485,-0.3607773796770485,-0.14050150077079848,0.813235279708403,-0.4342637078020485,-0.21221780936454848,-0.175168040604097,0.9008193000104515,-0.3357529656145485,-0.22595786410430602,-0.0404052734375,0.872314453125,-0.43163776716659696
188,0.6911525152200042,0.30153612628030935,-0.6407213498118729,-0.1440076540943771,0.98968505859375,0.10991472225125418,-0.056560197402801,-0.07161995878187709,-0.5098042057509407,-0.3184108160012542,0.7930522395615593,-0.09820230031093227,-0.3605379340640677,-0.14035840496969063,0.813232421875,-0.43455418615436875,-0.21207471356344063,-0.1750745486256271,0.9007696961878136,-0.3359952690609323,-0.2260484982493729,-0.040453448343436456,0.8721699284071907,-0.4318333246237458
189,0.69110107421875,0.30157470703125,-0.6407470703125,-0.14398193359375,0.98968505859375,0.10986328125,-0.05670166015625,-0.07159423828125,-0.509765625,-0.318359375,0.7930908203125,-0.0982666015625,-0.3604736328125,-0.14031982421875,0.813232421875,-0.43463134765625,-0.2120361328125,-0.175048828125,0.9007568359375,-0.3360595703125,-0.2258170137437291,-0.04039282144910117,0.8722415783732232,-0.43181127848035117
190,0.6909492007864757,0.3018025171796614,-0.6408230070286371,-0.14390599687761288,0.9897356830711748,0.10961015886287626,-0.05670166015625,-0.07154361380382525,-0.5097403127612876,-0.31828343828386285,0.7931161325512124,-0.09844378723348662,-0.3603723838576505,-0.14031982421875,0.8131564851588629,-0.434833845565949,-0.21190957161893814,-0.17507414036371238,0.9006808992213629,-0.3362873804609114,-0.22546978698526338,-0.040445487236099496,0.8722385164088629,-0.4320158176996237
191,0.69073486328125,0.3021240234375,-0.64093017578125,-0.143798828125,0.98980712890625,0.1092529296875,-0.05670166015625,-0.07147216796875,-0.50970458984375,-0.31817626953125,0.79315185546875,-0.09869384765625,-0.3601184449466973,-0.14031982421875,0.8131048400266513,-0.43513350981135035,-0.21159214798024667,-0.17510986328125,0.900615373184051,-0.33660888671875,-0.2252197265625,-0.04058837890625,0.87213134765625,-0.432373046875
192,0.6907226154238085,0.30213382172345316,-0.6409424236386915,-0.14378902983904682,0.98980712890625,0.10923333311559365,-0.056711458442203176,-0.07146481925428512,-0.5097021402722617,-0.3181689208167851,0.7931543050402383,-0.09871099465666805,-0.35973141265154684,-0.1403222737902383,0.8132836587452968,-0.4352027102058946,-0.21111570632577342,-0.17511966156720318,0.9007470376515468,-0.33663338243363294,-0.22521237784803513,-0.04059572762071488,0.8721215493702968,-0.43239754258988294
193,0.6904745963106187,0.302332237014005,-0.6411904427518813,-0.14359061454849498,0.98980712890625,0.10883650253448997,-0.056909873732755016,-0.07131600778637123,-0.5096525364496237,-0.31802010934887126,0.7932039088628763,-0.09905822141513378,-0.359532997360995,-0.14037187761287626,0.813085243454745,-0.4356491446096363,-0.2110164986804975,-0.17531807685775502,0.900548622360995,-0.33712942066001256,-0.22506356638012123,-0.04074453908862876,0.871923134079745,-0.43289358081626256
194,0.6903078213184574,0.3021244316994147,-0.6414790839255853,-0.14343282131845736,0.98980712890625,0.10880527049801421,-0.05694580078125,-0.07120781837897157,-0.5095216885059574,-0.3179931640625,0.7932941347460284,-0.09908047168948579,-0.3598220467966137,-0.14025899319345736,0.8130086943457357,-0.43556749222669316,-0.2113235116403637,-0.17515089360367894,0.9005126953125,-0.33709737209970736,-0.2253615975778637,-0.040608996132943144,0.8718465849707357,-0.43286153225595736
195,0.69024658203125,0.302001953125,-0.6416015625,-0.14337158203125,0.98980712890625,0.10882568359375,-0.05694580078125,-0.0711669921875,-0.50946044921875,-0.3179931640625,0.7933349609375,-0.09906005859375,-0.3597518257472826,-0.14040208899456522,0.8130466627038043,-0.4355442212975543,-0.21128248131793478,-0.17528235394021738,0.9005126953125,-0.3370361328125,-0.22529137652853262,-0.04076086956521739,0.871826171875,-0.4328586744225543
196,0.6902110632446697,0.30187763737196904,-0.6417081188597408,-0.14338934142454013,0.9898248882995402,0.10896775874007107,-0.0567326880617684,-0.0711137140076296,-0.5094071710388796,-0.31808196102895064,0.7933527203307902,-0.0989535022340092,-0.3596391454588211,-0.140625,0.8131103515625,-0.4355013537965092,-0.21118388606553093,-0.17550159058841974,0.9005304547057902,-0.3369295764527592,-0.22517869624007106,-0.040997865606709864,0.8718439312682902,-0.43283356631479936
197,0.6901118555993938,0.3015493947925376,-0.6419930856762124,-0.1434262891278219,0.989861836002822,0.10931396484375,-0.05618806666753763,-0.07101552701714046,-0.5092963279290342,-0.3182856837243938,0.79339599609375,-0.09866220735785954,-0.3599663673834657,-0.14065031223871235,0.813116679622178,-0.4352290430993938,-0.2114678322272157,-0.17544667936089045,0.900580058528428,-0.3366572657556438,-0.2255185742840719,-0.04099255820181855,0.871893535090928,-0.4326045313806438
198,0.6900126479541179,0.3013509795019858,-0.6421915009667643,-0.14337668530518394,0.989812232180184,0.10931396484375,-0.05598965137698579,-0.07126354613033026,-0.5094451393969481,-0.3181864760791179,0.79339599609375,-0.09841418824466974,-0.35981755591555187,-0.1408487275292642,0.813166283444816,-0.4351298354541179,-0.21131902075930184,-0.17569469847408026,0.900629662351066,-0.3365580581103679,-0.22546897046143394,-0.04129018113764631,0.871943138913566,-0.4325053237353679
199,0.69000244140625,0.30133056640625,-0.6422119140625,-0.14337158203125,0.989851629454954,0.10940296594115803,-0.0556132338916179,-0.07088855756166389,-0.509148945377822,-0.31835427172606606,0.7934849971911581,-0.09847767297240803,-0.35953524280152593,-0.140913641173704,0.813215887267454,-0.43529763110106606,-0.2113037109375,-0.17572021484375,0.900634765625,-0.3365478515625,-0.22524136444397994,-0.04149880297606605,0.8719482421875,-0.43262861883361203
200,0.6900355106213419,0.3011982895458821,-0.6422119140625,-0.14330544360106606,0.9898681640625,0.10933682751097408,-0.055547095461433944,-0.07083895373902592,-0.5089339954797241,-0.31835427172606606,0.7936172740515259,-0.09857688061768395,-0.359469104371342,-0.1408309681359741,0.8132654910900919,-0.43526456188597407,-0.2111714340771321,-0.17572021484375,0.900634765625,-0.336580920777592,-0.22519176062134197,-0.04146573376097408,0.8719813114025919,-0.43261208422606606
201,0.6900634765625,0.30108642578125,-0.6422119140625,-0.14324951171875,0.9898681640625,0.1092529296875,-0.05560302734375,-0.0709228515625,-0.50885009765625,-0.31829833984375,0.793701171875,-0.0986328125,-0.35945379454954013,-0.14072543243102006,0.8132718191497701,-0.43526721558841974,-0.21110284607545987,-0.17567693908079013,0.9006131277435201,-0.33669543824466974,-0.22526300232545987,-0.041360198056020064,0.8719443636993102,-0.43264270386966974
202,0.6901043027539716,0.3010660126855142,-0.6421915009667643,-0.14324951171875,0.9898681640625,0.1092529296875,-0.05563364698735368,-0.07094326465823579,-0.5087990649169105,-0.3182779267480142,0.7937419980664716,-0.09862260595213211,-0.3593647934521321,-0.1406758286083821,0.8132732480664716,-0.43536356540029264,-0.21114081443352842,-0.17557773143551422,0.9005839370166179,-0.3368326142480142,-0.2253520034228679,-0.041341213876985784,0.8718465849707357,-0.43275946677727845
203,0.6903027180445234,0.3009668050402383,-0.6420922933214883,-0.14324951171875,0.9898681640625,0.1092529296875,-0.05578245845526756,-0.07104247230351171,-0.5085510458037208,-0.3181787191027383,0.7939404133570234,-0.09857300212949414,-0.35931518962949416,-0.14062622478574416,0.8134716633570234,-0.4350659424644649,-0.21094239914297658,-0.1754785237902383,0.9006335408392558,-0.3367334066027383,-0.22540160724550584,-0.041440421522261704,0.8719457926160117,-0.4325610514867266
204,0.6905011333350752,0.30115787161632523,-0.641847948565531,-0.14305599557117477,0.9898681640625,0.10915617161371238,-0.05617316510765049,-0.07094816380121238,-0.5084481638012124,-0.3181278904943562,0.7939936915368938,-0.09871691445443144,-0.35902369062238715,-0.14043148385242477,0.8135249415368938,-0.43525210989757523,-0.21074398385242477,-0.1755244532556438,0.9006831446618938,-0.3368277151050376,-0.2250641787729933,-0.04124935494617476,0.8719482421875,-0.4327012894544314
205,0.6905517578125,0.30120849609375,-0.64178466796875,-0.14300537109375,0.9898681640625,0.109130859375,-0.05583104162311875,-0.07103369467234531,-0.5084228515625,-0.318115234375,0.79400634765625,-0.0987548828125,-0.35902164931281355,-0.14045475478156355,0.81353759765625,-0.4351918912651547,-0.210693359375,-0.175537109375,0.90069580078125,-0.33685302734375,-0.22512337675062707,-0.04134652128187708,0.8719851898907818,-0.4326284147026547
206,0.6906027905518395,0.30143814342077757,-0.6416315697507317,-0.14280124013639214,0.9899191968018395,0.10885017930863296,-0.05556750855716973,-0.07105492429191054,-0.5083718188231605,-0.31803868526599083,0.7940573803955895,-0.09898453013952759,-0.35889120963106186,-0.1403498314694816,0.8135120812865803,-0.4353747926029473,-0.21059129389632109,-0.17551159300533026,0.9006447680419105,-0.33705715830110783,-0.22499007923547243,-0.04131528924540134,0.8719327282347408,-0.43278579967077757
207,0.690673828125,0.3017578125,-0.64141845703125,-0.14251708984375,0.989990234375,0.10845947265625,-0.05560302734375,-0.07098388671875,-0.50830078125,-0.31793212890625,0.79412841796875,-0.09930419921875,-0.3586566631610577,-0.14013671875,0.8134765625,-0.4357158954326923,-0.2104773888221154,-0.17546198918269232,0.90057373046875,-0.3373272235576923,-0.22471266526442307,-0.04115178034855769,0.871826171875,-0.43310546875
208,0.6906791355298914,0.30177638841711957,-0.6414078422214674,-0.1425064750339674,0.989990234375,0.1084435504415761,-0.05562160326086956,-0.0709785793138587,-0.5082901664402174,-0.31791886039402173,0.7941363790760869,-0.09932277513586955,-0.3586876910665761,-0.14011814283288043,0.8134818699048914,-0.4356795601222826,-0.21055802055027176,-0.17541238536005435,0.9005710767663043,-0.3373015030570652,-0.22483759341032608,-0.041182808254076095,0.871826171875,-0.433113429857337
209,0.6907783431751672,0.3021236151755853,-0.6412094269309155,-0.14230805974341557,0.989990234375,0.10814592750574833,-0.05596883001933528,-0.07087937166858278,-0.5080917511496655,-0.31767084128083195,0.7942851905440008,-0.09967000189433528,-0.3583900681307483,-0.13977091607441472,0.8135810775501672,-0.43587797541283446,-0.21031000143708195,-0.17536278153741638,0.9005214729436664,-0.33769833363816887,-0.22453997047449833,-0.040885185318248335,0.871826171875,-0.4332622413252508
210,0.6907550722460284,0.302470841934051,-0.6410518378318353,-0.14239542779316472,0.9900310605664716,0.10801160933580686,-0.05607109962897157,-0.07053520687447742,-0.5079749882420569,-0.317626953125,0.7943523496289716,-0.09977227150397157,-0.3581740975778637,-0.13991360361360786,0.8135169804295569,-0.43611721689485783,-0.21006198232389214,-0.17535400390625,0.9005535215039716,-0.33772772849602845,-0.22432399992161373,-0.041036650488607856,0.8717853456835284,-0.4334518789846363
211,0.69073486328125,0.3026123046875,-0.6409912109375,-0.1424560546875,0.9900218746733904,0.10802998112196906,-0.05609130859375,-0.0705792991612667,-0.5079345703125,-0.317626953125,0.79437255859375,-0.09979248046875,-0.3580638668608905,-0.1398088844324833,0.8136529316471571,-0.4360124977137333,-0.20990214778428093,-0.1751482399012333,0.9006913099001881,-0.3375311503840928,-0.2242431640625,-0.04093193130748329,0.8718827161501881,-0.43329755598087377
212,0.690698936232755,0.3027560128814799,-0.6409373203647575,-0.14254587230873744,0.989990234375,0.10807529819450251,-0.05612723564224498,-0.07074689067725753,-0.507898643264005,-0.317626953125,0.7943905221179975,-0.09979248046875,-0.35796037246551005,-0.13971314701348242,0.8137888828647575,-0.43589879677048493,-0.20978497661475753,-0.1750704660064799,0.900781944045255,-0.33741316269073995,-0.22415334644126256,-0.040854157412729915,0.8719913138195025,-0.43313425121498744
213,0.6905931963968437,0.30314631127194813,-0.6408015732781146,-0.1428004236125627,0.9899967665656354,0.1080191621812291,-0.05619378233434365,-0.07055888606553096,-0.5078255643812709,-0.31767267845944813,0.7944074649874582,-0.09982514142192725,-0.3577554249843228,-0.1400277128187709,0.8136792645406563,-0.4361441621812291,-0.20962310076557275,-0.17542157125313546,0.9007023329718854,-0.3375723848374791,-0.2238987951374373,-0.0412117948500209,0.8719678387594063,-0.43333001280309363
214,0.6904443849289298,0.30349353803041385,-0.6407519694554766,-0.14309804654839045,0.9900463703882734,0.10791995453595318,-0.05604497086642977,-0.07011245166178931,-0.5079247720265468,-0.31801990521791385,0.7942090496969063,-0.10007316053511704,-0.35750740587113294,-0.14012692046404682,0.8138280760085702,-0.43604495453595316,-0.20937508165238294,-0.17547117507577342,0.9007519367945234,-0.33747317719220316,-0.22360117220160955,-0.04131100249529682,0.8721166502273202,-0.4331812013351798
215,0.6904296875,0.30352783203125,-0.6407470703125,-0.14312744140625,0.9900065648515887,0.10804427028898411,-0.05643261555445233,-0.07038129213262959,-0.5078004562735159,-0.3177412664611204,0.7944129765233069,-0.09987413285169315,-0.3573935007969273,-0.13977908131270905,0.8140215921561454,-0.4358563375313545,-0.2093505859375,-0.17547607421875,0.9007568359375,-0.33746337890625,-0.22348236798442725,-0.0408737539846363,0.8722654616952341,-0.4329876851876045
216,0.6903631408079013,0.303627652069398,-0.6406805236204013,-0.14349344821279264,0.9899569610289507,0.10829290179504598,-0.05651304315165134,-0.07046233212270067,-0.5076849181516513,-0.31769349981709866,0.7945279022522993,-0.09965938708455269,-0.357261019805602,-0.14004771765259197,0.8140869140625,-0.435791015625,-0.2092174925533027,-0.17550934756479933,0.900856655975648,-0.33726373882995403,-0.22338316033915134,-0.04110972937134196,0.8723477264710493,-0.43285581658915134
217,0.6903076171875,0.3037109375,-0.640625,-0.143798828125,0.98992919921875,0.10845947265625,-0.05645751953125,-0.0704345703125,-0.50762939453125,-0.3177490234375,0.7945556640625,-0.09954833984375,-0.357177734375,-0.1401624392506271,0.8141961241246864,-0.43563812153793896,-0.2091064453125,-0.175537109375,0.90093994140625,-0.33709716796875,-0.2233494787311873,-0.04124629298181439,0.8724410143185619,-0.4326692408941263
218,0.6902972065086748,0.30376299089412623,-0.6405937679635243,-0.14390293491325248,0.98992919921875,0.1085635794445025,-0.056415876815949,-0.07042415963367475,-0.50762939453125,-0.3177698447951505,0.7945556640625,-0.0994858757707985,-0.35716732369617477,-0.139812150527801,0.814433732559051,-0.435280484100648,-0.209064802597199,-0.1755579307326505,0.900981584121551,-0.33702429321697325,-0.22337826119617474,-0.0409143760451505,0.8726106471441263,-0.4323299752429975
219,0.6902476026860368,0.30401101000731606,-0.6404449564956104,-0.1443989731396321,0.98992919921875,0.10905961767088208,-0.05621746152539717,-0.07037455581103678,-0.50762939453125,-0.3178690524404264,0.7945556640625,-0.09918825283497075,-0.3571177198735368,-0.14001056581835283,0.8146321478496028,-0.43488365351954433,-0.20886638730664717,-0.17565713837792643,0.9011799994121028,-0.33667706645850753,-0.2233286573735368,-0.04101358369042642,0.872858666257316,-0.43183393701661793
220,0.69024658203125,0.30455052812761285,-0.640150395524143,-0.14465209552675584,0.9899777823866012,0.1089240747151965,-0.056359128409803505,-0.06974195397418481,-0.5075322281955477,-0.31791967691785117,0.7946042472303512,-0.09923071207410117,-0.3566794507080895,-0.140306147444607,0.8145390641330477,-0.43526415362405935,-0.20861938884824416,-0.1756591796875,0.9012326651991012,-0.33657275553929766,-0.22289038820808948,-0.04140429034280935,0.8728151863633988,-0.432115229475857
221,0.69024658203125,0.3046875,-0.64007568359375,-0.14471435546875,0.9899530825407609,0.10903532608695651,-0.056285028872282615,-0.06995159646739128,-0.50750732421875,-0.31793212890625,0.79461669921875,-0.0992431640625,-0.3566788383152174,-0.1402322520380435,0.8146627674932065,-0.435066554857337,-0.20855712890625,-0.1756591796875,0.9012451171875,-0.3365478515625,-0.22285262398097827,-0.04128099524456523,0.8729141898777174,-0.4319298785665761
222,0.6902208615306229,0.30499614600752506,-0.6399470810906146,-0.1447400759693771,0.98992919921875,0.10902797737249165,-0.05631626090875835,-0.07006182718436456,-0.5074558832174958,-0.3178806879049958,0.7946424197193771,-0.09939748706626253,-0.35659616527748744,-0.14021388025188128,0.8146811392793687,-0.43515841378814796,-0.20837708540186037,-0.1756334591868729,0.9012708376881271,-0.33662501306438125,-0.2226946266199833,-0.04126629781563544,0.8729086783418687,-0.4319941798181438
223,0.690185546875,0.305419921875,-0.6397705078125,-0.144775390625,0.98992919921875,0.10888671875,-0.05645751953125,-0.06988525390625,-0.50738525390625,-0.31781005859375,0.794677734375,-0.099609375,-0.35636998817673493,-0.14027695671770485,0.8146180628135451,-0.4354611399979097,-0.2081584611465301,-0.17555527703020485,0.9013347306777801,-0.33665951119617477,-0.22242639854201504,-0.04138571442568981,0.8728456018760451,-0.43224056588367477
224,0.690185546875,0.30543706887541805,-0.639759076478888,-0.144772532791597,0.989932057052153,0.10887814524979098,-0.056466093031459025,-0.06987953823944398,-0.5073795382394439,-0.31780720076034696,0.7946834500418061,-0.09961509066680602,-0.35631466868729095,-0.140133860916597,0.814761158614653,-0.43518923756270905,-0.20824052179138797,-0.17542075472930602,0.901425364822847,-0.33644292825041805,-0.222470286697847,-0.04120444613555602,0.872982982010347,-0.432012551604306
225,0.690185546875,0.3057346918112458,-0.6395606611883361,-0.14472292896895902,0.989981660874791,0.10872933378187709,-0.056614904499372905,-0.06978033059416806,-0.5072803305941681,-0.31775759693770905,0.7947826576870819,-0.09971429831208194,-0.3561658572193771,-0.14008425709395902,0.814810762437291,-0.4353380490306229,-0.20804210650083613,-0.17551996237458195,0.901375761000209,-0.3367405511862458,-0.22242068287520902,-0.041303653780831937,0.872933378187709,-0.43211175924958195
226,0.6903086378422868,0.3059092237797868,-0.6394032762202132,-0.14459126450146323,0.989990234375,0.10862155263639214,-0.05688680693457357,-0.06972215327132107,-0.5071811229488922,-0.3177490234375,0.7947998046875,-0.09981350595735786,-0.3559760154290343,-0.13995259262646323,0.8148193359375,-0.4354868604985368,-0.20792575185514214,-0.175537109375,0.9013671875,-0.3367919921875,-0.22220695776285537,-0.041238740136392144,0.8729248046875,-0.43221096689485783
227,0.69036865234375,0.30596923828125,-0.63934326171875,-0.14453125,0.989990234375,0.10858154296875,-0.056858840993415566,-0.0697021484375,-0.50714111328125,-0.3177490234375,0.7947998046875,-0.099853515625,-0.3560143920490175,-0.14004057306908443,0.8148193359375,-0.43545807803354936,-0.2078857421875,-0.175537109375,0.9013671875,-0.3367919921875,-0.22225492853783443,-0.041317126424017546,0.8729248046875,-0.43219177858486624
228,0.6904594906197742,0.30596923828125,-0.6392705910979306,-0.1444585793791806,0.989990234375,0.1085452076583403,-0.05670166015625,-0.06968398078229515,-0.5071047779708403,-0.3177853587479097,0.7948361399979097,-0.0998171803145903,-0.3561038014083403,-0.1401614185958403,0.8148556712479097,-0.4353274342208403,-0.20786757453229515,-0.17551894171979515,0.9013853551552048,-0.33677382453229515,-0.2223031034437709,-0.041352032817725766,0.8729429723427048,-0.43212890625
229,0.690707509732964,0.3059625019596572,-0.6390721758073787,-0.14424669144544316,0.9899834980534072,0.10845947265625,-0.05676228705058527,-0.06966132224602842,-0.5069786250391931,-0.317837412142036,0.794955556607964,-0.0997381816340928,-0.355984384798286,-0.14002852934260035,0.8149548788931856,-0.4352484355403428,-0.20781797070965718,-0.17546933789715718,0.90142822265625,-0.3367242207096572,-0.2220458984375,-0.04113095899090719,0.8729925761653428,-0.43212890625
230,0.6909555288461539,0.3059128981370192,-0.638873760516827,-0.1439490685096154,0.9899338942307693,0.10845947265625,-0.057208721454326907,-0.0698101337139423,-0.5066810021033654,-0.31758939302884615,0.7952035757211539,-0.09978778545673077,-0.35573636568509615,-0.13968130258413464,0.8150540865384616,-0.4352980393629808,-0.20776836688701925,-0.17541973407451925,0.90142822265625,-0.3366746168870192,-0.2220458984375,-0.04108135516826923,0.8730421799879807,-0.43212890625
231,0.69097900390625,0.305908203125,-0.63885498046875,-0.1439208984375,0.9899741080293687,0.10832474622439381,-0.05689170607755017,-0.06959967469690635,-0.5067875584631062,-0.31774555321122494,0.7950923243493938,-0.09988229808998746,-0.3558476170568562,-0.13991789036371238,0.8149736589412625,-0.43534764318561875,-0.207763671875,-0.1754150390625,0.90142822265625,-0.336669921875,-0.22227044249059363,-0.041346113019962376,0.8729121485681438,-0.43221872387123744
232,0.6911798687682902,0.30574081573996653,-0.6387545480377299,-0.14372003357545987,0.9899567568979933,0.10834332214151338,-0.05703051512855351,-0.06975338530779683,-0.5067355050689799,-0.3177765811167433,0.7951109002665134,-0.09988107330424331,-0.3557955636627299,-0.1397133511444398,0.8150753161580268,-0.4352633371002299,-0.2077301943979933,-0.17534808410848662,0.9014617001332567,-0.336669921875,-0.22221716431072325,-0.0411415738006898,0.8729642019622701,-0.4321505441314799
233,0.69134521484375,0.30560302734375,-0.638671875,-0.1435546875,0.9899732915055393,0.10831025292642141,-0.057008468985158864,-0.06976991991534282,-0.50665283203125,-0.3177490234375,0.795166015625,-0.099853515625,-0.355712890625,-0.13957556274822325,0.815119408444816,-0.43524680249268394,-0.20770263671875,-0.17529296875,0.9014892578125,-0.336669921875,-0.2221510258805393,-0.041047877691262544,0.872980736569816,-0.4321560556673286
234,0.6913876740828804,0.3055393384850544,-0.638671875,-0.14351222826086957,0.99005126953125,0.108154296875,-0.05657958984375,-0.0694580078125,-0.5066103727921196,-0.3177596382472826,0.7951872452445652,-0.099853515625,-0.3556916610054348,-0.1397598930027174,0.8150130562160326,-0.4353743843410326,-0.2076920219089674,-0.17529296875,0.9014892578125,-0.336669921875,-0.22222900390625,-0.04124649711277174,0.8728849991508152,-0.43226955247961957
235,0.6915860893734322,0.3052417155492266,-0.638671875,-0.14331381297031773,0.99005126953125,0.108154296875,-0.05657958984375,-0.0694580078125,-0.5064119575015678,-0.31780924206992056,0.7952864528898411,-0.099853515625,-0.3555924533601589,-0.13971028918007944,0.8150626600386706,-0.43542398816367056,-0.20764241808632944,-0.17529296875,0.9014892578125,-0.336669921875,-0.22222900390625,-0.040899270354306023,0.8729842067960911,-0.43207113718906776
236,0.6917357173651756,0.30494409261339883,-0.6387206622988085,-0.14316418497857442,0.9900024822324415,0.10830065877142558,-0.056677164441367056,-0.06975073160535117,-0.5062135422110159,-0.31781005859375,0.7954344478339256,-0.099853515625,-0.35568839491011706,-0.13946553616220736,0.8152098384589256,-0.43518086819345736,-0.20754402696488294,-0.17529296875,0.9015380451113085,-0.336669921875,-0.22227779120505853,-0.04094234198630853,0.87298583984375,-0.43211665839255853
237,0.6917724609375,0.30487060546875,-0.63873291015625,-0.14312744140625,0.9900275903401965,0.10807591058737459,-0.056626948225857024,-0.06956272699362459,-0.50616455078125,-0.31781005859375,0.79547119140625,-0.099853515625,-0.3555261107990176,-0.13955372073578595,0.8152092260660535,-0.4352690527670359,-0.20751953125,-0.17529296875,0.90155029296875,-0.336669921875,-0.2222526830973035,-0.041066657739339464,0.872911127913357,-0.4322783301107859
238,0.6918243102006689,0.30474098231082775,-0.63873291015625,-0.14304966751149667,0.99005126953125,0.1079620055131689,-0.056631439106918896,-0.06955252044575669,-0.5060867768864966,-0.31778413396216554,0.7954971160378345,-0.0999053648881689,-0.35545956410691887,-0.1395965882368311,0.8151596222434155,-0.43538969416283446,-0.20751953125,-0.1752411194868311,0.90155029296875,-0.33669584650658446,-0.22225492853783443,-0.04100807215457776,0.8728896941628345,-0.43229527298024667
239,0.69189453125,0.3045654296875,-0.63873291015625,-0.1429443359375,0.9900657628292224,0.10795976007263797,-0.05670166015625,-0.06967622380591555,-0.5059814453125,-0.3177490234375,0.7955322265625,-0.0999755859375,-0.35552978515625,-0.1395263671875,0.81512451171875,-0.4354248046875,-0.20751953125,-0.1751708984375,0.90155029296875,-0.33673095703125,-0.22234801225438963,-0.04089049272313963,0.8728813247935828,-0.4322479145981396
240,0.6919067791074415,0.30455930575877926,-0.6387237242631689,-0.14293821200877926,0.9901123046875,0.1077086789950878,-0.056707784084970736,-0.06940003462061037,-0.5059783833481396,-0.31775208540186034,0.7955322265625,-0.0999847718305811,-0.35552366122752926,-0.1395171812944189,0.8151275736831104,-0.43542786665186034,-0.20751646928563963,-0.1751708984375,0.9015472310043896,-0.33673708095997074,-0.22253111772313963,-0.0410674742631689,0.87274169921875,-0.43243714399561034
241,0.6921051943979933,0.30446009811350333,-0.638574912795255,-0.14283900436350336,0.9901123046875,0.10741105605926005,-0.056806991730246656,-0.06944963844324832,-0.5059287795255016,-0.3178016892244983,0.7955322265625,-0.10013358329849498,-0.35542445358225333,-0.13936836982650502,0.8151771775057484,-0.4354774704744983,-0.20746686546300167,-0.1751708984375,0.9014976271817516,-0.33683628860524667,-0.22248151390050167,-0.04091866279525502,0.87274169921875,-0.4324867478182483
242,0.6922623752351589,0.30436089046822745,-0.6384673357807275,-0.14278103117161373,0.9901123046875,0.10744330875052258,-0.05694743382890886,-0.06954047671927258,-0.5057967067960911,-0.31772758968697745,0.7956559299226589,-0.10024116031302258,-0.35532524593697745,-0.13926079281197742,0.8152680157817725,-0.43540337093697745,-0.20737602718697742,-0.17508842953072742,0.9015304922658863,-0.3368942617971363,-0.22234944117109115,-0.04076985132734114,0.8728241681255225,-0.43241264828072745
243,0.69232177734375,0.3043212890625,-0.638427734375,-0.14276123046875,0.9901123046875,0.10739350079692726,-0.05721545777591973,-0.06960988124477424,-0.5057373046875,-0.31768798828125,0.79571533203125,-0.10028076171875,-0.35525584141147576,-0.13919138828647576,0.8153076171875,-0.4354233757707985,-0.20733642578125,-0.175048828125,0.90155029296875,-0.3369140625,-0.22234964530204848,-0.04074025233852425,0.8728339664114757,-0.43240284999477424
244,0.6923585209160744,0.3043029172763378,-0.6383909908026756,-0.14276123046875,0.9901123046875,0.10728143290133779,-0.05743408203125,-0.06967785685357442,-0.5056821893290134,-0.3177063600674122,0.7957337038174122,-0.10026238993258779,-0.3551878658026756,-0.13916015625,0.8153627325459866,-0.43541235269910117,-0.20728131042276338,-0.175048828125,0.9015686647549122,-0.3368773189276756,-0.22237536580267558,-0.04075311258883779,0.8728211061611622,-0.4323973384589256
245,0.6924507881088001,0.30427413481135035,-0.6382917831573997,-0.14277511137385032,0.9901123046875,0.10724570998380016,-0.05744102248380017,-0.0697423622360995,-0.5055403183136497,-0.3177698447951505,0.7957763671875,-0.10023360746760034,-0.3550817177048495,-0.13917403715510032,0.81549072265625,-0.4352486396713002,-0.2071324989548495,-0.17506270903010032,0.901611328125,-0.3367989326400502,-0.2222692177048495,-0.0407312705764005,0.8728845908889005,-0.4322911903610995
246,0.6925003919314381,0.30437334245662623,-0.6381925755121237,-0.14287431901912626,0.9901123046875,0.10729531380643813,-0.05749062630643813,-0.06959355076818562,-0.5054411106683737,-0.31791865626306437,0.7957763671875,-0.10033281511287626,-0.35493290623693563,-0.13927324480037626,0.81549072265625,-0.43529824349393814,-0.20698368748693563,-0.17516191667537626,0.901611328125,-0.33684853646268814,-0.22212040623693563,-0.040880082044314384,0.8730334023568144,-0.43214237889318563
247,0.6925048828125,0.30438232421875,-0.63818359375,-0.14288330078125,0.990067191745924,0.10739003057065218,-0.05735977836277174,-0.06976052989130434,-0.505477241847826,-0.3178870159646739,0.795821480129076,-0.10011623216711957,-0.35491943359375,-0.13923711362092392,0.8155809485394022,-0.4351222826086957,-0.20692510190217392,-0.17508067255434784,0.9017015540081522,-0.33662746263586957,-0.22210693359375,-0.04080332880434783,0.873091987941576,-0.43203868036684784
248,0.692572246028428,0.3044833690426421,-0.6380488673181438,-0.14288330078125,0.99005126953125,0.10738819339203595,-0.05744673815060618,-0.06972317392610787,-0.5053584376306438,-0.3178037305340719,0.795904765559678,-0.10013766591764213,-0.3547510255539298,-0.13922119140625,0.815646474576714,-0.4351596385738921,-0.2067744532556438,-0.17501514651703595,0.901767080045464,-0.3366152147784281,-0.22193852555392976,-0.04080516598296405,0.87310791015625,-0.432040517545464
249,0.692626953125,0.3045654296875,-0.637939453125,-0.14288330078125,0.990073519805602,0.10731633929504598,-0.05751165179504599,-0.06964111328125,-0.5052490234375,-0.3177490234375,0.79595947265625,-0.1002197265625,-0.354636508086852,-0.139176690857546,0.815673828125,-0.43524169921875,-0.2066650390625,-0.17498779296875,0.90179443359375,-0.336669921875,-0.22177950753814799,-0.04083251953125,0.87310791015625,-0.43211237164245403
250,0.6926485910064799,0.3045437918060201,-0.6379178152435201,-0.14290493866272994,0.9901123046875,0.10724958847198997,-0.057466538853469896,-0.06960865645903011,-0.5052057476745402,-0.3177490234375,0.7959919294784699,-0.1002197265625,-0.3546103793243102,-0.13907748321227006,0.8157062849472199,-0.43524169921875,-0.20661094435880017,-0.17497697402801005,0.90180525253449,-0.33668074081573995,-0.22171908477477006,-0.04084333847198997,0.8731295480377299,-0.4321574845840301
251,0.6927477986517558,0.30444458416074416,-0.6378186075982442,-0.14300414630800584,0.9901123046875,0.10729919229462792,-0.057615350321383776,-0.06945984499111622,-0.5050073323839883,-0.3177490234375,0.7961407409463838,-0.1002197265625,-0.3543127563884825,-0.13897827556699416,0.8158550964151338,-0.43524169921875,-0.20636292524561037,-0.17492737020537208,0.9018548563571279,-0.3367303446383779,-0.22161987712949416,-0.04089294229462793,0.8732287556830058,-0.43200867311611624
252,0.6927490234375,0.30429638508570234,-0.6378663742422659,-0.14310335395328178,0.9900633132577341,0.10744677897679766,-0.05756819607023411,-0.06955599067203178,-0.5048579085232023,-0.3177490234375,0.7962895524142977,-0.10012174370296822,-0.3543580734610159,-0.1390260422110159,0.8159059250235159,-0.43509472492945234,-0.20616389756218645,-0.17482877495296822,0.9019534516095318,-0.33658398274195234,-0.22152066948421822,-0.04084456325773411,0.8732789718985159,-0.4319088530779682
253,0.6927490234375,0.30426025390625,-0.63787841796875,-0.14312744140625,0.9900888296274039,0.1074077899639423,-0.05755615234375,-0.0695049579326923,-0.50482177734375,-0.3177490234375,0.79632568359375,-0.10009765625,-0.3541823167067308,-0.13892540564903846,0.8159930889423077,-0.43509615384615385,-0.20611572265625,-0.1748046875,0.9019775390625,-0.3365478515625,-0.22149658203125,-0.04083251953125,0.873291015625,-0.431884765625
254,0.6928012809625836,0.30426025390625,-0.6378261604436664,-0.1431535701687918,0.9900861759249582,0.10738696860629181,-0.05760840986883361,-0.06943187904995819,-0.504691133531041,-0.3177228946749582,0.7963779411188336,-0.10007152748745819,-0.3540126838811664,-0.13885498046875,0.8160661678250418,-0.4350935001437082,-0.2060373363686246,-0.1747785587374582,0.9020297965875836,-0.3365217227999582,-0.22139206698108277,-0.04080639076870819,0.8733432731500836,-0.4318325080999164
255,0.6929151860367893,0.30431904362196904,-0.637697557940531,-0.14311498941785117,0.99005126953125,0.10736308528428094,-0.05775170980089882,-0.06941167008517976,-0.5044725092757107,-0.3176438959944607,0.7964918461930393,-0.10012480566732858,-0.35388408137803096,-0.13878149332410117,0.8161157716476798,-0.43511738346571904,-0.2058444326139214,-0.17469956005696072,0.902099609375,-0.33656030355089883,-0.22122304654839048,-0.04072739208821071,0.8733836910796404,-0.43183618245714883
256,0.69305419921875,0.30450439453125,-0.63751220703125,-0.14288330078125,0.9900578017218854,0.10716140389841138,-0.05795073748432276,-0.06945474171718227,-0.5043432943797032,-0.31751468109845316,0.7966210610890468,-0.10040283203125,-0.35370852875470316,-0.13856286906877088,0.8161523110890468,-0.4353060004703177,-0.20557947063127088,-0.17456707906563546,0.9020930771843646,-0.3367952582828177,-0.22113037109375,-0.04058837890625,0.873291015625,-0.43206787109375
257,0.69305419921875,0.30450439453125,-0.63751220703125,-0.14288330078125,0.9901570093671613,0.10691338478522158,-0.05745469925794316,-0.06940513789454432,-0.5044921058476171,-0.31766349256636706,0.7964722496211329,-0.10040283203125,-0.35385734022261706,-0.13876128435932272,0.8160034996211329,-0.43535560429295567,-0.20577788592182272,-0.17466628671091136,0.9019938695390887,-0.33684486210545567,-0.22113037109375,-0.04058837890625,0.873291015625,-0.43206787109375
258,0.6932199535561245,0.30458727169993727,-0.637387891278219,-0.14263466927518814,0.9901319012594063,0.10674824284071907,-0.057663116965405506,-0.06947984982493728,-0.5044751629781563,-0.31756367252821904,0.7964891924905937,-0.10065146353731186,-0.3537160816001254,-0.13854531380643814,0.8160618810749373,-0.43548808528428096,-0.20576910829065637,-0.17464117860315637,0.9018946618938127,-0.3370602202654682,-0.22113037109375,-0.04050550173756271,0.8732081384563127,-0.4322750640154682
259,0.69329833984375,0.30462646484375,-0.6373291015625,-0.14251708984375,0.9901423119382317,0.10656942412207358,-0.057620249464360375,-0.06942902121655518,-0.50445556640625,-0.3175048828125,0.7965087890625,-0.10076904296875,-0.3536977098139632,-0.1384577416257316,0.8160110524665551,-0.4356368967521948,-0.20574951171875,-0.17462158203125,0.90185546875,-0.337158203125,-0.22113037109375,-0.04046630859375,0.8731689453125,-0.432373046875
260,0.6933540675951086,0.30455216117527173,-0.6372919497282609,-0.1424613620923913,0.99017333984375,0.10648246433423914,-0.05750838569972826,-0.06941024116847826,-0.5044184145720109,-0.31746773097826086,0.7965645168138586,-0.10078761888586957,-0.35374118970788043,-0.13841446586277173,0.8159365446671195,-0.43572998046875,-0.20573093580163043,-0.1745287024456522,0.9018740446671195,-0.33719535495923914,-0.22113037109375,-0.04039200492527174,0.8731503693953805,-0.43239162279211957
261,0.6934957344795151,0.3043537458847199,-0.63720703125,-0.14234112895850753,0.99017333984375,0.10657452739600752,-0.05767822265625,-0.069580078125,-0.5043192069267349,-0.3173828125,0.7966990391147575,-0.10079435520746238,-0.35369873046875,-0.13824462890625,0.8160004376567725,-0.4357014021347199,-0.2056884765625,-0.17430926166649247,0.9019307930732651,-0.3372516951034699,-0.22113037109375,-0.04022931255225753,0.8731221993232651,-0.43241264828072745
262,0.693594942124791,0.30415533059416805,-0.63720703125,-0.14239073278114547,0.99017333984375,0.10662413121864549,-0.05767822265625,-0.069580078125,-0.504219999281459,-0.3173828125,0.7967486429373954,-0.10054633609427259,-0.35369873046875,-0.13824462890625,0.8161492491246864,-0.43550298684416805,-0.2056884765625,-0.17425965784385453,0.902030000718541,-0.33705327981291805,-0.22113037109375,-0.04027891637489548,0.873221406968541,-0.43226383681281355
263,0.693603515625,0.30413818359375,-0.63720703125,-0.14239501953125,0.99017333984375,0.10653778382368312,-0.05749695436611623,-0.06944412690739968,-0.5041661087087166,-0.3173828125,0.7967529296875,-0.10066085356135032,-0.35356277925114965,-0.13824462890625,0.8161167923024666,-0.4355764739888169,-0.20559784241743312,-0.17434600523881688,0.9019932571462166,-0.3371267669575669,-0.22113037109375,-0.040283203125,0.87322998046875,-0.4322509765625
264,0.6936374013639214,0.303968754899143,-0.6372409169889214,-0.1424289052701714,0.99017333984375,0.10664189061193562,-0.0574001962923286,-0.06949862987301421,-0.5040148476693144,-0.3174505839778428,0.7968207011653428,-0.10067412207357859,-0.3534478535221572,-0.13831240038409282,0.8161688456965928,-0.4355740244173286,-0.20549863477215718,-0.1744113271451714,0.9020114248014214,-0.3370904316471572,-0.2210964853548286,-0.0403170888639214,0.8732638662076714,-0.4321832050846572
265,0.69366455078125,0.3038330078125,-0.63726806640625,-0.1424560546875,0.9901957942490593,0.1066831250653219,-0.05730568365907191,-0.0694004428825251,-0.50390625,-0.3175048828125,0.796875,-0.10064697265625,-0.3533935546875,-0.13836669921875,0.81622314453125,-0.435546875,-0.2054443359375,-0.1744384765625,0.90203857421875,-0.3370361328125,-0.2210693359375,-0.04034423828125,0.873291015625,-0.43212890625
266,0.6936865969246446,0.30376686938231606,-0.6372790894779473,-0.1424450316158027,0.9902233519283027,0.1066114750992893,-0.05720096447794732,-0.06915793530518394,-0.5038952269283027,-0.3175048828125,0.7968860230716973,-0.10065799572794733,-0.3533935546875,-0.13834465307535534,0.8162121214595527,-0.4355578980716973,-0.2054553590091973,-0.1744274534908027,0.90203857421875,-0.3370471558841973,-0.22109138208089466,-0.04034423828125,0.873291015625,-0.4321399293216973
267,0.6937858045699206,0.3034692464464883,-0.6373286933005853,-0.14239542779316472,0.9901737481056647,0.10680989038984114,-0.05725056830058528,-0.0694555582410117,-0.5038456231056647,-0.3175048828125,0.7969356268943353,-0.10070759955058528,-0.3533935546875,-0.13824544543007944,0.8161625176369147,-0.4356075018943353,-0.20550496283183528,-0.17437784966816472,0.90203857421875,-0.3370967597068353,-0.22119058972617056,-0.04034423828125,0.873291015625,-0.4321895331443353
268,0.693983403336643,0.3031224279499373,-0.6373291015625,-0.1422966284098035,0.99017333984375,0.10671313231605352,-0.0572509765625,-0.06935961669105352,-0.5037468237223035,-0.3175048828125,0.7969852307169732,-0.10065881225177675,-0.3533935546875,-0.13819543334552675,0.8162113049357232,-0.43560791015625,-0.20555456665447325,-0.17432824584552675,0.90203857421875,-0.33709716796875,-0.2212897973714465,-0.04024584715980351,0.8732418200642768,-0.43218994140625
269,0.69403076171875,0.30303955078125,-0.6373291015625,-0.14227294921875,0.9902111040708612,0.1065383962165552,-0.05709991965405519,-0.0691848805915552,-0.50372314453125,-0.3175048828125,0.7969970703125,-0.10064697265625,-0.3533935546875,-0.13818359375,0.81622314453125,-0.43560791015625,-0.20556640625,-0.17431640625,0.90203857421875,-0.33709716796875,-0.2213134765625,-0.04022216796875,0.87322998046875,-0.43218994140625
270,0.6941097603992474,0.3029605521007525,-0.6373027686690008,-0.1421939505382525,0.9902080421065008,0.10647164539349917,-0.05711216751149665,-0.06919712844899664,-0.5036441458507526,-0.3174785499190008,0.7970497360994984,-0.10072597133674749,-0.3533145560070025,-0.13813092796300167,0.8162494774247492,-0.4356342430497492,-0.20554007335650085,-0.17429007335650085,0.9020122413252508,-0.3371498337557483,-0.2213134765625,-0.04016950218175168,0.8732036475752508,-0.4322162742997492
271,0.6942287687473871,0.3027968390729515,-0.63726806640625,-0.14203023751045152,0.9901882414036371,0.10646164297658864,-0.05719137032295151,-0.06929123282033864,-0.5035251375026129,-0.3173842414167015,0.7971638453046613,-0.10078537344533864,-0.35322535077863715,-0.1379870156380644,0.8162990812473871,-0.4356242406328386,-0.20550537109375,-0.1741808632943144,0.9020073421822743,-0.33718943516147576,-0.2213134765625,-0.04012990077602424,0.8731689453125,-0.43226587812238715
272,0.69427490234375,0.3026123046875,-0.63726806640625,-0.141845703125,0.990234375,0.1063232421875,-0.0570068359375,-0.06915283203125,-0.5034720634536999,-0.31722052838890047,0.7972953056411999,-0.10066085356135032,-0.3532645439224498,-0.1377736987876254,0.8163417446174749,-0.43549972074885035,-0.2055019008674749,-0.1739710166701505,0.9020926689224499,-0.3371041084213002,-0.2213134765625,-0.04022216796875,0.8731689453125,-0.43231201171875
273,0.69427490234375,0.3026123046875,-0.63726806640625,-0.141845703125,0.990234375,0.1063232421875,-0.0570068359375,-0.06915283203125,-0.503372855808424,-0.31751815132472827,0.797196097995924,-0.10085926885190216,-0.3531653362771739,-0.13802171790081522,0.8162921407948369,-0.43569813603940216,-0.20545229704483695,-0.17426863960597824,0.901993461277174,-0.3372033160665761,-0.2213134765625,-0.04022216796875,0.8731689453125,-0.43231201171875
274,0.694441473204954,0.302404091110995,-0.63726806640625,-0.14159584683319398,0.990234375,0.10628159947219899,-0.057090121368102,-0.06919447474655101,-0.503232005447847,-0.317524275253449,0.797263461211852,-0.10089111328125,-0.353107771347199,-0.138019880722199,0.816242536972199,-0.435771623184051,-0.205402693222199,-0.174358048965301,0.9019775390625,-0.337302523711852,-0.221355119277801,-0.04022216796875,0.873127302597199,-0.432395297149352
275,0.69451904296875,0.30230712890625,-0.63726806640625,-0.1414794921875,0.9902947977633779,0.10611115012280518,-0.05679658105142142,-0.06894196475229934,-0.503173828125,-0.3175048828125,0.79730224609375,-0.10089111328125,-0.35308837890625,-0.13800048828125,0.81622314453125,-0.435791015625,-0.20538330078125,-0.17437744140625,0.9019775390625,-0.33734130859375,-0.22137451171875,-0.04022216796875,0.87310791015625,-0.43243408203125
276,0.6946129432091346,0.30215688852163464,-0.63726806640625,-0.14140437199519232,0.9903376652644231,0.10605093149038461,-0.05651385967548076,-0.06881479116586538,-0.5031550480769231,-0.3175048828125,0.7973210261418269,-0.10085355318509616,-0.3531071589543269,-0.13796292818509615,0.8162419245793269,-0.4357722355769231,-0.20542086087740385,-0.17435866135817307,0.9019587590144231,-0.33734130859375,-0.22143085186298075,-0.04022216796875,0.8730891301081731,-0.4324153019831731
277,0.6948683110367893,0.30175270922606606,-0.6372533689773202,-0.14120595670464048,0.99029541015625,0.10626220703125,-0.05662592757107024,-0.06915283203125,-0.5030760493964256,-0.3174754879546405,0.7974073735367893,-0.10071760196749584,-0.3531420653480351,-0.13782697696749585,0.8163209232598244,-0.43567853946749585,-0.20548332495035537,-0.17425761653428096,0.9019532474785744,-0.33728986759249585,-0.22157966333089463,-0.04020747053982024,0.8730395262855352,-0.4323803955894649
278,0.6951659339726171,0.3013062748223244,-0.6371541613320443,-0.14100754141408864,0.99029541015625,0.10626220703125,-0.05652671992579432,-0.06915283203125,-0.5028280302832357,-0.3172770726640886,0.7977049964726171,-0.10037037520903011,-0.35309246152539714,-0.1374797502090301,0.8165689423730143,-0.43533131270903014,-0.20533451348244147,-0.17386078595317728,0.9022012665917643,-0.33694264083403014,-0.22172847479880853,-0.04010826289454432,0.8729899224628972,-0.43242999941210286
279,0.6951904296875,0.30126953125,-0.63714599609375,-0.1409912109375,0.99029541015625,0.10626220703125,-0.0565185546875,-0.06915283203125,-0.5029441807979724,-0.31739730579797243,0.7975474073735368,-0.1007514877064172,-0.3531794213132316,-0.1375877354854724,0.816361749451296,-0.43562138279943563,-0.2055043504389632,-0.174055731017454,0.901994073670046,-0.33732375333141723,-0.22174072265625,-0.04010009765625,0.87298583984375,-0.43243408203125
280,0.6954290587766513,0.3009286325512124,-0.6370778163539925,-0.14088894132786373,0.99029541015625,0.10622811716137123,-0.05627992559834868,-0.06905056242161371,-0.5028202733068562,-0.31740975778637126,0.7975876211721363,-0.10085702341137123,-0.35317635934887126,-0.13749791786423496,0.8163523594272575,-0.43569589059887126,-0.20553231638012123,-0.17399694130173496,0.9019505937761287,-0.33746337890625,-0.22180890239600753,-0.03996373817673496,0.87298583984375,-0.43239999216137126
281,0.69561767578125,0.3006591796875,-0.63702392578125,-0.14080810546875,0.9903407272287834,0.10604256212113296,-0.05595535737614968,-0.06867516559103264,-0.502685546875,-0.3173828125,0.79766845703125,-0.100830078125,-0.3531494140625,-0.13739013671875,0.81640625,-0.4356689453125,-0.20550537109375,-0.17388916015625,0.9019775390625,-0.33746337890625,-0.22186279296875,-0.03985595703125,0.87298583984375,-0.432373046875
282,0.6956738117945234,0.30054690766095316,-0.63702392578125,-0.14076319665813128,0.9904062532660953,0.10583006179452341,-0.05577000646686873,-0.06828854155779682,-0.5026406380643813,-0.3173940397026547,0.797702138639214,-0.10081885092234531,-0.35312695965719065,-0.13736768231344063,0.8164287044053093,-0.4356577181098453,-0.20548291668844063,-0.17388916015625,0.9019887662651547,-0.3374521517035953,-0.22188524737405937,-0.03984472982859532,0.8729970670464047,-0.4323618196723453
283,0.6959218309077132,0.3000508694345736,-0.63702392578125,-0.14056478136757944,0.9903566494434574,0.1060780809077132,-0.05596842175742056,-0.0687845797841764,-0.5024422227738294,-0.31744364352529264,0.7978509501071279,-0.10076924709970736,-0.3530277520119147,-0.13726847466816472,0.8165279120505853,-0.43560811428720736,-0.20538370904316472,-0.17388916015625,0.9020383700877926,-0.33740254788095736,-0.22198445501933528,-0.03979512600595736,0.8730466708690426,-0.43231221584970736
284,0.6960710506375418,0.2997030302832358,-0.6371227251646112,-0.1402181670019858,0.9904552446958612,0.10593090248745819,-0.05542584167276339,-0.0683914235603052,-0.5022438074832776,-0.3174932473479306,0.7979503618833612,-0.10071964327706939,-0.3529779440583194,-0.1373174660979306,0.8165283203125,-0.43560791015625,-0.20538330078125,-0.17388916015625,0.90203857421875,-0.3373529440583194,-0.22208366266461121,-0.0399431209500418,0.8729974753083194,-0.43231201171875
285,0.69610595703125,0.29962158203125,-0.63714599609375,-0.14013671875,0.9905164839830686,0.10585802773568144,-0.05499410469795151,-0.0678047511888587,-0.502197265625,-0.3175048828125,0.7979736328125,-0.1007080078125,-0.35296630859375,-0.1373291015625,0.8165283203125,-0.43560791015625,-0.20538330078125,-0.17388916015625,0.90203857421875,-0.33734130859375,-0.22210693359375,-0.03997802734375,0.87298583984375,-0.43231201171875
286,0.6961590310801631,0.2994888969089674,-0.6371990701426631,-0.13995095957880435,0.9905130137567935,0.10580842391304347,-0.05486264436141304,-0.06774371603260869,-0.5021707286005435,-0.31747834578804346,0.7980001698369565,-0.10073454483695653,-0.353019382642663,-0.1373025645380435,0.8164752462635869,-0.435660984205163,-0.20546291185461957,-0.17383608610733695,0.9020120371942935,-0.33742091966711957,-0.22216000764266305,-0.03995149031929348,0.8729327657948369,-0.43239162279211957
287,0.696258238725439,0.29924087779577757,-0.6372831720970945,-0.1396339442020276,0.9904936213158445,0.1056983973270276,-0.05490142924331104,-0.06805419921875,-0.50213623046875,-0.3173532135111831,0.7980799850412834,-0.10070862020537208,-0.35311859028793896,-0.13716232657033864,0.816436461381689,-0.43568466339621653,-0.20558151194084448,-0.17366135000783864,0.902007750444189,-0.33749420268081104,-0.22225921528793896,-0.03981125235158863,0.8728788752220945,-0.43244980011496653
288,0.69635009765625,0.29901123046875,-0.6373291015625,-0.139404296875,0.99053955078125,0.10546875,-0.0548095703125,-0.06805419921875,-0.50213623046875,-0.3170960085049122,0.7982067503658027,-0.10054694848714464,-0.3532067748615176,-0.13685551774142976,0.8165172972408027,-0.4355652467861622,-0.20562744140625,-0.1733582155361622,0.9020885863033027,-0.3374170411789298,-0.22235107421875,-0.03950811787991221,0.8729137816158027,-0.4323303835049122
289,0.69635009765625,0.29901123046875,-0.6373291015625,-0.139404296875,0.99053955078125,0.10546875,-0.0548095703125,-0.06805419921875,-0.50213623046875,-0.317344027618102,0.7980579388978888,-0.1008445714229724,-0.3531571710388796,-0.1370539330319816,0.8163684857728888,-0.435813265899352,-0.20562744140625,-0.17360623464935201,0.9019397748353888,-0.3376154564694816,-0.22235107421875,-0.03975613699310201,0.8727649701478888,-0.432578402618102
290,0.6964756381950251,0.2987601493911998,-0.6373291015625,-0.1392787563362249,0.99053955078125,0.10538505630748328,-0.05506065139005016,-0.06817973975752507,-0.5020106899299749,-0.3173828125,0.7980765148150084,-0.10097480697376672,-0.3531494140625,-0.13704311409124165,0.81634521484375,-0.43589389762750835,-0.20562744140625,-0.17360317268499165,0.9018746570599916,-0.3378138717600334,-0.2224347679112667,-0.03971122818248328,0.8726998523724916,-0.4327008811925167
291,0.696533203125,0.29864501953125,-0.6373291015625,-0.13922119140625,0.9905699662938963,0.10510335558632944,-0.05517578125,-0.0680852271242684,-0.501953125,-0.3173828125,0.798095703125,-0.10101318359375,-0.3531494140625,-0.13702392578125,0.81634521484375,-0.4359130859375,-0.20562744140625,-0.173583984375,0.90185546875,-0.337890625,-0.22247314453125,-0.0396728515625,0.8726806640625,-0.4327392578125
292,0.6965901556621028,0.29851213027801005,-0.6373291015625,-0.13918322304818145,0.9905816017584658,0.10493433515363712,-0.05521374960806856,-0.06804603398045568,-0.5019151566419314,-0.3173638283209657,0.7981336714830686,-0.10097521523568144,-0.3531494140625,-0.1370049416022157,0.81634521484375,-0.4358941017584657,-0.20562744140625,-0.17352703183789717,0.9018744529290342,-0.3378526566419314,-0.22251111288931855,-0.03963488320443144,0.8726806640625,-0.4327392578125
293,0.6967314142845945,0.2981951149012333,-0.6373215487170778,-0.13910667393917223,0.9905319979358278,0.10511764475334448,-0.05532806294418896,-0.06829833984375,-0.5018159489966555,-0.31732933018917225,0.7982253262829222,-0.10086845474498328,-0.35315696690792225,-0.1369402320887333,0.8163603205345945,-0.4358293922449833,-0.20561988856082777,-0.17339332606082777,0.9019316095970945,-0.3377458961512333,-0.22259521484375,-0.03954322840457776,0.8726806640625,-0.43272415212165555
294,0.6968306219298704,0.2980463034333194,-0.6372719448944398,-0.1391562777618102,0.9904823941131898,0.1052168523986204,-0.0555264782347408,-0.06829833984375,-0.5017167413513796,-0.3173789340118102,0.7982749301055602,-0.1007196432770694,-0.3532065707305602,-0.1367914206208194,0.8164595281798704,-0.4356805807770694,-0.2055702847381898,-0.1733437222381898,0.9020308172423704,-0.3375970846833194,-0.22259521484375,-0.0394936245819398,0.8726806640625,-0.4326249444763796
295,0.69683837890625,0.29803466796875,-0.63726806640625,-0.13916015625,0.990478515625,0.105224609375,-0.0555419921875,-0.06829833984375,-0.501708984375,-0.31733708716555187,0.7983245339281981,-0.10075373314694816,-0.35321044921875,-0.13677978515625,0.81646728515625,-0.4356689453125,-0.20561213158444816,-0.17329411841555184,0.90203857421875,-0.33758544921875,-0.22259521484375,-0.03948974609375,0.8726806640625,-0.4326171875
296,0.6969069669079222,0.2980689619695861,-0.6371651844037416,-0.13919445025083613,0.990478515625,0.10529319737667224,-0.0555419921875,-0.06833263384458611,-0.5016403963733278,-0.3173560713445861,0.7983741377508361,-0.10073474896791389,-0.35310756721624165,-0.13674549115541387,0.8165015791570861,-0.4356689453125,-0.20552455940374165,-0.17327880859375,0.9020728682195861,-0.3375511552179139,-0.22252662684207777,-0.03948974609375,0.8727492520641722,-0.4325828934991639
297,0.69696044921875,0.298095703125,-0.6370849609375,-0.13922119140625,0.9905013782922241,0.10530095435305184,-0.05547340418582776,-0.068359375,-0.5015869140625,-0.3173828125,0.79840087890625,-0.1007080078125,-0.35302734375,-0.13671875,0.8165283203125,-0.4356689453125,-0.2054443359375,-0.17327880859375,0.902099609375,-0.3375244140625,-0.22247314453125,-0.03948974609375,0.872802734375,-0.43255615234375
298,0.69696044921875,0.2981299971258361,-0.6370849609375,-0.13917546607180184,0.99053955078125,0.1051674527069398,-0.05538174938597408,-0.068359375,-0.501575482728888,-0.31737138116638797,0.79840087890625,-0.10077659581417223,-0.35302734375,-0.13669588733277593,0.8165054576452759,-0.43572610198056017,-0.2054443359375,-0.17327880859375,0.9020653153741639,-0.33759300206417225,-0.22247314453125,-0.03948974609375,0.8727684403741639,-0.43261330901181017
299,0.69696044921875,0.29827880859375,-0.6370849609375,-0.13897705078125,0.99053955078125,0.10491943359375,-0.05548095703125,-0.068359375,-0.50152587890625,-0.31732177734375,0.79840087890625,-0.10107421875,-0.35302734375,-0.1365966796875,0.81640625,-0.43597412109375,-0.2054443359375,-0.17327880859375,0.90191650390625,-0.337890625,-0.22247314453125,-0.03948974609375,0.87261962890625,-0.432861328125
